url,method,req_headers,req_hash,resp_headers,resp_hash,status
http://web/users/login.php,GET,"Cookie:PHPSESSID=ln650u8nlv3q8tu5t28nfj3qn7
Accept:text/html,application/xhtml+xml,application/xml;q=0.9,image/avif,image/webp,image/apng,*/*;q=0.8,application/signed-exchange;v=b3;q=0.9
User-Agent:Mozilla/5.0 (X11; Linux x86_64) AppleWebKit/537.36 (KHTML, like Gecko) Chrome/85.0.4183.102 Safari/537.36
Referer:http://web/pictures/recent.php
Upgrade-Insecure-Requests:1
",cf83e1357eefb8bdf1542850d66d8007d620e4050b5715dc83f4a921d36ce9ce47d0d13c5d85f2b0ff8318d2877eec2f63b931bd47417a81a538327af927da3e,"Keep-Alive:timeout=5, max=30
Server:Apache/2.4.7 (Ubuntu)
Connection:Keep-Alive
Pragma:no-cache
Date:Mon, 11 May 2026 22:55:18 GMT
Cache-Control:no-store, no-cache, must-revalidate, post-check=0, pre-check=0
Content-Encoding:gzip
Vary:Accept-Encoding
Expires:Thu, 19 Nov 1981 08:52:00 GMT
Content-Length:976
X-Powered-By:PHP/5.5.9-1ubuntu4.29
Content-Type:text/html
",60c785f94bbae761be0c293c34f330184c2b51cc88252d85e82782ec631d244ff629c73dbec6e21e469a24f3b39d88251602504b6bd91b48fb59c69063dde477,200
http://web/passcheck.php,GET,"Cookie:PHPSESSID=ln650u8nlv3q8tu5t28nfj3qn7
Accept:text/html,application/xhtml+xml,application/xml;q=0.9,image/avif,image/webp,image/apng,*/*;q=0.8,application/signed-exchange;v=b3;q=0.9
User-Agent:Mozilla/5.0 (X11; Linux x86_64) AppleWebKit/537.36 (KHTML, like Gecko) Chrome/85.0.4183.102 Safari/537.36
Referer:http://web/users/register.php
Upgrade-Insecure-Requests:1
",cf83e1357eefb8bdf1542850d66d8007d620e4050b5715dc83f4a921d36ce9ce47d0d13c5d85f2b0ff8318d2877eec2f63b931bd47417a81a538327af927da3e,"Keep-Alive:timeout=5, max=66
Server:Apache/2.4.7 (Ubuntu)
Connection:Keep-Alive
Pragma:no-cache
Date:Mon, 11 May 2026 22:57:22 GMT
Cache-Control:no-store, no-cache, must-revalidate, post-check=0, pre-check=0
Content-Encoding:gzip
Vary:Accept-Encoding
Expires:Thu, 19 Nov 1981 08:52:00 GMT
Content-Length:928
X-Powered-By:PHP/5.5.9-1ubuntu4.29
Content-Type:text/html
",fe93df41c9ec1cbe921d2b9fcee637260b812129097d0ff885b78fd7a7ed9bc7dfd092904cae9f8668c29e1f9d8b0230ca446657c30a28ef425834dfe545b7d9,200
http://web/,GET,"Cookie:PHPSESSID=ln650u8nlv3q8tu5t28nfj3qn7
Accept:text/html,application/xhtml+xml,application/xml;q=0.9,image/avif,image/webp,image/apng,*/*;q=0.8,application/signed-exchange;v=b3;q=0.9
User-Agent:Mozilla/5.0 (X11; Linux x86_64) AppleWebKit/537.36 (KHTML, like Gecko) Chrome/85.0.4183.102 Safari/537.36
Referer:http://web/calendar.php?date=1778713111
Upgrade-Insecure-Requests:1
",cf83e1357eefb8bdf1542850d66d8007d620e4050b5715dc83f4a921d36ce9ce47d0d13c5d85f2b0ff8318d2877eec2f63b931bd47417a81a538327af927da3e,"Keep-Alive:timeout=5, max=69
Server:Apache/2.4.7 (Ubuntu)
Connection:Keep-Alive
Pragma:no-cache
Date:Mon, 11 May 2026 22:58:33 GMT
Cache-Control:no-store, no-cache, must-revalidate, post-check=0, pre-check=0
Content-Encoding:gzip
Vary:Accept-Encoding
Expires:Thu, 19 Nov 1981 08:52:00 GMT
Content-Length:1284
X-Powered-By:PHP/5.5.9-1ubuntu4.29
Content-Type:text/html
",d39536d1e49b54ed3269bf186b8093590fe1a451d474f6b76f42fa32db9fba4f81d6728483bc819002151f777e3212bf257df8dd20dbfab857430e7c740299c7,200
http://web/,GET,"Cookie:PHPSESSID=ln650u8nlv3q8tu5t28nfj3qn7
Accept:text/html,application/xhtml+xml,application/xml;q=0.9,image/avif,image/webp,image/apng,*/*;q=0.8,application/signed-exchange;v=b3;q=0.9
User-Agent:Mozilla/5.0 (X11; Linux x86_64) AppleWebKit/537.36 (KHTML, like Gecko) Chrome/85.0.4183.102 Safari/537.36
Upgrade-Insecure-Requests:1
",cf83e1357eefb8bdf1542850d66d8007d620e4050b5715dc83f4a921d36ce9ce47d0d13c5d85f2b0ff8318d2877eec2f63b931bd47417a81a538327af927da3e,"Keep-Alive:timeout=5, max=89
Server:Apache/2.4.7 (Ubuntu)
Connection:Keep-Alive
Pragma:no-cache
Date:Mon, 11 May 2026 22:55:48 GMT
Cache-Control:no-store, no-cache, must-revalidate, post-check=0, pre-check=0
Content-Encoding:gzip
Vary:Accept-Encoding
Expires:Thu, 19 Nov 1981 08:52:00 GMT
Content-Length:1283
X-Powered-By:PHP/5.5.9-1ubuntu4.29
Content-Type:text/html
",445c05d30947bf2dd183225d8cf966a41e6f71aefa62d699179a030d26c5f5330d033042a040f6ad45fb875c19d3c4858ac202d5f5849e839df048d5f134e74b,200
http://web/css/blueprint/screen.css,GET,"Cookie:PHPSESSID=ln650u8nlv3q8tu5t28nfj3qn7
Accept:text/css,*/*;q=0.1
User-Agent:Mozilla/5.0 (X11; Linux x86_64) AppleWebKit/537.36 (KHTML, like Gecko) Chrome/85.0.4183.102 Safari/537.36
Referer:http://web/
",cf83e1357eefb8bdf1542850d66d8007d620e4050b5715dc83f4a921d36ce9ce47d0d13c5d85f2b0ff8318d2877eec2f63b931bd47417a81a538327af927da3e,"Server:Apache/2.4.7 (Ubuntu)
Last-Modified:Thu, 02 Feb 2017 22:24:09 GMT
Date:Mon, 11 May 2026 22:54:16 GMT
Accept-Ranges:bytes
ETag:""24c7-547939fb8b440-gzip""
Content-Encoding:gzip
Vary:Accept-Encoding
Content-Length:2682
Content-Type:text/css
",c0995dbb8c323ef465d8cc5d7b640b1a5435beb529b0c6e55594b1c0f3db66e859d23f70cfe8d93285234e722d677fca7c8887bee81a636881b2f91f221f976e,200
http://web/,GET,"Cookie:PHPSESSID=ln650u8nlv3q8tu5t28nfj3qn7
Accept:text/html,application/xhtml+xml,application/xml;q=0.9,image/avif,image/webp,image/apng,*/*;q=0.8,application/signed-exchange;v=b3;q=0.9
User-Agent:Mozilla/5.0 (X11; Linux x86_64) AppleWebKit/537.36 (KHTML, like Gecko) Chrome/85.0.4183.102 Safari/537.36
Upgrade-Insecure-Requests:1
",cf83e1357eefb8bdf1542850d66d8007d620e4050b5715dc83f4a921d36ce9ce47d0d13c5d85f2b0ff8318d2877eec2f63b931bd47417a81a538327af927da3e,"Keep-Alive:timeout=5, max=51
Server:Apache/2.4.7 (Ubuntu)
Connection:Keep-Alive
Pragma:no-cache
Date:Mon, 11 May 2026 22:58:45 GMT
Cache-Control:no-store, no-cache, must-revalidate, post-check=0, pre-check=0
Content-Encoding:gzip
Vary:Accept-Encoding
Expires:Thu, 19 Nov 1981 08:52:00 GMT
Content-Length:1284
X-Powered-By:PHP/5.5.9-1ubuntu4.29
Content-Type:text/html
",35b329977a0fffd108a11753e8dac734fd71bc6d4024d2ceab043158dc7a8c61c717a6ecabcd37ce9d9008ed7c9f09eee54caaa1a68668148cfa9cb737ea4515,200
http://web/calendar.php?date=1778799526,GET,"Cookie:PHPSESSID=ln650u8nlv3q8tu5t28nfj3qn7
Accept:text/html,application/xhtml+xml,application/xml;q=0.9,image/avif,image/webp,image/apng,*/*;q=0.8,application/signed-exchange;v=b3;q=0.9
User-Agent:Mozilla/5.0 (X11; Linux x86_64) AppleWebKit/537.36 (KHTML, like Gecko) Chrome/85.0.4183.102 Safari/537.36
Referer:http://web/calendar.php?date=1778713126
Upgrade-Insecure-Requests:1
",cf83e1357eefb8bdf1542850d66d8007d620e4050b5715dc83f4a921d36ce9ce47d0d13c5d85f2b0ff8318d2877eec2f63b931bd47417a81a538327af927da3e,"Keep-Alive:timeout=5, max=47
Server:Apache/2.4.7 (Ubuntu)
Connection:Keep-Alive
Pragma:no-cache
Date:Mon, 11 May 2026 22:58:47 GMT
Cache-Control:no-store, no-cache, must-revalidate, post-check=0, pre-check=0
Content-Encoding:gzip
Vary:Accept-Encoding
Expires:Thu, 19 Nov 1981 08:52:00 GMT
Content-Length:945
X-Powered-By:PHP/5.5.9-1ubuntu4.29
Content-Type:text/html
",b87cd65762f2afc27cb0b1a6bb0ece70054155682b21a75bc9fe0bba0f8f0a179d275b1b2f1d77b18bd6fd2837f1a866d761f22adfac0f6b86316d186d027912,200
http://web/css/blueprint/screen.css,GET,"Cookie:PHPSESSID=ln650u8nlv3q8tu5t28nfj3qn7
Accept:text/css,*/*;q=0.1
User-Agent:Mozilla/5.0 (X11; Linux x86_64) AppleWebKit/537.36 (KHTML, like Gecko) Chrome/85.0.4183.102 Safari/537.36
Referer:http://web/calendar.php
",cf83e1357eefb8bdf1542850d66d8007d620e4050b5715dc83f4a921d36ce9ce47d0d13c5d85f2b0ff8318d2877eec2f63b931bd47417a81a538327af927da3e,"Server:Apache/2.4.7 (Ubuntu)
Last-Modified:Thu, 02 Feb 2017 22:24:09 GMT
Date:Mon, 11 May 2026 22:54:16 GMT
Accept-Ranges:bytes
ETag:""24c7-547939fb8b440-gzip""
Content-Encoding:gzip
Vary:Accept-Encoding
Content-Length:2682
Content-Type:text/css
",c0995dbb8c323ef465d8cc5d7b640b1a5435beb529b0c6e55594b1c0f3db66e859d23f70cfe8d93285234e722d677fca7c8887bee81a636881b2f91f221f976e,200
http://web/,GET,"Cookie:PHPSESSID=ln650u8nlv3q8tu5t28nfj3qn7
Accept:text/html,application/xhtml+xml,application/xml;q=0.9,image/avif,image/webp,image/apng,*/*;q=0.8,application/signed-exchange;v=b3;q=0.9
User-Agent:Mozilla/5.0 (X11; Linux x86_64) AppleWebKit/537.36 (KHTML, like Gecko) Chrome/85.0.4183.102 Safari/537.36
Upgrade-Insecure-Requests:1
",cf83e1357eefb8bdf1542850d66d8007d620e4050b5715dc83f4a921d36ce9ce47d0d13c5d85f2b0ff8318d2877eec2f63b931bd47417a81a538327af927da3e,"Keep-Alive:timeout=5, max=75
Server:Apache/2.4.7 (Ubuntu)
Connection:Keep-Alive
Pragma:no-cache
Date:Mon, 11 May 2026 22:55:59 GMT
Cache-Control:no-store, no-cache, must-revalidate, post-check=0, pre-check=0
Content-Encoding:gzip
Vary:Accept-Encoding
Expires:Thu, 19 Nov 1981 08:52:00 GMT
Content-Length:1284
X-Powered-By:PHP/5.5.9-1ubuntu4.29
Content-Type:text/html
",22f2967549938bef3ec345fe38c1f8c3718939eebefda47679394ba03738f05dd428e2b188def59cc152eb4920f4f51df75f092de94f353f8b0375b78ab3e9e9,200
http://web/,GET,"Cookie:PHPSESSID=ln650u8nlv3q8tu5t28nfj3qn7
Accept:text/html,application/xhtml+xml,application/xml;q=0.9,image/avif,image/webp,image/apng,*/*;q=0.8,application/signed-exchange;v=b3;q=0.9
User-Agent:Mozilla/5.0 (X11; Linux x86_64) AppleWebKit/537.36 (KHTML, like Gecko) Chrome/85.0.4183.102 Safari/537.36
Referer:http://web/calendar.php
Upgrade-Insecure-Requests:1
",cf83e1357eefb8bdf1542850d66d8007d620e4050b5715dc83f4a921d36ce9ce47d0d13c5d85f2b0ff8318d2877eec2f63b931bd47417a81a538327af927da3e,"Keep-Alive:timeout=5, max=73
Server:Apache/2.4.7 (Ubuntu)
Connection:Keep-Alive
Pragma:no-cache
Date:Mon, 11 May 2026 22:54:49 GMT
Cache-Control:no-store, no-cache, must-revalidate, post-check=0, pre-check=0
Content-Encoding:gzip
Vary:Accept-Encoding
Expires:Thu, 19 Nov 1981 08:52:00 GMT
Content-Length:1283
X-Powered-By:PHP/5.5.9-1ubuntu4.29
Content-Type:text/html
",2590082cb2a9f0926c2b0665358b1d9dafc9da0d425d3e3f438126d8cdf63a5b7433517494f2496e1fc831610de35aac51f796e3dd8aada07a92eda3b87e624e,200
http://web/users/sample.php?userid=1,GET,"Cookie:PHPSESSID=ln650u8nlv3q8tu5t28nfj3qn7
Accept:text/html,application/xhtml+xml,application/xml;q=0.9,image/avif,image/webp,image/apng,*/*;q=0.8,application/signed-exchange;v=b3;q=0.9
User-Agent:Mozilla/5.0 (X11; Linux x86_64) AppleWebKit/537.36 (KHTML, like Gecko) Chrome/85.0.4183.102 Safari/537.36
Referer:http://web/
Upgrade-Insecure-Requests:1
",cf83e1357eefb8bdf1542850d66d8007d620e4050b5715dc83f4a921d36ce9ce47d0d13c5d85f2b0ff8318d2877eec2f63b931bd47417a81a538327af927da3e,"Keep-Alive:timeout=5, max=40
Server:Apache/2.4.7 (Ubuntu)
Connection:Keep-Alive
Pragma:no-cache
Date:Mon, 11 May 2026 22:56:27 GMT
Cache-Control:no-store, no-cache, must-revalidate, post-check=0, pre-check=0
Content-Encoding:gzip
Vary:Accept-Encoding
Expires:Thu, 19 Nov 1981 08:52:00 GMT
Content-Length:982
X-Powered-By:PHP/5.5.9-1ubuntu4.29
Content-Type:text/html
",dc6812f4d88fcb4ada46a68becdff9b67603bdbd1f3a7fce8f180508b9afde909e444c9016aada8bd013ca617478b6168d22f3b44f59384f1d9f5e95b06a4463,200
http://web/users/login.php,GET,"Cookie:PHPSESSID=ln650u8nlv3q8tu5t28nfj3qn7
Accept:text/html,application/xhtml+xml,application/xml;q=0.9,image/avif,image/webp,image/apng,*/*;q=0.8,application/signed-exchange;v=b3;q=0.9
User-Agent:Mozilla/5.0 (X11; Linux x86_64) AppleWebKit/537.36 (KHTML, like Gecko) Chrome/85.0.4183.102 Safari/537.36
Referer:http://web/users/sample.php?userid=1
Upgrade-Insecure-Requests:1
",cf83e1357eefb8bdf1542850d66d8007d620e4050b5715dc83f4a921d36ce9ce47d0d13c5d85f2b0ff8318d2877eec2f63b931bd47417a81a538327af927da3e,"Keep-Alive:timeout=5, max=33
Server:Apache/2.4.7 (Ubuntu)
Connection:Keep-Alive
Pragma:no-cache
Date:Mon, 11 May 2026 22:56:32 GMT
Cache-Control:no-store, no-cache, must-revalidate, post-check=0, pre-check=0
Content-Encoding:gzip
Vary:Accept-Encoding
Expires:Thu, 19 Nov 1981 08:52:00 GMT
Content-Length:975
X-Powered-By:PHP/5.5.9-1ubuntu4.29
Content-Type:text/html
",cc701292f417eada35636c7cddf24dc6b4958d83d5ebc4f3e8dbec328c12ae46d0c361911f0c5f0ff535eac119e1f9347f386d22cd3c9687c5407c746a087804,200
http://web/calendar.php?date=1778713075,GET,"Cookie:PHPSESSID=ln650u8nlv3q8tu5t28nfj3qn7
Accept:text/html,application/xhtml+xml,application/xml;q=0.9,image/avif,image/webp,image/apng,*/*;q=0.8,application/signed-exchange;v=b3;q=0.9
User-Agent:Mozilla/5.0 (X11; Linux x86_64) AppleWebKit/537.36 (KHTML, like Gecko) Chrome/85.0.4183.102 Safari/537.36
Referer:http://web/calendar.php?date=1778626675
Upgrade-Insecure-Requests:1
",cf83e1357eefb8bdf1542850d66d8007d620e4050b5715dc83f4a921d36ce9ce47d0d13c5d85f2b0ff8318d2877eec2f63b931bd47417a81a538327af927da3e,"Keep-Alive:timeout=5, max=19
Server:Apache/2.4.7 (Ubuntu)
Connection:Keep-Alive
Pragma:no-cache
Date:Mon, 11 May 2026 22:57:57 GMT
Cache-Control:no-store, no-cache, must-revalidate, post-check=0, pre-check=0
Content-Encoding:gzip
Vary:Accept-Encoding
Expires:Thu, 19 Nov 1981 08:52:00 GMT
Content-Length:946
X-Powered-By:PHP/5.5.9-1ubuntu4.29
Content-Type:text/html
",4c8f2a113c89da76111bb1afa8f13ab063fd113f27f2b323088a76d0734c2a703c9b2782ba72fb01cae76252fe4990821b5d8f3ae07386647d0ccd687c345532,200
http://web/,GET,"Cookie:PHPSESSID=ln650u8nlv3q8tu5t28nfj3qn7
Accept:text/html,application/xhtml+xml,application/xml;q=0.9,image/avif,image/webp,image/apng,*/*;q=0.8,application/signed-exchange;v=b3;q=0.9
User-Agent:Mozilla/5.0 (X11; Linux x86_64) AppleWebKit/537.36 (KHTML, like Gecko) Chrome/85.0.4183.102 Safari/537.36
Referer:http://web/calendar.php?date=1778626616
Upgrade-Insecure-Requests:1
",cf83e1357eefb8bdf1542850d66d8007d620e4050b5715dc83f4a921d36ce9ce47d0d13c5d85f2b0ff8318d2877eec2f63b931bd47417a81a538327af927da3e,"Keep-Alive:timeout=5, max=99
Server:Apache/2.4.7 (Ubuntu)
Connection:Keep-Alive
Pragma:no-cache
Date:Mon, 11 May 2026 22:56:58 GMT
Cache-Control:no-store, no-cache, must-revalidate, post-check=0, pre-check=0
Content-Encoding:gzip
Vary:Accept-Encoding
Expires:Thu, 19 Nov 1981 08:52:00 GMT
Content-Length:1283
X-Powered-By:PHP/5.5.9-1ubuntu4.29
Content-Type:text/html
",5fe2ec8d16fddca69eb612dcf271d317ac69b5cf69e6cd2b24df04d71a0ed973b9b9b1529124e9bab3edb30e4c1f647f9243af413ce0d1d5029f4d48410f0e95,200
http://web/users/home.php,GET,"Cookie:PHPSESSID=ln650u8nlv3q8tu5t28nfj3qn7
Accept:text/html,application/xhtml+xml,application/xml;q=0.9,image/avif,image/webp,image/apng,*/*;q=0.8,application/signed-exchange;v=b3;q=0.9
User-Agent:Mozilla/5.0 (X11; Linux x86_64) AppleWebKit/537.36 (KHTML, like Gecko) Chrome/85.0.4183.102 Safari/537.36
Referer:http://web/
Upgrade-Insecure-Requests:1
",cf83e1357eefb8bdf1542850d66d8007d620e4050b5715dc83f4a921d36ce9ce47d0d13c5d85f2b0ff8318d2877eec2f63b931bd47417a81a538327af927da3e,"Keep-Alive:timeout=5, max=95
Server:Apache/2.4.7 (Ubuntu)
Connection:Keep-Alive
Pragma:no-cache
Date:Mon, 11 May 2026 22:54:22 GMT
Cache-Control:no-store, no-cache, must-revalidate, post-check=0, pre-check=0
Expires:Thu, 19 Nov 1981 08:52:00 GMT
Content-Length:41
X-Powered-By:PHP/5.5.9-1ubuntu4.29
Location:/users/login.php
Content-Type:text/html
",cf83e1357eefb8bdf1542850d66d8007d620e4050b5715dc83f4a921d36ce9ce47d0d13c5d85f2b0ff8318d2877eec2f63b931bd47417a81a538327af927da3e,303
http://web/,GET,"Cookie:PHPSESSID=ln650u8nlv3q8tu5t28nfj3qn7
Accept:text/html,application/xhtml+xml,application/xml;q=0.9,image/avif,image/webp,image/apng,*/*;q=0.8,application/signed-exchange;v=b3;q=0.9
User-Agent:Mozilla/5.0 (X11; Linux x86_64) AppleWebKit/537.36 (KHTML, like Gecko) Chrome/85.0.4183.102 Safari/537.36
Upgrade-Insecure-Requests:1
",cf83e1357eefb8bdf1542850d66d8007d620e4050b5715dc83f4a921d36ce9ce47d0d13c5d85f2b0ff8318d2877eec2f63b931bd47417a81a538327af927da3e,"Keep-Alive:timeout=5, max=13
Server:Apache/2.4.7 (Ubuntu)
Connection:Keep-Alive
Pragma:no-cache
Date:Mon, 11 May 2026 22:58:01 GMT
Cache-Control:no-store, no-cache, must-revalidate, post-check=0, pre-check=0
Content-Encoding:gzip
Vary:Accept-Encoding
Expires:Thu, 19 Nov 1981 08:52:00 GMT
Content-Length:1283
X-Powered-By:PHP/5.5.9-1ubuntu4.29
Content-Type:text/html
",495c9b8ab227a583fdb45ac3715a410c30f1baba0e6a6bd76a5de16f9ee659a113771c93b03bf9ce8658aa7cb2d59c290611b4f06e0f3c2b3e8337589fcefcc5,200
http://web/pictures/view.php?picid=13,GET,"Cookie:PHPSESSID=ln650u8nlv3q8tu5t28nfj3qn7
Accept:text/html,application/xhtml+xml,application/xml;q=0.9,image/avif,image/webp,image/apng,*/*;q=0.8,application/signed-exchange;v=b3;q=0.9
User-Agent:Mozilla/5.0 (X11; Linux x86_64) AppleWebKit/537.36 (KHTML, like Gecko) Chrome/85.0.4183.102 Safari/537.36
Referer:http://web/pictures/recent.php
Upgrade-Insecure-Requests:1
",cf83e1357eefb8bdf1542850d66d8007d620e4050b5715dc83f4a921d36ce9ce47d0d13c5d85f2b0ff8318d2877eec2f63b931bd47417a81a538327af927da3e,"Keep-Alive:timeout=5, max=35
Server:Apache/2.4.7 (Ubuntu)
Connection:Keep-Alive
Pragma:no-cache
Date:Mon, 11 May 2026 22:55:16 GMT
Cache-Control:no-store, no-cache, must-revalidate, post-check=0, pre-check=0
Expires:Thu, 19 Nov 1981 08:52:00 GMT
Content-Length:41
X-Powered-By:PHP/5.5.9-1ubuntu4.29
Location:/users/login.php
Content-Type:text/html
",cf83e1357eefb8bdf1542850d66d8007d620e4050b5715dc83f4a921d36ce9ce47d0d13c5d85f2b0ff8318d2877eec2f63b931bd47417a81a538327af927da3e,303
http://web/calendar.php?date=1778626666,GET,"Cookie:PHPSESSID=ln650u8nlv3q8tu5t28nfj3qn7
Accept:text/html,application/xhtml+xml,application/xml;q=0.9,image/avif,image/webp,image/apng,*/*;q=0.8,application/signed-exchange;v=b3;q=0.9
User-Agent:Mozilla/5.0 (X11; Linux x86_64) AppleWebKit/537.36 (KHTML, like Gecko) Chrome/85.0.4183.102 Safari/537.36
Referer:http://web/calendar.php
Upgrade-Insecure-Requests:1
",cf83e1357eefb8bdf1542850d66d8007d620e4050b5715dc83f4a921d36ce9ce47d0d13c5d85f2b0ff8318d2877eec2f63b931bd47417a81a538327af927da3e,"Keep-Alive:timeout=5, max=32
Server:Apache/2.4.7 (Ubuntu)
Connection:Keep-Alive
Pragma:no-cache
Date:Mon, 11 May 2026 22:57:47 GMT
Cache-Control:no-store, no-cache, must-revalidate, post-check=0, pre-check=0
Content-Encoding:gzip
Vary:Accept-Encoding
Expires:Thu, 19 Nov 1981 08:52:00 GMT
Content-Length:943
X-Powered-By:PHP/5.5.9-1ubuntu4.29
Content-Type:text/html
",6357a29f0ef2fc4ff59eef406d300111d3f68bacc699b54faf849f1072e6f5e1aa37b753e1151315cc61329e8c04176e70cc707ee7eb04000cab4448e32b6538,200
http://web/,GET,"Cookie:PHPSESSID=ln650u8nlv3q8tu5t28nfj3qn7
Accept:text/html,application/xhtml+xml,application/xml;q=0.9,image/avif,image/webp,image/apng,*/*;q=0.8,application/signed-exchange;v=b3;q=0.9
User-Agent:Mozilla/5.0 (X11; Linux x86_64) AppleWebKit/537.36 (KHTML, like Gecko) Chrome/85.0.4183.102 Safari/537.36
Upgrade-Insecure-Requests:1
",cf83e1357eefb8bdf1542850d66d8007d620e4050b5715dc83f4a921d36ce9ce47d0d13c5d85f2b0ff8318d2877eec2f63b931bd47417a81a538327af927da3e,"Keep-Alive:timeout=5, max=10
Server:Apache/2.4.7 (Ubuntu)
Connection:Keep-Alive
Pragma:no-cache
Date:Mon, 11 May 2026 22:56:48 GMT
Cache-Control:no-store, no-cache, must-revalidate, post-check=0, pre-check=0
Content-Encoding:gzip
Vary:Accept-Encoding
Expires:Thu, 19 Nov 1981 08:52:00 GMT
Content-Length:1283
X-Powered-By:PHP/5.5.9-1ubuntu4.29
Content-Type:text/html
",68a3e6c37c4b114cb19d908416a5e35f90b72aa6b9b07d05b5159fe9fd54a9bc63dfbc19863687f2fa846c02ccdc73b3d38d95cdd695a36942855ef191ce7d1f,200
http://web/calendar.php,GET,"Cookie:PHPSESSID=ln650u8nlv3q8tu5t28nfj3qn7
Accept:text/html,application/xhtml+xml,application/xml;q=0.9,image/avif,image/webp,image/apng,*/*;q=0.8,application/signed-exchange;v=b3;q=0.9
User-Agent:Mozilla/5.0 (X11; Linux x86_64) AppleWebKit/537.36 (KHTML, like Gecko) Chrome/85.0.4183.102 Safari/537.36
Referer:http://web/
Upgrade-Insecure-Requests:1
",cf83e1357eefb8bdf1542850d66d8007d620e4050b5715dc83f4a921d36ce9ce47d0d13c5d85f2b0ff8318d2877eec2f63b931bd47417a81a538327af927da3e,"Keep-Alive:timeout=5, max=38
Server:Apache/2.4.7 (Ubuntu)
Connection:Keep-Alive
Pragma:no-cache
Date:Mon, 11 May 2026 22:57:43 GMT
Cache-Control:no-store, no-cache, must-revalidate, post-check=0, pre-check=0
Content-Encoding:gzip
Vary:Accept-Encoding
Expires:Thu, 19 Nov 1981 08:52:00 GMT
Content-Length:942
X-Powered-By:PHP/5.5.9-1ubuntu4.29
Content-Type:text/html
",9e6f1dadec9f472c2a1fa0c41c72f2dcb7e04c573ba64c172060b8fa3430fcb19fb7d76129f90a9a7f8c614487d5128def2d8797a747796131ed8c759433458b,200
http://web/tos.php,GET,"Cookie:PHPSESSID=ln650u8nlv3q8tu5t28nfj3qn7
Accept:text/html,application/xhtml+xml,application/xml;q=0.9,image/avif,image/webp,image/apng,*/*;q=0.8,application/signed-exchange;v=b3;q=0.9
User-Agent:Mozilla/5.0 (X11; Linux x86_64) AppleWebKit/537.36 (KHTML, like Gecko) Chrome/85.0.4183.102 Safari/537.36
Referer:http://web/users/register.php
Upgrade-Insecure-Requests:1
",cf83e1357eefb8bdf1542850d66d8007d620e4050b5715dc83f4a921d36ce9ce47d0d13c5d85f2b0ff8318d2877eec2f63b931bd47417a81a538327af927da3e,"Keep-Alive:timeout=5, max=54
Server:Apache/2.4.7 (Ubuntu)
Connection:Keep-Alive
Pragma:no-cache
Date:Mon, 11 May 2026 22:56:17 GMT
Cache-Control:no-store, no-cache, must-revalidate, post-check=0, pre-check=0
Content-Encoding:gzip
Vary:Accept-Encoding
Expires:Thu, 19 Nov 1981 08:52:00 GMT
Content-Length:10228
X-Powered-By:PHP/5.5.9-1ubuntu4.29
Content-Type:text/html
",6af09268a4fdff9b162176ed3585b2102a1e6fda67e93b5f7726103a8c89e70ab20c4bfe2e7720bda32285cbeea23c014c4b9bb2babafc2ce2c6fd7291f69845,200
http://web/calendar.php?date=1778626679,GET,"Cookie:PHPSESSID=ln650u8nlv3q8tu5t28nfj3qn7
Accept:text/html,application/xhtml+xml,application/xml;q=0.9,image/avif,image/webp,image/apng,*/*;q=0.8,application/signed-exchange;v=b3;q=0.9
User-Agent:Mozilla/5.0 (X11; Linux x86_64) AppleWebKit/537.36 (KHTML, like Gecko) Chrome/85.0.4183.102 Safari/537.36
Referer:http://web/calendar.php
Upgrade-Insecure-Requests:1
",cf83e1357eefb8bdf1542850d66d8007d620e4050b5715dc83f4a921d36ce9ce47d0d13c5d85f2b0ff8318d2877eec2f63b931bd47417a81a538327af927da3e,"Keep-Alive:timeout=5, max=15
Server:Apache/2.4.7 (Ubuntu)
Connection:Keep-Alive
Pragma:no-cache
Date:Mon, 11 May 2026 22:58:00 GMT
Cache-Control:no-store, no-cache, must-revalidate, post-check=0, pre-check=0
Content-Encoding:gzip
Vary:Accept-Encoding
Expires:Thu, 19 Nov 1981 08:52:00 GMT
Content-Length:944
X-Powered-By:PHP/5.5.9-1ubuntu4.29
Content-Type:text/html
",898d0e48dd97c4bd1a014eda2b4aec6d87091f46c38802a1fc243802f67467297bb1b0ded62d6ada2f5189aa6873886fdf22c24005445f80e2ef4baba047fc38,200
http://web/,GET,"Cookie:PHPSESSID=ln650u8nlv3q8tu5t28nfj3qn7
Accept:text/html,application/xhtml+xml,application/xml;q=0.9,image/avif,image/webp,image/apng,*/*;q=0.8,application/signed-exchange;v=b3;q=0.9
User-Agent:Mozilla/5.0 (X11; Linux x86_64) AppleWebKit/537.36 (KHTML, like Gecko) Chrome/85.0.4183.102 Safari/537.36
Referer:http://web/pictures/recent.php
Upgrade-Insecure-Requests:1
",cf83e1357eefb8bdf1542850d66d8007d620e4050b5715dc83f4a921d36ce9ce47d0d13c5d85f2b0ff8318d2877eec2f63b931bd47417a81a538327af927da3e,"Keep-Alive:timeout=5, max=97
Server:Apache/2.4.7 (Ubuntu)
Connection:Keep-Alive
Pragma:no-cache
Date:Mon, 11 May 2026 22:54:29 GMT
Cache-Control:no-store, no-cache, must-revalidate, post-check=0, pre-check=0
Content-Encoding:gzip
Vary:Accept-Encoding
Expires:Thu, 19 Nov 1981 08:52:00 GMT
Content-Length:1283
X-Powered-By:PHP/5.5.9-1ubuntu4.29
Content-Type:text/html
",17add72f291d69f2168118989b73e8470dbdf048fc560cfd88e625aa8f3ec432d50f77b573535c852d0d54cbb2d2e48f948930c23bf4811acca4ec0cb601928e,200
http://web/guestbook.php,GET,"Cookie:PHPSESSID=ln650u8nlv3q8tu5t28nfj3qn7
Accept:text/html,application/xhtml+xml,application/xml;q=0.9,image/avif,image/webp,image/apng,*/*;q=0.8,application/signed-exchange;v=b3;q=0.9
User-Agent:Mozilla/5.0 (X11; Linux x86_64) AppleWebKit/537.36 (KHTML, like Gecko) Chrome/85.0.4183.102 Safari/537.36
Referer:http://web/calendar.php?date=1778626669
Upgrade-Insecure-Requests:1
",cf83e1357eefb8bdf1542850d66d8007d620e4050b5715dc83f4a921d36ce9ce47d0d13c5d85f2b0ff8318d2877eec2f63b931bd47417a81a538327af927da3e,"Keep-Alive:timeout=5, max=27
Server:Apache/2.4.7 (Ubuntu)
Connection:Keep-Alive
Pragma:no-cache
Date:Mon, 11 May 2026 22:57:51 GMT
Cache-Control:no-store, no-cache, must-revalidate, post-check=0, pre-check=0
Content-Encoding:gzip
Vary:Accept-Encoding
Expires:Thu, 19 Nov 1981 08:52:00 GMT
Content-Length:996
X-Powered-By:PHP/5.5.9-1ubuntu4.29
Content-Type:text/html
",f1020eb8b4071be75bdb00cd425b36eae99287e57b7fef0d55a5808bfedc41d4f1ce5d9b05bd5723df3875b255e62668469a23e8a5ae3420e616584cc8ab9f65,200
http://web/users/register.php,GET,"Cookie:PHPSESSID=ln650u8nlv3q8tu5t28nfj3qn7
Accept:text/html,application/xhtml+xml,application/xml;q=0.9,image/avif,image/webp,image/apng,*/*;q=0.8,application/signed-exchange;v=b3;q=0.9
User-Agent:Mozilla/5.0 (X11; Linux x86_64) AppleWebKit/537.36 (KHTML, like Gecko) Chrome/85.0.4183.102 Safari/537.36
Referer:http://web/
Upgrade-Insecure-Requests:1
",cf83e1357eefb8bdf1542850d66d8007d620e4050b5715dc83f4a921d36ce9ce47d0d13c5d85f2b0ff8318d2877eec2f63b931bd47417a81a538327af927da3e,"Keep-Alive:timeout=5, max=78
Server:Apache/2.4.7 (Ubuntu)
Connection:Keep-Alive
Pragma:no-cache
Date:Mon, 11 May 2026 22:55:57 GMT
Cache-Control:no-store, no-cache, must-revalidate, post-check=0, pre-check=0
Content-Encoding:gzip
Vary:Accept-Encoding
Expires:Thu, 19 Nov 1981 08:52:00 GMT
Content-Length:1100
X-Powered-By:PHP/5.5.9-1ubuntu4.29
Content-Type:text/html
",e07c8a9e692ef2b52548afc9bb145469c5cec95d7af9ec5bf50c8c604abfb4a1bf29a4823f451a443b0be7b24d24ede699d22f15d9681d7c395a3e7784fd4969,200
http://web/users/register.php,GET,"Cookie:PHPSESSID=ln650u8nlv3q8tu5t28nfj3qn7
Accept:text/html,application/xhtml+xml,application/xml;q=0.9,image/avif,image/webp,image/apng,*/*;q=0.8,application/signed-exchange;v=b3;q=0.9
User-Agent:Mozilla/5.0 (X11; Linux x86_64) AppleWebKit/537.36 (KHTML, like Gecko) Chrome/85.0.4183.102 Safari/537.36
Referer:http://web/
Upgrade-Insecure-Requests:1
",cf83e1357eefb8bdf1542850d66d8007d620e4050b5715dc83f4a921d36ce9ce47d0d13c5d85f2b0ff8318d2877eec2f63b931bd47417a81a538327af927da3e,"Keep-Alive:timeout=5, max=61
Server:Apache/2.4.7 (Ubuntu)
Connection:Keep-Alive
Pragma:no-cache
Date:Mon, 11 May 2026 22:56:11 GMT
Cache-Control:no-store, no-cache, must-revalidate, post-check=0, pre-check=0
Content-Encoding:gzip
Vary:Accept-Encoding
Expires:Thu, 19 Nov 1981 08:52:00 GMT
Content-Length:1100
X-Powered-By:PHP/5.5.9-1ubuntu4.29
Content-Type:text/html
",983143bd1d01fab9662eec340b2e8e6f5374ddeff2c247ceb980a395aeda4c317a94ceb96ac1ba386b6d176f7331a0ee98f94f4777352e9d1e66838c989f1351,200
http://web/,GET,"Cookie:PHPSESSID=ln650u8nlv3q8tu5t28nfj3qn7
Accept:text/html,application/xhtml+xml,application/xml;q=0.9,image/avif,image/webp,image/apng,*/*;q=0.8,application/signed-exchange;v=b3;q=0.9
User-Agent:Mozilla/5.0 (X11; Linux x86_64) AppleWebKit/537.36 (KHTML, like Gecko) Chrome/85.0.4183.102 Safari/537.36
Upgrade-Insecure-Requests:1
",cf83e1357eefb8bdf1542850d66d8007d620e4050b5715dc83f4a921d36ce9ce47d0d13c5d85f2b0ff8318d2877eec2f63b931bd47417a81a538327af927da3e,"Keep-Alive:timeout=5, max=44
Server:Apache/2.4.7 (Ubuntu)
Connection:Keep-Alive
Pragma:no-cache
Date:Mon, 11 May 2026 22:58:49 GMT
Cache-Control:no-store, no-cache, must-revalidate, post-check=0, pre-check=0
Content-Encoding:gzip
Vary:Accept-Encoding
Expires:Thu, 19 Nov 1981 08:52:00 GMT
Content-Length:1284
X-Powered-By:PHP/5.5.9-1ubuntu4.29
Content-Type:text/html
",c3c682167eba69c957f217c9fe8a4c2225c9514295ecab6db39646870047648ae7b1c24f574984512ca35dc569c9e63443107dd058ec949a845c14f3d27c1517,200
http://web/calendar.php?date=1778626718,GET,"Cookie:PHPSESSID=ln650u8nlv3q8tu5t28nfj3qn7
Accept:text/html,application/xhtml+xml,application/xml;q=0.9,image/avif,image/webp,image/apng,*/*;q=0.8,application/signed-exchange;v=b3;q=0.9
User-Agent:Mozilla/5.0 (X11; Linux x86_64) AppleWebKit/537.36 (KHTML, like Gecko) Chrome/85.0.4183.102 Safari/537.36
Referer:http://web/calendar.php
Upgrade-Insecure-Requests:1
",cf83e1357eefb8bdf1542850d66d8007d620e4050b5715dc83f4a921d36ce9ce47d0d13c5d85f2b0ff8318d2877eec2f63b931bd47417a81a538327af927da3e,"Keep-Alive:timeout=5, max=61
Server:Apache/2.4.7 (Ubuntu)
Connection:Keep-Alive
Pragma:no-cache
Date:Mon, 11 May 2026 22:58:38 GMT
Cache-Control:no-store, no-cache, must-revalidate, post-check=0, pre-check=0
Content-Encoding:gzip
Vary:Accept-Encoding
Expires:Thu, 19 Nov 1981 08:52:00 GMT
Content-Length:942
X-Powered-By:PHP/5.5.9-1ubuntu4.29
Content-Type:text/html
",eb20ab7bcca8d6c858927d39aaeeecbbb9928d5e61b549001172e317ce01449bbc6deeadb0a916b71b4dc7697ab1f5c305be912d77033e53d8b443331d92c057,200
http://web/guestbook.php,GET,"Cookie:PHPSESSID=ln650u8nlv3q8tu5t28nfj3qn7
Accept:text/html,application/xhtml+xml,application/xml;q=0.9,image/avif,image/webp,image/apng,*/*;q=0.8,application/signed-exchange;v=b3;q=0.9
User-Agent:Mozilla/5.0 (X11; Linux x86_64) AppleWebKit/537.36 (KHTML, like Gecko) Chrome/85.0.4183.102 Safari/537.36
Referer:http://web/
Upgrade-Insecure-Requests:1
",cf83e1357eefb8bdf1542850d66d8007d620e4050b5715dc83f4a921d36ce9ce47d0d13c5d85f2b0ff8318d2877eec2f63b931bd47417a81a538327af927da3e,"Keep-Alive:timeout=5, max=91
Server:Apache/2.4.7 (Ubuntu)
Connection:Keep-Alive
Pragma:no-cache
Date:Mon, 11 May 2026 22:54:34 GMT
Cache-Control:no-store, no-cache, must-revalidate, post-check=0, pre-check=0
Content-Encoding:gzip
Vary:Accept-Encoding
Expires:Thu, 19 Nov 1981 08:52:00 GMT
Content-Length:998
X-Powered-By:PHP/5.5.9-1ubuntu4.29
Content-Type:text/html
",58d1b36650782a7f859561dca3a539bb9648ad0deaca0fae55d584c51a86fa044dbb45d747aff04d0e61efac6296e8f77ae27e0cb87b947302e77b101f78b334,200
http://web/,GET,"Cookie:PHPSESSID=ln650u8nlv3q8tu5t28nfj3qn7
Accept:text/html,application/xhtml+xml,application/xml;q=0.9,image/avif,image/webp,image/apng,*/*;q=0.8,application/signed-exchange;v=b3;q=0.9
User-Agent:Mozilla/5.0 (X11; Linux x86_64) AppleWebKit/537.36 (KHTML, like Gecko) Chrome/85.0.4183.102 Safari/537.36
Referer:http://web/calendar.php?date=1778885942
Upgrade-Insecure-Requests:1
",cf83e1357eefb8bdf1542850d66d8007d620e4050b5715dc83f4a921d36ce9ce47d0d13c5d85f2b0ff8318d2877eec2f63b931bd47417a81a538327af927da3e,"Keep-Alive:timeout=5, max=20
Server:Apache/2.4.7 (Ubuntu)
Connection:Keep-Alive
Pragma:no-cache
Date:Mon, 11 May 2026 22:59:06 GMT
Cache-Control:no-store, no-cache, must-revalidate, post-check=0, pre-check=0
Content-Encoding:gzip
Vary:Accept-Encoding
Expires:Thu, 19 Nov 1981 08:52:00 GMT
Content-Length:1284
X-Powered-By:PHP/5.5.9-1ubuntu4.29
Content-Type:text/html
",616bcbeb12c29d55e75966cbd1f1941acf167ba11c187cb93e2d0cc9740bee5f3ed25972ec939b021dd70bee8f6764d8567d17d028f2e819f4ee76522841416f,200
http://web/,GET,"Cookie:PHPSESSID=ln650u8nlv3q8tu5t28nfj3qn7
Accept:text/html,application/xhtml+xml,application/xml;q=0.9,image/avif,image/webp,image/apng,*/*;q=0.8,application/signed-exchange;v=b3;q=0.9
User-Agent:Mozilla/5.0 (X11; Linux x86_64) AppleWebKit/537.36 (KHTML, like Gecko) Chrome/85.0.4183.102 Safari/537.36
Upgrade-Insecure-Requests:1
",cf83e1357eefb8bdf1542850d66d8007d620e4050b5715dc83f4a921d36ce9ce47d0d13c5d85f2b0ff8318d2877eec2f63b931bd47417a81a538327af927da3e,"Keep-Alive:timeout=5, max=69
Server:Apache/2.4.7 (Ubuntu)
Connection:Keep-Alive
Pragma:no-cache
Date:Mon, 11 May 2026 22:56:04 GMT
Cache-Control:no-store, no-cache, must-revalidate, post-check=0, pre-check=0
Content-Encoding:gzip
Vary:Accept-Encoding
Expires:Thu, 19 Nov 1981 08:52:00 GMT
Content-Length:1284
X-Powered-By:PHP/5.5.9-1ubuntu4.29
Content-Type:text/html
",eeaee30fa051866cea4341a9feeda1a4577d79467c60fcb38214f7aab7164f97bf84063912cf66f7263671038c1025fb25f500b8ffbd14c3a8319b3dcb27f953,200
http://web/,GET,"Cookie:PHPSESSID=ln650u8nlv3q8tu5t28nfj3qn7
Accept:text/html,application/xhtml+xml,application/xml;q=0.9,image/avif,image/webp,image/apng,*/*;q=0.8,application/signed-exchange;v=b3;q=0.9
User-Agent:Mozilla/5.0 (X11; Linux x86_64) AppleWebKit/537.36 (KHTML, like Gecko) Chrome/85.0.4183.102 Safari/537.36
Upgrade-Insecure-Requests:1
",cf83e1357eefb8bdf1542850d66d8007d620e4050b5715dc83f4a921d36ce9ce47d0d13c5d85f2b0ff8318d2877eec2f63b931bd47417a81a538327af927da3e,"Keep-Alive:timeout=5, max=65
Server:Apache/2.4.7 (Ubuntu)
Connection:Keep-Alive
Pragma:no-cache
Date:Mon, 11 May 2026 22:54:56 GMT
Cache-Control:no-store, no-cache, must-revalidate, post-check=0, pre-check=0
Content-Encoding:gzip
Vary:Accept-Encoding
Expires:Thu, 19 Nov 1981 08:52:00 GMT
Content-Length:1284
X-Powered-By:PHP/5.5.9-1ubuntu4.29
Content-Type:text/html
",9c74882ce37d1daae3703633bda207dc1a31aa4a8a02ba2273ff2c633e6cb923debc52952ac521126ea285e2fcfbdd50aa0aa4e1e55dda31afc36ff6482a4218,200
http://web/users/login.php,GET,"Cookie:PHPSESSID=ln650u8nlv3q8tu5t28nfj3qn7
Accept:text/html,application/xhtml+xml,application/xml;q=0.9,image/avif,image/webp,image/apng,*/*;q=0.8,application/signed-exchange;v=b3;q=0.9
User-Agent:Mozilla/5.0 (X11; Linux x86_64) AppleWebKit/537.36 (KHTML, like Gecko) Chrome/85.0.4183.102 Safari/537.36
Referer:http://web/pictures/recent.php
Upgrade-Insecure-Requests:1
",cf83e1357eefb8bdf1542850d66d8007d620e4050b5715dc83f4a921d36ce9ce47d0d13c5d85f2b0ff8318d2877eec2f63b931bd47417a81a538327af927da3e,"Keep-Alive:timeout=5, max=18
Server:Apache/2.4.7 (Ubuntu)
Connection:Keep-Alive
Pragma:no-cache
Date:Mon, 11 May 2026 22:55:26 GMT
Cache-Control:no-store, no-cache, must-revalidate, post-check=0, pre-check=0
Content-Encoding:gzip
Vary:Accept-Encoding
Expires:Thu, 19 Nov 1981 08:52:00 GMT
Content-Length:976
X-Powered-By:PHP/5.5.9-1ubuntu4.29
Content-Type:text/html
",4d5f588350aa66aae06ac319de7b59cde6eb1633653fc5fdff2ffef3a90f644d5faaba025def5b4b7e92661ce131daec41022c84f7ab168a695ed191ccaf93bf,200
http://web/,GET,"Cookie:PHPSESSID=ln650u8nlv3q8tu5t28nfj3qn7
Accept:text/html,application/xhtml+xml,application/xml;q=0.9,image/avif,image/webp,image/apng,*/*;q=0.8,application/signed-exchange;v=b3;q=0.9
User-Agent:Mozilla/5.0 (X11; Linux x86_64) AppleWebKit/537.36 (KHTML, like Gecko) Chrome/85.0.4183.102 Safari/537.36
Referer:http://web/calendar.php
Upgrade-Insecure-Requests:1
",cf83e1357eefb8bdf1542850d66d8007d620e4050b5715dc83f4a921d36ce9ce47d0d13c5d85f2b0ff8318d2877eec2f63b931bd47417a81a538327af927da3e,"Keep-Alive:timeout=5, max=96
Server:Apache/2.4.7 (Ubuntu)
Connection:Keep-Alive
Pragma:no-cache
Date:Mon, 11 May 2026 22:57:00 GMT
Cache-Control:no-store, no-cache, must-revalidate, post-check=0, pre-check=0
Content-Encoding:gzip
Vary:Accept-Encoding
Expires:Thu, 19 Nov 1981 08:52:00 GMT
Content-Length:1284
X-Powered-By:PHP/5.5.9-1ubuntu4.29
Content-Type:text/html
",f88f4a65806373783bd1b42183af1532908c5548238261f35f87da742901082ec16aeda43139806216d661adb366bdd108d977b7716598e7129dc044109f53a9,200
http://web/users/login.php,GET,"Cookie:PHPSESSID=ln650u8nlv3q8tu5t28nfj3qn7
Accept:text/html,application/xhtml+xml,application/xml;q=0.9,image/avif,image/webp,image/apng,*/*;q=0.8,application/signed-exchange;v=b3;q=0.9
User-Agent:Mozilla/5.0 (X11; Linux x86_64) AppleWebKit/537.36 (KHTML, like Gecko) Chrome/85.0.4183.102 Safari/537.36
Referer:http://web/pictures/recent.php
Upgrade-Insecure-Requests:1
",cf83e1357eefb8bdf1542850d66d8007d620e4050b5715dc83f4a921d36ce9ce47d0d13c5d85f2b0ff8318d2877eec2f63b931bd47417a81a538327af927da3e,"Keep-Alive:timeout=5, max=46
Server:Apache/2.4.7 (Ubuntu)
Connection:Keep-Alive
Pragma:no-cache
Date:Mon, 11 May 2026 22:55:09 GMT
Cache-Control:no-store, no-cache, must-revalidate, post-check=0, pre-check=0
Content-Encoding:gzip
Vary:Accept-Encoding
Expires:Thu, 19 Nov 1981 08:52:00 GMT
Content-Length:975
X-Powered-By:PHP/5.5.9-1ubuntu4.29
Content-Type:text/html
",9c03494dd566d96e01c6b21686d0bfd9328ddc3caa7c298b5dc3aa6ed419db5128123b8eabf82819b36dadf887273694914609d6b629f983a6c7873ec5c94e67,200
http://web/,GET,"Cookie:PHPSESSID=ln650u8nlv3q8tu5t28nfj3qn7
Accept:text/html,application/xhtml+xml,application/xml;q=0.9,image/avif,image/webp,image/apng,*/*;q=0.8,application/signed-exchange;v=b3;q=0.9
User-Agent:Mozilla/5.0 (X11; Linux x86_64) AppleWebKit/537.36 (KHTML, like Gecko) Chrome/85.0.4183.102 Safari/537.36
Referer:http://web/calendar.php?date=1778799506
Upgrade-Insecure-Requests:1
",cf83e1357eefb8bdf1542850d66d8007d620e4050b5715dc83f4a921d36ce9ce47d0d13c5d85f2b0ff8318d2877eec2f63b931bd47417a81a538327af927da3e,"Keep-Alive:timeout=5, max=74
Server:Apache/2.4.7 (Ubuntu)
Connection:Keep-Alive
Pragma:no-cache
Date:Mon, 11 May 2026 22:58:29 GMT
Cache-Control:no-store, no-cache, must-revalidate, post-check=0, pre-check=0
Content-Encoding:gzip
Vary:Accept-Encoding
Expires:Thu, 19 Nov 1981 08:52:00 GMT
Content-Length:1284
X-Powered-By:PHP/5.5.9-1ubuntu4.29
Content-Type:text/html
",39201a665ad10450070763557b861425e07239613c49e27901dccb3d9297a86fbf6f8f36e937f9d3e8d7b8e48cc053f9ed0880eaf2c25b7bbbf44123175a472f,200
http://web/passcheck.php,GET,"Cookie:PHPSESSID=ln650u8nlv3q8tu5t28nfj3qn7
Accept:text/html,application/xhtml+xml,application/xml;q=0.9,image/avif,image/webp,image/apng,*/*;q=0.8,application/signed-exchange;v=b3;q=0.9
User-Agent:Mozilla/5.0 (X11; Linux x86_64) AppleWebKit/537.36 (KHTML, like Gecko) Chrome/85.0.4183.102 Safari/537.36
Referer:http://web/users/register.php
Upgrade-Insecure-Requests:1
",cf83e1357eefb8bdf1542850d66d8007d620e4050b5715dc83f4a921d36ce9ce47d0d13c5d85f2b0ff8318d2877eec2f63b931bd47417a81a538327af927da3e,"Keep-Alive:timeout=5, max=50
Server:Apache/2.4.7 (Ubuntu)
Connection:Keep-Alive
Pragma:no-cache
Date:Mon, 11 May 2026 22:57:35 GMT
Cache-Control:no-store, no-cache, must-revalidate, post-check=0, pre-check=0
Content-Encoding:gzip
Vary:Accept-Encoding
Expires:Thu, 19 Nov 1981 08:52:00 GMT
Content-Length:927
X-Powered-By:PHP/5.5.9-1ubuntu4.29
Content-Type:text/html
",8e21ff074f63973087581fc3e09250c48bfd9bd53ebeac5ad37899afe56569a6303ac713393a4b296d644e1d73a352b5e5a492a1dfd28baef0bf231d1796291f,200
http://web/,GET,"Cookie:PHPSESSID=ln650u8nlv3q8tu5t28nfj3qn7
Accept:text/html,application/xhtml+xml,application/xml;q=0.9,image/avif,image/webp,image/apng,*/*;q=0.8,application/signed-exchange;v=b3;q=0.9
User-Agent:Mozilla/5.0 (X11; Linux x86_64) AppleWebKit/537.36 (KHTML, like Gecko) Chrome/85.0.4183.102 Safari/537.36
Upgrade-Insecure-Requests:1
",cf83e1357eefb8bdf1542850d66d8007d620e4050b5715dc83f4a921d36ce9ce47d0d13c5d85f2b0ff8318d2877eec2f63b931bd47417a81a538327af927da3e,"Keep-Alive:timeout=5, max=41
Server:Apache/2.4.7 (Ubuntu)
Connection:Keep-Alive
Pragma:no-cache
Date:Mon, 11 May 2026 22:56:26 GMT
Cache-Control:no-store, no-cache, must-revalidate, post-check=0, pre-check=0
Content-Encoding:gzip
Vary:Accept-Encoding
Expires:Thu, 19 Nov 1981 08:52:00 GMT
Content-Length:1284
X-Powered-By:PHP/5.5.9-1ubuntu4.29
Content-Type:text/html
",347e077860bc84e381dd5e3bf5a8fb767529925771593d4e093239470ac12056ac337b097b57ac17052f5751d72c4c5caac0cc6d0788e60f9ca673bbb903e899,200
http://web/calendar.php?date=1778626748,GET,"Cookie:PHPSESSID=ln650u8nlv3q8tu5t28nfj3qn7
Accept:text/html,application/xhtml+xml,application/xml;q=0.9,image/avif,image/webp,image/apng,*/*;q=0.8,application/signed-exchange;v=b3;q=0.9
User-Agent:Mozilla/5.0 (X11; Linux x86_64) AppleWebKit/537.36 (KHTML, like Gecko) Chrome/85.0.4183.102 Safari/537.36
Referer:http://web/calendar.php
Upgrade-Insecure-Requests:1
",cf83e1357eefb8bdf1542850d66d8007d620e4050b5715dc83f4a921d36ce9ce47d0d13c5d85f2b0ff8318d2877eec2f63b931bd47417a81a538327af927da3e,"Keep-Alive:timeout=5, max=17
Server:Apache/2.4.7 (Ubuntu)
Connection:Keep-Alive
Pragma:no-cache
Date:Mon, 11 May 2026 22:59:08 GMT
Cache-Control:no-store, no-cache, must-revalidate, post-check=0, pre-check=0
Content-Encoding:gzip
Vary:Accept-Encoding
Expires:Thu, 19 Nov 1981 08:52:00 GMT
Content-Length:944
X-Powered-By:PHP/5.5.9-1ubuntu4.29
Content-Type:text/html
",a788eef8bbb64fc8efde09f8d3d7286d270f477cd4a2d48f3aad80243ea4136143d68544da065372f19e2803b1f6542d7af4a02b2ed979716f54fc6c38f47b28,200
http://web/pictures/upload.php,GET,"Cookie:PHPSESSID=ln650u8nlv3q8tu5t28nfj3qn7
Accept:text/html,application/xhtml+xml,application/xml;q=0.9,image/avif,image/webp,image/apng,*/*;q=0.8,application/signed-exchange;v=b3;q=0.9
User-Agent:Mozilla/5.0 (X11; Linux x86_64) AppleWebKit/537.36 (KHTML, like Gecko) Chrome/85.0.4183.102 Safari/537.36
Referer:http://web/
Upgrade-Insecure-Requests:1
",cf83e1357eefb8bdf1542850d66d8007d620e4050b5715dc83f4a921d36ce9ce47d0d13c5d85f2b0ff8318d2877eec2f63b931bd47417a81a538327af927da3e,"Keep-Alive:timeout=5, max=92
Server:Apache/2.4.7 (Ubuntu)
Connection:Keep-Alive
Pragma:no-cache
Date:Mon, 11 May 2026 22:54:24 GMT
Cache-Control:no-store, no-cache, must-revalidate, post-check=0, pre-check=0
Expires:Thu, 19 Nov 1981 08:52:00 GMT
Content-Length:41
X-Powered-By:PHP/5.5.9-1ubuntu4.29
Location:/users/login.php
Content-Type:text/html
",cf83e1357eefb8bdf1542850d66d8007d620e4050b5715dc83f4a921d36ce9ce47d0d13c5d85f2b0ff8318d2877eec2f63b931bd47417a81a538327af927da3e,303
http://web/users/login.php,GET,"Cookie:PHPSESSID=ln650u8nlv3q8tu5t28nfj3qn7
Accept:text/html,application/xhtml+xml,application/xml;q=0.9,image/avif,image/webp,image/apng,*/*;q=0.8,application/signed-exchange;v=b3;q=0.9
User-Agent:Mozilla/5.0 (X11; Linux x86_64) AppleWebKit/537.36 (KHTML, like Gecko) Chrome/85.0.4183.102 Safari/537.36
Referer:http://web/users/sample.php?userid=1
Upgrade-Insecure-Requests:1
",cf83e1357eefb8bdf1542850d66d8007d620e4050b5715dc83f4a921d36ce9ce47d0d13c5d85f2b0ff8318d2877eec2f63b931bd47417a81a538327af927da3e,"Keep-Alive:timeout=5, max=46
Server:Apache/2.4.7 (Ubuntu)
Connection:Keep-Alive
Pragma:no-cache
Date:Mon, 11 May 2026 22:56:23 GMT
Cache-Control:no-store, no-cache, must-revalidate, post-check=0, pre-check=0
Content-Encoding:gzip
Vary:Accept-Encoding
Expires:Thu, 19 Nov 1981 08:52:00 GMT
Content-Length:977
X-Powered-By:PHP/5.5.9-1ubuntu4.29
Content-Type:text/html
",4eceaa4f26ccd30c939fef354e1a6a2b37bc3642506240297196dbb0f424683935d2f1fabce437ade2fba7a2351177634f39b2768f51644f5d987d3a98654f15,200
http://web/calendar.php,GET,"Cookie:PHPSESSID=ln650u8nlv3q8tu5t28nfj3qn7
Accept:text/html,application/xhtml+xml,application/xml;q=0.9,image/avif,image/webp,image/apng,*/*;q=0.8,application/signed-exchange;v=b3;q=0.9
User-Agent:Mozilla/5.0 (X11; Linux x86_64) AppleWebKit/537.36 (KHTML, like Gecko) Chrome/85.0.4183.102 Safari/537.36
Referer:http://web/
Upgrade-Insecure-Requests:1
",cf83e1357eefb8bdf1542850d66d8007d620e4050b5715dc83f4a921d36ce9ce47d0d13c5d85f2b0ff8318d2877eec2f63b931bd47417a81a538327af927da3e,"Keep-Alive:timeout=5, max=91
Server:Apache/2.4.7 (Ubuntu)
Connection:Keep-Alive
Pragma:no-cache
Date:Mon, 11 May 2026 22:57:04 GMT
Cache-Control:no-store, no-cache, must-revalidate, post-check=0, pre-check=0
Content-Encoding:gzip
Vary:Accept-Encoding
Expires:Thu, 19 Nov 1981 08:52:00 GMT
Content-Length:943
X-Powered-By:PHP/5.5.9-1ubuntu4.29
Content-Type:text/html
",f051b7a3b442d7083d566a86bb2ce0d6f32ef19fe5b01e8c3ad3d073a78bf0bc9992b649fbf08dc24e809e7677100adc0c9df5469c491e7c7551bd85bbc7100c,200
http://web/piccheck.php,POST,"Origin:http://web
Cookie:PHPSESSID=ln650u8nlv3q8tu5t28nfj3qn7
Accept:text/html,application/xhtml+xml,application/xml;q=0.9,image/avif,image/webp,image/apng,*/*;q=0.8,application/signed-exchange;v=b3;q=0.9
User-Agent:Mozilla/5.0 (X11; Linux x86_64) AppleWebKit/537.36 (KHTML, like Gecko) Chrome/85.0.4183.102 Safari/537.36
Referer:http://web/
Upgrade-Insecure-Requests:1
Content-Type:multipart/form-data; boundary=----WebKitFormBoundaryylpGx7Q9q87YPVFR
",f6cc9d41a2fdab0337128d84c72d94920f4b04b0430fff7d235d573a0a05d066219614e00d4edf834cd6442f131609d59e4630df5d33185b25f9dad122f28e00,"Keep-Alive:timeout=5, max=67
Server:Apache/2.4.7 (Ubuntu)
Connection:Keep-Alive
Pragma:no-cache
Date:Mon, 11 May 2026 22:54:55 GMT
Cache-Control:no-store, no-cache, must-revalidate, post-check=0, pre-check=0
Expires:Thu, 19 Nov 1981 08:52:00 GMT
Content-Length:41
X-Powered-By:PHP/5.5.9-1ubuntu4.29
Location:/
Content-Type:text/html
",cf83e1357eefb8bdf1542850d66d8007d620e4050b5715dc83f4a921d36ce9ce47d0d13c5d85f2b0ff8318d2877eec2f63b931bd47417a81a538327af927da3e,303
http://web/users/login.php,GET,"Cookie:PHPSESSID=ln650u8nlv3q8tu5t28nfj3qn7
Accept:text/html,application/xhtml+xml,application/xml;q=0.9,image/avif,image/webp,image/apng,*/*;q=0.8,application/signed-exchange;v=b3;q=0.9
User-Agent:Mozilla/5.0 (X11; Linux x86_64) AppleWebKit/537.36 (KHTML, like Gecko) Chrome/85.0.4183.102 Safari/537.36
Referer:http://web/pictures/recent.php
Upgrade-Insecure-Requests:1
",cf83e1357eefb8bdf1542850d66d8007d620e4050b5715dc83f4a921d36ce9ce47d0d13c5d85f2b0ff8318d2877eec2f63b931bd47417a81a538327af927da3e,"Keep-Alive:timeout=5, max=55
Server:Apache/2.4.7 (Ubuntu)
Connection:Keep-Alive
Pragma:no-cache
Date:Mon, 11 May 2026 22:55:02 GMT
Cache-Control:no-store, no-cache, must-revalidate, post-check=0, pre-check=0
Content-Encoding:gzip
Vary:Accept-Encoding
Expires:Thu, 19 Nov 1981 08:52:00 GMT
Content-Length:976
X-Powered-By:PHP/5.5.9-1ubuntu4.29
Content-Type:text/html
",ee7984ebbf33cb172da950aad25461957ea2d072df485f9f81836055c6476b3d3c355f9a8245705029f2971adbff8df847ed4dbfaea34c0beab7b3690bdc0d36,200
http://web/calendar.php,GET,"Cookie:PHPSESSID=ln650u8nlv3q8tu5t28nfj3qn7
Accept:text/html,application/xhtml+xml,application/xml;q=0.9,image/avif,image/webp,image/apng,*/*;q=0.8,application/signed-exchange;v=b3;q=0.9
User-Agent:Mozilla/5.0 (X11; Linux x86_64) AppleWebKit/537.36 (KHTML, like Gecko) Chrome/85.0.4183.102 Safari/537.36
Referer:http://web/
Upgrade-Insecure-Requests:1
",cf83e1357eefb8bdf1542850d66d8007d620e4050b5715dc83f4a921d36ce9ce47d0d13c5d85f2b0ff8318d2877eec2f63b931bd47417a81a538327af927da3e,"Keep-Alive:timeout=5, max=97
Server:Apache/2.4.7 (Ubuntu)
Connection:Keep-Alive
Pragma:no-cache
Date:Mon, 11 May 2026 22:56:59 GMT
Cache-Control:no-store, no-cache, must-revalidate, post-check=0, pre-check=0
Content-Encoding:gzip
Vary:Accept-Encoding
Expires:Thu, 19 Nov 1981 08:52:00 GMT
Content-Length:943
X-Powered-By:PHP/5.5.9-1ubuntu4.29
Content-Type:text/html
",254a48646c94df9ce8553fb47945c9c4ea85121378038a5ea2448e2b4fcf9c0cd8d726c1a1d154de62a9d5fff21e5ab7f5df9f159016f562aab554d34382ccb7,200
http://web/,GET,"Cookie:PHPSESSID=ln650u8nlv3q8tu5t28nfj3qn7
Accept:text/html,application/xhtml+xml,application/xml;q=0.9,image/avif,image/webp,image/apng,*/*;q=0.8,application/signed-exchange;v=b3;q=0.9
User-Agent:Mozilla/5.0 (X11; Linux x86_64) AppleWebKit/537.36 (KHTML, like Gecko) Chrome/85.0.4183.102 Safari/537.36
Referer:http://web/tos.php
Upgrade-Insecure-Requests:1
",cf83e1357eefb8bdf1542850d66d8007d620e4050b5715dc83f4a921d36ce9ce47d0d13c5d85f2b0ff8318d2877eec2f63b931bd47417a81a538327af927da3e,"Keep-Alive:timeout=5, max=68
Server:Apache/2.4.7 (Ubuntu)
Connection:Keep-Alive
Pragma:no-cache
Date:Mon, 11 May 2026 22:54:54 GMT
Cache-Control:no-store, no-cache, must-revalidate, post-check=0, pre-check=0
Content-Encoding:gzip
Vary:Accept-Encoding
Expires:Thu, 19 Nov 1981 08:52:00 GMT
Content-Length:1284
X-Powered-By:PHP/5.5.9-1ubuntu4.29
Content-Type:text/html
",d287c6b6971fb4e4b03b430c76aad55b99f7b9aeed9883576f99b2549cdf11f60826b6a9336181dcfde4f18c503e9eb8109f7735326e3e680c70cb63ae3fc312,200
http://web/,GET,"Cookie:PHPSESSID=ln650u8nlv3q8tu5t28nfj3qn7
Accept:text/html,application/xhtml+xml,application/xml;q=0.9,image/avif,image/webp,image/apng,*/*;q=0.8,application/signed-exchange;v=b3;q=0.9
User-Agent:Mozilla/5.0 (X11; Linux x86_64) AppleWebKit/537.36 (KHTML, like Gecko) Chrome/85.0.4183.102 Safari/537.36
Upgrade-Insecure-Requests:1
",cf83e1357eefb8bdf1542850d66d8007d620e4050b5715dc83f4a921d36ce9ce47d0d13c5d85f2b0ff8318d2877eec2f63b931bd47417a81a538327af927da3e,"Keep-Alive:timeout=5, max=35
Server:Apache/2.4.7 (Ubuntu)
Connection:Keep-Alive
Pragma:no-cache
Date:Mon, 11 May 2026 22:56:31 GMT
Cache-Control:no-store, no-cache, must-revalidate, post-check=0, pre-check=0
Content-Encoding:gzip
Vary:Accept-Encoding
Expires:Thu, 19 Nov 1981 08:52:00 GMT
Content-Length:1283
X-Powered-By:PHP/5.5.9-1ubuntu4.29
Content-Type:text/html
",4369754bf4ebc300d86238286653a9587475ecaf8b6032f8566d9af25c5b6aef2c1b990f40ca566e1c70f6ac36c4138d8e00fb0f298884c21782c687c71b066d,200
http://web/calendar.php,GET,"Cookie:PHPSESSID=ln650u8nlv3q8tu5t28nfj3qn7
Accept:text/html,application/xhtml+xml,application/xml;q=0.9,image/avif,image/webp,image/apng,*/*;q=0.8,application/signed-exchange;v=b3;q=0.9
User-Agent:Mozilla/5.0 (X11; Linux x86_64) AppleWebKit/537.36 (KHTML, like Gecko) Chrome/85.0.4183.102 Safari/537.36
Referer:http://web/
Upgrade-Insecure-Requests:1
",cf83e1357eefb8bdf1542850d66d8007d620e4050b5715dc83f4a921d36ce9ce47d0d13c5d85f2b0ff8318d2877eec2f63b931bd47417a81a538327af927da3e,"Keep-Alive:timeout=5, max=21
Server:Apache/2.4.7 (Ubuntu)
Connection:Keep-Alive
Pragma:no-cache
Date:Mon, 11 May 2026 22:57:55 GMT
Cache-Control:no-store, no-cache, must-revalidate, post-check=0, pre-check=0
Content-Encoding:gzip
Vary:Accept-Encoding
Expires:Thu, 19 Nov 1981 08:52:00 GMT
Content-Length:943
X-Powered-By:PHP/5.5.9-1ubuntu4.29
Content-Type:text/html
",8a6e48348c66fe9e8628ba6fa4c865b2bcc324a04fb68918eb6e027248cfaadc600054a2b69f14e9469fca4169dc8da91ce4e93b61105ff11c7da3140578160d,200
http://web/calendar.php?date=1778626734,GET,"Cookie:PHPSESSID=ln650u8nlv3q8tu5t28nfj3qn7
Accept:text/html,application/xhtml+xml,application/xml;q=0.9,image/avif,image/webp,image/apng,*/*;q=0.8,application/signed-exchange;v=b3;q=0.9
User-Agent:Mozilla/5.0 (X11; Linux x86_64) AppleWebKit/537.36 (KHTML, like Gecko) Chrome/85.0.4183.102 Safari/537.36
Referer:http://web/calendar.php
Upgrade-Insecure-Requests:1
",cf83e1357eefb8bdf1542850d66d8007d620e4050b5715dc83f4a921d36ce9ce47d0d13c5d85f2b0ff8318d2877eec2f63b931bd47417a81a538327af927da3e,"Keep-Alive:timeout=5, max=36
Server:Apache/2.4.7 (Ubuntu)
Connection:Keep-Alive
Pragma:no-cache
Date:Mon, 11 May 2026 22:58:55 GMT
Cache-Control:no-store, no-cache, must-revalidate, post-check=0, pre-check=0
Content-Encoding:gzip
Vary:Accept-Encoding
Expires:Thu, 19 Nov 1981 08:52:00 GMT
Content-Length:944
X-Powered-By:PHP/5.5.9-1ubuntu4.29
Content-Type:text/html
",9d051c70aefe3f2dba33f11f5248bb3cc79f32a72d6e82cd44711f43e1b3a2ad51f355c0a6f49b88cd09a63b648b1aa6a19fde4a2b2af01a00ca94c99d4f4553,200
http://web/guestbook.php,GET,"Cookie:PHPSESSID=ln650u8nlv3q8tu5t28nfj3qn7
Accept:text/html,application/xhtml+xml,application/xml;q=0.9,image/avif,image/webp,image/apng,*/*;q=0.8,application/signed-exchange;v=b3;q=0.9
User-Agent:Mozilla/5.0 (X11; Linux x86_64) AppleWebKit/537.36 (KHTML, like Gecko) Chrome/85.0.4183.102 Safari/537.36
Referer:http://web/users/sample.php?userid=1
Upgrade-Insecure-Requests:1
",cf83e1357eefb8bdf1542850d66d8007d620e4050b5715dc83f4a921d36ce9ce47d0d13c5d85f2b0ff8318d2877eec2f63b931bd47417a81a538327af927da3e,"Keep-Alive:timeout=5, max=36
Server:Apache/2.4.7 (Ubuntu)
Connection:Keep-Alive
Pragma:no-cache
Date:Mon, 11 May 2026 22:56:30 GMT
Cache-Control:no-store, no-cache, must-revalidate, post-check=0, pre-check=0
Content-Encoding:gzip
Vary:Accept-Encoding
Expires:Thu, 19 Nov 1981 08:52:00 GMT
Content-Length:999
X-Powered-By:PHP/5.5.9-1ubuntu4.29
Content-Type:text/html
",939693cfcc9c000cb50dbef4a12fc690f951c159b18445839acd40808ad1ccf33fe1480fc9d2b69e2aee0e28e226f150fdc6ebfe7e599ce3591b73d8745da811,200
http://web/pictures/recent.php,GET,"Cookie:PHPSESSID=ln650u8nlv3q8tu5t28nfj3qn7
Accept:text/html,application/xhtml+xml,application/xml;q=0.9,image/avif,image/webp,image/apng,*/*;q=0.8,application/signed-exchange;v=b3;q=0.9
User-Agent:Mozilla/5.0 (X11; Linux x86_64) AppleWebKit/537.36 (KHTML, like Gecko) Chrome/85.0.4183.102 Safari/537.36
Referer:http://web/calendar.php?date=1778713095
Upgrade-Insecure-Requests:1
",cf83e1357eefb8bdf1542850d66d8007d620e4050b5715dc83f4a921d36ce9ce47d0d13c5d85f2b0ff8318d2877eec2f63b931bd47417a81a538327af927da3e,"Keep-Alive:timeout=5, max=90
Server:Apache/2.4.7 (Ubuntu)
Connection:Keep-Alive
Pragma:no-cache
Date:Mon, 11 May 2026 22:58:17 GMT
Cache-Control:no-store, no-cache, must-revalidate, post-check=0, pre-check=0
Content-Encoding:gzip
Vary:Accept-Encoding
Expires:Thu, 19 Nov 1981 08:52:00 GMT
Content-Length:1087
X-Powered-By:PHP/5.5.9-1ubuntu4.29
Content-Type:text/html
",948b174827252a2ef20f3e0592e28ddb9fbfd7308043a23e7ec6b95e91839b06d23c56708d95d662d96019fc6b4532151935910266d84b7b10f2df51c8ae7679,200
http://web/calendar.php?date=1778626730,GET,"Cookie:PHPSESSID=ln650u8nlv3q8tu5t28nfj3qn7
Accept:text/html,application/xhtml+xml,application/xml;q=0.9,image/avif,image/webp,image/apng,*/*;q=0.8,application/signed-exchange;v=b3;q=0.9
User-Agent:Mozilla/5.0 (X11; Linux x86_64) AppleWebKit/537.36 (KHTML, like Gecko) Chrome/85.0.4183.102 Safari/537.36
Referer:http://web/calendar.php
Upgrade-Insecure-Requests:1
",cf83e1357eefb8bdf1542850d66d8007d620e4050b5715dc83f4a921d36ce9ce47d0d13c5d85f2b0ff8318d2877eec2f63b931bd47417a81a538327af927da3e,"Keep-Alive:timeout=5, max=42
Server:Apache/2.4.7 (Ubuntu)
Connection:Keep-Alive
Pragma:no-cache
Date:Mon, 11 May 2026 22:58:50 GMT
Cache-Control:no-store, no-cache, must-revalidate, post-check=0, pre-check=0
Content-Encoding:gzip
Vary:Accept-Encoding
Expires:Thu, 19 Nov 1981 08:52:00 GMT
Content-Length:944
X-Powered-By:PHP/5.5.9-1ubuntu4.29
Content-Type:text/html
",cb4ef39ae3db37731d87872abd6dea7d8c270a329a230a98833d07f9de960d2c281a8116bb89554bc5c4c01c34b96644a096a8b474875e4ea1d026f0242188c8,200
http://web/,GET,"Cookie:PHPSESSID=ln650u8nlv3q8tu5t28nfj3qn7
Accept:text/html,application/xhtml+xml,application/xml;q=0.9,image/avif,image/webp,image/apng,*/*;q=0.8,application/signed-exchange;v=b3;q=0.9
User-Agent:Mozilla/5.0 (X11; Linux x86_64) AppleWebKit/537.36 (KHTML, like Gecko) Chrome/85.0.4183.102 Safari/537.36
Upgrade-Insecure-Requests:1
",cf83e1357eefb8bdf1542850d66d8007d620e4050b5715dc83f4a921d36ce9ce47d0d13c5d85f2b0ff8318d2877eec2f63b931bd47417a81a538327af927da3e,"Keep-Alive:timeout=5, max=28
Server:Apache/2.4.7 (Ubuntu)
Connection:Keep-Alive
Pragma:no-cache
Date:Mon, 11 May 2026 22:56:35 GMT
Cache-Control:no-store, no-cache, must-revalidate, post-check=0, pre-check=0
Content-Encoding:gzip
Vary:Accept-Encoding
Expires:Thu, 19 Nov 1981 08:52:00 GMT
Content-Length:1284
X-Powered-By:PHP/5.5.9-1ubuntu4.29
Content-Type:text/html
",c58eae4fcb886db5e7443f612158e599d901458f59bc96c2bb17674e5c380ff3801dd00957f5bf05a4981a70f6ff00e75717c4e2a00301cc6deb932f2875b94b,200
http://web/calendar.php?date=1778626669,GET,"Cookie:PHPSESSID=ln650u8nlv3q8tu5t28nfj3qn7
Accept:text/html,application/xhtml+xml,application/xml;q=0.9,image/avif,image/webp,image/apng,*/*;q=0.8,application/signed-exchange;v=b3;q=0.9
User-Agent:Mozilla/5.0 (X11; Linux x86_64) AppleWebKit/537.36 (KHTML, like Gecko) Chrome/85.0.4183.102 Safari/537.36
Referer:http://web/calendar.php
Upgrade-Insecure-Requests:1
",cf83e1357eefb8bdf1542850d66d8007d620e4050b5715dc83f4a921d36ce9ce47d0d13c5d85f2b0ff8318d2877eec2f63b931bd47417a81a538327af927da3e,"Keep-Alive:timeout=5, max=28
Server:Apache/2.4.7 (Ubuntu)
Connection:Keep-Alive
Pragma:no-cache
Date:Mon, 11 May 2026 22:57:50 GMT
Cache-Control:no-store, no-cache, must-revalidate, post-check=0, pre-check=0
Content-Encoding:gzip
Vary:Accept-Encoding
Expires:Thu, 19 Nov 1981 08:52:00 GMT
Content-Length:943
X-Powered-By:PHP/5.5.9-1ubuntu4.29
Content-Type:text/html
",17a2ccb1ecd1e8e72a7002bf4409d2b346b15e37550ebf4657ee4b929e4ff604d33ef29d2b974f0b0e62f5d454166777d1bc44ee9c5d65667215ba9fd960a954,200
http://web/css/stylings.css,GET,"Cookie:PHPSESSID=ln650u8nlv3q8tu5t28nfj3qn7
Accept:text/css,*/*;q=0.1
User-Agent:Mozilla/5.0 (X11; Linux x86_64) AppleWebKit/537.36 (KHTML, like Gecko) Chrome/85.0.4183.102 Safari/537.36
Referer:http://web/calendar.php
",cf83e1357eefb8bdf1542850d66d8007d620e4050b5715dc83f4a921d36ce9ce47d0d13c5d85f2b0ff8318d2877eec2f63b931bd47417a81a538327af927da3e,"Server:Apache/2.4.7 (Ubuntu)
Last-Modified:Thu, 02 Feb 2017 22:24:09 GMT
Date:Mon, 11 May 2026 22:54:16 GMT
Accept-Ranges:bytes
ETag:""c29-547939fb8b440-gzip""
Content-Encoding:gzip
Vary:Accept-Encoding
Content-Length:838
Content-Type:text/css
",e6142d743628221ad60b6d12a0b444a077ed8ede2504b511ffffde908ffe459f09875b3901f9a63ec228906521c445248f9277e14f591205808d8dfc200df823,200
http://web/calendar.php?date=1778626682,GET,"Cookie:PHPSESSID=ln650u8nlv3q8tu5t28nfj3qn7
Accept:text/html,application/xhtml+xml,application/xml;q=0.9,image/avif,image/webp,image/apng,*/*;q=0.8,application/signed-exchange;v=b3;q=0.9
User-Agent:Mozilla/5.0 (X11; Linux x86_64) AppleWebKit/537.36 (KHTML, like Gecko) Chrome/85.0.4183.102 Safari/537.36
Referer:http://web/calendar.php
Upgrade-Insecure-Requests:1
",cf83e1357eefb8bdf1542850d66d8007d620e4050b5715dc83f4a921d36ce9ce47d0d13c5d85f2b0ff8318d2877eec2f63b931bd47417a81a538327af927da3e,"Keep-Alive:timeout=5, max=11
Server:Apache/2.4.7 (Ubuntu)
Connection:Keep-Alive
Pragma:no-cache
Date:Mon, 11 May 2026 22:58:03 GMT
Cache-Control:no-store, no-cache, must-revalidate, post-check=0, pre-check=0
Content-Encoding:gzip
Vary:Accept-Encoding
Expires:Thu, 19 Nov 1981 08:52:00 GMT
Content-Length:945
X-Powered-By:PHP/5.5.9-1ubuntu4.29
Content-Type:text/html
",9ec440fd3be8c8ff2c47e012909dbf1da67452a4d4b2141739d163ca058f105dbc63518e58bb726f5e3305c307236e2b3eecd2f979b73a77f190b49be84ff1c4,200
http://web/css/stylings.css,GET,"Cookie:PHPSESSID=ln650u8nlv3q8tu5t28nfj3qn7
Accept:text/css,*/*;q=0.1
User-Agent:Mozilla/5.0 (X11; Linux x86_64) AppleWebKit/537.36 (KHTML, like Gecko) Chrome/85.0.4183.102 Safari/537.36
Referer:http://web/
",cf83e1357eefb8bdf1542850d66d8007d620e4050b5715dc83f4a921d36ce9ce47d0d13c5d85f2b0ff8318d2877eec2f63b931bd47417a81a538327af927da3e,"Server:Apache/2.4.7 (Ubuntu)
Last-Modified:Thu, 02 Feb 2017 22:24:09 GMT
Date:Mon, 11 May 2026 22:54:16 GMT
Accept-Ranges:bytes
ETag:""c29-547939fb8b440-gzip""
Content-Encoding:gzip
Vary:Accept-Encoding
Content-Length:838
Content-Type:text/css
",e6142d743628221ad60b6d12a0b444a077ed8ede2504b511ffffde908ffe459f09875b3901f9a63ec228906521c445248f9277e14f591205808d8dfc200df823,200
http://web/users/home.php,GET,"Cookie:PHPSESSID=ln650u8nlv3q8tu5t28nfj3qn7
Accept:text/html,application/xhtml+xml,application/xml;q=0.9,image/avif,image/webp,image/apng,*/*;q=0.8,application/signed-exchange;v=b3;q=0.9
User-Agent:Mozilla/5.0 (X11; Linux x86_64) AppleWebKit/537.36 (KHTML, like Gecko) Chrome/85.0.4183.102 Safari/537.36
Referer:http://web/users/login.php
Upgrade-Insecure-Requests:1
",cf83e1357eefb8bdf1542850d66d8007d620e4050b5715dc83f4a921d36ce9ce47d0d13c5d85f2b0ff8318d2877eec2f63b931bd47417a81a538327af927da3e,"Keep-Alive:timeout=5, max=90
Server:Apache/2.4.7 (Ubuntu)
Connection:Keep-Alive
Pragma:no-cache
Date:Mon, 11 May 2026 22:54:25 GMT
Cache-Control:no-store, no-cache, must-revalidate, post-check=0, pre-check=0
Expires:Thu, 19 Nov 1981 08:52:00 GMT
Content-Length:41
X-Powered-By:PHP/5.5.9-1ubuntu4.29
Location:/users/login.php
Content-Type:text/html
",cf83e1357eefb8bdf1542850d66d8007d620e4050b5715dc83f4a921d36ce9ce47d0d13c5d85f2b0ff8318d2877eec2f63b931bd47417a81a538327af927da3e,303
http://web/calendar.php,GET,"Cookie:PHPSESSID=ln650u8nlv3q8tu5t28nfj3qn7
Accept:text/html,application/xhtml+xml,application/xml;q=0.9,image/avif,image/webp,image/apng,*/*;q=0.8,application/signed-exchange;v=b3;q=0.9
User-Agent:Mozilla/5.0 (X11; Linux x86_64) AppleWebKit/537.36 (KHTML, like Gecko) Chrome/85.0.4183.102 Safari/537.36
Referer:http://web/
Upgrade-Insecure-Requests:1
",cf83e1357eefb8bdf1542850d66d8007d620e4050b5715dc83f4a921d36ce9ce47d0d13c5d85f2b0ff8318d2877eec2f63b931bd47417a81a538327af927da3e,"Keep-Alive:timeout=5, max=4
Server:Apache/2.4.7 (Ubuntu)
Connection:Keep-Alive
Pragma:no-cache
Date:Mon, 11 May 2026 22:58:08 GMT
Cache-Control:no-store, no-cache, must-revalidate, post-check=0, pre-check=0
Content-Encoding:gzip
Vary:Accept-Encoding
Expires:Thu, 19 Nov 1981 08:52:00 GMT
Content-Length:944
X-Powered-By:PHP/5.5.9-1ubuntu4.29
Content-Type:text/html
",8fa3f96036b9586841b57c6381302ae300a1bde16d0b98dc86eb16e1284467e623d379528eac4e6268377580a4e41e6fc25d3dccfc261f02a14bcea41a8c5171,200
http://web/,GET,"Cookie:PHPSESSID=ln650u8nlv3q8tu5t28nfj3qn7
Accept:text/html,application/xhtml+xml,application/xml;q=0.9,image/avif,image/webp,image/apng,*/*;q=0.8,application/signed-exchange;v=b3;q=0.9
User-Agent:Mozilla/5.0 (X11; Linux x86_64) AppleWebKit/537.36 (KHTML, like Gecko) Chrome/85.0.4183.102 Safari/537.36
Upgrade-Insecure-Requests:1
",cf83e1357eefb8bdf1542850d66d8007d620e4050b5715dc83f4a921d36ce9ce47d0d13c5d85f2b0ff8318d2877eec2f63b931bd47417a81a538327af927da3e,"Keep-Alive:timeout=5, max=63
Server:Apache/2.4.7 (Ubuntu)
Connection:Keep-Alive
Pragma:no-cache
Date:Mon, 11 May 2026 22:58:37 GMT
Cache-Control:no-store, no-cache, must-revalidate, post-check=0, pre-check=0
Content-Encoding:gzip
Vary:Accept-Encoding
Expires:Thu, 19 Nov 1981 08:52:00 GMT
Content-Length:1283
X-Powered-By:PHP/5.5.9-1ubuntu4.29
Content-Type:text/html
",7513408a4c0151f7735aab280b2800af52ce1e1327feba5b7c9bfd33686d32309c1d2c434352a440a3909332270959811301d706c92cc18937d1b4948131012d,200
http://web/tos.php,GET,"Cookie:PHPSESSID=ln650u8nlv3q8tu5t28nfj3qn7
Accept:text/html,application/xhtml+xml,application/xml;q=0.9,image/avif,image/webp,image/apng,*/*;q=0.8,application/signed-exchange;v=b3;q=0.9
User-Agent:Mozilla/5.0 (X11; Linux x86_64) AppleWebKit/537.36 (KHTML, like Gecko) Chrome/85.0.4183.102 Safari/537.36
Referer:http://web/
Upgrade-Insecure-Requests:1
",cf83e1357eefb8bdf1542850d66d8007d620e4050b5715dc83f4a921d36ce9ce47d0d13c5d85f2b0ff8318d2877eec2f63b931bd47417a81a538327af927da3e,"Keep-Alive:timeout=5, max=87
Server:Apache/2.4.7 (Ubuntu)
Connection:Keep-Alive
Pragma:no-cache
Date:Mon, 11 May 2026 22:57:07 GMT
Cache-Control:no-store, no-cache, must-revalidate, post-check=0, pre-check=0
Content-Encoding:gzip
Vary:Accept-Encoding
Expires:Thu, 19 Nov 1981 08:52:00 GMT
Content-Length:10227
X-Powered-By:PHP/5.5.9-1ubuntu4.29
Content-Type:text/html
",6b0f2e57709b3492e2ffc3b9d0ed17098a6a68696dd54546015a1f22b3cc6f8f84a643f36ac503d27dad4a607249c5e0b3957bef1238b5751754f9ce04190ea8,200
http://web/,GET,"Cookie:PHPSESSID=ln650u8nlv3q8tu5t28nfj3qn7
Accept:text/html,application/xhtml+xml,application/xml;q=0.9,image/avif,image/webp,image/apng,*/*;q=0.8,application/signed-exchange;v=b3;q=0.9
User-Agent:Mozilla/5.0 (X11; Linux x86_64) AppleWebKit/537.36 (KHTML, like Gecko) Chrome/85.0.4183.102 Safari/537.36
Upgrade-Insecure-Requests:1
",cf83e1357eefb8bdf1542850d66d8007d620e4050b5715dc83f4a921d36ce9ce47d0d13c5d85f2b0ff8318d2877eec2f63b931bd47417a81a538327af927da3e,"Keep-Alive:timeout=5, max=9
Server:Apache/2.4.7 (Ubuntu)
Connection:Keep-Alive
Pragma:no-cache
Date:Mon, 11 May 2026 22:58:04 GMT
Cache-Control:no-store, no-cache, must-revalidate, post-check=0, pre-check=0
Content-Encoding:gzip
Vary:Accept-Encoding
Expires:Thu, 19 Nov 1981 08:52:00 GMT
Content-Length:1283
X-Powered-By:PHP/5.5.9-1ubuntu4.29
Content-Type:text/html
",b1913b4dfe5668c3225f6c5ba55ae9635652520a7c90fe6fd9888830d832f02bf194b7c87d78fc5154369d7b3d4ee832c93bcd5c63e0592aeee50c399a32cf05,200
http://web/calendar.php?date=1778626672,GET,"Cookie:PHPSESSID=ln650u8nlv3q8tu5t28nfj3qn7
Accept:text/html,application/xhtml+xml,application/xml;q=0.9,image/avif,image/webp,image/apng,*/*;q=0.8,application/signed-exchange;v=b3;q=0.9
User-Agent:Mozilla/5.0 (X11; Linux x86_64) AppleWebKit/537.36 (KHTML, like Gecko) Chrome/85.0.4183.102 Safari/537.36
Referer:http://web/calendar.php
Upgrade-Insecure-Requests:1
",cf83e1357eefb8bdf1542850d66d8007d620e4050b5715dc83f4a921d36ce9ce47d0d13c5d85f2b0ff8318d2877eec2f63b931bd47417a81a538327af927da3e,"Keep-Alive:timeout=5, max=24
Server:Apache/2.4.7 (Ubuntu)
Connection:Keep-Alive
Pragma:no-cache
Date:Mon, 11 May 2026 22:57:53 GMT
Cache-Control:no-store, no-cache, must-revalidate, post-check=0, pre-check=0
Content-Encoding:gzip
Vary:Accept-Encoding
Expires:Thu, 19 Nov 1981 08:52:00 GMT
Content-Length:944
X-Powered-By:PHP/5.5.9-1ubuntu4.29
Content-Type:text/html
",6d197f2b3477c2e047190bd8df9e0f88294502540222dcbf22a8e3b1537dbfee3f403100c64bcceae4996d3fb5e3b56c2b3a9bf99ee8747b2ff05ab1a87ce0dc,200
http://web/,GET,"Cookie:PHPSESSID=ln650u8nlv3q8tu5t28nfj3qn7
Accept:text/html,application/xhtml+xml,application/xml;q=0.9,image/avif,image/webp,image/apng,*/*;q=0.8,application/signed-exchange;v=b3;q=0.9
User-Agent:Mozilla/5.0 (X11; Linux x86_64) AppleWebKit/537.36 (KHTML, like Gecko) Chrome/85.0.4183.102 Safari/537.36
Referer:http://web/tos.php
Upgrade-Insecure-Requests:1
",cf83e1357eefb8bdf1542850d66d8007d620e4050b5715dc83f4a921d36ce9ce47d0d13c5d85f2b0ff8318d2877eec2f63b931bd47417a81a538327af927da3e,"Keep-Alive:timeout=5, max=89
Server:Apache/2.4.7 (Ubuntu)
Connection:Keep-Alive
Pragma:no-cache
Date:Mon, 11 May 2026 22:57:05 GMT
Cache-Control:no-store, no-cache, must-revalidate, post-check=0, pre-check=0
Content-Encoding:gzip
Vary:Accept-Encoding
Expires:Thu, 19 Nov 1981 08:52:00 GMT
Content-Length:1282
X-Powered-By:PHP/5.5.9-1ubuntu4.29
Content-Type:text/html
",41f2c19e7ece39689d3db4fe107f76368cac7d61847cc6e8a5b8cf3e1b1f57ea1a25e7ed3e60273434c9bfba8c092f7517a6fdba3b1562df3607531d58fb4409,200
http://web/,GET,"Cookie:PHPSESSID=ln650u8nlv3q8tu5t28nfj3qn7
Accept:text/html,application/xhtml+xml,application/xml;q=0.9,image/avif,image/webp,image/apng,*/*;q=0.8,application/signed-exchange;v=b3;q=0.9
User-Agent:Mozilla/5.0 (X11; Linux x86_64) AppleWebKit/537.36 (KHTML, like Gecko) Chrome/85.0.4183.102 Safari/537.36
Upgrade-Insecure-Requests:1
",cf83e1357eefb8bdf1542850d66d8007d620e4050b5715dc83f4a921d36ce9ce47d0d13c5d85f2b0ff8318d2877eec2f63b931bd47417a81a538327af927da3e,"Keep-Alive:timeout=5, max=13
Server:Apache/2.4.7 (Ubuntu)
Connection:Keep-Alive
Pragma:no-cache
Date:Mon, 11 May 2026 22:59:11 GMT
Cache-Control:no-store, no-cache, must-revalidate, post-check=0, pre-check=0
Content-Encoding:gzip
Vary:Accept-Encoding
Expires:Thu, 19 Nov 1981 08:52:00 GMT
Content-Length:1284
X-Powered-By:PHP/5.5.9-1ubuntu4.29
Content-Type:text/html
",75ebcd1210b31662868ca6a02c92a60320be4a82af9a76c25f2185b4a8c23cef53e1ae3d74c60ca90aef7ac3473f203d6c48cd25cda397c3b5479dbf7655c2b0,200
http://web/css/stylings.css,GET,"Cookie:PHPSESSID=ln650u8nlv3q8tu5t28nfj3qn7
Accept:text/css,*/*;q=0.1
User-Agent:Mozilla/5.0 (X11; Linux x86_64) AppleWebKit/537.36 (KHTML, like Gecko) Chrome/85.0.4183.102 Safari/537.36
Referer:http://web/users/login.php
",cf83e1357eefb8bdf1542850d66d8007d620e4050b5715dc83f4a921d36ce9ce47d0d13c5d85f2b0ff8318d2877eec2f63b931bd47417a81a538327af927da3e,"Server:Apache/2.4.7 (Ubuntu)
Last-Modified:Thu, 02 Feb 2017 22:24:09 GMT
Date:Mon, 11 May 2026 22:54:16 GMT
Accept-Ranges:bytes
ETag:""c29-547939fb8b440-gzip""
Content-Encoding:gzip
Vary:Accept-Encoding
Content-Length:838
Content-Type:text/css
",e6142d743628221ad60b6d12a0b444a077ed8ede2504b511ffffde908ffe459f09875b3901f9a63ec228906521c445248f9277e14f591205808d8dfc200df823,200
http://web/calendar.php,GET,"Cookie:PHPSESSID=ln650u8nlv3q8tu5t28nfj3qn7
Accept:text/html,application/xhtml+xml,application/xml;q=0.9,image/avif,image/webp,image/apng,*/*;q=0.8,application/signed-exchange;v=b3;q=0.9
User-Agent:Mozilla/5.0 (X11; Linux x86_64) AppleWebKit/537.36 (KHTML, like Gecko) Chrome/85.0.4183.102 Safari/537.36
Referer:http://web/
Upgrade-Insecure-Requests:1
",cf83e1357eefb8bdf1542850d66d8007d620e4050b5715dc83f4a921d36ce9ce47d0d13c5d85f2b0ff8318d2877eec2f63b931bd47417a81a538327af927da3e,"Keep-Alive:timeout=5, max=78
Server:Apache/2.4.7 (Ubuntu)
Connection:Keep-Alive
Pragma:no-cache
Date:Mon, 11 May 2026 22:58:26 GMT
Cache-Control:no-store, no-cache, must-revalidate, post-check=0, pre-check=0
Content-Encoding:gzip
Vary:Accept-Encoding
Expires:Thu, 19 Nov 1981 08:52:00 GMT
Content-Length:943
X-Powered-By:PHP/5.5.9-1ubuntu4.29
Content-Type:text/html
",fd7bc02b57ffa1495c62c64a2187a2bd876144bd547798a9af6fc5c5b8c79df20b4f608349f894e22c12beb3afe52657b8c239fa81ebc6959a22aa6cb6f69d17,200
http://web/,GET,"Cookie:PHPSESSID=ln650u8nlv3q8tu5t28nfj3qn7
Accept:text/html,application/xhtml+xml,application/xml;q=0.9,image/avif,image/webp,image/apng,*/*;q=0.8,application/signed-exchange;v=b3;q=0.9
User-Agent:Mozilla/5.0 (X11; Linux x86_64) AppleWebKit/537.36 (KHTML, like Gecko) Chrome/85.0.4183.102 Safari/537.36
Upgrade-Insecure-Requests:1
",cf83e1357eefb8bdf1542850d66d8007d620e4050b5715dc83f4a921d36ce9ce47d0d13c5d85f2b0ff8318d2877eec2f63b931bd47417a81a538327af927da3e,"Keep-Alive:timeout=5, max=17
Server:Apache/2.4.7 (Ubuntu)
Connection:Keep-Alive
Pragma:no-cache
Date:Mon, 11 May 2026 22:55:27 GMT
Cache-Control:no-store, no-cache, must-revalidate, post-check=0, pre-check=0
Content-Encoding:gzip
Vary:Accept-Encoding
Expires:Thu, 19 Nov 1981 08:52:00 GMT
Content-Length:1284
X-Powered-By:PHP/5.5.9-1ubuntu4.29
Content-Type:text/html
",59ec1a1bf044b03490f9848cff27b2e44922914014c190278fcf7d35a828e11224f902a1c1024b36c7103a6ae11d5f8fb338854575306f931c4ca144c32442bb,200
http://web/,GET,"Cookie:PHPSESSID=ln650u8nlv3q8tu5t28nfj3qn7
Accept:text/html,application/xhtml+xml,application/xml;q=0.9,image/avif,image/webp,image/apng,*/*;q=0.8,application/signed-exchange;v=b3;q=0.9
User-Agent:Mozilla/5.0 (X11; Linux x86_64) AppleWebKit/537.36 (KHTML, like Gecko) Chrome/85.0.4183.102 Safari/537.36
Upgrade-Insecure-Requests:1
",cf83e1357eefb8bdf1542850d66d8007d620e4050b5715dc83f4a921d36ce9ce47d0d13c5d85f2b0ff8318d2877eec2f63b931bd47417a81a538327af927da3e,"Keep-Alive:timeout=5, max=79
Server:Apache/2.4.7 (Ubuntu)
Connection:Keep-Alive
Pragma:no-cache
Date:Mon, 11 May 2026 22:55:56 GMT
Cache-Control:no-store, no-cache, must-revalidate, post-check=0, pre-check=0
Content-Encoding:gzip
Vary:Accept-Encoding
Expires:Thu, 19 Nov 1981 08:52:00 GMT
Content-Length:1283
X-Powered-By:PHP/5.5.9-1ubuntu4.29
Content-Type:text/html
",f9b0f9220f42579caae2606b33d6a069ca88fee90cbbd072b9d1be259f2f8a436375efc5cef52f73c53d2878ced281920137fae4a9a2649e3b94d0d885b49d7d,200
http://web/users/register.php,GET,"Cookie:PHPSESSID=ln650u8nlv3q8tu5t28nfj3qn7
Accept:text/html,application/xhtml+xml,application/xml;q=0.9,image/avif,image/webp,image/apng,*/*;q=0.8,application/signed-exchange;v=b3;q=0.9
User-Agent:Mozilla/5.0 (X11; Linux x86_64) AppleWebKit/537.36 (KHTML, like Gecko) Chrome/85.0.4183.102 Safari/537.36
Referer:http://web/
Upgrade-Insecure-Requests:1
",cf83e1357eefb8bdf1542850d66d8007d620e4050b5715dc83f4a921d36ce9ce47d0d13c5d85f2b0ff8318d2877eec2f63b931bd47417a81a538327af927da3e,"Keep-Alive:timeout=5, max=74
Server:Apache/2.4.7 (Ubuntu)
Connection:Keep-Alive
Pragma:no-cache
Date:Mon, 11 May 2026 22:56:00 GMT
Cache-Control:no-store, no-cache, must-revalidate, post-check=0, pre-check=0
Content-Encoding:gzip
Vary:Accept-Encoding
Expires:Thu, 19 Nov 1981 08:52:00 GMT
Content-Length:1100
X-Powered-By:PHP/5.5.9-1ubuntu4.29
Content-Type:text/html
",db3a0440847d1110c92488c4a9aab1df607e2ec294f1109d88b7e1200bca837baf6819470a72a0b550cbcd8192601370420d57724cbd6f79b704ec6abb62d060,200
http://web/,GET,"Cookie:PHPSESSID=ln650u8nlv3q8tu5t28nfj3qn7
Accept:text/html,application/xhtml+xml,application/xml;q=0.9,image/avif,image/webp,image/apng,*/*;q=0.8,application/signed-exchange;v=b3;q=0.9
User-Agent:Mozilla/5.0 (X11; Linux x86_64) AppleWebKit/537.36 (KHTML, like Gecko) Chrome/85.0.4183.102 Safari/537.36
Upgrade-Insecure-Requests:1
",cf83e1357eefb8bdf1542850d66d8007d620e4050b5715dc83f4a921d36ce9ce47d0d13c5d85f2b0ff8318d2877eec2f63b931bd47417a81a538327af927da3e,"Keep-Alive:timeout=5, max=86
Server:Apache/2.4.7 (Ubuntu)
Connection:Keep-Alive
Pragma:no-cache
Date:Mon, 11 May 2026 22:55:50 GMT
Cache-Control:no-store, no-cache, must-revalidate, post-check=0, pre-check=0
Content-Encoding:gzip
Vary:Accept-Encoding
Expires:Thu, 19 Nov 1981 08:52:00 GMT
Content-Length:1283
X-Powered-By:PHP/5.5.9-1ubuntu4.29
Content-Type:text/html
",461766beef66ca50894c72ee4a5ce87b43f758c7c94c14a555d179ddbfeee35eb99cfe5501416a8f46c76c70df6775f92d54581c36c44ed4946e482d8eb7e48c,200
http://web/,GET,"Cookie:PHPSESSID=ln650u8nlv3q8tu5t28nfj3qn7
Accept:text/html,application/xhtml+xml,application/xml;q=0.9,image/avif,image/webp,image/apng,*/*;q=0.8,application/signed-exchange;v=b3;q=0.9
User-Agent:Mozilla/5.0 (X11; Linux x86_64) AppleWebKit/537.36 (KHTML, like Gecko) Chrome/85.0.4183.102 Safari/537.36
Referer:http://web/calendar.php?date=1778626679
Upgrade-Insecure-Requests:1
",cf83e1357eefb8bdf1542850d66d8007d620e4050b5715dc83f4a921d36ce9ce47d0d13c5d85f2b0ff8318d2877eec2f63b931bd47417a81a538327af927da3e,"Keep-Alive:timeout=5, max=14
Server:Apache/2.4.7 (Ubuntu)
Connection:Keep-Alive
Pragma:no-cache
Date:Mon, 11 May 2026 22:58:01 GMT
Cache-Control:no-store, no-cache, must-revalidate, post-check=0, pre-check=0
Content-Encoding:gzip
Vary:Accept-Encoding
Expires:Thu, 19 Nov 1981 08:52:00 GMT
Content-Length:1282
X-Powered-By:PHP/5.5.9-1ubuntu4.29
Content-Type:text/html
",881a85fd2f6bdadb825777b7013f9bf2a64026d5b1727e18310b7d39560175e8a94f4ab4fb29f7f08651b2f40e460068a136a61426f499e2c1e00e57d57398d5,200
http://web/,GET,"Cookie:PHPSESSID=ln650u8nlv3q8tu5t28nfj3qn7
Accept:text/html,application/xhtml+xml,application/xml;q=0.9,image/avif,image/webp,image/apng,*/*;q=0.8,application/signed-exchange;v=b3;q=0.9
User-Agent:Mozilla/5.0 (X11; Linux x86_64) AppleWebKit/537.36 (KHTML, like Gecko) Chrome/85.0.4183.102 Safari/537.36
Upgrade-Insecure-Requests:1
",cf83e1357eefb8bdf1542850d66d8007d620e4050b5715dc83f4a921d36ce9ce47d0d13c5d85f2b0ff8318d2877eec2f63b931bd47417a81a538327af927da3e,"Keep-Alive:timeout=5, max=82
Server:Apache/2.4.7 (Ubuntu)
Connection:Keep-Alive
Pragma:no-cache
Date:Mon, 11 May 2026 22:55:54 GMT
Cache-Control:no-store, no-cache, must-revalidate, post-check=0, pre-check=0
Content-Encoding:gzip
Vary:Accept-Encoding
Expires:Thu, 19 Nov 1981 08:52:00 GMT
Content-Length:1282
X-Powered-By:PHP/5.5.9-1ubuntu4.29
Content-Type:text/html
",d472f32bacb4e277dfbe4151fc8face26dc90aa75a53b9b539ac68a2c9705742577b26f247303544239a06f2a704d9dbe75056e397300154bc12575a5ba1aea0,200
http://web/,GET,"Cookie:PHPSESSID=ln650u8nlv3q8tu5t28nfj3qn7
Accept:text/html,application/xhtml+xml,application/xml;q=0.9,image/avif,image/webp,image/apng,*/*;q=0.8,application/signed-exchange;v=b3;q=0.9
User-Agent:Mozilla/5.0 (X11; Linux x86_64) AppleWebKit/537.36 (KHTML, like Gecko) Chrome/85.0.4183.102 Safari/537.36
Referer:http://web/
Upgrade-Insecure-Requests:1
",cf83e1357eefb8bdf1542850d66d8007d620e4050b5715dc83f4a921d36ce9ce47d0d13c5d85f2b0ff8318d2877eec2f63b931bd47417a81a538327af927da3e,"Keep-Alive:timeout=5, max=96
Server:Apache/2.4.7 (Ubuntu)
Connection:Keep-Alive
Pragma:no-cache
Date:Mon, 11 May 2026 22:54:20 GMT
Cache-Control:no-store, no-cache, must-revalidate, post-check=0, pre-check=0
Content-Encoding:gzip
Vary:Accept-Encoding
Expires:Thu, 19 Nov 1981 08:52:00 GMT
Content-Length:1282
X-Powered-By:PHP/5.5.9-1ubuntu4.29
Content-Type:text/html
",17885e60058551ea22cc9c25813f9b3b0071cc1171ed7a084eb39bfb36ddefed33c9027c75398258702da8cb2f63988c3cbe16b7e3c80999abfc474371d9c45d,200
http://web/users/register.php,POST,"Origin:http://web
Cookie:PHPSESSID=ln650u8nlv3q8tu5t28nfj3qn7
Accept:text/html,application/xhtml+xml,application/xml;q=0.9,image/avif,image/webp,image/apng,*/*;q=0.8,application/signed-exchange;v=b3;q=0.9
User-Agent:Mozilla/5.0 (X11; Linux x86_64) AppleWebKit/537.36 (KHTML, like Gecko) Chrome/85.0.4183.102 Safari/537.36
Referer:http://web/users/register.php
Upgrade-Insecure-Requests:1
Content-Type:application/x-www-form-urlencoded
",153418a081cb3ad6510df5565c58a3343ef8c9c950a6198cf2c885fbd095b6f7a4f2966843ad7f7c455ceac3ad8c526189794b8cd0a299f51ec99b51fe46a4fb,"Keep-Alive:timeout=5, max=50
Server:Apache/2.4.7 (Ubuntu)
Connection:Keep-Alive
Pragma:no-cache
Date:Mon, 11 May 2026 22:56:20 GMT
Cache-Control:no-store, no-cache, must-revalidate, post-check=0, pre-check=0
Content-Encoding:gzip
Vary:Accept-Encoding
Expires:Thu, 19 Nov 1981 08:52:00 GMT
Content-Length:1100
X-Powered-By:PHP/5.5.9-1ubuntu4.29
Content-Type:text/html
",6ee0317f0c742b4e2e8661fac9fd919c6957f5901b377a29b031d276ddbdc084e952a87fdc5ca15cbc604aa0416562a49ee0b79559b63ae48a0a6bce5c5c3627,200
http://web/,GET,"Cookie:PHPSESSID=ln650u8nlv3q8tu5t28nfj3qn7
Accept:text/html,application/xhtml+xml,application/xml;q=0.9,image/avif,image/webp,image/apng,*/*;q=0.8,application/signed-exchange;v=b3;q=0.9
User-Agent:Mozilla/5.0 (X11; Linux x86_64) AppleWebKit/537.36 (KHTML, like Gecko) Chrome/85.0.4183.102 Safari/537.36
Upgrade-Insecure-Requests:1
",cf83e1357eefb8bdf1542850d66d8007d620e4050b5715dc83f4a921d36ce9ce47d0d13c5d85f2b0ff8318d2877eec2f63b931bd47417a81a538327af927da3e,"Keep-Alive:timeout=5, max=85
Server:Apache/2.4.7 (Ubuntu)
Connection:Keep-Alive
Pragma:no-cache
Date:Mon, 11 May 2026 22:57:09 GMT
Cache-Control:no-store, no-cache, must-revalidate, post-check=0, pre-check=0
Content-Encoding:gzip
Vary:Accept-Encoding
Expires:Thu, 19 Nov 1981 08:52:00 GMT
Content-Length:1282
X-Powered-By:PHP/5.5.9-1ubuntu4.29
Content-Type:text/html
",c9a58670473c33d97a7375cac8ca35855f0448c8e605428d228c976aae467aaf99a6dfe632e0cf4afe24afa6f22523eba4f0a04607add80cc2f54da1e3f61edd,200
http://web/guestbook.php,GET,"Cookie:PHPSESSID=ln650u8nlv3q8tu5t28nfj3qn7
Accept:text/html,application/xhtml+xml,application/xml;q=0.9,image/avif,image/webp,image/apng,*/*;q=0.8,application/signed-exchange;v=b3;q=0.9
User-Agent:Mozilla/5.0 (X11; Linux x86_64) AppleWebKit/537.36 (KHTML, like Gecko) Chrome/85.0.4183.102 Safari/537.36
Referer:http://web/
Upgrade-Insecure-Requests:1
",cf83e1357eefb8bdf1542850d66d8007d620e4050b5715dc83f4a921d36ce9ce47d0d13c5d85f2b0ff8318d2877eec2f63b931bd47417a81a538327af927da3e,"Keep-Alive:timeout=5, max=91
Server:Apache/2.4.7 (Ubuntu)
Connection:Keep-Alive
Pragma:no-cache
Date:Mon, 11 May 2026 22:55:46 GMT
Cache-Control:no-store, no-cache, must-revalidate, post-check=0, pre-check=0
Content-Encoding:gzip
Vary:Accept-Encoding
Expires:Thu, 19 Nov 1981 08:52:00 GMT
Content-Length:999
X-Powered-By:PHP/5.5.9-1ubuntu4.29
Content-Type:text/html
",1b47639cf6be84d4cc19f44c25fc1afb569dcc3c8348daf660983af07f2813e162eb88b342814f85f7e642ccb6c46623c24d8ebab03ec8c3343b5f408383ac74,200
http://web/calendar.php?date=1778713118,GET,"Cookie:PHPSESSID=ln650u8nlv3q8tu5t28nfj3qn7
Accept:text/html,application/xhtml+xml,application/xml;q=0.9,image/avif,image/webp,image/apng,*/*;q=0.8,application/signed-exchange;v=b3;q=0.9
User-Agent:Mozilla/5.0 (X11; Linux x86_64) AppleWebKit/537.36 (KHTML, like Gecko) Chrome/85.0.4183.102 Safari/537.36
Referer:http://web/calendar.php?date=1778626718
Upgrade-Insecure-Requests:1
",cf83e1357eefb8bdf1542850d66d8007d620e4050b5715dc83f4a921d36ce9ce47d0d13c5d85f2b0ff8318d2877eec2f63b931bd47417a81a538327af927da3e,"Keep-Alive:timeout=5, max=60
Server:Apache/2.4.7 (Ubuntu)
Connection:Keep-Alive
Pragma:no-cache
Date:Mon, 11 May 2026 22:58:39 GMT
Cache-Control:no-store, no-cache, must-revalidate, post-check=0, pre-check=0
Content-Encoding:gzip
Vary:Accept-Encoding
Expires:Thu, 19 Nov 1981 08:52:00 GMT
Content-Length:945
X-Powered-By:PHP/5.5.9-1ubuntu4.29
Content-Type:text/html
",bce1521d0674afcea2179bf8ee8d0b8705b5a5d87bcf07b05d25452f4996060bb72855261755dd9aa6e1963c6e751aded488dc72d4e934e14fe4cb364a96721b,200
http://web/admin/index.php?page=login,POST,"Origin:http://web
Cookie:PHPSESSID=ln650u8nlv3q8tu5t28nfj3qn7
Accept:text/html,application/xhtml+xml,application/xml;q=0.9,image/avif,image/webp,image/apng,*/*;q=0.8,application/signed-exchange;v=b3;q=0.9
User-Agent:Mozilla/5.0 (X11; Linux x86_64) AppleWebKit/537.36 (KHTML, like Gecko) Chrome/85.0.4183.102 Safari/537.36
Referer:http://web/admin/index.php?page=login
Upgrade-Insecure-Requests:1
Content-Type:application/x-www-form-urlencoded
",548377f2e5696d602ebea5cf51b1a44ec490373d18d7bf7279cdf508a0ebb68c5b213972afdf381cd9fc180c48a33f3bd2a8d32cb3ef18fd7254e3947c1ddf31,"Keep-Alive:timeout=5, max=78
Server:Apache/2.4.7 (Ubuntu)
Connection:Keep-Alive
Pragma:no-cache
Date:Mon, 11 May 2026 22:54:45 GMT
Cache-Control:no-store, no-cache, must-revalidate, post-check=0, pre-check=0
Content-Encoding:gzip
Vary:Accept-Encoding
Expires:Thu, 19 Nov 1981 08:52:00 GMT
Content-Length:217
X-Powered-By:PHP/5.5.9-1ubuntu4.29
Content-Type:text/html
",3509a77f8dc58c024f7d69d5e4d1aaa67c4cc90d3c94a87d504a0a80cf735ff8ac3e8b024991873b2154f0fdbf12c3c6e4da867df04eeadb847ae6dec0b2b87b,200
http://web/users/login.php,GET,"Cookie:PHPSESSID=ln650u8nlv3q8tu5t28nfj3qn7
Accept:text/html,application/xhtml+xml,application/xml;q=0.9,image/avif,image/webp,image/apng,*/*;q=0.8,application/signed-exchange;v=b3;q=0.9
User-Agent:Mozilla/5.0 (X11; Linux x86_64) AppleWebKit/537.36 (KHTML, like Gecko) Chrome/85.0.4183.102 Safari/537.36
Referer:http://web/pictures/recent.php
Upgrade-Insecure-Requests:1
",cf83e1357eefb8bdf1542850d66d8007d620e4050b5715dc83f4a921d36ce9ce47d0d13c5d85f2b0ff8318d2877eec2f63b931bd47417a81a538327af927da3e,"Keep-Alive:timeout=5, max=94
Server:Apache/2.4.7 (Ubuntu)
Connection:Keep-Alive
Pragma:no-cache
Date:Mon, 11 May 2026 22:54:30 GMT
Cache-Control:no-store, no-cache, must-revalidate, post-check=0, pre-check=0
Content-Encoding:gzip
Vary:Accept-Encoding
Expires:Thu, 19 Nov 1981 08:52:00 GMT
Content-Length:977
X-Powered-By:PHP/5.5.9-1ubuntu4.29
Content-Type:text/html
",83c84d7f76f36388a951782a49dbe6fb95becee6f4f3f18537751e90f13e3ff4be968b21f189f64f88da2e4fbd57dc605f25b437d86777a1e7e60ef9c212e2cf,200
http://web/users/register.php,GET,"Cookie:PHPSESSID=ln650u8nlv3q8tu5t28nfj3qn7
Accept:text/html,application/xhtml+xml,application/xml;q=0.9,image/avif,image/webp,image/apng,*/*;q=0.8,application/signed-exchange;v=b3;q=0.9
User-Agent:Mozilla/5.0 (X11; Linux x86_64) AppleWebKit/537.36 (KHTML, like Gecko) Chrome/85.0.4183.102 Safari/537.36
Referer:http://web/
Upgrade-Insecure-Requests:1
",cf83e1357eefb8bdf1542850d66d8007d620e4050b5715dc83f4a921d36ce9ce47d0d13c5d85f2b0ff8318d2877eec2f63b931bd47417a81a538327af927da3e,"Keep-Alive:timeout=5, max=71
Server:Apache/2.4.7 (Ubuntu)
Connection:Keep-Alive
Pragma:no-cache
Date:Mon, 11 May 2026 22:57:18 GMT
Cache-Control:no-store, no-cache, must-revalidate, post-check=0, pre-check=0
Content-Encoding:gzip
Vary:Accept-Encoding
Expires:Thu, 19 Nov 1981 08:52:00 GMT
Content-Length:1100
X-Powered-By:PHP/5.5.9-1ubuntu4.29
Content-Type:text/html
",a1dc3aa2f601dc0ceaf0ab15d2540ce441ad67b530e2bcfddc6fe4f969a01f0175192802460bdc62bb2ac542b68f1b12d2eb977655339d1ab2fc84bf16a213d9,200
http://web/calendar.php,GET,"Cookie:PHPSESSID=ln650u8nlv3q8tu5t28nfj3qn7
Accept:text/html,application/xhtml+xml,application/xml;q=0.9,image/avif,image/webp,image/apng,*/*;q=0.8,application/signed-exchange;v=b3;q=0.9
User-Agent:Mozilla/5.0 (X11; Linux x86_64) AppleWebKit/537.36 (KHTML, like Gecko) Chrome/85.0.4183.102 Safari/537.36
Referer:http://web/
Upgrade-Insecure-Requests:1
",cf83e1357eefb8bdf1542850d66d8007d620e4050b5715dc83f4a921d36ce9ce47d0d13c5d85f2b0ff8318d2877eec2f63b931bd47417a81a538327af927da3e,"Keep-Alive:timeout=5, max=13
Server:Apache/2.4.7 (Ubuntu)
Connection:Keep-Alive
Pragma:no-cache
Date:Mon, 11 May 2026 22:56:47 GMT
Cache-Control:no-store, no-cache, must-revalidate, post-check=0, pre-check=0
Content-Encoding:gzip
Vary:Accept-Encoding
Expires:Thu, 19 Nov 1981 08:52:00 GMT
Content-Length:943
X-Powered-By:PHP/5.5.9-1ubuntu4.29
Content-Type:text/html
",cb0318b724313846083bdb90bcf76b33d480eda8506207fe6de454a32bc78173b4cc892aee97d7dcc1955abeddd89f90a356fdd06e23255498037761261df888,200
http://web/users/login.php,GET,"Cookie:PHPSESSID=ln650u8nlv3q8tu5t28nfj3qn7
Accept:text/html,application/xhtml+xml,application/xml;q=0.9,image/avif,image/webp,image/apng,*/*;q=0.8,application/signed-exchange;v=b3;q=0.9
User-Agent:Mozilla/5.0 (X11; Linux x86_64) AppleWebKit/537.36 (KHTML, like Gecko) Chrome/85.0.4183.102 Safari/537.36
Referer:http://web/calendar.php?date=1778799521
Upgrade-Insecure-Requests:1
",cf83e1357eefb8bdf1542850d66d8007d620e4050b5715dc83f4a921d36ce9ce47d0d13c5d85f2b0ff8318d2877eec2f63b931bd47417a81a538327af927da3e,"Keep-Alive:timeout=5, max=52
Server:Apache/2.4.7 (Ubuntu)
Connection:Keep-Alive
Pragma:no-cache
Date:Mon, 11 May 2026 22:58:44 GMT
Cache-Control:no-store, no-cache, must-revalidate, post-check=0, pre-check=0
Content-Encoding:gzip
Vary:Accept-Encoding
Expires:Thu, 19 Nov 1981 08:52:00 GMT
Content-Length:976
X-Powered-By:PHP/5.5.9-1ubuntu4.29
Content-Type:text/html
",46ee415dfad8ddedb8559f7b0c8d4a942bada3df01b6962b03e4f8ab24b2c52ef3d7711ba154bf8fcf9ab92fe3e975e9052023842fa89331bd436b9793788742,200
http://web/pictures/recent.php,GET,"Cookie:PHPSESSID=ln650u8nlv3q8tu5t28nfj3qn7
Accept:text/html,application/xhtml+xml,application/xml;q=0.9,image/avif,image/webp,image/apng,*/*;q=0.8,application/signed-exchange;v=b3;q=0.9
User-Agent:Mozilla/5.0 (X11; Linux x86_64) AppleWebKit/537.36 (KHTML, like Gecko) Chrome/85.0.4183.102 Safari/537.36
Referer:http://web/calendar.php?date=1778799530
Upgrade-Insecure-Requests:1
",cf83e1357eefb8bdf1542850d66d8007d620e4050b5715dc83f4a921d36ce9ce47d0d13c5d85f2b0ff8318d2877eec2f63b931bd47417a81a538327af927da3e,"Keep-Alive:timeout=5, max=39
Server:Apache/2.4.7 (Ubuntu)
Connection:Keep-Alive
Pragma:no-cache
Date:Mon, 11 May 2026 22:58:52 GMT
Cache-Control:no-store, no-cache, must-revalidate, post-check=0, pre-check=0
Content-Encoding:gzip
Vary:Accept-Encoding
Expires:Thu, 19 Nov 1981 08:52:00 GMT
Content-Length:1088
X-Powered-By:PHP/5.5.9-1ubuntu4.29
Content-Type:text/html
",c47ee4ec82aa3dd3aa7c8cf116529f1c74d9615d8e81907d48a8e92ab9ea657ef82fbd05cd6760e7de45ef9af6e8155c82886979007214465d123dfabf80a694,200
http://web/,GET,"Cookie:PHPSESSID=ln650u8nlv3q8tu5t28nfj3qn7
Accept:text/html,application/xhtml+xml,application/xml;q=0.9,image/avif,image/webp,image/apng,*/*;q=0.8,application/signed-exchange;v=b3;q=0.9
User-Agent:Mozilla/5.0 (X11; Linux x86_64) AppleWebKit/537.36 (KHTML, like Gecko) Chrome/85.0.4183.102 Safari/537.36
Upgrade-Insecure-Requests:1
",cf83e1357eefb8bdf1542850d66d8007d620e4050b5715dc83f4a921d36ce9ce47d0d13c5d85f2b0ff8318d2877eec2f63b931bd47417a81a538327af927da3e,"Keep-Alive:timeout=5, max=56
Server:Apache/2.4.7 (Ubuntu)
Connection:Keep-Alive
Pragma:no-cache
Date:Mon, 11 May 2026 22:57:30 GMT
Cache-Control:no-store, no-cache, must-revalidate, post-check=0, pre-check=0
Content-Encoding:gzip
Vary:Accept-Encoding
Expires:Thu, 19 Nov 1981 08:52:00 GMT
Content-Length:1283
X-Powered-By:PHP/5.5.9-1ubuntu4.29
Content-Type:text/html
",77db2078de23ef788394542d46fea72c84544d4cfe8beaa323c501b055dd18fdb3833f943f45eaa7eac4da53a8f323f46d4eab2388726f9ffcf57ee9771446ef,200
http://web/calendar.php?date=1778713088,GET,"Cookie:PHPSESSID=ln650u8nlv3q8tu5t28nfj3qn7
Accept:text/html,application/xhtml+xml,application/xml;q=0.9,image/avif,image/webp,image/apng,*/*;q=0.8,application/signed-exchange;v=b3;q=0.9
User-Agent:Mozilla/5.0 (X11; Linux x86_64) AppleWebKit/537.36 (KHTML, like Gecko) Chrome/85.0.4183.102 Safari/537.36
Referer:http://web/calendar.php?date=1778626688
Upgrade-Insecure-Requests:1
",cf83e1357eefb8bdf1542850d66d8007d620e4050b5715dc83f4a921d36ce9ce47d0d13c5d85f2b0ff8318d2877eec2f63b931bd47417a81a538327af927da3e,"Keep-Alive:timeout=5, max=2
Server:Apache/2.4.7 (Ubuntu)
Connection:Keep-Alive
Pragma:no-cache
Date:Mon, 11 May 2026 22:58:09 GMT
Cache-Control:no-store, no-cache, must-revalidate, post-check=0, pre-check=0
Content-Encoding:gzip
Vary:Accept-Encoding
Expires:Thu, 19 Nov 1981 08:52:00 GMT
Content-Length:944
X-Powered-By:PHP/5.5.9-1ubuntu4.29
Content-Type:text/html
",ac9f333b9e22e28d4a28b43d3eef7a5c39d5dba500993c65028b9ee0d0298f4ff29806f10f4a8d46d6a8b542e226b27f61e4576d53c4d3f9b2f2cbceccfc8724,200
http://web/,GET,"Cookie:PHPSESSID=ln650u8nlv3q8tu5t28nfj3qn7
Accept:text/html,application/xhtml+xml,application/xml;q=0.9,image/avif,image/webp,image/apng,*/*;q=0.8,application/signed-exchange;v=b3;q=0.9
User-Agent:Mozilla/5.0 (X11; Linux x86_64) AppleWebKit/537.36 (KHTML, like Gecko) Chrome/85.0.4183.102 Safari/537.36
Upgrade-Insecure-Requests:1
",cf83e1357eefb8bdf1542850d66d8007d620e4050b5715dc83f4a921d36ce9ce47d0d13c5d85f2b0ff8318d2877eec2f63b931bd47417a81a538327af927da3e,"Keep-Alive:timeout=5, max=92
Server:Apache/2.4.7 (Ubuntu)
Connection:Keep-Alive
Pragma:no-cache
Date:Mon, 11 May 2026 22:55:45 GMT
Cache-Control:no-store, no-cache, must-revalidate, post-check=0, pre-check=0
Content-Encoding:gzip
Vary:Accept-Encoding
Expires:Thu, 19 Nov 1981 08:52:00 GMT
Content-Length:1283
X-Powered-By:PHP/5.5.9-1ubuntu4.29
Content-Type:text/html
",77f7fe12e8cefbfb824e7a35797ce9366c8eb6ee08e8d0d0cbf461a3b290c50c9526464885386c21b064328ce0f84172928b589fbb78b097046150aaea1a524e,200
http://web/tos.php,GET,"Cookie:PHPSESSID=ln650u8nlv3q8tu5t28nfj3qn7
Accept:text/html,application/xhtml+xml,application/xml;q=0.9,image/avif,image/webp,image/apng,*/*;q=0.8,application/signed-exchange;v=b3;q=0.9
User-Agent:Mozilla/5.0 (X11; Linux x86_64) AppleWebKit/537.36 (KHTML, like Gecko) Chrome/85.0.4183.102 Safari/537.36
Referer:http://web/calendar.php
Upgrade-Insecure-Requests:1
",cf83e1357eefb8bdf1542850d66d8007d620e4050b5715dc83f4a921d36ce9ce47d0d13c5d85f2b0ff8318d2877eec2f63b931bd47417a81a538327af927da3e,"Keep-Alive:timeout=5, max=90
Server:Apache/2.4.7 (Ubuntu)
Connection:Keep-Alive
Pragma:no-cache
Date:Mon, 11 May 2026 22:57:05 GMT
Cache-Control:no-store, no-cache, must-revalidate, post-check=0, pre-check=0
Content-Encoding:gzip
Vary:Accept-Encoding
Expires:Thu, 19 Nov 1981 08:52:00 GMT
Content-Length:10226
X-Powered-By:PHP/5.5.9-1ubuntu4.29
Content-Type:text/html
",b1e4ba58aa686877ba4f79e4f92f091eb6e28eee269f42f77699ed9f9341edc5bf44a5e83827ab6bd79a98b99a8e07c8683fa893d48ab4a6238e20e039d48d9b,200
http://web/,GET,"Cookie:PHPSESSID=ln650u8nlv3q8tu5t28nfj3qn7
Accept:text/html,application/xhtml+xml,application/xml;q=0.9,image/avif,image/webp,image/apng,*/*;q=0.8,application/signed-exchange;v=b3;q=0.9
User-Agent:Mozilla/5.0 (X11; Linux x86_64) AppleWebKit/537.36 (KHTML, like Gecko) Chrome/85.0.4183.102 Safari/537.36
Referer:http://web/calendar.php?date=1778713075
Upgrade-Insecure-Requests:1
",cf83e1357eefb8bdf1542850d66d8007d620e4050b5715dc83f4a921d36ce9ce47d0d13c5d85f2b0ff8318d2877eec2f63b931bd47417a81a538327af927da3e,"Keep-Alive:timeout=5, max=18
Server:Apache/2.4.7 (Ubuntu)
Connection:Keep-Alive
Pragma:no-cache
Date:Mon, 11 May 2026 22:57:57 GMT
Cache-Control:no-store, no-cache, must-revalidate, post-check=0, pre-check=0
Content-Encoding:gzip
Vary:Accept-Encoding
Expires:Thu, 19 Nov 1981 08:52:00 GMT
Content-Length:1283
X-Powered-By:PHP/5.5.9-1ubuntu4.29
Content-Type:text/html
",3f5c6e75e0ddb1f769117e048d238e2db2f7c5c293279a1d3b6d2be49066e72495ba6216aac25a0efecf874f084b8f1431c716545bbad8e02b65aa42d02c3bf1,200
http://web/guestbook.php,GET,"Cookie:PHPSESSID=ln650u8nlv3q8tu5t28nfj3qn7
Accept:text/html,application/xhtml+xml,application/xml;q=0.9,image/avif,image/webp,image/apng,*/*;q=0.8,application/signed-exchange;v=b3;q=0.9
User-Agent:Mozilla/5.0 (X11; Linux x86_64) AppleWebKit/537.36 (KHTML, like Gecko) Chrome/85.0.4183.102 Safari/537.36
Referer:http://web/
Upgrade-Insecure-Requests:1
",cf83e1357eefb8bdf1542850d66d8007d620e4050b5715dc83f4a921d36ce9ce47d0d13c5d85f2b0ff8318d2877eec2f63b931bd47417a81a538327af927da3e,"Keep-Alive:timeout=5, max=98
Server:Apache/2.4.7 (Ubuntu)
Connection:Keep-Alive
Pragma:no-cache
Date:Mon, 11 May 2026 22:55:40 GMT
Cache-Control:no-store, no-cache, must-revalidate, post-check=0, pre-check=0
Content-Encoding:gzip
Vary:Accept-Encoding
Expires:Thu, 19 Nov 1981 08:52:00 GMT
Content-Length:998
X-Powered-By:PHP/5.5.9-1ubuntu4.29
Content-Type:text/html
",3c7d778a4f76a7d9489f1739c9e239fdb4d6d13b3439c48603257c0d2ed26514efa2a38d8de15b208b92584718b02287e1ae904854c3c4ba44790ebe3f9e73ca,200
http://web/calendar.php,GET,"Cookie:PHPSESSID=ln650u8nlv3q8tu5t28nfj3qn7
Accept:text/html,application/xhtml+xml,application/xml;q=0.9,image/avif,image/webp,image/apng,*/*;q=0.8,application/signed-exchange;v=b3;q=0.9
User-Agent:Mozilla/5.0 (X11; Linux x86_64) AppleWebKit/537.36 (KHTML, like Gecko) Chrome/85.0.4183.102 Safari/537.36
Referer:http://web/
Upgrade-Insecure-Requests:1
",cf83e1357eefb8bdf1542850d66d8007d620e4050b5715dc83f4a921d36ce9ce47d0d13c5d85f2b0ff8318d2877eec2f63b931bd47417a81a538327af927da3e,"Keep-Alive:timeout=5, max=3
Server:Apache/2.4.7 (Ubuntu)
Connection:Keep-Alive
Pragma:no-cache
Date:Mon, 11 May 2026 22:56:54 GMT
Cache-Control:no-store, no-cache, must-revalidate, post-check=0, pre-check=0
Content-Encoding:gzip
Vary:Accept-Encoding
Expires:Thu, 19 Nov 1981 08:52:00 GMT
Content-Length:943
X-Powered-By:PHP/5.5.9-1ubuntu4.29
Content-Type:text/html
",abdd641abb7777af1aa52a4252faa6cf54264e4362688514bce7cd31b5ce93d7897c27d8049215ddfacfd5ee88d9fa5c9f293dc1632e35499cc66fcf720dea54,200
http://web/css/blueprint/print.css,GET,"Cookie:PHPSESSID=ln650u8nlv3q8tu5t28nfj3qn7
Accept:text/css,*/*;q=0.1
User-Agent:Mozilla/5.0 (X11; Linux x86_64) AppleWebKit/537.36 (KHTML, like Gecko) Chrome/85.0.4183.102 Safari/537.36
Referer:http://web/tos.php
",cf83e1357eefb8bdf1542850d66d8007d620e4050b5715dc83f4a921d36ce9ce47d0d13c5d85f2b0ff8318d2877eec2f63b931bd47417a81a538327af927da3e,"Server:Apache/2.4.7 (Ubuntu)
Last-Modified:Thu, 02 Feb 2017 22:24:09 GMT
Date:Mon, 11 May 2026 22:54:16 GMT
Accept-Ranges:bytes
ETag:""52d-547939fb8b440-gzip""
Content-Encoding:gzip
Vary:Accept-Encoding
Content-Length:674
Content-Type:text/css
",382bc7f4ad396de8dacb65598554ab8e1fe76b268c9b97e377be5fe694d07688463ac138e683332f401b64a7a2e8418a2a9f7f9d96e548ee8581d228368f7524,200
http://web/,GET,"Cookie:PHPSESSID=ln650u8nlv3q8tu5t28nfj3qn7
Accept:text/html,application/xhtml+xml,application/xml;q=0.9,image/avif,image/webp,image/apng,*/*;q=0.8,application/signed-exchange;v=b3;q=0.9
User-Agent:Mozilla/5.0 (X11; Linux x86_64) AppleWebKit/537.36 (KHTML, like Gecko) Chrome/85.0.4183.102 Safari/537.36
Upgrade-Insecure-Requests:1
",cf83e1357eefb8bdf1542850d66d8007d620e4050b5715dc83f4a921d36ce9ce47d0d13c5d85f2b0ff8318d2877eec2f63b931bd47417a81a538327af927da3e,"Keep-Alive:timeout=5, max=96
Server:Apache/2.4.7 (Ubuntu)
Connection:Keep-Alive
Pragma:no-cache
Date:Mon, 11 May 2026 22:55:42 GMT
Cache-Control:no-store, no-cache, must-revalidate, post-check=0, pre-check=0
Content-Encoding:gzip
Vary:Accept-Encoding
Expires:Thu, 19 Nov 1981 08:52:00 GMT
Content-Length:1284
X-Powered-By:PHP/5.5.9-1ubuntu4.29
Content-Type:text/html
",c3bc3f28ff95bdea656788f5547bd0097eddb7df942c9eee12efa810874ca7b12c267f9950c813af7967f023e7be89996dc6076da2a890e9f0bcfcfc67d9919e,200
http://web/pictures/recent.php,GET,"Cookie:PHPSESSID=ln650u8nlv3q8tu5t28nfj3qn7
Accept:text/html,application/xhtml+xml,application/xml;q=0.9,image/avif,image/webp,image/apng,*/*;q=0.8,application/signed-exchange;v=b3;q=0.9
User-Agent:Mozilla/5.0 (X11; Linux x86_64) AppleWebKit/537.36 (KHTML, like Gecko) Chrome/85.0.4183.102 Safari/537.36
Referer:http://web/
Upgrade-Insecure-Requests:1
",cf83e1357eefb8bdf1542850d66d8007d620e4050b5715dc83f4a921d36ce9ce47d0d13c5d85f2b0ff8318d2877eec2f63b931bd47417a81a538327af927da3e,"Keep-Alive:timeout=5, max=28
Server:Apache/2.4.7 (Ubuntu)
Connection:Keep-Alive
Pragma:no-cache
Date:Mon, 11 May 2026 22:55:20 GMT
Cache-Control:no-store, no-cache, must-revalidate, post-check=0, pre-check=0
Content-Encoding:gzip
Vary:Accept-Encoding
Expires:Thu, 19 Nov 1981 08:52:00 GMT
Content-Length:1088
X-Powered-By:PHP/5.5.9-1ubuntu4.29
Content-Type:text/html
",1f51ea9da835d9e4c11dc6dee5dd1fa99631ae5ead72556f5dc5d320da85b7e0036ff9893953f06d944f96995005b4197fddbeafd175bf583491015c76084a8a,200
http://web/users/register.php,GET,"Cookie:PHPSESSID=ln650u8nlv3q8tu5t28nfj3qn7
Accept:text/html,application/xhtml+xml,application/xml;q=0.9,image/avif,image/webp,image/apng,*/*;q=0.8,application/signed-exchange;v=b3;q=0.9
User-Agent:Mozilla/5.0 (X11; Linux x86_64) AppleWebKit/537.36 (KHTML, like Gecko) Chrome/85.0.4183.102 Safari/537.36
Referer:http://web/users/login.php
Upgrade-Insecure-Requests:1
",cf83e1357eefb8bdf1542850d66d8007d620e4050b5715dc83f4a921d36ce9ce47d0d13c5d85f2b0ff8318d2877eec2f63b931bd47417a81a538327af927da3e,"Keep-Alive:timeout=5, max=87
Server:Apache/2.4.7 (Ubuntu)
Connection:Keep-Alive
Pragma:no-cache
Date:Mon, 11 May 2026 22:54:36 GMT
Cache-Control:no-store, no-cache, must-revalidate, post-check=0, pre-check=0
Content-Encoding:gzip
Vary:Accept-Encoding
Expires:Thu, 19 Nov 1981 08:52:00 GMT
Content-Length:1099
X-Powered-By:PHP/5.5.9-1ubuntu4.29
Content-Type:text/html
",09df1e94cf30316b1250c3681c4a86b8dc4e4387a8f5cb82f53494c295009e5f94a520f4b574cd395f3e38ef82ac2c9255f48b8d0798f9e5e51e6a1abfcada87,200
http://web/users/sample.php?userid=1,GET,"Cookie:PHPSESSID=ln650u8nlv3q8tu5t28nfj3qn7
Accept:text/html,application/xhtml+xml,application/xml;q=0.9,image/avif,image/webp,image/apng,*/*;q=0.8,application/signed-exchange;v=b3;q=0.9
User-Agent:Mozilla/5.0 (X11; Linux x86_64) AppleWebKit/537.36 (KHTML, like Gecko) Chrome/85.0.4183.102 Safari/537.36
Referer:http://web/
Upgrade-Insecure-Requests:1
",cf83e1357eefb8bdf1542850d66d8007d620e4050b5715dc83f4a921d36ce9ce47d0d13c5d85f2b0ff8318d2877eec2f63b931bd47417a81a538327af927da3e,"Keep-Alive:timeout=5, max=48
Server:Apache/2.4.7 (Ubuntu)
Connection:Keep-Alive
Pragma:no-cache
Date:Mon, 11 May 2026 22:56:22 GMT
Cache-Control:no-store, no-cache, must-revalidate, post-check=0, pre-check=0
Content-Encoding:gzip
Vary:Accept-Encoding
Expires:Thu, 19 Nov 1981 08:52:00 GMT
Content-Length:982
X-Powered-By:PHP/5.5.9-1ubuntu4.29
Content-Type:text/html
",863506adc45214105882f9fe9da80878d6470d3a44f0ddebfde8b43c83eed901b2e928e995a418f5c8d96eb071c8081b4896002b350f8e7a74f9366a427ab5fc,200
http://web/calendar.php?date=1778713092,GET,"Cookie:PHPSESSID=ln650u8nlv3q8tu5t28nfj3qn7
Accept:text/html,application/xhtml+xml,application/xml;q=0.9,image/avif,image/webp,image/apng,*/*;q=0.8,application/signed-exchange;v=b3;q=0.9
User-Agent:Mozilla/5.0 (X11; Linux x86_64) AppleWebKit/537.36 (KHTML, like Gecko) Chrome/85.0.4183.102 Safari/537.36
Referer:http://web/calendar.php?date=1778626692
Upgrade-Insecure-Requests:1
",cf83e1357eefb8bdf1542850d66d8007d620e4050b5715dc83f4a921d36ce9ce47d0d13c5d85f2b0ff8318d2877eec2f63b931bd47417a81a538327af927da3e,"Keep-Alive:timeout=5, max=97
Server:Apache/2.4.7 (Ubuntu)
Connection:Keep-Alive
Pragma:no-cache
Date:Mon, 11 May 2026 22:58:13 GMT
Cache-Control:no-store, no-cache, must-revalidate, post-check=0, pre-check=0
Content-Encoding:gzip
Vary:Accept-Encoding
Expires:Thu, 19 Nov 1981 08:52:00 GMT
Content-Length:945
X-Powered-By:PHP/5.5.9-1ubuntu4.29
Content-Type:text/html
",000d58be0ffd16303f4bae1d150ed55a2bf546ae9ec7c1dff1d0f430840b613fb3c29e29488d9993295c203ccdd6fd1b4256fc2bc96752d0f5b74a5add2cd410,200
http://web/pictures/recent.php,GET,"Cookie:PHPSESSID=ln650u8nlv3q8tu5t28nfj3qn7
Accept:text/html,application/xhtml+xml,application/xml;q=0.9,image/avif,image/webp,image/apng,*/*;q=0.8,application/signed-exchange;v=b3;q=0.9
User-Agent:Mozilla/5.0 (X11; Linux x86_64) AppleWebKit/537.36 (KHTML, like Gecko) Chrome/85.0.4183.102 Safari/537.36
Referer:http://web/
Upgrade-Insecure-Requests:1
",cf83e1357eefb8bdf1542850d66d8007d620e4050b5715dc83f4a921d36ce9ce47d0d13c5d85f2b0ff8318d2877eec2f63b931bd47417a81a538327af927da3e,"Keep-Alive:timeout=5, max=53
Server:Apache/2.4.7 (Ubuntu)
Connection:Keep-Alive
Pragma:no-cache
Date:Mon, 11 May 2026 22:55:04 GMT
Cache-Control:no-store, no-cache, must-revalidate, post-check=0, pre-check=0
Content-Encoding:gzip
Vary:Accept-Encoding
Expires:Thu, 19 Nov 1981 08:52:00 GMT
Content-Length:1089
X-Powered-By:PHP/5.5.9-1ubuntu4.29
Content-Type:text/html
",df2d77388ab474d660b845a19d43b09bbb7767b42513f1a356d5a735cd9edfa0a575ac1ed41d4ceade124c32aa952c3203233e8392782848e06c81f3e2d4528f,200
http://web/users/home.php,GET,"Cookie:PHPSESSID=ln650u8nlv3q8tu5t28nfj3qn7
Accept:text/html,application/xhtml+xml,application/xml;q=0.9,image/avif,image/webp,image/apng,*/*;q=0.8,application/signed-exchange;v=b3;q=0.9
User-Agent:Mozilla/5.0 (X11; Linux x86_64) AppleWebKit/537.36 (KHTML, like Gecko) Chrome/85.0.4183.102 Safari/537.36
Referer:http://web/passcheck.php
Upgrade-Insecure-Requests:1
",cf83e1357eefb8bdf1542850d66d8007d620e4050b5715dc83f4a921d36ce9ce47d0d13c5d85f2b0ff8318d2877eec2f63b931bd47417a81a538327af927da3e,"Keep-Alive:timeout=5, max=79
Server:Apache/2.4.7 (Ubuntu)
Connection:Keep-Alive
Pragma:no-cache
Date:Mon, 11 May 2026 22:57:13 GMT
Cache-Control:no-store, no-cache, must-revalidate, post-check=0, pre-check=0
Expires:Thu, 19 Nov 1981 08:52:00 GMT
Content-Length:41
X-Powered-By:PHP/5.5.9-1ubuntu4.29
Location:/users/login.php
Content-Type:text/html
",cf83e1357eefb8bdf1542850d66d8007d620e4050b5715dc83f4a921d36ce9ce47d0d13c5d85f2b0ff8318d2877eec2f63b931bd47417a81a538327af927da3e,303
http://web/,GET,"Cookie:PHPSESSID=ln650u8nlv3q8tu5t28nfj3qn7
Accept:text/html,application/xhtml+xml,application/xml;q=0.9,image/avif,image/webp,image/apng,*/*;q=0.8,application/signed-exchange;v=b3;q=0.9
User-Agent:Mozilla/5.0 (X11; Linux x86_64) AppleWebKit/537.36 (KHTML, like Gecko) Chrome/85.0.4183.102 Safari/537.36
Upgrade-Insecure-Requests:1
",cf83e1357eefb8bdf1542850d66d8007d620e4050b5715dc83f4a921d36ce9ce47d0d13c5d85f2b0ff8318d2877eec2f63b931bd47417a81a538327af927da3e,"Keep-Alive:timeout=5, max=56
Server:Apache/2.4.7 (Ubuntu)
Connection:Keep-Alive
Pragma:no-cache
Date:Mon, 11 May 2026 22:56:15 GMT
Cache-Control:no-store, no-cache, must-revalidate, post-check=0, pre-check=0
Content-Encoding:gzip
Vary:Accept-Encoding
Expires:Thu, 19 Nov 1981 08:52:00 GMT
Content-Length:1284
X-Powered-By:PHP/5.5.9-1ubuntu4.29
Content-Type:text/html
",8f2accf60a1a57af288d2a9fcfa462075df590cbb1dae6be9743cd2679726aca35dedb4a9343f545744a0a17c74c60662e9414b4186fc3fc76fec2e48750963d,200
http://web/admin/index.php?page=login,GET,"Cookie:PHPSESSID=ln650u8nlv3q8tu5t28nfj3qn7
Accept:text/html,application/xhtml+xml,application/xml;q=0.9,image/avif,image/webp,image/apng,*/*;q=0.8,application/signed-exchange;v=b3;q=0.9
User-Agent:Mozilla/5.0 (X11; Linux x86_64) AppleWebKit/537.36 (KHTML, like Gecko) Chrome/85.0.4183.102 Safari/537.36
Referer:http://web/tos.php
Upgrade-Insecure-Requests:1
",cf83e1357eefb8bdf1542850d66d8007d620e4050b5715dc83f4a921d36ce9ce47d0d13c5d85f2b0ff8318d2877eec2f63b931bd47417a81a538327af927da3e,"Keep-Alive:timeout=5, max=86
Server:Apache/2.4.7 (Ubuntu)
Connection:Keep-Alive
Pragma:no-cache
Date:Mon, 11 May 2026 22:57:08 GMT
Cache-Control:no-store, no-cache, must-revalidate, post-check=0, pre-check=0
Content-Encoding:gzip
Vary:Accept-Encoding
Expires:Thu, 19 Nov 1981 08:52:00 GMT
Content-Length:216
X-Powered-By:PHP/5.5.9-1ubuntu4.29
Content-Type:text/html
",accb5a6a062a8e5cc525826ea94675557c78f03f5644ea1296e8fdb5661be903ba7cc742fbd9123c6f7488d49e552ece0ac2c5eac8a7d65e8fd7704958114319,200
http://web/guestbook.php,GET,"Cookie:PHPSESSID=ln650u8nlv3q8tu5t28nfj3qn7
Accept:text/html,application/xhtml+xml,application/xml;q=0.9,image/avif,image/webp,image/apng,*/*;q=0.8,application/signed-exchange;v=b3;q=0.9
User-Agent:Mozilla/5.0 (X11; Linux x86_64) AppleWebKit/537.36 (KHTML, like Gecko) Chrome/85.0.4183.102 Safari/537.36
Referer:http://web/tos.php
Upgrade-Insecure-Requests:1
",cf83e1357eefb8bdf1542850d66d8007d620e4050b5715dc83f4a921d36ce9ce47d0d13c5d85f2b0ff8318d2877eec2f63b931bd47417a81a538327af927da3e,"Keep-Alive:timeout=5, max=53
Server:Apache/2.4.7 (Ubuntu)
Connection:Keep-Alive
Pragma:no-cache
Date:Mon, 11 May 2026 22:56:18 GMT
Cache-Control:no-store, no-cache, must-revalidate, post-check=0, pre-check=0
Content-Encoding:gzip
Vary:Accept-Encoding
Expires:Thu, 19 Nov 1981 08:52:00 GMT
Content-Length:999
X-Powered-By:PHP/5.5.9-1ubuntu4.29
Content-Type:text/html
",c632ae0a19f5fb18c05f133016b0d5d4a72cd1ab27a29d256a1bfa07738618ece3fce1013f1ce882e45f8d560c4abc705da8f1fbbdb5579716d35814b7212b3f,200
http://web/,GET,"Cookie:PHPSESSID=ln650u8nlv3q8tu5t28nfj3qn7
Accept:text/html,application/xhtml+xml,application/xml;q=0.9,image/avif,image/webp,image/apng,*/*;q=0.8,application/signed-exchange;v=b3;q=0.9
User-Agent:Mozilla/5.0 (X11; Linux x86_64) AppleWebKit/537.36 (KHTML, like Gecko) Chrome/85.0.4183.102 Safari/537.36
Referer:http://web/guestbook.php
Upgrade-Insecure-Requests:1
",cf83e1357eefb8bdf1542850d66d8007d620e4050b5715dc83f4a921d36ce9ce47d0d13c5d85f2b0ff8318d2877eec2f63b931bd47417a81a538327af927da3e,"Keep-Alive:timeout=5, max=92
Server:Apache/2.4.7 (Ubuntu)
Connection:Keep-Alive
Pragma:no-cache
Date:Mon, 11 May 2026 22:54:33 GMT
Cache-Control:no-store, no-cache, must-revalidate, post-check=0, pre-check=0
Content-Encoding:gzip
Vary:Accept-Encoding
Expires:Thu, 19 Nov 1981 08:52:00 GMT
Content-Length:1283
X-Powered-By:PHP/5.5.9-1ubuntu4.29
Content-Type:text/html
",5eab4fdec8a3e7261bf07504360d8d97a67622966ec5cf3c98883f6e1d4eeec4da0c5d1c2f0029451ad10662d0f0bfa9f4d9971f7c1b5551e1776a193caae01a,200
http://web/pictures/recent.php,GET,"Cookie:PHPSESSID=ln650u8nlv3q8tu5t28nfj3qn7
Accept:text/html,application/xhtml+xml,application/xml;q=0.9,image/avif,image/webp,image/apng,*/*;q=0.8,application/signed-exchange;v=b3;q=0.9
User-Agent:Mozilla/5.0 (X11; Linux x86_64) AppleWebKit/537.36 (KHTML, like Gecko) Chrome/85.0.4183.102 Safari/537.36
Referer:http://web/calendar.php
Upgrade-Insecure-Requests:1
",cf83e1357eefb8bdf1542850d66d8007d620e4050b5715dc83f4a921d36ce9ce47d0d13c5d85f2b0ff8318d2877eec2f63b931bd47417a81a538327af927da3e,"Keep-Alive:timeout=5, max=8
Server:Apache/2.4.7 (Ubuntu)
Connection:Keep-Alive
Pragma:no-cache
Date:Mon, 11 May 2026 22:56:50 GMT
Cache-Control:no-store, no-cache, must-revalidate, post-check=0, pre-check=0
Content-Encoding:gzip
Vary:Accept-Encoding
Expires:Thu, 19 Nov 1981 08:52:00 GMT
Content-Length:1088
X-Powered-By:PHP/5.5.9-1ubuntu4.29
Content-Type:text/html
",050c978a7c7f9c4f316faf6a3218e06ed9f22e37e6fba98f3b4512a30bc5c3dfc38771c3b24058f21533a34b1e26b0898ebc57e56104be5665442eec941886c3,200
http://web/css/blueprint/print.css,GET,"Cookie:PHPSESSID=ln650u8nlv3q8tu5t28nfj3qn7
Accept:text/css,*/*;q=0.1
User-Agent:Mozilla/5.0 (X11; Linux x86_64) AppleWebKit/537.36 (KHTML, like Gecko) Chrome/85.0.4183.102 Safari/537.36
Referer:http://web/users/register.php
",cf83e1357eefb8bdf1542850d66d8007d620e4050b5715dc83f4a921d36ce9ce47d0d13c5d85f2b0ff8318d2877eec2f63b931bd47417a81a538327af927da3e,"Server:Apache/2.4.7 (Ubuntu)
Last-Modified:Thu, 02 Feb 2017 22:24:09 GMT
Date:Mon, 11 May 2026 22:54:16 GMT
Accept-Ranges:bytes
ETag:""52d-547939fb8b440-gzip""
Content-Encoding:gzip
Vary:Accept-Encoding
Content-Length:674
Content-Type:text/css
",382bc7f4ad396de8dacb65598554ab8e1fe76b268c9b97e377be5fe694d07688463ac138e683332f401b64a7a2e8418a2a9f7f9d96e548ee8581d228368f7524,200
http://web/,GET,"Cookie:PHPSESSID=ln650u8nlv3q8tu5t28nfj3qn7
Accept:text/html,application/xhtml+xml,application/xml;q=0.9,image/avif,image/webp,image/apng,*/*;q=0.8,application/signed-exchange;v=b3;q=0.9
User-Agent:Mozilla/5.0 (X11; Linux x86_64) AppleWebKit/537.36 (KHTML, like Gecko) Chrome/85.0.4183.102 Safari/537.36
Referer:http://web/users/login.php
Upgrade-Insecure-Requests:1
",cf83e1357eefb8bdf1542850d66d8007d620e4050b5715dc83f4a921d36ce9ce47d0d13c5d85f2b0ff8318d2877eec2f63b931bd47417a81a538327af927da3e,"Keep-Alive:timeout=5, max=84
Server:Apache/2.4.7 (Ubuntu)
Connection:Keep-Alive
Pragma:no-cache
Date:Mon, 11 May 2026 22:54:40 GMT
Cache-Control:no-store, no-cache, must-revalidate, post-check=0, pre-check=0
Content-Encoding:gzip
Vary:Accept-Encoding
Expires:Thu, 19 Nov 1981 08:52:00 GMT
Content-Length:1284
X-Powered-By:PHP/5.5.9-1ubuntu4.29
Content-Type:text/html
",e2216ff56b03571f89decd90d9383a5f5360b012e121695c668695cfb00ac61721035ffe3fce9f2cd5d477db23b333835feec64c6f5e3b18d3dafd9aea53fd3a,200
http://web/users/register.php,GET,"Cookie:PHPSESSID=ln650u8nlv3q8tu5t28nfj3qn7
Accept:text/html,application/xhtml+xml,application/xml;q=0.9,image/avif,image/webp,image/apng,*/*;q=0.8,application/signed-exchange;v=b3;q=0.9
User-Agent:Mozilla/5.0 (X11; Linux x86_64) AppleWebKit/537.36 (KHTML, like Gecko) Chrome/85.0.4183.102 Safari/537.36
Referer:http://web/
Upgrade-Insecure-Requests:1
",cf83e1357eefb8bdf1542850d66d8007d620e4050b5715dc83f4a921d36ce9ce47d0d13c5d85f2b0ff8318d2877eec2f63b931bd47417a81a538327af927da3e,"Keep-Alive:timeout=5, max=55
Server:Apache/2.4.7 (Ubuntu)
Connection:Keep-Alive
Pragma:no-cache
Date:Mon, 11 May 2026 22:56:16 GMT
Cache-Control:no-store, no-cache, must-revalidate, post-check=0, pre-check=0
Content-Encoding:gzip
Vary:Accept-Encoding
Expires:Thu, 19 Nov 1981 08:52:00 GMT
Content-Length:1100
X-Powered-By:PHP/5.5.9-1ubuntu4.29
Content-Type:text/html
",8e3537d2eba84d8bf89004cf07c0c05badafb7953d42245d609c1a3351e37be5c58017bd6c03ba9f4df606a5558877982f5f7c4b03d0131cc9822d9b46113a93,200
http://web/,GET,"Cookie:PHPSESSID=ln650u8nlv3q8tu5t28nfj3qn7
Accept:text/html,application/xhtml+xml,application/xml;q=0.9,image/avif,image/webp,image/apng,*/*;q=0.8,application/signed-exchange;v=b3;q=0.9
User-Agent:Mozilla/5.0 (X11; Linux x86_64) AppleWebKit/537.36 (KHTML, like Gecko) Chrome/85.0.4183.102 Safari/537.36
Upgrade-Insecure-Requests:1
",cf83e1357eefb8bdf1542850d66d8007d620e4050b5715dc83f4a921d36ce9ce47d0d13c5d85f2b0ff8318d2877eec2f63b931bd47417a81a538327af927da3e,"Keep-Alive:timeout=5, max=49
Server:Apache/2.4.7 (Ubuntu)
Connection:Keep-Alive
Pragma:no-cache
Date:Mon, 11 May 2026 22:56:21 GMT
Cache-Control:no-store, no-cache, must-revalidate, post-check=0, pre-check=0
Content-Encoding:gzip
Vary:Accept-Encoding
Expires:Thu, 19 Nov 1981 08:52:00 GMT
Content-Length:1284
X-Powered-By:PHP/5.5.9-1ubuntu4.29
Content-Type:text/html
",605a31cb22c7c30cde6f65cac7ffcd28d2fb7c4cc8373f2f5698c5f05e51aa42f40c6cd2bd4435c27973a3af9f1b6544d397c7a9db8bba73d662d5564e96ca13,200
http://web/users/register.php,GET,"Cookie:PHPSESSID=ln650u8nlv3q8tu5t28nfj3qn7
Accept:text/html,application/xhtml+xml,application/xml;q=0.9,image/avif,image/webp,image/apng,*/*;q=0.8,application/signed-exchange;v=b3;q=0.9
User-Agent:Mozilla/5.0 (X11; Linux x86_64) AppleWebKit/537.36 (KHTML, like Gecko) Chrome/85.0.4183.102 Safari/537.36
Referer:http://web/
Upgrade-Insecure-Requests:1
",cf83e1357eefb8bdf1542850d66d8007d620e4050b5715dc83f4a921d36ce9ce47d0d13c5d85f2b0ff8318d2877eec2f63b931bd47417a81a538327af927da3e,"Keep-Alive:timeout=5, max=65
Server:Apache/2.4.7 (Ubuntu)
Connection:Keep-Alive
Pragma:no-cache
Date:Mon, 11 May 2026 22:56:07 GMT
Cache-Control:no-store, no-cache, must-revalidate, post-check=0, pre-check=0
Content-Encoding:gzip
Vary:Accept-Encoding
Expires:Thu, 19 Nov 1981 08:52:00 GMT
Content-Length:1100
X-Powered-By:PHP/5.5.9-1ubuntu4.29
Content-Type:text/html
",2dc337fdf0cbb2e937f8c53ac14f1341cf2cee0df50e58c44fee2cbaf89fbaa461a2f5f2d634b9ef4c89510b6ac6e9cadcba4551d9f3490e19886757df09f2bc,200
http://web/,GET,"Cookie:PHPSESSID=ln650u8nlv3q8tu5t28nfj3qn7
Accept:text/html,application/xhtml+xml,application/xml;q=0.9,image/avif,image/webp,image/apng,*/*;q=0.8,application/signed-exchange;v=b3;q=0.9
User-Agent:Mozilla/5.0 (X11; Linux x86_64) AppleWebKit/537.36 (KHTML, like Gecko) Chrome/85.0.4183.102 Safari/537.36
Upgrade-Insecure-Requests:1
",cf83e1357eefb8bdf1542850d66d8007d620e4050b5715dc83f4a921d36ce9ce47d0d13c5d85f2b0ff8318d2877eec2f63b931bd47417a81a538327af927da3e,"Keep-Alive:timeout=5, max=59
Server:Apache/2.4.7 (Ubuntu)
Connection:Keep-Alive
Pragma:no-cache
Date:Mon, 11 May 2026 22:56:13 GMT
Cache-Control:no-store, no-cache, must-revalidate, post-check=0, pre-check=0
Content-Encoding:gzip
Vary:Accept-Encoding
Expires:Thu, 19 Nov 1981 08:52:00 GMT
Content-Length:1284
X-Powered-By:PHP/5.5.9-1ubuntu4.29
Content-Type:text/html
",b0543702fa2139ec04a111c4561b5036f27519f6d2654513c5a2313ef6c8419850e789bcbd4bb0697b69e1932489c071b25c84eaf6c9acf20b1ec265d58b0acb,200
http://web/guestbook.php,GET,"Cookie:PHPSESSID=ln650u8nlv3q8tu5t28nfj3qn7
Accept:text/html,application/xhtml+xml,application/xml;q=0.9,image/avif,image/webp,image/apng,*/*;q=0.8,application/signed-exchange;v=b3;q=0.9
User-Agent:Mozilla/5.0 (X11; Linux x86_64) AppleWebKit/537.36 (KHTML, like Gecko) Chrome/85.0.4183.102 Safari/537.36
Referer:http://web/
Upgrade-Insecure-Requests:1
",cf83e1357eefb8bdf1542850d66d8007d620e4050b5715dc83f4a921d36ce9ce47d0d13c5d85f2b0ff8318d2877eec2f63b931bd47417a81a538327af927da3e,"Keep-Alive:timeout=5, max=85
Server:Apache/2.4.7 (Ubuntu)
Connection:Keep-Alive
Pragma:no-cache
Date:Mon, 11 May 2026 22:55:51 GMT
Cache-Control:no-store, no-cache, must-revalidate, post-check=0, pre-check=0
Content-Encoding:gzip
Vary:Accept-Encoding
Expires:Thu, 19 Nov 1981 08:52:00 GMT
Content-Length:999
X-Powered-By:PHP/5.5.9-1ubuntu4.29
Content-Type:text/html
",44491f34ca7a8a5cd67a7cf7e606eb7def916bcf2be0082a78de5ec0657dc86d980caaee0c7e55a4692985a1fd0b136086aba3b83da2b3b26bbaa7c07fb6c808,200
http://web/,GET,"Cookie:PHPSESSID=ln650u8nlv3q8tu5t28nfj3qn7
Accept:text/html,application/xhtml+xml,application/xml;q=0.9,image/avif,image/webp,image/apng,*/*;q=0.8,application/signed-exchange;v=b3;q=0.9
User-Agent:Mozilla/5.0 (X11; Linux x86_64) AppleWebKit/537.36 (KHTML, like Gecko) Chrome/85.0.4183.102 Safari/537.36
Upgrade-Insecure-Requests:1
",cf83e1357eefb8bdf1542850d66d8007d620e4050b5715dc83f4a921d36ce9ce47d0d13c5d85f2b0ff8318d2877eec2f63b931bd47417a81a538327af927da3e,"Keep-Alive:timeout=5, max=60
Server:Apache/2.4.7 (Ubuntu)
Connection:Keep-Alive
Pragma:no-cache
Date:Mon, 11 May 2026 22:57:27 GMT
Cache-Control:no-store, no-cache, must-revalidate, post-check=0, pre-check=0
Content-Encoding:gzip
Vary:Accept-Encoding
Expires:Thu, 19 Nov 1981 08:52:00 GMT
Content-Length:1284
X-Powered-By:PHP/5.5.9-1ubuntu4.29
Content-Type:text/html
",008f9678b2aa954b0f5e91dfb97ecfc566a0ec7f0cf0172bdfeeb1a65934d90102c011668d75af2dc456ac46fa01afaeb15429246a78c41b82db8e91c9875191,200
http://web/,GET,"Cookie:PHPSESSID=ln650u8nlv3q8tu5t28nfj3qn7
Accept:text/html,application/xhtml+xml,application/xml;q=0.9,image/avif,image/webp,image/apng,*/*;q=0.8,application/signed-exchange;v=b3;q=0.9
User-Agent:Mozilla/5.0 (X11; Linux x86_64) AppleWebKit/537.36 (KHTML, like Gecko) Chrome/85.0.4183.102 Safari/537.36
Upgrade-Insecure-Requests:1
",cf83e1357eefb8bdf1542850d66d8007d620e4050b5715dc83f4a921d36ce9ce47d0d13c5d85f2b0ff8318d2877eec2f63b931bd47417a81a538327af927da3e,"Keep-Alive:timeout=5, max=68
Server:Apache/2.4.7 (Ubuntu)
Connection:Keep-Alive
Pragma:no-cache
Date:Mon, 11 May 2026 22:57:20 GMT
Cache-Control:no-store, no-cache, must-revalidate, post-check=0, pre-check=0
Content-Encoding:gzip
Vary:Accept-Encoding
Expires:Thu, 19 Nov 1981 08:52:00 GMT
Content-Length:1283
X-Powered-By:PHP/5.5.9-1ubuntu4.29
Content-Type:text/html
",91a036f6b4d55d4639a132c5d97c6696b8b25df8179af68a72cacbf8255f2f7922e848d41a5278caabe184737306d917b9cebe380c5f9ef48a95edffdf2551bf,200
http://web/guestbook.php,GET,"Cookie:PHPSESSID=ln650u8nlv3q8tu5t28nfj3qn7
Accept:text/html,application/xhtml+xml,application/xml;q=0.9,image/avif,image/webp,image/apng,*/*;q=0.8,application/signed-exchange;v=b3;q=0.9
User-Agent:Mozilla/5.0 (X11; Linux x86_64) AppleWebKit/537.36 (KHTML, like Gecko) Chrome/85.0.4183.102 Safari/537.36
Referer:http://web/passcheck.php
Upgrade-Insecure-Requests:1
",cf83e1357eefb8bdf1542850d66d8007d620e4050b5715dc83f4a921d36ce9ce47d0d13c5d85f2b0ff8318d2877eec2f63b931bd47417a81a538327af927da3e,"Keep-Alive:timeout=5, max=65
Server:Apache/2.4.7 (Ubuntu)
Connection:Keep-Alive
Pragma:no-cache
Date:Mon, 11 May 2026 22:57:23 GMT
Cache-Control:no-store, no-cache, must-revalidate, post-check=0, pre-check=0
Content-Encoding:gzip
Vary:Accept-Encoding
Expires:Thu, 19 Nov 1981 08:52:00 GMT
Content-Length:999
X-Powered-By:PHP/5.5.9-1ubuntu4.29
Content-Type:text/html
",7153600c48e892906ec9a9f4b35773ae93dd99acca585b9d1dc7556edfda9dda1405117cda60d683cb4585fdd5a007e910347239ef38cf40b4c0fb996f46bb28,200
http://web/calendar.php?date=1778626706,GET,"Cookie:PHPSESSID=ln650u8nlv3q8tu5t28nfj3qn7
Accept:text/html,application/xhtml+xml,application/xml;q=0.9,image/avif,image/webp,image/apng,*/*;q=0.8,application/signed-exchange;v=b3;q=0.9
User-Agent:Mozilla/5.0 (X11; Linux x86_64) AppleWebKit/537.36 (KHTML, like Gecko) Chrome/85.0.4183.102 Safari/537.36
Referer:http://web/calendar.php
Upgrade-Insecure-Requests:1
",cf83e1357eefb8bdf1542850d66d8007d620e4050b5715dc83f4a921d36ce9ce47d0d13c5d85f2b0ff8318d2877eec2f63b931bd47417a81a538327af927da3e,"Keep-Alive:timeout=5, max=77
Server:Apache/2.4.7 (Ubuntu)
Connection:Keep-Alive
Pragma:no-cache
Date:Mon, 11 May 2026 22:58:27 GMT
Cache-Control:no-store, no-cache, must-revalidate, post-check=0, pre-check=0
Content-Encoding:gzip
Vary:Accept-Encoding
Expires:Thu, 19 Nov 1981 08:52:00 GMT
Content-Length:945
X-Powered-By:PHP/5.5.9-1ubuntu4.29
Content-Type:text/html
",1dd1e03d1ff2efe983e889b17064152911fd675c7ac2ed970b79c4f3e4c8dd978f81e052971bd635ca1e574ac031ad780c7d3c8ebc767ad4c576913b87f758a8,200
http://web/css/blueprint/print.css,GET,"Cookie:PHPSESSID=ln650u8nlv3q8tu5t28nfj3qn7
Accept:text/css,*/*;q=0.1
User-Agent:Mozilla/5.0 (X11; Linux x86_64) AppleWebKit/537.36 (KHTML, like Gecko) Chrome/85.0.4183.102 Safari/537.36
Referer:http://web/passcheck.php
",cf83e1357eefb8bdf1542850d66d8007d620e4050b5715dc83f4a921d36ce9ce47d0d13c5d85f2b0ff8318d2877eec2f63b931bd47417a81a538327af927da3e,"Server:Apache/2.4.7 (Ubuntu)
Last-Modified:Thu, 02 Feb 2017 22:24:09 GMT
Date:Mon, 11 May 2026 22:54:16 GMT
Accept-Ranges:bytes
ETag:""52d-547939fb8b440-gzip""
Content-Encoding:gzip
Vary:Accept-Encoding
Content-Length:674
Content-Type:text/css
",382bc7f4ad396de8dacb65598554ab8e1fe76b268c9b97e377be5fe694d07688463ac138e683332f401b64a7a2e8418a2a9f7f9d96e548ee8581d228368f7524,200
http://web/calendar.php?date=1778799521,GET,"Cookie:PHPSESSID=ln650u8nlv3q8tu5t28nfj3qn7
Accept:text/html,application/xhtml+xml,application/xml;q=0.9,image/avif,image/webp,image/apng,*/*;q=0.8,application/signed-exchange;v=b3;q=0.9
User-Agent:Mozilla/5.0 (X11; Linux x86_64) AppleWebKit/537.36 (KHTML, like Gecko) Chrome/85.0.4183.102 Safari/537.36
Referer:http://web/calendar.php?date=1778713121
Upgrade-Insecure-Requests:1
",cf83e1357eefb8bdf1542850d66d8007d620e4050b5715dc83f4a921d36ce9ce47d0d13c5d85f2b0ff8318d2877eec2f63b931bd47417a81a538327af927da3e,"Keep-Alive:timeout=5, max=54
Server:Apache/2.4.7 (Ubuntu)
Connection:Keep-Alive
Pragma:no-cache
Date:Mon, 11 May 2026 22:58:43 GMT
Cache-Control:no-store, no-cache, must-revalidate, post-check=0, pre-check=0
Content-Encoding:gzip
Vary:Accept-Encoding
Expires:Thu, 19 Nov 1981 08:52:00 GMT
Content-Length:945
X-Powered-By:PHP/5.5.9-1ubuntu4.29
Content-Type:text/html
",20d1f3934658ef7df04890bb15d19aa404983b8e4d71d5ec95509d4e444ded9afd7d556ccc25ccd36f028e8754116bf1cb8dd884420673da555a92a354a27d7f,200
http://web/calendar.php?date=1778713095,GET,"Cookie:PHPSESSID=ln650u8nlv3q8tu5t28nfj3qn7
Accept:text/html,application/xhtml+xml,application/xml;q=0.9,image/avif,image/webp,image/apng,*/*;q=0.8,application/signed-exchange;v=b3;q=0.9
User-Agent:Mozilla/5.0 (X11; Linux x86_64) AppleWebKit/537.36 (KHTML, like Gecko) Chrome/85.0.4183.102 Safari/537.36
Referer:http://web/calendar.php?date=1778626695
Upgrade-Insecure-Requests:1
",cf83e1357eefb8bdf1542850d66d8007d620e4050b5715dc83f4a921d36ce9ce47d0d13c5d85f2b0ff8318d2877eec2f63b931bd47417a81a538327af927da3e,"Keep-Alive:timeout=5, max=91
Server:Apache/2.4.7 (Ubuntu)
Connection:Keep-Alive
Pragma:no-cache
Date:Mon, 11 May 2026 22:58:17 GMT
Cache-Control:no-store, no-cache, must-revalidate, post-check=0, pre-check=0
Content-Encoding:gzip
Vary:Accept-Encoding
Expires:Thu, 19 Nov 1981 08:52:00 GMT
Content-Length:945
X-Powered-By:PHP/5.5.9-1ubuntu4.29
Content-Type:text/html
",0479354459ab9b0f78c73a204ae4af5c9f28175e02f5fac756f412d3e6bd85764e8356dfd1fa1b8dbec2b077fcf219f395f3c6efb627cc44bb950e9d5f309f1d,200
http://web/calendar.php?date=1778799538,GET,"Cookie:PHPSESSID=ln650u8nlv3q8tu5t28nfj3qn7
Accept:text/html,application/xhtml+xml,application/xml;q=0.9,image/avif,image/webp,image/apng,*/*;q=0.8,application/signed-exchange;v=b3;q=0.9
User-Agent:Mozilla/5.0 (X11; Linux x86_64) AppleWebKit/537.36 (KHTML, like Gecko) Chrome/85.0.4183.102 Safari/537.36
Referer:http://web/calendar.php?date=1778713138
Upgrade-Insecure-Requests:1
",cf83e1357eefb8bdf1542850d66d8007d620e4050b5715dc83f4a921d36ce9ce47d0d13c5d85f2b0ff8318d2877eec2f63b931bd47417a81a538327af927da3e,"Keep-Alive:timeout=5, max=28
Server:Apache/2.4.7 (Ubuntu)
Connection:Keep-Alive
Pragma:no-cache
Date:Mon, 11 May 2026 22:59:00 GMT
Cache-Control:no-store, no-cache, must-revalidate, post-check=0, pre-check=0
Content-Encoding:gzip
Vary:Accept-Encoding
Expires:Thu, 19 Nov 1981 08:52:00 GMT
Content-Length:946
X-Powered-By:PHP/5.5.9-1ubuntu4.29
Content-Type:text/html
",d4f3752b4f59fae571e290d1148d5010a5c591105f8502905dd075942d632314baa7ad7a307274e23facca4efc0349503f4aedbc9a616f435b0e29066fb7dc80,200
http://web/,GET,"Cookie:PHPSESSID=ln650u8nlv3q8tu5t28nfj3qn7
Accept:text/html,application/xhtml+xml,application/xml;q=0.9,image/avif,image/webp,image/apng,*/*;q=0.8,application/signed-exchange;v=b3;q=0.9
User-Agent:Mozilla/5.0 (X11; Linux x86_64) AppleWebKit/537.36 (KHTML, like Gecko) Chrome/85.0.4183.102 Safari/537.36
Upgrade-Insecure-Requests:1
",cf83e1357eefb8bdf1542850d66d8007d620e4050b5715dc83f4a921d36ce9ce47d0d13c5d85f2b0ff8318d2877eec2f63b931bd47417a81a538327af927da3e,"Keep-Alive:timeout=5, max=77
Server:Apache/2.4.7 (Ubuntu)
Connection:Keep-Alive
Pragma:no-cache
Date:Mon, 11 May 2026 22:54:45 GMT
Cache-Control:no-store, no-cache, must-revalidate, post-check=0, pre-check=0
Content-Encoding:gzip
Vary:Accept-Encoding
Expires:Thu, 19 Nov 1981 08:52:00 GMT
Content-Length:1283
X-Powered-By:PHP/5.5.9-1ubuntu4.29
Content-Type:text/html
",20d392448fcaa1d6f87890d8586c7e37fecc2de05fcb04443eab579276ad8cf1b809837678bc76e41457c7a311d40513d4c525927453004a453534bf29a0db69,200
http://web/calendar.php?date=1778799542,GET,"Cookie:PHPSESSID=ln650u8nlv3q8tu5t28nfj3qn7
Accept:text/html,application/xhtml+xml,application/xml;q=0.9,image/avif,image/webp,image/apng,*/*;q=0.8,application/signed-exchange;v=b3;q=0.9
User-Agent:Mozilla/5.0 (X11; Linux x86_64) AppleWebKit/537.36 (KHTML, like Gecko) Chrome/85.0.4183.102 Safari/537.36
Referer:http://web/calendar.php?date=1778713142
Upgrade-Insecure-Requests:1
",cf83e1357eefb8bdf1542850d66d8007d620e4050b5715dc83f4a921d36ce9ce47d0d13c5d85f2b0ff8318d2877eec2f63b931bd47417a81a538327af927da3e,"Keep-Alive:timeout=5, max=22
Server:Apache/2.4.7 (Ubuntu)
Connection:Keep-Alive
Pragma:no-cache
Date:Mon, 11 May 2026 22:59:04 GMT
Cache-Control:no-store, no-cache, must-revalidate, post-check=0, pre-check=0
Content-Encoding:gzip
Vary:Accept-Encoding
Expires:Thu, 19 Nov 1981 08:52:00 GMT
Content-Length:946
X-Powered-By:PHP/5.5.9-1ubuntu4.29
Content-Type:text/html
",bb77db31492ba8ac08b10398e40faad49a0ad9c81addd91627c4a02a693aac58fd9be3c4df8aaac35eb6320fed96789bfd18fd86e1ccf9b878c75d82bff94e08,200
http://web/admin/index.php?page=login,GET,"Cookie:PHPSESSID=ln650u8nlv3q8tu5t28nfj3qn7
Accept:text/html,application/xhtml+xml,application/xml;q=0.9,image/avif,image/webp,image/apng,*/*;q=0.8,application/signed-exchange;v=b3;q=0.9
User-Agent:Mozilla/5.0 (X11; Linux x86_64) AppleWebKit/537.36 (KHTML, like Gecko) Chrome/85.0.4183.102 Safari/537.36
Referer:http://web/
Upgrade-Insecure-Requests:1
",cf83e1357eefb8bdf1542850d66d8007d620e4050b5715dc83f4a921d36ce9ce47d0d13c5d85f2b0ff8318d2877eec2f63b931bd47417a81a538327af927da3e,"Keep-Alive:timeout=5, max=71
Server:Apache/2.4.7 (Ubuntu)
Connection:Keep-Alive
Pragma:no-cache
Date:Mon, 11 May 2026 22:54:51 GMT
Cache-Control:no-store, no-cache, must-revalidate, post-check=0, pre-check=0
Content-Encoding:gzip
Vary:Accept-Encoding
Expires:Thu, 19 Nov 1981 08:52:00 GMT
Content-Length:216
X-Powered-By:PHP/5.5.9-1ubuntu4.29
Content-Type:text/html
",4902ac6462a43f1d2250d2f77d0ff5742f95df3de5ed3da1e0c6aad79d0f335f830d1208f003f37d41fe9435041ead5959fcc93d99e2f836f4d7ff1c03f3c9e7,200
http://web/,GET,"Cookie:PHPSESSID=ln650u8nlv3q8tu5t28nfj3qn7
Accept:text/html,application/xhtml+xml,application/xml;q=0.9,image/avif,image/webp,image/apng,*/*;q=0.8,application/signed-exchange;v=b3;q=0.9
User-Agent:Mozilla/5.0 (X11; Linux x86_64) AppleWebKit/537.36 (KHTML, like Gecko) Chrome/85.0.4183.102 Safari/537.36
Upgrade-Insecure-Requests:1
",cf83e1357eefb8bdf1542850d66d8007d620e4050b5715dc83f4a921d36ce9ce47d0d13c5d85f2b0ff8318d2877eec2f63b931bd47417a81a538327af927da3e,"Keep-Alive:timeout=5, max=7
Server:Apache/2.4.7 (Ubuntu)
Connection:Keep-Alive
Pragma:no-cache
Date:Mon, 11 May 2026 22:56:50 GMT
Cache-Control:no-store, no-cache, must-revalidate, post-check=0, pre-check=0
Content-Encoding:gzip
Vary:Accept-Encoding
Expires:Thu, 19 Nov 1981 08:52:00 GMT
Content-Length:1283
X-Powered-By:PHP/5.5.9-1ubuntu4.29
Content-Type:text/html
",6bc150ddd10e03f683561ed82b8fcc344b101b048695584c12014550126ab47a5d2ef7a8083d9d7587522a4018ff99a0f7636fa29046576e8db02e68d59eed1d,200
http://web/users/login.php,GET,"Cookie:PHPSESSID=ln650u8nlv3q8tu5t28nfj3qn7
Accept:text/html,application/xhtml+xml,application/xml;q=0.9,image/avif,image/webp,image/apng,*/*;q=0.8,application/signed-exchange;v=b3;q=0.9
User-Agent:Mozilla/5.0 (X11; Linux x86_64) AppleWebKit/537.36 (KHTML, like Gecko) Chrome/85.0.4183.102 Safari/537.36
Referer:http://web/pictures/recent.php
Upgrade-Insecure-Requests:1
",cf83e1357eefb8bdf1542850d66d8007d620e4050b5715dc83f4a921d36ce9ce47d0d13c5d85f2b0ff8318d2877eec2f63b931bd47417a81a538327af927da3e,"Keep-Alive:timeout=5, max=38
Server:Apache/2.4.7 (Ubuntu)
Connection:Keep-Alive
Pragma:no-cache
Date:Mon, 11 May 2026 22:55:13 GMT
Cache-Control:no-store, no-cache, must-revalidate, post-check=0, pre-check=0
Content-Encoding:gzip
Vary:Accept-Encoding
Expires:Thu, 19 Nov 1981 08:52:00 GMT
Content-Length:976
X-Powered-By:PHP/5.5.9-1ubuntu4.29
Content-Type:text/html
",9c554b284f4d0aca2001493f459ab38bf46955ff5238fffa4e999896ff11f74ba6e1f3dee8e10b70ba298e101bca964b2b63ea8e87fb0ba8ac4eaf1d22801375,200
http://web/pictures/recent.php,GET,"Cookie:PHPSESSID=ln650u8nlv3q8tu5t28nfj3qn7
Accept:text/html,application/xhtml+xml,application/xml;q=0.9,image/avif,image/webp,image/apng,*/*;q=0.8,application/signed-exchange;v=b3;q=0.9
User-Agent:Mozilla/5.0 (X11; Linux x86_64) AppleWebKit/537.36 (KHTML, like Gecko) Chrome/85.0.4183.102 Safari/537.36
Referer:http://web/
Upgrade-Insecure-Requests:1
",cf83e1357eefb8bdf1542850d66d8007d620e4050b5715dc83f4a921d36ce9ce47d0d13c5d85f2b0ff8318d2877eec2f63b931bd47417a81a538327af927da3e,"Keep-Alive:timeout=5, max=5
Server:Apache/2.4.7 (Ubuntu)
Connection:Keep-Alive
Pragma:no-cache
Date:Mon, 11 May 2026 22:55:35 GMT
Cache-Control:no-store, no-cache, must-revalidate, post-check=0, pre-check=0
Content-Encoding:gzip
Vary:Accept-Encoding
Expires:Thu, 19 Nov 1981 08:52:00 GMT
Content-Length:1087
X-Powered-By:PHP/5.5.9-1ubuntu4.29
Content-Type:text/html
",135c9fc293f3798c769b78281ea4f6f2841974ffda1830f78897a5702569bcf29d60aff87f421a26dc3b5325c13c8ab95ca2d9832fcc797fb910e16799963410,200
http://web/,GET,"Cookie:PHPSESSID=ln650u8nlv3q8tu5t28nfj3qn7
Accept:text/html,application/xhtml+xml,application/xml;q=0.9,image/avif,image/webp,image/apng,*/*;q=0.8,application/signed-exchange;v=b3;q=0.9
User-Agent:Mozilla/5.0 (X11; Linux x86_64) AppleWebKit/537.36 (KHTML, like Gecko) Chrome/85.0.4183.102 Safari/537.36
Upgrade-Insecure-Requests:1
",cf83e1357eefb8bdf1542850d66d8007d620e4050b5715dc83f4a921d36ce9ce47d0d13c5d85f2b0ff8318d2877eec2f63b931bd47417a81a538327af927da3e,"Keep-Alive:timeout=5, max=22
Server:Apache/2.4.7 (Ubuntu)
Connection:Keep-Alive
Pragma:no-cache
Date:Mon, 11 May 2026 22:56:40 GMT
Cache-Control:no-store, no-cache, must-revalidate, post-check=0, pre-check=0
Content-Encoding:gzip
Vary:Accept-Encoding
Expires:Thu, 19 Nov 1981 08:52:00 GMT
Content-Length:1284
X-Powered-By:PHP/5.5.9-1ubuntu4.29
Content-Type:text/html
",e304354a8dcb6fafd82a91687820f6a8c153cde35b76dffa136e4d90044fdf04be80eec760dff25078200a3c220b1666781c315d24edc1ee1a9f9e7282a4af8f,200
http://web/calendar.php?date=1778626661,GET,"Cookie:PHPSESSID=ln650u8nlv3q8tu5t28nfj3qn7
Accept:text/html,application/xhtml+xml,application/xml;q=0.9,image/avif,image/webp,image/apng,*/*;q=0.8,application/signed-exchange;v=b3;q=0.9
User-Agent:Mozilla/5.0 (X11; Linux x86_64) AppleWebKit/537.36 (KHTML, like Gecko) Chrome/85.0.4183.102 Safari/537.36
Referer:http://web/calendar.php
Upgrade-Insecure-Requests:1
",cf83e1357eefb8bdf1542850d66d8007d620e4050b5715dc83f4a921d36ce9ce47d0d13c5d85f2b0ff8318d2877eec2f63b931bd47417a81a538327af927da3e,"Keep-Alive:timeout=5, max=42
Server:Apache/2.4.7 (Ubuntu)
Connection:Keep-Alive
Pragma:no-cache
Date:Mon, 11 May 2026 22:57:41 GMT
Cache-Control:no-store, no-cache, must-revalidate, post-check=0, pre-check=0
Content-Encoding:gzip
Vary:Accept-Encoding
Expires:Thu, 19 Nov 1981 08:52:00 GMT
Content-Length:944
X-Powered-By:PHP/5.5.9-1ubuntu4.29
Content-Type:text/html
",e073038e380c66e9b65faa2ed1a24a9e1b8054a87b5c3ef2e9df4c3f3a83ca0955646b69581a3d4028ce012f334cef5895df3dbebadce3aa4dc2efd79952b583,200
http://web/calendar.php?date=1778626699,GET,"Cookie:PHPSESSID=ln650u8nlv3q8tu5t28nfj3qn7
Accept:text/html,application/xhtml+xml,application/xml;q=0.9,image/avif,image/webp,image/apng,*/*;q=0.8,application/signed-exchange;v=b3;q=0.9
User-Agent:Mozilla/5.0 (X11; Linux x86_64) AppleWebKit/537.36 (KHTML, like Gecko) Chrome/85.0.4183.102 Safari/537.36
Referer:http://web/calendar.php
Upgrade-Insecure-Requests:1
",cf83e1357eefb8bdf1542850d66d8007d620e4050b5715dc83f4a921d36ce9ce47d0d13c5d85f2b0ff8318d2877eec2f63b931bd47417a81a538327af927da3e,"Keep-Alive:timeout=5, max=87
Server:Apache/2.4.7 (Ubuntu)
Connection:Keep-Alive
Pragma:no-cache
Date:Mon, 11 May 2026 22:58:20 GMT
Cache-Control:no-store, no-cache, must-revalidate, post-check=0, pre-check=0
Content-Encoding:gzip
Vary:Accept-Encoding
Expires:Thu, 19 Nov 1981 08:52:00 GMT
Content-Length:946
X-Powered-By:PHP/5.5.9-1ubuntu4.29
Content-Type:text/html
",31b6ac96ed419c574002343adb3b6882d4da728daf3c97e9032356ed756aeb18fb24d1d5cc413ee442d2b1eea707f5b6da23f1af5ad7b83d29f13d3ec5491623,200
http://web/,GET,"Cookie:PHPSESSID=ln650u8nlv3q8tu5t28nfj3qn7
Accept:text/html,application/xhtml+xml,application/xml;q=0.9,image/avif,image/webp,image/apng,*/*;q=0.8,application/signed-exchange;v=b3;q=0.9
User-Agent:Mozilla/5.0 (X11; Linux x86_64) AppleWebKit/537.36 (KHTML, like Gecko) Chrome/85.0.4183.102 Safari/537.36
Upgrade-Insecure-Requests:1
",cf83e1357eefb8bdf1542850d66d8007d620e4050b5715dc83f4a921d36ce9ce47d0d13c5d85f2b0ff8318d2877eec2f63b931bd47417a81a538327af927da3e,"Keep-Alive:timeout=5, max=99
Server:Apache/2.4.7 (Ubuntu)
Connection:Keep-Alive
Pragma:no-cache
Date:Mon, 11 May 2026 22:55:39 GMT
Cache-Control:no-store, no-cache, must-revalidate, post-check=0, pre-check=0
Content-Encoding:gzip
Vary:Accept-Encoding
Expires:Thu, 19 Nov 1981 08:52:00 GMT
Content-Length:1284
X-Powered-By:PHP/5.5.9-1ubuntu4.29
Content-Type:text/html
",d9d37b11caa803eefcecc656d8e2a6cacd5e58fe62c3185652eb3a17d52326f02ba5e501104466b9eccd04af6d07565f743cc3e41fe8aa46a90b02ecb5323c77,200
http://web/users/home.php,GET,"Cookie:PHPSESSID=ln650u8nlv3q8tu5t28nfj3qn7
Accept:text/html,application/xhtml+xml,application/xml;q=0.9,image/avif,image/webp,image/apng,*/*;q=0.8,application/signed-exchange;v=b3;q=0.9
User-Agent:Mozilla/5.0 (X11; Linux x86_64) AppleWebKit/537.36 (KHTML, like Gecko) Chrome/85.0.4183.102 Safari/537.36
Referer:http://web/guestbook.php
Upgrade-Insecure-Requests:1
",cf83e1357eefb8bdf1542850d66d8007d620e4050b5715dc83f4a921d36ce9ce47d0d13c5d85f2b0ff8318d2877eec2f63b931bd47417a81a538327af927da3e,"Keep-Alive:timeout=5, max=90
Server:Apache/2.4.7 (Ubuntu)
Connection:Keep-Alive
Pragma:no-cache
Date:Mon, 11 May 2026 22:54:35 GMT
Cache-Control:no-store, no-cache, must-revalidate, post-check=0, pre-check=0
Expires:Thu, 19 Nov 1981 08:52:00 GMT
Content-Length:41
X-Powered-By:PHP/5.5.9-1ubuntu4.29
Location:/users/login.php
Content-Type:text/html
",cf83e1357eefb8bdf1542850d66d8007d620e4050b5715dc83f4a921d36ce9ce47d0d13c5d85f2b0ff8318d2877eec2f63b931bd47417a81a538327af927da3e,303
http://web/users/register.php,GET,"Cookie:PHPSESSID=ln650u8nlv3q8tu5t28nfj3qn7
Accept:text/html,application/xhtml+xml,application/xml;q=0.9,image/avif,image/webp,image/apng,*/*;q=0.8,application/signed-exchange;v=b3;q=0.9
User-Agent:Mozilla/5.0 (X11; Linux x86_64) AppleWebKit/537.36 (KHTML, like Gecko) Chrome/85.0.4183.102 Safari/537.36
Referer:http://web/
Upgrade-Insecure-Requests:1
",cf83e1357eefb8bdf1542850d66d8007d620e4050b5715dc83f4a921d36ce9ce47d0d13c5d85f2b0ff8318d2877eec2f63b931bd47417a81a538327af927da3e,"Keep-Alive:timeout=5, max=76
Server:Apache/2.4.7 (Ubuntu)
Connection:Keep-Alive
Pragma:no-cache
Date:Mon, 11 May 2026 22:57:15 GMT
Cache-Control:no-store, no-cache, must-revalidate, post-check=0, pre-check=0
Content-Encoding:gzip
Vary:Accept-Encoding
Expires:Thu, 19 Nov 1981 08:52:00 GMT
Content-Length:1100
X-Powered-By:PHP/5.5.9-1ubuntu4.29
Content-Type:text/html
",0ddfe1ad7ea6f49445b742fe304bc4f6f82f1e3432f75681758724029f924f4a3e83d21c669a29a43aa126f5ecb8abce4d12e7752a109e91827fca509232367b,200
http://web/tos.php,GET,"Cookie:PHPSESSID=ln650u8nlv3q8tu5t28nfj3qn7
Accept:text/html,application/xhtml+xml,application/xml;q=0.9,image/avif,image/webp,image/apng,*/*;q=0.8,application/signed-exchange;v=b3;q=0.9
User-Agent:Mozilla/5.0 (X11; Linux x86_64) AppleWebKit/537.36 (KHTML, like Gecko) Chrome/85.0.4183.102 Safari/537.36
Referer:http://web/calendar.php?date=1778713118
Upgrade-Insecure-Requests:1
",cf83e1357eefb8bdf1542850d66d8007d620e4050b5715dc83f4a921d36ce9ce47d0d13c5d85f2b0ff8318d2877eec2f63b931bd47417a81a538327af927da3e,"Keep-Alive:timeout=5, max=59
Server:Apache/2.4.7 (Ubuntu)
Connection:Keep-Alive
Pragma:no-cache
Date:Mon, 11 May 2026 22:58:40 GMT
Cache-Control:no-store, no-cache, must-revalidate, post-check=0, pre-check=0
Content-Encoding:gzip
Vary:Accept-Encoding
Expires:Thu, 19 Nov 1981 08:52:00 GMT
Content-Length:10225
X-Powered-By:PHP/5.5.9-1ubuntu4.29
Content-Type:text/html
",6a44425edecc6c0e145b00a04af0948eb393c073ea6347f522a8f0f2881e5750d30b7c12b6ef87ddf674ee5e4f1cc879948cf1fbbe56e8c5fcaf7b8283a02252,200
http://web/passcheck.php,GET,"Cookie:PHPSESSID=ln650u8nlv3q8tu5t28nfj3qn7
Accept:text/html,application/xhtml+xml,application/xml;q=0.9,image/avif,image/webp,image/apng,*/*;q=0.8,application/signed-exchange;v=b3;q=0.9
User-Agent:Mozilla/5.0 (X11; Linux x86_64) AppleWebKit/537.36 (KHTML, like Gecko) Chrome/85.0.4183.102 Safari/537.36
Referer:http://web/users/register.php
Upgrade-Insecure-Requests:1
",cf83e1357eefb8bdf1542850d66d8007d620e4050b5715dc83f4a921d36ce9ce47d0d13c5d85f2b0ff8318d2877eec2f63b931bd47417a81a538327af927da3e,"Keep-Alive:timeout=5, max=46
Server:Apache/2.4.7 (Ubuntu)
Connection:Keep-Alive
Pragma:no-cache
Date:Mon, 11 May 2026 22:57:38 GMT
Cache-Control:no-store, no-cache, must-revalidate, post-check=0, pre-check=0
Content-Encoding:gzip
Vary:Accept-Encoding
Expires:Thu, 19 Nov 1981 08:52:00 GMT
Content-Length:927
X-Powered-By:PHP/5.5.9-1ubuntu4.29
Content-Type:text/html
",c3ef515336ff5161e81002076e49f97e55e33d2d56c011ad28a8a2b0f5ac7067e0282cd315f32ddee5a0314981b4a231cc217e8fc71afba6c376c2d3e74723f0,200
http://web/calendar.php?date=1778713138,GET,"Cookie:PHPSESSID=ln650u8nlv3q8tu5t28nfj3qn7
Accept:text/html,application/xhtml+xml,application/xml;q=0.9,image/avif,image/webp,image/apng,*/*;q=0.8,application/signed-exchange;v=b3;q=0.9
User-Agent:Mozilla/5.0 (X11; Linux x86_64) AppleWebKit/537.36 (KHTML, like Gecko) Chrome/85.0.4183.102 Safari/537.36
Referer:http://web/calendar.php?date=1778626738
Upgrade-Insecure-Requests:1
",cf83e1357eefb8bdf1542850d66d8007d620e4050b5715dc83f4a921d36ce9ce47d0d13c5d85f2b0ff8318d2877eec2f63b931bd47417a81a538327af927da3e,"Keep-Alive:timeout=5, max=29
Server:Apache/2.4.7 (Ubuntu)
Connection:Keep-Alive
Pragma:no-cache
Date:Mon, 11 May 2026 22:58:59 GMT
Cache-Control:no-store, no-cache, must-revalidate, post-check=0, pre-check=0
Content-Encoding:gzip
Vary:Accept-Encoding
Expires:Thu, 19 Nov 1981 08:52:00 GMT
Content-Length:946
X-Powered-By:PHP/5.5.9-1ubuntu4.29
Content-Type:text/html
",dfc31461753091eea0c97b557f8a65983aef5fa521c30188b05aae2639033795dc514cbd07608cb83df4048c26c246cc629f518f2b3d0e59d7a791c2ba024d00,200
http://web/calendar.php,GET,"Cookie:PHPSESSID=ln650u8nlv3q8tu5t28nfj3qn7
Accept:text/html,application/xhtml+xml,application/xml;q=0.9,image/avif,image/webp,image/apng,*/*;q=0.8,application/signed-exchange;v=b3;q=0.9
User-Agent:Mozilla/5.0 (X11; Linux x86_64) AppleWebKit/537.36 (KHTML, like Gecko) Chrome/85.0.4183.102 Safari/537.36
Referer:http://web/
Upgrade-Insecure-Requests:1
",cf83e1357eefb8bdf1542850d66d8007d620e4050b5715dc83f4a921d36ce9ce47d0d13c5d85f2b0ff8318d2877eec2f63b931bd47417a81a538327af927da3e,"Keep-Alive:timeout=5, max=25
Server:Apache/2.4.7 (Ubuntu)
Connection:Keep-Alive
Pragma:no-cache
Date:Mon, 11 May 2026 22:59:02 GMT
Cache-Control:no-store, no-cache, must-revalidate, post-check=0, pre-check=0
Content-Encoding:gzip
Vary:Accept-Encoding
Expires:Thu, 19 Nov 1981 08:52:00 GMT
Content-Length:943
X-Powered-By:PHP/5.5.9-1ubuntu4.29
Content-Type:text/html
",dc26e72012f8cf9a381b1887e6f2dc2a7ce3a5d2c439192c6496fa3e55ae39d7a9f869f8a7be96996eefcec4f40e4394a812028d95be1369adad74afbef2de93,200
http://web/,GET,"Cookie:PHPSESSID=ln650u8nlv3q8tu5t28nfj3qn7
Accept:text/html,application/xhtml+xml,application/xml;q=0.9,image/avif,image/webp,image/apng,*/*;q=0.8,application/signed-exchange;v=b3;q=0.9
User-Agent:Mozilla/5.0 (X11; Linux x86_64) AppleWebKit/537.36 (KHTML, like Gecko) Chrome/85.0.4183.102 Safari/537.36
Upgrade-Insecure-Requests:1
",cf83e1357eefb8bdf1542850d66d8007d620e4050b5715dc83f4a921d36ce9ce47d0d13c5d85f2b0ff8318d2877eec2f63b931bd47417a81a538327af927da3e,"Keep-Alive:timeout=5, max=73
Server:Apache/2.4.7 (Ubuntu)
Connection:Keep-Alive
Pragma:no-cache
Date:Mon, 11 May 2026 22:58:30 GMT
Cache-Control:no-store, no-cache, must-revalidate, post-check=0, pre-check=0
Content-Encoding:gzip
Vary:Accept-Encoding
Expires:Thu, 19 Nov 1981 08:52:00 GMT
Content-Length:1283
X-Powered-By:PHP/5.5.9-1ubuntu4.29
Content-Type:text/html
",accde78eec89c25b6bfff253d8eaa0ff00266cd1ea7779efb6ec0d1b2f32853177ee6dd26605edb682be0b19e7613f07727b1c3ba0ba04efd7fe70ea0e940a2a,200
http://web/pictures/view.php?picid=10,GET,"Cookie:PHPSESSID=ln650u8nlv3q8tu5t28nfj3qn7
Accept:text/html,application/xhtml+xml,application/xml;q=0.9,image/avif,image/webp,image/apng,*/*;q=0.8,application/signed-exchange;v=b3;q=0.9
User-Agent:Mozilla/5.0 (X11; Linux x86_64) AppleWebKit/537.36 (KHTML, like Gecko) Chrome/85.0.4183.102 Safari/537.36
Referer:http://web/pictures/recent.php
Upgrade-Insecure-Requests:1
",cf83e1357eefb8bdf1542850d66d8007d620e4050b5715dc83f4a921d36ce9ce47d0d13c5d85f2b0ff8318d2877eec2f63b931bd47417a81a538327af927da3e,"Keep-Alive:timeout=5, max=23
Server:Apache/2.4.7 (Ubuntu)
Connection:Keep-Alive
Pragma:no-cache
Date:Mon, 11 May 2026 22:55:23 GMT
Cache-Control:no-store, no-cache, must-revalidate, post-check=0, pre-check=0
Expires:Thu, 19 Nov 1981 08:52:00 GMT
Content-Length:41
X-Powered-By:PHP/5.5.9-1ubuntu4.29
Location:/users/login.php
Content-Type:text/html
",cf83e1357eefb8bdf1542850d66d8007d620e4050b5715dc83f4a921d36ce9ce47d0d13c5d85f2b0ff8318d2877eec2f63b931bd47417a81a538327af927da3e,303
http://web/css/blueprint/print.css,GET,"Cookie:PHPSESSID=ln650u8nlv3q8tu5t28nfj3qn7
Accept:text/css,*/*;q=0.1
User-Agent:Mozilla/5.0 (X11; Linux x86_64) AppleWebKit/537.36 (KHTML, like Gecko) Chrome/85.0.4183.102 Safari/537.36
Referer:http://web/users/sample.php?userid=1
",cf83e1357eefb8bdf1542850d66d8007d620e4050b5715dc83f4a921d36ce9ce47d0d13c5d85f2b0ff8318d2877eec2f63b931bd47417a81a538327af927da3e,"Server:Apache/2.4.7 (Ubuntu)
Last-Modified:Thu, 02 Feb 2017 22:24:09 GMT
Date:Mon, 11 May 2026 22:54:16 GMT
Accept-Ranges:bytes
ETag:""52d-547939fb8b440-gzip""
Content-Encoding:gzip
Vary:Accept-Encoding
Content-Length:674
Content-Type:text/css
",382bc7f4ad396de8dacb65598554ab8e1fe76b268c9b97e377be5fe694d07688463ac138e683332f401b64a7a2e8418a2a9f7f9d96e548ee8581d228368f7524,200
http://web/users/sample.php?userid=1,GET,"Cookie:PHPSESSID=ln650u8nlv3q8tu5t28nfj3qn7
Accept:text/html,application/xhtml+xml,application/xml;q=0.9,image/avif,image/webp,image/apng,*/*;q=0.8,application/signed-exchange;v=b3;q=0.9
User-Agent:Mozilla/5.0 (X11; Linux x86_64) AppleWebKit/537.36 (KHTML, like Gecko) Chrome/85.0.4183.102 Safari/537.36
Referer:http://web/
Upgrade-Insecure-Requests:1
",cf83e1357eefb8bdf1542850d66d8007d620e4050b5715dc83f4a921d36ce9ce47d0d13c5d85f2b0ff8318d2877eec2f63b931bd47417a81a538327af927da3e,"Keep-Alive:timeout=5, max=24
Server:Apache/2.4.7 (Ubuntu)
Connection:Keep-Alive
Pragma:no-cache
Date:Mon, 11 May 2026 22:56:39 GMT
Cache-Control:no-store, no-cache, must-revalidate, post-check=0, pre-check=0
Content-Encoding:gzip
Vary:Accept-Encoding
Expires:Thu, 19 Nov 1981 08:52:00 GMT
Content-Length:981
X-Powered-By:PHP/5.5.9-1ubuntu4.29
Content-Type:text/html
",4b29405a0f3fa255531e204105100a9777a994c9a01166a4ced563d32a9a5b7f38045935dd1bf8940abea9d5495a4324d4fb549a652bc540aac7e14c12c3e96e,200
http://web/users/login.php,GET,"Cookie:PHPSESSID=ln650u8nlv3q8tu5t28nfj3qn7
Accept:text/html,application/xhtml+xml,application/xml;q=0.9,image/avif,image/webp,image/apng,*/*;q=0.8,application/signed-exchange;v=b3;q=0.9
User-Agent:Mozilla/5.0 (X11; Linux x86_64) AppleWebKit/537.36 (KHTML, like Gecko) Chrome/85.0.4183.102 Safari/537.36
Referer:http://web/calendar.php
Upgrade-Insecure-Requests:1
",cf83e1357eefb8bdf1542850d66d8007d620e4050b5715dc83f4a921d36ce9ce47d0d13c5d85f2b0ff8318d2877eec2f63b931bd47417a81a538327af927da3e,"Keep-Alive:timeout=5, max=15
Server:Apache/2.4.7 (Ubuntu)
Connection:Keep-Alive
Pragma:no-cache
Date:Mon, 11 May 2026 22:56:45 GMT
Cache-Control:no-store, no-cache, must-revalidate, post-check=0, pre-check=0
Content-Encoding:gzip
Vary:Accept-Encoding
Expires:Thu, 19 Nov 1981 08:52:00 GMT
Content-Length:977
X-Powered-By:PHP/5.5.9-1ubuntu4.29
Content-Type:text/html
",da64e048e75ee93dae702c85fbc09bb9da0bc95ada40843634ed937a0538970d45f01b66d109137eda7a16b090c9234422f6e6a4aa9e599a364e08ce6638fd0a,200
http://web/,GET,"Cookie:PHPSESSID=ln650u8nlv3q8tu5t28nfj3qn7
Accept:text/html,application/xhtml+xml,application/xml;q=0.9,image/avif,image/webp,image/apng,*/*;q=0.8,application/signed-exchange;v=b3;q=0.9
User-Agent:Mozilla/5.0 (X11; Linux x86_64) AppleWebKit/537.36 (KHTML, like Gecko) Chrome/85.0.4183.102 Safari/537.36
Referer:http://web/calendar.php?date=1778799548
Upgrade-Insecure-Requests:1
",cf83e1357eefb8bdf1542850d66d8007d620e4050b5715dc83f4a921d36ce9ce47d0d13c5d85f2b0ff8318d2877eec2f63b931bd47417a81a538327af927da3e,"Keep-Alive:timeout=5, max=14
Server:Apache/2.4.7 (Ubuntu)
Connection:Keep-Alive
Pragma:no-cache
Date:Mon, 11 May 2026 22:59:10 GMT
Cache-Control:no-store, no-cache, must-revalidate, post-check=0, pre-check=0
Content-Encoding:gzip
Vary:Accept-Encoding
Expires:Thu, 19 Nov 1981 08:52:00 GMT
Content-Length:1284
X-Powered-By:PHP/5.5.9-1ubuntu4.29
Content-Type:text/html
",7410696b669fa0b2ab0937b6c28f99547d2e4d83abdaa28a85140a02707654ece5ebdb330432fadfffd5b8c10b03557139b6d9b08038a24945e2cc2c86d47ba4,200
http://web/guestbook.php,GET,"Cookie:PHPSESSID=ln650u8nlv3q8tu5t28nfj3qn7
Accept:text/html,application/xhtml+xml,application/xml;q=0.9,image/avif,image/webp,image/apng,*/*;q=0.8,application/signed-exchange;v=b3;q=0.9
User-Agent:Mozilla/5.0 (X11; Linux x86_64) AppleWebKit/537.36 (KHTML, like Gecko) Chrome/85.0.4183.102 Safari/537.36
Referer:http://web/pictures/recent.php
Upgrade-Insecure-Requests:1
",cf83e1357eefb8bdf1542850d66d8007d620e4050b5715dc83f4a921d36ce9ce47d0d13c5d85f2b0ff8318d2877eec2f63b931bd47417a81a538327af927da3e,"Keep-Alive:timeout=5, max=51
Server:Apache/2.4.7 (Ubuntu)
Connection:Keep-Alive
Pragma:no-cache
Date:Mon, 11 May 2026 22:55:05 GMT
Cache-Control:no-store, no-cache, must-revalidate, post-check=0, pre-check=0
Content-Encoding:gzip
Vary:Accept-Encoding
Expires:Thu, 19 Nov 1981 08:52:00 GMT
Content-Length:997
X-Powered-By:PHP/5.5.9-1ubuntu4.29
Content-Type:text/html
",4bf83572074bfef181ffb8c051f15f0f56e5b5dcaeb0bb56a70793a36f7ae0fab261b5eea1800779f5edf7cefb0f6328f7d4a555e669da5126f2970c0247d70e,200
http://web/admin/index.php?page=login,GET,"Cookie:PHPSESSID=ln650u8nlv3q8tu5t28nfj3qn7
Accept:text/html,application/xhtml+xml,application/xml;q=0.9,image/avif,image/webp,image/apng,*/*;q=0.8,application/signed-exchange;v=b3;q=0.9
User-Agent:Mozilla/5.0 (X11; Linux x86_64) AppleWebKit/537.36 (KHTML, like Gecko) Chrome/85.0.4183.102 Safari/537.36
Referer:http://web/calendar.php
Upgrade-Insecure-Requests:1
",cf83e1357eefb8bdf1542850d66d8007d620e4050b5715dc83f4a921d36ce9ce47d0d13c5d85f2b0ff8318d2877eec2f63b931bd47417a81a538327af927da3e,"Keep-Alive:timeout=5, max=93
Server:Apache/2.4.7 (Ubuntu)
Connection:Keep-Alive
Pragma:no-cache
Date:Mon, 11 May 2026 22:57:02 GMT
Cache-Control:no-store, no-cache, must-revalidate, post-check=0, pre-check=0
Content-Encoding:gzip
Vary:Accept-Encoding
Expires:Thu, 19 Nov 1981 08:52:00 GMT
Content-Length:216
X-Powered-By:PHP/5.5.9-1ubuntu4.29
Content-Type:text/html
",813b69d315d9b8413f4de3dc512a109201b5b34ac7b61e6de769d0d079a90a7f467ed2e45a74a98f08fc7363fb82b06b8ca9f7c552e21ae8dccf56dbb89955cd,200
http://web/,GET,"Cookie:PHPSESSID=ln650u8nlv3q8tu5t28nfj3qn7
Accept:text/html,application/xhtml+xml,application/xml;q=0.9,image/avif,image/webp,image/apng,*/*;q=0.8,application/signed-exchange;v=b3;q=0.9
User-Agent:Mozilla/5.0 (X11; Linux x86_64) AppleWebKit/537.36 (KHTML, like Gecko) Chrome/85.0.4183.102 Safari/537.36
Referer:http://web/users/register.php
Upgrade-Insecure-Requests:1
",cf83e1357eefb8bdf1542850d66d8007d620e4050b5715dc83f4a921d36ce9ce47d0d13c5d85f2b0ff8318d2877eec2f63b931bd47417a81a538327af927da3e,"Keep-Alive:timeout=5, max=86
Server:Apache/2.4.7 (Ubuntu)
Connection:Keep-Alive
Pragma:no-cache
Date:Mon, 11 May 2026 22:54:38 GMT
Cache-Control:no-store, no-cache, must-revalidate, post-check=0, pre-check=0
Content-Encoding:gzip
Vary:Accept-Encoding
Expires:Thu, 19 Nov 1981 08:52:00 GMT
Content-Length:1283
X-Powered-By:PHP/5.5.9-1ubuntu4.29
Content-Type:text/html
",e49319a3f92596263815c505b04d8e6ba09a7d1ab1dc59e8c8deec4c549ca452c0c5a9efcc9e495c25146ac0d8fa45f379f49903c5cc3d936e06cd1c2a94bf69,200
http://web/css/blueprint/screen.css,GET,"Cookie:PHPSESSID=ln650u8nlv3q8tu5t28nfj3qn7
Accept:text/css,*/*;q=0.1
User-Agent:Mozilla/5.0 (X11; Linux x86_64) AppleWebKit/537.36 (KHTML, like Gecko) Chrome/85.0.4183.102 Safari/537.36
Referer:http://web/
",cf83e1357eefb8bdf1542850d66d8007d620e4050b5715dc83f4a921d36ce9ce47d0d13c5d85f2b0ff8318d2877eec2f63b931bd47417a81a538327af927da3e,"Keep-Alive:timeout=5, max=100
Server:Apache/2.4.7 (Ubuntu)
Connection:Keep-Alive
Last-Modified:Thu, 02 Feb 2017 22:24:09 GMT
Date:Mon, 11 May 2026 22:54:16 GMT
Accept-Ranges:bytes
ETag:""24c7-547939fb8b440-gzip""
Content-Encoding:gzip
Vary:Accept-Encoding
Content-Length:2682
Content-Type:text/css
",c0995dbb8c323ef465d8cc5d7b640b1a5435beb529b0c6e55594b1c0f3db66e859d23f70cfe8d93285234e722d677fca7c8887bee81a636881b2f91f221f976e,200
http://web/upload/doggie/Dog.jpg.128_128.jpg,GET,"Cookie:PHPSESSID=ln650u8nlv3q8tu5t28nfj3qn7
Accept:image/avif,image/webp,image/apng,image/*,*/*;q=0.8
User-Agent:Mozilla/5.0 (X11; Linux x86_64) AppleWebKit/537.36 (KHTML, like Gecko) Chrome/85.0.4183.102 Safari/537.36
Referer:http://web/users/sample.php?userid=1
",cf83e1357eefb8bdf1542850d66d8007d620e4050b5715dc83f4a921d36ce9ce47d0d13c5d85f2b0ff8318d2877eec2f63b931bd47417a81a538327af927da3e,"Server:Apache/2.4.7 (Ubuntu)
Last-Modified:Thu, 02 Feb 2017 22:24:09 GMT
Date:Mon, 11 May 2026 22:54:27 GMT
Accept-Ranges:bytes
ETag:""30b7-547939fb8b440""
Content-Length:12471
Content-Type:image/jpeg
",69d56f0425632e752413df2dedbeab35c78b04f88b4b5e0c3ff3c082644643ba0b4ecff40c05ff2c89177b1d27351cfad091a14195a74b8f1a0a38960c402f09,200
http://web/,GET,"Cookie:PHPSESSID=ln650u8nlv3q8tu5t28nfj3qn7
Accept:text/html,application/xhtml+xml,application/xml;q=0.9,image/avif,image/webp,image/apng,*/*;q=0.8,application/signed-exchange;v=b3;q=0.9
User-Agent:Mozilla/5.0 (X11; Linux x86_64) AppleWebKit/537.36 (KHTML, like Gecko) Chrome/85.0.4183.102 Safari/537.36
Upgrade-Insecure-Requests:1
",cf83e1357eefb8bdf1542850d66d8007d620e4050b5715dc83f4a921d36ce9ce47d0d13c5d85f2b0ff8318d2877eec2f63b931bd47417a81a538327af927da3e,"Keep-Alive:timeout=5, max=4
Server:Apache/2.4.7 (Ubuntu)
Connection:Keep-Alive
Pragma:no-cache
Date:Mon, 11 May 2026 22:56:53 GMT
Cache-Control:no-store, no-cache, must-revalidate, post-check=0, pre-check=0
Content-Encoding:gzip
Vary:Accept-Encoding
Expires:Thu, 19 Nov 1981 08:52:00 GMT
Content-Length:1284
X-Powered-By:PHP/5.5.9-1ubuntu4.29
Content-Type:text/html
",39ddbb266d7c82ab569153efb8fbc038d075cab2e78bd63f22e71394a59939640e165add7325d6ed26fd9a09c49736abe1926e4bc026afe050a124a1983ae6a3,200
http://web/,GET,"Cookie:PHPSESSID=ln650u8nlv3q8tu5t28nfj3qn7
Accept:text/html,application/xhtml+xml,application/xml;q=0.9,image/avif,image/webp,image/apng,*/*;q=0.8,application/signed-exchange;v=b3;q=0.9
User-Agent:Mozilla/5.0 (X11; Linux x86_64) AppleWebKit/537.36 (KHTML, like Gecko) Chrome/85.0.4183.102 Safari/537.36
Upgrade-Insecure-Requests:1
",cf83e1357eefb8bdf1542850d66d8007d620e4050b5715dc83f4a921d36ce9ce47d0d13c5d85f2b0ff8318d2877eec2f63b931bd47417a81a538327af927da3e,"Keep-Alive:timeout=5, max=22
Server:Apache/2.4.7 (Ubuntu)
Connection:Keep-Alive
Pragma:no-cache
Date:Mon, 11 May 2026 22:57:54 GMT
Cache-Control:no-store, no-cache, must-revalidate, post-check=0, pre-check=0
Content-Encoding:gzip
Vary:Accept-Encoding
Expires:Thu, 19 Nov 1981 08:52:00 GMT
Content-Length:1283
X-Powered-By:PHP/5.5.9-1ubuntu4.29
Content-Type:text/html
",e47d6674e67b21459f5ba46331f51808063187d502561715c61b8de98b22d64acf962f585d775c2d8fe0c6267bcf455c989c1230104ed15fc59575a02190b1c1,200
http://web/users/login.php,GET,"Cookie:PHPSESSID=ln650u8nlv3q8tu5t28nfj3qn7
Accept:text/html,application/xhtml+xml,application/xml;q=0.9,image/avif,image/webp,image/apng,*/*;q=0.8,application/signed-exchange;v=b3;q=0.9
User-Agent:Mozilla/5.0 (X11; Linux x86_64) AppleWebKit/537.36 (KHTML, like Gecko) Chrome/85.0.4183.102 Safari/537.36
Referer:http://web/
Upgrade-Insecure-Requests:1
",cf83e1357eefb8bdf1542850d66d8007d620e4050b5715dc83f4a921d36ce9ce47d0d13c5d85f2b0ff8318d2877eec2f63b931bd47417a81a538327af927da3e,"Keep-Alive:timeout=5, max=91
Server:Apache/2.4.7 (Ubuntu)
Connection:Keep-Alive
Pragma:no-cache
Date:Mon, 11 May 2026 22:54:24 GMT
Cache-Control:no-store, no-cache, must-revalidate, post-check=0, pre-check=0
Content-Encoding:gzip
Vary:Accept-Encoding
Expires:Thu, 19 Nov 1981 08:52:00 GMT
Content-Length:977
X-Powered-By:PHP/5.5.9-1ubuntu4.29
Content-Type:text/html
",d884498b96fa737891090e237a8a86701cdf835654162d82e6454f84453a4854d5429f6732f05f07080faf088c649c416e2635acd35f2b523d9a6de379fab343,200
http://web/users/login.php,GET,"Cookie:PHPSESSID=ln650u8nlv3q8tu5t28nfj3qn7
Accept:text/html,application/xhtml+xml,application/xml;q=0.9,image/avif,image/webp,image/apng,*/*;q=0.8,application/signed-exchange;v=b3;q=0.9
User-Agent:Mozilla/5.0 (X11; Linux x86_64) AppleWebKit/537.36 (KHTML, like Gecko) Chrome/85.0.4183.102 Safari/537.36
Referer:http://web/calendar.php?date=1778713092
Upgrade-Insecure-Requests:1
",cf83e1357eefb8bdf1542850d66d8007d620e4050b5715dc83f4a921d36ce9ce47d0d13c5d85f2b0ff8318d2877eec2f63b931bd47417a81a538327af927da3e,"Keep-Alive:timeout=5, max=95
Server:Apache/2.4.7 (Ubuntu)
Connection:Keep-Alive
Pragma:no-cache
Date:Mon, 11 May 2026 22:58:14 GMT
Cache-Control:no-store, no-cache, must-revalidate, post-check=0, pre-check=0
Content-Encoding:gzip
Vary:Accept-Encoding
Expires:Thu, 19 Nov 1981 08:52:00 GMT
Content-Length:976
X-Powered-By:PHP/5.5.9-1ubuntu4.29
Content-Type:text/html
",e5b5d9341fefd0a8836c070646140f13710a657dab56cbe39078d57b49f1c01bb2a5c2d9cab61386d2b6c22c05ebac6532e69af81029debf9aaee23269486672,200
http://web/calendar.php?date=1778885942,GET,"Cookie:PHPSESSID=ln650u8nlv3q8tu5t28nfj3qn7
Accept:text/html,application/xhtml+xml,application/xml;q=0.9,image/avif,image/webp,image/apng,*/*;q=0.8,application/signed-exchange;v=b3;q=0.9
User-Agent:Mozilla/5.0 (X11; Linux x86_64) AppleWebKit/537.36 (KHTML, like Gecko) Chrome/85.0.4183.102 Safari/537.36
Referer:http://web/calendar.php?date=1778799542
Upgrade-Insecure-Requests:1
",cf83e1357eefb8bdf1542850d66d8007d620e4050b5715dc83f4a921d36ce9ce47d0d13c5d85f2b0ff8318d2877eec2f63b931bd47417a81a538327af927da3e,"Keep-Alive:timeout=5, max=21
Server:Apache/2.4.7 (Ubuntu)
Connection:Keep-Alive
Pragma:no-cache
Date:Mon, 11 May 2026 22:59:05 GMT
Cache-Control:no-store, no-cache, must-revalidate, post-check=0, pre-check=0
Content-Encoding:gzip
Vary:Accept-Encoding
Expires:Thu, 19 Nov 1981 08:52:00 GMT
Content-Length:1002
X-Powered-By:PHP/5.5.9-1ubuntu4.29
Content-Type:text/html
",7f49f988795aa2b7a581794a1299bd1d672d0d36ece2107bc9fdb185b8917b4e86a732fbb62f2b8e149320dadc2a938af1ca32cbb5c480f839d3751b623f798e,200
http://web/pictures/upload.php,GET,"Cookie:PHPSESSID=ln650u8nlv3q8tu5t28nfj3qn7
Accept:text/html,application/xhtml+xml,application/xml;q=0.9,image/avif,image/webp,image/apng,*/*;q=0.8,application/signed-exchange;v=b3;q=0.9
User-Agent:Mozilla/5.0 (X11; Linux x86_64) AppleWebKit/537.36 (KHTML, like Gecko) Chrome/85.0.4183.102 Safari/537.36
Referer:http://web/guestbook.php
Upgrade-Insecure-Requests:1
",cf83e1357eefb8bdf1542850d66d8007d620e4050b5715dc83f4a921d36ce9ce47d0d13c5d85f2b0ff8318d2877eec2f63b931bd47417a81a538327af927da3e,"Keep-Alive:timeout=5, max=50
Server:Apache/2.4.7 (Ubuntu)
Connection:Keep-Alive
Pragma:no-cache
Date:Mon, 11 May 2026 22:55:06 GMT
Cache-Control:no-store, no-cache, must-revalidate, post-check=0, pre-check=0
Expires:Thu, 19 Nov 1981 08:52:00 GMT
Content-Length:41
X-Powered-By:PHP/5.5.9-1ubuntu4.29
Location:/users/login.php
Content-Type:text/html
",cf83e1357eefb8bdf1542850d66d8007d620e4050b5715dc83f4a921d36ce9ce47d0d13c5d85f2b0ff8318d2877eec2f63b931bd47417a81a538327af927da3e,303
http://web/calendar.php,GET,"Cookie:PHPSESSID=ln650u8nlv3q8tu5t28nfj3qn7
Accept:text/html,application/xhtml+xml,application/xml;q=0.9,image/avif,image/webp,image/apng,*/*;q=0.8,application/signed-exchange;v=b3;q=0.9
User-Agent:Mozilla/5.0 (X11; Linux x86_64) AppleWebKit/537.36 (KHTML, like Gecko) Chrome/85.0.4183.102 Safari/537.36
Referer:http://web/
Upgrade-Insecure-Requests:1
",cf83e1357eefb8bdf1542850d66d8007d620e4050b5715dc83f4a921d36ce9ce47d0d13c5d85f2b0ff8318d2877eec2f63b931bd47417a81a538327af927da3e,"Keep-Alive:timeout=5, max=57
Server:Apache/2.4.7 (Ubuntu)
Connection:Keep-Alive
Pragma:no-cache
Date:Mon, 11 May 2026 22:58:41 GMT
Cache-Control:no-store, no-cache, must-revalidate, post-check=0, pre-check=0
Content-Encoding:gzip
Vary:Accept-Encoding
Expires:Thu, 19 Nov 1981 08:52:00 GMT
Content-Length:942
X-Powered-By:PHP/5.5.9-1ubuntu4.29
Content-Type:text/html
",9b77d9b47faee205ac61d2155d7b460dab9569a84ba6d8b63e88e9269ed62de1ade40d435ad9fd017ab29105e32216f2e3845efc93a6a61d245ac4bbf0852288,200
http://web/calendar.php?date=1778626714,GET,"Cookie:PHPSESSID=ln650u8nlv3q8tu5t28nfj3qn7
Accept:text/html,application/xhtml+xml,application/xml;q=0.9,image/avif,image/webp,image/apng,*/*;q=0.8,application/signed-exchange;v=b3;q=0.9
User-Agent:Mozilla/5.0 (X11; Linux x86_64) AppleWebKit/537.36 (KHTML, like Gecko) Chrome/85.0.4183.102 Safari/537.36
Referer:http://web/calendar.php
Upgrade-Insecure-Requests:1
",cf83e1357eefb8bdf1542850d66d8007d620e4050b5715dc83f4a921d36ce9ce47d0d13c5d85f2b0ff8318d2877eec2f63b931bd47417a81a538327af927da3e,"Keep-Alive:timeout=5, max=66
Server:Apache/2.4.7 (Ubuntu)
Connection:Keep-Alive
Pragma:no-cache
Date:Mon, 11 May 2026 22:58:35 GMT
Cache-Control:no-store, no-cache, must-revalidate, post-check=0, pre-check=0
Content-Encoding:gzip
Vary:Accept-Encoding
Expires:Thu, 19 Nov 1981 08:52:00 GMT
Content-Length:945
X-Powered-By:PHP/5.5.9-1ubuntu4.29
Content-Type:text/html
",5957694176f71f02ec459f54a7dcb117c17b119078d06652c901f78d95ae57c6217664afd8206cfca4b523f9685fa09d9e12a8215d7a391f7acde8a2877391ae,200
http://web/css/blueprint/print.css,GET,"Cookie:PHPSESSID=ln650u8nlv3q8tu5t28nfj3qn7
Accept:text/css,*/*;q=0.1
User-Agent:Mozilla/5.0 (X11; Linux x86_64) AppleWebKit/537.36 (KHTML, like Gecko) Chrome/85.0.4183.102 Safari/537.36
Referer:http://web/guestbook.php
",cf83e1357eefb8bdf1542850d66d8007d620e4050b5715dc83f4a921d36ce9ce47d0d13c5d85f2b0ff8318d2877eec2f63b931bd47417a81a538327af927da3e,"Server:Apache/2.4.7 (Ubuntu)
Last-Modified:Thu, 02 Feb 2017 22:24:09 GMT
Date:Mon, 11 May 2026 22:54:16 GMT
Accept-Ranges:bytes
ETag:""52d-547939fb8b440-gzip""
Content-Encoding:gzip
Vary:Accept-Encoding
Content-Length:674
Content-Type:text/css
",382bc7f4ad396de8dacb65598554ab8e1fe76b268c9b97e377be5fe694d07688463ac138e683332f401b64a7a2e8418a2a9f7f9d96e548ee8581d228368f7524,200
http://web/pictures/recent.php,GET,"Cookie:PHPSESSID=ln650u8nlv3q8tu5t28nfj3qn7
Accept:text/html,application/xhtml+xml,application/xml;q=0.9,image/avif,image/webp,image/apng,*/*;q=0.8,application/signed-exchange;v=b3;q=0.9
User-Agent:Mozilla/5.0 (X11; Linux x86_64) AppleWebKit/537.36 (KHTML, like Gecko) Chrome/85.0.4183.102 Safari/537.36
Referer:http://web/
Upgrade-Insecure-Requests:1
",cf83e1357eefb8bdf1542850d66d8007d620e4050b5715dc83f4a921d36ce9ce47d0d13c5d85f2b0ff8318d2877eec2f63b931bd47417a81a538327af927da3e,"Keep-Alive:timeout=5, max=20
Server:Apache/2.4.7 (Ubuntu)
Connection:Keep-Alive
Pragma:no-cache
Date:Mon, 11 May 2026 22:55:25 GMT
Cache-Control:no-store, no-cache, must-revalidate, post-check=0, pre-check=0
Content-Encoding:gzip
Vary:Accept-Encoding
Expires:Thu, 19 Nov 1981 08:52:00 GMT
Content-Length:1088
X-Powered-By:PHP/5.5.9-1ubuntu4.29
Content-Type:text/html
",b304261279532024367295d67c4821c5185b25f2fa1e3ea5b6bd5f15269224960989892767dbd47564a36de7060673183e9bb9f77334f0ddd096ad6ca1c4ee2d,200
http://web/calendar.php?date=1778626738,GET,"Cookie:PHPSESSID=ln650u8nlv3q8tu5t28nfj3qn7
Accept:text/html,application/xhtml+xml,application/xml;q=0.9,image/avif,image/webp,image/apng,*/*;q=0.8,application/signed-exchange;v=b3;q=0.9
User-Agent:Mozilla/5.0 (X11; Linux x86_64) AppleWebKit/537.36 (KHTML, like Gecko) Chrome/85.0.4183.102 Safari/537.36
Referer:http://web/calendar.php
Upgrade-Insecure-Requests:1
",cf83e1357eefb8bdf1542850d66d8007d620e4050b5715dc83f4a921d36ce9ce47d0d13c5d85f2b0ff8318d2877eec2f63b931bd47417a81a538327af927da3e,"Keep-Alive:timeout=5, max=30
Server:Apache/2.4.7 (Ubuntu)
Connection:Keep-Alive
Pragma:no-cache
Date:Mon, 11 May 2026 22:58:59 GMT
Cache-Control:no-store, no-cache, must-revalidate, post-check=0, pre-check=0
Content-Encoding:gzip
Vary:Accept-Encoding
Expires:Thu, 19 Nov 1981 08:52:00 GMT
Content-Length:945
X-Powered-By:PHP/5.5.9-1ubuntu4.29
Content-Type:text/html
",509c2d0ef46e2a462f83a414408043d8f2a553a4d64bb572bc95f037a6ffe66cda56f928ce7aa89c31a9a957dbd6d8ce1e5867cdfe2fc5204f83f1db810bb72a,200
http://web/users/login.php,GET,"Cookie:PHPSESSID=ln650u8nlv3q8tu5t28nfj3qn7
Accept:text/html,application/xhtml+xml,application/xml;q=0.9,image/avif,image/webp,image/apng,*/*;q=0.8,application/signed-exchange;v=b3;q=0.9
User-Agent:Mozilla/5.0 (X11; Linux x86_64) AppleWebKit/537.36 (KHTML, like Gecko) Chrome/85.0.4183.102 Safari/537.36
Referer:http://web/guestbook.php
Upgrade-Insecure-Requests:1
",cf83e1357eefb8bdf1542850d66d8007d620e4050b5715dc83f4a921d36ce9ce47d0d13c5d85f2b0ff8318d2877eec2f63b931bd47417a81a538327af927da3e,"Keep-Alive:timeout=5, max=93
Server:Apache/2.4.7 (Ubuntu)
Connection:Keep-Alive
Pragma:no-cache
Date:Mon, 11 May 2026 22:55:44 GMT
Cache-Control:no-store, no-cache, must-revalidate, post-check=0, pre-check=0
Content-Encoding:gzip
Vary:Accept-Encoding
Expires:Thu, 19 Nov 1981 08:52:00 GMT
Content-Length:975
X-Powered-By:PHP/5.5.9-1ubuntu4.29
Content-Type:text/html
",cb95b99c08d9db5f65240543dce69226bedd7954e87bf893cb6ac6afd4ae5db8e1f32af2f83c282058850adaabb9994bf8403f33f0adaf4589d17912529f37e9,200
http://web/calendar.php,GET,"Cookie:PHPSESSID=ln650u8nlv3q8tu5t28nfj3qn7
Accept:text/html,application/xhtml+xml,application/xml;q=0.9,image/avif,image/webp,image/apng,*/*;q=0.8,application/signed-exchange;v=b3;q=0.9
User-Agent:Mozilla/5.0 (X11; Linux x86_64) AppleWebKit/537.36 (KHTML, like Gecko) Chrome/85.0.4183.102 Safari/537.36
Referer:http://web/
Upgrade-Insecure-Requests:1
",cf83e1357eefb8bdf1542850d66d8007d620e4050b5715dc83f4a921d36ce9ce47d0d13c5d85f2b0ff8318d2877eec2f63b931bd47417a81a538327af927da3e,"Keep-Alive:timeout=5, max=16
Server:Apache/2.4.7 (Ubuntu)
Connection:Keep-Alive
Pragma:no-cache
Date:Mon, 11 May 2026 22:57:59 GMT
Cache-Control:no-store, no-cache, must-revalidate, post-check=0, pre-check=0
Content-Encoding:gzip
Vary:Accept-Encoding
Expires:Thu, 19 Nov 1981 08:52:00 GMT
Content-Length:943
X-Powered-By:PHP/5.5.9-1ubuntu4.29
Content-Type:text/html
",644d033edbefc5f584cfdc5e95f6dc4432f0be3d302c6f0833682b572b532b5697b6e33b76e6d43c42169c5a4d4b0463bec27e8478fa748829d74fc03f37f0ab,200
http://web/css/blueprint/screen.css,GET,"Cookie:PHPSESSID=ln650u8nlv3q8tu5t28nfj3qn7
Accept:text/css,*/*;q=0.1
User-Agent:Mozilla/5.0 (X11; Linux x86_64) AppleWebKit/537.36 (KHTML, like Gecko) Chrome/85.0.4183.102 Safari/537.36
Referer:http://web/users/sample.php?userid=1
",cf83e1357eefb8bdf1542850d66d8007d620e4050b5715dc83f4a921d36ce9ce47d0d13c5d85f2b0ff8318d2877eec2f63b931bd47417a81a538327af927da3e,"Server:Apache/2.4.7 (Ubuntu)
Last-Modified:Thu, 02 Feb 2017 22:24:09 GMT
Date:Mon, 11 May 2026 22:54:16 GMT
Accept-Ranges:bytes
ETag:""24c7-547939fb8b440-gzip""
Content-Encoding:gzip
Vary:Accept-Encoding
Content-Length:2682
Content-Type:text/css
",c0995dbb8c323ef465d8cc5d7b640b1a5435beb529b0c6e55594b1c0f3db66e859d23f70cfe8d93285234e722d677fca7c8887bee81a636881b2f91f221f976e,200
http://web/,GET,"Cookie:PHPSESSID=ln650u8nlv3q8tu5t28nfj3qn7
Accept:text/html,application/xhtml+xml,application/xml;q=0.9,image/avif,image/webp,image/apng,*/*;q=0.8,application/signed-exchange;v=b3;q=0.9
User-Agent:Mozilla/5.0 (X11; Linux x86_64) AppleWebKit/537.36 (KHTML, like Gecko) Chrome/85.0.4183.102 Safari/537.36
Upgrade-Insecure-Requests:1
",cf83e1357eefb8bdf1542850d66d8007d620e4050b5715dc83f4a921d36ce9ce47d0d13c5d85f2b0ff8318d2877eec2f63b931bd47417a81a538327af927da3e,"Keep-Alive:timeout=5, max=92
Server:Apache/2.4.7 (Ubuntu)
Connection:Keep-Alive
Pragma:no-cache
Date:Mon, 11 May 2026 22:57:03 GMT
Cache-Control:no-store, no-cache, must-revalidate, post-check=0, pre-check=0
Content-Encoding:gzip
Vary:Accept-Encoding
Expires:Thu, 19 Nov 1981 08:52:00 GMT
Content-Length:1283
X-Powered-By:PHP/5.5.9-1ubuntu4.29
Content-Type:text/html
",546fa64608d69894e7f85ca95d0307f15cae48853cebcfbd9d434696eb28f13d5fb2eeac65bb6900b13c24a1356ce681fac42d54dff52c4d7c95021a4a374c75,200
http://web/users/login.php,GET,"Cookie:PHPSESSID=ln650u8nlv3q8tu5t28nfj3qn7
Accept:text/html,application/xhtml+xml,application/xml;q=0.9,image/avif,image/webp,image/apng,*/*;q=0.8,application/signed-exchange;v=b3;q=0.9
User-Agent:Mozilla/5.0 (X11; Linux x86_64) AppleWebKit/537.36 (KHTML, like Gecko) Chrome/85.0.4183.102 Safari/537.36
Referer:http://web/calendar.php?date=1778799538
Upgrade-Insecure-Requests:1
",cf83e1357eefb8bdf1542850d66d8007d620e4050b5715dc83f4a921d36ce9ce47d0d13c5d85f2b0ff8318d2877eec2f63b931bd47417a81a538327af927da3e,"Keep-Alive:timeout=5, max=27
Server:Apache/2.4.7 (Ubuntu)
Connection:Keep-Alive
Pragma:no-cache
Date:Mon, 11 May 2026 22:59:01 GMT
Cache-Control:no-store, no-cache, must-revalidate, post-check=0, pre-check=0
Content-Encoding:gzip
Vary:Accept-Encoding
Expires:Thu, 19 Nov 1981 08:52:00 GMT
Content-Length:976
X-Powered-By:PHP/5.5.9-1ubuntu4.29
Content-Type:text/html
",de672beb5cbbd50ea2b4802871e83c5ec95f45597e17f15b8522a667fcce4b8bd7fc4c6ca20a04bc4038f964e637e49165b4bfd1c2802f05da0fe9412e362d49,200
http://web/calendar.php,GET,"Cookie:PHPSESSID=ln650u8nlv3q8tu5t28nfj3qn7
Accept:text/html,application/xhtml+xml,application/xml;q=0.9,image/avif,image/webp,image/apng,*/*;q=0.8,application/signed-exchange;v=b3;q=0.9
User-Agent:Mozilla/5.0 (X11; Linux x86_64) AppleWebKit/537.36 (KHTML, like Gecko) Chrome/85.0.4183.102 Safari/537.36
Referer:http://web/
Upgrade-Insecure-Requests:1
",cf83e1357eefb8bdf1542850d66d8007d620e4050b5715dc83f4a921d36ce9ce47d0d13c5d85f2b0ff8318d2877eec2f63b931bd47417a81a538327af927da3e,"Keep-Alive:timeout=5, max=6
Server:Apache/2.4.7 (Ubuntu)
Connection:Keep-Alive
Pragma:no-cache
Date:Mon, 11 May 2026 22:56:51 GMT
Cache-Control:no-store, no-cache, must-revalidate, post-check=0, pre-check=0
Content-Encoding:gzip
Vary:Accept-Encoding
Expires:Thu, 19 Nov 1981 08:52:00 GMT
Content-Length:942
X-Powered-By:PHP/5.5.9-1ubuntu4.29
Content-Type:text/html
",8a55b7798681cfb3e388358b4c31516f3210764200581de6d79050855a70c88323bfc473cc1845d17df33a0d3ccf29fec9508a250f9545f686bdad0184ae52f0,200
http://web/users/login.php,GET,"Cookie:PHPSESSID=ln650u8nlv3q8tu5t28nfj3qn7
Accept:text/html,application/xhtml+xml,application/xml;q=0.9,image/avif,image/webp,image/apng,*/*;q=0.8,application/signed-exchange;v=b3;q=0.9
User-Agent:Mozilla/5.0 (X11; Linux x86_64) AppleWebKit/537.36 (KHTML, like Gecko) Chrome/85.0.4183.102 Safari/537.36
Referer:http://web/guestbook.php
Upgrade-Insecure-Requests:1
",cf83e1357eefb8bdf1542850d66d8007d620e4050b5715dc83f4a921d36ce9ce47d0d13c5d85f2b0ff8318d2877eec2f63b931bd47417a81a538327af927da3e,"Keep-Alive:timeout=5, max=49
Server:Apache/2.4.7 (Ubuntu)
Connection:Keep-Alive
Pragma:no-cache
Date:Mon, 11 May 2026 22:55:06 GMT
Cache-Control:no-store, no-cache, must-revalidate, post-check=0, pre-check=0
Content-Encoding:gzip
Vary:Accept-Encoding
Expires:Thu, 19 Nov 1981 08:52:00 GMT
Content-Length:976
X-Powered-By:PHP/5.5.9-1ubuntu4.29
Content-Type:text/html
",046d6541236d083fd97d4ccf7da4e012f255998d0f46904291e305f23ca035b48267ca118b6a203a42d15cc1faf55e455eab8edf2e40516ef2155ed61ef95181,200
http://web/,GET,"Cookie:PHPSESSID=ln650u8nlv3q8tu5t28nfj3qn7
Accept:text/html,application/xhtml+xml,application/xml;q=0.9,image/avif,image/webp,image/apng,*/*;q=0.8,application/signed-exchange;v=b3;q=0.9
User-Agent:Mozilla/5.0 (X11; Linux x86_64) AppleWebKit/537.36 (KHTML, like Gecko) Chrome/85.0.4183.102 Safari/537.36
Upgrade-Insecure-Requests:1
",cf83e1357eefb8bdf1542850d66d8007d620e4050b5715dc83f4a921d36ce9ce47d0d13c5d85f2b0ff8318d2877eec2f63b931bd47417a81a538327af927da3e,"Keep-Alive:timeout=5, max=41
Server:Apache/2.4.7 (Ubuntu)
Connection:Keep-Alive
Pragma:no-cache
Date:Mon, 11 May 2026 22:55:12 GMT
Cache-Control:no-store, no-cache, must-revalidate, post-check=0, pre-check=0
Content-Encoding:gzip
Vary:Accept-Encoding
Expires:Thu, 19 Nov 1981 08:52:00 GMT
Content-Length:1284
X-Powered-By:PHP/5.5.9-1ubuntu4.29
Content-Type:text/html
",a9c5c8981c5296d6f4cf7e6b522197281d64e3abaa2f8b87b94a312956aed7a4514632baf9f0149dbc85bde8430a3fe99e5726d41f78866ac8fa21934e1fb3a8,200
http://web/,GET,"Cookie:PHPSESSID=ln650u8nlv3q8tu5t28nfj3qn7
Accept:text/html,application/xhtml+xml,application/xml;q=0.9,image/avif,image/webp,image/apng,*/*;q=0.8,application/signed-exchange;v=b3;q=0.9
User-Agent:Mozilla/5.0 (X11; Linux x86_64) AppleWebKit/537.36 (KHTML, like Gecko) Chrome/85.0.4183.102 Safari/537.36
Upgrade-Insecure-Requests:1
",cf83e1357eefb8bdf1542850d66d8007d620e4050b5715dc83f4a921d36ce9ce47d0d13c5d85f2b0ff8318d2877eec2f63b931bd47417a81a538327af927da3e,"Keep-Alive:timeout=5, max=52
Server:Apache/2.4.7 (Ubuntu)
Connection:Keep-Alive
Pragma:no-cache
Date:Mon, 11 May 2026 22:57:33 GMT
Cache-Control:no-store, no-cache, must-revalidate, post-check=0, pre-check=0
Content-Encoding:gzip
Vary:Accept-Encoding
Expires:Thu, 19 Nov 1981 08:52:00 GMT
Content-Length:1284
X-Powered-By:PHP/5.5.9-1ubuntu4.29
Content-Type:text/html
",40b8e0783c1941c32c729a653050d126a00acd6d7c8db80de0a4c988fdc6083b81a8d9e1f075541d3f1580111ee5f8385f5b05c15d5f7fed699e3cd536b86bb0,200
http://web/users/login.php,GET,"Cookie:PHPSESSID=ln650u8nlv3q8tu5t28nfj3qn7
Accept:text/html,application/xhtml+xml,application/xml;q=0.9,image/avif,image/webp,image/apng,*/*;q=0.8,application/signed-exchange;v=b3;q=0.9
User-Agent:Mozilla/5.0 (X11; Linux x86_64) AppleWebKit/537.36 (KHTML, like Gecko) Chrome/85.0.4183.102 Safari/537.36
Referer:http://web/calendar.php
Upgrade-Insecure-Requests:1
",cf83e1357eefb8bdf1542850d66d8007d620e4050b5715dc83f4a921d36ce9ce47d0d13c5d85f2b0ff8318d2877eec2f63b931bd47417a81a538327af927da3e,"Keep-Alive:timeout=5, max=11
Server:Apache/2.4.7 (Ubuntu)
Connection:Keep-Alive
Pragma:no-cache
Date:Mon, 11 May 2026 22:56:47 GMT
Cache-Control:no-store, no-cache, must-revalidate, post-check=0, pre-check=0
Content-Encoding:gzip
Vary:Accept-Encoding
Expires:Thu, 19 Nov 1981 08:52:00 GMT
Content-Length:975
X-Powered-By:PHP/5.5.9-1ubuntu4.29
Content-Type:text/html
",21ef7ad79df104328b12af0889e6d29c51037c4041e9cc981cc77fb56c233f225ad6e7e4ce2b011555cd637dc495507e12313eeb53efae0d7b4fb3a90378e985,200
http://web/users/login.php,GET,"Cookie:PHPSESSID=ln650u8nlv3q8tu5t28nfj3qn7
Accept:text/html,application/xhtml+xml,application/xml;q=0.9,image/avif,image/webp,image/apng,*/*;q=0.8,application/signed-exchange;v=b3;q=0.9
User-Agent:Mozilla/5.0 (X11; Linux x86_64) AppleWebKit/537.36 (KHTML, like Gecko) Chrome/85.0.4183.102 Safari/537.36
Referer:http://web/
Upgrade-Insecure-Requests:1
",cf83e1357eefb8bdf1542850d66d8007d620e4050b5715dc83f4a921d36ce9ce47d0d13c5d85f2b0ff8318d2877eec2f63b931bd47417a81a538327af927da3e,"Keep-Alive:timeout=5, max=85
Server:Apache/2.4.7 (Ubuntu)
Connection:Keep-Alive
Pragma:no-cache
Date:Mon, 11 May 2026 22:54:39 GMT
Cache-Control:no-store, no-cache, must-revalidate, post-check=0, pre-check=0
Content-Encoding:gzip
Vary:Accept-Encoding
Expires:Thu, 19 Nov 1981 08:52:00 GMT
Content-Length:977
X-Powered-By:PHP/5.5.9-1ubuntu4.29
Content-Type:text/html
",0b3cccd228f153bbd202f8f2710624684092d1acd03a9d50d5a78639fa96cdfad78fcb8b4161e94c998add06a68e2243f7d08e232e64fbf8bbbe23d3eab068ca,200
http://web/pictures/recent.php,GET,"Cookie:PHPSESSID=ln650u8nlv3q8tu5t28nfj3qn7
Accept:text/html,application/xhtml+xml,application/xml;q=0.9,image/avif,image/webp,image/apng,*/*;q=0.8,application/signed-exchange;v=b3;q=0.9
User-Agent:Mozilla/5.0 (X11; Linux x86_64) AppleWebKit/537.36 (KHTML, like Gecko) Chrome/85.0.4183.102 Safari/537.36
Referer:http://web/
Upgrade-Insecure-Requests:1
",cf83e1357eefb8bdf1542850d66d8007d620e4050b5715dc83f4a921d36ce9ce47d0d13c5d85f2b0ff8318d2877eec2f63b931bd47417a81a538327af927da3e,"Keep-Alive:timeout=5, max=8
Server:Apache/2.4.7 (Ubuntu)
Connection:Keep-Alive
Pragma:no-cache
Date:Mon, 11 May 2026 22:55:32 GMT
Cache-Control:no-store, no-cache, must-revalidate, post-check=0, pre-check=0
Content-Encoding:gzip
Vary:Accept-Encoding
Expires:Thu, 19 Nov 1981 08:52:00 GMT
Content-Length:1087
X-Powered-By:PHP/5.5.9-1ubuntu4.29
Content-Type:text/html
",cd8d76914227a488d2073ef4d4561ce7e38daab8d5f053a4d8efaeb8a19d2b4c9d8b4f9d2108c4a96c13ad11ac3ca4281c7e03c49a4d65ebeabf39eaea29eb9b,200
http://web/,GET,"Cookie:PHPSESSID=ln650u8nlv3q8tu5t28nfj3qn7
Accept:text/html,application/xhtml+xml,application/xml;q=0.9,image/avif,image/webp,image/apng,*/*;q=0.8,application/signed-exchange;v=b3;q=0.9
User-Agent:Mozilla/5.0 (X11; Linux x86_64) AppleWebKit/537.36 (KHTML, like Gecko) Chrome/85.0.4183.102 Safari/537.36
Upgrade-Insecure-Requests:1
",cf83e1357eefb8bdf1542850d66d8007d620e4050b5715dc83f4a921d36ce9ce47d0d13c5d85f2b0ff8318d2877eec2f63b931bd47417a81a538327af927da3e,"Keep-Alive:timeout=5, max=98
Server:Apache/2.4.7 (Ubuntu)
Connection:Keep-Alive
Pragma:no-cache
Date:Mon, 11 May 2026 22:56:58 GMT
Cache-Control:no-store, no-cache, must-revalidate, post-check=0, pre-check=0
Content-Encoding:gzip
Vary:Accept-Encoding
Expires:Thu, 19 Nov 1981 08:52:00 GMT
Content-Length:1282
X-Powered-By:PHP/5.5.9-1ubuntu4.29
Content-Type:text/html
",6a59cee3386ce3e8b291b17890fb7ecfd25ea2926c4a223e120425e24e4ed78c77b1a37c51832b61498804ba302a7514751bd73f1f2fbd263900ab1d599edbe9,200
http://web/admin/index.php?page=login,GET,"Cookie:PHPSESSID=ln650u8nlv3q8tu5t28nfj3qn7
Accept:text/html,application/xhtml+xml,application/xml;q=0.9,image/avif,image/webp,image/apng,*/*;q=0.8,application/signed-exchange;v=b3;q=0.9
User-Agent:Mozilla/5.0 (X11; Linux x86_64) AppleWebKit/537.36 (KHTML, like Gecko) Chrome/85.0.4183.102 Safari/537.36
Referer:http://web/passcheck.php
Upgrade-Insecure-Requests:1
",cf83e1357eefb8bdf1542850d66d8007d620e4050b5715dc83f4a921d36ce9ce47d0d13c5d85f2b0ff8318d2877eec2f63b931bd47417a81a538327af927da3e,"Keep-Alive:timeout=5, max=53
Server:Apache/2.4.7 (Ubuntu)
Connection:Keep-Alive
Pragma:no-cache
Date:Mon, 11 May 2026 22:57:33 GMT
Cache-Control:no-store, no-cache, must-revalidate, post-check=0, pre-check=0
Content-Encoding:gzip
Vary:Accept-Encoding
Expires:Thu, 19 Nov 1981 08:52:00 GMT
Content-Length:215
X-Powered-By:PHP/5.5.9-1ubuntu4.29
Content-Type:text/html
",076890d92afdfb9d6f3edd8c40895054aa246cad4967ce8f7ae82d9c612fa5678182157718cf676f3f990ed45e24a8c3db549f4a78e3c8b3e47ec7b3aed4c967,200
http://web/css/stylings.css,GET,"Cookie:PHPSESSID=ln650u8nlv3q8tu5t28nfj3qn7
Accept:text/css,*/*;q=0.1
User-Agent:Mozilla/5.0 (X11; Linux x86_64) AppleWebKit/537.36 (KHTML, like Gecko) Chrome/85.0.4183.102 Safari/537.36
Referer:http://web/
",cf83e1357eefb8bdf1542850d66d8007d620e4050b5715dc83f4a921d36ce9ce47d0d13c5d85f2b0ff8318d2877eec2f63b931bd47417a81a538327af927da3e,"Keep-Alive:timeout=5, max=99
Server:Apache/2.4.7 (Ubuntu)
Connection:Keep-Alive
Last-Modified:Thu, 02 Feb 2017 22:24:09 GMT
Date:Mon, 11 May 2026 22:54:16 GMT
Accept-Ranges:bytes
ETag:""c29-547939fb8b440-gzip""
Content-Encoding:gzip
Vary:Accept-Encoding
Content-Length:838
Content-Type:text/css
",e6142d743628221ad60b6d12a0b444a077ed8ede2504b511ffffde908ffe459f09875b3901f9a63ec228906521c445248f9277e14f591205808d8dfc200df823,200
http://web/users/login.php,GET,"Cookie:PHPSESSID=ln650u8nlv3q8tu5t28nfj3qn7
Accept:text/html,application/xhtml+xml,application/xml;q=0.9,image/avif,image/webp,image/apng,*/*;q=0.8,application/signed-exchange;v=b3;q=0.9
User-Agent:Mozilla/5.0 (X11; Linux x86_64) AppleWebKit/537.36 (KHTML, like Gecko) Chrome/85.0.4183.102 Safari/537.36
Referer:http://web/tos.php
Upgrade-Insecure-Requests:1
",cf83e1357eefb8bdf1542850d66d8007d620e4050b5715dc83f4a921d36ce9ce47d0d13c5d85f2b0ff8318d2877eec2f63b931bd47417a81a538327af927da3e,"Keep-Alive:timeout=5, max=60
Server:Apache/2.4.7 (Ubuntu)
Connection:Keep-Alive
Pragma:no-cache
Date:Mon, 11 May 2026 22:54:58 GMT
Cache-Control:no-store, no-cache, must-revalidate, post-check=0, pre-check=0
Content-Encoding:gzip
Vary:Accept-Encoding
Expires:Thu, 19 Nov 1981 08:52:00 GMT
Content-Length:976
X-Powered-By:PHP/5.5.9-1ubuntu4.29
Content-Type:text/html
",68bdb0223635f2850c8ba4d3df7fa630a7b04b3364a7081bc65f448e3d4a493294ed129c74c7dc0c457090a3aee99a9d0f8efd6386e247f9d84c9726c60d68c8,200
http://web/users/sample.php?userid=1,GET,"Cookie:PHPSESSID=ln650u8nlv3q8tu5t28nfj3qn7
Accept:text/html,application/xhtml+xml,application/xml;q=0.9,image/avif,image/webp,image/apng,*/*;q=0.8,application/signed-exchange;v=b3;q=0.9
User-Agent:Mozilla/5.0 (X11; Linux x86_64) AppleWebKit/537.36 (KHTML, like Gecko) Chrome/85.0.4183.102 Safari/537.36
Referer:http://web/
Upgrade-Insecure-Requests:1
",cf83e1357eefb8bdf1542850d66d8007d620e4050b5715dc83f4a921d36ce9ce47d0d13c5d85f2b0ff8318d2877eec2f63b931bd47417a81a538327af927da3e,"Keep-Alive:timeout=5, max=27
Server:Apache/2.4.7 (Ubuntu)
Connection:Keep-Alive
Pragma:no-cache
Date:Mon, 11 May 2026 22:56:36 GMT
Cache-Control:no-store, no-cache, must-revalidate, post-check=0, pre-check=0
Content-Encoding:gzip
Vary:Accept-Encoding
Expires:Thu, 19 Nov 1981 08:52:00 GMT
Content-Length:981
X-Powered-By:PHP/5.5.9-1ubuntu4.29
Content-Type:text/html
",619f37edb360279795a3e0f15faf6b94b10acff9155b36342b57462a984d61daa4a1dfc020dec0ad289b940cbb974988d2fd7c15e2f64b7b838bb52b8f752aa7,200
http://web/upload/waterfall/Waterfall.128_128.jpg,GET,"Cookie:PHPSESSID=ln650u8nlv3q8tu5t28nfj3qn7
Accept:image/avif,image/webp,image/apng,image/*,*/*;q=0.8
User-Agent:Mozilla/5.0 (X11; Linux x86_64) AppleWebKit/537.36 (KHTML, like Gecko) Chrome/85.0.4183.102 Safari/537.36
Referer:http://web/pictures/recent.php
",cf83e1357eefb8bdf1542850d66d8007d620e4050b5715dc83f4a921d36ce9ce47d0d13c5d85f2b0ff8318d2877eec2f63b931bd47417a81a538327af927da3e,"Server:Apache/2.4.7 (Ubuntu)
Last-Modified:Thu, 02 Feb 2017 22:24:09 GMT
Date:Mon, 11 May 2026 22:54:27 GMT
Accept-Ranges:bytes
ETag:""3950-547939fb8b440""
Content-Length:14672
Content-Type:image/jpeg
",b4cf82dbfa6dd1d66ab0e526149bcfb14444941e01c00d5afee0b0a79ee6168b00bc6969f9ad0fdf9b2b75a6ddf60da5fffbc01ffad4f107b0001c213260c858,200
http://web/calendar.php?date=1778713103,GET,"Cookie:PHPSESSID=ln650u8nlv3q8tu5t28nfj3qn7
Accept:text/html,application/xhtml+xml,application/xml;q=0.9,image/avif,image/webp,image/apng,*/*;q=0.8,application/signed-exchange;v=b3;q=0.9
User-Agent:Mozilla/5.0 (X11; Linux x86_64) AppleWebKit/537.36 (KHTML, like Gecko) Chrome/85.0.4183.102 Safari/537.36
Referer:http://web/calendar.php?date=1778626703
Upgrade-Insecure-Requests:1
",cf83e1357eefb8bdf1542850d66d8007d620e4050b5715dc83f4a921d36ce9ce47d0d13c5d85f2b0ff8318d2877eec2f63b931bd47417a81a538327af927da3e,"Keep-Alive:timeout=5, max=81
Server:Apache/2.4.7 (Ubuntu)
Connection:Keep-Alive
Pragma:no-cache
Date:Mon, 11 May 2026 22:58:24 GMT
Cache-Control:no-store, no-cache, must-revalidate, post-check=0, pre-check=0
Content-Encoding:gzip
Vary:Accept-Encoding
Expires:Thu, 19 Nov 1981 08:52:00 GMT
Content-Length:947
X-Powered-By:PHP/5.5.9-1ubuntu4.29
Content-Type:text/html
",0dd2dff36466dec71641c73daf7862176e86b9121e9e00931b29caa5eebbf1a6479506b9d634c95be97c5961aa54fbe2b2ccb19ce2516504ba329c232a1ff775,200
http://web/pictures/recent.php,GET,"Cookie:PHPSESSID=ln650u8nlv3q8tu5t28nfj3qn7
Accept:text/html,application/xhtml+xml,application/xml;q=0.9,image/avif,image/webp,image/apng,*/*;q=0.8,application/signed-exchange;v=b3;q=0.9
User-Agent:Mozilla/5.0 (X11; Linux x86_64) AppleWebKit/537.36 (KHTML, like Gecko) Chrome/85.0.4183.102 Safari/537.36
Referer:http://web/tos.php
Upgrade-Insecure-Requests:1
",cf83e1357eefb8bdf1542850d66d8007d620e4050b5715dc83f4a921d36ce9ce47d0d13c5d85f2b0ff8318d2877eec2f63b931bd47417a81a538327af927da3e,"Keep-Alive:timeout=5, max=83
Server:Apache/2.4.7 (Ubuntu)
Connection:Keep-Alive
Pragma:no-cache
Date:Mon, 11 May 2026 22:55:53 GMT
Cache-Control:no-store, no-cache, must-revalidate, post-check=0, pre-check=0
Content-Encoding:gzip
Vary:Accept-Encoding
Expires:Thu, 19 Nov 1981 08:52:00 GMT
Content-Length:1087
X-Powered-By:PHP/5.5.9-1ubuntu4.29
Content-Type:text/html
",8a007dbe8bbcfc695dd1ea8367be7157bde02f060c0779b3ba64a3a705b7fdb6289a2eb7667cb5f67b34c6914202bbb19b77604f9ecc97e95a1b93f6f030a28f,200
http://web/pictures/upload.php,GET,"Cookie:PHPSESSID=ln650u8nlv3q8tu5t28nfj3qn7
Accept:text/html,application/xhtml+xml,application/xml;q=0.9,image/avif,image/webp,image/apng,*/*;q=0.8,application/signed-exchange;v=b3;q=0.9
User-Agent:Mozilla/5.0 (X11; Linux x86_64) AppleWebKit/537.36 (KHTML, like Gecko) Chrome/85.0.4183.102 Safari/537.36
Referer:http://web/calendar.php?date=1778626663
Upgrade-Insecure-Requests:1
",cf83e1357eefb8bdf1542850d66d8007d620e4050b5715dc83f4a921d36ce9ce47d0d13c5d85f2b0ff8318d2877eec2f63b931bd47417a81a538327af927da3e,"Keep-Alive:timeout=5, max=36
Server:Apache/2.4.7 (Ubuntu)
Connection:Keep-Alive
Pragma:no-cache
Date:Mon, 11 May 2026 22:57:45 GMT
Cache-Control:no-store, no-cache, must-revalidate, post-check=0, pre-check=0
Expires:Thu, 19 Nov 1981 08:52:00 GMT
Content-Length:41
X-Powered-By:PHP/5.5.9-1ubuntu4.29
Location:/users/login.php
Content-Type:text/html
",cf83e1357eefb8bdf1542850d66d8007d620e4050b5715dc83f4a921d36ce9ce47d0d13c5d85f2b0ff8318d2877eec2f63b931bd47417a81a538327af927da3e,303
http://web/pictures/recent.php,GET,"Cookie:PHPSESSID=ln650u8nlv3q8tu5t28nfj3qn7
Accept:text/html,application/xhtml+xml,application/xml;q=0.9,image/avif,image/webp,image/apng,*/*;q=0.8,application/signed-exchange;v=b3;q=0.9
User-Agent:Mozilla/5.0 (X11; Linux x86_64) AppleWebKit/537.36 (KHTML, like Gecko) Chrome/85.0.4183.102 Safari/537.36
Referer:http://web/
Upgrade-Insecure-Requests:1
",cf83e1357eefb8bdf1542850d66d8007d620e4050b5715dc83f4a921d36ce9ce47d0d13c5d85f2b0ff8318d2877eec2f63b931bd47417a81a538327af927da3e,"Keep-Alive:timeout=5, max=96
Server:Apache/2.4.7 (Ubuntu)
Connection:Keep-Alive
Pragma:no-cache
Date:Mon, 11 May 2026 22:54:30 GMT
Cache-Control:no-store, no-cache, must-revalidate, post-check=0, pre-check=0
Content-Encoding:gzip
Vary:Accept-Encoding
Expires:Thu, 19 Nov 1981 08:52:00 GMT
Content-Length:1088
X-Powered-By:PHP/5.5.9-1ubuntu4.29
Content-Type:text/html
",2f656745815ff83f48ca062c0db1ed8c40a318fb9aa34a398ff397bede28de5b0af149a05b67e5587adc39c05e0ba358e39a60a18d0b1469274459148ce56663,200
http://web/guestbook.php,GET,"Cookie:PHPSESSID=ln650u8nlv3q8tu5t28nfj3qn7
Accept:text/html,application/xhtml+xml,application/xml;q=0.9,image/avif,image/webp,image/apng,*/*;q=0.8,application/signed-exchange;v=b3;q=0.9
User-Agent:Mozilla/5.0 (X11; Linux x86_64) AppleWebKit/537.36 (KHTML, like Gecko) Chrome/85.0.4183.102 Safari/537.36
Referer:http://web/
Upgrade-Insecure-Requests:1
",cf83e1357eefb8bdf1542850d66d8007d620e4050b5715dc83f4a921d36ce9ce47d0d13c5d85f2b0ff8318d2877eec2f63b931bd47417a81a538327af927da3e,"Keep-Alive:timeout=5, max=81
Server:Apache/2.4.7 (Ubuntu)
Connection:Keep-Alive
Pragma:no-cache
Date:Mon, 11 May 2026 22:55:54 GMT
Cache-Control:no-store, no-cache, must-revalidate, post-check=0, pre-check=0
Content-Encoding:gzip
Vary:Accept-Encoding
Expires:Thu, 19 Nov 1981 08:52:00 GMT
Content-Length:999
X-Powered-By:PHP/5.5.9-1ubuntu4.29
Content-Type:text/html
",aea6dd83e113dd9586fe3db58148cd0cfdc869daddb9835a0a6441d4b5102daef78c4556bf438b7c758b5a57b6211cc3cdf882b3045163d37bd555c3eb11afaa,200
http://web/users/login.php,GET,"Cookie:PHPSESSID=ln650u8nlv3q8tu5t28nfj3qn7
Accept:text/html,application/xhtml+xml,application/xml;q=0.9,image/avif,image/webp,image/apng,*/*;q=0.8,application/signed-exchange;v=b3;q=0.9
User-Agent:Mozilla/5.0 (X11; Linux x86_64) AppleWebKit/537.36 (KHTML, like Gecko) Chrome/85.0.4183.102 Safari/537.36
Referer:http://web/pictures/recent.php
Upgrade-Insecure-Requests:1
",cf83e1357eefb8bdf1542850d66d8007d620e4050b5715dc83f4a921d36ce9ce47d0d13c5d85f2b0ff8318d2877eec2f63b931bd47417a81a538327af927da3e,"Keep-Alive:timeout=5, max=10
Server:Apache/2.4.7 (Ubuntu)
Connection:Keep-Alive
Pragma:no-cache
Date:Mon, 11 May 2026 22:55:31 GMT
Cache-Control:no-store, no-cache, must-revalidate, post-check=0, pre-check=0
Content-Encoding:gzip
Vary:Accept-Encoding
Expires:Thu, 19 Nov 1981 08:52:00 GMT
Content-Length:976
X-Powered-By:PHP/5.5.9-1ubuntu4.29
Content-Type:text/html
",8e90e7ad86165f4a39ba849e7c8f2d13ac662161239c2b05c14a118acb0d887985eb67fffe4da6ab6bdbeddf41184545ed7ea19ac4959588ca9e7d360c29ffb0,200
http://web/upload/flowers/flweofoee.128_128.jpg,GET,"Cookie:PHPSESSID=ln650u8nlv3q8tu5t28nfj3qn7
Accept:image/avif,image/webp,image/apng,image/*,*/*;q=0.8
User-Agent:Mozilla/5.0 (X11; Linux x86_64) AppleWebKit/537.36 (KHTML, like Gecko) Chrome/85.0.4183.102 Safari/537.36
Referer:http://web/pictures/recent.php
",cf83e1357eefb8bdf1542850d66d8007d620e4050b5715dc83f4a921d36ce9ce47d0d13c5d85f2b0ff8318d2877eec2f63b931bd47417a81a538327af927da3e,"Keep-Alive:timeout=5, max=100
Server:Apache/2.4.7 (Ubuntu)
Connection:Keep-Alive
Last-Modified:Thu, 02 Feb 2017 22:24:09 GMT
Date:Mon, 11 May 2026 22:54:27 GMT
Accept-Ranges:bytes
ETag:""3c1d-547939fb8b440""
Content-Length:15389
Content-Type:image/jpeg
",7e129e0bbb863976449db3222dba9d0d4f5eec34568417e96ab615e4f7981ee1790944f510629e1b701ae68b35b272656ced86d6fea3a727adec1063e078f609,200
http://web/pictures/upload.php,GET,"Cookie:PHPSESSID=ln650u8nlv3q8tu5t28nfj3qn7
Accept:text/html,application/xhtml+xml,application/xml;q=0.9,image/avif,image/webp,image/apng,*/*;q=0.8,application/signed-exchange;v=b3;q=0.9
User-Agent:Mozilla/5.0 (X11; Linux x86_64) AppleWebKit/537.36 (KHTML, like Gecko) Chrome/85.0.4183.102 Safari/537.36
Referer:http://web/users/register.php
Upgrade-Insecure-Requests:1
",cf83e1357eefb8bdf1542850d66d8007d620e4050b5715dc83f4a921d36ce9ce47d0d13c5d85f2b0ff8318d2877eec2f63b931bd47417a81a538327af927da3e,"Keep-Alive:timeout=5, max=77
Server:Apache/2.4.7 (Ubuntu)
Connection:Keep-Alive
Pragma:no-cache
Date:Mon, 11 May 2026 22:55:58 GMT
Cache-Control:no-store, no-cache, must-revalidate, post-check=0, pre-check=0
Expires:Thu, 19 Nov 1981 08:52:00 GMT
Content-Length:41
X-Powered-By:PHP/5.5.9-1ubuntu4.29
Location:/users/login.php
Content-Type:text/html
",cf83e1357eefb8bdf1542850d66d8007d620e4050b5715dc83f4a921d36ce9ce47d0d13c5d85f2b0ff8318d2877eec2f63b931bd47417a81a538327af927da3e,303
http://web/pictures/recent.php,GET,"Cookie:PHPSESSID=ln650u8nlv3q8tu5t28nfj3qn7
Accept:text/html,application/xhtml+xml,application/xml;q=0.9,image/avif,image/webp,image/apng,*/*;q=0.8,application/signed-exchange;v=b3;q=0.9
User-Agent:Mozilla/5.0 (X11; Linux x86_64) AppleWebKit/537.36 (KHTML, like Gecko) Chrome/85.0.4183.102 Safari/537.36
Referer:http://web/
Upgrade-Insecure-Requests:1
",cf83e1357eefb8bdf1542850d66d8007d620e4050b5715dc83f4a921d36ce9ce47d0d13c5d85f2b0ff8318d2877eec2f63b931bd47417a81a538327af927da3e,"Keep-Alive:timeout=5, max=47
Server:Apache/2.4.7 (Ubuntu)
Connection:Keep-Alive
Pragma:no-cache
Date:Mon, 11 May 2026 22:55:08 GMT
Cache-Control:no-store, no-cache, must-revalidate, post-check=0, pre-check=0
Content-Encoding:gzip
Vary:Accept-Encoding
Expires:Thu, 19 Nov 1981 08:52:00 GMT
Content-Length:1087
X-Powered-By:PHP/5.5.9-1ubuntu4.29
Content-Type:text/html
",054fd39daf7a33277fd97544dd13582f4a02ce9d463a8fae905274ff2991e6970dac3802276687d3739da81f496b8531951cab3b00ce967704bd4e3865237fcf,200
http://web/upload/toga/togasfs.128_128.jpg,GET,"Cookie:PHPSESSID=ln650u8nlv3q8tu5t28nfj3qn7
Accept:image/avif,image/webp,image/apng,image/*,*/*;q=0.8
User-Agent:Mozilla/5.0 (X11; Linux x86_64) AppleWebKit/537.36 (KHTML, like Gecko) Chrome/85.0.4183.102 Safari/537.36
Referer:http://web/pictures/recent.php
",cf83e1357eefb8bdf1542850d66d8007d620e4050b5715dc83f4a921d36ce9ce47d0d13c5d85f2b0ff8318d2877eec2f63b931bd47417a81a538327af927da3e,"Keep-Alive:timeout=5, max=100
Server:Apache/2.4.7 (Ubuntu)
Connection:Keep-Alive
Last-Modified:Thu, 02 Feb 2017 22:24:09 GMT
Date:Mon, 11 May 2026 22:54:27 GMT
Accept-Ranges:bytes
ETag:""321f-547939fb8b440""
Content-Length:12831
Content-Type:image/jpeg
",f9e00cc601dc7ed7b36ceb20d99655fbfae55b276341df50cc847ccbc4692a94cd49e6eb38bef9d2fc13a1e4900795b7234110c8ba66bf9a7b7f0d12f264bf16,200
http://web/css/blueprint/screen.css,GET,"Cookie:PHPSESSID=ln650u8nlv3q8tu5t28nfj3qn7
Accept:text/css,*/*;q=0.1
User-Agent:Mozilla/5.0 (X11; Linux x86_64) AppleWebKit/537.36 (KHTML, like Gecko) Chrome/85.0.4183.102 Safari/537.36
Referer:http://web/passcheck.php
",cf83e1357eefb8bdf1542850d66d8007d620e4050b5715dc83f4a921d36ce9ce47d0d13c5d85f2b0ff8318d2877eec2f63b931bd47417a81a538327af927da3e,"Server:Apache/2.4.7 (Ubuntu)
Last-Modified:Thu, 02 Feb 2017 22:24:09 GMT
Date:Mon, 11 May 2026 22:54:16 GMT
Accept-Ranges:bytes
ETag:""24c7-547939fb8b440-gzip""
Content-Encoding:gzip
Vary:Accept-Encoding
Content-Length:2682
Content-Type:text/css
",c0995dbb8c323ef465d8cc5d7b640b1a5435beb529b0c6e55594b1c0f3db66e859d23f70cfe8d93285234e722d677fca7c8887bee81a636881b2f91f221f976e,200
http://web/guestbook.php,GET,"Cookie:PHPSESSID=ln650u8nlv3q8tu5t28nfj3qn7
Accept:text/html,application/xhtml+xml,application/xml;q=0.9,image/avif,image/webp,image/apng,*/*;q=0.8,application/signed-exchange;v=b3;q=0.9
User-Agent:Mozilla/5.0 (X11; Linux x86_64) AppleWebKit/537.36 (KHTML, like Gecko) Chrome/85.0.4183.102 Safari/537.36
Referer:http://web/users/login.php
Upgrade-Insecure-Requests:1
",cf83e1357eefb8bdf1542850d66d8007d620e4050b5715dc83f4a921d36ce9ce47d0d13c5d85f2b0ff8318d2877eec2f63b931bd47417a81a538327af927da3e,"Keep-Alive:timeout=5, max=93
Server:Apache/2.4.7 (Ubuntu)
Connection:Keep-Alive
Pragma:no-cache
Date:Mon, 11 May 2026 22:54:31 GMT
Cache-Control:no-store, no-cache, must-revalidate, post-check=0, pre-check=0
Content-Encoding:gzip
Vary:Accept-Encoding
Expires:Thu, 19 Nov 1981 08:52:00 GMT
Content-Length:998
X-Powered-By:PHP/5.5.9-1ubuntu4.29
Content-Type:text/html
",24bcd05f25b666c1a50a2120be36dee9ba3f21119370608b82ce317b5a97b33b8d0f2b672a13c76b90e0aad45a7a92dc2b64cf58001de8f2298bee79699fdb25,200
http://web/pictures/recent.php,GET,"Cookie:PHPSESSID=ln650u8nlv3q8tu5t28nfj3qn7
Accept:text/html,application/xhtml+xml,application/xml;q=0.9,image/avif,image/webp,image/apng,*/*;q=0.8,application/signed-exchange;v=b3;q=0.9
User-Agent:Mozilla/5.0 (X11; Linux x86_64) AppleWebKit/537.36 (KHTML, like Gecko) Chrome/85.0.4183.102 Safari/537.36
Referer:http://web/
Upgrade-Insecure-Requests:1
",cf83e1357eefb8bdf1542850d66d8007d620e4050b5715dc83f4a921d36ce9ce47d0d13c5d85f2b0ff8318d2877eec2f63b931bd47417a81a538327af927da3e,"Keep-Alive:timeout=5, max=32
Server:Apache/2.4.7 (Ubuntu)
Connection:Keep-Alive
Pragma:no-cache
Date:Mon, 11 May 2026 22:55:18 GMT
Cache-Control:no-store, no-cache, must-revalidate, post-check=0, pre-check=0
Content-Encoding:gzip
Vary:Accept-Encoding
Expires:Thu, 19 Nov 1981 08:52:00 GMT
Content-Length:1089
X-Powered-By:PHP/5.5.9-1ubuntu4.29
Content-Type:text/html
",93d6af93d5ffb3a9bec2960c8d9e88e35af6420f2f14d19e312f722c18ee748e4357322deb27883972732166114fc44ea8f4e1e6531554a2bda3f9647add1f53,200
http://web/upload/house/hodjjgld.128_128.jpg,GET,"Cookie:PHPSESSID=ln650u8nlv3q8tu5t28nfj3qn7
Accept:image/avif,image/webp,image/apng,image/*,*/*;q=0.8
User-Agent:Mozilla/5.0 (X11; Linux x86_64) AppleWebKit/537.36 (KHTML, like Gecko) Chrome/85.0.4183.102 Safari/537.36
Referer:http://web/pictures/recent.php
",cf83e1357eefb8bdf1542850d66d8007d620e4050b5715dc83f4a921d36ce9ce47d0d13c5d85f2b0ff8318d2877eec2f63b931bd47417a81a538327af927da3e,"Keep-Alive:timeout=5, max=85
Server:Apache/2.4.7 (Ubuntu)
Connection:Keep-Alive
Last-Modified:Thu, 02 Feb 2017 22:24:09 GMT
Date:Mon, 11 May 2026 22:54:27 GMT
Accept-Ranges:bytes
ETag:""2f6e-547939fb8b440""
Content-Length:12142
Content-Type:image/jpeg
",d78d726ba03cd4ab6cfb2ff024e33ec7f851cdd7cf3389acb2ab700df6399122ee3bc74dc664abba8ea40f4d49e5c03e3def6eae872504e6aba993ed1b3b2fc0,200
http://web/,GET,"Cookie:PHPSESSID=ln650u8nlv3q8tu5t28nfj3qn7
Accept:text/html,application/xhtml+xml,application/xml;q=0.9,image/avif,image/webp,image/apng,*/*;q=0.8,application/signed-exchange;v=b3;q=0.9
User-Agent:Mozilla/5.0 (X11; Linux x86_64) AppleWebKit/537.36 (KHTML, like Gecko) Chrome/85.0.4183.102 Safari/537.36
Upgrade-Insecure-Requests:1
",cf83e1357eefb8bdf1542850d66d8007d620e4050b5715dc83f4a921d36ce9ce47d0d13c5d85f2b0ff8318d2877eec2f63b931bd47417a81a538327af927da3e,"Keep-Alive:timeout=5, max=62
Server:Apache/2.4.7 (Ubuntu)
Connection:Keep-Alive
Pragma:no-cache
Date:Mon, 11 May 2026 22:56:10 GMT
Cache-Control:no-store, no-cache, must-revalidate, post-check=0, pre-check=0
Content-Encoding:gzip
Vary:Accept-Encoding
Expires:Thu, 19 Nov 1981 08:52:00 GMT
Content-Length:1283
X-Powered-By:PHP/5.5.9-1ubuntu4.29
Content-Type:text/html
",3ddeb7143705a4175d25a30c31b2d9036d838b1cadce82e3e4757b92ddd66e808c789a0e4c4136f1f2459c2b52a3065d291bea16fe965c173b715ff3fb1602c7,200
http://web/,GET,"Cookie:PHPSESSID=ln650u8nlv3q8tu5t28nfj3qn7
Accept:text/html,application/xhtml+xml,application/xml;q=0.9,image/avif,image/webp,image/apng,*/*;q=0.8,application/signed-exchange;v=b3;q=0.9
User-Agent:Mozilla/5.0 (X11; Linux x86_64) AppleWebKit/537.36 (KHTML, like Gecko) Chrome/85.0.4183.102 Safari/537.36
Upgrade-Insecure-Requests:1
",cf83e1357eefb8bdf1542850d66d8007d620e4050b5715dc83f4a921d36ce9ce47d0d13c5d85f2b0ff8318d2877eec2f63b931bd47417a81a538327af927da3e,"Keep-Alive:timeout=5, max=97
Server:Apache/2.4.7 (Ubuntu)
Connection:Keep-Alive
Pragma:no-cache
Date:Mon, 11 May 2026 22:54:19 GMT
Cache-Control:no-store, no-cache, must-revalidate, post-check=0, pre-check=0
Content-Encoding:gzip
Vary:Accept-Encoding
Expires:Thu, 19 Nov 1981 08:52:00 GMT
Content-Length:1284
X-Powered-By:PHP/5.5.9-1ubuntu4.29
Content-Type:text/html
",73f853088bb3a69b545b97be3a247b40fe4ef1ef012a7ed49396ad372748c60ab994995ed68251077b5ff6305b790d14987e7f761acf781442cebc7f49d8f270,200
http://web/,GET,"Cookie:PHPSESSID=ln650u8nlv3q8tu5t28nfj3qn7
Accept:text/html,application/xhtml+xml,application/xml;q=0.9,image/avif,image/webp,image/apng,*/*;q=0.8,application/signed-exchange;v=b3;q=0.9
User-Agent:Mozilla/5.0 (X11; Linux x86_64) AppleWebKit/537.36 (KHTML, like Gecko) Chrome/85.0.4183.102 Safari/537.36
Upgrade-Insecure-Requests:1
",cf83e1357eefb8bdf1542850d66d8007d620e4050b5715dc83f4a921d36ce9ce47d0d13c5d85f2b0ff8318d2877eec2f63b931bd47417a81a538327af927da3e,"Keep-Alive:timeout=5, max=29
Server:Apache/2.4.7 (Ubuntu)
Connection:Keep-Alive
Pragma:no-cache
Date:Mon, 11 May 2026 22:55:19 GMT
Cache-Control:no-store, no-cache, must-revalidate, post-check=0, pre-check=0
Content-Encoding:gzip
Vary:Accept-Encoding
Expires:Thu, 19 Nov 1981 08:52:00 GMT
Content-Length:1283
X-Powered-By:PHP/5.5.9-1ubuntu4.29
Content-Type:text/html
",3d6d828fccdae9f2803c84556cec74f5539e0de1b505ac45d9e2ec4d18cbd7d713ab43cabda05a7f7616616c4a54613b557051d21170981811acbf7ec0158ff4,200
http://web/users/login.php,GET,"Cookie:PHPSESSID=ln650u8nlv3q8tu5t28nfj3qn7
Accept:text/html,application/xhtml+xml,application/xml;q=0.9,image/avif,image/webp,image/apng,*/*;q=0.8,application/signed-exchange;v=b3;q=0.9
User-Agent:Mozilla/5.0 (X11; Linux x86_64) AppleWebKit/537.36 (KHTML, like Gecko) Chrome/85.0.4183.102 Safari/537.36
Referer:http://web/pictures/recent.php
Upgrade-Insecure-Requests:1
",cf83e1357eefb8bdf1542850d66d8007d620e4050b5715dc83f4a921d36ce9ce47d0d13c5d85f2b0ff8318d2877eec2f63b931bd47417a81a538327af927da3e,"Keep-Alive:timeout=5, max=26
Server:Apache/2.4.7 (Ubuntu)
Connection:Keep-Alive
Pragma:no-cache
Date:Mon, 11 May 2026 22:55:21 GMT
Cache-Control:no-store, no-cache, must-revalidate, post-check=0, pre-check=0
Content-Encoding:gzip
Vary:Accept-Encoding
Expires:Thu, 19 Nov 1981 08:52:00 GMT
Content-Length:976
X-Powered-By:PHP/5.5.9-1ubuntu4.29
Content-Type:text/html
",200133f73538618b29539a6d329097ded9e53d4c990fb56b11465c87a83457556853c75432af718da80b9835b630e811a7e5d4d7af12dac1deadcaba47860e6d,200
http://web/css/stylings.css,GET,"Cookie:PHPSESSID=ln650u8nlv3q8tu5t28nfj3qn7
Accept:text/css,*/*;q=0.1
User-Agent:Mozilla/5.0 (X11; Linux x86_64) AppleWebKit/537.36 (KHTML, like Gecko) Chrome/85.0.4183.102 Safari/537.36
Referer:http://web/pictures/recent.php
",cf83e1357eefb8bdf1542850d66d8007d620e4050b5715dc83f4a921d36ce9ce47d0d13c5d85f2b0ff8318d2877eec2f63b931bd47417a81a538327af927da3e,"Server:Apache/2.4.7 (Ubuntu)
Last-Modified:Thu, 02 Feb 2017 22:24:09 GMT
Date:Mon, 11 May 2026 22:54:16 GMT
Accept-Ranges:bytes
ETag:""c29-547939fb8b440-gzip""
Content-Encoding:gzip
Vary:Accept-Encoding
Content-Length:838
Content-Type:text/css
",e6142d743628221ad60b6d12a0b444a077ed8ede2504b511ffffde908ffe459f09875b3901f9a63ec228906521c445248f9277e14f591205808d8dfc200df823,200
http://web/tos.php,GET,"Cookie:PHPSESSID=ln650u8nlv3q8tu5t28nfj3qn7
Accept:text/html,application/xhtml+xml,application/xml;q=0.9,image/avif,image/webp,image/apng,*/*;q=0.8,application/signed-exchange;v=b3;q=0.9
User-Agent:Mozilla/5.0 (X11; Linux x86_64) AppleWebKit/537.36 (KHTML, like Gecko) Chrome/85.0.4183.102 Safari/537.36
Referer:http://web/
Upgrade-Insecure-Requests:1
",cf83e1357eefb8bdf1542850d66d8007d620e4050b5715dc83f4a921d36ce9ce47d0d13c5d85f2b0ff8318d2877eec2f63b931bd47417a81a538327af927da3e,"Keep-Alive:timeout=5, max=84
Server:Apache/2.4.7 (Ubuntu)
Connection:Keep-Alive
Pragma:no-cache
Date:Mon, 11 May 2026 22:57:09 GMT
Cache-Control:no-store, no-cache, must-revalidate, post-check=0, pre-check=0
Content-Encoding:gzip
Vary:Accept-Encoding
Expires:Thu, 19 Nov 1981 08:52:00 GMT
Content-Length:10224
X-Powered-By:PHP/5.5.9-1ubuntu4.29
Content-Type:text/html
",1f1ce4c6bb21b681128ead8d82137ff18b3aba37996538571f17f97a421e911bc3b5181f9d1f467e62d2e9f431f42f27437c5af44132ebd6ff02063787e7a4dc,200
http://web/calendar.php?date=1778626726,GET,"Cookie:PHPSESSID=ln650u8nlv3q8tu5t28nfj3qn7
Accept:text/html,application/xhtml+xml,application/xml;q=0.9,image/avif,image/webp,image/apng,*/*;q=0.8,application/signed-exchange;v=b3;q=0.9
User-Agent:Mozilla/5.0 (X11; Linux x86_64) AppleWebKit/537.36 (KHTML, like Gecko) Chrome/85.0.4183.102 Safari/537.36
Referer:http://web/calendar.php
Upgrade-Insecure-Requests:1
",cf83e1357eefb8bdf1542850d66d8007d620e4050b5715dc83f4a921d36ce9ce47d0d13c5d85f2b0ff8318d2877eec2f63b931bd47417a81a538327af927da3e,"Keep-Alive:timeout=5, max=49
Server:Apache/2.4.7 (Ubuntu)
Connection:Keep-Alive
Pragma:no-cache
Date:Mon, 11 May 2026 22:58:46 GMT
Cache-Control:no-store, no-cache, must-revalidate, post-check=0, pre-check=0
Content-Encoding:gzip
Vary:Accept-Encoding
Expires:Thu, 19 Nov 1981 08:52:00 GMT
Content-Length:943
X-Powered-By:PHP/5.5.9-1ubuntu4.29
Content-Type:text/html
",c12394a0ae63fcb6b618c28ba72df6082c5558c58764b56b43f53b15aa269806450946c3040244422e2514ca292168330869d51958e6b08486a6bebb153ea48b,200
http://web/calendar.php?date=1778713114,GET,"Cookie:PHPSESSID=ln650u8nlv3q8tu5t28nfj3qn7
Accept:text/html,application/xhtml+xml,application/xml;q=0.9,image/avif,image/webp,image/apng,*/*;q=0.8,application/signed-exchange;v=b3;q=0.9
User-Agent:Mozilla/5.0 (X11; Linux x86_64) AppleWebKit/537.36 (KHTML, like Gecko) Chrome/85.0.4183.102 Safari/537.36
Referer:http://web/calendar.php?date=1778626714
Upgrade-Insecure-Requests:1
",cf83e1357eefb8bdf1542850d66d8007d620e4050b5715dc83f4a921d36ce9ce47d0d13c5d85f2b0ff8318d2877eec2f63b931bd47417a81a538327af927da3e,"Keep-Alive:timeout=5, max=65
Server:Apache/2.4.7 (Ubuntu)
Connection:Keep-Alive
Pragma:no-cache
Date:Mon, 11 May 2026 22:58:36 GMT
Cache-Control:no-store, no-cache, must-revalidate, post-check=0, pre-check=0
Content-Encoding:gzip
Vary:Accept-Encoding
Expires:Thu, 19 Nov 1981 08:52:00 GMT
Content-Length:945
X-Powered-By:PHP/5.5.9-1ubuntu4.29
Content-Type:text/html
",ece6e029ba16942a7579b1316d44495c0476bf42f992bd5ddc7a43a394cc859face0273d17f3855aa879de880b0457e39c8c3169fdde77a4357d168161e157a5,200
http://web/tos.php,GET,"Cookie:PHPSESSID=ln650u8nlv3q8tu5t28nfj3qn7
Accept:text/html,application/xhtml+xml,application/xml;q=0.9,image/avif,image/webp,image/apng,*/*;q=0.8,application/signed-exchange;v=b3;q=0.9
User-Agent:Mozilla/5.0 (X11; Linux x86_64) AppleWebKit/537.36 (KHTML, like Gecko) Chrome/85.0.4183.102 Safari/537.36
Referer:http://web/tos.php
Upgrade-Insecure-Requests:1
",cf83e1357eefb8bdf1542850d66d8007d620e4050b5715dc83f4a921d36ce9ce47d0d13c5d85f2b0ff8318d2877eec2f63b931bd47417a81a538327af927da3e,"Keep-Alive:timeout=5, max=83
Server:Apache/2.4.7 (Ubuntu)
Connection:Keep-Alive
Pragma:no-cache
Date:Mon, 11 May 2026 22:57:10 GMT
Cache-Control:no-store, no-cache, must-revalidate, post-check=0, pre-check=0
Content-Encoding:gzip
Vary:Accept-Encoding
Expires:Thu, 19 Nov 1981 08:52:00 GMT
Content-Length:10222
X-Powered-By:PHP/5.5.9-1ubuntu4.29
Content-Type:text/html
",30d39530320ff82a0f72fd7b3c9f67d5237b83d5e828da3bd0a8022bf1d715aa2e086102925da464cf9aaa4fa3635317cb61cc39553cbee0a059303261bcb28e,200
http://web/pictures/upload.php,GET,"Cookie:PHPSESSID=ln650u8nlv3q8tu5t28nfj3qn7
Accept:text/html,application/xhtml+xml,application/xml;q=0.9,image/avif,image/webp,image/apng,*/*;q=0.8,application/signed-exchange;v=b3;q=0.9
User-Agent:Mozilla/5.0 (X11; Linux x86_64) AppleWebKit/537.36 (KHTML, like Gecko) Chrome/85.0.4183.102 Safari/537.36
Referer:http://web/calendar.php?date=1778713092
Upgrade-Insecure-Requests:1
",cf83e1357eefb8bdf1542850d66d8007d620e4050b5715dc83f4a921d36ce9ce47d0d13c5d85f2b0ff8318d2877eec2f63b931bd47417a81a538327af927da3e,"Keep-Alive:timeout=5, max=96
Server:Apache/2.4.7 (Ubuntu)
Connection:Keep-Alive
Pragma:no-cache
Date:Mon, 11 May 2026 22:58:14 GMT
Cache-Control:no-store, no-cache, must-revalidate, post-check=0, pre-check=0
Expires:Thu, 19 Nov 1981 08:52:00 GMT
Content-Length:41
X-Powered-By:PHP/5.5.9-1ubuntu4.29
Location:/users/login.php
Content-Type:text/html
",cf83e1357eefb8bdf1542850d66d8007d620e4050b5715dc83f4a921d36ce9ce47d0d13c5d85f2b0ff8318d2877eec2f63b931bd47417a81a538327af927da3e,303
http://web/,GET,"Cookie:PHPSESSID=ln650u8nlv3q8tu5t28nfj3qn7
Accept:text/html,application/xhtml+xml,application/xml;q=0.9,image/avif,image/webp,image/apng,*/*;q=0.8,application/signed-exchange;v=b3;q=0.9
User-Agent:Mozilla/5.0 (X11; Linux x86_64) AppleWebKit/537.36 (KHTML, like Gecko) Chrome/85.0.4183.102 Safari/537.36
Upgrade-Insecure-Requests:1
",cf83e1357eefb8bdf1542850d66d8007d620e4050b5715dc83f4a921d36ce9ce47d0d13c5d85f2b0ff8318d2877eec2f63b931bd47417a81a538327af927da3e,"Keep-Alive:timeout=5, max=89
Server:Apache/2.4.7 (Ubuntu)
Connection:Keep-Alive
Pragma:no-cache
Date:Mon, 11 May 2026 22:58:18 GMT
Cache-Control:no-store, no-cache, must-revalidate, post-check=0, pre-check=0
Content-Encoding:gzip
Vary:Accept-Encoding
Expires:Thu, 19 Nov 1981 08:52:00 GMT
Content-Length:1283
X-Powered-By:PHP/5.5.9-1ubuntu4.29
Content-Type:text/html
",b6f358180e50cd7a54990f74b98426764905e0edb7fc875849fdc64ac0e87127100f4ec9762e2df850a23ce2cbc04a6f65b887610c47105429467161ed0282ca,200
http://web/upload/toga/togasfs.128_128.jpg,GET,"Cookie:PHPSESSID=ln650u8nlv3q8tu5t28nfj3qn7
Accept:image/avif,image/webp,image/apng,image/*,*/*;q=0.8
User-Agent:Mozilla/5.0 (X11; Linux x86_64) AppleWebKit/537.36 (KHTML, like Gecko) Chrome/85.0.4183.102 Safari/537.36
Referer:http://web/pictures/recent.php
",cf83e1357eefb8bdf1542850d66d8007d620e4050b5715dc83f4a921d36ce9ce47d0d13c5d85f2b0ff8318d2877eec2f63b931bd47417a81a538327af927da3e,"Server:Apache/2.4.7 (Ubuntu)
Last-Modified:Thu, 02 Feb 2017 22:24:09 GMT
Date:Mon, 11 May 2026 22:54:27 GMT
Accept-Ranges:bytes
ETag:""321f-547939fb8b440""
Content-Length:12831
Content-Type:image/jpeg
",f9e00cc601dc7ed7b36ceb20d99655fbfae55b276341df50cc847ccbc4692a94cd49e6eb38bef9d2fc13a1e4900795b7234110c8ba66bf9a7b7f0d12f264bf16,200
http://web/,GET,"Cookie:PHPSESSID=ln650u8nlv3q8tu5t28nfj3qn7
Accept:text/html,application/xhtml+xml,application/xml;q=0.9,image/avif,image/webp,image/apng,*/*;q=0.8,application/signed-exchange;v=b3;q=0.9
User-Agent:Mozilla/5.0 (X11; Linux x86_64) AppleWebKit/537.36 (KHTML, like Gecko) Chrome/85.0.4183.102 Safari/537.36
Referer:http://web/users/register.php
Upgrade-Insecure-Requests:1
",cf83e1357eefb8bdf1542850d66d8007d620e4050b5715dc83f4a921d36ce9ce47d0d13c5d85f2b0ff8318d2877eec2f63b931bd47417a81a538327af927da3e,"Keep-Alive:timeout=5, max=60
Server:Apache/2.4.7 (Ubuntu)
Connection:Keep-Alive
Pragma:no-cache
Date:Mon, 11 May 2026 22:56:12 GMT
Cache-Control:no-store, no-cache, must-revalidate, post-check=0, pre-check=0
Content-Encoding:gzip
Vary:Accept-Encoding
Expires:Thu, 19 Nov 1981 08:52:00 GMT
Content-Length:1284
X-Powered-By:PHP/5.5.9-1ubuntu4.29
Content-Type:text/html
",a4f9727c1af350e7b31c91981ad1cbe5b59cb9950808381953fcc81c770ff58834dbd0259152a6d0a24730821849df1a6fa3f39ebf41608f7a3c44af5bff60b2,200
http://web/calendar.php?date=1778713121,GET,"Cookie:PHPSESSID=ln650u8nlv3q8tu5t28nfj3qn7
Accept:text/html,application/xhtml+xml,application/xml;q=0.9,image/avif,image/webp,image/apng,*/*;q=0.8,application/signed-exchange;v=b3;q=0.9
User-Agent:Mozilla/5.0 (X11; Linux x86_64) AppleWebKit/537.36 (KHTML, like Gecko) Chrome/85.0.4183.102 Safari/537.36
Referer:http://web/calendar.php?date=1778626721
Upgrade-Insecure-Requests:1
",cf83e1357eefb8bdf1542850d66d8007d620e4050b5715dc83f4a921d36ce9ce47d0d13c5d85f2b0ff8318d2877eec2f63b931bd47417a81a538327af927da3e,"Keep-Alive:timeout=5, max=55
Server:Apache/2.4.7 (Ubuntu)
Connection:Keep-Alive
Pragma:no-cache
Date:Mon, 11 May 2026 22:58:43 GMT
Cache-Control:no-store, no-cache, must-revalidate, post-check=0, pre-check=0
Content-Encoding:gzip
Vary:Accept-Encoding
Expires:Thu, 19 Nov 1981 08:52:00 GMT
Content-Length:945
X-Powered-By:PHP/5.5.9-1ubuntu4.29
Content-Type:text/html
",a8c47f0385f149041fc40d202b98a7c5a161c42c21a693e6a3d76faa0be223991cc74c11bb807312c4b172f2228e974fef416e294b447f398f4629c5411240f5,200
http://web/pictures/recent.php,GET,"Cookie:PHPSESSID=ln650u8nlv3q8tu5t28nfj3qn7
Accept:text/html,application/xhtml+xml,application/xml;q=0.9,image/avif,image/webp,image/apng,*/*;q=0.8,application/signed-exchange;v=b3;q=0.9
User-Agent:Mozilla/5.0 (X11; Linux x86_64) AppleWebKit/537.36 (KHTML, like Gecko) Chrome/85.0.4183.102 Safari/537.36
Referer:http://web/calendar.php?date=1778626666
Upgrade-Insecure-Requests:1
",cf83e1357eefb8bdf1542850d66d8007d620e4050b5715dc83f4a921d36ce9ce47d0d13c5d85f2b0ff8318d2877eec2f63b931bd47417a81a538327af927da3e,"Keep-Alive:timeout=5, max=31
Server:Apache/2.4.7 (Ubuntu)
Connection:Keep-Alive
Pragma:no-cache
Date:Mon, 11 May 2026 22:57:48 GMT
Cache-Control:no-store, no-cache, must-revalidate, post-check=0, pre-check=0
Content-Encoding:gzip
Vary:Accept-Encoding
Expires:Thu, 19 Nov 1981 08:52:00 GMT
Content-Length:1086
X-Powered-By:PHP/5.5.9-1ubuntu4.29
Content-Type:text/html
",4b646298ab8aa12c80913241bad69e1576277a468d218150dcaef32bcceb5a84eef7c45e823ebd6601eedf36d2f3c23bc4b3c54a4e34e64053997e8f584361c3,200
http://web/pictures/recent.php,GET,"Cookie:PHPSESSID=ln650u8nlv3q8tu5t28nfj3qn7
Accept:text/html,application/xhtml+xml,application/xml;q=0.9,image/avif,image/webp,image/apng,*/*;q=0.8,application/signed-exchange;v=b3;q=0.9
User-Agent:Mozilla/5.0 (X11; Linux x86_64) AppleWebKit/537.36 (KHTML, like Gecko) Chrome/85.0.4183.102 Safari/537.36
Referer:http://web/
Upgrade-Insecure-Requests:1
",cf83e1357eefb8bdf1542850d66d8007d620e4050b5715dc83f4a921d36ce9ce47d0d13c5d85f2b0ff8318d2877eec2f63b931bd47417a81a538327af927da3e,"Keep-Alive:timeout=5, max=36
Server:Apache/2.4.7 (Ubuntu)
Connection:Keep-Alive
Pragma:no-cache
Date:Mon, 11 May 2026 22:55:15 GMT
Cache-Control:no-store, no-cache, must-revalidate, post-check=0, pre-check=0
Content-Encoding:gzip
Vary:Accept-Encoding
Expires:Thu, 19 Nov 1981 08:52:00 GMT
Content-Length:1088
X-Powered-By:PHP/5.5.9-1ubuntu4.29
Content-Type:text/html
",4376ff76e4a5379df4198bec0c6d52336dcbf91e60dadfe5a70c0cd373e3b96063b5d8834ebf707722edd8197f62ffa8bdd2b70f43db5ee78942c79c719374a5,200
http://web/users/sample.php?userid=1,GET,"Cookie:PHPSESSID=ln650u8nlv3q8tu5t28nfj3qn7
Accept:text/html,application/xhtml+xml,application/xml;q=0.9,image/avif,image/webp,image/apng,*/*;q=0.8,application/signed-exchange;v=b3;q=0.9
User-Agent:Mozilla/5.0 (X11; Linux x86_64) AppleWebKit/537.36 (KHTML, like Gecko) Chrome/85.0.4183.102 Safari/537.36
Referer:http://web/
Upgrade-Insecure-Requests:1
",cf83e1357eefb8bdf1542850d66d8007d620e4050b5715dc83f4a921d36ce9ce47d0d13c5d85f2b0ff8318d2877eec2f63b931bd47417a81a538327af927da3e,"Keep-Alive:timeout=5, max=37
Server:Apache/2.4.7 (Ubuntu)
Connection:Keep-Alive
Pragma:no-cache
Date:Mon, 11 May 2026 22:56:29 GMT
Cache-Control:no-store, no-cache, must-revalidate, post-check=0, pre-check=0
Content-Encoding:gzip
Vary:Accept-Encoding
Expires:Thu, 19 Nov 1981 08:52:00 GMT
Content-Length:981
X-Powered-By:PHP/5.5.9-1ubuntu4.29
Content-Type:text/html
",18f9899db108791e69e3cad317bcf7251ed7a837c4bb8d432acf3b480ee6efef24a758acf684c910e8c6a069e3a7e1b74bda7f3763c92de03490845834c5c06e,200
http://web/calendar.php?date=1778626695,GET,"Cookie:PHPSESSID=ln650u8nlv3q8tu5t28nfj3qn7
Accept:text/html,application/xhtml+xml,application/xml;q=0.9,image/avif,image/webp,image/apng,*/*;q=0.8,application/signed-exchange;v=b3;q=0.9
User-Agent:Mozilla/5.0 (X11; Linux x86_64) AppleWebKit/537.36 (KHTML, like Gecko) Chrome/85.0.4183.102 Safari/537.36
Referer:http://web/calendar.php
Upgrade-Insecure-Requests:1
",cf83e1357eefb8bdf1542850d66d8007d620e4050b5715dc83f4a921d36ce9ce47d0d13c5d85f2b0ff8318d2877eec2f63b931bd47417a81a538327af927da3e,"Keep-Alive:timeout=5, max=92
Server:Apache/2.4.7 (Ubuntu)
Connection:Keep-Alive
Pragma:no-cache
Date:Mon, 11 May 2026 22:58:16 GMT
Cache-Control:no-store, no-cache, must-revalidate, post-check=0, pre-check=0
Content-Encoding:gzip
Vary:Accept-Encoding
Expires:Thu, 19 Nov 1981 08:52:00 GMT
Content-Length:946
X-Powered-By:PHP/5.5.9-1ubuntu4.29
Content-Type:text/html
",53647df0a62d476f060d0495616bf0722df9acd2d540f2471a9c7e78950dfd1340b54e7f4a4393230d9c53d53a3b3eb7f079d25f965221da7cc01f2bb2c42df7,200
http://web/,GET,"Cookie:PHPSESSID=ln650u8nlv3q8tu5t28nfj3qn7
Accept:text/html,application/xhtml+xml,application/xml;q=0.9,image/avif,image/webp,image/apng,*/*;q=0.8,application/signed-exchange;v=b3;q=0.9
User-Agent:Mozilla/5.0 (X11; Linux x86_64) AppleWebKit/537.36 (KHTML, like Gecko) Chrome/85.0.4183.102 Safari/537.36
Upgrade-Insecure-Requests:1
",cf83e1357eefb8bdf1542850d66d8007d620e4050b5715dc83f4a921d36ce9ce47d0d13c5d85f2b0ff8318d2877eec2f63b931bd47417a81a538327af927da3e,"Keep-Alive:timeout=5, max=95
Server:Apache/2.4.7 (Ubuntu)
Connection:Keep-Alive
Pragma:no-cache
Date:Mon, 11 May 2026 22:57:01 GMT
Cache-Control:no-store, no-cache, must-revalidate, post-check=0, pre-check=0
Content-Encoding:gzip
Vary:Accept-Encoding
Expires:Thu, 19 Nov 1981 08:52:00 GMT
Content-Length:1283
X-Powered-By:PHP/5.5.9-1ubuntu4.29
Content-Type:text/html
",c24fcfd7d980a959af8954ce67b3c6abddcebf1c5e5e4fad72a1d9c55d4881d8a0e64879a69147503e5e35bb30df6a342108f7b82c4d9364b556cff8daa790c2,200
http://web/calendar.php?date=1778626675,GET,"Cookie:PHPSESSID=ln650u8nlv3q8tu5t28nfj3qn7
Accept:text/html,application/xhtml+xml,application/xml;q=0.9,image/avif,image/webp,image/apng,*/*;q=0.8,application/signed-exchange;v=b3;q=0.9
User-Agent:Mozilla/5.0 (X11; Linux x86_64) AppleWebKit/537.36 (KHTML, like Gecko) Chrome/85.0.4183.102 Safari/537.36
Referer:http://web/calendar.php
Upgrade-Insecure-Requests:1
",cf83e1357eefb8bdf1542850d66d8007d620e4050b5715dc83f4a921d36ce9ce47d0d13c5d85f2b0ff8318d2877eec2f63b931bd47417a81a538327af927da3e,"Keep-Alive:timeout=5, max=20
Server:Apache/2.4.7 (Ubuntu)
Connection:Keep-Alive
Pragma:no-cache
Date:Mon, 11 May 2026 22:57:56 GMT
Cache-Control:no-store, no-cache, must-revalidate, post-check=0, pre-check=0
Content-Encoding:gzip
Vary:Accept-Encoding
Expires:Thu, 19 Nov 1981 08:52:00 GMT
Content-Length:944
X-Powered-By:PHP/5.5.9-1ubuntu4.29
Content-Type:text/html
",b5f86d8ca318b0288d628b32378c53ba54e6a803afa5f833d999f1f47edee3177464b3316c7123edf266f506e4e8274ebc36f8a89c0d637fee28f734fa4f4990,200
http://web/calendar.php?date=1778713142,GET,"Cookie:PHPSESSID=ln650u8nlv3q8tu5t28nfj3qn7
Accept:text/html,application/xhtml+xml,application/xml;q=0.9,image/avif,image/webp,image/apng,*/*;q=0.8,application/signed-exchange;v=b3;q=0.9
User-Agent:Mozilla/5.0 (X11; Linux x86_64) AppleWebKit/537.36 (KHTML, like Gecko) Chrome/85.0.4183.102 Safari/537.36
Referer:http://web/calendar.php?date=1778626742
Upgrade-Insecure-Requests:1
",cf83e1357eefb8bdf1542850d66d8007d620e4050b5715dc83f4a921d36ce9ce47d0d13c5d85f2b0ff8318d2877eec2f63b931bd47417a81a538327af927da3e,"Keep-Alive:timeout=5, max=23
Server:Apache/2.4.7 (Ubuntu)
Connection:Keep-Alive
Pragma:no-cache
Date:Mon, 11 May 2026 22:59:04 GMT
Cache-Control:no-store, no-cache, must-revalidate, post-check=0, pre-check=0
Content-Encoding:gzip
Vary:Accept-Encoding
Expires:Thu, 19 Nov 1981 08:52:00 GMT
Content-Length:946
X-Powered-By:PHP/5.5.9-1ubuntu4.29
Content-Type:text/html
",103d6c17ec26c18374a82ade28abe369179247cca14d650508e6dc31f5e5086e06fabb398c8f11770b1e0d9df413c3983f729a80d74cc02473ea7992b45d5f71,200
http://web/pictures/recent.php,GET,"Cookie:PHPSESSID=ln650u8nlv3q8tu5t28nfj3qn7
Accept:text/html,application/xhtml+xml,application/xml;q=0.9,image/avif,image/webp,image/apng,*/*;q=0.8,application/signed-exchange;v=b3;q=0.9
User-Agent:Mozilla/5.0 (X11; Linux x86_64) AppleWebKit/537.36 (KHTML, like Gecko) Chrome/85.0.4183.102 Safari/537.36
Referer:http://web/
Upgrade-Insecure-Requests:1
",cf83e1357eefb8bdf1542850d66d8007d620e4050b5715dc83f4a921d36ce9ce47d0d13c5d85f2b0ff8318d2877eec2f63b931bd47417a81a538327af927da3e,"Keep-Alive:timeout=5, max=24
Server:Apache/2.4.7 (Ubuntu)
Connection:Keep-Alive
Pragma:no-cache
Date:Mon, 11 May 2026 22:55:23 GMT
Cache-Control:no-store, no-cache, must-revalidate, post-check=0, pre-check=0
Content-Encoding:gzip
Vary:Accept-Encoding
Expires:Thu, 19 Nov 1981 08:52:00 GMT
Content-Length:1088
X-Powered-By:PHP/5.5.9-1ubuntu4.29
Content-Type:text/html
",05df35adf9aa313b4c183e2676ffd7b6c9170c54fb4270b08c0d8d500e330cc0c0473418843f4218531aade354af86c3469dbb1ec724ad037b9864b5e02021a4,200
http://web/,GET,"Cookie:PHPSESSID=ln650u8nlv3q8tu5t28nfj3qn7
Accept:text/html,application/xhtml+xml,application/xml;q=0.9,image/avif,image/webp,image/apng,*/*;q=0.8,application/signed-exchange;v=b3;q=0.9
User-Agent:Mozilla/5.0 (X11; Linux x86_64) AppleWebKit/537.36 (KHTML, like Gecko) Chrome/85.0.4183.102 Safari/537.36
Upgrade-Insecure-Requests:1
",cf83e1357eefb8bdf1542850d66d8007d620e4050b5715dc83f4a921d36ce9ce47d0d13c5d85f2b0ff8318d2877eec2f63b931bd47417a81a538327af927da3e,"Keep-Alive:timeout=5, max=18
Server:Apache/2.4.7 (Ubuntu)
Connection:Keep-Alive
Pragma:no-cache
Date:Mon, 11 May 2026 22:56:43 GMT
Cache-Control:no-store, no-cache, must-revalidate, post-check=0, pre-check=0
Content-Encoding:gzip
Vary:Accept-Encoding
Expires:Thu, 19 Nov 1981 08:52:00 GMT
Content-Length:1282
X-Powered-By:PHP/5.5.9-1ubuntu4.29
Content-Type:text/html
",77d7794eb06c0143e81a28bacb588e9c466f9f60ddf75f3bdd142ddd0866b2c1abd379bdae3e03f4a9b84e449c51b0919539448855660dc1de70eb5b57fd6afa,200
http://web/calendar.php,GET,"Cookie:PHPSESSID=ln650u8nlv3q8tu5t28nfj3qn7
Accept:text/html,application/xhtml+xml,application/xml;q=0.9,image/avif,image/webp,image/apng,*/*;q=0.8,application/signed-exchange;v=b3;q=0.9
User-Agent:Mozilla/5.0 (X11; Linux x86_64) AppleWebKit/537.36 (KHTML, like Gecko) Chrome/85.0.4183.102 Safari/537.36
Referer:http://web/
Upgrade-Insecure-Requests:1
",cf83e1357eefb8bdf1542850d66d8007d620e4050b5715dc83f4a921d36ce9ce47d0d13c5d85f2b0ff8318d2877eec2f63b931bd47417a81a538327af927da3e,"Keep-Alive:timeout=5, max=74
Server:Apache/2.4.7 (Ubuntu)
Connection:Keep-Alive
Pragma:no-cache
Date:Mon, 11 May 2026 22:54:48 GMT
Cache-Control:no-store, no-cache, must-revalidate, post-check=0, pre-check=0
Content-Encoding:gzip
Vary:Accept-Encoding
Expires:Thu, 19 Nov 1981 08:52:00 GMT
Content-Length:943
X-Powered-By:PHP/5.5.9-1ubuntu4.29
Content-Type:text/html
",53a55032ba0328258529bb710caa165184ecf09c42c6537b5407a50feef19c0efaf4837ece2180fb6b99dc603f73e57882902d5717698e1f34f9781ba4ff0d43,200
http://web/,GET,"Cookie:PHPSESSID=ln650u8nlv3q8tu5t28nfj3qn7
Accept:text/html,application/xhtml+xml,application/xml;q=0.9,image/avif,image/webp,image/apng,*/*;q=0.8,application/signed-exchange;v=b3;q=0.9
User-Agent:Mozilla/5.0 (X11; Linux x86_64) AppleWebKit/537.36 (KHTML, like Gecko) Chrome/85.0.4183.102 Safari/537.36
Upgrade-Insecure-Requests:1
",cf83e1357eefb8bdf1542850d66d8007d620e4050b5715dc83f4a921d36ce9ce47d0d13c5d85f2b0ff8318d2877eec2f63b931bd47417a81a538327af927da3e,"Keep-Alive:timeout=5, max=17
Server:Apache/2.4.7 (Ubuntu)
Connection:Keep-Alive
Pragma:no-cache
Date:Mon, 11 May 2026 22:57:58 GMT
Cache-Control:no-store, no-cache, must-revalidate, post-check=0, pre-check=0
Content-Encoding:gzip
Vary:Accept-Encoding
Expires:Thu, 19 Nov 1981 08:52:00 GMT
Content-Length:1283
X-Powered-By:PHP/5.5.9-1ubuntu4.29
Content-Type:text/html
",c753cc3c58e62136959be5e71a9b80112b5d83a750114c1e2ee79ddd9669a3cfc2a98ab3fb0cdf1beaa63d83cc2a98d59bcc331fa02a578bd48ac096758f42f7,200
http://web/,GET,"Cookie:PHPSESSID=ln650u8nlv3q8tu5t28nfj3qn7
Accept:text/html,application/xhtml+xml,application/xml;q=0.9,image/avif,image/webp,image/apng,*/*;q=0.8,application/signed-exchange;v=b3;q=0.9
User-Agent:Mozilla/5.0 (X11; Linux x86_64) AppleWebKit/537.36 (KHTML, like Gecko) Chrome/85.0.4183.102 Safari/537.36
Upgrade-Insecure-Requests:1
",cf83e1357eefb8bdf1542850d66d8007d620e4050b5715dc83f4a921d36ce9ce47d0d13c5d85f2b0ff8318d2877eec2f63b931bd47417a81a538327af927da3e,"Keep-Alive:timeout=5, max=88
Server:Apache/2.4.7 (Ubuntu)
Connection:Keep-Alive
Pragma:no-cache
Date:Mon, 11 May 2026 22:57:06 GMT
Cache-Control:no-store, no-cache, must-revalidate, post-check=0, pre-check=0
Content-Encoding:gzip
Vary:Accept-Encoding
Expires:Thu, 19 Nov 1981 08:52:00 GMT
Content-Length:1282
X-Powered-By:PHP/5.5.9-1ubuntu4.29
Content-Type:text/html
",4f8c3a692583152ef4aaa5c584e82139898aa5fa2780cfa3a99a641507d51d45062a65fb63ecd9fe9c9d1d3ed5b46ee4072bd5a825129ee133d64f4b0f17e0e0,200
http://web/calendar.php,GET,"Cookie:PHPSESSID=ln650u8nlv3q8tu5t28nfj3qn7
Accept:text/html,application/xhtml+xml,application/xml;q=0.9,image/avif,image/webp,image/apng,*/*;q=0.8,application/signed-exchange;v=b3;q=0.9
User-Agent:Mozilla/5.0 (X11; Linux x86_64) AppleWebKit/537.36 (KHTML, like Gecko) Chrome/85.0.4183.102 Safari/537.36
Referer:http://web/
Upgrade-Insecure-Requests:1
",cf83e1357eefb8bdf1542850d66d8007d620e4050b5715dc83f4a921d36ce9ce47d0d13c5d85f2b0ff8318d2877eec2f63b931bd47417a81a538327af927da3e,"Keep-Alive:timeout=5, max=33
Server:Apache/2.4.7 (Ubuntu)
Connection:Keep-Alive
Pragma:no-cache
Date:Mon, 11 May 2026 22:57:46 GMT
Cache-Control:no-store, no-cache, must-revalidate, post-check=0, pre-check=0
Content-Encoding:gzip
Vary:Accept-Encoding
Expires:Thu, 19 Nov 1981 08:52:00 GMT
Content-Length:941
X-Powered-By:PHP/5.5.9-1ubuntu4.29
Content-Type:text/html
",82005f697f4553028346b81413169ee35ea15a1c746c043630357130cb16a79e47b1c6e21b0dc111b7344590e03fcb5a7f5da40f85200bba7551a10616b5919d,200
http://web/,GET,"Cookie:PHPSESSID=ln650u8nlv3q8tu5t28nfj3qn7
Accept:text/html,application/xhtml+xml,application/xml;q=0.9,image/avif,image/webp,image/apng,*/*;q=0.8,application/signed-exchange;v=b3;q=0.9
User-Agent:Mozilla/5.0 (X11; Linux x86_64) AppleWebKit/537.36 (KHTML, like Gecko) Chrome/85.0.4183.102 Safari/537.36
Upgrade-Insecure-Requests:1
",cf83e1357eefb8bdf1542850d66d8007d620e4050b5715dc83f4a921d36ce9ce47d0d13c5d85f2b0ff8318d2877eec2f63b931bd47417a81a538327af927da3e,"Keep-Alive:timeout=5, max=100
Server:Apache/2.4.7 (Ubuntu)
Connection:Keep-Alive
Pragma:no-cache
Date:Mon, 11 May 2026 22:58:11 GMT
Cache-Control:no-store, no-cache, must-revalidate, post-check=0, pre-check=0
Content-Encoding:gzip
Vary:Accept-Encoding
Expires:Thu, 19 Nov 1981 08:52:00 GMT
Content-Length:1283
X-Powered-By:PHP/5.5.9-1ubuntu4.29
Content-Type:text/html
",d0dbd415d75d3b0c45f24bc3453783812f84bd1f37af981bdc0926619c84d49dc8195da5665fa498d43c98efbd11641c8c4a92dbe15b445d2e65d2301c2f95b2,200
http://web/css/stylings.css,GET,"Cookie:PHPSESSID=ln650u8nlv3q8tu5t28nfj3qn7
Accept:text/css,*/*;q=0.1
User-Agent:Mozilla/5.0 (X11; Linux x86_64) AppleWebKit/537.36 (KHTML, like Gecko) Chrome/85.0.4183.102 Safari/537.36
Referer:http://web/guestbook.php
",cf83e1357eefb8bdf1542850d66d8007d620e4050b5715dc83f4a921d36ce9ce47d0d13c5d85f2b0ff8318d2877eec2f63b931bd47417a81a538327af927da3e,"Server:Apache/2.4.7 (Ubuntu)
Last-Modified:Thu, 02 Feb 2017 22:24:09 GMT
Date:Mon, 11 May 2026 22:54:16 GMT
Accept-Ranges:bytes
ETag:""c29-547939fb8b440-gzip""
Content-Encoding:gzip
Vary:Accept-Encoding
Content-Length:838
Content-Type:text/css
",e6142d743628221ad60b6d12a0b444a077ed8ede2504b511ffffde908ffe459f09875b3901f9a63ec228906521c445248f9277e14f591205808d8dfc200df823,200
http://web/,GET,"Cookie:PHPSESSID=ln650u8nlv3q8tu5t28nfj3qn7
Accept:text/html,application/xhtml+xml,application/xml;q=0.9,image/avif,image/webp,image/apng,*/*;q=0.8,application/signed-exchange;v=b3;q=0.9
User-Agent:Mozilla/5.0 (X11; Linux x86_64) AppleWebKit/537.36 (KHTML, like Gecko) Chrome/85.0.4183.102 Safari/537.36
Referer:http://web/users/sample.php?userid=1
Upgrade-Insecure-Requests:1
",cf83e1357eefb8bdf1542850d66d8007d620e4050b5715dc83f4a921d36ce9ce47d0d13c5d85f2b0ff8318d2877eec2f63b931bd47417a81a538327af927da3e,"Keep-Alive:timeout=5, max=26
Server:Apache/2.4.7 (Ubuntu)
Connection:Keep-Alive
Pragma:no-cache
Date:Mon, 11 May 2026 22:56:37 GMT
Cache-Control:no-store, no-cache, must-revalidate, post-check=0, pre-check=0
Content-Encoding:gzip
Vary:Accept-Encoding
Expires:Thu, 19 Nov 1981 08:52:00 GMT
Content-Length:1282
X-Powered-By:PHP/5.5.9-1ubuntu4.29
Content-Type:text/html
",c904708acd4005edd97fa762b8dbad745570f2d5a9253f0b15b2156d9e1e390ae3fc20ce23d3841c5dd204843387702d11af9874834ac86b895855c35cba871a,200
http://web/guestbook.php,GET,"Cookie:PHPSESSID=ln650u8nlv3q8tu5t28nfj3qn7
Accept:text/html,application/xhtml+xml,application/xml;q=0.9,image/avif,image/webp,image/apng,*/*;q=0.8,application/signed-exchange;v=b3;q=0.9
User-Agent:Mozilla/5.0 (X11; Linux x86_64) AppleWebKit/537.36 (KHTML, like Gecko) Chrome/85.0.4183.102 Safari/537.36
Referer:http://web/calendar.php
Upgrade-Insecure-Requests:1
",cf83e1357eefb8bdf1542850d66d8007d620e4050b5715dc83f4a921d36ce9ce47d0d13c5d85f2b0ff8318d2877eec2f63b931bd47417a81a538327af927da3e,"Keep-Alive:timeout=5, max=5
Server:Apache/2.4.7 (Ubuntu)
Connection:Keep-Alive
Pragma:no-cache
Date:Mon, 11 May 2026 22:56:52 GMT
Cache-Control:no-store, no-cache, must-revalidate, post-check=0, pre-check=0
Content-Encoding:gzip
Vary:Accept-Encoding
Expires:Thu, 19 Nov 1981 08:52:00 GMT
Content-Length:998
X-Powered-By:PHP/5.5.9-1ubuntu4.29
Content-Type:text/html
",bf924f9b411ddee7a73e931ebbad573809ca8570984e30b9af31059eeecae69183b210c2427bd4593a06b2cf69a16e782618aba5860797e5c9c44ad6cfcd17d4,200
http://web/pictures/recent.php,GET,"Cookie:PHPSESSID=ln650u8nlv3q8tu5t28nfj3qn7
Accept:text/html,application/xhtml+xml,application/xml;q=0.9,image/avif,image/webp,image/apng,*/*;q=0.8,application/signed-exchange;v=b3;q=0.9
User-Agent:Mozilla/5.0 (X11; Linux x86_64) AppleWebKit/537.36 (KHTML, like Gecko) Chrome/85.0.4183.102 Safari/537.36
Referer:http://web/users/login.php
Upgrade-Insecure-Requests:1
",cf83e1357eefb8bdf1542850d66d8007d620e4050b5715dc83f4a921d36ce9ce47d0d13c5d85f2b0ff8318d2877eec2f63b931bd47417a81a538327af927da3e,"Keep-Alive:timeout=5, max=86
Server:Apache/2.4.7 (Ubuntu)
Connection:Keep-Alive
Pragma:no-cache
Date:Mon, 11 May 2026 22:54:27 GMT
Cache-Control:no-store, no-cache, must-revalidate, post-check=0, pre-check=0
Content-Encoding:gzip
Vary:Accept-Encoding
Expires:Thu, 19 Nov 1981 08:52:00 GMT
Content-Length:1088
X-Powered-By:PHP/5.5.9-1ubuntu4.29
Content-Type:text/html
",5bac369e421eaf8e1d961955cdbb069d48069881545a10c1ddc74620db3694b48d1dc8f68707b0e6bb98fc2fa17724bc8f36da88921191e5d8f83415738d079e,200
http://web/tos.php,GET,"Cookie:PHPSESSID=ln650u8nlv3q8tu5t28nfj3qn7
Accept:text/html,application/xhtml+xml,application/xml;q=0.9,image/avif,image/webp,image/apng,*/*;q=0.8,application/signed-exchange;v=b3;q=0.9
User-Agent:Mozilla/5.0 (X11; Linux x86_64) AppleWebKit/537.36 (KHTML, like Gecko) Chrome/85.0.4183.102 Safari/537.36
Referer:http://web/pictures/recent.php
Upgrade-Insecure-Requests:1
",cf83e1357eefb8bdf1542850d66d8007d620e4050b5715dc83f4a921d36ce9ce47d0d13c5d85f2b0ff8318d2877eec2f63b931bd47417a81a538327af927da3e,"Keep-Alive:timeout=5, max=1
Server:Apache/2.4.7 (Ubuntu)
Connection:Keep-Alive
Pragma:no-cache
Date:Mon, 11 May 2026 22:55:38 GMT
Cache-Control:no-store, no-cache, must-revalidate, post-check=0, pre-check=0
Content-Encoding:gzip
Vary:Accept-Encoding
Expires:Thu, 19 Nov 1981 08:52:00 GMT
Content-Length:10225
X-Powered-By:PHP/5.5.9-1ubuntu4.29
Content-Type:text/html
",bbb4da9714760766ea229928b82fb173c48c1a2dc3ff2cb1cfb14441e5dda634f9546409ca44f0e07b3a81b8cd79af9a109372472fd1b046306fa092b1e7b38d,200
http://web/,GET,"Cookie:PHPSESSID=ln650u8nlv3q8tu5t28nfj3qn7
Accept:text/html,application/xhtml+xml,application/xml;q=0.9,image/avif,image/webp,image/apng,*/*;q=0.8,application/signed-exchange;v=b3;q=0.9
User-Agent:Mozilla/5.0 (X11; Linux x86_64) AppleWebKit/537.36 (KHTML, like Gecko) Chrome/85.0.4183.102 Safari/537.36
Upgrade-Insecure-Requests:1
",cf83e1357eefb8bdf1542850d66d8007d620e4050b5715dc83f4a921d36ce9ce47d0d13c5d85f2b0ff8318d2877eec2f63b931bd47417a81a538327af927da3e,"Keep-Alive:timeout=5, max=38
Server:Apache/2.4.7 (Ubuntu)
Connection:Keep-Alive
Pragma:no-cache
Date:Mon, 11 May 2026 22:56:28 GMT
Cache-Control:no-store, no-cache, must-revalidate, post-check=0, pre-check=0
Content-Encoding:gzip
Vary:Accept-Encoding
Expires:Thu, 19 Nov 1981 08:52:00 GMT
Content-Length:1283
X-Powered-By:PHP/5.5.9-1ubuntu4.29
Content-Type:text/html
",04c9959dcf570b4f66f5886891d3dbbed92d2696083eea8d8e830464d8c1168a73f0be7ba28ef7279e0537374becb5dffdb158a93acdc83b1175f61aef9be84c,200
http://web/,GET,"Cookie:PHPSESSID=ln650u8nlv3q8tu5t28nfj3qn7
Accept:text/html,application/xhtml+xml,application/xml;q=0.9,image/avif,image/webp,image/apng,*/*;q=0.8,application/signed-exchange;v=b3;q=0.9
User-Agent:Mozilla/5.0 (X11; Linux x86_64) AppleWebKit/537.36 (KHTML, like Gecko) Chrome/85.0.4183.102 Safari/537.36
Upgrade-Insecure-Requests:1
",cf83e1357eefb8bdf1542850d66d8007d620e4050b5715dc83f4a921d36ce9ce47d0d13c5d85f2b0ff8318d2877eec2f63b931bd47417a81a538327af927da3e,"Keep-Alive:timeout=5, max=48
Server:Apache/2.4.7 (Ubuntu)
Connection:Keep-Alive
Pragma:no-cache
Date:Mon, 11 May 2026 22:57:36 GMT
Cache-Control:no-store, no-cache, must-revalidate, post-check=0, pre-check=0
Content-Encoding:gzip
Vary:Accept-Encoding
Expires:Thu, 19 Nov 1981 08:52:00 GMT
Content-Length:1283
X-Powered-By:PHP/5.5.9-1ubuntu4.29
Content-Type:text/html
",e5baefaf374d518a78c490c2ad39a0c13471bfd1c8f9fac73f5d96905b1832a5f51fbec2f6445ed4d30c908e3b1c9da4a52014a05add13a2f3f2cc4cff247ef7,200
http://web/calendar.php,GET,"Cookie:PHPSESSID=ln650u8nlv3q8tu5t28nfj3qn7
Accept:text/html,application/xhtml+xml,application/xml;q=0.9,image/avif,image/webp,image/apng,*/*;q=0.8,application/signed-exchange;v=b3;q=0.9
User-Agent:Mozilla/5.0 (X11; Linux x86_64) AppleWebKit/537.36 (KHTML, like Gecko) Chrome/85.0.4183.102 Safari/537.36
Referer:http://web/
Upgrade-Insecure-Requests:1
",cf83e1357eefb8bdf1542850d66d8007d620e4050b5715dc83f4a921d36ce9ce47d0d13c5d85f2b0ff8318d2877eec2f63b931bd47417a81a538327af927da3e,"Keep-Alive:timeout=5, max=18
Server:Apache/2.4.7 (Ubuntu)
Connection:Keep-Alive
Pragma:no-cache
Date:Mon, 11 May 2026 22:59:08 GMT
Cache-Control:no-store, no-cache, must-revalidate, post-check=0, pre-check=0
Content-Encoding:gzip
Vary:Accept-Encoding
Expires:Thu, 19 Nov 1981 08:52:00 GMT
Content-Length:944
X-Powered-By:PHP/5.5.9-1ubuntu4.29
Content-Type:text/html
",1c4ddcb255ccb76d8944b0bcf7e6345d83455797f2f58ed248d166655c5906acd23f6ca44029b52cf2e62bf6308671a98243c497b6e26e36079468dbc624a8d1,200
http://web/users/login.php,GET,"Cookie:PHPSESSID=ln650u8nlv3q8tu5t28nfj3qn7
Accept:text/html,application/xhtml+xml,application/xml;q=0.9,image/avif,image/webp,image/apng,*/*;q=0.8,application/signed-exchange;v=b3;q=0.9
User-Agent:Mozilla/5.0 (X11; Linux x86_64) AppleWebKit/537.36 (KHTML, like Gecko) Chrome/85.0.4183.102 Safari/537.36
Referer:http://web/calendar.php?date=1778626672
Upgrade-Insecure-Requests:1
",cf83e1357eefb8bdf1542850d66d8007d620e4050b5715dc83f4a921d36ce9ce47d0d13c5d85f2b0ff8318d2877eec2f63b931bd47417a81a538327af927da3e,"Keep-Alive:timeout=5, max=23
Server:Apache/2.4.7 (Ubuntu)
Connection:Keep-Alive
Pragma:no-cache
Date:Mon, 11 May 2026 22:57:54 GMT
Cache-Control:no-store, no-cache, must-revalidate, post-check=0, pre-check=0
Content-Encoding:gzip
Vary:Accept-Encoding
Expires:Thu, 19 Nov 1981 08:52:00 GMT
Content-Length:976
X-Powered-By:PHP/5.5.9-1ubuntu4.29
Content-Type:text/html
",497220ed30486aa4862ded718205e505e392b18bd3f726c289b689c7eb87b9e5050f4fe71abde82a3ccd2ef7984b420b855864e07af6008c100f1a3c5d599d05,200
http://web/upload/house/hodjjgld.128_128.jpg,GET,"Cookie:PHPSESSID=ln650u8nlv3q8tu5t28nfj3qn7
Accept:image/avif,image/webp,image/apng,image/*,*/*;q=0.8
User-Agent:Mozilla/5.0 (X11; Linux x86_64) AppleWebKit/537.36 (KHTML, like Gecko) Chrome/85.0.4183.102 Safari/537.36
Referer:http://web/pictures/recent.php
",cf83e1357eefb8bdf1542850d66d8007d620e4050b5715dc83f4a921d36ce9ce47d0d13c5d85f2b0ff8318d2877eec2f63b931bd47417a81a538327af927da3e,"Server:Apache/2.4.7 (Ubuntu)
Last-Modified:Thu, 02 Feb 2017 22:24:09 GMT
Date:Mon, 11 May 2026 22:54:27 GMT
Accept-Ranges:bytes
ETag:""2f6e-547939fb8b440""
Content-Length:12142
Content-Type:image/jpeg
",d78d726ba03cd4ab6cfb2ff024e33ec7f851cdd7cf3389acb2ab700df6399122ee3bc74dc664abba8ea40f4d49e5c03e3def6eae872504e6aba993ed1b3b2fc0,200
http://web/,GET,"Cookie:PHPSESSID=ln650u8nlv3q8tu5t28nfj3qn7
Accept:text/html,application/xhtml+xml,application/xml;q=0.9,image/avif,image/webp,image/apng,*/*;q=0.8,application/signed-exchange;v=b3;q=0.9
User-Agent:Mozilla/5.0 (X11; Linux x86_64) AppleWebKit/537.36 (KHTML, like Gecko) Chrome/85.0.4183.102 Safari/537.36
Upgrade-Insecure-Requests:1
",cf83e1357eefb8bdf1542850d66d8007d620e4050b5715dc83f4a921d36ce9ce47d0d13c5d85f2b0ff8318d2877eec2f63b931bd47417a81a538327af927da3e,"Keep-Alive:timeout=5, max=48
Server:Apache/2.4.7 (Ubuntu)
Connection:Keep-Alive
Pragma:no-cache
Date:Mon, 11 May 2026 22:55:07 GMT
Cache-Control:no-store, no-cache, must-revalidate, post-check=0, pre-check=0
Content-Encoding:gzip
Vary:Accept-Encoding
Expires:Thu, 19 Nov 1981 08:52:00 GMT
Content-Length:1284
X-Powered-By:PHP/5.5.9-1ubuntu4.29
Content-Type:text/html
",e31d66b78097059c55a9a69543eb054609cc2e9400ae074cac4f658ea08e603c770b77db0c3e44b4d305a820941a88f68b85845517c035136f8ea842d1e65076,200
http://web/admin/index.php?page=login,GET,"Cookie:PHPSESSID=ln650u8nlv3q8tu5t28nfj3qn7
Accept:text/html,application/xhtml+xml,application/xml;q=0.9,image/avif,image/webp,image/apng,*/*;q=0.8,application/signed-exchange;v=b3;q=0.9
User-Agent:Mozilla/5.0 (X11; Linux x86_64) AppleWebKit/537.36 (KHTML, like Gecko) Chrome/85.0.4183.102 Safari/537.36
Referer:http://web/calendar.php?date=1778626682
Upgrade-Insecure-Requests:1
",cf83e1357eefb8bdf1542850d66d8007d620e4050b5715dc83f4a921d36ce9ce47d0d13c5d85f2b0ff8318d2877eec2f63b931bd47417a81a538327af927da3e,"Keep-Alive:timeout=5, max=10
Server:Apache/2.4.7 (Ubuntu)
Connection:Keep-Alive
Pragma:no-cache
Date:Mon, 11 May 2026 22:58:04 GMT
Cache-Control:no-store, no-cache, must-revalidate, post-check=0, pre-check=0
Content-Encoding:gzip
Vary:Accept-Encoding
Expires:Thu, 19 Nov 1981 08:52:00 GMT
Content-Length:216
X-Powered-By:PHP/5.5.9-1ubuntu4.29
Content-Type:text/html
",109331f50c555de3fa09a48cd836c653e24600817f7e14f822c95b21edee170178e4a91cc479ce047f49f6e46c97fb472d011e9b4152284b7a1d9934ae58224f,200
http://web/guestbook.php,GET,"Cookie:PHPSESSID=ln650u8nlv3q8tu5t28nfj3qn7
Accept:text/html,application/xhtml+xml,application/xml;q=0.9,image/avif,image/webp,image/apng,*/*;q=0.8,application/signed-exchange;v=b3;q=0.9
User-Agent:Mozilla/5.0 (X11; Linux x86_64) AppleWebKit/537.36 (KHTML, like Gecko) Chrome/85.0.4183.102 Safari/537.36
Referer:http://web/users/register.php
Upgrade-Insecure-Requests:1
",cf83e1357eefb8bdf1542850d66d8007d620e4050b5715dc83f4a921d36ce9ce47d0d13c5d85f2b0ff8318d2877eec2f63b931bd47417a81a538327af927da3e,"Keep-Alive:timeout=5, max=70
Server:Apache/2.4.7 (Ubuntu)
Connection:Keep-Alive
Pragma:no-cache
Date:Mon, 11 May 2026 22:56:03 GMT
Cache-Control:no-store, no-cache, must-revalidate, post-check=0, pre-check=0
Content-Encoding:gzip
Vary:Accept-Encoding
Expires:Thu, 19 Nov 1981 08:52:00 GMT
Content-Length:999
X-Powered-By:PHP/5.5.9-1ubuntu4.29
Content-Type:text/html
",fbcc403c16a9de343775e99172624a4693d723e7eeb026f471780e7d30f7656372b1ea1818d6a4b4bd0e2cd04cc1c6ec1af74762d0d78f6251224e55eebee5e5,200
http://web/calendar.php?date=1778626711,GET,"Cookie:PHPSESSID=ln650u8nlv3q8tu5t28nfj3qn7
Accept:text/html,application/xhtml+xml,application/xml;q=0.9,image/avif,image/webp,image/apng,*/*;q=0.8,application/signed-exchange;v=b3;q=0.9
User-Agent:Mozilla/5.0 (X11; Linux x86_64) AppleWebKit/537.36 (KHTML, like Gecko) Chrome/85.0.4183.102 Safari/537.36
Referer:http://web/calendar.php
Upgrade-Insecure-Requests:1
",cf83e1357eefb8bdf1542850d66d8007d620e4050b5715dc83f4a921d36ce9ce47d0d13c5d85f2b0ff8318d2877eec2f63b931bd47417a81a538327af927da3e,"Keep-Alive:timeout=5, max=71
Server:Apache/2.4.7 (Ubuntu)
Connection:Keep-Alive
Pragma:no-cache
Date:Mon, 11 May 2026 22:58:31 GMT
Cache-Control:no-store, no-cache, must-revalidate, post-check=0, pre-check=0
Content-Encoding:gzip
Vary:Accept-Encoding
Expires:Thu, 19 Nov 1981 08:52:00 GMT
Content-Length:945
X-Powered-By:PHP/5.5.9-1ubuntu4.29
Content-Type:text/html
",9bfb4ac75f16225d4530a15246d8c17306c22d6b17190ddd169e3950594d9541f92cd9ebe8ac099f2cd448ef9bfaf3772b78f71aa51a40c684c698655048b833,200
http://web/calendar.php,GET,"Cookie:PHPSESSID=ln650u8nlv3q8tu5t28nfj3qn7
Accept:text/html,application/xhtml+xml,application/xml;q=0.9,image/avif,image/webp,image/apng,*/*;q=0.8,application/signed-exchange;v=b3;q=0.9
User-Agent:Mozilla/5.0 (X11; Linux x86_64) AppleWebKit/537.36 (KHTML, like Gecko) Chrome/85.0.4183.102 Safari/537.36
Referer:http://web/
Upgrade-Insecure-Requests:1
",cf83e1357eefb8bdf1542850d66d8007d620e4050b5715dc83f4a921d36ce9ce47d0d13c5d85f2b0ff8318d2877eec2f63b931bd47417a81a538327af927da3e,"Keep-Alive:timeout=5, max=29
Server:Apache/2.4.7 (Ubuntu)
Connection:Keep-Alive
Pragma:no-cache
Date:Mon, 11 May 2026 22:57:49 GMT
Cache-Control:no-store, no-cache, must-revalidate, post-check=0, pre-check=0
Content-Encoding:gzip
Vary:Accept-Encoding
Expires:Thu, 19 Nov 1981 08:52:00 GMT
Content-Length:942
X-Powered-By:PHP/5.5.9-1ubuntu4.29
Content-Type:text/html
",7b086f1490aecbae2618777b12ce3da0dd19bdfd5a47bfc4d97f175e2ca5de598a15844d4c91248ecade6d53eaeaee159717621879bbf385e1183d4871aecf70,200
http://web/passcheck.php,GET,"Cookie:PHPSESSID=ln650u8nlv3q8tu5t28nfj3qn7
Accept:text/html,application/xhtml+xml,application/xml;q=0.9,image/avif,image/webp,image/apng,*/*;q=0.8,application/signed-exchange;v=b3;q=0.9
User-Agent:Mozilla/5.0 (X11; Linux x86_64) AppleWebKit/537.36 (KHTML, like Gecko) Chrome/85.0.4183.102 Safari/537.36
Referer:http://web/users/register.php
Upgrade-Insecure-Requests:1
",cf83e1357eefb8bdf1542850d66d8007d620e4050b5715dc83f4a921d36ce9ce47d0d13c5d85f2b0ff8318d2877eec2f63b931bd47417a81a538327af927da3e,"Keep-Alive:timeout=5, max=70
Server:Apache/2.4.7 (Ubuntu)
Connection:Keep-Alive
Pragma:no-cache
Date:Mon, 11 May 2026 22:57:19 GMT
Cache-Control:no-store, no-cache, must-revalidate, post-check=0, pre-check=0
Content-Encoding:gzip
Vary:Accept-Encoding
Expires:Thu, 19 Nov 1981 08:52:00 GMT
Content-Length:927
X-Powered-By:PHP/5.5.9-1ubuntu4.29
Content-Type:text/html
",8534301f8555a8789b0e0da0c29ab0cc0d3f23c1fa39b1a26e118698d966baf40e270c38b0a587cd99c74f0d84e12798eb7f27aa323a0243f5f3caa674c0769e,200
http://web/calendar.php,GET,"Cookie:PHPSESSID=ln650u8nlv3q8tu5t28nfj3qn7
Accept:text/html,application/xhtml+xml,application/xml;q=0.9,image/avif,image/webp,image/apng,*/*;q=0.8,application/signed-exchange;v=b3;q=0.9
User-Agent:Mozilla/5.0 (X11; Linux x86_64) AppleWebKit/537.36 (KHTML, like Gecko) Chrome/85.0.4183.102 Safari/537.36
Referer:http://web/
Upgrade-Insecure-Requests:1
",cf83e1357eefb8bdf1542850d66d8007d620e4050b5715dc83f4a921d36ce9ce47d0d13c5d85f2b0ff8318d2877eec2f63b931bd47417a81a538327af927da3e,"Keep-Alive:timeout=5, max=62
Server:Apache/2.4.7 (Ubuntu)
Connection:Keep-Alive
Pragma:no-cache
Date:Mon, 11 May 2026 22:58:38 GMT
Cache-Control:no-store, no-cache, must-revalidate, post-check=0, pre-check=0
Content-Encoding:gzip
Vary:Accept-Encoding
Expires:Thu, 19 Nov 1981 08:52:00 GMT
Content-Length:942
X-Powered-By:PHP/5.5.9-1ubuntu4.29
Content-Type:text/html
",b51035d691ca3617d6b927dfe52e76a2960736a73f886c3244831b872ade891411cbc7cfc387e9905fcd474c130cf66343c0922d19d18808191958d49995e9e1,200
http://web/calendar.php?date=1778713126,GET,"Cookie:PHPSESSID=ln650u8nlv3q8tu5t28nfj3qn7
Accept:text/html,application/xhtml+xml,application/xml;q=0.9,image/avif,image/webp,image/apng,*/*;q=0.8,application/signed-exchange;v=b3;q=0.9
User-Agent:Mozilla/5.0 (X11; Linux x86_64) AppleWebKit/537.36 (KHTML, like Gecko) Chrome/85.0.4183.102 Safari/537.36
Referer:http://web/calendar.php?date=1778626726
Upgrade-Insecure-Requests:1
",cf83e1357eefb8bdf1542850d66d8007d620e4050b5715dc83f4a921d36ce9ce47d0d13c5d85f2b0ff8318d2877eec2f63b931bd47417a81a538327af927da3e,"Keep-Alive:timeout=5, max=48
Server:Apache/2.4.7 (Ubuntu)
Connection:Keep-Alive
Pragma:no-cache
Date:Mon, 11 May 2026 22:58:47 GMT
Cache-Control:no-store, no-cache, must-revalidate, post-check=0, pre-check=0
Content-Encoding:gzip
Vary:Accept-Encoding
Expires:Thu, 19 Nov 1981 08:52:00 GMT
Content-Length:946
X-Powered-By:PHP/5.5.9-1ubuntu4.29
Content-Type:text/html
",933c8429280371774611de3819db13a82e5b092679381e5a5d893c2b485ab3fa820359f82933442871fbc12b47fb49026cef827afeb5871ca6b85c31fe514f44,200
http://web/,GET,"Cookie:PHPSESSID=ln650u8nlv3q8tu5t28nfj3qn7
Accept:text/html,application/xhtml+xml,application/xml;q=0.9,image/avif,image/webp,image/apng,*/*;q=0.8,application/signed-exchange;v=b3;q=0.9
User-Agent:Mozilla/5.0 (X11; Linux x86_64) AppleWebKit/537.36 (KHTML, like Gecko) Chrome/85.0.4183.102 Safari/537.36
Upgrade-Insecure-Requests:1
",cf83e1357eefb8bdf1542850d66d8007d620e4050b5715dc83f4a921d36ce9ce47d0d13c5d85f2b0ff8318d2877eec2f63b931bd47417a81a538327af927da3e,"Keep-Alive:timeout=5, max=38
Server:Apache/2.4.7 (Ubuntu)
Connection:Keep-Alive
Pragma:no-cache
Date:Mon, 11 May 2026 22:58:53 GMT
Cache-Control:no-store, no-cache, must-revalidate, post-check=0, pre-check=0
Content-Encoding:gzip
Vary:Accept-Encoding
Expires:Thu, 19 Nov 1981 08:52:00 GMT
Content-Length:1283
X-Powered-By:PHP/5.5.9-1ubuntu4.29
Content-Type:text/html
",c8105146621f0e69f84a90bf9d1a35cb509a50dc26b23f787c4b1547c72a4c29227f36161955c59d881dac658cb928fdcaa34d870ba9454cce1550a1be0e2a1a,200
http://web/users/home.php,GET,"Cookie:PHPSESSID=ln650u8nlv3q8tu5t28nfj3qn7
Accept:text/html,application/xhtml+xml,application/xml;q=0.9,image/avif,image/webp,image/apng,*/*;q=0.8,application/signed-exchange;v=b3;q=0.9
User-Agent:Mozilla/5.0 (X11; Linux x86_64) AppleWebKit/537.36 (KHTML, like Gecko) Chrome/85.0.4183.102 Safari/537.36
Referer:http://web/calendar.php?date=1778799521
Upgrade-Insecure-Requests:1
",cf83e1357eefb8bdf1542850d66d8007d620e4050b5715dc83f4a921d36ce9ce47d0d13c5d85f2b0ff8318d2877eec2f63b931bd47417a81a538327af927da3e,"Keep-Alive:timeout=5, max=53
Server:Apache/2.4.7 (Ubuntu)
Connection:Keep-Alive
Pragma:no-cache
Date:Mon, 11 May 2026 22:58:44 GMT
Cache-Control:no-store, no-cache, must-revalidate, post-check=0, pre-check=0
Expires:Thu, 19 Nov 1981 08:52:00 GMT
Content-Length:41
X-Powered-By:PHP/5.5.9-1ubuntu4.29
Location:/users/login.php
Content-Type:text/html
",cf83e1357eefb8bdf1542850d66d8007d620e4050b5715dc83f4a921d36ce9ce47d0d13c5d85f2b0ff8318d2877eec2f63b931bd47417a81a538327af927da3e,303
http://web/,GET,"Cookie:PHPSESSID=ln650u8nlv3q8tu5t28nfj3qn7
Accept:text/html,application/xhtml+xml,application/xml;q=0.9,image/avif,image/webp,image/apng,*/*;q=0.8,application/signed-exchange;v=b3;q=0.9
User-Agent:Mozilla/5.0 (X11; Linux x86_64) AppleWebKit/537.36 (KHTML, like Gecko) Chrome/85.0.4183.102 Safari/537.36
Upgrade-Insecure-Requests:1
",cf83e1357eefb8bdf1542850d66d8007d620e4050b5715dc83f4a921d36ce9ce47d0d13c5d85f2b0ff8318d2877eec2f63b931bd47417a81a538327af927da3e,"Keep-Alive:timeout=5, max=25
Server:Apache/2.4.7 (Ubuntu)
Connection:Keep-Alive
Pragma:no-cache
Date:Mon, 11 May 2026 22:56:38 GMT
Cache-Control:no-store, no-cache, must-revalidate, post-check=0, pre-check=0
Content-Encoding:gzip
Vary:Accept-Encoding
Expires:Thu, 19 Nov 1981 08:52:00 GMT
Content-Length:1283
X-Powered-By:PHP/5.5.9-1ubuntu4.29
Content-Type:text/html
",d300173c0f0a747ee90c913fffa991e2dbe26ef3ea9bb991deb862935b7de14ef25c924581079abbd134e35af420d13439417a38328b602498ba62ab91035f00,200
http://web/css/stylings.css,GET,"Cookie:PHPSESSID=ln650u8nlv3q8tu5t28nfj3qn7
Accept:text/css,*/*;q=0.1
User-Agent:Mozilla/5.0 (X11; Linux x86_64) AppleWebKit/537.36 (KHTML, like Gecko) Chrome/85.0.4183.102 Safari/537.36
Referer:http://web/tos.php
",cf83e1357eefb8bdf1542850d66d8007d620e4050b5715dc83f4a921d36ce9ce47d0d13c5d85f2b0ff8318d2877eec2f63b931bd47417a81a538327af927da3e,"Server:Apache/2.4.7 (Ubuntu)
Last-Modified:Thu, 02 Feb 2017 22:24:09 GMT
Date:Mon, 11 May 2026 22:54:16 GMT
Accept-Ranges:bytes
ETag:""c29-547939fb8b440-gzip""
Content-Encoding:gzip
Vary:Accept-Encoding
Content-Length:838
Content-Type:text/css
",e6142d743628221ad60b6d12a0b444a077ed8ede2504b511ffffde908ffe459f09875b3901f9a63ec228906521c445248f9277e14f591205808d8dfc200df823,200
http://web/upload/house/our_house.128_128.jpg,GET,"Cookie:PHPSESSID=ln650u8nlv3q8tu5t28nfj3qn7
Accept:image/avif,image/webp,image/apng,image/*,*/*;q=0.8
User-Agent:Mozilla/5.0 (X11; Linux x86_64) AppleWebKit/537.36 (KHTML, like Gecko) Chrome/85.0.4183.102 Safari/537.36
Referer:http://web/pictures/recent.php
",cf83e1357eefb8bdf1542850d66d8007d620e4050b5715dc83f4a921d36ce9ce47d0d13c5d85f2b0ff8318d2877eec2f63b931bd47417a81a538327af927da3e,"Server:Apache/2.4.7 (Ubuntu)
Last-Modified:Thu, 02 Feb 2017 22:24:09 GMT
Date:Mon, 11 May 2026 22:54:27 GMT
Accept-Ranges:bytes
ETag:""309c-547939fb8b440""
Content-Length:12444
Content-Type:image/jpeg
",7398d28ba3dbb6919f8252647510815990d20ed11d0df1881c26de538c790d1114201d4bbee0c5dbf69074677723ca5f4759e3c0f31ab392c87362001168c7d8,200
http://web/css/stylings.css,GET,"Cookie:PHPSESSID=ln650u8nlv3q8tu5t28nfj3qn7
Accept:text/css,*/*;q=0.1
User-Agent:Mozilla/5.0 (X11; Linux x86_64) AppleWebKit/537.36 (KHTML, like Gecko) Chrome/85.0.4183.102 Safari/537.36
Referer:http://web/users/register.php
",cf83e1357eefb8bdf1542850d66d8007d620e4050b5715dc83f4a921d36ce9ce47d0d13c5d85f2b0ff8318d2877eec2f63b931bd47417a81a538327af927da3e,"Server:Apache/2.4.7 (Ubuntu)
Last-Modified:Thu, 02 Feb 2017 22:24:09 GMT
Date:Mon, 11 May 2026 22:54:16 GMT
Accept-Ranges:bytes
ETag:""c29-547939fb8b440-gzip""
Content-Encoding:gzip
Vary:Accept-Encoding
Content-Length:838
Content-Type:text/css
",e6142d743628221ad60b6d12a0b444a077ed8ede2504b511ffffde908ffe459f09875b3901f9a63ec228906521c445248f9277e14f591205808d8dfc200df823,200
http://web/calendar.php,GET,"Cookie:PHPSESSID=ln650u8nlv3q8tu5t28nfj3qn7
Accept:text/html,application/xhtml+xml,application/xml;q=0.9,image/avif,image/webp,image/apng,*/*;q=0.8,application/signed-exchange;v=b3;q=0.9
User-Agent:Mozilla/5.0 (X11; Linux x86_64) AppleWebKit/537.36 (KHTML, like Gecko) Chrome/85.0.4183.102 Safari/537.36
Referer:http://web/
Upgrade-Insecure-Requests:1
",cf83e1357eefb8bdf1542850d66d8007d620e4050b5715dc83f4a921d36ce9ce47d0d13c5d85f2b0ff8318d2877eec2f63b931bd47417a81a538327af927da3e,"Keep-Alive:timeout=5, max=94
Server:Apache/2.4.7 (Ubuntu)
Connection:Keep-Alive
Pragma:no-cache
Date:Mon, 11 May 2026 22:57:02 GMT
Cache-Control:no-store, no-cache, must-revalidate, post-check=0, pre-check=0
Content-Encoding:gzip
Vary:Accept-Encoding
Expires:Thu, 19 Nov 1981 08:52:00 GMT
Content-Length:943
X-Powered-By:PHP/5.5.9-1ubuntu4.29
Content-Type:text/html
",254a445863db930699fbbbac7983a0f9230c4d9897ebb6b2330b578f8cd4c68678fdce10247c6630a8aec5935bcf012f3af3c3c53dc57597f60c5c86fe00549c,200
http://web/calendar.php,GET,"Cookie:PHPSESSID=ln650u8nlv3q8tu5t28nfj3qn7
Accept:text/html,application/xhtml+xml,application/xml;q=0.9,image/avif,image/webp,image/apng,*/*;q=0.8,application/signed-exchange;v=b3;q=0.9
User-Agent:Mozilla/5.0 (X11; Linux x86_64) AppleWebKit/537.36 (KHTML, like Gecko) Chrome/85.0.4183.102 Safari/537.36
Referer:http://web/
Upgrade-Insecure-Requests:1
",cf83e1357eefb8bdf1542850d66d8007d620e4050b5715dc83f4a921d36ce9ce47d0d13c5d85f2b0ff8318d2877eec2f63b931bd47417a81a538327af927da3e,"Keep-Alive:timeout=5, max=93
Server:Apache/2.4.7 (Ubuntu)
Connection:Keep-Alive
Pragma:no-cache
Date:Mon, 11 May 2026 22:58:15 GMT
Cache-Control:no-store, no-cache, must-revalidate, post-check=0, pre-check=0
Content-Encoding:gzip
Vary:Accept-Encoding
Expires:Thu, 19 Nov 1981 08:52:00 GMT
Content-Length:942
X-Powered-By:PHP/5.5.9-1ubuntu4.29
Content-Type:text/html
",e09f4605fa1c439de456742a15a9ff85503adeb0a0d9bfa4e63a6e698ea266113739feadd99418a1e422b4a94c903c98f1ff8808c57023cda3479b0541b1c6c4,200
http://web/,GET,"Cookie:PHPSESSID=ln650u8nlv3q8tu5t28nfj3qn7
Accept:text/html,application/xhtml+xml,application/xml;q=0.9,image/avif,image/webp,image/apng,*/*;q=0.8,application/signed-exchange;v=b3;q=0.9
User-Agent:Mozilla/5.0 (X11; Linux x86_64) AppleWebKit/537.36 (KHTML, like Gecko) Chrome/85.0.4183.102 Safari/537.36
Upgrade-Insecure-Requests:1
",cf83e1357eefb8bdf1542850d66d8007d620e4050b5715dc83f4a921d36ce9ce47d0d13c5d85f2b0ff8318d2877eec2f63b931bd47417a81a538327af927da3e,"Keep-Alive:timeout=5, max=45
Server:Apache/2.4.7 (Ubuntu)
Connection:Keep-Alive
Pragma:no-cache
Date:Mon, 11 May 2026 22:56:24 GMT
Cache-Control:no-store, no-cache, must-revalidate, post-check=0, pre-check=0
Content-Encoding:gzip
Vary:Accept-Encoding
Expires:Thu, 19 Nov 1981 08:52:00 GMT
Content-Length:1283
X-Powered-By:PHP/5.5.9-1ubuntu4.29
Content-Type:text/html
",5a8f9b88570e2ab1249180b06676c746144264bc01dacc630afe30a20a194e0c78efb7a991e9e4b0ec0364af05ad2a58cacd34946bd41bf73ccd3f8d4d3fd6d8,200
http://web/pictures/upload.php,GET,"Cookie:PHPSESSID=ln650u8nlv3q8tu5t28nfj3qn7
Accept:text/html,application/xhtml+xml,application/xml;q=0.9,image/avif,image/webp,image/apng,*/*;q=0.8,application/signed-exchange;v=b3;q=0.9
User-Agent:Mozilla/5.0 (X11; Linux x86_64) AppleWebKit/537.36 (KHTML, like Gecko) Chrome/85.0.4183.102 Safari/537.36
Referer:http://web/calendar.php?date=1778799526
Upgrade-Insecure-Requests:1
",cf83e1357eefb8bdf1542850d66d8007d620e4050b5715dc83f4a921d36ce9ce47d0d13c5d85f2b0ff8318d2877eec2f63b931bd47417a81a538327af927da3e,"Keep-Alive:timeout=5, max=46
Server:Apache/2.4.7 (Ubuntu)
Connection:Keep-Alive
Pragma:no-cache
Date:Mon, 11 May 2026 22:58:48 GMT
Cache-Control:no-store, no-cache, must-revalidate, post-check=0, pre-check=0
Expires:Thu, 19 Nov 1981 08:52:00 GMT
Content-Length:41
X-Powered-By:PHP/5.5.9-1ubuntu4.29
Location:/users/login.php
Content-Type:text/html
",cf83e1357eefb8bdf1542850d66d8007d620e4050b5715dc83f4a921d36ce9ce47d0d13c5d85f2b0ff8318d2877eec2f63b931bd47417a81a538327af927da3e,303
http://web/upload/toga/togas.128_128.jpg,GET,"Cookie:PHPSESSID=ln650u8nlv3q8tu5t28nfj3qn7
Accept:image/avif,image/webp,image/apng,image/*,*/*;q=0.8
User-Agent:Mozilla/5.0 (X11; Linux x86_64) AppleWebKit/537.36 (KHTML, like Gecko) Chrome/85.0.4183.102 Safari/537.36
Referer:http://web/pictures/recent.php
",cf83e1357eefb8bdf1542850d66d8007d620e4050b5715dc83f4a921d36ce9ce47d0d13c5d85f2b0ff8318d2877eec2f63b931bd47417a81a538327af927da3e,"Keep-Alive:timeout=5, max=100
Server:Apache/2.4.7 (Ubuntu)
Connection:Keep-Alive
Last-Modified:Thu, 02 Feb 2017 22:24:09 GMT
Date:Mon, 11 May 2026 22:54:27 GMT
Accept-Ranges:bytes
ETag:""3ead-547939fb8b440""
Content-Length:16045
Content-Type:image/jpeg
",705372a26505ff43e9523cc12732de0b4ac071ab4c1ae439d67b834552468f58efbfc0a701ef3e00c2c1986f08c806b867152e9aa8ef769f3c270341d30775d9,200
http://web/upload/doggie/Dog.jpg.128_128.jpg,GET,"Cookie:PHPSESSID=ln650u8nlv3q8tu5t28nfj3qn7
Accept:image/avif,image/webp,image/apng,image/*,*/*;q=0.8
User-Agent:Mozilla/5.0 (X11; Linux x86_64) AppleWebKit/537.36 (KHTML, like Gecko) Chrome/85.0.4183.102 Safari/537.36
Referer:http://web/pictures/recent.php
",cf83e1357eefb8bdf1542850d66d8007d620e4050b5715dc83f4a921d36ce9ce47d0d13c5d85f2b0ff8318d2877eec2f63b931bd47417a81a538327af927da3e,"Keep-Alive:timeout=5, max=98
Server:Apache/2.4.7 (Ubuntu)
Connection:Keep-Alive
Last-Modified:Thu, 02 Feb 2017 22:24:09 GMT
Date:Mon, 11 May 2026 22:54:27 GMT
Accept-Ranges:bytes
ETag:""30b7-547939fb8b440""
Content-Length:12471
Content-Type:image/jpeg
",69d56f0425632e752413df2dedbeab35c78b04f88b4b5e0c3ff3c082644643ba0b4ecff40c05ff2c89177b1d27351cfad091a14195a74b8f1a0a38960c402f09,200
http://web/calendar.php?date=1778626703,GET,"Cookie:PHPSESSID=ln650u8nlv3q8tu5t28nfj3qn7
Accept:text/html,application/xhtml+xml,application/xml;q=0.9,image/avif,image/webp,image/apng,*/*;q=0.8,application/signed-exchange;v=b3;q=0.9
User-Agent:Mozilla/5.0 (X11; Linux x86_64) AppleWebKit/537.36 (KHTML, like Gecko) Chrome/85.0.4183.102 Safari/537.36
Referer:http://web/calendar.php
Upgrade-Insecure-Requests:1
",cf83e1357eefb8bdf1542850d66d8007d620e4050b5715dc83f4a921d36ce9ce47d0d13c5d85f2b0ff8318d2877eec2f63b931bd47417a81a538327af927da3e,"Keep-Alive:timeout=5, max=82
Server:Apache/2.4.7 (Ubuntu)
Connection:Keep-Alive
Pragma:no-cache
Date:Mon, 11 May 2026 22:58:23 GMT
Cache-Control:no-store, no-cache, must-revalidate, post-check=0, pre-check=0
Content-Encoding:gzip
Vary:Accept-Encoding
Expires:Thu, 19 Nov 1981 08:52:00 GMT
Content-Length:944
X-Powered-By:PHP/5.5.9-1ubuntu4.29
Content-Type:text/html
",0e8691159a9473fd436648a5c58f061f91232242571de1e39ca3c3ace116bc1d8377dcef688c9b4d0215b1dec8ea508a02e95c759f6e6f33d27dc8f72d1998a5,200
http://web/,GET,"Cookie:PHPSESSID=ln650u8nlv3q8tu5t28nfj3qn7
Accept:text/html,application/xhtml+xml,application/xml;q=0.9,image/avif,image/webp,image/apng,*/*;q=0.8,application/signed-exchange;v=b3;q=0.9
User-Agent:Mozilla/5.0 (X11; Linux x86_64) AppleWebKit/537.36 (KHTML, like Gecko) Chrome/85.0.4183.102 Safari/537.36
Upgrade-Insecure-Requests:1
",cf83e1357eefb8bdf1542850d66d8007d620e4050b5715dc83f4a921d36ce9ce47d0d13c5d85f2b0ff8318d2877eec2f63b931bd47417a81a538327af927da3e,"Keep-Alive:timeout=5, max=79
Server:Apache/2.4.7 (Ubuntu)
Connection:Keep-Alive
Pragma:no-cache
Date:Mon, 11 May 2026 22:58:25 GMT
Cache-Control:no-store, no-cache, must-revalidate, post-check=0, pre-check=0
Content-Encoding:gzip
Vary:Accept-Encoding
Expires:Thu, 19 Nov 1981 08:52:00 GMT
Content-Length:1283
X-Powered-By:PHP/5.5.9-1ubuntu4.29
Content-Type:text/html
",ec20eedb71b3d84734fc1138d52d21ee1b1855f1550661d179997114ca8d06479fa76fbb91100b56610082c25d7f58465c270511dcea147f9000459450fd690e,200
http://web/admin/index.php?page=login,POST,"Origin:http://web
Cookie:PHPSESSID=ln650u8nlv3q8tu5t28nfj3qn7
Accept:text/html,application/xhtml+xml,application/xml;q=0.9,image/avif,image/webp,image/apng,*/*;q=0.8,application/signed-exchange;v=b3;q=0.9
User-Agent:Mozilla/5.0 (X11; Linux x86_64) AppleWebKit/537.36 (KHTML, like Gecko) Chrome/85.0.4183.102 Safari/537.36
Referer:http://web/admin/index.php?page=login
Upgrade-Insecure-Requests:1
Content-Type:application/x-www-form-urlencoded
",548377f2e5696d602ebea5cf51b1a44ec490373d18d7bf7279cdf508a0ebb68c5b213972afdf381cd9fc180c48a33f3bd2a8d32cb3ef18fd7254e3947c1ddf31,"Keep-Alive:timeout=5, max=79
Server:Apache/2.4.7 (Ubuntu)
Connection:Keep-Alive
Pragma:no-cache
Date:Mon, 11 May 2026 22:54:44 GMT
Cache-Control:no-store, no-cache, must-revalidate, post-check=0, pre-check=0
Content-Encoding:gzip
Vary:Accept-Encoding
Expires:Thu, 19 Nov 1981 08:52:00 GMT
Content-Length:216
X-Powered-By:PHP/5.5.9-1ubuntu4.29
Content-Type:text/html
",bd7d9ffe4a532d83ce8f986384d3528a2ddb8bc839eae14d0fcde46ed460c09fcff3ae59c83394b0b6b9609fb8e299cb1ace19345ebcc2b87468823333ddbd33,200
http://web/pictures/recent.php,GET,"Cookie:PHPSESSID=ln650u8nlv3q8tu5t28nfj3qn7
Accept:text/html,application/xhtml+xml,application/xml;q=0.9,image/avif,image/webp,image/apng,*/*;q=0.8,application/signed-exchange;v=b3;q=0.9
User-Agent:Mozilla/5.0 (X11; Linux x86_64) AppleWebKit/537.36 (KHTML, like Gecko) Chrome/85.0.4183.102 Safari/537.36
Referer:http://web/
Upgrade-Insecure-Requests:1
",cf83e1357eefb8bdf1542850d66d8007d620e4050b5715dc83f4a921d36ce9ce47d0d13c5d85f2b0ff8318d2877eec2f63b931bd47417a81a538327af927da3e,"Keep-Alive:timeout=5, max=40
Server:Apache/2.4.7 (Ubuntu)
Connection:Keep-Alive
Pragma:no-cache
Date:Mon, 11 May 2026 22:55:13 GMT
Cache-Control:no-store, no-cache, must-revalidate, post-check=0, pre-check=0
Content-Encoding:gzip
Vary:Accept-Encoding
Expires:Thu, 19 Nov 1981 08:52:00 GMT
Content-Length:1088
X-Powered-By:PHP/5.5.9-1ubuntu4.29
Content-Type:text/html
",a6e80fa7d10e8455f2f04b8f51ff2011e1820b846deaf9e4725eb5e9050ed75d6722fda719d5ab9c72459aacee454105ec4a8312ce030d631a18730a3fd66bea,200
http://web/guestbook.php,GET,"Cookie:PHPSESSID=ln650u8nlv3q8tu5t28nfj3qn7
Accept:text/html,application/xhtml+xml,application/xml;q=0.9,image/avif,image/webp,image/apng,*/*;q=0.8,application/signed-exchange;v=b3;q=0.9
User-Agent:Mozilla/5.0 (X11; Linux x86_64) AppleWebKit/537.36 (KHTML, like Gecko) Chrome/85.0.4183.102 Safari/537.36
Referer:http://web/
Upgrade-Insecure-Requests:1
",cf83e1357eefb8bdf1542850d66d8007d620e4050b5715dc83f4a921d36ce9ce47d0d13c5d85f2b0ff8318d2877eec2f63b931bd47417a81a538327af927da3e,"Keep-Alive:timeout=5, max=95
Server:Apache/2.4.7 (Ubuntu)
Connection:Keep-Alive
Pragma:no-cache
Date:Mon, 11 May 2026 22:55:43 GMT
Cache-Control:no-store, no-cache, must-revalidate, post-check=0, pre-check=0
Content-Encoding:gzip
Vary:Accept-Encoding
Expires:Thu, 19 Nov 1981 08:52:00 GMT
Content-Length:999
X-Powered-By:PHP/5.5.9-1ubuntu4.29
Content-Type:text/html
",a740dcc697ea09ab70e7f3efd679ebef1be1f2cf7e454a6e39f1368d87a40e863bda5cc6e41310a76f69cca88053385830a36aecdf06d82f6e70808c1e23fa3a,200
http://web/calendar.php?date=1778626742,GET,"Cookie:PHPSESSID=ln650u8nlv3q8tu5t28nfj3qn7
Accept:text/html,application/xhtml+xml,application/xml;q=0.9,image/avif,image/webp,image/apng,*/*;q=0.8,application/signed-exchange;v=b3;q=0.9
User-Agent:Mozilla/5.0 (X11; Linux x86_64) AppleWebKit/537.36 (KHTML, like Gecko) Chrome/85.0.4183.102 Safari/537.36
Referer:http://web/calendar.php
Upgrade-Insecure-Requests:1
",cf83e1357eefb8bdf1542850d66d8007d620e4050b5715dc83f4a921d36ce9ce47d0d13c5d85f2b0ff8318d2877eec2f63b931bd47417a81a538327af927da3e,"Keep-Alive:timeout=5, max=24
Server:Apache/2.4.7 (Ubuntu)
Connection:Keep-Alive
Pragma:no-cache
Date:Mon, 11 May 2026 22:59:03 GMT
Cache-Control:no-store, no-cache, must-revalidate, post-check=0, pre-check=0
Content-Encoding:gzip
Vary:Accept-Encoding
Expires:Thu, 19 Nov 1981 08:52:00 GMT
Content-Length:945
X-Powered-By:PHP/5.5.9-1ubuntu4.29
Content-Type:text/html
",8a88f8049505fe33ed6ab5f56521e1e3f9f946d012db7181ef36342f44a561141583ba41a3496b39350cab124784e410131896f382546caf4da841ff35a5cfd2,200
http://web/calendar.php?date=1778713134,GET,"Cookie:PHPSESSID=ln650u8nlv3q8tu5t28nfj3qn7
Accept:text/html,application/xhtml+xml,application/xml;q=0.9,image/avif,image/webp,image/apng,*/*;q=0.8,application/signed-exchange;v=b3;q=0.9
User-Agent:Mozilla/5.0 (X11; Linux x86_64) AppleWebKit/537.36 (KHTML, like Gecko) Chrome/85.0.4183.102 Safari/537.36
Referer:http://web/calendar.php?date=1778626734
Upgrade-Insecure-Requests:1
",cf83e1357eefb8bdf1542850d66d8007d620e4050b5715dc83f4a921d36ce9ce47d0d13c5d85f2b0ff8318d2877eec2f63b931bd47417a81a538327af927da3e,"Keep-Alive:timeout=5, max=35
Server:Apache/2.4.7 (Ubuntu)
Connection:Keep-Alive
Pragma:no-cache
Date:Mon, 11 May 2026 22:58:55 GMT
Cache-Control:no-store, no-cache, must-revalidate, post-check=0, pre-check=0
Content-Encoding:gzip
Vary:Accept-Encoding
Expires:Thu, 19 Nov 1981 08:52:00 GMT
Content-Length:946
X-Powered-By:PHP/5.5.9-1ubuntu4.29
Content-Type:text/html
",310e3478814ab883979c8c6e4fc4c98f91e779fd553fb55f08e4bb582f8911de0824ad3f72537754637c34f82fc37cdaf2abc44628d4a76e02cea11001f8202e,200
http://web/images/search_button_white.gif,GET,"Cookie:PHPSESSID=ln650u8nlv3q8tu5t28nfj3qn7
Accept:image/avif,image/webp,image/apng,image/*,*/*;q=0.8
User-Agent:Mozilla/5.0 (X11; Linux x86_64) AppleWebKit/537.36 (KHTML, like Gecko) Chrome/85.0.4183.102 Safari/537.36
Referer:http://web/
",cf83e1357eefb8bdf1542850d66d8007d620e4050b5715dc83f4a921d36ce9ce47d0d13c5d85f2b0ff8318d2877eec2f63b931bd47417a81a538327af927da3e,"Server:Apache/2.4.7 (Ubuntu)
Last-Modified:Thu, 02 Feb 2017 22:24:09 GMT
Date:Mon, 11 May 2026 22:54:16 GMT
Accept-Ranges:bytes
ETag:""1fc-547939fb8b440""
Content-Length:508
Content-Type:image/gif
",c3542cdf07970477cd82086f3e0968a355533cde628c45a2018ac340357b7d2ee35b6e4bf7915290f24a679250722d300985f0ea7b2482b30ac4f8447b2f35c8,200
http://web/calendar.php?date=1778799534,GET,"Cookie:PHPSESSID=ln650u8nlv3q8tu5t28nfj3qn7
Accept:text/html,application/xhtml+xml,application/xml;q=0.9,image/avif,image/webp,image/apng,*/*;q=0.8,application/signed-exchange;v=b3;q=0.9
User-Agent:Mozilla/5.0 (X11; Linux x86_64) AppleWebKit/537.36 (KHTML, like Gecko) Chrome/85.0.4183.102 Safari/537.36
Referer:http://web/calendar.php?date=1778713134
Upgrade-Insecure-Requests:1
",cf83e1357eefb8bdf1542850d66d8007d620e4050b5715dc83f4a921d36ce9ce47d0d13c5d85f2b0ff8318d2877eec2f63b931bd47417a81a538327af927da3e,"Keep-Alive:timeout=5, max=34
Server:Apache/2.4.7 (Ubuntu)
Connection:Keep-Alive
Pragma:no-cache
Date:Mon, 11 May 2026 22:58:56 GMT
Cache-Control:no-store, no-cache, must-revalidate, post-check=0, pre-check=0
Content-Encoding:gzip
Vary:Accept-Encoding
Expires:Thu, 19 Nov 1981 08:52:00 GMT
Content-Length:947
X-Powered-By:PHP/5.5.9-1ubuntu4.29
Content-Type:text/html
",3f16223ec86146e868fa49fefc28128b474f03b49dd3c0ac31cbaebedd5d5d65e9abe2e84449f425b8bf8b629b0d86676e8ceaafc796a9746b42e0d8793a8e22,200
http://web/users/sample.php?userid=1,GET,"Cookie:PHPSESSID=ln650u8nlv3q8tu5t28nfj3qn7
Accept:text/html,application/xhtml+xml,application/xml;q=0.9,image/avif,image/webp,image/apng,*/*;q=0.8,application/signed-exchange;v=b3;q=0.9
User-Agent:Mozilla/5.0 (X11; Linux x86_64) AppleWebKit/537.36 (KHTML, like Gecko) Chrome/85.0.4183.102 Safari/537.36
Referer:http://web/
Upgrade-Insecure-Requests:1
",cf83e1357eefb8bdf1542850d66d8007d620e4050b5715dc83f4a921d36ce9ce47d0d13c5d85f2b0ff8318d2877eec2f63b931bd47417a81a538327af927da3e,"Keep-Alive:timeout=5, max=31
Server:Apache/2.4.7 (Ubuntu)
Connection:Keep-Alive
Pragma:no-cache
Date:Mon, 11 May 2026 22:56:34 GMT
Cache-Control:no-store, no-cache, must-revalidate, post-check=0, pre-check=0
Content-Encoding:gzip
Vary:Accept-Encoding
Expires:Thu, 19 Nov 1981 08:52:00 GMT
Content-Length:982
X-Powered-By:PHP/5.5.9-1ubuntu4.29
Content-Type:text/html
",1fed2706f1c23c237f18cac8a3ddd5758a1e6a165748a83578ae974a23ed3b2182bf76587970010284d29b00b95c7fdb7113ee564cc7d0a967fffc16a581ee7e,200
http://web/pictures/recent.php,GET,"Cookie:PHPSESSID=ln650u8nlv3q8tu5t28nfj3qn7
Accept:text/html,application/xhtml+xml,application/xml;q=0.9,image/avif,image/webp,image/apng,*/*;q=0.8,application/signed-exchange;v=b3;q=0.9
User-Agent:Mozilla/5.0 (X11; Linux x86_64) AppleWebKit/537.36 (KHTML, like Gecko) Chrome/85.0.4183.102 Safari/537.36
Referer:http://web/
Upgrade-Insecure-Requests:1
",cf83e1357eefb8bdf1542850d66d8007d620e4050b5715dc83f4a921d36ce9ce47d0d13c5d85f2b0ff8318d2877eec2f63b931bd47417a81a538327af927da3e,"Keep-Alive:timeout=5, max=2
Server:Apache/2.4.7 (Ubuntu)
Connection:Keep-Alive
Pragma:no-cache
Date:Mon, 11 May 2026 22:55:37 GMT
Cache-Control:no-store, no-cache, must-revalidate, post-check=0, pre-check=0
Content-Encoding:gzip
Vary:Accept-Encoding
Expires:Thu, 19 Nov 1981 08:52:00 GMT
Content-Length:1087
X-Powered-By:PHP/5.5.9-1ubuntu4.29
Content-Type:text/html
",9aa81bfcdca6dd5f909eec06292821925547da1b79a241ade38b3c759f4434d91a664d0a7e311f90d69f5c7c916e5cdef76635a7e8ba5e50c34d92e7e902f4de,200
http://web/users/login.php,GET,"Cookie:PHPSESSID=ln650u8nlv3q8tu5t28nfj3qn7
Accept:text/html,application/xhtml+xml,application/xml;q=0.9,image/avif,image/webp,image/apng,*/*;q=0.8,application/signed-exchange;v=b3;q=0.9
User-Agent:Mozilla/5.0 (X11; Linux x86_64) AppleWebKit/537.36 (KHTML, like Gecko) Chrome/85.0.4183.102 Safari/537.36
Referer:http://web/pictures/recent.php
Upgrade-Insecure-Requests:1
",cf83e1357eefb8bdf1542850d66d8007d620e4050b5715dc83f4a921d36ce9ce47d0d13c5d85f2b0ff8318d2877eec2f63b931bd47417a81a538327af927da3e,"Keep-Alive:timeout=5, max=14
Server:Apache/2.4.7 (Ubuntu)
Connection:Keep-Alive
Pragma:no-cache
Date:Mon, 11 May 2026 22:55:28 GMT
Cache-Control:no-store, no-cache, must-revalidate, post-check=0, pre-check=0
Content-Encoding:gzip
Vary:Accept-Encoding
Expires:Thu, 19 Nov 1981 08:52:00 GMT
Content-Length:975
X-Powered-By:PHP/5.5.9-1ubuntu4.29
Content-Type:text/html
",8ad037946ac5ebdec1f1a40e5115eadf1641b64211b58416c0d1641f7bc38e31e9c502b2de65da26df2ff632691261f51f49becaf09525fdb579d393c31266f8,200
http://web/admin/index.php?page=login,GET,"Cookie:PHPSESSID=ln650u8nlv3q8tu5t28nfj3qn7
Accept:text/html,application/xhtml+xml,application/xml;q=0.9,image/avif,image/webp,image/apng,*/*;q=0.8,application/signed-exchange;v=b3;q=0.9
User-Agent:Mozilla/5.0 (X11; Linux x86_64) AppleWebKit/537.36 (KHTML, like Gecko) Chrome/85.0.4183.102 Safari/537.36
Referer:http://web/calendar.php?date=1778713114
Upgrade-Insecure-Requests:1
",cf83e1357eefb8bdf1542850d66d8007d620e4050b5715dc83f4a921d36ce9ce47d0d13c5d85f2b0ff8318d2877eec2f63b931bd47417a81a538327af927da3e,"Keep-Alive:timeout=5, max=64
Server:Apache/2.4.7 (Ubuntu)
Connection:Keep-Alive
Pragma:no-cache
Date:Mon, 11 May 2026 22:58:36 GMT
Cache-Control:no-store, no-cache, must-revalidate, post-check=0, pre-check=0
Content-Encoding:gzip
Vary:Accept-Encoding
Expires:Thu, 19 Nov 1981 08:52:00 GMT
Content-Length:217
X-Powered-By:PHP/5.5.9-1ubuntu4.29
Content-Type:text/html
",9cc652897395af5e3b3928aa4f1faac51d44f8782796a29c45d04a8fbbf475d700e79325f13b224e43bf8e2398f0268a7325838887f88aa7b46e43c6b075344f,200
http://web/calendar.php?date=1778626663,GET,"Cookie:PHPSESSID=ln650u8nlv3q8tu5t28nfj3qn7
Accept:text/html,application/xhtml+xml,application/xml;q=0.9,image/avif,image/webp,image/apng,*/*;q=0.8,application/signed-exchange;v=b3;q=0.9
User-Agent:Mozilla/5.0 (X11; Linux x86_64) AppleWebKit/537.36 (KHTML, like Gecko) Chrome/85.0.4183.102 Safari/537.36
Referer:http://web/calendar.php
Upgrade-Insecure-Requests:1
",cf83e1357eefb8bdf1542850d66d8007d620e4050b5715dc83f4a921d36ce9ce47d0d13c5d85f2b0ff8318d2877eec2f63b931bd47417a81a538327af927da3e,"Keep-Alive:timeout=5, max=37
Server:Apache/2.4.7 (Ubuntu)
Connection:Keep-Alive
Pragma:no-cache
Date:Mon, 11 May 2026 22:57:44 GMT
Cache-Control:no-store, no-cache, must-revalidate, post-check=0, pre-check=0
Content-Encoding:gzip
Vary:Accept-Encoding
Expires:Thu, 19 Nov 1981 08:52:00 GMT
Content-Length:945
X-Powered-By:PHP/5.5.9-1ubuntu4.29
Content-Type:text/html
",d1008b31dc462d20dcf7a55e5bd640c5aac87d8f0ec8ae08d27677ca39193de35dafc803bdfb22768ef64d940634ae2376f47b496959987621d6cc94ade751d1,200
http://web/calendar.php,GET,"Cookie:PHPSESSID=ln650u8nlv3q8tu5t28nfj3qn7
Accept:text/html,application/xhtml+xml,application/xml;q=0.9,image/avif,image/webp,image/apng,*/*;q=0.8,application/signed-exchange;v=b3;q=0.9
User-Agent:Mozilla/5.0 (X11; Linux x86_64) AppleWebKit/537.36 (KHTML, like Gecko) Chrome/85.0.4183.102 Safari/537.36
Referer:http://web/
Upgrade-Insecure-Requests:1
",cf83e1357eefb8bdf1542850d66d8007d620e4050b5715dc83f4a921d36ce9ce47d0d13c5d85f2b0ff8318d2877eec2f63b931bd47417a81a538327af927da3e,"Keep-Alive:timeout=5, max=25
Server:Apache/2.4.7 (Ubuntu)
Connection:Keep-Alive
Pragma:no-cache
Date:Mon, 11 May 2026 22:57:52 GMT
Cache-Control:no-store, no-cache, must-revalidate, post-check=0, pre-check=0
Content-Encoding:gzip
Vary:Accept-Encoding
Expires:Thu, 19 Nov 1981 08:52:00 GMT
Content-Length:943
X-Powered-By:PHP/5.5.9-1ubuntu4.29
Content-Type:text/html
",80644338910446c22673e714f04be72f76f45bd902219a5b6a6110b6ec0b8ba28d6f5b5f21368e41c7d22189144cc4841c570e947ae873293a0a3137d1ebaf7e,200
http://web/users/register.php,GET,"Cookie:PHPSESSID=ln650u8nlv3q8tu5t28nfj3qn7
Accept:text/html,application/xhtml+xml,application/xml;q=0.9,image/avif,image/webp,image/apng,*/*;q=0.8,application/signed-exchange;v=b3;q=0.9
User-Agent:Mozilla/5.0 (X11; Linux x86_64) AppleWebKit/537.36 (KHTML, like Gecko) Chrome/85.0.4183.102 Safari/537.36
Referer:http://web/
Upgrade-Insecure-Requests:1
",cf83e1357eefb8bdf1542850d66d8007d620e4050b5715dc83f4a921d36ce9ce47d0d13c5d85f2b0ff8318d2877eec2f63b931bd47417a81a538327af927da3e,"Keep-Alive:timeout=5, max=51
Server:Apache/2.4.7 (Ubuntu)
Connection:Keep-Alive
Pragma:no-cache
Date:Mon, 11 May 2026 22:56:19 GMT
Cache-Control:no-store, no-cache, must-revalidate, post-check=0, pre-check=0
Content-Encoding:gzip
Vary:Accept-Encoding
Expires:Thu, 19 Nov 1981 08:52:00 GMT
Content-Length:1100
X-Powered-By:PHP/5.5.9-1ubuntu4.29
Content-Type:text/html
",31b4176a5b517ceb065b4beaed08cb3143621baa20bea7702c27b34e6c57547149fe9eec5542329d88982e9a0fb290340a6571bcfe1f62c216c60ea659d55b8d,200
http://web/users/register.php,GET,"Cookie:PHPSESSID=ln650u8nlv3q8tu5t28nfj3qn7
Accept:text/html,application/xhtml+xml,application/xml;q=0.9,image/avif,image/webp,image/apng,*/*;q=0.8,application/signed-exchange;v=b3;q=0.9
User-Agent:Mozilla/5.0 (X11; Linux x86_64) AppleWebKit/537.36 (KHTML, like Gecko) Chrome/85.0.4183.102 Safari/537.36
Referer:http://web/
Upgrade-Insecure-Requests:1
",cf83e1357eefb8bdf1542850d66d8007d620e4050b5715dc83f4a921d36ce9ce47d0d13c5d85f2b0ff8318d2877eec2f63b931bd47417a81a538327af927da3e,"Keep-Alive:timeout=5, max=67
Server:Apache/2.4.7 (Ubuntu)
Connection:Keep-Alive
Pragma:no-cache
Date:Mon, 11 May 2026 22:57:21 GMT
Cache-Control:no-store, no-cache, must-revalidate, post-check=0, pre-check=0
Content-Encoding:gzip
Vary:Accept-Encoding
Expires:Thu, 19 Nov 1981 08:52:00 GMT
Content-Length:1099
X-Powered-By:PHP/5.5.9-1ubuntu4.29
Content-Type:text/html
",0640a3162c63ac64bffbf63e264462b0f8fd729534d4328c68319a581bb9159f4583da94b7ea5e1ea7af97ba1df1f65e5333870d05de66d821b2be7f8eb79620,200
http://web/pictures/upload.php,GET,"Cookie:PHPSESSID=ln650u8nlv3q8tu5t28nfj3qn7
Accept:text/html,application/xhtml+xml,application/xml;q=0.9,image/avif,image/webp,image/apng,*/*;q=0.8,application/signed-exchange;v=b3;q=0.9
User-Agent:Mozilla/5.0 (X11; Linux x86_64) AppleWebKit/537.36 (KHTML, like Gecko) Chrome/85.0.4183.102 Safari/537.36
Referer:http://web/users/login.php
Upgrade-Insecure-Requests:1
",cf83e1357eefb8bdf1542850d66d8007d620e4050b5715dc83f4a921d36ce9ce47d0d13c5d85f2b0ff8318d2877eec2f63b931bd47417a81a538327af927da3e,"Keep-Alive:timeout=5, max=88
Server:Apache/2.4.7 (Ubuntu)
Connection:Keep-Alive
Pragma:no-cache
Date:Mon, 11 May 2026 22:54:26 GMT
Cache-Control:no-store, no-cache, must-revalidate, post-check=0, pre-check=0
Expires:Thu, 19 Nov 1981 08:52:00 GMT
Content-Length:41
X-Powered-By:PHP/5.5.9-1ubuntu4.29
Location:/users/login.php
Content-Type:text/html
",cf83e1357eefb8bdf1542850d66d8007d620e4050b5715dc83f4a921d36ce9ce47d0d13c5d85f2b0ff8318d2877eec2f63b931bd47417a81a538327af927da3e,303
http://web/users/login.php,GET,"Cookie:PHPSESSID=ln650u8nlv3q8tu5t28nfj3qn7
Accept:text/html,application/xhtml+xml,application/xml;q=0.9,image/avif,image/webp,image/apng,*/*;q=0.8,application/signed-exchange;v=b3;q=0.9
User-Agent:Mozilla/5.0 (X11; Linux x86_64) AppleWebKit/537.36 (KHTML, like Gecko) Chrome/85.0.4183.102 Safari/537.36
Referer:http://web/tos.php
Upgrade-Insecure-Requests:1
",cf83e1357eefb8bdf1542850d66d8007d620e4050b5715dc83f4a921d36ce9ce47d0d13c5d85f2b0ff8318d2877eec2f63b931bd47417a81a538327af927da3e,"Keep-Alive:timeout=5, max=19
Server:Apache/2.4.7 (Ubuntu)
Connection:Keep-Alive
Pragma:no-cache
Date:Mon, 11 May 2026 22:56:43 GMT
Cache-Control:no-store, no-cache, must-revalidate, post-check=0, pre-check=0
Content-Encoding:gzip
Vary:Accept-Encoding
Expires:Thu, 19 Nov 1981 08:52:00 GMT
Content-Length:976
X-Powered-By:PHP/5.5.9-1ubuntu4.29
Content-Type:text/html
",4ed042abd2d43f478e16e32fe9d230a0ae81f1c6f569fdbb1a9a40a857a87733571272b53c81d74754f84a4d614380b7c7314ccd18b0e686b21fe89b7982fb57,200
http://web/css/blueprint/print.css,GET,"Cookie:PHPSESSID=ln650u8nlv3q8tu5t28nfj3qn7
Accept:text/css,*/*;q=0.1
User-Agent:Mozilla/5.0 (X11; Linux x86_64) AppleWebKit/537.36 (KHTML, like Gecko) Chrome/85.0.4183.102 Safari/537.36
Referer:http://web/
",cf83e1357eefb8bdf1542850d66d8007d620e4050b5715dc83f4a921d36ce9ce47d0d13c5d85f2b0ff8318d2877eec2f63b931bd47417a81a538327af927da3e,"Keep-Alive:timeout=5, max=100
Server:Apache/2.4.7 (Ubuntu)
Connection:Keep-Alive
Last-Modified:Thu, 02 Feb 2017 22:24:09 GMT
Date:Mon, 11 May 2026 22:54:16 GMT
Accept-Ranges:bytes
ETag:""52d-547939fb8b440-gzip""
Content-Encoding:gzip
Vary:Accept-Encoding
Content-Length:674
Content-Type:text/css
",382bc7f4ad396de8dacb65598554ab8e1fe76b268c9b97e377be5fe694d07688463ac138e683332f401b64a7a2e8418a2a9f7f9d96e548ee8581d228368f7524,200
http://web/pictures/recent.php,GET,"Cookie:PHPSESSID=ln650u8nlv3q8tu5t28nfj3qn7
Accept:text/html,application/xhtml+xml,application/xml;q=0.9,image/avif,image/webp,image/apng,*/*;q=0.8,application/signed-exchange;v=b3;q=0.9
User-Agent:Mozilla/5.0 (X11; Linux x86_64) AppleWebKit/537.36 (KHTML, like Gecko) Chrome/85.0.4183.102 Safari/537.36
Referer:http://web/
Upgrade-Insecure-Requests:1
",cf83e1357eefb8bdf1542850d66d8007d620e4050b5715dc83f4a921d36ce9ce47d0d13c5d85f2b0ff8318d2877eec2f63b931bd47417a81a538327af927da3e,"Keep-Alive:timeout=5, max=44
Server:Apache/2.4.7 (Ubuntu)
Connection:Keep-Alive
Pragma:no-cache
Date:Mon, 11 May 2026 22:55:10 GMT
Cache-Control:no-store, no-cache, must-revalidate, post-check=0, pre-check=0
Content-Encoding:gzip
Vary:Accept-Encoding
Expires:Thu, 19 Nov 1981 08:52:00 GMT
Content-Length:1087
X-Powered-By:PHP/5.5.9-1ubuntu4.29
Content-Type:text/html
",66762bae48f71710298a5357882acbe199ff66656c72c293b29b570561931eb16182f4074824d583cc075d45c3a5b4521c04e4add8b590f45d0477c5010ae9a3,200
http://web/,GET,"Cookie:PHPSESSID=ln650u8nlv3q8tu5t28nfj3qn7
Accept:text/html,application/xhtml+xml,application/xml;q=0.9,image/avif,image/webp,image/apng,*/*;q=0.8,application/signed-exchange;v=b3;q=0.9
User-Agent:Mozilla/5.0 (X11; Linux x86_64) AppleWebKit/537.36 (KHTML, like Gecko) Chrome/85.0.4183.102 Safari/537.36
Upgrade-Insecure-Requests:1
",cf83e1357eefb8bdf1542850d66d8007d620e4050b5715dc83f4a921d36ce9ce47d0d13c5d85f2b0ff8318d2877eec2f63b931bd47417a81a538327af927da3e,"Keep-Alive:timeout=5, max=25
Server:Apache/2.4.7 (Ubuntu)
Connection:Keep-Alive
Pragma:no-cache
Date:Mon, 11 May 2026 22:55:22 GMT
Cache-Control:no-store, no-cache, must-revalidate, post-check=0, pre-check=0
Content-Encoding:gzip
Vary:Accept-Encoding
Expires:Thu, 19 Nov 1981 08:52:00 GMT
Content-Length:1283
X-Powered-By:PHP/5.5.9-1ubuntu4.29
Content-Type:text/html
",eae387fa773819cb4c21448038caf9c84bbe96dd979af2c12b58d89acabc6afa9e2ca25021921ad25f8e0fa4541e14e1ab73418a15ef9866812427973bc1709c,200
http://web/tos.php,GET,"Cookie:PHPSESSID=ln650u8nlv3q8tu5t28nfj3qn7
Accept:text/html,application/xhtml+xml,application/xml;q=0.9,image/avif,image/webp,image/apng,*/*;q=0.8,application/signed-exchange;v=b3;q=0.9
User-Agent:Mozilla/5.0 (X11; Linux x86_64) AppleWebKit/537.36 (KHTML, like Gecko) Chrome/85.0.4183.102 Safari/537.36
Referer:http://web/users/login.php
Upgrade-Insecure-Requests:1
",cf83e1357eefb8bdf1542850d66d8007d620e4050b5715dc83f4a921d36ce9ce47d0d13c5d85f2b0ff8318d2877eec2f63b931bd47417a81a538327af927da3e,"Keep-Alive:timeout=5, max=62
Server:Apache/2.4.7 (Ubuntu)
Connection:Keep-Alive
Pragma:no-cache
Date:Mon, 11 May 2026 22:54:58 GMT
Cache-Control:no-store, no-cache, must-revalidate, post-check=0, pre-check=0
Content-Encoding:gzip
Vary:Accept-Encoding
Expires:Thu, 19 Nov 1981 08:52:00 GMT
Content-Length:10225
X-Powered-By:PHP/5.5.9-1ubuntu4.29
Content-Type:text/html
",d29fa3a8da0cf136be9e3f3c622719061904dec6ad0f97f39f99bcd19dd3091b61da1f5b13ce06f10d383d016a9f893d62616bbd7cd1a0cf52f9ce2717125803,200
http://web/guestbook.php,GET,"Cookie:PHPSESSID=ln650u8nlv3q8tu5t28nfj3qn7
Accept:text/html,application/xhtml+xml,application/xml;q=0.9,image/avif,image/webp,image/apng,*/*;q=0.8,application/signed-exchange;v=b3;q=0.9
User-Agent:Mozilla/5.0 (X11; Linux x86_64) AppleWebKit/537.36 (KHTML, like Gecko) Chrome/85.0.4183.102 Safari/537.36
Referer:http://web/calendar.php?date=1778713099
Upgrade-Insecure-Requests:1
",cf83e1357eefb8bdf1542850d66d8007d620e4050b5715dc83f4a921d36ce9ce47d0d13c5d85f2b0ff8318d2877eec2f63b931bd47417a81a538327af927da3e,"Keep-Alive:timeout=5, max=85
Server:Apache/2.4.7 (Ubuntu)
Connection:Keep-Alive
Pragma:no-cache
Date:Mon, 11 May 2026 22:58:21 GMT
Cache-Control:no-store, no-cache, must-revalidate, post-check=0, pre-check=0
Content-Encoding:gzip
Vary:Accept-Encoding
Expires:Thu, 19 Nov 1981 08:52:00 GMT
Content-Length:999
X-Powered-By:PHP/5.5.9-1ubuntu4.29
Content-Type:text/html
",6d87051576defac9b6ae2b0caaed4ac5cba61e77c1a025da2c5efaab6584111038cbd526ff91af4a589eb0aa660d140acf521c4b77a1821e60f701b886d7bad9,200
http://web/calendar.php?date=1778626685,GET,"Cookie:PHPSESSID=ln650u8nlv3q8tu5t28nfj3qn7
Accept:text/html,application/xhtml+xml,application/xml;q=0.9,image/avif,image/webp,image/apng,*/*;q=0.8,application/signed-exchange;v=b3;q=0.9
User-Agent:Mozilla/5.0 (X11; Linux x86_64) AppleWebKit/537.36 (KHTML, like Gecko) Chrome/85.0.4183.102 Safari/537.36
Referer:http://web/calendar.php
Upgrade-Insecure-Requests:1
",cf83e1357eefb8bdf1542850d66d8007d620e4050b5715dc83f4a921d36ce9ce47d0d13c5d85f2b0ff8318d2877eec2f63b931bd47417a81a538327af927da3e,"Keep-Alive:timeout=5, max=7
Server:Apache/2.4.7 (Ubuntu)
Connection:Keep-Alive
Pragma:no-cache
Date:Mon, 11 May 2026 22:58:06 GMT
Cache-Control:no-store, no-cache, must-revalidate, post-check=0, pre-check=0
Content-Encoding:gzip
Vary:Accept-Encoding
Expires:Thu, 19 Nov 1981 08:52:00 GMT
Content-Length:944
X-Powered-By:PHP/5.5.9-1ubuntu4.29
Content-Type:text/html
",5ff2b0135649cb102a4877888d9fb7bcd84a3bde898b1ea0ddb4dd2222eb74198bf1bf9b230bfcd9e011fd39e4f40c651218201c6b3b5d2cd5d0e73d1e84de52,200
http://web/,GET,"Cookie:PHPSESSID=ln650u8nlv3q8tu5t28nfj3qn7
Accept:text/html,application/xhtml+xml,application/xml;q=0.9,image/avif,image/webp,image/apng,*/*;q=0.8,application/signed-exchange;v=b3;q=0.9
User-Agent:Mozilla/5.0 (X11; Linux x86_64) AppleWebKit/537.36 (KHTML, like Gecko) Chrome/85.0.4183.102 Safari/537.36
Upgrade-Insecure-Requests:1
",cf83e1357eefb8bdf1542850d66d8007d620e4050b5715dc83f4a921d36ce9ce47d0d13c5d85f2b0ff8318d2877eec2f63b931bd47417a81a538327af927da3e,"Keep-Alive:timeout=5, max=39
Server:Apache/2.4.7 (Ubuntu)
Connection:Keep-Alive
Pragma:no-cache
Date:Mon, 11 May 2026 22:57:43 GMT
Cache-Control:no-store, no-cache, must-revalidate, post-check=0, pre-check=0
Content-Encoding:gzip
Vary:Accept-Encoding
Expires:Thu, 19 Nov 1981 08:52:00 GMT
Content-Length:1283
X-Powered-By:PHP/5.5.9-1ubuntu4.29
Content-Type:text/html
",7761a7b2ad3ef7ffeb11dcbaa2d451620e03315caf14f43bd42c4c54dcb09adcb3d81582c720337b10e7d21d51545552fbb709bd432429ce4bc9550872a2957c,200
http://web/upload/doggie/Dog.jpg.128_128.jpg,GET,"Cookie:PHPSESSID=ln650u8nlv3q8tu5t28nfj3qn7
Accept:image/avif,image/webp,image/apng,image/*,*/*;q=0.8
User-Agent:Mozilla/5.0 (X11; Linux x86_64) AppleWebKit/537.36 (KHTML, like Gecko) Chrome/85.0.4183.102 Safari/537.36
Referer:http://web/pictures/recent.php
",cf83e1357eefb8bdf1542850d66d8007d620e4050b5715dc83f4a921d36ce9ce47d0d13c5d85f2b0ff8318d2877eec2f63b931bd47417a81a538327af927da3e,"Server:Apache/2.4.7 (Ubuntu)
Last-Modified:Thu, 02 Feb 2017 22:24:09 GMT
Date:Mon, 11 May 2026 22:54:27 GMT
Accept-Ranges:bytes
ETag:""30b7-547939fb8b440""
Content-Length:12471
Content-Type:image/jpeg
",69d56f0425632e752413df2dedbeab35c78b04f88b4b5e0c3ff3c082644643ba0b4ecff40c05ff2c89177b1d27351cfad091a14195a74b8f1a0a38960c402f09,200
http://web/pictures/view.php?picid=7,GET,"Cookie:PHPSESSID=ln650u8nlv3q8tu5t28nfj3qn7
Accept:text/html,application/xhtml+xml,application/xml;q=0.9,image/avif,image/webp,image/apng,*/*;q=0.8,application/signed-exchange;v=b3;q=0.9
User-Agent:Mozilla/5.0 (X11; Linux x86_64) AppleWebKit/537.36 (KHTML, like Gecko) Chrome/85.0.4183.102 Safari/537.36
Referer:http://web/users/sample.php?userid=1
Upgrade-Insecure-Requests:1
",cf83e1357eefb8bdf1542850d66d8007d620e4050b5715dc83f4a921d36ce9ce47d0d13c5d85f2b0ff8318d2877eec2f63b931bd47417a81a538327af927da3e,"Keep-Alive:timeout=5, max=30
Server:Apache/2.4.7 (Ubuntu)
Connection:Keep-Alive
Pragma:no-cache
Date:Mon, 11 May 2026 22:56:35 GMT
Cache-Control:no-store, no-cache, must-revalidate, post-check=0, pre-check=0
Expires:Thu, 19 Nov 1981 08:52:00 GMT
Content-Length:41
X-Powered-By:PHP/5.5.9-1ubuntu4.29
Location:/users/login.php
Content-Type:text/html
",cf83e1357eefb8bdf1542850d66d8007d620e4050b5715dc83f4a921d36ce9ce47d0d13c5d85f2b0ff8318d2877eec2f63b931bd47417a81a538327af927da3e,303
http://web/upload/house/My_House.128_128.jpg,GET,"Cookie:PHPSESSID=ln650u8nlv3q8tu5t28nfj3qn7
Accept:image/avif,image/webp,image/apng,image/*,*/*;q=0.8
User-Agent:Mozilla/5.0 (X11; Linux x86_64) AppleWebKit/537.36 (KHTML, like Gecko) Chrome/85.0.4183.102 Safari/537.36
Referer:http://web/pictures/recent.php
",cf83e1357eefb8bdf1542850d66d8007d620e4050b5715dc83f4a921d36ce9ce47d0d13c5d85f2b0ff8318d2877eec2f63b931bd47417a81a538327af927da3e,"Keep-Alive:timeout=5, max=99
Server:Apache/2.4.7 (Ubuntu)
Connection:Keep-Alive
Last-Modified:Thu, 02 Feb 2017 22:24:09 GMT
Date:Mon, 11 May 2026 22:54:27 GMT
Accept-Ranges:bytes
ETag:""359b-547939fb8b440""
Content-Length:13723
Content-Type:image/jpeg
",8c4f3e706b9e8b7f56594f846de689869eda70bf37f962ef75d26f1490ef415896dc9f7a3a8e5b263ccc541d9cd895f8851a47300c6d8ce6b7def2d21eb2bcde,200
http://web/css/blueprint/print.css,GET,"Cookie:PHPSESSID=ln650u8nlv3q8tu5t28nfj3qn7
Accept:text/css,*/*;q=0.1
User-Agent:Mozilla/5.0 (X11; Linux x86_64) AppleWebKit/537.36 (KHTML, like Gecko) Chrome/85.0.4183.102 Safari/537.36
Referer:http://web/calendar.php
",cf83e1357eefb8bdf1542850d66d8007d620e4050b5715dc83f4a921d36ce9ce47d0d13c5d85f2b0ff8318d2877eec2f63b931bd47417a81a538327af927da3e,"Server:Apache/2.4.7 (Ubuntu)
Last-Modified:Thu, 02 Feb 2017 22:24:09 GMT
Date:Mon, 11 May 2026 22:54:16 GMT
Accept-Ranges:bytes
ETag:""52d-547939fb8b440-gzip""
Content-Encoding:gzip
Vary:Accept-Encoding
Content-Length:674
Content-Type:text/css
",382bc7f4ad396de8dacb65598554ab8e1fe76b268c9b97e377be5fe694d07688463ac138e683332f401b64a7a2e8418a2a9f7f9d96e548ee8581d228368f7524,200
http://web/tos.php,GET,"Cookie:PHPSESSID=ln650u8nlv3q8tu5t28nfj3qn7
Accept:text/html,application/xhtml+xml,application/xml;q=0.9,image/avif,image/webp,image/apng,*/*;q=0.8,application/signed-exchange;v=b3;q=0.9
User-Agent:Mozilla/5.0 (X11; Linux x86_64) AppleWebKit/537.36 (KHTML, like Gecko) Chrome/85.0.4183.102 Safari/537.36
Referer:http://web/
Upgrade-Insecure-Requests:1
",cf83e1357eefb8bdf1542850d66d8007d620e4050b5715dc83f4a921d36ce9ce47d0d13c5d85f2b0ff8318d2877eec2f63b931bd47417a81a538327af927da3e,"Keep-Alive:timeout=5, max=69
Server:Apache/2.4.7 (Ubuntu)
Connection:Keep-Alive
Pragma:no-cache
Date:Mon, 11 May 2026 22:54:53 GMT
Cache-Control:no-store, no-cache, must-revalidate, post-check=0, pre-check=0
Content-Encoding:gzip
Vary:Accept-Encoding
Expires:Thu, 19 Nov 1981 08:52:00 GMT
Content-Length:10228
X-Powered-By:PHP/5.5.9-1ubuntu4.29
Content-Type:text/html
",1b7950f4c6d80aba7cdc1d4a9aa7e57d4abd18c2edd651001b2afc775df182c8f59bcc52f8bf77f74c40e0fbca53ff1575d4af5db33ff79be2ca2c64a7685a51,200
http://web/pictures/recent.php,GET,"Cookie:PHPSESSID=ln650u8nlv3q8tu5t28nfj3qn7
Accept:text/html,application/xhtml+xml,application/xml;q=0.9,image/avif,image/webp,image/apng,*/*;q=0.8,application/signed-exchange;v=b3;q=0.9
User-Agent:Mozilla/5.0 (X11; Linux x86_64) AppleWebKit/537.36 (KHTML, like Gecko) Chrome/85.0.4183.102 Safari/537.36
Referer:http://web/guestbook.php
Upgrade-Insecure-Requests:1
",cf83e1357eefb8bdf1542850d66d8007d620e4050b5715dc83f4a921d36ce9ce47d0d13c5d85f2b0ff8318d2877eec2f63b931bd47417a81a538327af927da3e,"Keep-Alive:timeout=5, max=97
Server:Apache/2.4.7 (Ubuntu)
Connection:Keep-Alive
Pragma:no-cache
Date:Mon, 11 May 2026 22:55:41 GMT
Cache-Control:no-store, no-cache, must-revalidate, post-check=0, pre-check=0
Content-Encoding:gzip
Vary:Accept-Encoding
Expires:Thu, 19 Nov 1981 08:52:00 GMT
Content-Length:1087
X-Powered-By:PHP/5.5.9-1ubuntu4.29
Content-Type:text/html
",bd88f5b9b35acb3087a962812587e85b777c86b8718fd779282666466fe9722b611737c0bd34cae7e587e5dd50728d73c6c23ca746446c4c757138e14962c307,200
http://web/users/register.php,GET,"Cookie:PHPSESSID=ln650u8nlv3q8tu5t28nfj3qn7
Accept:text/html,application/xhtml+xml,application/xml;q=0.9,image/avif,image/webp,image/apng,*/*;q=0.8,application/signed-exchange;v=b3;q=0.9
User-Agent:Mozilla/5.0 (X11; Linux x86_64) AppleWebKit/537.36 (KHTML, like Gecko) Chrome/85.0.4183.102 Safari/537.36
Referer:http://web/
Upgrade-Insecure-Requests:1
",cf83e1357eefb8bdf1542850d66d8007d620e4050b5715dc83f4a921d36ce9ce47d0d13c5d85f2b0ff8318d2877eec2f63b931bd47417a81a538327af927da3e,"Keep-Alive:timeout=5, max=55
Server:Apache/2.4.7 (Ubuntu)
Connection:Keep-Alive
Pragma:no-cache
Date:Mon, 11 May 2026 22:57:31 GMT
Cache-Control:no-store, no-cache, must-revalidate, post-check=0, pre-check=0
Content-Encoding:gzip
Vary:Accept-Encoding
Expires:Thu, 19 Nov 1981 08:52:00 GMT
Content-Length:1100
X-Powered-By:PHP/5.5.9-1ubuntu4.29
Content-Type:text/html
",9e90da89c8ce27548fe63f90a943d2e927d6d15b236d55587d2f82c75448532156a1d6f3e82b7714cf0ca0b49ea15ea4f3ca946956f8aa1f05ec5379a137a83f,200
http://web/users/login.php,GET,"Cookie:PHPSESSID=ln650u8nlv3q8tu5t28nfj3qn7
Accept:text/html,application/xhtml+xml,application/xml;q=0.9,image/avif,image/webp,image/apng,*/*;q=0.8,application/signed-exchange;v=b3;q=0.9
User-Agent:Mozilla/5.0 (X11; Linux x86_64) AppleWebKit/537.36 (KHTML, like Gecko) Chrome/85.0.4183.102 Safari/537.36
Referer:http://web/pictures/recent.php
Upgrade-Insecure-Requests:1
",cf83e1357eefb8bdf1542850d66d8007d620e4050b5715dc83f4a921d36ce9ce47d0d13c5d85f2b0ff8318d2877eec2f63b931bd47417a81a538327af927da3e,"Keep-Alive:timeout=5, max=42
Server:Apache/2.4.7 (Ubuntu)
Connection:Keep-Alive
Pragma:no-cache
Date:Mon, 11 May 2026 22:55:11 GMT
Cache-Control:no-store, no-cache, must-revalidate, post-check=0, pre-check=0
Content-Encoding:gzip
Vary:Accept-Encoding
Expires:Thu, 19 Nov 1981 08:52:00 GMT
Content-Length:977
X-Powered-By:PHP/5.5.9-1ubuntu4.29
Content-Type:text/html
",66836b8d73b3e7cbf79fa172a9f925b2bbe15444c2c303e8286b6ae8063b9c1638254351bd0b0a50d4c04df4a9e7424dc719f968a50c9dc53e074f07db5ca5be,200
http://web/users/login.php,GET,"Cookie:PHPSESSID=ln650u8nlv3q8tu5t28nfj3qn7
Accept:text/html,application/xhtml+xml,application/xml;q=0.9,image/avif,image/webp,image/apng,*/*;q=0.8,application/signed-exchange;v=b3;q=0.9
User-Agent:Mozilla/5.0 (X11; Linux x86_64) AppleWebKit/537.36 (KHTML, like Gecko) Chrome/85.0.4183.102 Safari/537.36
Referer:http://web/pictures/recent.php
Upgrade-Insecure-Requests:1
",cf83e1357eefb8bdf1542850d66d8007d620e4050b5715dc83f4a921d36ce9ce47d0d13c5d85f2b0ff8318d2877eec2f63b931bd47417a81a538327af927da3e,"Keep-Alive:timeout=5, max=34
Server:Apache/2.4.7 (Ubuntu)
Connection:Keep-Alive
Pragma:no-cache
Date:Mon, 11 May 2026 22:55:16 GMT
Cache-Control:no-store, no-cache, must-revalidate, post-check=0, pre-check=0
Content-Encoding:gzip
Vary:Accept-Encoding
Expires:Thu, 19 Nov 1981 08:52:00 GMT
Content-Length:977
X-Powered-By:PHP/5.5.9-1ubuntu4.29
Content-Type:text/html
",d28410924c6b65228cf646ea28dfd5aec9e3af84fd0a532c7e4ce4212f4f3232333515b2028ebec150d2366f5c37e2da6f2866bf6d0cd33a4b120a44ca72b5b9,200
http://web/users/login.php,GET,"Cookie:PHPSESSID=ln650u8nlv3q8tu5t28nfj3qn7
Accept:text/html,application/xhtml+xml,application/xml;q=0.9,image/avif,image/webp,image/apng,*/*;q=0.8,application/signed-exchange;v=b3;q=0.9
User-Agent:Mozilla/5.0 (X11; Linux x86_64) AppleWebKit/537.36 (KHTML, like Gecko) Chrome/85.0.4183.102 Safari/537.36
Referer:http://web/pictures/recent.php
Upgrade-Insecure-Requests:1
",cf83e1357eefb8bdf1542850d66d8007d620e4050b5715dc83f4a921d36ce9ce47d0d13c5d85f2b0ff8318d2877eec2f63b931bd47417a81a538327af927da3e,"Keep-Alive:timeout=5, max=22
Server:Apache/2.4.7 (Ubuntu)
Connection:Keep-Alive
Pragma:no-cache
Date:Mon, 11 May 2026 22:55:23 GMT
Cache-Control:no-store, no-cache, must-revalidate, post-check=0, pre-check=0
Content-Encoding:gzip
Vary:Accept-Encoding
Expires:Thu, 19 Nov 1981 08:52:00 GMT
Content-Length:976
X-Powered-By:PHP/5.5.9-1ubuntu4.29
Content-Type:text/html
",caa07d53e3be77b0d8053eb6cfc426bf68bb245ef18f8bcfaa277512873e740a248c04a02d91ead043b4b4867599ccaaf3eebfa3b10b3006e87c548cc9bd7679,200
http://web/users/login.php,GET,"Cookie:PHPSESSID=ln650u8nlv3q8tu5t28nfj3qn7
Accept:text/html,application/xhtml+xml,application/xml;q=0.9,image/avif,image/webp,image/apng,*/*;q=0.8,application/signed-exchange;v=b3;q=0.9
User-Agent:Mozilla/5.0 (X11; Linux x86_64) AppleWebKit/537.36 (KHTML, like Gecko) Chrome/85.0.4183.102 Safari/537.36
Referer:http://web/users/register.php
Upgrade-Insecure-Requests:1
",cf83e1357eefb8bdf1542850d66d8007d620e4050b5715dc83f4a921d36ce9ce47d0d13c5d85f2b0ff8318d2877eec2f63b931bd47417a81a538327af927da3e,"Keep-Alive:timeout=5, max=76
Server:Apache/2.4.7 (Ubuntu)
Connection:Keep-Alive
Pragma:no-cache
Date:Mon, 11 May 2026 22:55:58 GMT
Cache-Control:no-store, no-cache, must-revalidate, post-check=0, pre-check=0
Content-Encoding:gzip
Vary:Accept-Encoding
Expires:Thu, 19 Nov 1981 08:52:00 GMT
Content-Length:977
X-Powered-By:PHP/5.5.9-1ubuntu4.29
Content-Type:text/html
",9e9a39ae18270f5bed59b07bd27094c3a62c3aca4a69a8669c944b3dfa510fbacf12f6984d13220863cb4ae43d7d8037ed85f6fb8c0b5b9d606d973bfc8c4fd7,200
http://web/calendar.php,GET,"Cookie:PHPSESSID=ln650u8nlv3q8tu5t28nfj3qn7
Accept:text/html,application/xhtml+xml,application/xml;q=0.9,image/avif,image/webp,image/apng,*/*;q=0.8,application/signed-exchange;v=b3;q=0.9
User-Agent:Mozilla/5.0 (X11; Linux x86_64) AppleWebKit/537.36 (KHTML, like Gecko) Chrome/85.0.4183.102 Safari/537.36
Referer:http://web/
Upgrade-Insecure-Requests:1
",cf83e1357eefb8bdf1542850d66d8007d620e4050b5715dc83f4a921d36ce9ce47d0d13c5d85f2b0ff8318d2877eec2f63b931bd47417a81a538327af927da3e,"Keep-Alive:timeout=5, max=50
Server:Apache/2.4.7 (Ubuntu)
Connection:Keep-Alive
Pragma:no-cache
Date:Mon, 11 May 2026 22:58:46 GMT
Cache-Control:no-store, no-cache, must-revalidate, post-check=0, pre-check=0
Content-Encoding:gzip
Vary:Accept-Encoding
Expires:Thu, 19 Nov 1981 08:52:00 GMT
Content-Length:943
X-Powered-By:PHP/5.5.9-1ubuntu4.29
Content-Type:text/html
",9287488ffc47ac3eae2eb73f2c15315368da8ff9398913e4051870c0836f903ff604fcdf1ba3c8b0549b7b694b9a414777be63525c3520a754c503bc76f29ebf,200
http://web/users/login.php,GET,"Cookie:PHPSESSID=ln650u8nlv3q8tu5t28nfj3qn7
Accept:text/html,application/xhtml+xml,application/xml;q=0.9,image/avif,image/webp,image/apng,*/*;q=0.8,application/signed-exchange;v=b3;q=0.9
User-Agent:Mozilla/5.0 (X11; Linux x86_64) AppleWebKit/537.36 (KHTML, like Gecko) Chrome/85.0.4183.102 Safari/537.36
Referer:http://web/guestbook.php
Upgrade-Insecure-Requests:1
",cf83e1357eefb8bdf1542850d66d8007d620e4050b5715dc83f4a921d36ce9ce47d0d13c5d85f2b0ff8318d2877eec2f63b931bd47417a81a538327af927da3e,"Keep-Alive:timeout=5, max=89
Server:Apache/2.4.7 (Ubuntu)
Connection:Keep-Alive
Pragma:no-cache
Date:Mon, 11 May 2026 22:54:35 GMT
Cache-Control:no-store, no-cache, must-revalidate, post-check=0, pre-check=0
Content-Encoding:gzip
Vary:Accept-Encoding
Expires:Thu, 19 Nov 1981 08:52:00 GMT
Content-Length:976
X-Powered-By:PHP/5.5.9-1ubuntu4.29
Content-Type:text/html
",e4386612705ff335387b8a20041cab22de5a2556e31f702e3a225cc36cce051b259b855ad0536e3fd04018653e1613402739a88707ce6a1fb81e5d1137d1514a,200
http://web/,GET,"Cookie:PHPSESSID=ln650u8nlv3q8tu5t28nfj3qn7
Accept:text/html,application/xhtml+xml,application/xml;q=0.9,image/avif,image/webp,image/apng,*/*;q=0.8,application/signed-exchange;v=b3;q=0.9
User-Agent:Mozilla/5.0 (X11; Linux x86_64) AppleWebKit/537.36 (KHTML, like Gecko) Chrome/85.0.4183.102 Safari/537.36
Upgrade-Insecure-Requests:1
",cf83e1357eefb8bdf1542850d66d8007d620e4050b5715dc83f4a921d36ce9ce47d0d13c5d85f2b0ff8318d2877eec2f63b931bd47417a81a538327af927da3e,"Keep-Alive:timeout=5, max=58
Server:Apache/2.4.7 (Ubuntu)
Connection:Keep-Alive
Pragma:no-cache
Date:Mon, 11 May 2026 22:55:00 GMT
Cache-Control:no-store, no-cache, must-revalidate, post-check=0, pre-check=0
Content-Encoding:gzip
Vary:Accept-Encoding
Expires:Thu, 19 Nov 1981 08:52:00 GMT
Content-Length:1283
X-Powered-By:PHP/5.5.9-1ubuntu4.29
Content-Type:text/html
",c4573304ac14dd93a6ef416c1edae2a4f8fe904c9669d228fa555f586e62eb6a609561f8e03edfbe14304e4dee4794f007fd4e673f4e0d025dbf9967caacb6a4,200
http://web/pictures/view.php?picid=11,GET,"Cookie:PHPSESSID=ln650u8nlv3q8tu5t28nfj3qn7
Accept:text/html,application/xhtml+xml,application/xml;q=0.9,image/avif,image/webp,image/apng,*/*;q=0.8,application/signed-exchange;v=b3;q=0.9
User-Agent:Mozilla/5.0 (X11; Linux x86_64) AppleWebKit/537.36 (KHTML, like Gecko) Chrome/85.0.4183.102 Safari/537.36
Referer:http://web/pictures/recent.php
Upgrade-Insecure-Requests:1
",cf83e1357eefb8bdf1542850d66d8007d620e4050b5715dc83f4a921d36ce9ce47d0d13c5d85f2b0ff8318d2877eec2f63b931bd47417a81a538327af927da3e,"Keep-Alive:timeout=5, max=27
Server:Apache/2.4.7 (Ubuntu)
Connection:Keep-Alive
Pragma:no-cache
Date:Mon, 11 May 2026 22:55:21 GMT
Cache-Control:no-store, no-cache, must-revalidate, post-check=0, pre-check=0
Expires:Thu, 19 Nov 1981 08:52:00 GMT
Content-Length:41
X-Powered-By:PHP/5.5.9-1ubuntu4.29
Location:/users/login.php
Content-Type:text/html
",cf83e1357eefb8bdf1542850d66d8007d620e4050b5715dc83f4a921d36ce9ce47d0d13c5d85f2b0ff8318d2877eec2f63b931bd47417a81a538327af927da3e,303
http://web/,GET,"Cookie:PHPSESSID=ln650u8nlv3q8tu5t28nfj3qn7
Accept:text/html,application/xhtml+xml,application/xml;q=0.9,image/avif,image/webp,image/apng,*/*;q=0.8,application/signed-exchange;v=b3;q=0.9
User-Agent:Mozilla/5.0 (X11; Linux x86_64) AppleWebKit/537.36 (KHTML, like Gecko) Chrome/85.0.4183.102 Safari/537.36
Upgrade-Insecure-Requests:1
",cf83e1357eefb8bdf1542850d66d8007d620e4050b5715dc83f4a921d36ce9ce47d0d13c5d85f2b0ff8318d2877eec2f63b931bd47417a81a538327af927da3e,"Keep-Alive:timeout=5, max=84
Server:Apache/2.4.7 (Ubuntu)
Connection:Keep-Alive
Pragma:no-cache
Date:Mon, 11 May 2026 22:58:22 GMT
Cache-Control:no-store, no-cache, must-revalidate, post-check=0, pre-check=0
Content-Encoding:gzip
Vary:Accept-Encoding
Expires:Thu, 19 Nov 1981 08:52:00 GMT
Content-Length:1283
X-Powered-By:PHP/5.5.9-1ubuntu4.29
Content-Type:text/html
",cdad933bbbff19ede5eaf3d93aa8d1eaf7fe9cdf8a9b13e77f4e21fe0d59771da2e7ec04b64c96f9ccd7575986367f9b0c38a7d9794f32f95e07a7037a8df6a2,200
http://web/calendar.php?date=1778799530,GET,"Cookie:PHPSESSID=ln650u8nlv3q8tu5t28nfj3qn7
Accept:text/html,application/xhtml+xml,application/xml;q=0.9,image/avif,image/webp,image/apng,*/*;q=0.8,application/signed-exchange;v=b3;q=0.9
User-Agent:Mozilla/5.0 (X11; Linux x86_64) AppleWebKit/537.36 (KHTML, like Gecko) Chrome/85.0.4183.102 Safari/537.36
Referer:http://web/calendar.php?date=1778713130
Upgrade-Insecure-Requests:1
",cf83e1357eefb8bdf1542850d66d8007d620e4050b5715dc83f4a921d36ce9ce47d0d13c5d85f2b0ff8318d2877eec2f63b931bd47417a81a538327af927da3e,"Keep-Alive:timeout=5, max=40
Server:Apache/2.4.7 (Ubuntu)
Connection:Keep-Alive
Pragma:no-cache
Date:Mon, 11 May 2026 22:58:52 GMT
Cache-Control:no-store, no-cache, must-revalidate, post-check=0, pre-check=0
Content-Encoding:gzip
Vary:Accept-Encoding
Expires:Thu, 19 Nov 1981 08:52:00 GMT
Content-Length:946
X-Powered-By:PHP/5.5.9-1ubuntu4.29
Content-Type:text/html
",053d3dfe9cedae0aecaef2475067e11d8fe5fd8842e15683b06c55279b83579678a9c3f7a6c9a51fe5d34d4468f204b9905495006e59f5dbf373aeddb4fa6979,200
http://web/users/login.php,GET,"Cookie:PHPSESSID=ln650u8nlv3q8tu5t28nfj3qn7
Accept:text/html,application/xhtml+xml,application/xml;q=0.9,image/avif,image/webp,image/apng,*/*;q=0.8,application/signed-exchange;v=b3;q=0.9
User-Agent:Mozilla/5.0 (X11; Linux x86_64) AppleWebKit/537.36 (KHTML, like Gecko) Chrome/85.0.4183.102 Safari/537.36
Referer:http://web/users/register.php
Upgrade-Insecure-Requests:1
",cf83e1357eefb8bdf1542850d66d8007d620e4050b5715dc83f4a921d36ce9ce47d0d13c5d85f2b0ff8318d2877eec2f63b931bd47417a81a538327af927da3e,"Keep-Alive:timeout=5, max=81
Server:Apache/2.4.7 (Ubuntu)
Connection:Keep-Alive
Pragma:no-cache
Date:Mon, 11 May 2026 22:54:42 GMT
Cache-Control:no-store, no-cache, must-revalidate, post-check=0, pre-check=0
Content-Encoding:gzip
Vary:Accept-Encoding
Expires:Thu, 19 Nov 1981 08:52:00 GMT
Content-Length:977
X-Powered-By:PHP/5.5.9-1ubuntu4.29
Content-Type:text/html
",c822eeeff5d0aa13ae379450d319ae757430fdccb999c0bb62b27820abf6e858ab63e065ed0998c4ac0e8d106d71081bc6eeb5a097a671b408b230cbe7ec1a5e,200
http://web/,GET,"Cookie:PHPSESSID=ln650u8nlv3q8tu5t28nfj3qn7
Accept:text/html,application/xhtml+xml,application/xml;q=0.9,image/avif,image/webp,image/apng,*/*;q=0.8,application/signed-exchange;v=b3;q=0.9
User-Agent:Mozilla/5.0 (X11; Linux x86_64) AppleWebKit/537.36 (KHTML, like Gecko) Chrome/85.0.4183.102 Safari/537.36
Upgrade-Insecure-Requests:1
",cf83e1357eefb8bdf1542850d66d8007d620e4050b5715dc83f4a921d36ce9ce47d0d13c5d85f2b0ff8318d2877eec2f63b931bd47417a81a538327af927da3e,"Keep-Alive:timeout=5, max=26
Server:Apache/2.4.7 (Ubuntu)
Connection:Keep-Alive
Pragma:no-cache
Date:Mon, 11 May 2026 22:59:02 GMT
Cache-Control:no-store, no-cache, must-revalidate, post-check=0, pre-check=0
Content-Encoding:gzip
Vary:Accept-Encoding
Expires:Thu, 19 Nov 1981 08:52:00 GMT
Content-Length:1284
X-Powered-By:PHP/5.5.9-1ubuntu4.29
Content-Type:text/html
",1855a80f7443f65c1f0647f81e58b7595611573b1f1f9f42039dd6e27e2ffc2abe5de6fbff003ff64fabda79bbbf8e453688cd29ef222b4b275a1b72a0908086,200
http://web/,GET,"Cookie:PHPSESSID=ln650u8nlv3q8tu5t28nfj3qn7
Accept:text/html,application/xhtml+xml,application/xml;q=0.9,image/avif,image/webp,image/apng,*/*;q=0.8,application/signed-exchange;v=b3;q=0.9
User-Agent:Mozilla/5.0 (X11; Linux x86_64) AppleWebKit/537.36 (KHTML, like Gecko) Chrome/85.0.4183.102 Safari/537.36
Referer:http://web/passcheck.php
Upgrade-Insecure-Requests:1
",cf83e1357eefb8bdf1542850d66d8007d620e4050b5715dc83f4a921d36ce9ce47d0d13c5d85f2b0ff8318d2877eec2f63b931bd47417a81a538327af927da3e,"Keep-Alive:timeout=5, max=57
Server:Apache/2.4.7 (Ubuntu)
Connection:Keep-Alive
Pragma:no-cache
Date:Mon, 11 May 2026 22:57:29 GMT
Cache-Control:no-store, no-cache, must-revalidate, post-check=0, pre-check=0
Content-Encoding:gzip
Vary:Accept-Encoding
Expires:Thu, 19 Nov 1981 08:52:00 GMT
Content-Length:1283
X-Powered-By:PHP/5.5.9-1ubuntu4.29
Content-Type:text/html
",632b09350346a7771f1702784c41e1a4b5091acd5c0d1b3660f0ad077d151903095ecc858a93fb38aa916bbfa9b031e51743bb42cc068ed07aaf4886b7ffe1a2,200
http://web/guestbook.php,GET,"Cookie:PHPSESSID=ln650u8nlv3q8tu5t28nfj3qn7
Accept:text/html,application/xhtml+xml,application/xml;q=0.9,image/avif,image/webp,image/apng,*/*;q=0.8,application/signed-exchange;v=b3;q=0.9
User-Agent:Mozilla/5.0 (X11; Linux x86_64) AppleWebKit/537.36 (KHTML, like Gecko) Chrome/85.0.4183.102 Safari/537.36
Referer:http://web/guestbook.php
Upgrade-Insecure-Requests:1
",cf83e1357eefb8bdf1542850d66d8007d620e4050b5715dc83f4a921d36ce9ce47d0d13c5d85f2b0ff8318d2877eec2f63b931bd47417a81a538327af927da3e,"Keep-Alive:timeout=5, max=94
Server:Apache/2.4.7 (Ubuntu)
Connection:Keep-Alive
Pragma:no-cache
Date:Mon, 11 May 2026 22:55:44 GMT
Cache-Control:no-store, no-cache, must-revalidate, post-check=0, pre-check=0
Content-Encoding:gzip
Vary:Accept-Encoding
Expires:Thu, 19 Nov 1981 08:52:00 GMT
Content-Length:999
X-Powered-By:PHP/5.5.9-1ubuntu4.29
Content-Type:text/html
",b2d9a8dd5c7ab500c8f16a19b877da0b28ee76e7746d69efa713ff96d6417e240fe88db5d3480eecb87b71c8923efb5b0aac0f6a6088c794b25bb3d75de814dd,200
http://web/,GET,"Cookie:PHPSESSID=ln650u8nlv3q8tu5t28nfj3qn7
Accept:text/html,application/xhtml+xml,application/xml;q=0.9,image/avif,image/webp,image/apng,*/*;q=0.8,application/signed-exchange;v=b3;q=0.9
User-Agent:Mozilla/5.0 (X11; Linux x86_64) AppleWebKit/537.36 (KHTML, like Gecko) Chrome/85.0.4183.102 Safari/537.36
Upgrade-Insecure-Requests:1
",cf83e1357eefb8bdf1542850d66d8007d620e4050b5715dc83f4a921d36ce9ce47d0d13c5d85f2b0ff8318d2877eec2f63b931bd47417a81a538327af927da3e,"Keep-Alive:timeout=5, max=45
Server:Apache/2.4.7 (Ubuntu)
Connection:Keep-Alive
Pragma:no-cache
Date:Mon, 11 May 2026 22:55:09 GMT
Cache-Control:no-store, no-cache, must-revalidate, post-check=0, pre-check=0
Content-Encoding:gzip
Vary:Accept-Encoding
Expires:Thu, 19 Nov 1981 08:52:00 GMT
Content-Length:1284
X-Powered-By:PHP/5.5.9-1ubuntu4.29
Content-Type:text/html
",a110bc19ad017b269d3a4de33a9f7f6d34ca2545f01baa35b59a70812bfaad6dcd3574cace0077d6c36324ce9b4fe0bc3602fc18a931bb2eb7d508f6648e6880,200
http://web/,GET,"Cookie:PHPSESSID=ln650u8nlv3q8tu5t28nfj3qn7
Accept:text/html,application/xhtml+xml,application/xml;q=0.9,image/avif,image/webp,image/apng,*/*;q=0.8,application/signed-exchange;v=b3;q=0.9
User-Agent:Mozilla/5.0 (X11; Linux x86_64) AppleWebKit/537.36 (KHTML, like Gecko) Chrome/85.0.4183.102 Safari/537.36
Upgrade-Insecure-Requests:1
",cf83e1357eefb8bdf1542850d66d8007d620e4050b5715dc83f4a921d36ce9ce47d0d13c5d85f2b0ff8318d2877eec2f63b931bd47417a81a538327af927da3e,"Keep-Alive:timeout=5, max=82
Server:Apache/2.4.7 (Ubuntu)
Connection:Keep-Alive
Pragma:no-cache
Date:Mon, 11 May 2026 22:57:11 GMT
Cache-Control:no-store, no-cache, must-revalidate, post-check=0, pre-check=0
Content-Encoding:gzip
Vary:Accept-Encoding
Expires:Thu, 19 Nov 1981 08:52:00 GMT
Content-Length:1284
X-Powered-By:PHP/5.5.9-1ubuntu4.29
Content-Type:text/html
",231d1e0b15aeff13313333aa145a64bb8da51ff7d6fc6cf95cefe67c8fe8c62e57dbcabada83160da80cab3e1f8679dcfe67b4cdf684a4df375c6ea20f89180f,200
http://web/users/sample.php?userid=1,GET,"Cookie:PHPSESSID=ln650u8nlv3q8tu5t28nfj3qn7
Accept:text/html,application/xhtml+xml,application/xml;q=0.9,image/avif,image/webp,image/apng,*/*;q=0.8,application/signed-exchange;v=b3;q=0.9
User-Agent:Mozilla/5.0 (X11; Linux x86_64) AppleWebKit/537.36 (KHTML, like Gecko) Chrome/85.0.4183.102 Safari/537.36
Referer:http://web/
Upgrade-Insecure-Requests:1
",cf83e1357eefb8bdf1542850d66d8007d620e4050b5715dc83f4a921d36ce9ce47d0d13c5d85f2b0ff8318d2877eec2f63b931bd47417a81a538327af927da3e,"Keep-Alive:timeout=5, max=34
Server:Apache/2.4.7 (Ubuntu)
Connection:Keep-Alive
Pragma:no-cache
Date:Mon, 11 May 2026 22:56:32 GMT
Cache-Control:no-store, no-cache, must-revalidate, post-check=0, pre-check=0
Content-Encoding:gzip
Vary:Accept-Encoding
Expires:Thu, 19 Nov 1981 08:52:00 GMT
Content-Length:981
X-Powered-By:PHP/5.5.9-1ubuntu4.29
Content-Type:text/html
",b1f3e934c9b6a8088b163c2b92ecec38f5dc220bc371bebfacc351f024c8a6909585872d4ba35b6f146e6b3262f6ae6e22f568db8007d1cbdeef31a366dc592b,200
http://web/pictures/view.php?picid=8,GET,"Cookie:PHPSESSID=ln650u8nlv3q8tu5t28nfj3qn7
Accept:text/html,application/xhtml+xml,application/xml;q=0.9,image/avif,image/webp,image/apng,*/*;q=0.8,application/signed-exchange;v=b3;q=0.9
User-Agent:Mozilla/5.0 (X11; Linux x86_64) AppleWebKit/537.36 (KHTML, like Gecko) Chrome/85.0.4183.102 Safari/537.36
Referer:http://web/pictures/recent.php
Upgrade-Insecure-Requests:1
",cf83e1357eefb8bdf1542850d66d8007d620e4050b5715dc83f4a921d36ce9ce47d0d13c5d85f2b0ff8318d2877eec2f63b931bd47417a81a538327af927da3e,"Keep-Alive:timeout=5, max=15
Server:Apache/2.4.7 (Ubuntu)
Connection:Keep-Alive
Pragma:no-cache
Date:Mon, 11 May 2026 22:55:28 GMT
Cache-Control:no-store, no-cache, must-revalidate, post-check=0, pre-check=0
Expires:Thu, 19 Nov 1981 08:52:00 GMT
Content-Length:41
X-Powered-By:PHP/5.5.9-1ubuntu4.29
Location:/users/login.php
Content-Type:text/html
",cf83e1357eefb8bdf1542850d66d8007d620e4050b5715dc83f4a921d36ce9ce47d0d13c5d85f2b0ff8318d2877eec2f63b931bd47417a81a538327af927da3e,303
http://web/users/login.php,GET,"Cookie:PHPSESSID=ln650u8nlv3q8tu5t28nfj3qn7
Accept:text/html,application/xhtml+xml,application/xml;q=0.9,image/avif,image/webp,image/apng,*/*;q=0.8,application/signed-exchange;v=b3;q=0.9
User-Agent:Mozilla/5.0 (X11; Linux x86_64) AppleWebKit/537.36 (KHTML, like Gecko) Chrome/85.0.4183.102 Safari/537.36
Referer:http://web/users/register.php
Upgrade-Insecure-Requests:1
",cf83e1357eefb8bdf1542850d66d8007d620e4050b5715dc83f4a921d36ce9ce47d0d13c5d85f2b0ff8318d2877eec2f63b931bd47417a81a538327af927da3e,"Keep-Alive:timeout=5, max=67
Server:Apache/2.4.7 (Ubuntu)
Connection:Keep-Alive
Pragma:no-cache
Date:Mon, 11 May 2026 22:56:06 GMT
Cache-Control:no-store, no-cache, must-revalidate, post-check=0, pre-check=0
Content-Encoding:gzip
Vary:Accept-Encoding
Expires:Thu, 19 Nov 1981 08:52:00 GMT
Content-Length:977
X-Powered-By:PHP/5.5.9-1ubuntu4.29
Content-Type:text/html
",4398daf1c8119f5c5b40d6ca610154166f4f0c81c6d6f904cbf40b1e6b24cdfb1e55c1e515ae45caa204b6f3b85d60ec52a38e96f87682899b585bba017b99f5,200
http://web/guestbook.php,GET,"Cookie:PHPSESSID=ln650u8nlv3q8tu5t28nfj3qn7
Accept:text/html,application/xhtml+xml,application/xml;q=0.9,image/avif,image/webp,image/apng,*/*;q=0.8,application/signed-exchange;v=b3;q=0.9
User-Agent:Mozilla/5.0 (X11; Linux x86_64) AppleWebKit/537.36 (KHTML, like Gecko) Chrome/85.0.4183.102 Safari/537.36
Referer:http://web/calendar.php?date=1778799534
Upgrade-Insecure-Requests:1
",cf83e1357eefb8bdf1542850d66d8007d620e4050b5715dc83f4a921d36ce9ce47d0d13c5d85f2b0ff8318d2877eec2f63b931bd47417a81a538327af927da3e,"Keep-Alive:timeout=5, max=33
Server:Apache/2.4.7 (Ubuntu)
Connection:Keep-Alive
Pragma:no-cache
Date:Mon, 11 May 2026 22:58:56 GMT
Cache-Control:no-store, no-cache, must-revalidate, post-check=0, pre-check=0
Content-Encoding:gzip
Vary:Accept-Encoding
Expires:Thu, 19 Nov 1981 08:52:00 GMT
Content-Length:998
X-Powered-By:PHP/5.5.9-1ubuntu4.29
Content-Type:text/html
",522f459f1fc0c4a78eb97d30822a41ad43140980547489286445065a9a29fa6a3cc59e67c9c841e45891cbb1d514c49103ee0efedb289101cf244f41d71d66f8,200
http://web/favicon.ico,GET,"Cookie:PHPSESSID=ln650u8nlv3q8tu5t28nfj3qn7
Accept:image/avif,image/webp,image/apng,image/*,*/*;q=0.8
User-Agent:Mozilla/5.0 (X11; Linux x86_64) AppleWebKit/537.36 (KHTML, like Gecko) Chrome/85.0.4183.102 Safari/537.36
Referer:http://web/
",cf83e1357eefb8bdf1542850d66d8007d620e4050b5715dc83f4a921d36ce9ce47d0d13c5d85f2b0ff8318d2877eec2f63b931bd47417a81a538327af927da3e,"Keep-Alive:timeout=5, max=98
Server:Apache/2.4.7 (Ubuntu)
Connection:Keep-Alive
Date:Mon, 11 May 2026 22:54:16 GMT
Content-Length:277
Content-Type:text/html; charset=iso-8859-1
",7cda8cf4cc94218cf444e131839ad94dc4c4fe0fa9124de62f58b4de30050c4523a5aa7427bf6f1c227a2f180045b7abaeb83f0fe4df11846cc2e684578ac6a7,404
http://web/admin/index.php?page=login,GET,"Cookie:PHPSESSID=ln650u8nlv3q8tu5t28nfj3qn7
Accept:text/html,application/xhtml+xml,application/xml;q=0.9,image/avif,image/webp,image/apng,*/*;q=0.8,application/signed-exchange;v=b3;q=0.9
User-Agent:Mozilla/5.0 (X11; Linux x86_64) AppleWebKit/537.36 (KHTML, like Gecko) Chrome/85.0.4183.102 Safari/537.36
Referer:http://web/users/login.php
Upgrade-Insecure-Requests:1
",cf83e1357eefb8bdf1542850d66d8007d620e4050b5715dc83f4a921d36ce9ce47d0d13c5d85f2b0ff8318d2877eec2f63b931bd47417a81a538327af927da3e,"Keep-Alive:timeout=5, max=80
Server:Apache/2.4.7 (Ubuntu)
Connection:Keep-Alive
Pragma:no-cache
Date:Mon, 11 May 2026 22:54:43 GMT
Cache-Control:no-store, no-cache, must-revalidate, post-check=0, pre-check=0
Content-Encoding:gzip
Vary:Accept-Encoding
Expires:Thu, 19 Nov 1981 08:52:00 GMT
Content-Length:216
X-Powered-By:PHP/5.5.9-1ubuntu4.29
Content-Type:text/html
",5aa3a123f2ac1be1ddfaeeb5c517c2ba752989ff9daeca3e923316bf85353661aad2cc933937c323462db0a9f1e0784b476fd1a8a3be921d5e1c2cd8702c759a,200
http://web/users/login.php,GET,"Cookie:PHPSESSID=ln650u8nlv3q8tu5t28nfj3qn7
Accept:text/html,application/xhtml+xml,application/xml;q=0.9,image/avif,image/webp,image/apng,*/*;q=0.8,application/signed-exchange;v=b3;q=0.9
User-Agent:Mozilla/5.0 (X11; Linux x86_64) AppleWebKit/537.36 (KHTML, like Gecko) Chrome/85.0.4183.102 Safari/537.36
Referer:http://web/
Upgrade-Insecure-Requests:1
",cf83e1357eefb8bdf1542850d66d8007d620e4050b5715dc83f4a921d36ce9ce47d0d13c5d85f2b0ff8318d2877eec2f63b931bd47417a81a538327af927da3e,"Keep-Alive:timeout=5, max=63
Server:Apache/2.4.7 (Ubuntu)
Connection:Keep-Alive
Pragma:no-cache
Date:Mon, 11 May 2026 22:54:57 GMT
Cache-Control:no-store, no-cache, must-revalidate, post-check=0, pre-check=0
Content-Encoding:gzip
Vary:Accept-Encoding
Expires:Thu, 19 Nov 1981 08:52:00 GMT
Content-Length:977
X-Powered-By:PHP/5.5.9-1ubuntu4.29
Content-Type:text/html
",00e73cda297e2a75927b3b8c461f9a4f71e56fb2e03e84531da472cf2350b10eb622e71bb74c2bda6fe9fbf07306d2996fc3a92d9d318b9ad52540f17cf5f0a3,200
http://web/calendar.php?date=1778626692,GET,"Cookie:PHPSESSID=ln650u8nlv3q8tu5t28nfj3qn7
Accept:text/html,application/xhtml+xml,application/xml;q=0.9,image/avif,image/webp,image/apng,*/*;q=0.8,application/signed-exchange;v=b3;q=0.9
User-Agent:Mozilla/5.0 (X11; Linux x86_64) AppleWebKit/537.36 (KHTML, like Gecko) Chrome/85.0.4183.102 Safari/537.36
Referer:http://web/calendar.php
Upgrade-Insecure-Requests:1
",cf83e1357eefb8bdf1542850d66d8007d620e4050b5715dc83f4a921d36ce9ce47d0d13c5d85f2b0ff8318d2877eec2f63b931bd47417a81a538327af927da3e,"Keep-Alive:timeout=5, max=98
Server:Apache/2.4.7 (Ubuntu)
Connection:Keep-Alive
Pragma:no-cache
Date:Mon, 11 May 2026 22:58:12 GMT
Cache-Control:no-store, no-cache, must-revalidate, post-check=0, pre-check=0
Content-Encoding:gzip
Vary:Accept-Encoding
Expires:Thu, 19 Nov 1981 08:52:00 GMT
Content-Length:945
X-Powered-By:PHP/5.5.9-1ubuntu4.29
Content-Type:text/html
",4006d1740ea89ba5ee8e7117c8e26d5b247d23752a3118ef1325d9b9a65e452d64c2b17bc762a2c063672f9c73e9ca02ec898ac32ffab8cd87bcbf7c81095521,200
http://web/calendar.php,GET,"Cookie:PHPSESSID=ln650u8nlv3q8tu5t28nfj3qn7
Accept:text/html,application/xhtml+xml,application/xml;q=0.9,image/avif,image/webp,image/apng,*/*;q=0.8,application/signed-exchange;v=b3;q=0.9
User-Agent:Mozilla/5.0 (X11; Linux x86_64) AppleWebKit/537.36 (KHTML, like Gecko) Chrome/85.0.4183.102 Safari/537.36
Referer:http://web/
Upgrade-Insecure-Requests:1
",cf83e1357eefb8bdf1542850d66d8007d620e4050b5715dc83f4a921d36ce9ce47d0d13c5d85f2b0ff8318d2877eec2f63b931bd47417a81a538327af927da3e,"Keep-Alive:timeout=5, max=99
Server:Apache/2.4.7 (Ubuntu)
Connection:Keep-Alive
Pragma:no-cache
Date:Mon, 11 May 2026 22:58:12 GMT
Cache-Control:no-store, no-cache, must-revalidate, post-check=0, pre-check=0
Content-Encoding:gzip
Vary:Accept-Encoding
Expires:Thu, 19 Nov 1981 08:52:00 GMT
Content-Length:943
X-Powered-By:PHP/5.5.9-1ubuntu4.29
Content-Type:text/html
",b52346a46a43d7bb98795727979dad8f9be5c04b6931073ce539c8eff2b36cec91bf586fcc0d8f84c1aceb44eda2ba3d850377b19061030aaf2bde8d5f043a8e,200
http://web/pictures/upload.php,GET,"Cookie:PHPSESSID=ln650u8nlv3q8tu5t28nfj3qn7
Accept:text/html,application/xhtml+xml,application/xml;q=0.9,image/avif,image/webp,image/apng,*/*;q=0.8,application/signed-exchange;v=b3;q=0.9
User-Agent:Mozilla/5.0 (X11; Linux x86_64) AppleWebKit/537.36 (KHTML, like Gecko) Chrome/85.0.4183.102 Safari/537.36
Referer:http://web/tos.php
Upgrade-Insecure-Requests:1
",cf83e1357eefb8bdf1542850d66d8007d620e4050b5715dc83f4a921d36ce9ce47d0d13c5d85f2b0ff8318d2877eec2f63b931bd47417a81a538327af927da3e,"Server:Apache/2.4.7 (Ubuntu)
Connection:close
Pragma:no-cache
Date:Mon, 11 May 2026 22:55:39 GMT
Cache-Control:no-store, no-cache, must-revalidate, post-check=0, pre-check=0
Expires:Thu, 19 Nov 1981 08:52:00 GMT
Content-Length:41
X-Powered-By:PHP/5.5.9-1ubuntu4.29
Location:/users/login.php
Content-Type:text/html
",cf83e1357eefb8bdf1542850d66d8007d620e4050b5715dc83f4a921d36ce9ce47d0d13c5d85f2b0ff8318d2877eec2f63b931bd47417a81a538327af927da3e,303
http://web/,GET,"Cookie:PHPSESSID=ln650u8nlv3q8tu5t28nfj3qn7
Accept:text/html,application/xhtml+xml,application/xml;q=0.9,image/avif,image/webp,image/apng,*/*;q=0.8,application/signed-exchange;v=b3;q=0.9
User-Agent:Mozilla/5.0 (X11; Linux x86_64) AppleWebKit/537.36 (KHTML, like Gecko) Chrome/85.0.4183.102 Safari/537.36
Upgrade-Insecure-Requests:1
",cf83e1357eefb8bdf1542850d66d8007d620e4050b5715dc83f4a921d36ce9ce47d0d13c5d85f2b0ff8318d2877eec2f63b931bd47417a81a538327af927da3e,"Keep-Alive:timeout=5, max=94
Server:Apache/2.4.7 (Ubuntu)
Connection:Keep-Alive
Pragma:no-cache
Date:Mon, 11 May 2026 22:58:14 GMT
Cache-Control:no-store, no-cache, must-revalidate, post-check=0, pre-check=0
Content-Encoding:gzip
Vary:Accept-Encoding
Expires:Thu, 19 Nov 1981 08:52:00 GMT
Content-Length:1284
X-Powered-By:PHP/5.5.9-1ubuntu4.29
Content-Type:text/html
",2dba33d87c94e2379dfc0b0d41751befc757226777a64d7f4db744d99683412785ee224433ef1042e845ae61444a6800ec0f4983b8b05a7ec4da6b7eaa467840,200
http://web/upload/waterfall/Waterfall.128_128.jpg,GET,"Cookie:PHPSESSID=ln650u8nlv3q8tu5t28nfj3qn7
Accept:image/avif,image/webp,image/apng,image/*,*/*;q=0.8
User-Agent:Mozilla/5.0 (X11; Linux x86_64) AppleWebKit/537.36 (KHTML, like Gecko) Chrome/85.0.4183.102 Safari/537.36
Referer:http://web/pictures/recent.php
",cf83e1357eefb8bdf1542850d66d8007d620e4050b5715dc83f4a921d36ce9ce47d0d13c5d85f2b0ff8318d2877eec2f63b931bd47417a81a538327af927da3e,"Keep-Alive:timeout=5, max=100
Server:Apache/2.4.7 (Ubuntu)
Connection:Keep-Alive
Last-Modified:Thu, 02 Feb 2017 22:24:09 GMT
Date:Mon, 11 May 2026 22:54:27 GMT
Accept-Ranges:bytes
ETag:""3950-547939fb8b440""
Content-Length:14672
Content-Type:image/jpeg
",b4cf82dbfa6dd1d66ab0e526149bcfb14444941e01c00d5afee0b0a79ee6168b00bc6969f9ad0fdf9b2b75a6ddf60da5fffbc01ffad4f107b0001c213260c858,200
http://web/users/login.php,GET,"Cookie:PHPSESSID=ln650u8nlv3q8tu5t28nfj3qn7
Accept:text/html,application/xhtml+xml,application/xml;q=0.9,image/avif,image/webp,image/apng,*/*;q=0.8,application/signed-exchange;v=b3;q=0.9
User-Agent:Mozilla/5.0 (X11; Linux x86_64) AppleWebKit/537.36 (KHTML, like Gecko) Chrome/85.0.4183.102 Safari/537.36
Referer:http://web/users/sample.php?userid=1
Upgrade-Insecure-Requests:1
",cf83e1357eefb8bdf1542850d66d8007d620e4050b5715dc83f4a921d36ce9ce47d0d13c5d85f2b0ff8318d2877eec2f63b931bd47417a81a538327af927da3e,"Keep-Alive:timeout=5, max=42
Server:Apache/2.4.7 (Ubuntu)
Connection:Keep-Alive
Pragma:no-cache
Date:Mon, 11 May 2026 22:56:25 GMT
Cache-Control:no-store, no-cache, must-revalidate, post-check=0, pre-check=0
Content-Encoding:gzip
Vary:Accept-Encoding
Expires:Thu, 19 Nov 1981 08:52:00 GMT
Content-Length:975
X-Powered-By:PHP/5.5.9-1ubuntu4.29
Content-Type:text/html
",855140274820b4dba9dc4c5f6e75d560405a3f19b47448fb6a7fa66e7139c2cdd708c21dd25a765f7a3e872bb540788d970ad02fc55230d72ee454c493dbe772,200
http://web/,GET,"Cookie:PHPSESSID=ln650u8nlv3q8tu5t28nfj3qn7
Accept:text/html,application/xhtml+xml,application/xml;q=0.9,image/avif,image/webp,image/apng,*/*;q=0.8,application/signed-exchange;v=b3;q=0.9
User-Agent:Mozilla/5.0 (X11; Linux x86_64) AppleWebKit/537.36 (KHTML, like Gecko) Chrome/85.0.4183.102 Safari/537.36
Upgrade-Insecure-Requests:1
",cf83e1357eefb8bdf1542850d66d8007d620e4050b5715dc83f4a921d36ce9ce47d0d13c5d85f2b0ff8318d2877eec2f63b931bd47417a81a538327af927da3e,"Keep-Alive:timeout=5, max=64
Server:Apache/2.4.7 (Ubuntu)
Connection:Keep-Alive
Pragma:no-cache
Date:Mon, 11 May 2026 22:57:24 GMT
Cache-Control:no-store, no-cache, must-revalidate, post-check=0, pre-check=0
Content-Encoding:gzip
Vary:Accept-Encoding
Expires:Thu, 19 Nov 1981 08:52:00 GMT
Content-Length:1282
X-Powered-By:PHP/5.5.9-1ubuntu4.29
Content-Type:text/html
",16bb8a5de4b84977f716b8d079e86be64fbc13224c39ccf2c3173290ee8b5df190c21333bac6bec67571fb08fec0aaec4130b79229cfea38d6131c01f4f8cddc,200
http://web/calendar.php?date=1778799548,GET,"Cookie:PHPSESSID=ln650u8nlv3q8tu5t28nfj3qn7
Accept:text/html,application/xhtml+xml,application/xml;q=0.9,image/avif,image/webp,image/apng,*/*;q=0.8,application/signed-exchange;v=b3;q=0.9
User-Agent:Mozilla/5.0 (X11; Linux x86_64) AppleWebKit/537.36 (KHTML, like Gecko) Chrome/85.0.4183.102 Safari/537.36
Referer:http://web/calendar.php?date=1778713148
Upgrade-Insecure-Requests:1
",cf83e1357eefb8bdf1542850d66d8007d620e4050b5715dc83f4a921d36ce9ce47d0d13c5d85f2b0ff8318d2877eec2f63b931bd47417a81a538327af927da3e,"Keep-Alive:timeout=5, max=15
Server:Apache/2.4.7 (Ubuntu)
Connection:Keep-Alive
Pragma:no-cache
Date:Mon, 11 May 2026 22:59:09 GMT
Cache-Control:no-store, no-cache, must-revalidate, post-check=0, pre-check=0
Content-Encoding:gzip
Vary:Accept-Encoding
Expires:Thu, 19 Nov 1981 08:52:00 GMT
Content-Length:945
X-Powered-By:PHP/5.5.9-1ubuntu4.29
Content-Type:text/html
",f3654394b54bfe7273c08cd620590e74be70eaaa6e548aa619697c02b419048cd2c555a69de1f2182de55b673cfede03fa225fa5352866978e6832164267a470,200
http://web/,GET,"Cookie:PHPSESSID=ln650u8nlv3q8tu5t28nfj3qn7
Accept:text/html,application/xhtml+xml,application/xml;q=0.9,image/avif,image/webp,image/apng,*/*;q=0.8,application/signed-exchange;v=b3;q=0.9
User-Agent:Mozilla/5.0 (X11; Linux x86_64) AppleWebKit/537.36 (KHTML, like Gecko) Chrome/85.0.4183.102 Safari/537.36
Upgrade-Insecure-Requests:1
",cf83e1357eefb8bdf1542850d66d8007d620e4050b5715dc83f4a921d36ce9ce47d0d13c5d85f2b0ff8318d2877eec2f63b931bd47417a81a538327af927da3e,"Keep-Alive:timeout=5, max=54
Server:Apache/2.4.7 (Ubuntu)
Connection:Keep-Alive
Pragma:no-cache
Date:Mon, 11 May 2026 22:55:03 GMT
Cache-Control:no-store, no-cache, must-revalidate, post-check=0, pre-check=0
Content-Encoding:gzip
Vary:Accept-Encoding
Expires:Thu, 19 Nov 1981 08:52:00 GMT
Content-Length:1284
X-Powered-By:PHP/5.5.9-1ubuntu4.29
Content-Type:text/html
",2ee34963db952b813a2af3eda9db9e1a13e3442be5fede9d2df95607757c572f2c4cef0190735209c03fc53f5fa65a2731a7563b1e41fb99eb5d40d68e5a7abd,200
http://web/,GET,"Cookie:PHPSESSID=ln650u8nlv3q8tu5t28nfj3qn7
Accept:text/html,application/xhtml+xml,application/xml;q=0.9,image/avif,image/webp,image/apng,*/*;q=0.8,application/signed-exchange;v=b3;q=0.9
User-Agent:Mozilla/5.0 (X11; Linux x86_64) AppleWebKit/537.36 (KHTML, like Gecko) Chrome/85.0.4183.102 Safari/537.36
Upgrade-Insecure-Requests:1
",cf83e1357eefb8bdf1542850d66d8007d620e4050b5715dc83f4a921d36ce9ce47d0d13c5d85f2b0ff8318d2877eec2f63b931bd47417a81a538327af927da3e,"Keep-Alive:timeout=5, max=37
Server:Apache/2.4.7 (Ubuntu)
Connection:Keep-Alive
Pragma:no-cache
Date:Mon, 11 May 2026 22:55:14 GMT
Cache-Control:no-store, no-cache, must-revalidate, post-check=0, pre-check=0
Content-Encoding:gzip
Vary:Accept-Encoding
Expires:Thu, 19 Nov 1981 08:52:00 GMT
Content-Length:1284
X-Powered-By:PHP/5.5.9-1ubuntu4.29
Content-Type:text/html
",445701a2331c601de62369c7a9757d1ffaa4caf0091aa8a26303bac78d60518e5256e39995a826b0fcc2efdf37186295fae41161d2bee1733b7a9baa06196156,200
http://web/calendar.php,GET,"Cookie:PHPSESSID=ln650u8nlv3q8tu5t28nfj3qn7
Accept:text/html,application/xhtml+xml,application/xml;q=0.9,image/avif,image/webp,image/apng,*/*;q=0.8,application/signed-exchange;v=b3;q=0.9
User-Agent:Mozilla/5.0 (X11; Linux x86_64) AppleWebKit/537.36 (KHTML, like Gecko) Chrome/85.0.4183.102 Safari/537.36
Referer:http://web/
Upgrade-Insecure-Requests:1
",cf83e1357eefb8bdf1542850d66d8007d620e4050b5715dc83f4a921d36ce9ce47d0d13c5d85f2b0ff8318d2877eec2f63b931bd47417a81a538327af927da3e,"Keep-Alive:timeout=5, max=37
Server:Apache/2.4.7 (Ubuntu)
Connection:Keep-Alive
Pragma:no-cache
Date:Mon, 11 May 2026 22:58:54 GMT
Cache-Control:no-store, no-cache, must-revalidate, post-check=0, pre-check=0
Content-Encoding:gzip
Vary:Accept-Encoding
Expires:Thu, 19 Nov 1981 08:52:00 GMT
Content-Length:944
X-Powered-By:PHP/5.5.9-1ubuntu4.29
Content-Type:text/html
",1df710001ab03a7a8ba44bac0f91d94a52c6062c6c624c7e68de70eb1d4ddf29e9305bdbe4aea1bcd4bd899f9fb80152b988f3a84ad9ba3b4840a560864cfd79,200
http://web/pictures/upload.php,GET,"Cookie:PHPSESSID=ln650u8nlv3q8tu5t28nfj3qn7
Accept:text/html,application/xhtml+xml,application/xml;q=0.9,image/avif,image/webp,image/apng,*/*;q=0.8,application/signed-exchange;v=b3;q=0.9
User-Agent:Mozilla/5.0 (X11; Linux x86_64) AppleWebKit/537.36 (KHTML, like Gecko) Chrome/85.0.4183.102 Safari/537.36
Referer:http://web/pictures/recent.php
Upgrade-Insecure-Requests:1
",cf83e1357eefb8bdf1542850d66d8007d620e4050b5715dc83f4a921d36ce9ce47d0d13c5d85f2b0ff8318d2877eec2f63b931bd47417a81a538327af927da3e,"Keep-Alive:timeout=5, max=56
Server:Apache/2.4.7 (Ubuntu)
Connection:Keep-Alive
Pragma:no-cache
Date:Mon, 11 May 2026 22:55:02 GMT
Cache-Control:no-store, no-cache, must-revalidate, post-check=0, pre-check=0
Expires:Thu, 19 Nov 1981 08:52:00 GMT
Content-Length:41
X-Powered-By:PHP/5.5.9-1ubuntu4.29
Location:/users/login.php
Content-Type:text/html
",cf83e1357eefb8bdf1542850d66d8007d620e4050b5715dc83f4a921d36ce9ce47d0d13c5d85f2b0ff8318d2877eec2f63b931bd47417a81a538327af927da3e,303
http://web/css/stylings.css,GET,"Cookie:PHPSESSID=ln650u8nlv3q8tu5t28nfj3qn7
Accept:text/css,*/*;q=0.1
User-Agent:Mozilla/5.0 (X11; Linux x86_64) AppleWebKit/537.36 (KHTML, like Gecko) Chrome/85.0.4183.102 Safari/537.36
Referer:http://web/users/sample.php?userid=1
",cf83e1357eefb8bdf1542850d66d8007d620e4050b5715dc83f4a921d36ce9ce47d0d13c5d85f2b0ff8318d2877eec2f63b931bd47417a81a538327af927da3e,"Server:Apache/2.4.7 (Ubuntu)
Last-Modified:Thu, 02 Feb 2017 22:24:09 GMT
Date:Mon, 11 May 2026 22:54:16 GMT
Accept-Ranges:bytes
ETag:""c29-547939fb8b440-gzip""
Content-Encoding:gzip
Vary:Accept-Encoding
Content-Length:838
Content-Type:text/css
",e6142d743628221ad60b6d12a0b444a077ed8ede2504b511ffffde908ffe459f09875b3901f9a63ec228906521c445248f9277e14f591205808d8dfc200df823,200
http://web/users/login.php,GET,"Cookie:PHPSESSID=ln650u8nlv3q8tu5t28nfj3qn7
Accept:text/html,application/xhtml+xml,application/xml;q=0.9,image/avif,image/webp,image/apng,*/*;q=0.8,application/signed-exchange;v=b3;q=0.9
User-Agent:Mozilla/5.0 (X11; Linux x86_64) AppleWebKit/537.36 (KHTML, like Gecko) Chrome/85.0.4183.102 Safari/537.36
Referer:http://web/tos.php
Upgrade-Insecure-Requests:1
",cf83e1357eefb8bdf1542850d66d8007d620e4050b5715dc83f4a921d36ce9ce47d0d13c5d85f2b0ff8318d2877eec2f63b931bd47417a81a538327af927da3e,"Keep-Alive:timeout=5, max=100
Server:Apache/2.4.7 (Ubuntu)
Connection:Keep-Alive
Pragma:no-cache
Date:Mon, 11 May 2026 22:55:39 GMT
Cache-Control:no-store, no-cache, must-revalidate, post-check=0, pre-check=0
Content-Encoding:gzip
Vary:Accept-Encoding
Expires:Thu, 19 Nov 1981 08:52:00 GMT
Content-Length:977
X-Powered-By:PHP/5.5.9-1ubuntu4.29
Content-Type:text/html
",42b857d487bdd85b55b3154e7f17fcf0662232e104c0d055a7aa523874385388a0342139f5f2b432aadc8ec0e8aaa30853fa02e45821269f16b6c17d8f21dfdf,200
http://web/calendar.php?date=1778713130,GET,"Cookie:PHPSESSID=ln650u8nlv3q8tu5t28nfj3qn7
Accept:text/html,application/xhtml+xml,application/xml;q=0.9,image/avif,image/webp,image/apng,*/*;q=0.8,application/signed-exchange;v=b3;q=0.9
User-Agent:Mozilla/5.0 (X11; Linux x86_64) AppleWebKit/537.36 (KHTML, like Gecko) Chrome/85.0.4183.102 Safari/537.36
Referer:http://web/calendar.php?date=1778626730
Upgrade-Insecure-Requests:1
",cf83e1357eefb8bdf1542850d66d8007d620e4050b5715dc83f4a921d36ce9ce47d0d13c5d85f2b0ff8318d2877eec2f63b931bd47417a81a538327af927da3e,"Keep-Alive:timeout=5, max=41
Server:Apache/2.4.7 (Ubuntu)
Connection:Keep-Alive
Pragma:no-cache
Date:Mon, 11 May 2026 22:58:51 GMT
Cache-Control:no-store, no-cache, must-revalidate, post-check=0, pre-check=0
Content-Encoding:gzip
Vary:Accept-Encoding
Expires:Thu, 19 Nov 1981 08:52:00 GMT
Content-Length:944
X-Powered-By:PHP/5.5.9-1ubuntu4.29
Content-Type:text/html
",bdc92639405c68d536e0bbe0cdfa27299f58ab9d578ed71f6487955e8f9f4bb2ff5144fde95045465398e597dd7f05f71b61bebd574fb97d61d52fe8d329a20d,200
http://web/calendar.php,GET,"Cookie:PHPSESSID=ln650u8nlv3q8tu5t28nfj3qn7
Accept:text/html,application/xhtml+xml,application/xml;q=0.9,image/avif,image/webp,image/apng,*/*;q=0.8,application/signed-exchange;v=b3;q=0.9
User-Agent:Mozilla/5.0 (X11; Linux x86_64) AppleWebKit/537.36 (KHTML, like Gecko) Chrome/85.0.4183.102 Safari/537.36
Referer:http://web/
Upgrade-Insecure-Requests:1
",cf83e1357eefb8bdf1542850d66d8007d620e4050b5715dc83f4a921d36ce9ce47d0d13c5d85f2b0ff8318d2877eec2f63b931bd47417a81a538327af927da3e,"Keep-Alive:timeout=5, max=17
Server:Apache/2.4.7 (Ubuntu)
Connection:Keep-Alive
Pragma:no-cache
Date:Mon, 11 May 2026 22:56:44 GMT
Cache-Control:no-store, no-cache, must-revalidate, post-check=0, pre-check=0
Content-Encoding:gzip
Vary:Accept-Encoding
Expires:Thu, 19 Nov 1981 08:52:00 GMT
Content-Length:943
X-Powered-By:PHP/5.5.9-1ubuntu4.29
Content-Type:text/html
",9e0e1e1dbe8d852fb27a474a5b6962d8336e9b4ad4e198f734c12dac8d02e1b4f7e664ee06477faa2651dfce9a2990bb68332ef7010723e0ad40962afa0223cf,200
http://web/,GET,"Cookie:PHPSESSID=ln650u8nlv3q8tu5t28nfj3qn7
Accept:text/html,application/xhtml+xml,application/xml;q=0.9,image/avif,image/webp,image/apng,*/*;q=0.8,application/signed-exchange;v=b3;q=0.9
User-Agent:Mozilla/5.0 (X11; Linux x86_64) AppleWebKit/537.36 (KHTML, like Gecko) Chrome/85.0.4183.102 Safari/537.36
Upgrade-Insecure-Requests:1
",cf83e1357eefb8bdf1542850d66d8007d620e4050b5715dc83f4a921d36ce9ce47d0d13c5d85f2b0ff8318d2877eec2f63b931bd47417a81a538327af927da3e,"Keep-Alive:timeout=5, max=30
Server:Apache/2.4.7 (Ubuntu)
Connection:Keep-Alive
Pragma:no-cache
Date:Mon, 11 May 2026 22:57:48 GMT
Cache-Control:no-store, no-cache, must-revalidate, post-check=0, pre-check=0
Content-Encoding:gzip
Vary:Accept-Encoding
Expires:Thu, 19 Nov 1981 08:52:00 GMT
Content-Length:1282
X-Powered-By:PHP/5.5.9-1ubuntu4.29
Content-Type:text/html
",f807a75bea3096029a5b21ba73ca43bf5c55832ed44880b089cd18516023028c696aeebd91363ee7682a64268cfa404b69c977f85ba22f48e1b133ed74996180,200
http://web/,GET,"Cookie:PHPSESSID=ln650u8nlv3q8tu5t28nfj3qn7
Accept:text/html,application/xhtml+xml,application/xml;q=0.9,image/avif,image/webp,image/apng,*/*;q=0.8,application/signed-exchange;v=b3;q=0.9
User-Agent:Mozilla/5.0 (X11; Linux x86_64) AppleWebKit/537.36 (KHTML, like Gecko) Chrome/85.0.4183.102 Safari/537.36
Referer:http://web/pictures/recent.php
Upgrade-Insecure-Requests:1
",cf83e1357eefb8bdf1542850d66d8007d620e4050b5715dc83f4a921d36ce9ce47d0d13c5d85f2b0ff8318d2877eec2f63b931bd47417a81a538327af927da3e,"Keep-Alive:timeout=5, max=7
Server:Apache/2.4.7 (Ubuntu)
Connection:Keep-Alive
Pragma:no-cache
Date:Mon, 11 May 2026 22:55:33 GMT
Cache-Control:no-store, no-cache, must-revalidate, post-check=0, pre-check=0
Content-Encoding:gzip
Vary:Accept-Encoding
Expires:Thu, 19 Nov 1981 08:52:00 GMT
Content-Length:1285
X-Powered-By:PHP/5.5.9-1ubuntu4.29
Content-Type:text/html
",6da2e74e059fed15ac2fe9ffcf52da3fa3191cdb90caf5238004cbcb8756d688d926b543a3f0c608d861764b57a07f1420508bc43c89eb950cce5bc914ba491f,200
http://web/,GET,"Cookie:PHPSESSID=ln650u8nlv3q8tu5t28nfj3qn7
Accept:text/html,application/xhtml+xml,application/xml;q=0.9,image/avif,image/webp,image/apng,*/*;q=0.8,application/signed-exchange;v=b3;q=0.9
User-Agent:Mozilla/5.0 (X11; Linux x86_64) AppleWebKit/537.36 (KHTML, like Gecko) Chrome/85.0.4183.102 Safari/537.36
Referer:http://web/guestbook.php
Upgrade-Insecure-Requests:1
",cf83e1357eefb8bdf1542850d66d8007d620e4050b5715dc83f4a921d36ce9ce47d0d13c5d85f2b0ff8318d2877eec2f63b931bd47417a81a538327af927da3e,"Keep-Alive:timeout=5, max=90
Server:Apache/2.4.7 (Ubuntu)
Connection:Keep-Alive
Pragma:no-cache
Date:Mon, 11 May 2026 22:55:47 GMT
Cache-Control:no-store, no-cache, must-revalidate, post-check=0, pre-check=0
Content-Encoding:gzip
Vary:Accept-Encoding
Expires:Thu, 19 Nov 1981 08:52:00 GMT
Content-Length:1284
X-Powered-By:PHP/5.5.9-1ubuntu4.29
Content-Type:text/html
",60fb836eb3cd2f4ba07dda06912c3a31f0335e505a2937dda15b5bd19798d8aa9b5aaed79d203bb872a72aab29fb58f6acc23ddc6d86bf06b6b04c9a0a04541d,200
http://web/users/login.php,GET,"Cookie:PHPSESSID=ln650u8nlv3q8tu5t28nfj3qn7
Accept:text/html,application/xhtml+xml,application/xml;q=0.9,image/avif,image/webp,image/apng,*/*;q=0.8,application/signed-exchange;v=b3;q=0.9
User-Agent:Mozilla/5.0 (X11; Linux x86_64) AppleWebKit/537.36 (KHTML, like Gecko) Chrome/85.0.4183.102 Safari/537.36
Referer:http://web/calendar.php?date=1778626663
Upgrade-Insecure-Requests:1
",cf83e1357eefb8bdf1542850d66d8007d620e4050b5715dc83f4a921d36ce9ce47d0d13c5d85f2b0ff8318d2877eec2f63b931bd47417a81a538327af927da3e,"Keep-Alive:timeout=5, max=35
Server:Apache/2.4.7 (Ubuntu)
Connection:Keep-Alive
Pragma:no-cache
Date:Mon, 11 May 2026 22:57:45 GMT
Cache-Control:no-store, no-cache, must-revalidate, post-check=0, pre-check=0
Content-Encoding:gzip
Vary:Accept-Encoding
Expires:Thu, 19 Nov 1981 08:52:00 GMT
Content-Length:975
X-Powered-By:PHP/5.5.9-1ubuntu4.29
Content-Type:text/html
",36a6c26a80775317ada9f955c727f23f8cb79dd1e9c784a990c13b49866bc18cc0201a87a5650e7c02cefc59ad1d49159d78559824e566f12fe6bb4ea3d8e2dc,200
http://web/users/login.php,GET,"Cookie:PHPSESSID=ln650u8nlv3q8tu5t28nfj3qn7
Accept:text/html,application/xhtml+xml,application/xml;q=0.9,image/avif,image/webp,image/apng,*/*;q=0.8,application/signed-exchange;v=b3;q=0.9
User-Agent:Mozilla/5.0 (X11; Linux x86_64) AppleWebKit/537.36 (KHTML, like Gecko) Chrome/85.0.4183.102 Safari/537.36
Referer:http://web/calendar.php
Upgrade-Insecure-Requests:1
",cf83e1357eefb8bdf1542850d66d8007d620e4050b5715dc83f4a921d36ce9ce47d0d13c5d85f2b0ff8318d2877eec2f63b931bd47417a81a538327af927da3e,"Keep-Alive:timeout=5, max=2
Server:Apache/2.4.7 (Ubuntu)
Connection:Keep-Alive
Pragma:no-cache
Date:Mon, 11 May 2026 22:56:54 GMT
Cache-Control:no-store, no-cache, must-revalidate, post-check=0, pre-check=0
Content-Encoding:gzip
Vary:Accept-Encoding
Expires:Thu, 19 Nov 1981 08:52:00 GMT
Content-Length:976
X-Powered-By:PHP/5.5.9-1ubuntu4.29
Content-Type:text/html
",f61ed1b00254f0e11b2f4cd1ea389399bec797065368ccdc8d56c8ce46316ef8ae4651adc925e368d51d6428ac033c4121ae1a5cd6e54889b1855b68a256f934,200
http://web/calendar.php,GET,"Cookie:PHPSESSID=ln650u8nlv3q8tu5t28nfj3qn7
Accept:text/html,application/xhtml+xml,application/xml;q=0.9,image/avif,image/webp,image/apng,*/*;q=0.8,application/signed-exchange;v=b3;q=0.9
User-Agent:Mozilla/5.0 (X11; Linux x86_64) AppleWebKit/537.36 (KHTML, like Gecko) Chrome/85.0.4183.102 Safari/537.36
Referer:http://web/
Upgrade-Insecure-Requests:1
",cf83e1357eefb8bdf1542850d66d8007d620e4050b5715dc83f4a921d36ce9ce47d0d13c5d85f2b0ff8318d2877eec2f63b931bd47417a81a538327af927da3e,"Server:Apache/2.4.7 (Ubuntu)
Connection:close
Pragma:no-cache
Date:Mon, 11 May 2026 22:56:56 GMT
Cache-Control:no-store, no-cache, must-revalidate, post-check=0, pre-check=0
Content-Encoding:gzip
Vary:Accept-Encoding
Expires:Thu, 19 Nov 1981 08:52:00 GMT
Content-Length:943
X-Powered-By:PHP/5.5.9-1ubuntu4.29
Content-Type:text/html
",326251d71f9ef7a1c2cbb7e2552398803cdae463d2cb4de34fa9f4f817dbd232ba4a2dfe206a2b55637fb5b381cafa16059a18db76fc66b4a886df8ef2bbc747,200
http://web/,GET,"Cookie:PHPSESSID=ln650u8nlv3q8tu5t28nfj3qn7
Accept:text/html,application/xhtml+xml,application/xml;q=0.9,image/avif,image/webp,image/apng,*/*;q=0.8,application/signed-exchange;v=b3;q=0.9
User-Agent:Mozilla/5.0 (X11; Linux x86_64) AppleWebKit/537.36 (KHTML, like Gecko) Chrome/85.0.4183.102 Safari/537.36
Upgrade-Insecure-Requests:1
",cf83e1357eefb8bdf1542850d66d8007d620e4050b5715dc83f4a921d36ce9ce47d0d13c5d85f2b0ff8318d2877eec2f63b931bd47417a81a538327af927da3e,"Keep-Alive:timeout=5, max=3
Server:Apache/2.4.7 (Ubuntu)
Connection:Keep-Alive
Pragma:no-cache
Date:Mon, 11 May 2026 22:55:36 GMT
Cache-Control:no-store, no-cache, must-revalidate, post-check=0, pre-check=0
Content-Encoding:gzip
Vary:Accept-Encoding
Expires:Thu, 19 Nov 1981 08:52:00 GMT
Content-Length:1284
X-Powered-By:PHP/5.5.9-1ubuntu4.29
Content-Type:text/html
",54226fff601c0a2ba4dd1f23fe3c61a31f9fe92a60356e024bb82e4451a710f9db1084b6abe527e4dd99bd0f0cf4f4c9f71b1a70babc68988431c45b3a1c53c6,200
http://web/pictures/recent.php,GET,"Cookie:PHPSESSID=ln650u8nlv3q8tu5t28nfj3qn7
Accept:text/html,application/xhtml+xml,application/xml;q=0.9,image/avif,image/webp,image/apng,*/*;q=0.8,application/signed-exchange;v=b3;q=0.9
User-Agent:Mozilla/5.0 (X11; Linux x86_64) AppleWebKit/537.36 (KHTML, like Gecko) Chrome/85.0.4183.102 Safari/537.36
Referer:http://web/pictures/recent.php
Upgrade-Insecure-Requests:1
",cf83e1357eefb8bdf1542850d66d8007d620e4050b5715dc83f4a921d36ce9ce47d0d13c5d85f2b0ff8318d2877eec2f63b931bd47417a81a538327af927da3e,"Keep-Alive:timeout=5, max=52
Server:Apache/2.4.7 (Ubuntu)
Connection:Keep-Alive
Pragma:no-cache
Date:Mon, 11 May 2026 22:55:04 GMT
Cache-Control:no-store, no-cache, must-revalidate, post-check=0, pre-check=0
Content-Encoding:gzip
Vary:Accept-Encoding
Expires:Thu, 19 Nov 1981 08:52:00 GMT
Content-Length:1088
X-Powered-By:PHP/5.5.9-1ubuntu4.29
Content-Type:text/html
",b4ead5c6b98c681201fe14dd542910981aa9e089d8da45153a52d9f3250a72561472d546118a03e639890825d2218cceecea6968129cf34c620cffe9b53d6cc3,200
http://web/,GET,"Cookie:PHPSESSID=ln650u8nlv3q8tu5t28nfj3qn7
Accept:text/html,application/xhtml+xml,application/xml;q=0.9,image/avif,image/webp,image/apng,*/*;q=0.8,application/signed-exchange;v=b3;q=0.9
User-Agent:Mozilla/5.0 (X11; Linux x86_64) AppleWebKit/537.36 (KHTML, like Gecko) Chrome/85.0.4183.102 Safari/537.36
Upgrade-Insecure-Requests:1
",cf83e1357eefb8bdf1542850d66d8007d620e4050b5715dc83f4a921d36ce9ce47d0d13c5d85f2b0ff8318d2877eec2f63b931bd47417a81a538327af927da3e,"Keep-Alive:timeout=5, max=72
Server:Apache/2.4.7 (Ubuntu)
Connection:Keep-Alive
Pragma:no-cache
Date:Mon, 11 May 2026 22:57:17 GMT
Cache-Control:no-store, no-cache, must-revalidate, post-check=0, pre-check=0
Content-Encoding:gzip
Vary:Accept-Encoding
Expires:Thu, 19 Nov 1981 08:52:00 GMT
Content-Length:1283
X-Powered-By:PHP/5.5.9-1ubuntu4.29
Content-Type:text/html
",86ea60c6a40925b8a0388443265ef8b775cdb51102a11ef928b018876d8cf37672167583d60fdfcf7ed2d3bb6cd4008927ab5d098b30240ecbd89d329889aa1e,200
http://web/users/sample.php?userid=1,GET,"Cookie:PHPSESSID=ln650u8nlv3q8tu5t28nfj3qn7
Accept:text/html,application/xhtml+xml,application/xml;q=0.9,image/avif,image/webp,image/apng,*/*;q=0.8,application/signed-exchange;v=b3;q=0.9
User-Agent:Mozilla/5.0 (X11; Linux x86_64) AppleWebKit/537.36 (KHTML, like Gecko) Chrome/85.0.4183.102 Safari/537.36
Referer:http://web/
Upgrade-Insecure-Requests:1
",cf83e1357eefb8bdf1542850d66d8007d620e4050b5715dc83f4a921d36ce9ce47d0d13c5d85f2b0ff8318d2877eec2f63b931bd47417a81a538327af927da3e,"Keep-Alive:timeout=5, max=21
Server:Apache/2.4.7 (Ubuntu)
Connection:Keep-Alive
Pragma:no-cache
Date:Mon, 11 May 2026 22:56:41 GMT
Cache-Control:no-store, no-cache, must-revalidate, post-check=0, pre-check=0
Content-Encoding:gzip
Vary:Accept-Encoding
Expires:Thu, 19 Nov 1981 08:52:00 GMT
Content-Length:982
X-Powered-By:PHP/5.5.9-1ubuntu4.29
Content-Type:text/html
",e5290500da8a4621c7adda21c94b9f6b797dc0181a1bfabc973647acd7ae575d28dad81c987da092efc2b079bce6b03c3339b5e820b7299d78af0393d69ceb94,200
http://web/,GET,"Cookie:PHPSESSID=ln650u8nlv3q8tu5t28nfj3qn7
Accept:text/html,application/xhtml+xml,application/xml;q=0.9,image/avif,image/webp,image/apng,*/*;q=0.8,application/signed-exchange;v=b3;q=0.9
User-Agent:Mozilla/5.0 (X11; Linux x86_64) AppleWebKit/537.36 (KHTML, like Gecko) Chrome/85.0.4183.102 Safari/537.36
Referer:http://web/
Upgrade-Insecure-Requests:1
",cf83e1357eefb8bdf1542850d66d8007d620e4050b5715dc83f4a921d36ce9ce47d0d13c5d85f2b0ff8318d2877eec2f63b931bd47417a81a538327af927da3e,"Keep-Alive:timeout=5, max=72
Server:Apache/2.4.7 (Ubuntu)
Connection:Keep-Alive
Pragma:no-cache
Date:Mon, 11 May 2026 22:54:50 GMT
Cache-Control:no-store, no-cache, must-revalidate, post-check=0, pre-check=0
Content-Encoding:gzip
Vary:Accept-Encoding
Expires:Thu, 19 Nov 1981 08:52:00 GMT
Content-Length:1283
X-Powered-By:PHP/5.5.9-1ubuntu4.29
Content-Type:text/html
",89a6c0b72b31392a05a86245a4d9f4db58fb927ca7cbc038d7a1888e516661dc0adf5b1fe706ee72fc66feca7ab1ede74174792cde68c08fb6c136fbb3114f15,200
http://web/users/login.php,GET,"Cookie:PHPSESSID=ln650u8nlv3q8tu5t28nfj3qn7
Accept:text/html,application/xhtml+xml,application/xml;q=0.9,image/avif,image/webp,image/apng,*/*;q=0.8,application/signed-exchange;v=b3;q=0.9
User-Agent:Mozilla/5.0 (X11; Linux x86_64) AppleWebKit/537.36 (KHTML, like Gecko) Chrome/85.0.4183.102 Safari/537.36
Referer:http://web/users/login.php
Upgrade-Insecure-Requests:1
",cf83e1357eefb8bdf1542850d66d8007d620e4050b5715dc83f4a921d36ce9ce47d0d13c5d85f2b0ff8318d2877eec2f63b931bd47417a81a538327af927da3e,"Keep-Alive:timeout=5, max=88
Server:Apache/2.4.7 (Ubuntu)
Connection:Keep-Alive
Pragma:no-cache
Date:Mon, 11 May 2026 22:54:36 GMT
Cache-Control:no-store, no-cache, must-revalidate, post-check=0, pre-check=0
Content-Encoding:gzip
Vary:Accept-Encoding
Expires:Thu, 19 Nov 1981 08:52:00 GMT
Content-Length:976
X-Powered-By:PHP/5.5.9-1ubuntu4.29
Content-Type:text/html
",cef6b25caa663b83a8b4ac6e6243cce1332989100ece58c63f80c98c3cc1fc3718c31bbe889b7055d8dc04d0dff59f4592d208894f0cda4d1e7d61344ffda917,200
http://web/,GET,"Cookie:PHPSESSID=ln650u8nlv3q8tu5t28nfj3qn7
Accept:text/html,application/xhtml+xml,application/xml;q=0.9,image/avif,image/webp,image/apng,*/*;q=0.8,application/signed-exchange;v=b3;q=0.9
User-Agent:Mozilla/5.0 (X11; Linux x86_64) AppleWebKit/537.36 (KHTML, like Gecko) Chrome/85.0.4183.102 Safari/537.36
Upgrade-Insecure-Requests:1
",cf83e1357eefb8bdf1542850d66d8007d620e4050b5715dc83f4a921d36ce9ce47d0d13c5d85f2b0ff8318d2877eec2f63b931bd47417a81a538327af927da3e,"Keep-Alive:timeout=5, max=9
Server:Apache/2.4.7 (Ubuntu)
Connection:Keep-Alive
Pragma:no-cache
Date:Mon, 11 May 2026 22:55:31 GMT
Cache-Control:no-store, no-cache, must-revalidate, post-check=0, pre-check=0
Content-Encoding:gzip
Vary:Accept-Encoding
Expires:Thu, 19 Nov 1981 08:52:00 GMT
Content-Length:1283
X-Powered-By:PHP/5.5.9-1ubuntu4.29
Content-Type:text/html
",43d95f308112ccdce38017d446ee757d8aa7106a9992d874f73fb7aa86584eedf895938a74b7cbb36187e986c9fcbb19c457516680ef1ed5a3d0916bcd19e35c,200
http://web/calendar.php,GET,"Cookie:PHPSESSID=ln650u8nlv3q8tu5t28nfj3qn7
Accept:text/html,application/xhtml+xml,application/xml;q=0.9,image/avif,image/webp,image/apng,*/*;q=0.8,application/signed-exchange;v=b3;q=0.9
User-Agent:Mozilla/5.0 (X11; Linux x86_64) AppleWebKit/537.36 (KHTML, like Gecko) Chrome/85.0.4183.102 Safari/537.36
Referer:http://web/
Upgrade-Insecure-Requests:1
",cf83e1357eefb8bdf1542850d66d8007d620e4050b5715dc83f4a921d36ce9ce47d0d13c5d85f2b0ff8318d2877eec2f63b931bd47417a81a538327af927da3e,"Keep-Alive:timeout=5, max=31
Server:Apache/2.4.7 (Ubuntu)
Connection:Keep-Alive
Pragma:no-cache
Date:Mon, 11 May 2026 22:58:58 GMT
Cache-Control:no-store, no-cache, must-revalidate, post-check=0, pre-check=0
Content-Encoding:gzip
Vary:Accept-Encoding
Expires:Thu, 19 Nov 1981 08:52:00 GMT
Content-Length:944
X-Powered-By:PHP/5.5.9-1ubuntu4.29
Content-Type:text/html
",cd954d970ded620d92d19055d52e25020389b5eaad4a222075a81f2195ef1a4b5112b693d94043fa6fdeb0c840d10c86765fec45e054b2a468793a7a3a557976,200
http://web/upload/house/our_house.128_128.jpg,GET,"Cookie:PHPSESSID=ln650u8nlv3q8tu5t28nfj3qn7
Accept:image/avif,image/webp,image/apng,image/*,*/*;q=0.8
User-Agent:Mozilla/5.0 (X11; Linux x86_64) AppleWebKit/537.36 (KHTML, like Gecko) Chrome/85.0.4183.102 Safari/537.36
Referer:http://web/pictures/recent.php
",cf83e1357eefb8bdf1542850d66d8007d620e4050b5715dc83f4a921d36ce9ce47d0d13c5d85f2b0ff8318d2877eec2f63b931bd47417a81a538327af927da3e,"Keep-Alive:timeout=5, max=84
Server:Apache/2.4.7 (Ubuntu)
Connection:Keep-Alive
Last-Modified:Thu, 02 Feb 2017 22:24:09 GMT
Date:Mon, 11 May 2026 22:54:27 GMT
Accept-Ranges:bytes
ETag:""309c-547939fb8b440""
Content-Length:12444
Content-Type:image/jpeg
",7398d28ba3dbb6919f8252647510815990d20ed11d0df1881c26de538c790d1114201d4bbee0c5dbf69074677723ca5f4759e3c0f31ab392c87362001168c7d8,200
http://web/,GET,"Cookie:PHPSESSID=ln650u8nlv3q8tu5t28nfj3qn7
Accept:text/html,application/xhtml+xml,application/xml;q=0.9,image/avif,image/webp,image/apng,*/*;q=0.8,application/signed-exchange;v=b3;q=0.9
User-Agent:Mozilla/5.0 (X11; Linux x86_64) AppleWebKit/537.36 (KHTML, like Gecko) Chrome/85.0.4183.102 Safari/537.36
Upgrade-Insecure-Requests:1
",cf83e1357eefb8bdf1542850d66d8007d620e4050b5715dc83f4a921d36ce9ce47d0d13c5d85f2b0ff8318d2877eec2f63b931bd47417a81a538327af927da3e,"Keep-Alive:timeout=5, max=34
Server:Apache/2.4.7 (Ubuntu)
Connection:Keep-Alive
Pragma:no-cache
Date:Mon, 11 May 2026 22:57:46 GMT
Cache-Control:no-store, no-cache, must-revalidate, post-check=0, pre-check=0
Content-Encoding:gzip
Vary:Accept-Encoding
Expires:Thu, 19 Nov 1981 08:52:00 GMT
Content-Length:1284
X-Powered-By:PHP/5.5.9-1ubuntu4.29
Content-Type:text/html
",b28bb3979e277b21cf21e8e60e0a9c0ed66ae5393284ab3d1a7fde1543bf153b5fcfdb5aeb886eb9986cf5b49c59ac8bcea504695ab7a653cf5ab82ceb9adfe5,200
http://web/users/register.php,GET,"Cookie:PHPSESSID=ln650u8nlv3q8tu5t28nfj3qn7
Accept:text/html,application/xhtml+xml,application/xml;q=0.9,image/avif,image/webp,image/apng,*/*;q=0.8,application/signed-exchange;v=b3;q=0.9
User-Agent:Mozilla/5.0 (X11; Linux x86_64) AppleWebKit/537.36 (KHTML, like Gecko) Chrome/85.0.4183.102 Safari/537.36
Referer:http://web/
Upgrade-Insecure-Requests:1
",cf83e1357eefb8bdf1542850d66d8007d620e4050b5715dc83f4a921d36ce9ce47d0d13c5d85f2b0ff8318d2877eec2f63b931bd47417a81a538327af927da3e,"Keep-Alive:timeout=5, max=83
Server:Apache/2.4.7 (Ubuntu)
Connection:Keep-Alive
Pragma:no-cache
Date:Mon, 11 May 2026 22:54:41 GMT
Cache-Control:no-store, no-cache, must-revalidate, post-check=0, pre-check=0
Content-Encoding:gzip
Vary:Accept-Encoding
Expires:Thu, 19 Nov 1981 08:52:00 GMT
Content-Length:1100
X-Powered-By:PHP/5.5.9-1ubuntu4.29
Content-Type:text/html
",9c71fb7e1985a029db686dbdca19a9245c4df5d5708813b4829b4bcde3fac3e7a2519ee82412fd122dd9a4727fd8c3a0e8a0a0ab799ffe19c45f63c72286441e,200
http://web/passcheck.php,GET,"Cookie:PHPSESSID=ln650u8nlv3q8tu5t28nfj3qn7
Accept:text/html,application/xhtml+xml,application/xml;q=0.9,image/avif,image/webp,image/apng,*/*;q=0.8,application/signed-exchange;v=b3;q=0.9
User-Agent:Mozilla/5.0 (X11; Linux x86_64) AppleWebKit/537.36 (KHTML, like Gecko) Chrome/85.0.4183.102 Safari/537.36
Referer:http://web/users/register.php
Upgrade-Insecure-Requests:1
",cf83e1357eefb8bdf1542850d66d8007d620e4050b5715dc83f4a921d36ce9ce47d0d13c5d85f2b0ff8318d2877eec2f63b931bd47417a81a538327af927da3e,"Keep-Alive:timeout=5, max=62
Server:Apache/2.4.7 (Ubuntu)
Connection:Keep-Alive
Pragma:no-cache
Date:Mon, 11 May 2026 22:57:25 GMT
Cache-Control:no-store, no-cache, must-revalidate, post-check=0, pre-check=0
Content-Encoding:gzip
Vary:Accept-Encoding
Expires:Thu, 19 Nov 1981 08:52:00 GMT
Content-Length:927
X-Powered-By:PHP/5.5.9-1ubuntu4.29
Content-Type:text/html
",fcc772c0a536070df881062567c57968e88d2109309e6ace082a27b21092f8cef6110791706ebc66651c0c69271aa244279de56ba5833284d6e151528bda5f38,200
http://web/upload/flowers/flowers.128_128.jpg,GET,"Cookie:PHPSESSID=ln650u8nlv3q8tu5t28nfj3qn7
Accept:image/avif,image/webp,image/apng,image/*,*/*;q=0.8
User-Agent:Mozilla/5.0 (X11; Linux x86_64) AppleWebKit/537.36 (KHTML, like Gecko) Chrome/85.0.4183.102 Safari/537.36
Referer:http://web/pictures/recent.php
",cf83e1357eefb8bdf1542850d66d8007d620e4050b5715dc83f4a921d36ce9ce47d0d13c5d85f2b0ff8318d2877eec2f63b931bd47417a81a538327af927da3e,"Server:Apache/2.4.7 (Ubuntu)
Last-Modified:Thu, 02 Feb 2017 22:24:09 GMT
Date:Mon, 11 May 2026 22:54:27 GMT
Accept-Ranges:bytes
ETag:""3c3d-547939fb8b440""
Content-Length:15421
Content-Type:image/jpeg
",3582ed1354c33d3f042461e0f766e5a7dcffac105b0b153a6c31ce83abf5b5914714203850b1066d6a97bf901925ce573d549ebdc47272138324ba8f2dbb00d7,200
http://web/,GET,"Cookie:PHPSESSID=ln650u8nlv3q8tu5t28nfj3qn7
Accept:text/html,application/xhtml+xml,application/xml;q=0.9,image/avif,image/webp,image/apng,*/*;q=0.8,application/signed-exchange;v=b3;q=0.9
User-Agent:Mozilla/5.0 (X11; Linux x86_64) AppleWebKit/537.36 (KHTML, like Gecko) Chrome/85.0.4183.102 Safari/537.36
Upgrade-Insecure-Requests:1
",cf83e1357eefb8bdf1542850d66d8007d620e4050b5715dc83f4a921d36ce9ce47d0d13c5d85f2b0ff8318d2877eec2f63b931bd47417a81a538327af927da3e,"Keep-Alive:timeout=5, max=32
Server:Apache/2.4.7 (Ubuntu)
Connection:Keep-Alive
Pragma:no-cache
Date:Mon, 11 May 2026 22:56:33 GMT
Cache-Control:no-store, no-cache, must-revalidate, post-check=0, pre-check=0
Content-Encoding:gzip
Vary:Accept-Encoding
Expires:Thu, 19 Nov 1981 08:52:00 GMT
Content-Length:1283
X-Powered-By:PHP/5.5.9-1ubuntu4.29
Content-Type:text/html
",9a617d80d03978772271f1c484916bb0931ebc13c37d340b4381efb18d060bbf6023ffd637396920c009be774a2dd35cd8910935752e4b25a7189ff5f77feb68,200
http://web/calendar.php?date=1778626721,GET,"Cookie:PHPSESSID=ln650u8nlv3q8tu5t28nfj3qn7
Accept:text/html,application/xhtml+xml,application/xml;q=0.9,image/avif,image/webp,image/apng,*/*;q=0.8,application/signed-exchange;v=b3;q=0.9
User-Agent:Mozilla/5.0 (X11; Linux x86_64) AppleWebKit/537.36 (KHTML, like Gecko) Chrome/85.0.4183.102 Safari/537.36
Referer:http://web/calendar.php
Upgrade-Insecure-Requests:1
",cf83e1357eefb8bdf1542850d66d8007d620e4050b5715dc83f4a921d36ce9ce47d0d13c5d85f2b0ff8318d2877eec2f63b931bd47417a81a538327af927da3e,"Keep-Alive:timeout=5, max=56
Server:Apache/2.4.7 (Ubuntu)
Connection:Keep-Alive
Pragma:no-cache
Date:Mon, 11 May 2026 22:58:42 GMT
Cache-Control:no-store, no-cache, must-revalidate, post-check=0, pre-check=0
Content-Encoding:gzip
Vary:Accept-Encoding
Expires:Thu, 19 Nov 1981 08:52:00 GMT
Content-Length:944
X-Powered-By:PHP/5.5.9-1ubuntu4.29
Content-Type:text/html
",9f23fd666c73cc46a3dc8a8463c2a636f7bcb0dd652fe1ff9b77b012670040bdab8760a9ce1293b11a95fbd10bcbec1e883fd1cf596da7acb5239f7b4b5760e8,200
http://web/pictures/recent.php,GET,"Cookie:PHPSESSID=ln650u8nlv3q8tu5t28nfj3qn7
Accept:text/html,application/xhtml+xml,application/xml;q=0.9,image/avif,image/webp,image/apng,*/*;q=0.8,application/signed-exchange;v=b3;q=0.9
User-Agent:Mozilla/5.0 (X11; Linux x86_64) AppleWebKit/537.36 (KHTML, like Gecko) Chrome/85.0.4183.102 Safari/537.36
Referer:http://web/
Upgrade-Insecure-Requests:1
",cf83e1357eefb8bdf1542850d66d8007d620e4050b5715dc83f4a921d36ce9ce47d0d13c5d85f2b0ff8318d2877eec2f63b931bd47417a81a538327af927da3e,"Keep-Alive:timeout=5, max=57
Server:Apache/2.4.7 (Ubuntu)
Connection:Keep-Alive
Pragma:no-cache
Date:Mon, 11 May 2026 22:55:01 GMT
Cache-Control:no-store, no-cache, must-revalidate, post-check=0, pre-check=0
Content-Encoding:gzip
Vary:Accept-Encoding
Expires:Thu, 19 Nov 1981 08:52:00 GMT
Content-Length:1088
X-Powered-By:PHP/5.5.9-1ubuntu4.29
Content-Type:text/html
",393188459ee537e5794816aff5863d59b970c47354d23a1b7f2afbce7c7f3654c93ec89a476542d222894387faa0669440e561acbd942ab50cb3f6fd503321b7,200
http://web/pictures/view.php?picid=15,GET,"Cookie:PHPSESSID=ln650u8nlv3q8tu5t28nfj3qn7
Accept:text/html,application/xhtml+xml,application/xml;q=0.9,image/avif,image/webp,image/apng,*/*;q=0.8,application/signed-exchange;v=b3;q=0.9
User-Agent:Mozilla/5.0 (X11; Linux x86_64) AppleWebKit/537.36 (KHTML, like Gecko) Chrome/85.0.4183.102 Safari/537.36
Referer:http://web/pictures/recent.php
Upgrade-Insecure-Requests:1
",cf83e1357eefb8bdf1542850d66d8007d620e4050b5715dc83f4a921d36ce9ce47d0d13c5d85f2b0ff8318d2877eec2f63b931bd47417a81a538327af927da3e,"Keep-Alive:timeout=5, max=43
Server:Apache/2.4.7 (Ubuntu)
Connection:Keep-Alive
Pragma:no-cache
Date:Mon, 11 May 2026 22:55:11 GMT
Cache-Control:no-store, no-cache, must-revalidate, post-check=0, pre-check=0
Expires:Thu, 19 Nov 1981 08:52:00 GMT
Content-Length:41
X-Powered-By:PHP/5.5.9-1ubuntu4.29
Location:/users/login.php
Content-Type:text/html
",cf83e1357eefb8bdf1542850d66d8007d620e4050b5715dc83f4a921d36ce9ce47d0d13c5d85f2b0ff8318d2877eec2f63b931bd47417a81a538327af927da3e,303
http://web/upload/house/My_House.128_128.jpg,GET,"Cookie:PHPSESSID=ln650u8nlv3q8tu5t28nfj3qn7
Accept:image/avif,image/webp,image/apng,image/*,*/*;q=0.8
User-Agent:Mozilla/5.0 (X11; Linux x86_64) AppleWebKit/537.36 (KHTML, like Gecko) Chrome/85.0.4183.102 Safari/537.36
Referer:http://web/pictures/recent.php
",cf83e1357eefb8bdf1542850d66d8007d620e4050b5715dc83f4a921d36ce9ce47d0d13c5d85f2b0ff8318d2877eec2f63b931bd47417a81a538327af927da3e,"Server:Apache/2.4.7 (Ubuntu)
Last-Modified:Thu, 02 Feb 2017 22:24:09 GMT
Date:Mon, 11 May 2026 22:54:27 GMT
Accept-Ranges:bytes
ETag:""359b-547939fb8b440""
Content-Length:13723
Content-Type:image/jpeg
",8c4f3e706b9e8b7f56594f846de689869eda70bf37f962ef75d26f1490ef415896dc9f7a3a8e5b263ccc541d9cd895f8851a47300c6d8ce6b7def2d21eb2bcde,200
http://web/,GET,"Cookie:PHPSESSID=ln650u8nlv3q8tu5t28nfj3qn7
Accept:text/html,application/xhtml+xml,application/xml;q=0.9,image/avif,image/webp,image/apng,*/*;q=0.8,application/signed-exchange;v=b3;q=0.9
User-Agent:Mozilla/5.0 (X11; Linux x86_64) AppleWebKit/537.36 (KHTML, like Gecko) Chrome/85.0.4183.102 Safari/537.36
Upgrade-Insecure-Requests:1
",cf83e1357eefb8bdf1542850d66d8007d620e4050b5715dc83f4a921d36ce9ce47d0d13c5d85f2b0ff8318d2877eec2f63b931bd47417a81a538327af927da3e,"Keep-Alive:timeout=5, max=5
Server:Apache/2.4.7 (Ubuntu)
Connection:Keep-Alive
Pragma:no-cache
Date:Mon, 11 May 2026 22:58:07 GMT
Cache-Control:no-store, no-cache, must-revalidate, post-check=0, pre-check=0
Content-Encoding:gzip
Vary:Accept-Encoding
Expires:Thu, 19 Nov 1981 08:52:00 GMT
Content-Length:1283
X-Powered-By:PHP/5.5.9-1ubuntu4.29
Content-Type:text/html
",d45d337b6ec3661b1ba68e2ac680666f9f53ccd015551042e0d9b278c2c257e00ac1dd847b2a7d50d1ecf98bbc18ace23322e7f93bfa852733af0448ed9c6b64,200
http://web/users/login.php,GET,"Cookie:PHPSESSID=ln650u8nlv3q8tu5t28nfj3qn7
Accept:text/html,application/xhtml+xml,application/xml;q=0.9,image/avif,image/webp,image/apng,*/*;q=0.8,application/signed-exchange;v=b3;q=0.9
User-Agent:Mozilla/5.0 (X11; Linux x86_64) AppleWebKit/537.36 (KHTML, like Gecko) Chrome/85.0.4183.102 Safari/537.36
Referer:http://web/calendar.php?date=1778713103
Upgrade-Insecure-Requests:1
",cf83e1357eefb8bdf1542850d66d8007d620e4050b5715dc83f4a921d36ce9ce47d0d13c5d85f2b0ff8318d2877eec2f63b931bd47417a81a538327af927da3e,"Keep-Alive:timeout=5, max=80
Server:Apache/2.4.7 (Ubuntu)
Connection:Keep-Alive
Pragma:no-cache
Date:Mon, 11 May 2026 22:58:24 GMT
Cache-Control:no-store, no-cache, must-revalidate, post-check=0, pre-check=0
Content-Encoding:gzip
Vary:Accept-Encoding
Expires:Thu, 19 Nov 1981 08:52:00 GMT
Content-Length:976
X-Powered-By:PHP/5.5.9-1ubuntu4.29
Content-Type:text/html
",6d028bc2b5b4585e8bb0f4d60a9d7a511a22cca43f38a76031003ff666257eb58e49b59e3fca0863c96f63c23a3845895a6a500aae455efbbbf6d6454c318474,200
http://web/users/home.php,GET,"Cookie:PHPSESSID=ln650u8nlv3q8tu5t28nfj3qn7
Accept:text/html,application/xhtml+xml,application/xml;q=0.9,image/avif,image/webp,image/apng,*/*;q=0.8,application/signed-exchange;v=b3;q=0.9
User-Agent:Mozilla/5.0 (X11; Linux x86_64) AppleWebKit/537.36 (KHTML, like Gecko) Chrome/85.0.4183.102 Safari/537.36
Referer:http://web/pictures/recent.php
Upgrade-Insecure-Requests:1
",cf83e1357eefb8bdf1542850d66d8007d620e4050b5715dc83f4a921d36ce9ce47d0d13c5d85f2b0ff8318d2877eec2f63b931bd47417a81a538327af927da3e,"Keep-Alive:timeout=5, max=95
Server:Apache/2.4.7 (Ubuntu)
Connection:Keep-Alive
Pragma:no-cache
Date:Mon, 11 May 2026 22:54:30 GMT
Cache-Control:no-store, no-cache, must-revalidate, post-check=0, pre-check=0
Expires:Thu, 19 Nov 1981 08:52:00 GMT
Content-Length:41
X-Powered-By:PHP/5.5.9-1ubuntu4.29
Location:/users/login.php
Content-Type:text/html
",cf83e1357eefb8bdf1542850d66d8007d620e4050b5715dc83f4a921d36ce9ce47d0d13c5d85f2b0ff8318d2877eec2f63b931bd47417a81a538327af927da3e,303
http://web/calendar.php,GET,"Cookie:PHPSESSID=ln650u8nlv3q8tu5t28nfj3qn7
Accept:text/html,application/xhtml+xml,application/xml;q=0.9,image/avif,image/webp,image/apng,*/*;q=0.8,application/signed-exchange;v=b3;q=0.9
User-Agent:Mozilla/5.0 (X11; Linux x86_64) AppleWebKit/537.36 (KHTML, like Gecko) Chrome/85.0.4183.102 Safari/537.36
Referer:http://web/
Upgrade-Insecure-Requests:1
",cf83e1357eefb8bdf1542850d66d8007d620e4050b5715dc83f4a921d36ce9ce47d0d13c5d85f2b0ff8318d2877eec2f63b931bd47417a81a538327af927da3e,"Keep-Alive:timeout=5, max=83
Server:Apache/2.4.7 (Ubuntu)
Connection:Keep-Alive
Pragma:no-cache
Date:Mon, 11 May 2026 22:58:23 GMT
Cache-Control:no-store, no-cache, must-revalidate, post-check=0, pre-check=0
Content-Encoding:gzip
Vary:Accept-Encoding
Expires:Thu, 19 Nov 1981 08:52:00 GMT
Content-Length:942
X-Powered-By:PHP/5.5.9-1ubuntu4.29
Content-Type:text/html
",31abd173164532820e2744d7971df3f9a00913a761053bf326af789e67d679bbe072a313fd5342c00e16f5cbe80182d6c61e6eb38949e73db90e2166c0149657,200
http://web/images/menu/menu_tabs.gif,GET,"Cookie:PHPSESSID=ln650u8nlv3q8tu5t28nfj3qn7
Accept:image/avif,image/webp,image/apng,image/*,*/*;q=0.8
User-Agent:Mozilla/5.0 (X11; Linux x86_64) AppleWebKit/537.36 (KHTML, like Gecko) Chrome/85.0.4183.102 Safari/537.36
Referer:http://web/css/stylings.css
",cf83e1357eefb8bdf1542850d66d8007d620e4050b5715dc83f4a921d36ce9ce47d0d13c5d85f2b0ff8318d2877eec2f63b931bd47417a81a538327af927da3e,"Server:Apache/2.4.7 (Ubuntu)
Last-Modified:Thu, 02 Feb 2017 22:24:09 GMT
Date:Mon, 11 May 2026 22:54:16 GMT
Accept-Ranges:bytes
ETag:""f78-547939fb8b440""
Content-Length:3960
Content-Type:image/gif
",3eb49ef7e8e7e02a1bff29ac33707f5a473495974c0f3cc1937f03198075c0d2b0aaf7f2937030c43b34c560f19c5c6502345d5af0ac36b7e66d8deea4ef55d4,200
http://web/users/login.php,POST,"Origin:http://web
Cookie:PHPSESSID=ln650u8nlv3q8tu5t28nfj3qn7
Accept:text/html,application/xhtml+xml,application/xml;q=0.9,image/avif,image/webp,image/apng,*/*;q=0.8,application/signed-exchange;v=b3;q=0.9
User-Agent:Mozilla/5.0 (X11; Linux x86_64) AppleWebKit/537.36 (KHTML, like Gecko) Chrome/85.0.4183.102 Safari/537.36
Referer:http://web/users/login.php
Upgrade-Insecure-Requests:1
Content-Type:application/x-www-form-urlencoded
",8116734884118e3f3c62e9d28ab6ebbdfc9c5d8c90512e04dd17a85060c88e08fa97d221ae9016059d758e6859c6374686314f33336795f56784803b9a1f8e0c,"Keep-Alive:timeout=5, max=59
Server:Apache/2.4.7 (Ubuntu)
Connection:Keep-Alive
Pragma:no-cache
Date:Mon, 11 May 2026 22:54:59 GMT
Cache-Control:no-store, no-cache, must-revalidate, post-check=0, pre-check=0
Content-Encoding:gzip
Vary:Accept-Encoding
Expires:Thu, 19 Nov 1981 08:52:00 GMT
Content-Length:976
X-Powered-By:PHP/5.5.9-1ubuntu4.29
Content-Type:text/html
",6d0583c0658c741f5bad1fa8d7080813f97f1675b4bba62c012ad27f7a4ea95e036fb8b83e40c7336c9ff2360c4d78de65f02648b38c00658996a2c5840671ad,200
http://web/users/register.php,GET,"Cookie:PHPSESSID=ln650u8nlv3q8tu5t28nfj3qn7
Accept:text/html,application/xhtml+xml,application/xml;q=0.9,image/avif,image/webp,image/apng,*/*;q=0.8,application/signed-exchange;v=b3;q=0.9
User-Agent:Mozilla/5.0 (X11; Linux x86_64) AppleWebKit/537.36 (KHTML, like Gecko) Chrome/85.0.4183.102 Safari/537.36
Referer:http://web/
Upgrade-Insecure-Requests:1
",cf83e1357eefb8bdf1542850d66d8007d620e4050b5715dc83f4a921d36ce9ce47d0d13c5d85f2b0ff8318d2877eec2f63b931bd47417a81a538327af927da3e,"Keep-Alive:timeout=5, max=68
Server:Apache/2.4.7 (Ubuntu)
Connection:Keep-Alive
Pragma:no-cache
Date:Mon, 11 May 2026 22:56:05 GMT
Cache-Control:no-store, no-cache, must-revalidate, post-check=0, pre-check=0
Content-Encoding:gzip
Vary:Accept-Encoding
Expires:Thu, 19 Nov 1981 08:52:00 GMT
Content-Length:1101
X-Powered-By:PHP/5.5.9-1ubuntu4.29
Content-Type:text/html
",b4cd82a018b772894ef407aa86b7225c4569d8dd8081e937ed86d721077a00e585d4a57c44ee0b883229ba54f26ed8a6a0e38729ff9a1794a6fab9617868d35f,200
http://web/upload/flowers/flweofoee.128_128.jpg,GET,"Cookie:PHPSESSID=ln650u8nlv3q8tu5t28nfj3qn7
Accept:image/avif,image/webp,image/apng,image/*,*/*;q=0.8
User-Agent:Mozilla/5.0 (X11; Linux x86_64) AppleWebKit/537.36 (KHTML, like Gecko) Chrome/85.0.4183.102 Safari/537.36
Referer:http://web/pictures/recent.php
",cf83e1357eefb8bdf1542850d66d8007d620e4050b5715dc83f4a921d36ce9ce47d0d13c5d85f2b0ff8318d2877eec2f63b931bd47417a81a538327af927da3e,"Server:Apache/2.4.7 (Ubuntu)
Last-Modified:Thu, 02 Feb 2017 22:24:09 GMT
Date:Mon, 11 May 2026 22:54:27 GMT
Accept-Ranges:bytes
ETag:""3c1d-547939fb8b440""
Content-Length:15389
Content-Type:image/jpeg
",7e129e0bbb863976449db3222dba9d0d4f5eec34568417e96ab615e4f7981ee1790944f510629e1b701ae68b35b272656ced86d6fea3a727adec1063e078f609,200
http://web/tos.php,GET,"Cookie:PHPSESSID=ln650u8nlv3q8tu5t28nfj3qn7
Accept:text/html,application/xhtml+xml,application/xml;q=0.9,image/avif,image/webp,image/apng,*/*;q=0.8,application/signed-exchange;v=b3;q=0.9
User-Agent:Mozilla/5.0 (X11; Linux x86_64) AppleWebKit/537.36 (KHTML, like Gecko) Chrome/85.0.4183.102 Safari/537.36
Referer:http://web/guestbook.php
Upgrade-Insecure-Requests:1
",cf83e1357eefb8bdf1542850d66d8007d620e4050b5715dc83f4a921d36ce9ce47d0d13c5d85f2b0ff8318d2877eec2f63b931bd47417a81a538327af927da3e,"Keep-Alive:timeout=5, max=84
Server:Apache/2.4.7 (Ubuntu)
Connection:Keep-Alive
Pragma:no-cache
Date:Mon, 11 May 2026 22:55:52 GMT
Cache-Control:no-store, no-cache, must-revalidate, post-check=0, pre-check=0
Content-Encoding:gzip
Vary:Accept-Encoding
Expires:Thu, 19 Nov 1981 08:52:00 GMT
Content-Length:10228
X-Powered-By:PHP/5.5.9-1ubuntu4.29
Content-Type:text/html
",33033da81ed94b9591377f98fc04d29db168b6e4f2e2bf91bcff96829416d27b4a28f734bb69f86adbaa1f96477c243a73f3690a5f01734f4974e97ceede6f70,200
http://web/css/blueprint/print.css,GET,"Cookie:PHPSESSID=ln650u8nlv3q8tu5t28nfj3qn7
Accept:text/css,*/*;q=0.1
User-Agent:Mozilla/5.0 (X11; Linux x86_64) AppleWebKit/537.36 (KHTML, like Gecko) Chrome/85.0.4183.102 Safari/537.36
Referer:http://web/pictures/recent.php
",cf83e1357eefb8bdf1542850d66d8007d620e4050b5715dc83f4a921d36ce9ce47d0d13c5d85f2b0ff8318d2877eec2f63b931bd47417a81a538327af927da3e,"Server:Apache/2.4.7 (Ubuntu)
Last-Modified:Thu, 02 Feb 2017 22:24:09 GMT
Date:Mon, 11 May 2026 22:54:16 GMT
Accept-Ranges:bytes
ETag:""52d-547939fb8b440-gzip""
Content-Encoding:gzip
Vary:Accept-Encoding
Content-Length:674
Content-Type:text/css
",382bc7f4ad396de8dacb65598554ab8e1fe76b268c9b97e377be5fe694d07688463ac138e683332f401b64a7a2e8418a2a9f7f9d96e548ee8581d228368f7524,200
http://web/users/register.php,GET,"Cookie:PHPSESSID=ln650u8nlv3q8tu5t28nfj3qn7
Accept:text/html,application/xhtml+xml,application/xml;q=0.9,image/avif,image/webp,image/apng,*/*;q=0.8,application/signed-exchange;v=b3;q=0.9
User-Agent:Mozilla/5.0 (X11; Linux x86_64) AppleWebKit/537.36 (KHTML, like Gecko) Chrome/85.0.4183.102 Safari/537.36
Referer:http://web/
Upgrade-Insecure-Requests:1
",cf83e1357eefb8bdf1542850d66d8007d620e4050b5715dc83f4a921d36ce9ce47d0d13c5d85f2b0ff8318d2877eec2f63b931bd47417a81a538327af927da3e,"Keep-Alive:timeout=5, max=58
Server:Apache/2.4.7 (Ubuntu)
Connection:Keep-Alive
Pragma:no-cache
Date:Mon, 11 May 2026 22:56:14 GMT
Cache-Control:no-store, no-cache, must-revalidate, post-check=0, pre-check=0
Content-Encoding:gzip
Vary:Accept-Encoding
Expires:Thu, 19 Nov 1981 08:52:00 GMT
Content-Length:1099
X-Powered-By:PHP/5.5.9-1ubuntu4.29
Content-Type:text/html
",d7129c17cfaa03e7aebb70319bc140783435a0b322a479d9245f22ec3a1451d514b2332da713a0b82242e7c0b5e2b6bcdd672d167d29fb04e988d5b585e4983b,200
http://web/css/blueprint/screen.css,GET,"Cookie:PHPSESSID=ln650u8nlv3q8tu5t28nfj3qn7
Accept:text/css,*/*;q=0.1
User-Agent:Mozilla/5.0 (X11; Linux x86_64) AppleWebKit/537.36 (KHTML, like Gecko) Chrome/85.0.4183.102 Safari/537.36
Referer:http://web/guestbook.php
",cf83e1357eefb8bdf1542850d66d8007d620e4050b5715dc83f4a921d36ce9ce47d0d13c5d85f2b0ff8318d2877eec2f63b931bd47417a81a538327af927da3e,"Server:Apache/2.4.7 (Ubuntu)
Last-Modified:Thu, 02 Feb 2017 22:24:09 GMT
Date:Mon, 11 May 2026 22:54:16 GMT
Accept-Ranges:bytes
ETag:""24c7-547939fb8b440-gzip""
Content-Encoding:gzip
Vary:Accept-Encoding
Content-Length:2682
Content-Type:text/css
",c0995dbb8c323ef465d8cc5d7b640b1a5435beb529b0c6e55594b1c0f3db66e859d23f70cfe8d93285234e722d677fca7c8887bee81a636881b2f91f221f976e,200
http://web/,GET,"Cookie:PHPSESSID=ln650u8nlv3q8tu5t28nfj3qn7
Accept:text/html,application/xhtml+xml,application/xml;q=0.9,image/avif,image/webp,image/apng,*/*;q=0.8,application/signed-exchange;v=b3;q=0.9
User-Agent:Mozilla/5.0 (X11; Linux x86_64) AppleWebKit/537.36 (KHTML, like Gecko) Chrome/85.0.4183.102 Safari/537.36
Referer:http://web/users/sample.php?userid=1
Upgrade-Insecure-Requests:1
",cf83e1357eefb8bdf1542850d66d8007d620e4050b5715dc83f4a921d36ce9ce47d0d13c5d85f2b0ff8318d2877eec2f63b931bd47417a81a538327af927da3e,"Keep-Alive:timeout=5, max=75
Server:Apache/2.4.7 (Ubuntu)
Connection:Keep-Alive
Pragma:no-cache
Date:Mon, 11 May 2026 22:54:47 GMT
Cache-Control:no-store, no-cache, must-revalidate, post-check=0, pre-check=0
Content-Encoding:gzip
Vary:Accept-Encoding
Expires:Thu, 19 Nov 1981 08:52:00 GMT
Content-Length:1283
X-Powered-By:PHP/5.5.9-1ubuntu4.29
Content-Type:text/html
",e43727dabe902d807dcd15a28020db524ae6a4ea5d085d0a92d0285af555a73052d9322c3344a1399e5ec08e05e12c7f551100da5999846fab12c404aec2e9c4,200
http://web/css/stylings.css,GET,"Cookie:PHPSESSID=ln650u8nlv3q8tu5t28nfj3qn7
Accept:text/css,*/*;q=0.1
User-Agent:Mozilla/5.0 (X11; Linux x86_64) AppleWebKit/537.36 (KHTML, like Gecko) Chrome/85.0.4183.102 Safari/537.36
Referer:http://web/passcheck.php
",cf83e1357eefb8bdf1542850d66d8007d620e4050b5715dc83f4a921d36ce9ce47d0d13c5d85f2b0ff8318d2877eec2f63b931bd47417a81a538327af927da3e,"Server:Apache/2.4.7 (Ubuntu)
Last-Modified:Thu, 02 Feb 2017 22:24:09 GMT
Date:Mon, 11 May 2026 22:54:16 GMT
Accept-Ranges:bytes
ETag:""c29-547939fb8b440-gzip""
Content-Encoding:gzip
Vary:Accept-Encoding
Content-Length:838
Content-Type:text/css
",e6142d743628221ad60b6d12a0b444a077ed8ede2504b511ffffde908ffe459f09875b3901f9a63ec228906521c445248f9277e14f591205808d8dfc200df823,200
http://web/users/login.php,GET,"Cookie:PHPSESSID=ln650u8nlv3q8tu5t28nfj3qn7
Accept:text/html,application/xhtml+xml,application/xml;q=0.9,image/avif,image/webp,image/apng,*/*;q=0.8,application/signed-exchange;v=b3;q=0.9
User-Agent:Mozilla/5.0 (X11; Linux x86_64) AppleWebKit/537.36 (KHTML, like Gecko) Chrome/85.0.4183.102 Safari/537.36
Referer:http://web/users/login.php
Upgrade-Insecure-Requests:1
",cf83e1357eefb8bdf1542850d66d8007d620e4050b5715dc83f4a921d36ce9ce47d0d13c5d85f2b0ff8318d2877eec2f63b931bd47417a81a538327af927da3e,"Keep-Alive:timeout=5, max=87
Server:Apache/2.4.7 (Ubuntu)
Connection:Keep-Alive
Pragma:no-cache
Date:Mon, 11 May 2026 22:54:26 GMT
Cache-Control:no-store, no-cache, must-revalidate, post-check=0, pre-check=0
Content-Encoding:gzip
Vary:Accept-Encoding
Expires:Thu, 19 Nov 1981 08:52:00 GMT
Content-Length:976
X-Powered-By:PHP/5.5.9-1ubuntu4.29
Content-Type:text/html
",9ba0d0445c31afc7f5e266e3f3db60b89238fae90443db13ad0984f696edf3aea7cab8ba2eae5b478e5567b3a79b41747f045e57ca2d4e373d4c1808ab13be6b,200
http://web/calendar.php,GET,"Cookie:PHPSESSID=ln650u8nlv3q8tu5t28nfj3qn7
Accept:text/html,application/xhtml+xml,application/xml;q=0.9,image/avif,image/webp,image/apng,*/*;q=0.8,application/signed-exchange;v=b3;q=0.9
User-Agent:Mozilla/5.0 (X11; Linux x86_64) AppleWebKit/537.36 (KHTML, like Gecko) Chrome/85.0.4183.102 Safari/537.36
Referer:http://web/
Upgrade-Insecure-Requests:1
",cf83e1357eefb8bdf1542850d66d8007d620e4050b5715dc83f4a921d36ce9ce47d0d13c5d85f2b0ff8318d2877eec2f63b931bd47417a81a538327af927da3e,"Keep-Alive:timeout=5, max=8
Server:Apache/2.4.7 (Ubuntu)
Connection:Keep-Alive
Pragma:no-cache
Date:Mon, 11 May 2026 22:58:05 GMT
Cache-Control:no-store, no-cache, must-revalidate, post-check=0, pre-check=0
Content-Encoding:gzip
Vary:Accept-Encoding
Expires:Thu, 19 Nov 1981 08:52:00 GMT
Content-Length:943
X-Powered-By:PHP/5.5.9-1ubuntu4.29
Content-Type:text/html
",c55721f3beb31797bc52888cdbb3b72a78f7437e691db78c1e3ea744d1154ac407b917f3fde9f4a660f7a6e5b6fdfa7f6f7ed14176b08493bf972679ff26db00,200
http://web/images/menu/menu_tabs.gif,GET,"Cookie:PHPSESSID=ln650u8nlv3q8tu5t28nfj3qn7
Accept:image/avif,image/webp,image/apng,image/*,*/*;q=0.8
User-Agent:Mozilla/5.0 (X11; Linux x86_64) AppleWebKit/537.36 (KHTML, like Gecko) Chrome/85.0.4183.102 Safari/537.36
Referer:http://web/css/stylings.css
",cf83e1357eefb8bdf1542850d66d8007d620e4050b5715dc83f4a921d36ce9ce47d0d13c5d85f2b0ff8318d2877eec2f63b931bd47417a81a538327af927da3e,"Keep-Alive:timeout=5, max=99
Server:Apache/2.4.7 (Ubuntu)
Connection:Keep-Alive
Last-Modified:Thu, 02 Feb 2017 22:24:09 GMT
Date:Mon, 11 May 2026 22:54:16 GMT
Accept-Ranges:bytes
ETag:""f78-547939fb8b440""
Content-Length:3960
Content-Type:image/gif
",3eb49ef7e8e7e02a1bff29ac33707f5a473495974c0f3cc1937f03198075c0d2b0aaf7f2937030c43b34c560f19c5c6502345d5af0ac36b7e66d8deea4ef55d4,200
http://web/users/sample.php?userid=1,GET,"Cookie:PHPSESSID=ln650u8nlv3q8tu5t28nfj3qn7
Accept:text/html,application/xhtml+xml,application/xml;q=0.9,image/avif,image/webp,image/apng,*/*;q=0.8,application/signed-exchange;v=b3;q=0.9
User-Agent:Mozilla/5.0 (X11; Linux x86_64) AppleWebKit/537.36 (KHTML, like Gecko) Chrome/85.0.4183.102 Safari/537.36
Referer:http://web/
Upgrade-Insecure-Requests:1
",cf83e1357eefb8bdf1542850d66d8007d620e4050b5715dc83f4a921d36ce9ce47d0d13c5d85f2b0ff8318d2877eec2f63b931bd47417a81a538327af927da3e,"Keep-Alive:timeout=5, max=76
Server:Apache/2.4.7 (Ubuntu)
Connection:Keep-Alive
Pragma:no-cache
Date:Mon, 11 May 2026 22:54:46 GMT
Cache-Control:no-store, no-cache, must-revalidate, post-check=0, pre-check=0
Content-Encoding:gzip
Vary:Accept-Encoding
Expires:Thu, 19 Nov 1981 08:52:00 GMT
Content-Length:981
X-Powered-By:PHP/5.5.9-1ubuntu4.29
Content-Type:text/html
",fddf03c4089b23f917a38d073ad1b720147967b2b8a2c54bb2fba676563b90e086bb4668f3c2660f81fef828c231fa18f17aa58d484f5fcec8b9636365c286fe,200
http://web/upload/flowers/flowers.128_128.jpg,GET,"Cookie:PHPSESSID=ln650u8nlv3q8tu5t28nfj3qn7
Accept:image/avif,image/webp,image/apng,image/*,*/*;q=0.8
User-Agent:Mozilla/5.0 (X11; Linux x86_64) AppleWebKit/537.36 (KHTML, like Gecko) Chrome/85.0.4183.102 Safari/537.36
Referer:http://web/pictures/recent.php
",cf83e1357eefb8bdf1542850d66d8007d620e4050b5715dc83f4a921d36ce9ce47d0d13c5d85f2b0ff8318d2877eec2f63b931bd47417a81a538327af927da3e,"Keep-Alive:timeout=5, max=100
Server:Apache/2.4.7 (Ubuntu)
Connection:Keep-Alive
Last-Modified:Thu, 02 Feb 2017 22:24:09 GMT
Date:Mon, 11 May 2026 22:54:27 GMT
Accept-Ranges:bytes
ETag:""3c3d-547939fb8b440""
Content-Length:15421
Content-Type:image/jpeg
",3582ed1354c33d3f042461e0f766e5a7dcffac105b0b153a6c31ce83abf5b5914714203850b1066d6a97bf901925ce573d549ebdc47272138324ba8f2dbb00d7,200
http://web/pictures/upload.php,GET,"Cookie:PHPSESSID=ln650u8nlv3q8tu5t28nfj3qn7
Accept:text/html,application/xhtml+xml,application/xml;q=0.9,image/avif,image/webp,image/apng,*/*;q=0.8,application/signed-exchange;v=b3;q=0.9
User-Agent:Mozilla/5.0 (X11; Linux x86_64) AppleWebKit/537.36 (KHTML, like Gecko) Chrome/85.0.4183.102 Safari/537.36
Referer:http://web/calendar.php
Upgrade-Insecure-Requests:1
",cf83e1357eefb8bdf1542850d66d8007d620e4050b5715dc83f4a921d36ce9ce47d0d13c5d85f2b0ff8318d2877eec2f63b931bd47417a81a538327af927da3e,"Keep-Alive:timeout=5, max=12
Server:Apache/2.4.7 (Ubuntu)
Connection:Keep-Alive
Pragma:no-cache
Date:Mon, 11 May 2026 22:56:47 GMT
Cache-Control:no-store, no-cache, must-revalidate, post-check=0, pre-check=0
Expires:Thu, 19 Nov 1981 08:52:00 GMT
Content-Length:41
X-Powered-By:PHP/5.5.9-1ubuntu4.29
Location:/users/login.php
Content-Type:text/html
",cf83e1357eefb8bdf1542850d66d8007d620e4050b5715dc83f4a921d36ce9ce47d0d13c5d85f2b0ff8318d2877eec2f63b931bd47417a81a538327af927da3e,303
http://web/,GET,"Cookie:PHPSESSID=ln650u8nlv3q8tu5t28nfj3qn7
Accept:text/html,application/xhtml+xml,application/xml;q=0.9,image/avif,image/webp,image/apng,*/*;q=0.8,application/signed-exchange;v=b3;q=0.9
User-Agent:Mozilla/5.0 (X11; Linux x86_64) AppleWebKit/537.36 (KHTML, like Gecko) Chrome/85.0.4183.102 Safari/537.36
Referer:http://web/passcheck.php
Upgrade-Insecure-Requests:1
",cf83e1357eefb8bdf1542850d66d8007d620e4050b5715dc83f4a921d36ce9ce47d0d13c5d85f2b0ff8318d2877eec2f63b931bd47417a81a538327af927da3e,"Keep-Alive:timeout=5, max=63
Server:Apache/2.4.7 (Ubuntu)
Connection:Keep-Alive
Pragma:no-cache
Date:Mon, 11 May 2026 22:56:09 GMT
Cache-Control:no-store, no-cache, must-revalidate, post-check=0, pre-check=0
Content-Encoding:gzip
Vary:Accept-Encoding
Expires:Thu, 19 Nov 1981 08:52:00 GMT
Content-Length:1284
X-Powered-By:PHP/5.5.9-1ubuntu4.29
Content-Type:text/html
",608f767e38930469eb72aec977aa09567a027178c99a9798c4f24aca67b078081f207a6bcbad6c0b8861414e9e2d84a44b1257cc5e21e620b1f69e535af35c6b,200
http://web/,GET,"Cookie:PHPSESSID=ln650u8nlv3q8tu5t28nfj3qn7
Accept:text/html,application/xhtml+xml,application/xml;q=0.9,image/avif,image/webp,image/apng,*/*;q=0.8,application/signed-exchange;v=b3;q=0.9
User-Agent:Mozilla/5.0 (X11; Linux x86_64) AppleWebKit/537.36 (KHTML, like Gecko) Chrome/85.0.4183.102 Safari/537.36
Upgrade-Insecure-Requests:1
",cf83e1357eefb8bdf1542850d66d8007d620e4050b5715dc83f4a921d36ce9ce47d0d13c5d85f2b0ff8318d2877eec2f63b931bd47417a81a538327af927da3e,"Keep-Alive:timeout=5, max=26
Server:Apache/2.4.7 (Ubuntu)
Connection:Keep-Alive
Pragma:no-cache
Date:Mon, 11 May 2026 22:57:51 GMT
Cache-Control:no-store, no-cache, must-revalidate, post-check=0, pre-check=0
Content-Encoding:gzip
Vary:Accept-Encoding
Expires:Thu, 19 Nov 1981 08:52:00 GMT
Content-Length:1281
X-Powered-By:PHP/5.5.9-1ubuntu4.29
Content-Type:text/html
",d587ed00278389e8a95c8f18e468cba02bbc42e7dddb3efba99984d30123272c814ffe6f726a769811b018464c9fa21c1d1273a84539859c528ccb9100dc5e42,200
http://web/users/register.php,GET,"Cookie:PHPSESSID=ln650u8nlv3q8tu5t28nfj3qn7
Accept:text/html,application/xhtml+xml,application/xml;q=0.9,image/avif,image/webp,image/apng,*/*;q=0.8,application/signed-exchange;v=b3;q=0.9
User-Agent:Mozilla/5.0 (X11; Linux x86_64) AppleWebKit/537.36 (KHTML, like Gecko) Chrome/85.0.4183.102 Safari/537.36
Referer:http://web/
Upgrade-Insecure-Requests:1
",cf83e1357eefb8bdf1542850d66d8007d620e4050b5715dc83f4a921d36ce9ce47d0d13c5d85f2b0ff8318d2877eec2f63b931bd47417a81a538327af927da3e,"Keep-Alive:timeout=5, max=51
Server:Apache/2.4.7 (Ubuntu)
Connection:Keep-Alive
Pragma:no-cache
Date:Mon, 11 May 2026 22:57:34 GMT
Cache-Control:no-store, no-cache, must-revalidate, post-check=0, pre-check=0
Content-Encoding:gzip
Vary:Accept-Encoding
Expires:Thu, 19 Nov 1981 08:52:00 GMT
Content-Length:1099
X-Powered-By:PHP/5.5.9-1ubuntu4.29
Content-Type:text/html
",a6eb8db21a79ab2a0a9caef0953d1b910eaf6249bea337d2759361f9cd33a8d360a4ab7139a51c6157ddee412215a08df1c53463163370848e6b23fc4c915f06,200
http://web/users/home.php,GET,"Cookie:PHPSESSID=ln650u8nlv3q8tu5t28nfj3qn7
Accept:text/html,application/xhtml+xml,application/xml;q=0.9,image/avif,image/webp,image/apng,*/*;q=0.8,application/signed-exchange;v=b3;q=0.9
User-Agent:Mozilla/5.0 (X11; Linux x86_64) AppleWebKit/537.36 (KHTML, like Gecko) Chrome/85.0.4183.102 Safari/537.36
Referer:http://web/calendar.php?date=1778626661
Upgrade-Insecure-Requests:1
",cf83e1357eefb8bdf1542850d66d8007d620e4050b5715dc83f4a921d36ce9ce47d0d13c5d85f2b0ff8318d2877eec2f63b931bd47417a81a538327af927da3e,"Keep-Alive:timeout=5, max=41
Server:Apache/2.4.7 (Ubuntu)
Connection:Keep-Alive
Pragma:no-cache
Date:Mon, 11 May 2026 22:57:42 GMT
Cache-Control:no-store, no-cache, must-revalidate, post-check=0, pre-check=0
Expires:Thu, 19 Nov 1981 08:52:00 GMT
Content-Length:41
X-Powered-By:PHP/5.5.9-1ubuntu4.29
Location:/users/login.php
Content-Type:text/html
",cf83e1357eefb8bdf1542850d66d8007d620e4050b5715dc83f4a921d36ce9ce47d0d13c5d85f2b0ff8318d2877eec2f63b931bd47417a81a538327af927da3e,303
http://web/users/home.php,GET,"Cookie:PHPSESSID=ln650u8nlv3q8tu5t28nfj3qn7
Accept:text/html,application/xhtml+xml,application/xml;q=0.9,image/avif,image/webp,image/apng,*/*;q=0.8,application/signed-exchange;v=b3;q=0.9
User-Agent:Mozilla/5.0 (X11; Linux x86_64) AppleWebKit/537.36 (KHTML, like Gecko) Chrome/85.0.4183.102 Safari/537.36
Referer:http://web/
Upgrade-Insecure-Requests:1
",cf83e1357eefb8bdf1542850d66d8007d620e4050b5715dc83f4a921d36ce9ce47d0d13c5d85f2b0ff8318d2877eec2f63b931bd47417a81a538327af927da3e,"Keep-Alive:timeout=5, max=64
Server:Apache/2.4.7 (Ubuntu)
Connection:Keep-Alive
Pragma:no-cache
Date:Mon, 11 May 2026 22:54:57 GMT
Cache-Control:no-store, no-cache, must-revalidate, post-check=0, pre-check=0
Expires:Thu, 19 Nov 1981 08:52:00 GMT
Content-Length:41
X-Powered-By:PHP/5.5.9-1ubuntu4.29
Location:/users/login.php
Content-Type:text/html
",cf83e1357eefb8bdf1542850d66d8007d620e4050b5715dc83f4a921d36ce9ce47d0d13c5d85f2b0ff8318d2877eec2f63b931bd47417a81a538327af927da3e,303
http://web/passcheck.php,GET,"Cookie:PHPSESSID=ln650u8nlv3q8tu5t28nfj3qn7
Accept:text/html,application/xhtml+xml,application/xml;q=0.9,image/avif,image/webp,image/apng,*/*;q=0.8,application/signed-exchange;v=b3;q=0.9
User-Agent:Mozilla/5.0 (X11; Linux x86_64) AppleWebKit/537.36 (KHTML, like Gecko) Chrome/85.0.4183.102 Safari/537.36
Referer:http://web/users/register.php
Upgrade-Insecure-Requests:1
",cf83e1357eefb8bdf1542850d66d8007d620e4050b5715dc83f4a921d36ce9ce47d0d13c5d85f2b0ff8318d2877eec2f63b931bd47417a81a538327af927da3e,"Keep-Alive:timeout=5, max=64
Server:Apache/2.4.7 (Ubuntu)
Connection:Keep-Alive
Pragma:no-cache
Date:Mon, 11 May 2026 22:56:08 GMT
Cache-Control:no-store, no-cache, must-revalidate, post-check=0, pre-check=0
Content-Encoding:gzip
Vary:Accept-Encoding
Expires:Thu, 19 Nov 1981 08:52:00 GMT
Content-Length:928
X-Powered-By:PHP/5.5.9-1ubuntu4.29
Content-Type:text/html
",efcb8b57627409636160efc5dc5c7c2715438ab7973d786adfc5713511865b1d3c1d78ae0184090f4f15d1e685960e769df108898a42e931ee204ba2454185c9,200
http://web/tos.php,GET,"Cookie:PHPSESSID=ln650u8nlv3q8tu5t28nfj3qn7
Accept:text/html,application/xhtml+xml,application/xml;q=0.9,image/avif,image/webp,image/apng,*/*;q=0.8,application/signed-exchange;v=b3;q=0.9
User-Agent:Mozilla/5.0 (X11; Linux x86_64) AppleWebKit/537.36 (KHTML, like Gecko) Chrome/85.0.4183.102 Safari/537.36
Referer:http://web/users/sample.php?userid=1
Upgrade-Insecure-Requests:1
",cf83e1357eefb8bdf1542850d66d8007d620e4050b5715dc83f4a921d36ce9ce47d0d13c5d85f2b0ff8318d2877eec2f63b931bd47417a81a538327af927da3e,"Keep-Alive:timeout=5, max=20
Server:Apache/2.4.7 (Ubuntu)
Connection:Keep-Alive
Pragma:no-cache
Date:Mon, 11 May 2026 22:56:42 GMT
Cache-Control:no-store, no-cache, must-revalidate, post-check=0, pre-check=0
Content-Encoding:gzip
Vary:Accept-Encoding
Expires:Thu, 19 Nov 1981 08:52:00 GMT
Content-Length:10226
X-Powered-By:PHP/5.5.9-1ubuntu4.29
Content-Type:text/html
",a0bb6790c1b1355ebb51abec2e481f2088141a788ce5aa15de74823ab8001240e4a3d4dc3b0b958f5e298814956ee32cff5ea63735f1f8852ef7533de78fe348,200
http://web/,GET,"Cookie:PHPSESSID=ln650u8nlv3q8tu5t28nfj3qn7
Accept:text/html,application/xhtml+xml,application/xml;q=0.9,image/avif,image/webp,image/apng,*/*;q=0.8,application/signed-exchange;v=b3;q=0.9
User-Agent:Mozilla/5.0 (X11; Linux x86_64) AppleWebKit/537.36 (KHTML, like Gecko) Chrome/85.0.4183.102 Safari/537.36
Upgrade-Insecure-Requests:1
",cf83e1357eefb8bdf1542850d66d8007d620e4050b5715dc83f4a921d36ce9ce47d0d13c5d85f2b0ff8318d2877eec2f63b931bd47417a81a538327af927da3e,"Keep-Alive:timeout=5, max=72
Server:Apache/2.4.7 (Ubuntu)
Connection:Keep-Alive
Pragma:no-cache
Date:Mon, 11 May 2026 22:56:01 GMT
Cache-Control:no-store, no-cache, must-revalidate, post-check=0, pre-check=0
Content-Encoding:gzip
Vary:Accept-Encoding
Expires:Thu, 19 Nov 1981 08:52:00 GMT
Content-Length:1283
X-Powered-By:PHP/5.5.9-1ubuntu4.29
Content-Type:text/html
",39b5eeca5ca8502c3ce7f025315ffb008605ae9e2804129a1fbf50a396a5a6b20cbf719da378255ea7df7a8c9f91c5f0105a0f6493c67558520d905506f8bcc3,200
http://web/pictures/view.php?picid=12,GET,"Cookie:PHPSESSID=ln650u8nlv3q8tu5t28nfj3qn7
Accept:text/html,application/xhtml+xml,application/xml;q=0.9,image/avif,image/webp,image/apng,*/*;q=0.8,application/signed-exchange;v=b3;q=0.9
User-Agent:Mozilla/5.0 (X11; Linux x86_64) AppleWebKit/537.36 (KHTML, like Gecko) Chrome/85.0.4183.102 Safari/537.36
Referer:http://web/pictures/recent.php
Upgrade-Insecure-Requests:1
",cf83e1357eefb8bdf1542850d66d8007d620e4050b5715dc83f4a921d36ce9ce47d0d13c5d85f2b0ff8318d2877eec2f63b931bd47417a81a538327af927da3e,"Keep-Alive:timeout=5, max=31
Server:Apache/2.4.7 (Ubuntu)
Connection:Keep-Alive
Pragma:no-cache
Date:Mon, 11 May 2026 22:55:18 GMT
Cache-Control:no-store, no-cache, must-revalidate, post-check=0, pre-check=0
Expires:Thu, 19 Nov 1981 08:52:00 GMT
Content-Length:41
X-Powered-By:PHP/5.5.9-1ubuntu4.29
Location:/users/login.php
Content-Type:text/html
",cf83e1357eefb8bdf1542850d66d8007d620e4050b5715dc83f4a921d36ce9ce47d0d13c5d85f2b0ff8318d2877eec2f63b931bd47417a81a538327af927da3e,303
http://web/admin/index.php?page=login,GET,"Cookie:PHPSESSID=ln650u8nlv3q8tu5t28nfj3qn7
Accept:text/html,application/xhtml+xml,application/xml;q=0.9,image/avif,image/webp,image/apng,*/*;q=0.8,application/signed-exchange;v=b3;q=0.9
User-Agent:Mozilla/5.0 (X11; Linux x86_64) AppleWebKit/537.36 (KHTML, like Gecko) Chrome/85.0.4183.102 Safari/537.36
Referer:http://web/guestbook.php
Upgrade-Insecure-Requests:1
",cf83e1357eefb8bdf1542850d66d8007d620e4050b5715dc83f4a921d36ce9ce47d0d13c5d85f2b0ff8318d2877eec2f63b931bd47417a81a538327af927da3e,"Keep-Alive:timeout=5, max=87
Server:Apache/2.4.7 (Ubuntu)
Connection:Keep-Alive
Pragma:no-cache
Date:Mon, 11 May 2026 22:55:49 GMT
Cache-Control:no-store, no-cache, must-revalidate, post-check=0, pre-check=0
Content-Encoding:gzip
Vary:Accept-Encoding
Expires:Thu, 19 Nov 1981 08:52:00 GMT
Content-Length:216
X-Powered-By:PHP/5.5.9-1ubuntu4.29
Content-Type:text/html
",6a62e89515f9ebbb4d7d4eded31da304857ec4b3103fa1302bd55f6cf62fdb561a439ee929b76c50cfd96b37ee4483fbda7fb827b6ae4f8b200110e8ab025c3f,200
http://web/passcheck.php,GET,"Cookie:PHPSESSID=ln650u8nlv3q8tu5t28nfj3qn7
Accept:text/html,application/xhtml+xml,application/xml;q=0.9,image/avif,image/webp,image/apng,*/*;q=0.8,application/signed-exchange;v=b3;q=0.9
User-Agent:Mozilla/5.0 (X11; Linux x86_64) AppleWebKit/537.36 (KHTML, like Gecko) Chrome/85.0.4183.102 Safari/537.36
Referer:http://web/users/register.php
Upgrade-Insecure-Requests:1
",cf83e1357eefb8bdf1542850d66d8007d620e4050b5715dc83f4a921d36ce9ce47d0d13c5d85f2b0ff8318d2877eec2f63b931bd47417a81a538327af927da3e,"Keep-Alive:timeout=5, max=75
Server:Apache/2.4.7 (Ubuntu)
Connection:Keep-Alive
Pragma:no-cache
Date:Mon, 11 May 2026 22:57:16 GMT
Cache-Control:no-store, no-cache, must-revalidate, post-check=0, pre-check=0
Content-Encoding:gzip
Vary:Accept-Encoding
Expires:Thu, 19 Nov 1981 08:52:00 GMT
Content-Length:927
X-Powered-By:PHP/5.5.9-1ubuntu4.29
Content-Type:text/html
",13090e6b1024969c92ca31154d94607a9483af99a1d5cb8507a6a71bb5dfdaef51be9d73963f6490d28c735438b095a371dbc6a3902087c91101ad7275706a36,200
http://web/admin/index.php?page=login,GET,"Cookie:PHPSESSID=ln650u8nlv3q8tu5t28nfj3qn7
Accept:text/html,application/xhtml+xml,application/xml;q=0.9,image/avif,image/webp,image/apng,*/*;q=0.8,application/signed-exchange;v=b3;q=0.9
User-Agent:Mozilla/5.0 (X11; Linux x86_64) AppleWebKit/537.36 (KHTML, like Gecko) Chrome/85.0.4183.102 Safari/537.36
Referer:http://web/pictures/recent.php
Upgrade-Insecure-Requests:1
",cf83e1357eefb8bdf1542850d66d8007d620e4050b5715dc83f4a921d36ce9ce47d0d13c5d85f2b0ff8318d2877eec2f63b931bd47417a81a538327af927da3e,"Keep-Alive:timeout=5, max=4
Server:Apache/2.4.7 (Ubuntu)
Connection:Keep-Alive
Pragma:no-cache
Date:Mon, 11 May 2026 22:55:36 GMT
Cache-Control:no-store, no-cache, must-revalidate, post-check=0, pre-check=0
Content-Encoding:gzip
Vary:Accept-Encoding
Expires:Thu, 19 Nov 1981 08:52:00 GMT
Content-Length:217
X-Powered-By:PHP/5.5.9-1ubuntu4.29
Content-Type:text/html
",bab50ee830ec8378a973204ee6dbde44eea18d9976cffe14b3ec34394065895ac4a798d9676893270e7157416b2560eceb4826df54ea99bf06aa7fa98f12e07b,200
http://web/users/login.php,GET,"Cookie:PHPSESSID=ln650u8nlv3q8tu5t28nfj3qn7
Accept:text/html,application/xhtml+xml,application/xml;q=0.9,image/avif,image/webp,image/apng,*/*;q=0.8,application/signed-exchange;v=b3;q=0.9
User-Agent:Mozilla/5.0 (X11; Linux x86_64) AppleWebKit/537.36 (KHTML, like Gecko) Chrome/85.0.4183.102 Safari/537.36
Referer:http://web/calendar.php?date=1778713088
Upgrade-Insecure-Requests:1
",cf83e1357eefb8bdf1542850d66d8007d620e4050b5715dc83f4a921d36ce9ce47d0d13c5d85f2b0ff8318d2877eec2f63b931bd47417a81a538327af927da3e,"Server:Apache/2.4.7 (Ubuntu)
Connection:close
Pragma:no-cache
Date:Mon, 11 May 2026 22:58:10 GMT
Cache-Control:no-store, no-cache, must-revalidate, post-check=0, pre-check=0
Content-Encoding:gzip
Vary:Accept-Encoding
Expires:Thu, 19 Nov 1981 08:52:00 GMT
Content-Length:976
X-Powered-By:PHP/5.5.9-1ubuntu4.29
Content-Type:text/html
",108e5583917c5ae9b44cffb2a68e9c8162d2edacb3803bbc00115b500d6268094f4bb43212641f56e91277d121ff0fa918bdbcd72b683ee8f3f9aa494b48b98a,200
http://web/calendar.php?date=1778713111,GET,"Cookie:PHPSESSID=ln650u8nlv3q8tu5t28nfj3qn7
Accept:text/html,application/xhtml+xml,application/xml;q=0.9,image/avif,image/webp,image/apng,*/*;q=0.8,application/signed-exchange;v=b3;q=0.9
User-Agent:Mozilla/5.0 (X11; Linux x86_64) AppleWebKit/537.36 (KHTML, like Gecko) Chrome/85.0.4183.102 Safari/537.36
Referer:http://web/calendar.php?date=1778626711
Upgrade-Insecure-Requests:1
",cf83e1357eefb8bdf1542850d66d8007d620e4050b5715dc83f4a921d36ce9ce47d0d13c5d85f2b0ff8318d2877eec2f63b931bd47417a81a538327af927da3e,"Keep-Alive:timeout=5, max=70
Server:Apache/2.4.7 (Ubuntu)
Connection:Keep-Alive
Pragma:no-cache
Date:Mon, 11 May 2026 22:58:32 GMT
Cache-Control:no-store, no-cache, must-revalidate, post-check=0, pre-check=0
Content-Encoding:gzip
Vary:Accept-Encoding
Expires:Thu, 19 Nov 1981 08:52:00 GMT
Content-Length:945
X-Powered-By:PHP/5.5.9-1ubuntu4.29
Content-Type:text/html
",ec21a1db17afeec1ede69d63219c315b35650cb55eca249e774ad8004dc407e3c26860563774385d32b432999301e673bb5f48002276cfc0b26ca17d60c41926,200
http://web/css/blueprint/screen.css,GET,"Cookie:PHPSESSID=ln650u8nlv3q8tu5t28nfj3qn7
Accept:text/css,*/*;q=0.1
User-Agent:Mozilla/5.0 (X11; Linux x86_64) AppleWebKit/537.36 (KHTML, like Gecko) Chrome/85.0.4183.102 Safari/537.36
Referer:http://web/users/login.php
",cf83e1357eefb8bdf1542850d66d8007d620e4050b5715dc83f4a921d36ce9ce47d0d13c5d85f2b0ff8318d2877eec2f63b931bd47417a81a538327af927da3e,"Server:Apache/2.4.7 (Ubuntu)
Last-Modified:Thu, 02 Feb 2017 22:24:09 GMT
Date:Mon, 11 May 2026 22:54:16 GMT
Accept-Ranges:bytes
ETag:""24c7-547939fb8b440-gzip""
Content-Encoding:gzip
Vary:Accept-Encoding
Content-Length:2682
Content-Type:text/css
",c0995dbb8c323ef465d8cc5d7b640b1a5435beb529b0c6e55594b1c0f3db66e859d23f70cfe8d93285234e722d677fca7c8887bee81a636881b2f91f221f976e,200
http://web/,GET,"Cookie:PHPSESSID=ln650u8nlv3q8tu5t28nfj3qn7
Accept:text/html,application/xhtml+xml,application/xml;q=0.9,image/avif,image/webp,image/apng,*/*;q=0.8,application/signed-exchange;v=b3;q=0.9
User-Agent:Mozilla/5.0 (X11; Linux x86_64) AppleWebKit/537.36 (KHTML, like Gecko) Chrome/85.0.4183.102 Safari/537.36
Referer:http://web/users/login.php
Upgrade-Insecure-Requests:1
",cf83e1357eefb8bdf1542850d66d8007d620e4050b5715dc83f4a921d36ce9ce47d0d13c5d85f2b0ff8318d2877eec2f63b931bd47417a81a538327af927da3e,"Keep-Alive:timeout=5, max=93
Server:Apache/2.4.7 (Ubuntu)
Connection:Keep-Alive
Pragma:no-cache
Date:Mon, 11 May 2026 22:54:23 GMT
Cache-Control:no-store, no-cache, must-revalidate, post-check=0, pre-check=0
Content-Encoding:gzip
Vary:Accept-Encoding
Expires:Thu, 19 Nov 1981 08:52:00 GMT
Content-Length:1283
X-Powered-By:PHP/5.5.9-1ubuntu4.29
Content-Type:text/html
",cbc4ad0139d3380afca133e3d88911b99a3017e72f4d8bd9b4cbb02156b8d9a8f6972dceeb8dd8eecc9dee45d188c32f852e1b7826e4600b1abdcd525a533ff2,200
http://web/,GET,"Cookie:PHPSESSID=ln650u8nlv3q8tu5t28nfj3qn7
Accept:text/html,application/xhtml+xml,application/xml;q=0.9,image/avif,image/webp,image/apng,*/*;q=0.8,application/signed-exchange;v=b3;q=0.9
User-Agent:Mozilla/5.0 (X11; Linux x86_64) AppleWebKit/537.36 (KHTML, like Gecko) Chrome/85.0.4183.102 Safari/537.36
Upgrade-Insecure-Requests:1
",cf83e1357eefb8bdf1542850d66d8007d620e4050b5715dc83f4a921d36ce9ce47d0d13c5d85f2b0ff8318d2877eec2f63b931bd47417a81a538327af927da3e,"Keep-Alive:timeout=5, max=68
Server:Apache/2.4.7 (Ubuntu)
Connection:Keep-Alive
Pragma:no-cache
Date:Mon, 11 May 2026 22:58:33 GMT
Cache-Control:no-store, no-cache, must-revalidate, post-check=0, pre-check=0
Content-Encoding:gzip
Vary:Accept-Encoding
Expires:Thu, 19 Nov 1981 08:52:00 GMT
Content-Length:1283
X-Powered-By:PHP/5.5.9-1ubuntu4.29
Content-Type:text/html
",467d55da4b050bec44f94d23b0ca439fdd43f17199c834fcbcaa548ca914208b69ee5c917ea1ab3fe2287bf23cea3ea608d64c7c2597fc5bf2f0e9632198996e,200
http://web/calendar.php,GET,"Cookie:PHPSESSID=ln650u8nlv3q8tu5t28nfj3qn7
Accept:text/html,application/xhtml+xml,application/xml;q=0.9,image/avif,image/webp,image/apng,*/*;q=0.8,application/signed-exchange;v=b3;q=0.9
User-Agent:Mozilla/5.0 (X11; Linux x86_64) AppleWebKit/537.36 (KHTML, like Gecko) Chrome/85.0.4183.102 Safari/537.36
Referer:http://web/
Upgrade-Insecure-Requests:1
",cf83e1357eefb8bdf1542850d66d8007d620e4050b5715dc83f4a921d36ce9ce47d0d13c5d85f2b0ff8318d2877eec2f63b931bd47417a81a538327af927da3e,"Keep-Alive:timeout=5, max=9
Server:Apache/2.4.7 (Ubuntu)
Connection:Keep-Alive
Pragma:no-cache
Date:Mon, 11 May 2026 22:56:49 GMT
Cache-Control:no-store, no-cache, must-revalidate, post-check=0, pre-check=0
Content-Encoding:gzip
Vary:Accept-Encoding
Expires:Thu, 19 Nov 1981 08:52:00 GMT
Content-Length:943
X-Powered-By:PHP/5.5.9-1ubuntu4.29
Content-Type:text/html
",419ee1c77d9b895ce0d93479e3b837fbc2c93337d9eae9f8e3b9314e6fb11841b9d07886a3b66eae89d50b3dd64a0908fb3788b7986d40e8800228e40730169c,200
http://web/css/blueprint/screen.css,GET,"Cookie:PHPSESSID=ln650u8nlv3q8tu5t28nfj3qn7
Accept:text/css,*/*;q=0.1
User-Agent:Mozilla/5.0 (X11; Linux x86_64) AppleWebKit/537.36 (KHTML, like Gecko) Chrome/85.0.4183.102 Safari/537.36
Referer:http://web/pictures/recent.php
",cf83e1357eefb8bdf1542850d66d8007d620e4050b5715dc83f4a921d36ce9ce47d0d13c5d85f2b0ff8318d2877eec2f63b931bd47417a81a538327af927da3e,"Server:Apache/2.4.7 (Ubuntu)
Last-Modified:Thu, 02 Feb 2017 22:24:09 GMT
Date:Mon, 11 May 2026 22:54:16 GMT
Accept-Ranges:bytes
ETag:""24c7-547939fb8b440-gzip""
Content-Encoding:gzip
Vary:Accept-Encoding
Content-Length:2682
Content-Type:text/css
",c0995dbb8c323ef465d8cc5d7b640b1a5435beb529b0c6e55594b1c0f3db66e859d23f70cfe8d93285234e722d677fca7c8887bee81a636881b2f91f221f976e,200
http://web/,GET,"Cookie:PHPSESSID=ln650u8nlv3q8tu5t28nfj3qn7
Accept:text/html,application/xhtml+xml,application/xml;q=0.9,image/avif,image/webp,image/apng,*/*;q=0.8,application/signed-exchange;v=b3;q=0.9
User-Agent:Mozilla/5.0 (X11; Linux x86_64) AppleWebKit/537.36 (KHTML, like Gecko) Chrome/85.0.4183.102 Safari/537.36
Upgrade-Insecure-Requests:1
",cf83e1357eefb8bdf1542850d66d8007d620e4050b5715dc83f4a921d36ce9ce47d0d13c5d85f2b0ff8318d2877eec2f63b931bd47417a81a538327af927da3e,"Keep-Alive:timeout=5, max=77
Server:Apache/2.4.7 (Ubuntu)
Connection:Keep-Alive
Pragma:no-cache
Date:Mon, 11 May 2026 22:57:14 GMT
Cache-Control:no-store, no-cache, must-revalidate, post-check=0, pre-check=0
Content-Encoding:gzip
Vary:Accept-Encoding
Expires:Thu, 19 Nov 1981 08:52:00 GMT
Content-Length:1282
X-Powered-By:PHP/5.5.9-1ubuntu4.29
Content-Type:text/html
",f935ce5c5edfe760807ebb71aac9f6fed00a317f8868190764c1b9c894fbbc173603d8b55c3b6050a20e99667c37a79154512cac561fb116d979239a434506f2,200
http://web/passcheck.php,GET,"Cookie:PHPSESSID=ln650u8nlv3q8tu5t28nfj3qn7
Accept:text/html,application/xhtml+xml,application/xml;q=0.9,image/avif,image/webp,image/apng,*/*;q=0.8,application/signed-exchange;v=b3;q=0.9
User-Agent:Mozilla/5.0 (X11; Linux x86_64) AppleWebKit/537.36 (KHTML, like Gecko) Chrome/85.0.4183.102 Safari/537.36
Referer:http://web/users/register.php
Upgrade-Insecure-Requests:1
",cf83e1357eefb8bdf1542850d66d8007d620e4050b5715dc83f4a921d36ce9ce47d0d13c5d85f2b0ff8318d2877eec2f63b931bd47417a81a538327af927da3e,"Keep-Alive:timeout=5, max=80
Server:Apache/2.4.7 (Ubuntu)
Connection:Keep-Alive
Pragma:no-cache
Date:Mon, 11 May 2026 22:57:13 GMT
Cache-Control:no-store, no-cache, must-revalidate, post-check=0, pre-check=0
Content-Encoding:gzip
Vary:Accept-Encoding
Expires:Thu, 19 Nov 1981 08:52:00 GMT
Content-Length:928
X-Powered-By:PHP/5.5.9-1ubuntu4.29
Content-Type:text/html
",6111fc789ee6320d3333d58d88252756494c7149d59873f8d251d8f8a737e6e23f93fdb9adff8be5e70c7d36905cee3ad7dafed95a41dfb9e7498f1703b81911,200
http://web/passcheck.php,GET,"Cookie:PHPSESSID=ln650u8nlv3q8tu5t28nfj3qn7
Accept:text/html,application/xhtml+xml,application/xml;q=0.9,image/avif,image/webp,image/apng,*/*;q=0.8,application/signed-exchange;v=b3;q=0.9
User-Agent:Mozilla/5.0 (X11; Linux x86_64) AppleWebKit/537.36 (KHTML, like Gecko) Chrome/85.0.4183.102 Safari/537.36
Referer:http://web/users/register.php
Upgrade-Insecure-Requests:1
",cf83e1357eefb8bdf1542850d66d8007d620e4050b5715dc83f4a921d36ce9ce47d0d13c5d85f2b0ff8318d2877eec2f63b931bd47417a81a538327af927da3e,"Keep-Alive:timeout=5, max=58
Server:Apache/2.4.7 (Ubuntu)
Connection:Keep-Alive
Pragma:no-cache
Date:Mon, 11 May 2026 22:57:29 GMT
Cache-Control:no-store, no-cache, must-revalidate, post-check=0, pre-check=0
Content-Encoding:gzip
Vary:Accept-Encoding
Expires:Thu, 19 Nov 1981 08:52:00 GMT
Content-Length:927
X-Powered-By:PHP/5.5.9-1ubuntu4.29
Content-Type:text/html
",76fb03aaf73d9f851d8cee649b623cc6dc77397170ee91dd2ffcefc1f9196ac0e8a2b6dbf04bb37a2f58c3b258c7edef9f1682446aa3a195d099c6cff704c19d,200
http://web/tos.php,GET,"Cookie:PHPSESSID=ln650u8nlv3q8tu5t28nfj3qn7
Accept:text/html,application/xhtml+xml,application/xml;q=0.9,image/avif,image/webp,image/apng,*/*;q=0.8,application/signed-exchange;v=b3;q=0.9
User-Agent:Mozilla/5.0 (X11; Linux x86_64) AppleWebKit/537.36 (KHTML, like Gecko) Chrome/85.0.4183.102 Safari/537.36
Referer:http://web/calendar.php?date=1778626685
Upgrade-Insecure-Requests:1
",cf83e1357eefb8bdf1542850d66d8007d620e4050b5715dc83f4a921d36ce9ce47d0d13c5d85f2b0ff8318d2877eec2f63b931bd47417a81a538327af927da3e,"Keep-Alive:timeout=5, max=6
Server:Apache/2.4.7 (Ubuntu)
Connection:Keep-Alive
Pragma:no-cache
Date:Mon, 11 May 2026 22:58:07 GMT
Cache-Control:no-store, no-cache, must-revalidate, post-check=0, pre-check=0
Content-Encoding:gzip
Vary:Accept-Encoding
Expires:Thu, 19 Nov 1981 08:52:00 GMT
Content-Length:10227
X-Powered-By:PHP/5.5.9-1ubuntu4.29
Content-Type:text/html
",6ee49889bedd7a3aaed8f1881b37a3579b5e5324c13b0a1207838535149c714dadf226e98bc2668395e299ad60b74724078eced6a46889f27b8e615fddc0a2c9,200
http://web/pictures/recent.php,GET,"Cookie:PHPSESSID=ln650u8nlv3q8tu5t28nfj3qn7
Accept:text/html,application/xhtml+xml,application/xml;q=0.9,image/avif,image/webp,image/apng,*/*;q=0.8,application/signed-exchange;v=b3;q=0.9
User-Agent:Mozilla/5.0 (X11; Linux x86_64) AppleWebKit/537.36 (KHTML, like Gecko) Chrome/85.0.4183.102 Safari/537.36
Referer:http://web/
Upgrade-Insecure-Requests:1
",cf83e1357eefb8bdf1542850d66d8007d620e4050b5715dc83f4a921d36ce9ce47d0d13c5d85f2b0ff8318d2877eec2f63b931bd47417a81a538327af927da3e,"Keep-Alive:timeout=5, max=12
Server:Apache/2.4.7 (Ubuntu)
Connection:Keep-Alive
Pragma:no-cache
Date:Mon, 11 May 2026 22:55:30 GMT
Cache-Control:no-store, no-cache, must-revalidate, post-check=0, pre-check=0
Content-Encoding:gzip
Vary:Accept-Encoding
Expires:Thu, 19 Nov 1981 08:52:00 GMT
Content-Length:1087
X-Powered-By:PHP/5.5.9-1ubuntu4.29
Content-Type:text/html
",62a2b26ca36d046c5b3ed2344415c66b837474a6531ca555a58bc74ec4ae4c74ecae9cbf83ab8ccc42bb25486514660730987c48dc42c80cad607deadab5482f,200
http://web/users/register.php,GET,"Cookie:PHPSESSID=ln650u8nlv3q8tu5t28nfj3qn7
Accept:text/html,application/xhtml+xml,application/xml;q=0.9,image/avif,image/webp,image/apng,*/*;q=0.8,application/signed-exchange;v=b3;q=0.9
User-Agent:Mozilla/5.0 (X11; Linux x86_64) AppleWebKit/537.36 (KHTML, like Gecko) Chrome/85.0.4183.102 Safari/537.36
Referer:http://web/
Upgrade-Insecure-Requests:1
",cf83e1357eefb8bdf1542850d66d8007d620e4050b5715dc83f4a921d36ce9ce47d0d13c5d85f2b0ff8318d2877eec2f63b931bd47417a81a538327af927da3e,"Keep-Alive:timeout=5, max=59
Server:Apache/2.4.7 (Ubuntu)
Connection:Keep-Alive
Pragma:no-cache
Date:Mon, 11 May 2026 22:57:28 GMT
Cache-Control:no-store, no-cache, must-revalidate, post-check=0, pre-check=0
Content-Encoding:gzip
Vary:Accept-Encoding
Expires:Thu, 19 Nov 1981 08:52:00 GMT
Content-Length:1100
X-Powered-By:PHP/5.5.9-1ubuntu4.29
Content-Type:text/html
",a8d3204aa1486b5c6bf68083eb1c1547bbb5f602f2cd4c573f7ea7edd86eb2c99ed046dbc8ca8112f32585198594a0191d5310eb53f2a917dcd0ef2c6db486bb,200
http://web/users/login.php,GET,"Cookie:PHPSESSID=ln650u8nlv3q8tu5t28nfj3qn7
Accept:text/html,application/xhtml+xml,application/xml;q=0.9,image/avif,image/webp,image/apng,*/*;q=0.8,application/signed-exchange;v=b3;q=0.9
User-Agent:Mozilla/5.0 (X11; Linux x86_64) AppleWebKit/537.36 (KHTML, like Gecko) Chrome/85.0.4183.102 Safari/537.36
Referer:http://web/passcheck.php
Upgrade-Insecure-Requests:1
",cf83e1357eefb8bdf1542850d66d8007d620e4050b5715dc83f4a921d36ce9ce47d0d13c5d85f2b0ff8318d2877eec2f63b931bd47417a81a538327af927da3e,"Keep-Alive:timeout=5, max=78
Server:Apache/2.4.7 (Ubuntu)
Connection:Keep-Alive
Pragma:no-cache
Date:Mon, 11 May 2026 22:57:13 GMT
Cache-Control:no-store, no-cache, must-revalidate, post-check=0, pre-check=0
Content-Encoding:gzip
Vary:Accept-Encoding
Expires:Thu, 19 Nov 1981 08:52:00 GMT
Content-Length:976
X-Powered-By:PHP/5.5.9-1ubuntu4.29
Content-Type:text/html
",6c089cc89720df087cbc203b80fd08e1496644554dcc4fe49bdd9da13f143eee3258b8f4cef1f0d5f53358613dc672e07eec88bfec1e9ab1a4ea438beb9961d6,200
http://web/calendar.php,GET,"Cookie:PHPSESSID=ln650u8nlv3q8tu5t28nfj3qn7
Accept:text/html,application/xhtml+xml,application/xml;q=0.9,image/avif,image/webp,image/apng,*/*;q=0.8,application/signed-exchange;v=b3;q=0.9
User-Agent:Mozilla/5.0 (X11; Linux x86_64) AppleWebKit/537.36 (KHTML, like Gecko) Chrome/85.0.4183.102 Safari/537.36
Referer:http://web/
Upgrade-Insecure-Requests:1
",cf83e1357eefb8bdf1542850d66d8007d620e4050b5715dc83f4a921d36ce9ce47d0d13c5d85f2b0ff8318d2877eec2f63b931bd47417a81a538327af927da3e,"Keep-Alive:timeout=5, max=43
Server:Apache/2.4.7 (Ubuntu)
Connection:Keep-Alive
Pragma:no-cache
Date:Mon, 11 May 2026 22:58:50 GMT
Cache-Control:no-store, no-cache, must-revalidate, post-check=0, pre-check=0
Content-Encoding:gzip
Vary:Accept-Encoding
Expires:Thu, 19 Nov 1981 08:52:00 GMT
Content-Length:943
X-Powered-By:PHP/5.5.9-1ubuntu4.29
Content-Type:text/html
",2a747a4a0df5c704980a934a397a7962053d3d25ae9ca925a54fe9fef8168e627f5870528d7f0e558f15e5d353033e4fdba2bb16df8dea33b8979507448719c2,200
http://web/users/register.php,GET,"Cookie:PHPSESSID=ln650u8nlv3q8tu5t28nfj3qn7
Accept:text/html,application/xhtml+xml,application/xml;q=0.9,image/avif,image/webp,image/apng,*/*;q=0.8,application/signed-exchange;v=b3;q=0.9
User-Agent:Mozilla/5.0 (X11; Linux x86_64) AppleWebKit/537.36 (KHTML, like Gecko) Chrome/85.0.4183.102 Safari/537.36
Referer:http://web/
Upgrade-Insecure-Requests:1
",cf83e1357eefb8bdf1542850d66d8007d620e4050b5715dc83f4a921d36ce9ce47d0d13c5d85f2b0ff8318d2877eec2f63b931bd47417a81a538327af927da3e,"Keep-Alive:timeout=5, max=47
Server:Apache/2.4.7 (Ubuntu)
Connection:Keep-Alive
Pragma:no-cache
Date:Mon, 11 May 2026 22:57:37 GMT
Cache-Control:no-store, no-cache, must-revalidate, post-check=0, pre-check=0
Content-Encoding:gzip
Vary:Accept-Encoding
Expires:Thu, 19 Nov 1981 08:52:00 GMT
Content-Length:1099
X-Powered-By:PHP/5.5.9-1ubuntu4.29
Content-Type:text/html
",bbf8c8956ce1f7f86556e3a94f3ee453047c6075ff6ebe15a5f2f0bda3822f01618caa895fd98735a205229e2a3dadba9bef141aacdebd1c2b50e5f626668b5c,200
http://web/images/search_button_white.gif,GET,"Cookie:PHPSESSID=ln650u8nlv3q8tu5t28nfj3qn7
Accept:image/avif,image/webp,image/apng,image/*,*/*;q=0.8
User-Agent:Mozilla/5.0 (X11; Linux x86_64) AppleWebKit/537.36 (KHTML, like Gecko) Chrome/85.0.4183.102 Safari/537.36
Referer:http://web/
",cf83e1357eefb8bdf1542850d66d8007d620e4050b5715dc83f4a921d36ce9ce47d0d13c5d85f2b0ff8318d2877eec2f63b931bd47417a81a538327af927da3e,"Keep-Alive:timeout=5, max=100
Server:Apache/2.4.7 (Ubuntu)
Connection:Keep-Alive
Last-Modified:Thu, 02 Feb 2017 22:24:09 GMT
Date:Mon, 11 May 2026 22:54:16 GMT
Accept-Ranges:bytes
ETag:""1fc-547939fb8b440""
Content-Length:508
Content-Type:image/gif
",c3542cdf07970477cd82086f3e0968a355533cde628c45a2018ac340357b7d2ee35b6e4bf7915290f24a679250722d300985f0ea7b2482b30ac4f8447b2f35c8,200
http://web/calendar.php?date=1778713148,GET,"Cookie:PHPSESSID=ln650u8nlv3q8tu5t28nfj3qn7
Accept:text/html,application/xhtml+xml,application/xml;q=0.9,image/avif,image/webp,image/apng,*/*;q=0.8,application/signed-exchange;v=b3;q=0.9
User-Agent:Mozilla/5.0 (X11; Linux x86_64) AppleWebKit/537.36 (KHTML, like Gecko) Chrome/85.0.4183.102 Safari/537.36
Referer:http://web/calendar.php?date=1778626748
Upgrade-Insecure-Requests:1
",cf83e1357eefb8bdf1542850d66d8007d620e4050b5715dc83f4a921d36ce9ce47d0d13c5d85f2b0ff8318d2877eec2f63b931bd47417a81a538327af927da3e,"Keep-Alive:timeout=5, max=16
Server:Apache/2.4.7 (Ubuntu)
Connection:Keep-Alive
Pragma:no-cache
Date:Mon, 11 May 2026 22:59:09 GMT
Cache-Control:no-store, no-cache, must-revalidate, post-check=0, pre-check=0
Content-Encoding:gzip
Vary:Accept-Encoding
Expires:Thu, 19 Nov 1981 08:52:00 GMT
Content-Length:946
X-Powered-By:PHP/5.5.9-1ubuntu4.29
Content-Type:text/html
",48623dd4bdf151c5843d4682e2e3a74b6c8cb18cc73f1ce91190e3cc69301abd272bafd565cf22f469ce3f1f5be72ca6d1aa8ef7a91a917c77901d33450cd42d,200
http://web/,GET,"Cookie:PHPSESSID=ln650u8nlv3q8tu5t28nfj3qn7
Accept:text/html,application/xhtml+xml,application/xml;q=0.9,image/avif,image/webp,image/apng,*/*;q=0.8,application/signed-exchange;v=b3;q=0.9
User-Agent:Mozilla/5.0 (X11; Linux x86_64) AppleWebKit/537.36 (KHTML, like Gecko) Chrome/85.0.4183.102 Safari/537.36
Upgrade-Insecure-Requests:1
",cf83e1357eefb8bdf1542850d66d8007d620e4050b5715dc83f4a921d36ce9ce47d0d13c5d85f2b0ff8318d2877eec2f63b931bd47417a81a538327af927da3e,"Keep-Alive:timeout=5, max=66
Server:Apache/2.4.7 (Ubuntu)
Connection:Keep-Alive
Pragma:no-cache
Date:Mon, 11 May 2026 22:56:06 GMT
Cache-Control:no-store, no-cache, must-revalidate, post-check=0, pre-check=0
Content-Encoding:gzip
Vary:Accept-Encoding
Expires:Thu, 19 Nov 1981 08:52:00 GMT
Content-Length:1283
X-Powered-By:PHP/5.5.9-1ubuntu4.29
Content-Type:text/html
",cc07326c12a8c9ac70852791f8648332314ad588b51f39157634379ffcc3c8b5ee9b5c2ce41d078fb8367344ce958b7f21d4ea8dea5dbccde045f946a079dfe4,200
http://web/users/home.php,GET,"Cookie:PHPSESSID=ln650u8nlv3q8tu5t28nfj3qn7
Accept:text/html,application/xhtml+xml,application/xml;q=0.9,image/avif,image/webp,image/apng,*/*;q=0.8,application/signed-exchange;v=b3;q=0.9
User-Agent:Mozilla/5.0 (X11; Linux x86_64) AppleWebKit/537.36 (KHTML, like Gecko) Chrome/85.0.4183.102 Safari/537.36
Referer:http://web/users/sample.php?userid=1
Upgrade-Insecure-Requests:1
",cf83e1357eefb8bdf1542850d66d8007d620e4050b5715dc83f4a921d36ce9ce47d0d13c5d85f2b0ff8318d2877eec2f63b931bd47417a81a538327af927da3e,"Keep-Alive:timeout=5, max=47
Server:Apache/2.4.7 (Ubuntu)
Connection:Keep-Alive
Pragma:no-cache
Date:Mon, 11 May 2026 22:56:23 GMT
Cache-Control:no-store, no-cache, must-revalidate, post-check=0, pre-check=0
Expires:Thu, 19 Nov 1981 08:52:00 GMT
Content-Length:41
X-Powered-By:PHP/5.5.9-1ubuntu4.29
Location:/users/login.php
Content-Type:text/html
",cf83e1357eefb8bdf1542850d66d8007d620e4050b5715dc83f4a921d36ce9ce47d0d13c5d85f2b0ff8318d2877eec2f63b931bd47417a81a538327af927da3e,303
http://web/calendar.php,GET,"Cookie:PHPSESSID=ln650u8nlv3q8tu5t28nfj3qn7
Accept:text/html,application/xhtml+xml,application/xml;q=0.9,image/avif,image/webp,image/apng,*/*;q=0.8,application/signed-exchange;v=b3;q=0.9
User-Agent:Mozilla/5.0 (X11; Linux x86_64) AppleWebKit/537.36 (KHTML, like Gecko) Chrome/85.0.4183.102 Safari/537.36
Referer:http://web/
Upgrade-Insecure-Requests:1
",cf83e1357eefb8bdf1542850d66d8007d620e4050b5715dc83f4a921d36ce9ce47d0d13c5d85f2b0ff8318d2877eec2f63b931bd47417a81a538327af927da3e,"Keep-Alive:timeout=5, max=12
Server:Apache/2.4.7 (Ubuntu)
Connection:Keep-Alive
Pragma:no-cache
Date:Mon, 11 May 2026 22:58:02 GMT
Cache-Control:no-store, no-cache, must-revalidate, post-check=0, pre-check=0
Content-Encoding:gzip
Vary:Accept-Encoding
Expires:Thu, 19 Nov 1981 08:52:00 GMT
Content-Length:943
X-Powered-By:PHP/5.5.9-1ubuntu4.29
Content-Type:text/html
",4ff89234cf7b4fd6e0564945ddafc5aa0e7b176b3b228a85891344a3c123e231ffcf4e3418da4a3a4ffc4d73acf4b9655768854046bc28ad669b30e91c8a2002,200
http://web/calendar.php,GET,"Cookie:PHPSESSID=ln650u8nlv3q8tu5t28nfj3qn7
Accept:text/html,application/xhtml+xml,application/xml;q=0.9,image/avif,image/webp,image/apng,*/*;q=0.8,application/signed-exchange;v=b3;q=0.9
User-Agent:Mozilla/5.0 (X11; Linux x86_64) AppleWebKit/537.36 (KHTML, like Gecko) Chrome/85.0.4183.102 Safari/537.36
Referer:http://web/
Upgrade-Insecure-Requests:1
",cf83e1357eefb8bdf1542850d66d8007d620e4050b5715dc83f4a921d36ce9ce47d0d13c5d85f2b0ff8318d2877eec2f63b931bd47417a81a538327af927da3e,"Keep-Alive:timeout=5, max=43
Server:Apache/2.4.7 (Ubuntu)
Connection:Keep-Alive
Pragma:no-cache
Date:Mon, 11 May 2026 22:57:41 GMT
Cache-Control:no-store, no-cache, must-revalidate, post-check=0, pre-check=0
Content-Encoding:gzip
Vary:Accept-Encoding
Expires:Thu, 19 Nov 1981 08:52:00 GMT
Content-Length:944
X-Powered-By:PHP/5.5.9-1ubuntu4.29
Content-Type:text/html
",7fc1598802316b9f6cd75dff78bca6211074800b97cd9df54619c5af19d5cacffbd809c70d9962805ccfe1371f219160fb8f3a4ae9fd0621da4ccbb62ac534f6,200
http://web/,GET,"Cookie:PHPSESSID=ln650u8nlv3q8tu5t28nfj3qn7
Accept:text/html,application/xhtml+xml,application/xml;q=0.9,image/avif,image/webp,image/apng,*/*;q=0.8,application/signed-exchange;v=b3;q=0.9
User-Agent:Mozilla/5.0 (X11; Linux x86_64) AppleWebKit/537.36 (KHTML, like Gecko) Chrome/85.0.4183.102 Safari/537.36
Upgrade-Insecure-Requests:1
",cf83e1357eefb8bdf1542850d66d8007d620e4050b5715dc83f4a921d36ce9ce47d0d13c5d85f2b0ff8318d2877eec2f63b931bd47417a81a538327af927da3e,"Keep-Alive:timeout=5, max=33
Server:Apache/2.4.7 (Ubuntu)
Connection:Keep-Alive
Pragma:no-cache
Date:Mon, 11 May 2026 22:55:17 GMT
Cache-Control:no-store, no-cache, must-revalidate, post-check=0, pre-check=0
Content-Encoding:gzip
Vary:Accept-Encoding
Expires:Thu, 19 Nov 1981 08:52:00 GMT
Content-Length:1283
X-Powered-By:PHP/5.5.9-1ubuntu4.29
Content-Type:text/html
",31cfec4d16cab442dd731564209337f1237af831679f0bf98ac752bf927ae070e0b70caee71d86e6d5338e102d5a16c0a0452d91c79c8631b94c3531d675d809,200
http://web/users/register.php,GET,"Cookie:PHPSESSID=ln650u8nlv3q8tu5t28nfj3qn7
Accept:text/html,application/xhtml+xml,application/xml;q=0.9,image/avif,image/webp,image/apng,*/*;q=0.8,application/signed-exchange;v=b3;q=0.9
User-Agent:Mozilla/5.0 (X11; Linux x86_64) AppleWebKit/537.36 (KHTML, like Gecko) Chrome/85.0.4183.102 Safari/537.36
Referer:http://web/
Upgrade-Insecure-Requests:1
",cf83e1357eefb8bdf1542850d66d8007d620e4050b5715dc83f4a921d36ce9ce47d0d13c5d85f2b0ff8318d2877eec2f63b931bd47417a81a538327af927da3e,"Keep-Alive:timeout=5, max=71
Server:Apache/2.4.7 (Ubuntu)
Connection:Keep-Alive
Pragma:no-cache
Date:Mon, 11 May 2026 22:56:02 GMT
Cache-Control:no-store, no-cache, must-revalidate, post-check=0, pre-check=0
Content-Encoding:gzip
Vary:Accept-Encoding
Expires:Thu, 19 Nov 1981 08:52:00 GMT
Content-Length:1100
X-Powered-By:PHP/5.5.9-1ubuntu4.29
Content-Type:text/html
",ce036d24c06cbb6354d3125bf30f8d67edba1ca17ddb12a5f37e65d97cbb102491627ad142feda8ca751986c90787ba3e2f4e7905830f186959e52f76084c23e,200
http://web/calendar.php,GET,"Cookie:PHPSESSID=ln650u8nlv3q8tu5t28nfj3qn7
Accept:text/html,application/xhtml+xml,application/xml;q=0.9,image/avif,image/webp,image/apng,*/*;q=0.8,application/signed-exchange;v=b3;q=0.9
User-Agent:Mozilla/5.0 (X11; Linux x86_64) AppleWebKit/537.36 (KHTML, like Gecko) Chrome/85.0.4183.102 Safari/537.36
Referer:http://web/
Upgrade-Insecure-Requests:1
",cf83e1357eefb8bdf1542850d66d8007d620e4050b5715dc83f4a921d36ce9ce47d0d13c5d85f2b0ff8318d2877eec2f63b931bd47417a81a538327af927da3e,"Keep-Alive:timeout=5, max=88
Server:Apache/2.4.7 (Ubuntu)
Connection:Keep-Alive
Pragma:no-cache
Date:Mon, 11 May 2026 22:58:19 GMT
Cache-Control:no-store, no-cache, must-revalidate, post-check=0, pre-check=0
Content-Encoding:gzip
Vary:Accept-Encoding
Expires:Thu, 19 Nov 1981 08:52:00 GMT
Content-Length:943
X-Powered-By:PHP/5.5.9-1ubuntu4.29
Content-Type:text/html
",92d262abd27ef5a2fe4bf719562dfbc5bc61a2b209a367320f4343419218c8189ff407abc27985caf4cbe1fbc65a689719295be1ee33fafa09ffb355d5e915dd,200
http://web/pictures/upload.php,GET,"Cookie:PHPSESSID=ln650u8nlv3q8tu5t28nfj3qn7
Accept:text/html,application/xhtml+xml,application/xml;q=0.9,image/avif,image/webp,image/apng,*/*;q=0.8,application/signed-exchange;v=b3;q=0.9
User-Agent:Mozilla/5.0 (X11; Linux x86_64) AppleWebKit/537.36 (KHTML, like Gecko) Chrome/85.0.4183.102 Safari/537.36
Referer:http://web/users/sample.php?userid=1
Upgrade-Insecure-Requests:1
",cf83e1357eefb8bdf1542850d66d8007d620e4050b5715dc83f4a921d36ce9ce47d0d13c5d85f2b0ff8318d2877eec2f63b931bd47417a81a538327af927da3e,"Keep-Alive:timeout=5, max=43
Server:Apache/2.4.7 (Ubuntu)
Connection:Keep-Alive
Pragma:no-cache
Date:Mon, 11 May 2026 22:56:25 GMT
Cache-Control:no-store, no-cache, must-revalidate, post-check=0, pre-check=0
Expires:Thu, 19 Nov 1981 08:52:00 GMT
Content-Length:41
X-Powered-By:PHP/5.5.9-1ubuntu4.29
Location:/users/login.php
Content-Type:text/html
",cf83e1357eefb8bdf1542850d66d8007d620e4050b5715dc83f4a921d36ce9ce47d0d13c5d85f2b0ff8318d2877eec2f63b931bd47417a81a538327af927da3e,303
http://web/pictures/recent.php,GET,"Cookie:PHPSESSID=ln650u8nlv3q8tu5t28nfj3qn7
Accept:text/html,application/xhtml+xml,application/xml;q=0.9,image/avif,image/webp,image/apng,*/*;q=0.8,application/signed-exchange;v=b3;q=0.9
User-Agent:Mozilla/5.0 (X11; Linux x86_64) AppleWebKit/537.36 (KHTML, like Gecko) Chrome/85.0.4183.102 Safari/537.36
Referer:http://web/
Upgrade-Insecure-Requests:1
",cf83e1357eefb8bdf1542850d66d8007d620e4050b5715dc83f4a921d36ce9ce47d0d13c5d85f2b0ff8318d2877eec2f63b931bd47417a81a538327af927da3e,"Keep-Alive:timeout=5, max=16
Server:Apache/2.4.7 (Ubuntu)
Connection:Keep-Alive
Pragma:no-cache
Date:Mon, 11 May 2026 22:55:27 GMT
Cache-Control:no-store, no-cache, must-revalidate, post-check=0, pre-check=0
Content-Encoding:gzip
Vary:Accept-Encoding
Expires:Thu, 19 Nov 1981 08:52:00 GMT
Content-Length:1087
X-Powered-By:PHP/5.5.9-1ubuntu4.29
Content-Type:text/html
",84ac28a35d621f1b994a8faccaa1e39c304822d8346f25ab35c1e73138cda19112cee2579828e9358d34174e39ac95814a232595157ea41148245204e818e79a,200
http://web/calendar.php?date=1778799506,GET,"Cookie:PHPSESSID=ln650u8nlv3q8tu5t28nfj3qn7
Accept:text/html,application/xhtml+xml,application/xml;q=0.9,image/avif,image/webp,image/apng,*/*;q=0.8,application/signed-exchange;v=b3;q=0.9
User-Agent:Mozilla/5.0 (X11; Linux x86_64) AppleWebKit/537.36 (KHTML, like Gecko) Chrome/85.0.4183.102 Safari/537.36
Referer:http://web/calendar.php?date=1778713106
Upgrade-Insecure-Requests:1
",cf83e1357eefb8bdf1542850d66d8007d620e4050b5715dc83f4a921d36ce9ce47d0d13c5d85f2b0ff8318d2877eec2f63b931bd47417a81a538327af927da3e,"Keep-Alive:timeout=5, max=75
Server:Apache/2.4.7 (Ubuntu)
Connection:Keep-Alive
Pragma:no-cache
Date:Mon, 11 May 2026 22:58:28 GMT
Cache-Control:no-store, no-cache, must-revalidate, post-check=0, pre-check=0
Content-Encoding:gzip
Vary:Accept-Encoding
Expires:Thu, 19 Nov 1981 08:52:00 GMT
Content-Length:947
X-Powered-By:PHP/5.5.9-1ubuntu4.29
Content-Type:text/html
",31830fea82442e466be8e8b0c8653862a4544b09ee823d1a4cfb7bc234a87a7068470e925c0a89c3cdecf7c93a7f2e22329827d1a02e3885f600277fa36fcf7a,200
http://web/,GET,"Cookie:PHPSESSID=ln650u8nlv3q8tu5t28nfj3qn7
Accept:text/html,application/xhtml+xml,application/xml;q=0.9,image/avif,image/webp,image/apng,*/*;q=0.8,application/signed-exchange;v=b3;q=0.9
User-Agent:Mozilla/5.0 (X11; Linux x86_64) AppleWebKit/537.36 (KHTML, like Gecko) Chrome/85.0.4183.102 Safari/537.36
Upgrade-Insecure-Requests:1
",cf83e1357eefb8bdf1542850d66d8007d620e4050b5715dc83f4a921d36ce9ce47d0d13c5d85f2b0ff8318d2877eec2f63b931bd47417a81a538327af927da3e,"Keep-Alive:timeout=5, max=6
Server:Apache/2.4.7 (Ubuntu)
Connection:Keep-Alive
Pragma:no-cache
Date:Mon, 11 May 2026 22:55:34 GMT
Cache-Control:no-store, no-cache, must-revalidate, post-check=0, pre-check=0
Content-Encoding:gzip
Vary:Accept-Encoding
Expires:Thu, 19 Nov 1981 08:52:00 GMT
Content-Length:1284
X-Powered-By:PHP/5.5.9-1ubuntu4.29
Content-Type:text/html
",2f50bbcb0a9de59f2a1c51ad0f1606769de2b54b2df9a8fb210e14967fdcd15de9eba43cd47a608ffc5a95588a6a2f6e39a17515fd127a879b1bb35913ecd542,200
http://web/users/home.php,GET,"Cookie:PHPSESSID=ln650u8nlv3q8tu5t28nfj3qn7
Accept:text/html,application/xhtml+xml,application/xml;q=0.9,image/avif,image/webp,image/apng,*/*;q=0.8,application/signed-exchange;v=b3;q=0.9
User-Agent:Mozilla/5.0 (X11; Linux x86_64) AppleWebKit/537.36 (KHTML, like Gecko) Chrome/85.0.4183.102 Safari/537.36
Referer:http://web/tos.php
Upgrade-Insecure-Requests:1
",cf83e1357eefb8bdf1542850d66d8007d620e4050b5715dc83f4a921d36ce9ce47d0d13c5d85f2b0ff8318d2877eec2f63b931bd47417a81a538327af927da3e,"Keep-Alive:timeout=5, max=61
Server:Apache/2.4.7 (Ubuntu)
Connection:Keep-Alive
Pragma:no-cache
Date:Mon, 11 May 2026 22:54:58 GMT
Cache-Control:no-store, no-cache, must-revalidate, post-check=0, pre-check=0
Expires:Thu, 19 Nov 1981 08:52:00 GMT
Content-Length:41
X-Powered-By:PHP/5.5.9-1ubuntu4.29
Location:/users/login.php
Content-Type:text/html
",cf83e1357eefb8bdf1542850d66d8007d620e4050b5715dc83f4a921d36ce9ce47d0d13c5d85f2b0ff8318d2877eec2f63b931bd47417a81a538327af927da3e,303
http://web/users/register.php,GET,"Cookie:PHPSESSID=ln650u8nlv3q8tu5t28nfj3qn7
Accept:text/html,application/xhtml+xml,application/xml;q=0.9,image/avif,image/webp,image/apng,*/*;q=0.8,application/signed-exchange;v=b3;q=0.9
User-Agent:Mozilla/5.0 (X11; Linux x86_64) AppleWebKit/537.36 (KHTML, like Gecko) Chrome/85.0.4183.102 Safari/537.36
Referer:http://web/
Upgrade-Insecure-Requests:1
",cf83e1357eefb8bdf1542850d66d8007d620e4050b5715dc83f4a921d36ce9ce47d0d13c5d85f2b0ff8318d2877eec2f63b931bd47417a81a538327af927da3e,"Keep-Alive:timeout=5, max=81
Server:Apache/2.4.7 (Ubuntu)
Connection:Keep-Alive
Pragma:no-cache
Date:Mon, 11 May 2026 22:57:12 GMT
Cache-Control:no-store, no-cache, must-revalidate, post-check=0, pre-check=0
Content-Encoding:gzip
Vary:Accept-Encoding
Expires:Thu, 19 Nov 1981 08:52:00 GMT
Content-Length:1100
X-Powered-By:PHP/5.5.9-1ubuntu4.29
Content-Type:text/html
",c3c3e39b489c9717d88ea7a9c769cc7dfe6b200a5812e184828a26689ab61cb917fd6debf5fcfa6f20d8bb82cb2d28e12b27649b981112b1a02d4d71515c1051,200
http://web/,GET,"Cookie:PHPSESSID=ln650u8nlv3q8tu5t28nfj3qn7
Accept:text/html,application/xhtml+xml,application/xml;q=0.9,image/avif,image/webp,image/apng,*/*;q=0.8,application/signed-exchange;v=b3;q=0.9
User-Agent:Mozilla/5.0 (X11; Linux x86_64) AppleWebKit/537.36 (KHTML, like Gecko) Chrome/85.0.4183.102 Safari/537.36
Upgrade-Insecure-Requests:1
",cf83e1357eefb8bdf1542850d66d8007d620e4050b5715dc83f4a921d36ce9ce47d0d13c5d85f2b0ff8318d2877eec2f63b931bd47417a81a538327af927da3e,"Keep-Alive:timeout=5, max=52
Server:Apache/2.4.7 (Ubuntu)
Connection:Keep-Alive
Pragma:no-cache
Date:Mon, 11 May 2026 22:56:19 GMT
Cache-Control:no-store, no-cache, must-revalidate, post-check=0, pre-check=0
Content-Encoding:gzip
Vary:Accept-Encoding
Expires:Thu, 19 Nov 1981 08:52:00 GMT
Content-Length:1283
X-Powered-By:PHP/5.5.9-1ubuntu4.29
Content-Type:text/html
",aac18c1a1a67f6ac3a9b709a532a7d9ccda38cfa7fba54aa9ac1722c1e64371dbe69d89dcb7964a472dc7f846d4f9986ed9a6eec01bbc58e7fd222a7be0e0e30,200
http://web/users/login.php,GET,"Cookie:PHPSESSID=ln650u8nlv3q8tu5t28nfj3qn7
Accept:text/html,application/xhtml+xml,application/xml;q=0.9,image/avif,image/webp,image/apng,*/*;q=0.8,application/signed-exchange;v=b3;q=0.9
User-Agent:Mozilla/5.0 (X11; Linux x86_64) AppleWebKit/537.36 (KHTML, like Gecko) Chrome/85.0.4183.102 Safari/537.36
Referer:http://web/users/login.php
Upgrade-Insecure-Requests:1
",cf83e1357eefb8bdf1542850d66d8007d620e4050b5715dc83f4a921d36ce9ce47d0d13c5d85f2b0ff8318d2877eec2f63b931bd47417a81a538327af927da3e,"Keep-Alive:timeout=5, max=89
Server:Apache/2.4.7 (Ubuntu)
Connection:Keep-Alive
Pragma:no-cache
Date:Mon, 11 May 2026 22:54:25 GMT
Cache-Control:no-store, no-cache, must-revalidate, post-check=0, pre-check=0
Content-Encoding:gzip
Vary:Accept-Encoding
Expires:Thu, 19 Nov 1981 08:52:00 GMT
Content-Length:976
X-Powered-By:PHP/5.5.9-1ubuntu4.29
Content-Type:text/html
",f25809b49d153e362a749e8f47934bbd71ad56bc6bcd7a20463f55adb5ba88deacb05198c2a91b81489b1f4a23fed60aba9c0443cf6a9425cce3b281c58bac3c,200
http://web/admin/index.php?page=login,GET,"Cookie:PHPSESSID=ln650u8nlv3q8tu5t28nfj3qn7
Accept:text/html,application/xhtml+xml,application/xml;q=0.9,image/avif,image/webp,image/apng,*/*;q=0.8,application/signed-exchange;v=b3;q=0.9
User-Agent:Mozilla/5.0 (X11; Linux x86_64) AppleWebKit/537.36 (KHTML, like Gecko) Chrome/85.0.4183.102 Safari/537.36
Referer:http://web/users/register.php
Upgrade-Insecure-Requests:1
",cf83e1357eefb8bdf1542850d66d8007d620e4050b5715dc83f4a921d36ce9ce47d0d13c5d85f2b0ff8318d2877eec2f63b931bd47417a81a538327af927da3e,"Keep-Alive:timeout=5, max=57
Server:Apache/2.4.7 (Ubuntu)
Connection:Keep-Alive
Pragma:no-cache
Date:Mon, 11 May 2026 22:56:14 GMT
Cache-Control:no-store, no-cache, must-revalidate, post-check=0, pre-check=0
Content-Encoding:gzip
Vary:Accept-Encoding
Expires:Thu, 19 Nov 1981 08:52:00 GMT
Content-Length:216
X-Powered-By:PHP/5.5.9-1ubuntu4.29
Content-Type:text/html
",b1c8a46fd08a1a6e67de3e23472b96694e6dfe17e401a53264df84679a6e84ccbdb5694ea2e734db705b71f6ee65f36d85ae5997e6644b2ffaae9254b27384f6,200
http://web/calendar.php,GET,"Cookie:PHPSESSID=ln650u8nlv3q8tu5t28nfj3qn7
Accept:text/html,application/xhtml+xml,application/xml;q=0.9,image/avif,image/webp,image/apng,*/*;q=0.8,application/signed-exchange;v=b3;q=0.9
User-Agent:Mozilla/5.0 (X11; Linux x86_64) AppleWebKit/537.36 (KHTML, like Gecko) Chrome/85.0.4183.102 Safari/537.36
Referer:http://web/
Upgrade-Insecure-Requests:1
",cf83e1357eefb8bdf1542850d66d8007d620e4050b5715dc83f4a921d36ce9ce47d0d13c5d85f2b0ff8318d2877eec2f63b931bd47417a81a538327af927da3e,"Keep-Alive:timeout=5, max=72
Server:Apache/2.4.7 (Ubuntu)
Connection:Keep-Alive
Pragma:no-cache
Date:Mon, 11 May 2026 22:58:31 GMT
Cache-Control:no-store, no-cache, must-revalidate, post-check=0, pre-check=0
Content-Encoding:gzip
Vary:Accept-Encoding
Expires:Thu, 19 Nov 1981 08:52:00 GMT
Content-Length:941
X-Powered-By:PHP/5.5.9-1ubuntu4.29
Content-Type:text/html
",e8c97ef2ba76ad672ca9c8499fa8dfad7fd63d8e19974ea9b236bf7bf341afcced9cc6527d60b5dd8b81e0d52474c8fe7318a02ef470b9ddd0a489549572b89a,200
http://web/calendar.php?date=1778626688,GET,"Cookie:PHPSESSID=ln650u8nlv3q8tu5t28nfj3qn7
Accept:text/html,application/xhtml+xml,application/xml;q=0.9,image/avif,image/webp,image/apng,*/*;q=0.8,application/signed-exchange;v=b3;q=0.9
User-Agent:Mozilla/5.0 (X11; Linux x86_64) AppleWebKit/537.36 (KHTML, like Gecko) Chrome/85.0.4183.102 Safari/537.36
Referer:http://web/calendar.php
Upgrade-Insecure-Requests:1
",cf83e1357eefb8bdf1542850d66d8007d620e4050b5715dc83f4a921d36ce9ce47d0d13c5d85f2b0ff8318d2877eec2f63b931bd47417a81a538327af927da3e,"Keep-Alive:timeout=5, max=3
Server:Apache/2.4.7 (Ubuntu)
Connection:Keep-Alive
Pragma:no-cache
Date:Mon, 11 May 2026 22:58:09 GMT
Cache-Control:no-store, no-cache, must-revalidate, post-check=0, pre-check=0
Content-Encoding:gzip
Vary:Accept-Encoding
Expires:Thu, 19 Nov 1981 08:52:00 GMT
Content-Length:945
X-Powered-By:PHP/5.5.9-1ubuntu4.29
Content-Type:text/html
",4fc093316f38f1bfa9bf4bab3d41fdc20f2dcee937cc6bc4655e898dfaf129b736ebf32712532a8f66d978079abb49f3fbefa75f1f51d44d9b3c4cfe537fe7a4,200
http://web/,GET,"Cookie:PHPSESSID=ln650u8nlv3q8tu5t28nfj3qn7
Accept:text/html,application/xhtml+xml,application/xml;q=0.9,image/avif,image/webp,image/apng,*/*;q=0.8,application/signed-exchange;v=b3;q=0.9
User-Agent:Mozilla/5.0 (X11; Linux x86_64) AppleWebKit/537.36 (KHTML, like Gecko) Chrome/85.0.4183.102 Safari/537.36
Upgrade-Insecure-Requests:1
",cf83e1357eefb8bdf1542850d66d8007d620e4050b5715dc83f4a921d36ce9ce47d0d13c5d85f2b0ff8318d2877eec2f63b931bd47417a81a538327af927da3e,"Keep-Alive:timeout=5, max=21
Server:Apache/2.4.7 (Ubuntu)
Connection:Keep-Alive
Pragma:no-cache
Date:Mon, 11 May 2026 22:55:24 GMT
Cache-Control:no-store, no-cache, must-revalidate, post-check=0, pre-check=0
Content-Encoding:gzip
Vary:Accept-Encoding
Expires:Thu, 19 Nov 1981 08:52:00 GMT
Content-Length:1284
X-Powered-By:PHP/5.5.9-1ubuntu4.29
Content-Type:text/html
",3be3043dafdd99b669f455f5e8cc83ca6810beaaccbbe96c3393fc0e78331297c9301741dee0c3d8aaee5abbb5303ce2138c338fba8f557cf2c52cb1853053ba,200
http://web/calendar.php?date=1778626616,GET,"Cookie:PHPSESSID=ln650u8nlv3q8tu5t28nfj3qn7
Accept:text/html,application/xhtml+xml,application/xml;q=0.9,image/avif,image/webp,image/apng,*/*;q=0.8,application/signed-exchange;v=b3;q=0.9
User-Agent:Mozilla/5.0 (X11; Linux x86_64) AppleWebKit/537.36 (KHTML, like Gecko) Chrome/85.0.4183.102 Safari/537.36
Referer:http://web/calendar.php
Upgrade-Insecure-Requests:1
",cf83e1357eefb8bdf1542850d66d8007d620e4050b5715dc83f4a921d36ce9ce47d0d13c5d85f2b0ff8318d2877eec2f63b931bd47417a81a538327af927da3e,"Keep-Alive:timeout=5, max=100
Server:Apache/2.4.7 (Ubuntu)
Connection:Keep-Alive
Pragma:no-cache
Date:Mon, 11 May 2026 22:56:57 GMT
Cache-Control:no-store, no-cache, must-revalidate, post-check=0, pre-check=0
Content-Encoding:gzip
Vary:Accept-Encoding
Expires:Thu, 19 Nov 1981 08:52:00 GMT
Content-Length:945
X-Powered-By:PHP/5.5.9-1ubuntu4.29
Content-Type:text/html
",b4eaf07f7d0c25ccea193a2376873bb5d670c5f440dc561bb2514a8a53aa80ec66043d57b0b34ad9a470df034166529d38e504356a6ad6138dca76f260da181d,200
http://web/,GET,"Cookie:PHPSESSID=ln650u8nlv3q8tu5t28nfj3qn7
Accept:text/html,application/xhtml+xml,application/xml;q=0.9,image/avif,image/webp,image/apng,*/*;q=0.8,application/signed-exchange;v=b3;q=0.9
User-Agent:Mozilla/5.0 (X11; Linux x86_64) AppleWebKit/537.36 (KHTML, like Gecko) Chrome/85.0.4183.102 Safari/537.36
Upgrade-Insecure-Requests:1
",cf83e1357eefb8bdf1542850d66d8007d620e4050b5715dc83f4a921d36ce9ce47d0d13c5d85f2b0ff8318d2877eec2f63b931bd47417a81a538327af927da3e,"Keep-Alive:timeout=5, max=44
Server:Apache/2.4.7 (Ubuntu)
Connection:Keep-Alive
Pragma:no-cache
Date:Mon, 11 May 2026 22:57:40 GMT
Cache-Control:no-store, no-cache, must-revalidate, post-check=0, pre-check=0
Content-Encoding:gzip
Vary:Accept-Encoding
Expires:Thu, 19 Nov 1981 08:52:00 GMT
Content-Length:1283
X-Powered-By:PHP/5.5.9-1ubuntu4.29
Content-Type:text/html
",960aedefe7abf64223d4bcf3ad85ab43390625145e3a2db7f0d10e02b8aded9df358babe7b5f52bb54f871358c549507f078efc07d03fec9969cc1a5f895f295,200
http://web/users/login.php,GET,"Cookie:PHPSESSID=ln650u8nlv3q8tu5t28nfj3qn7
Accept:text/html,application/xhtml+xml,application/xml;q=0.9,image/avif,image/webp,image/apng,*/*;q=0.8,application/signed-exchange;v=b3;q=0.9
User-Agent:Mozilla/5.0 (X11; Linux x86_64) AppleWebKit/537.36 (KHTML, like Gecko) Chrome/85.0.4183.102 Safari/537.36
Referer:http://web/calendar.php?date=1778799526
Upgrade-Insecure-Requests:1
",cf83e1357eefb8bdf1542850d66d8007d620e4050b5715dc83f4a921d36ce9ce47d0d13c5d85f2b0ff8318d2877eec2f63b931bd47417a81a538327af927da3e,"Keep-Alive:timeout=5, max=45
Server:Apache/2.4.7 (Ubuntu)
Connection:Keep-Alive
Pragma:no-cache
Date:Mon, 11 May 2026 22:58:48 GMT
Cache-Control:no-store, no-cache, must-revalidate, post-check=0, pre-check=0
Content-Encoding:gzip
Vary:Accept-Encoding
Expires:Thu, 19 Nov 1981 08:52:00 GMT
Content-Length:977
X-Powered-By:PHP/5.5.9-1ubuntu4.29
Content-Type:text/html
",b7e9125cac8df945e662831e1a876cc37e1daebfa329cfaafbdb57d6bb0f4472c770b01ba52a360d5887cbaf236d451c867979e059f5e048795cf32f2f3671cc,200
http://web/,GET,"Cookie:PHPSESSID=ln650u8nlv3q8tu5t28nfj3qn7
Accept:text/html,application/xhtml+xml,application/xml;q=0.9,image/avif,image/webp,image/apng,*/*;q=0.8,application/signed-exchange;v=b3;q=0.9
User-Agent:Mozilla/5.0 (X11; Linux x86_64) AppleWebKit/537.36 (KHTML, like Gecko) Chrome/85.0.4183.102 Safari/537.36
Upgrade-Insecure-Requests:1
",cf83e1357eefb8bdf1542850d66d8007d620e4050b5715dc83f4a921d36ce9ce47d0d13c5d85f2b0ff8318d2877eec2f63b931bd47417a81a538327af927da3e,"Keep-Alive:timeout=5, max=32
Server:Apache/2.4.7 (Ubuntu)
Connection:Keep-Alive
Pragma:no-cache
Date:Mon, 11 May 2026 22:58:57 GMT
Cache-Control:no-store, no-cache, must-revalidate, post-check=0, pre-check=0
Content-Encoding:gzip
Vary:Accept-Encoding
Expires:Thu, 19 Nov 1981 08:52:00 GMT
Content-Length:1283
X-Powered-By:PHP/5.5.9-1ubuntu4.29
Content-Type:text/html
",b2fd95bd25670550725e940b13449175375a15e420ecc64cdafb9cc3c646c261b87cc2ff2816f89fbcf20ed582cf8ff85f4847ff346bcc2c565a392a6a72f0fa,200
http://web/passcheck.php,POST,"Origin:http://web
Cookie:PHPSESSID=ln650u8nlv3q8tu5t28nfj3qn7
Accept:text/html,application/xhtml+xml,application/xml;q=0.9,image/avif,image/webp,image/apng,*/*;q=0.8,application/signed-exchange;v=b3;q=0.9
User-Agent:Mozilla/5.0 (X11; Linux x86_64) AppleWebKit/537.36 (KHTML, like Gecko) Chrome/85.0.4183.102 Safari/537.36
Referer:http://web/passcheck.php
Upgrade-Insecure-Requests:1
Content-Type:application/x-www-form-urlencoded
",8a68908a87a6cdd8ee39f113bc666b4b002bf82ba2045008513c627578378460bec6bedb37c351dd1f67b86cab873490c708dfdd2b4d55e71dbaf0f05e4f2f32,"Keep-Alive:timeout=5, max=45
Server:Apache/2.4.7 (Ubuntu)
Connection:Keep-Alive
Pragma:no-cache
Date:Mon, 11 May 2026 22:57:39 GMT
Cache-Control:no-store, no-cache, must-revalidate, post-check=0, pre-check=0
Content-Encoding:gzip
Vary:Accept-Encoding
Expires:Thu, 19 Nov 1981 08:52:00 GMT
Content-Length:928
X-Powered-By:PHP/5.5.9-1ubuntu4.29
Content-Type:text/html
",94afdbeb9a0c584030ff800dfc292c5c2cc1e6af225efd73c87b532f8211706536f7cdf39e8a7772dea11b8dc1404573ed878f9fd7023ad7339f5f8bb29a2656,200
http://web/,GET,"Cookie:PHPSESSID=ln650u8nlv3q8tu5t28nfj3qn7
Accept:text/html,application/xhtml+xml,application/xml;q=0.9,image/avif,image/webp,image/apng,*/*;q=0.8,application/signed-exchange;v=b3;q=0.9
User-Agent:Mozilla/5.0 (X11; Linux x86_64) AppleWebKit/537.36 (KHTML, like Gecko) Chrome/85.0.4183.102 Safari/537.36
Referer:http://web/
Upgrade-Insecure-Requests:1
",cf83e1357eefb8bdf1542850d66d8007d620e4050b5715dc83f4a921d36ce9ce47d0d13c5d85f2b0ff8318d2877eec2f63b931bd47417a81a538327af927da3e,"Keep-Alive:timeout=5, max=66
Server:Apache/2.4.7 (Ubuntu)
Connection:Keep-Alive
Pragma:no-cache
Date:Mon, 11 May 2026 22:54:55 GMT
Cache-Control:no-store, no-cache, must-revalidate, post-check=0, pre-check=0
Content-Encoding:gzip
Vary:Accept-Encoding
Expires:Thu, 19 Nov 1981 08:52:00 GMT
Content-Length:1284
X-Powered-By:PHP/5.5.9-1ubuntu4.29
Content-Type:text/html
",a8e0f9117eb568b8cb425d5d9ca14807ecd83e5c43abe9339e53768648ccf7bd08f12331f8f8f286b06ba6d748db6d49e9bf352f6e440e51ba38315296251c1a,200
http://web/users/home.php,GET,"Cookie:PHPSESSID=ln650u8nlv3q8tu5t28nfj3qn7
Accept:text/html,application/xhtml+xml,application/xml;q=0.9,image/avif,image/webp,image/apng,*/*;q=0.8,application/signed-exchange;v=b3;q=0.9
User-Agent:Mozilla/5.0 (X11; Linux x86_64) AppleWebKit/537.36 (KHTML, like Gecko) Chrome/85.0.4183.102 Safari/537.36
Referer:http://web/users/register.php
Upgrade-Insecure-Requests:1
",cf83e1357eefb8bdf1542850d66d8007d620e4050b5715dc83f4a921d36ce9ce47d0d13c5d85f2b0ff8318d2877eec2f63b931bd47417a81a538327af927da3e,"Keep-Alive:timeout=5, max=82
Server:Apache/2.4.7 (Ubuntu)
Connection:Keep-Alive
Pragma:no-cache
Date:Mon, 11 May 2026 22:54:42 GMT
Cache-Control:no-store, no-cache, must-revalidate, post-check=0, pre-check=0
Expires:Thu, 19 Nov 1981 08:52:00 GMT
Content-Length:41
X-Powered-By:PHP/5.5.9-1ubuntu4.29
Location:/users/login.php
Content-Type:text/html
",cf83e1357eefb8bdf1542850d66d8007d620e4050b5715dc83f4a921d36ce9ce47d0d13c5d85f2b0ff8318d2877eec2f63b931bd47417a81a538327af927da3e,303
http://web/users/login.php,GET,"Cookie:PHPSESSID=ln650u8nlv3q8tu5t28nfj3qn7
Accept:text/html,application/xhtml+xml,application/xml;q=0.9,image/avif,image/webp,image/apng,*/*;q=0.8,application/signed-exchange;v=b3;q=0.9
User-Agent:Mozilla/5.0 (X11; Linux x86_64) AppleWebKit/537.36 (KHTML, like Gecko) Chrome/85.0.4183.102 Safari/537.36
Referer:http://web/calendar.php?date=1778626661
Upgrade-Insecure-Requests:1
",cf83e1357eefb8bdf1542850d66d8007d620e4050b5715dc83f4a921d36ce9ce47d0d13c5d85f2b0ff8318d2877eec2f63b931bd47417a81a538327af927da3e,"Keep-Alive:timeout=5, max=40
Server:Apache/2.4.7 (Ubuntu)
Connection:Keep-Alive
Pragma:no-cache
Date:Mon, 11 May 2026 22:57:42 GMT
Cache-Control:no-store, no-cache, must-revalidate, post-check=0, pre-check=0
Content-Encoding:gzip
Vary:Accept-Encoding
Expires:Thu, 19 Nov 1981 08:52:00 GMT
Content-Length:974
X-Powered-By:PHP/5.5.9-1ubuntu4.29
Content-Type:text/html
",60a74ff9bc2820c17ea0e57a007402bdab4302f095fba78fe904b826056b614828967c9069d81755186c62f3e9d2c5dcabadfd18a20b8325a86ed372752d2adc,200
http://web/users/login.php,GET,"Cookie:PHPSESSID=ln650u8nlv3q8tu5t28nfj3qn7
Accept:text/html,application/xhtml+xml,application/xml;q=0.9,image/avif,image/webp,image/apng,*/*;q=0.8,application/signed-exchange;v=b3;q=0.9
User-Agent:Mozilla/5.0 (X11; Linux x86_64) AppleWebKit/537.36 (KHTML, like Gecko) Chrome/85.0.4183.102 Safari/537.36
Referer:http://web/passcheck.php
Upgrade-Insecure-Requests:1
",cf83e1357eefb8bdf1542850d66d8007d620e4050b5715dc83f4a921d36ce9ce47d0d13c5d85f2b0ff8318d2877eec2f63b931bd47417a81a538327af927da3e,"Keep-Alive:timeout=5, max=73
Server:Apache/2.4.7 (Ubuntu)
Connection:Keep-Alive
Pragma:no-cache
Date:Mon, 11 May 2026 22:57:17 GMT
Cache-Control:no-store, no-cache, must-revalidate, post-check=0, pre-check=0
Content-Encoding:gzip
Vary:Accept-Encoding
Expires:Thu, 19 Nov 1981 08:52:00 GMT
Content-Length:975
X-Powered-By:PHP/5.5.9-1ubuntu4.29
Content-Type:text/html
",773ffba288d94a3c30ee8f809bce45756f79d2f8a4f031e6ad8106304aeed4992e1cd47731dcb6ea500d22830472f7b7ac2a3ca634e02190a3e3fc8aa80eb1c1,200
http://web/pictures/view.php?picid=9,GET,"Cookie:PHPSESSID=ln650u8nlv3q8tu5t28nfj3qn7
Accept:text/html,application/xhtml+xml,application/xml;q=0.9,image/avif,image/webp,image/apng,*/*;q=0.8,application/signed-exchange;v=b3;q=0.9
User-Agent:Mozilla/5.0 (X11; Linux x86_64) AppleWebKit/537.36 (KHTML, like Gecko) Chrome/85.0.4183.102 Safari/537.36
Referer:http://web/pictures/recent.php
Upgrade-Insecure-Requests:1
",cf83e1357eefb8bdf1542850d66d8007d620e4050b5715dc83f4a921d36ce9ce47d0d13c5d85f2b0ff8318d2877eec2f63b931bd47417a81a538327af927da3e,"Keep-Alive:timeout=5, max=19
Server:Apache/2.4.7 (Ubuntu)
Connection:Keep-Alive
Pragma:no-cache
Date:Mon, 11 May 2026 22:55:26 GMT
Cache-Control:no-store, no-cache, must-revalidate, post-check=0, pre-check=0
Expires:Thu, 19 Nov 1981 08:52:00 GMT
Content-Length:41
X-Powered-By:PHP/5.5.9-1ubuntu4.29
Location:/users/login.php
Content-Type:text/html
",cf83e1357eefb8bdf1542850d66d8007d620e4050b5715dc83f4a921d36ce9ce47d0d13c5d85f2b0ff8318d2877eec2f63b931bd47417a81a538327af927da3e,303
http://web/tos.php,GET,"Cookie:PHPSESSID=ln650u8nlv3q8tu5t28nfj3qn7
Accept:text/html,application/xhtml+xml,application/xml;q=0.9,image/avif,image/webp,image/apng,*/*;q=0.8,application/signed-exchange;v=b3;q=0.9
User-Agent:Mozilla/5.0 (X11; Linux x86_64) AppleWebKit/537.36 (KHTML, like Gecko) Chrome/85.0.4183.102 Safari/537.36
Referer:http://web/passcheck.php
Upgrade-Insecure-Requests:1
",cf83e1357eefb8bdf1542850d66d8007d620e4050b5715dc83f4a921d36ce9ce47d0d13c5d85f2b0ff8318d2877eec2f63b931bd47417a81a538327af927da3e,"Keep-Alive:timeout=5, max=49
Server:Apache/2.4.7 (Ubuntu)
Connection:Keep-Alive
Pragma:no-cache
Date:Mon, 11 May 2026 22:57:36 GMT
Cache-Control:no-store, no-cache, must-revalidate, post-check=0, pre-check=0
Content-Encoding:gzip
Vary:Accept-Encoding
Expires:Thu, 19 Nov 1981 08:52:00 GMT
Content-Length:10228
X-Powered-By:PHP/5.5.9-1ubuntu4.29
Content-Type:text/html
",afa5828fcf6cd4a234fec34788ec731c6fa12d2de87f3451a5bdbfad7635dc7f74060223ae332b872fc69e6e77908f4b163e5ebfcdeebdb5edaf03ed6fd5bda2,200
http://web/calendar.php,GET,"Cookie:PHPSESSID=ln650u8nlv3q8tu5t28nfj3qn7
Accept:text/html,application/xhtml+xml,application/xml;q=0.9,image/avif,image/webp,image/apng,*/*;q=0.8,application/signed-exchange;v=b3;q=0.9
User-Agent:Mozilla/5.0 (X11; Linux x86_64) AppleWebKit/537.36 (KHTML, like Gecko) Chrome/85.0.4183.102 Safari/537.36
Referer:http://web/
Upgrade-Insecure-Requests:1
",cf83e1357eefb8bdf1542850d66d8007d620e4050b5715dc83f4a921d36ce9ce47d0d13c5d85f2b0ff8318d2877eec2f63b931bd47417a81a538327af927da3e,"Keep-Alive:timeout=5, max=67
Server:Apache/2.4.7 (Ubuntu)
Connection:Keep-Alive
Pragma:no-cache
Date:Mon, 11 May 2026 22:58:34 GMT
Cache-Control:no-store, no-cache, must-revalidate, post-check=0, pre-check=0
Content-Encoding:gzip
Vary:Accept-Encoding
Expires:Thu, 19 Nov 1981 08:52:00 GMT
Content-Length:943
X-Powered-By:PHP/5.5.9-1ubuntu4.29
Content-Type:text/html
",83015a47e2214c81cdbc9ad79e076ffa52e2df792bb2e4de8f033c5a27f26291c0dd2f6b965d97b5369e97894e0848814b9015daadaf7eb4e73454ed442c7afb,200
http://web/,GET,"Cookie:PHPSESSID=ln650u8nlv3q8tu5t28nfj3qn7
Accept:text/html,application/xhtml+xml,application/xml;q=0.9,image/avif,image/webp,image/apng,*/*;q=0.8,application/signed-exchange;v=b3;q=0.9
User-Agent:Mozilla/5.0 (X11; Linux x86_64) AppleWebKit/537.36 (KHTML, like Gecko) Chrome/85.0.4183.102 Safari/537.36
Upgrade-Insecure-Requests:1
",cf83e1357eefb8bdf1542850d66d8007d620e4050b5715dc83f4a921d36ce9ce47d0d13c5d85f2b0ff8318d2877eec2f63b931bd47417a81a538327af927da3e,"Keep-Alive:timeout=5, max=70
Server:Apache/2.4.7 (Ubuntu)
Connection:Keep-Alive
Pragma:no-cache
Date:Mon, 11 May 2026 22:54:52 GMT
Cache-Control:no-store, no-cache, must-revalidate, post-check=0, pre-check=0
Content-Encoding:gzip
Vary:Accept-Encoding
Expires:Thu, 19 Nov 1981 08:52:00 GMT
Content-Length:1283
X-Powered-By:PHP/5.5.9-1ubuntu4.29
Content-Type:text/html
",4a6047b2e97319bc2c0a0cd21eb4cb990654d9e15bb65ab2562b13b1774405533239a2679932c4aee73228e94c54a9e338878fb718b1d8875be843f3359c0100,200
http://web/pictures/recent.php,GET,"Cookie:PHPSESSID=ln650u8nlv3q8tu5t28nfj3qn7
Accept:text/html,application/xhtml+xml,application/xml;q=0.9,image/avif,image/webp,image/apng,*/*;q=0.8,application/signed-exchange;v=b3;q=0.9
User-Agent:Mozilla/5.0 (X11; Linux x86_64) AppleWebKit/537.36 (KHTML, like Gecko) Chrome/85.0.4183.102 Safari/537.36
Referer:http://web/users/sample.php?userid=1
Upgrade-Insecure-Requests:1
",cf83e1357eefb8bdf1542850d66d8007d620e4050b5715dc83f4a921d36ce9ce47d0d13c5d85f2b0ff8318d2877eec2f63b931bd47417a81a538327af927da3e,"Keep-Alive:timeout=5, max=39
Server:Apache/2.4.7 (Ubuntu)
Connection:Keep-Alive
Pragma:no-cache
Date:Mon, 11 May 2026 22:56:28 GMT
Cache-Control:no-store, no-cache, must-revalidate, post-check=0, pre-check=0
Content-Encoding:gzip
Vary:Accept-Encoding
Expires:Thu, 19 Nov 1981 08:52:00 GMT
Content-Length:1088
X-Powered-By:PHP/5.5.9-1ubuntu4.29
Content-Type:text/html
",d3c963efb2aae3f1829958c73c8935d3b4c6cc5d3fcc07a0d577d66b5209386b1793248aa3dbdc147a810c5f85cdac9b291f842d155456f33a95049489a875f4,200
http://web/users/home.php,GET,"Cookie:PHPSESSID=ln650u8nlv3q8tu5t28nfj3qn7
Accept:text/html,application/xhtml+xml,application/xml;q=0.9,image/avif,image/webp,image/apng,*/*;q=0.8,application/signed-exchange;v=b3;q=0.9
User-Agent:Mozilla/5.0 (X11; Linux x86_64) AppleWebKit/537.36 (KHTML, like Gecko) Chrome/85.0.4183.102 Safari/537.36
Referer:http://web/calendar.php?date=1778713088
Upgrade-Insecure-Requests:1
",cf83e1357eefb8bdf1542850d66d8007d620e4050b5715dc83f4a921d36ce9ce47d0d13c5d85f2b0ff8318d2877eec2f63b931bd47417a81a538327af927da3e,"Keep-Alive:timeout=5, max=1
Server:Apache/2.4.7 (Ubuntu)
Connection:Keep-Alive
Pragma:no-cache
Date:Mon, 11 May 2026 22:58:10 GMT
Cache-Control:no-store, no-cache, must-revalidate, post-check=0, pre-check=0
Expires:Thu, 19 Nov 1981 08:52:00 GMT
Content-Length:41
X-Powered-By:PHP/5.5.9-1ubuntu4.29
Location:/users/login.php
Content-Type:text/html
",cf83e1357eefb8bdf1542850d66d8007d620e4050b5715dc83f4a921d36ce9ce47d0d13c5d85f2b0ff8318d2877eec2f63b931bd47417a81a538327af927da3e,303
http://web/css/blueprint/screen.css,GET,"Cookie:PHPSESSID=ln650u8nlv3q8tu5t28nfj3qn7
Accept:text/css,*/*;q=0.1
User-Agent:Mozilla/5.0 (X11; Linux x86_64) AppleWebKit/537.36 (KHTML, like Gecko) Chrome/85.0.4183.102 Safari/537.36
Referer:http://web/tos.php
",cf83e1357eefb8bdf1542850d66d8007d620e4050b5715dc83f4a921d36ce9ce47d0d13c5d85f2b0ff8318d2877eec2f63b931bd47417a81a538327af927da3e,"Server:Apache/2.4.7 (Ubuntu)
Last-Modified:Thu, 02 Feb 2017 22:24:09 GMT
Date:Mon, 11 May 2026 22:54:16 GMT
Accept-Ranges:bytes
ETag:""24c7-547939fb8b440-gzip""
Content-Encoding:gzip
Vary:Accept-Encoding
Content-Length:2682
Content-Type:text/css
",c0995dbb8c323ef465d8cc5d7b640b1a5435beb529b0c6e55594b1c0f3db66e859d23f70cfe8d93285234e722d677fca7c8887bee81a636881b2f91f221f976e,200
http://web/,GET,"Cookie:PHPSESSID=ln650u8nlv3q8tu5t28nfj3qn7
Accept:text/html,application/xhtml+xml,application/xml;q=0.9,image/avif,image/webp,image/apng,*/*;q=0.8,application/signed-exchange;v=b3;q=0.9
User-Agent:Mozilla/5.0 (X11; Linux x86_64) AppleWebKit/537.36 (KHTML, like Gecko) Chrome/85.0.4183.102 Safari/537.36
Upgrade-Insecure-Requests:1
",cf83e1357eefb8bdf1542850d66d8007d620e4050b5715dc83f4a921d36ce9ce47d0d13c5d85f2b0ff8318d2877eec2f63b931bd47417a81a538327af927da3e,"Keep-Alive:timeout=5, max=13
Server:Apache/2.4.7 (Ubuntu)
Connection:Keep-Alive
Pragma:no-cache
Date:Mon, 11 May 2026 22:55:29 GMT
Cache-Control:no-store, no-cache, must-revalidate, post-check=0, pre-check=0
Content-Encoding:gzip
Vary:Accept-Encoding
Expires:Thu, 19 Nov 1981 08:52:00 GMT
Content-Length:1282
X-Powered-By:PHP/5.5.9-1ubuntu4.29
Content-Type:text/html
",26e6a3de6d2804ba8edfced67f97d883215506095eceb9bfd9a1ae202424adcd1e87bf45203e9e06b8b11186f76f46f81ac802fc19cb989f283375d3579970ef,200
http://web/users/home.php,GET,"Cookie:PHPSESSID=ln650u8nlv3q8tu5t28nfj3qn7
Accept:text/html,application/xhtml+xml,application/xml;q=0.9,image/avif,image/webp,image/apng,*/*;q=0.8,application/signed-exchange;v=b3;q=0.9
User-Agent:Mozilla/5.0 (X11; Linux x86_64) AppleWebKit/537.36 (KHTML, like Gecko) Chrome/85.0.4183.102 Safari/537.36
Referer:http://web/calendar.php
Upgrade-Insecure-Requests:1
",cf83e1357eefb8bdf1542850d66d8007d620e4050b5715dc83f4a921d36ce9ce47d0d13c5d85f2b0ff8318d2877eec2f63b931bd47417a81a538327af927da3e,"Keep-Alive:timeout=5, max=16
Server:Apache/2.4.7 (Ubuntu)
Connection:Keep-Alive
Pragma:no-cache
Date:Mon, 11 May 2026 22:56:45 GMT
Cache-Control:no-store, no-cache, must-revalidate, post-check=0, pre-check=0
Expires:Thu, 19 Nov 1981 08:52:00 GMT
Content-Length:41
X-Powered-By:PHP/5.5.9-1ubuntu4.29
Location:/users/login.php
Content-Type:text/html
",cf83e1357eefb8bdf1542850d66d8007d620e4050b5715dc83f4a921d36ce9ce47d0d13c5d85f2b0ff8318d2877eec2f63b931bd47417a81a538327af927da3e,303
http://web/pictures/view.php?picid=7,GET,"Cookie:PHPSESSID=ln650u8nlv3q8tu5t28nfj3qn7
Accept:text/html,application/xhtml+xml,application/xml;q=0.9,image/avif,image/webp,image/apng,*/*;q=0.8,application/signed-exchange;v=b3;q=0.9
User-Agent:Mozilla/5.0 (X11; Linux x86_64) AppleWebKit/537.36 (KHTML, like Gecko) Chrome/85.0.4183.102 Safari/537.36
Referer:http://web/pictures/recent.php
Upgrade-Insecure-Requests:1
",cf83e1357eefb8bdf1542850d66d8007d620e4050b5715dc83f4a921d36ce9ce47d0d13c5d85f2b0ff8318d2877eec2f63b931bd47417a81a538327af927da3e,"Keep-Alive:timeout=5, max=11
Server:Apache/2.4.7 (Ubuntu)
Connection:Keep-Alive
Pragma:no-cache
Date:Mon, 11 May 2026 22:55:31 GMT
Cache-Control:no-store, no-cache, must-revalidate, post-check=0, pre-check=0
Expires:Thu, 19 Nov 1981 08:52:00 GMT
Content-Length:41
X-Powered-By:PHP/5.5.9-1ubuntu4.29
Location:/users/login.php
Content-Type:text/html
",cf83e1357eefb8bdf1542850d66d8007d620e4050b5715dc83f4a921d36ce9ce47d0d13c5d85f2b0ff8318d2877eec2f63b931bd47417a81a538327af927da3e,303
http://web/css/blueprint/screen.css,GET,"Cookie:PHPSESSID=ln650u8nlv3q8tu5t28nfj3qn7
Accept:text/css,*/*;q=0.1
User-Agent:Mozilla/5.0 (X11; Linux x86_64) AppleWebKit/537.36 (KHTML, like Gecko) Chrome/85.0.4183.102 Safari/537.36
Referer:http://web/users/register.php
",cf83e1357eefb8bdf1542850d66d8007d620e4050b5715dc83f4a921d36ce9ce47d0d13c5d85f2b0ff8318d2877eec2f63b931bd47417a81a538327af927da3e,"Server:Apache/2.4.7 (Ubuntu)
Last-Modified:Thu, 02 Feb 2017 22:24:09 GMT
Date:Mon, 11 May 2026 22:54:16 GMT
Accept-Ranges:bytes
ETag:""24c7-547939fb8b440-gzip""
Content-Encoding:gzip
Vary:Accept-Encoding
Content-Length:2682
Content-Type:text/css
",c0995dbb8c323ef465d8cc5d7b640b1a5435beb529b0c6e55594b1c0f3db66e859d23f70cfe8d93285234e722d677fca7c8887bee81a636881b2f91f221f976e,200
http://web/pictures/recent.php,GET,"Cookie:PHPSESSID=ln650u8nlv3q8tu5t28nfj3qn7
Accept:text/html,application/xhtml+xml,application/xml;q=0.9,image/avif,image/webp,image/apng,*/*;q=0.8,application/signed-exchange;v=b3;q=0.9
User-Agent:Mozilla/5.0 (X11; Linux x86_64) AppleWebKit/537.36 (KHTML, like Gecko) Chrome/85.0.4183.102 Safari/537.36
Referer:http://web/passcheck.php
Upgrade-Insecure-Requests:1
",cf83e1357eefb8bdf1542850d66d8007d620e4050b5715dc83f4a921d36ce9ce47d0d13c5d85f2b0ff8318d2877eec2f63b931bd47417a81a538327af927da3e,"Keep-Alive:timeout=5, max=69
Server:Apache/2.4.7 (Ubuntu)
Connection:Keep-Alive
Pragma:no-cache
Date:Mon, 11 May 2026 22:57:20 GMT
Cache-Control:no-store, no-cache, must-revalidate, post-check=0, pre-check=0
Content-Encoding:gzip
Vary:Accept-Encoding
Expires:Thu, 19 Nov 1981 08:52:00 GMT
Content-Length:1087
X-Powered-By:PHP/5.5.9-1ubuntu4.29
Content-Type:text/html
",46c18aa1c11b1751c3b685894186d10c7d0256bdb3c38e84a0cfa5de2229e1826419844674042ce430877e446eb16d69626dd818142df651d902b9cf226250e0,200
http://web/calendar.php?date=1778713106,GET,"Cookie:PHPSESSID=ln650u8nlv3q8tu5t28nfj3qn7
Accept:text/html,application/xhtml+xml,application/xml;q=0.9,image/avif,image/webp,image/apng,*/*;q=0.8,application/signed-exchange;v=b3;q=0.9
User-Agent:Mozilla/5.0 (X11; Linux x86_64) AppleWebKit/537.36 (KHTML, like Gecko) Chrome/85.0.4183.102 Safari/537.36
Referer:http://web/calendar.php?date=1778626706
Upgrade-Insecure-Requests:1
",cf83e1357eefb8bdf1542850d66d8007d620e4050b5715dc83f4a921d36ce9ce47d0d13c5d85f2b0ff8318d2877eec2f63b931bd47417a81a538327af927da3e,"Keep-Alive:timeout=5, max=76
Server:Apache/2.4.7 (Ubuntu)
Connection:Keep-Alive
Pragma:no-cache
Date:Mon, 11 May 2026 22:58:27 GMT
Cache-Control:no-store, no-cache, must-revalidate, post-check=0, pre-check=0
Content-Encoding:gzip
Vary:Accept-Encoding
Expires:Thu, 19 Nov 1981 08:52:00 GMT
Content-Length:946
X-Powered-By:PHP/5.5.9-1ubuntu4.29
Content-Type:text/html
",61911d635d219794aa7205526f13a178a07922e0df90082ce42896f12065b04e988c6bc0c90fbb050c07293751325a5a29539a7a3627bce6b1ac4f46dcdfef37,200
http://web/users/login.php,GET,"Cookie:PHPSESSID=ln650u8nlv3q8tu5t28nfj3qn7
Accept:text/html,application/xhtml+xml,application/xml;q=0.9,image/avif,image/webp,image/apng,*/*;q=0.8,application/signed-exchange;v=b3;q=0.9
User-Agent:Mozilla/5.0 (X11; Linux x86_64) AppleWebKit/537.36 (KHTML, like Gecko) Chrome/85.0.4183.102 Safari/537.36
Referer:http://web/
Upgrade-Insecure-Requests:1
",cf83e1357eefb8bdf1542850d66d8007d620e4050b5715dc83f4a921d36ce9ce47d0d13c5d85f2b0ff8318d2877eec2f63b931bd47417a81a538327af927da3e,"Keep-Alive:timeout=5, max=94
Server:Apache/2.4.7 (Ubuntu)
Connection:Keep-Alive
Pragma:no-cache
Date:Mon, 11 May 2026 22:54:22 GMT
Cache-Control:no-store, no-cache, must-revalidate, post-check=0, pre-check=0
Content-Encoding:gzip
Vary:Accept-Encoding
Expires:Thu, 19 Nov 1981 08:52:00 GMT
Content-Length:976
X-Powered-By:PHP/5.5.9-1ubuntu4.29
Content-Type:text/html
",b31d35cad1b7de4380a6a3c164d8458105b35daaf508218349b98f15804484b41b3f20243b745f422ba90ef9038b52635dd36c07ca592fe0f4ba6f199fc11c72,200
http://web/guestbook.php,POST,"Origin:http://web
Cookie:PHPSESSID=ln650u8nlv3q8tu5t28nfj3qn7
Accept:text/html,application/xhtml+xml,application/xml;q=0.9,image/avif,image/webp,image/apng,*/*;q=0.8,application/signed-exchange;v=b3;q=0.9
User-Agent:Mozilla/5.0 (X11; Linux x86_64) AppleWebKit/537.36 (KHTML, like Gecko) Chrome/85.0.4183.102 Safari/537.36
Referer:http://web/guestbook.php
Upgrade-Insecure-Requests:1
Content-Type:application/x-www-form-urlencoded
",f3e68b038e31adc47ec3d2c63651f2d1c4a6f7000e6a2722bdd7caf46adfcbf209fde77695c574a32e8ec02afddfcab9039d1d07e7f2377708c01cace89d5326,"Keep-Alive:timeout=5, max=80
Server:Apache/2.4.7 (Ubuntu)
Connection:Keep-Alive
Pragma:no-cache
Date:Mon, 11 May 2026 22:55:55 GMT
Cache-Control:no-store, no-cache, must-revalidate, post-check=0, pre-check=0
Content-Encoding:gzip
Vary:Accept-Encoding
Expires:Thu, 19 Nov 1981 08:52:00 GMT
Content-Length:999
X-Powered-By:PHP/5.5.9-1ubuntu4.29
Content-Type:text/html
",27bf179e54baecda4bf71d88a075519e7b791509eb17eed0a2bcfef8b0e4e78926f4adf95d70cfd38adae8477a19b2a88bc01bf173c5743fa6cc6dfc7303ba28,200
http://web/users/register.php,GET,"Cookie:PHPSESSID=ln650u8nlv3q8tu5t28nfj3qn7
Accept:text/html,application/xhtml+xml,application/xml;q=0.9,image/avif,image/webp,image/apng,*/*;q=0.8,application/signed-exchange;v=b3;q=0.9
User-Agent:Mozilla/5.0 (X11; Linux x86_64) AppleWebKit/537.36 (KHTML, like Gecko) Chrome/85.0.4183.102 Safari/537.36
Referer:http://web/
Upgrade-Insecure-Requests:1
",cf83e1357eefb8bdf1542850d66d8007d620e4050b5715dc83f4a921d36ce9ce47d0d13c5d85f2b0ff8318d2877eec2f63b931bd47417a81a538327af927da3e,"Keep-Alive:timeout=5, max=63
Server:Apache/2.4.7 (Ubuntu)
Connection:Keep-Alive
Pragma:no-cache
Date:Mon, 11 May 2026 22:57:25 GMT
Cache-Control:no-store, no-cache, must-revalidate, post-check=0, pre-check=0
Content-Encoding:gzip
Vary:Accept-Encoding
Expires:Thu, 19 Nov 1981 08:52:00 GMT
Content-Length:1100
X-Powered-By:PHP/5.5.9-1ubuntu4.29
Content-Type:text/html
",f0b4b92ec436dfb955895ec59a06e97c1a200dc38a7772b66f4ef1c57334f9354107e89cff1a407b431419b341f95e25865486b4d4bb460e76f37879e130fa0b,200
http://web/upload/toga/togas.128_128.jpg,GET,"Cookie:PHPSESSID=ln650u8nlv3q8tu5t28nfj3qn7
Accept:image/avif,image/webp,image/apng,image/*,*/*;q=0.8
User-Agent:Mozilla/5.0 (X11; Linux x86_64) AppleWebKit/537.36 (KHTML, like Gecko) Chrome/85.0.4183.102 Safari/537.36
Referer:http://web/pictures/recent.php
",cf83e1357eefb8bdf1542850d66d8007d620e4050b5715dc83f4a921d36ce9ce47d0d13c5d85f2b0ff8318d2877eec2f63b931bd47417a81a538327af927da3e,"Server:Apache/2.4.7 (Ubuntu)
Last-Modified:Thu, 02 Feb 2017 22:24:09 GMT
Date:Mon, 11 May 2026 22:54:27 GMT
Accept-Ranges:bytes
ETag:""3ead-547939fb8b440""
Content-Length:16045
Content-Type:image/jpeg
",705372a26505ff43e9523cc12732de0b4ac071ab4c1ae439d67b834552468f58efbfc0a701ef3e00c2c1986f08c806b867152e9aa8ef769f3c270341d30775d9,200
http://web/users/login.php,GET,"Cookie:PHPSESSID=ln650u8nlv3q8tu5t28nfj3qn7
Accept:text/html,application/xhtml+xml,application/xml;q=0.9,image/avif,image/webp,image/apng,*/*;q=0.8,application/signed-exchange;v=b3;q=0.9
User-Agent:Mozilla/5.0 (X11; Linux x86_64) AppleWebKit/537.36 (KHTML, like Gecko) Chrome/85.0.4183.102 Safari/537.36
Referer:http://web/passcheck.php
Upgrade-Insecure-Requests:1
",cf83e1357eefb8bdf1542850d66d8007d620e4050b5715dc83f4a921d36ce9ce47d0d13c5d85f2b0ff8318d2877eec2f63b931bd47417a81a538327af927da3e,"Keep-Alive:timeout=5, max=61
Server:Apache/2.4.7 (Ubuntu)
Connection:Keep-Alive
Pragma:no-cache
Date:Mon, 11 May 2026 22:57:26 GMT
Cache-Control:no-store, no-cache, must-revalidate, post-check=0, pre-check=0
Content-Encoding:gzip
Vary:Accept-Encoding
Expires:Thu, 19 Nov 1981 08:52:00 GMT
Content-Length:976
X-Powered-By:PHP/5.5.9-1ubuntu4.29
Content-Type:text/html
",c8286f3ae9ee88d77832da6bbaa33012a39e83d6c359b7eae9b4ae2451b82a07051f403c0a1c9039b0834d81a4dc8f4da92f2b6e5ff3e456c9bfc00273d4ca83,200
http://web/guestbook.php,GET,"Cookie:PHPSESSID=ln650u8nlv3q8tu5t28nfj3qn7
Accept:text/html,application/xhtml+xml,application/xml;q=0.9,image/avif,image/webp,image/apng,*/*;q=0.8,application/signed-exchange;v=b3;q=0.9
User-Agent:Mozilla/5.0 (X11; Linux x86_64) AppleWebKit/537.36 (KHTML, like Gecko) Chrome/85.0.4183.102 Safari/537.36
Referer:http://web/
Upgrade-Insecure-Requests:1
",cf83e1357eefb8bdf1542850d66d8007d620e4050b5715dc83f4a921d36ce9ce47d0d13c5d85f2b0ff8318d2877eec2f63b931bd47417a81a538327af927da3e,"Keep-Alive:timeout=5, max=88
Server:Apache/2.4.7 (Ubuntu)
Connection:Keep-Alive
Pragma:no-cache
Date:Mon, 11 May 2026 22:55:49 GMT
Cache-Control:no-store, no-cache, must-revalidate, post-check=0, pre-check=0
Content-Encoding:gzip
Vary:Accept-Encoding
Expires:Thu, 19 Nov 1981 08:52:00 GMT
Content-Length:999
X-Powered-By:PHP/5.5.9-1ubuntu4.29
Content-Type:text/html
",cbffd3cf13896dd94302e8b8f60fdac04b75e97e96121b435401e8a1a6e00627676418f27db63786b8df83cb71fe66181b90d31f7b6162c48c41238f692e4d2e,200
http://web/calendar.php?date=1778713099,GET,"Cookie:PHPSESSID=ln650u8nlv3q8tu5t28nfj3qn7
Accept:text/html,application/xhtml+xml,application/xml;q=0.9,image/avif,image/webp,image/apng,*/*;q=0.8,application/signed-exchange;v=b3;q=0.9
User-Agent:Mozilla/5.0 (X11; Linux x86_64) AppleWebKit/537.36 (KHTML, like Gecko) Chrome/85.0.4183.102 Safari/537.36
Referer:http://web/calendar.php?date=1778626699
Upgrade-Insecure-Requests:1
",cf83e1357eefb8bdf1542850d66d8007d620e4050b5715dc83f4a921d36ce9ce47d0d13c5d85f2b0ff8318d2877eec2f63b931bd47417a81a538327af927da3e,"Keep-Alive:timeout=5, max=86
Server:Apache/2.4.7 (Ubuntu)
Connection:Keep-Alive
Pragma:no-cache
Date:Mon, 11 May 2026 22:58:20 GMT
Cache-Control:no-store, no-cache, must-revalidate, post-check=0, pre-check=0
Content-Encoding:gzip
Vary:Accept-Encoding
Expires:Thu, 19 Nov 1981 08:52:00 GMT
Content-Length:945
X-Powered-By:PHP/5.5.9-1ubuntu4.29
Content-Type:text/html
",53af0a77799a8bcf54334d7ff20ea41a84f6312b184ee92c0f1a4990477cf967882dd48ec0a6bf8c89d41794c8da4781dd88567a96f1d055818cd906b4b20e05,200
http://web/,GET,"Cookie:PHPSESSID=ln650u8nlv3q8tu5t28nfj3qn7
Accept:text/html,application/xhtml+xml,application/xml;q=0.9,image/avif,image/webp,image/apng,*/*;q=0.8,application/signed-exchange;v=b3;q=0.9
User-Agent:Mozilla/5.0 (X11; Linux x86_64) AppleWebKit/537.36 (KHTML, like Gecko) Chrome/85.0.4183.102 Safari/537.36
Upgrade-Insecure-Requests:1
",cf83e1357eefb8bdf1542850d66d8007d620e4050b5715dc83f4a921d36ce9ce47d0d13c5d85f2b0ff8318d2877eec2f63b931bd47417a81a538327af927da3e,"Keep-Alive:timeout=5, max=58
Server:Apache/2.4.7 (Ubuntu)
Connection:Keep-Alive
Pragma:no-cache
Date:Mon, 11 May 2026 22:58:40 GMT
Cache-Control:no-store, no-cache, must-revalidate, post-check=0, pre-check=0
Content-Encoding:gzip
Vary:Accept-Encoding
Expires:Thu, 19 Nov 1981 08:52:00 GMT
Content-Length:1283
X-Powered-By:PHP/5.5.9-1ubuntu4.29
Content-Type:text/html
",d6573c0a1a7f540d776123f0b208035c4db4895ad092524c1d4f45a58fd79c3012b942d29d359b1af0dd12d37238412a8750bbb2712c38d419c475ac09fd1510,200
http://web/,GET,"Cookie:PHPSESSID=ln650u8nlv3q8tu5t28nfj3qn7
Accept:text/html,application/xhtml+xml,application/xml;q=0.9,image/avif,image/webp,image/apng,*/*;q=0.8,application/signed-exchange;v=b3;q=0.9
User-Agent:Mozilla/5.0 (X11; Linux x86_64) AppleWebKit/537.36 (KHTML, like Gecko) Chrome/85.0.4183.102 Safari/537.36
Upgrade-Insecure-Requests:1
",cf83e1357eefb8bdf1542850d66d8007d620e4050b5715dc83f4a921d36ce9ce47d0d13c5d85f2b0ff8318d2877eec2f63b931bd47417a81a538327af927da3e,"Keep-Alive:timeout=5, max=14
Server:Apache/2.4.7 (Ubuntu)
Connection:Keep-Alive
Pragma:no-cache
Date:Mon, 11 May 2026 22:56:46 GMT
Cache-Control:no-store, no-cache, must-revalidate, post-check=0, pre-check=0
Content-Encoding:gzip
Vary:Accept-Encoding
Expires:Thu, 19 Nov 1981 08:52:00 GMT
Content-Length:1283
X-Powered-By:PHP/5.5.9-1ubuntu4.29
Content-Type:text/html
",d695b7f7df7c1b1457cde6d14bc8f5339b9f5de313d788eed7d6dc9e860b522533cc4cba9f7fc696927553e8625898e5a4bffadbf4f3b66a3cbff2d25c278998,200
http://web/admin/index.php?page=login,GET,"Cookie:PHPSESSID=ln650u8nlv3q8tu5t28nfj3qn7
Accept:text/html,application/xhtml+xml,application/xml;q=0.9,image/avif,image/webp,image/apng,*/*;q=0.8,application/signed-exchange;v=b3;q=0.9
User-Agent:Mozilla/5.0 (X11; Linux x86_64) AppleWebKit/537.36 (KHTML, like Gecko) Chrome/85.0.4183.102 Safari/537.36
Referer:http://web/users/sample.php?userid=1
Upgrade-Insecure-Requests:1
",cf83e1357eefb8bdf1542850d66d8007d620e4050b5715dc83f4a921d36ce9ce47d0d13c5d85f2b0ff8318d2877eec2f63b931bd47417a81a538327af927da3e,"Keep-Alive:timeout=5, max=23
Server:Apache/2.4.7 (Ubuntu)
Connection:Keep-Alive
Pragma:no-cache
Date:Mon, 11 May 2026 22:56:39 GMT
Cache-Control:no-store, no-cache, must-revalidate, post-check=0, pre-check=0
Content-Encoding:gzip
Vary:Accept-Encoding
Expires:Thu, 19 Nov 1981 08:52:00 GMT
Content-Length:215
X-Powered-By:PHP/5.5.9-1ubuntu4.29
Content-Type:text/html
",5b13319079c5a67c9c17dffcd7f1f2b8d21dd8965f3f105ac0d645ebfed5013366b5199588c3a72a1f112a2b55ec94a2a135a7bcca58f3ef2af46499f414bec2,200
http://web/css/blueprint/print.css,GET,"Cookie:PHPSESSID=ln650u8nlv3q8tu5t28nfj3qn7
Accept:text/css,*/*;q=0.1
User-Agent:Mozilla/5.0 (X11; Linux x86_64) AppleWebKit/537.36 (KHTML, like Gecko) Chrome/85.0.4183.102 Safari/537.36
Referer:http://web/users/login.php
",cf83e1357eefb8bdf1542850d66d8007d620e4050b5715dc83f4a921d36ce9ce47d0d13c5d85f2b0ff8318d2877eec2f63b931bd47417a81a538327af927da3e,"Server:Apache/2.4.7 (Ubuntu)
Last-Modified:Thu, 02 Feb 2017 22:24:09 GMT
Date:Mon, 11 May 2026 22:54:16 GMT
Accept-Ranges:bytes
ETag:""52d-547939fb8b440-gzip""
Content-Encoding:gzip
Vary:Accept-Encoding
Content-Length:674
Content-Type:text/css
",382bc7f4ad396de8dacb65598554ab8e1fe76b268c9b97e377be5fe694d07688463ac138e683332f401b64a7a2e8418a2a9f7f9d96e548ee8581d228368f7524,200
http://web/pictures/upload.php,GET,"Cookie:PHPSESSID=ln650u8nlv3q8tu5t28nfj3qn7
Accept:text/html,application/xhtml+xml,application/xml;q=0.9,image/avif,image/webp,image/apng,*/*;q=0.8,application/signed-exchange;v=b3;q=0.9
User-Agent:Mozilla/5.0 (X11; Linux x86_64) AppleWebKit/537.36 (KHTML, like Gecko) Chrome/85.0.4183.102 Safari/537.36
Referer:http://web/passcheck.php
Upgrade-Insecure-Requests:1
",cf83e1357eefb8bdf1542850d66d8007d620e4050b5715dc83f4a921d36ce9ce47d0d13c5d85f2b0ff8318d2877eec2f63b931bd47417a81a538327af927da3e,"Keep-Alive:timeout=5, max=74
Server:Apache/2.4.7 (Ubuntu)
Connection:Keep-Alive
Pragma:no-cache
Date:Mon, 11 May 2026 22:57:17 GMT
Cache-Control:no-store, no-cache, must-revalidate, post-check=0, pre-check=0
Expires:Thu, 19 Nov 1981 08:52:00 GMT
Content-Length:41
X-Powered-By:PHP/5.5.9-1ubuntu4.29
Location:/users/login.php
Content-Type:text/html
",cf83e1357eefb8bdf1542850d66d8007d620e4050b5715dc83f4a921d36ce9ce47d0d13c5d85f2b0ff8318d2877eec2f63b931bd47417a81a538327af927da3e,303
http://web/,GET,"Cookie:PHPSESSID=ln650u8nlv3q8tu5t28nfj3qn7
Accept:text/html,application/xhtml+xml,application/xml;q=0.9,image/avif,image/webp,image/apng,*/*;q=0.8,application/signed-exchange;v=b3;q=0.9
User-Agent:Mozilla/5.0 (X11; Linux x86_64) AppleWebKit/537.36 (KHTML, like Gecko) Chrome/85.0.4183.102 Safari/537.36
Upgrade-Insecure-Requests:1
",cf83e1357eefb8bdf1542850d66d8007d620e4050b5715dc83f4a921d36ce9ce47d0d13c5d85f2b0ff8318d2877eec2f63b931bd47417a81a538327af927da3e,"Keep-Alive:timeout=5, max=19
Server:Apache/2.4.7 (Ubuntu)
Connection:Keep-Alive
Pragma:no-cache
Date:Mon, 11 May 2026 22:59:07 GMT
Cache-Control:no-store, no-cache, must-revalidate, post-check=0, pre-check=0
Content-Encoding:gzip
Vary:Accept-Encoding
Expires:Thu, 19 Nov 1981 08:52:00 GMT
Content-Length:1283
X-Powered-By:PHP/5.5.9-1ubuntu4.29
Content-Type:text/html
",e701eb48920a81962395cfe4510e729aa62bef257f6586a7288a329d419b1ddf9031208bca39fbfac2900f6a146fc3ff196501ed9006207b0d61b9473e915471,200
http://web/css/blueprint/print.css,GET,"Cookie:PHPSESSID=ln650u8nlv3q8tu5t28nfj3qn7
Accept:text/css,*/*;q=0.1
User-Agent:Mozilla/5.0 (X11; Linux x86_64) AppleWebKit/537.36 (KHTML, like Gecko) Chrome/85.0.4183.102 Safari/537.36
Referer:http://web/
",cf83e1357eefb8bdf1542850d66d8007d620e4050b5715dc83f4a921d36ce9ce47d0d13c5d85f2b0ff8318d2877eec2f63b931bd47417a81a538327af927da3e,"Server:Apache/2.4.7 (Ubuntu)
Last-Modified:Thu, 02 Feb 2017 22:24:09 GMT
Date:Mon, 11 May 2026 22:54:16 GMT
Accept-Ranges:bytes
ETag:""52d-547939fb8b440-gzip""
Content-Encoding:gzip
Vary:Accept-Encoding
Content-Length:674
Content-Type:text/css
",382bc7f4ad396de8dacb65598554ab8e1fe76b268c9b97e377be5fe694d07688463ac138e683332f401b64a7a2e8418a2a9f7f9d96e548ee8581d228368f7524,200
http://web/,GET,"Cookie:PHPSESSID=ln650u8nlv3q8tu5t28nfj3qn7
Accept:text/html,application/xhtml+xml,application/xml;q=0.9,image/avif,image/webp,image/apng,*/*;q=0.8,application/signed-exchange;v=b3;q=0.9
User-Agent:Mozilla/5.0 (X11; Linux x86_64) AppleWebKit/537.36 (KHTML, like Gecko) Chrome/85.0.4183.102 Safari/537.36
Upgrade-Insecure-Requests:1
",cf83e1357eefb8bdf1542850d66d8007d620e4050b5715dc83f4a921d36ce9ce47d0d13c5d85f2b0ff8318d2877eec2f63b931bd47417a81a538327af927da3e,"Keep-Alive:timeout=5, max=1
Server:Apache/2.4.7 (Ubuntu)
Connection:Keep-Alive
Pragma:no-cache
Date:Mon, 11 May 2026 22:56:55 GMT
Cache-Control:no-store, no-cache, must-revalidate, post-check=0, pre-check=0
Content-Encoding:gzip
Vary:Accept-Encoding
Expires:Thu, 19 Nov 1981 08:52:00 GMT
Content-Length:1284
X-Powered-By:PHP/5.5.9-1ubuntu4.29
Content-Type:text/html
",e3a4853d3e4d9ceba4ebe66762d29968ea4d6322d78c734a19c8cee1bbd41bb65a60af95a4357b4203a7ec64e295d77440d88bf4dad2aca422ac48ff36625b30,200
http://web/passcheck.php,GET,"Cookie:PHPSESSID=ln650u8nlv3q8tu5t28nfj3qn7
Accept:text/html,application/xhtml+xml,application/xml;q=0.9,image/avif,image/webp,image/apng,*/*;q=0.8,application/signed-exchange;v=b3;q=0.9
User-Agent:Mozilla/5.0 (X11; Linux x86_64) AppleWebKit/537.36 (KHTML, like Gecko) Chrome/85.0.4183.102 Safari/537.36
Referer:http://web/users/register.php
Upgrade-Insecure-Requests:1
",cf83e1357eefb8bdf1542850d66d8007d620e4050b5715dc83f4a921d36ce9ce47d0d13c5d85f2b0ff8318d2877eec2f63b931bd47417a81a538327af927da3e,"Keep-Alive:timeout=5, max=54
Server:Apache/2.4.7 (Ubuntu)
Connection:Keep-Alive
Pragma:no-cache
Date:Mon, 11 May 2026 22:57:32 GMT
Cache-Control:no-store, no-cache, must-revalidate, post-check=0, pre-check=0
Content-Encoding:gzip
Vary:Accept-Encoding
Expires:Thu, 19 Nov 1981 08:52:00 GMT
Content-Length:927
X-Powered-By:PHP/5.5.9-1ubuntu4.29
Content-Type:text/html
",bdefae275dcee6d6fd25ff34983051a4c96213bcdc9d11fe70dd09f5dc9bf300a83ae9b54af611722d465f8f76dc8108d4a0baf275fb1cfd58d7f01604f0aa80,200
http://web/users/login.php,GET,"Cookie:PHPSESSID=ln650u8nlv3q8tu5t28nfj3qn7
Accept:text/html,application/xhtml+xml,application/xml;q=0.9,image/avif,image/webp,image/apng,*/*;q=0.8,application/signed-exchange;v=b3;q=0.9
User-Agent:Mozilla/5.0 (X11; Linux x86_64) AppleWebKit/537.36 (KHTML, like Gecko) Chrome/85.0.4183.102 Safari/537.36
Referer:http://web/users/sample.php?userid=1
Upgrade-Insecure-Requests:1
",cf83e1357eefb8bdf1542850d66d8007d620e4050b5715dc83f4a921d36ce9ce47d0d13c5d85f2b0ff8318d2877eec2f63b931bd47417a81a538327af927da3e,"Keep-Alive:timeout=5, max=29
Server:Apache/2.4.7 (Ubuntu)
Connection:Keep-Alive
Pragma:no-cache
Date:Mon, 11 May 2026 22:56:35 GMT
Cache-Control:no-store, no-cache, must-revalidate, post-check=0, pre-check=0
Content-Encoding:gzip
Vary:Accept-Encoding
Expires:Thu, 19 Nov 1981 08:52:00 GMT
Content-Length:975
X-Powered-By:PHP/5.5.9-1ubuntu4.29
Content-Type:text/html
",13df013b4d6d650469216b35e6f3a5db8fef30428ccfa408fd220ca9fe08c5e991c0fb8796dff5406f15ca31cf528345ea3b3e204c6186f5958b77b25c64c116,200
http://web/pictures/recent.php,GET,"Cookie:PHPSESSID=ln650u8nlv3q8tu5t28nfj3qn7
Accept:text/html,application/xhtml+xml,application/xml;q=0.9,image/avif,image/webp,image/apng,*/*;q=0.8,application/signed-exchange;v=b3;q=0.9
User-Agent:Mozilla/5.0 (X11; Linux x86_64) AppleWebKit/537.36 (KHTML, like Gecko) Chrome/85.0.4183.102 Safari/537.36
Referer:http://web/users/register.php
Upgrade-Insecure-Requests:1
",cf83e1357eefb8bdf1542850d66d8007d620e4050b5715dc83f4a921d36ce9ce47d0d13c5d85f2b0ff8318d2877eec2f63b931bd47417a81a538327af927da3e,"Keep-Alive:timeout=5, max=73
Server:Apache/2.4.7 (Ubuntu)
Connection:Keep-Alive
Pragma:no-cache
Date:Mon, 11 May 2026 22:56:00 GMT
Cache-Control:no-store, no-cache, must-revalidate, post-check=0, pre-check=0
Content-Encoding:gzip
Vary:Accept-Encoding
Expires:Thu, 19 Nov 1981 08:52:00 GMT
Content-Length:1087
X-Powered-By:PHP/5.5.9-1ubuntu4.29
Content-Type:text/html
",65fbc658af4d226e3b61b87b070993f7308bcf756f6863be8b522cc8869c22480eb553adfda9d60ebe27209881da81b845757a8870747c3d1be4a7773ad0baf6,200
http://web/,GET,"Accept:text/html,application/xhtml+xml,application/xml;q=0.9,image/avif,image/webp,image/apng,*/*;q=0.8,application/signed-exchange;v=b3;q=0.9
User-Agent:Mozilla/5.0 (X11; Linux x86_64) AppleWebKit/537.36 (KHTML, like Gecko) Chrome/85.0.4183.102 Safari/537.36
Upgrade-Insecure-Requests:1
",cf83e1357eefb8bdf1542850d66d8007d620e4050b5715dc83f4a921d36ce9ce47d0d13c5d85f2b0ff8318d2877eec2f63b931bd47417a81a538327af927da3e,"Keep-Alive:timeout=5, max=100
Server:Apache/2.4.7 (Ubuntu)
Connection:Keep-Alive
Pragma:no-cache
Date:Mon, 11 May 2026 22:54:15 GMT
Cache-Control:no-store, no-cache, must-revalidate, post-check=0, pre-check=0
Content-Encoding:gzip
Vary:Accept-Encoding
Expires:Thu, 19 Nov 1981 08:52:00 GMT
Content-Length:1284
X-Powered-By:PHP/5.5.9-1ubuntu4.29
Content-Type:text/html
",ca92cb64ef54ca2f2eaf5e294e3889d20a91d9965c9e18d97d87559092b409f5d43f9c5588cc8b36566cb43ef854fe463c3a47ff1c4cefeb7e22b4bc8e85f604,200
http://web/users/sample.php?userid=1,GET,"Cookie:PHPSESSID=ln650u8nlv3q8tu5t28nfj3qn7
Accept:text/html,application/xhtml+xml,application/xml;q=0.9,image/avif,image/webp,image/apng,*/*;q=0.8,application/signed-exchange;v=b3;q=0.9
User-Agent:Mozilla/5.0 (X11; Linux x86_64) AppleWebKit/537.36 (KHTML, like Gecko) Chrome/85.0.4183.102 Safari/537.36
Referer:http://web/
Upgrade-Insecure-Requests:1
",cf83e1357eefb8bdf1542850d66d8007d620e4050b5715dc83f4a921d36ce9ce47d0d13c5d85f2b0ff8318d2877eec2f63b931bd47417a81a538327af927da3e,"Keep-Alive:timeout=5, max=44
Server:Apache/2.4.7 (Ubuntu)
Connection:Keep-Alive
Pragma:no-cache
Date:Mon, 11 May 2026 22:56:25 GMT
Cache-Control:no-store, no-cache, must-revalidate, post-check=0, pre-check=0
Content-Encoding:gzip
Vary:Accept-Encoding
Expires:Thu, 19 Nov 1981 08:52:00 GMT
Content-Length:981
X-Powered-By:PHP/5.5.9-1ubuntu4.29
Content-Type:text/html
",a4edc46e692b0505372d11b53d6f37dfe7bec2c81aa6a2843c61a26254a56711677ee682bb7b1912c9f170b5dfa0f8aabbc159a97ef76cd17f5dfcbfed921591,200
http://web/pictures/view.php?picid=14,GET,"Cookie:PHPSESSID=ln650u8nlv3q8tu5t28nfj3qn7
Accept:text/html,application/xhtml+xml,application/xml;q=0.9,image/avif,image/webp,image/apng,*/*;q=0.8,application/signed-exchange;v=b3;q=0.9
User-Agent:Mozilla/5.0 (X11; Linux x86_64) AppleWebKit/537.36 (KHTML, like Gecko) Chrome/85.0.4183.102 Safari/537.36
Referer:http://web/pictures/recent.php
Upgrade-Insecure-Requests:1
",cf83e1357eefb8bdf1542850d66d8007d620e4050b5715dc83f4a921d36ce9ce47d0d13c5d85f2b0ff8318d2877eec2f63b931bd47417a81a538327af927da3e,"Keep-Alive:timeout=5, max=39
Server:Apache/2.4.7 (Ubuntu)
Connection:Keep-Alive
Pragma:no-cache
Date:Mon, 11 May 2026 22:55:13 GMT
Cache-Control:no-store, no-cache, must-revalidate, post-check=0, pre-check=0
Expires:Thu, 19 Nov 1981 08:52:00 GMT
Content-Length:41
X-Powered-By:PHP/5.5.9-1ubuntu4.29
Location:/users/login.php
Content-Type:text/html
",cf83e1357eefb8bdf1542850d66d8007d620e4050b5715dc83f4a921d36ce9ce47d0d13c5d85f2b0ff8318d2877eec2f63b931bd47417a81a538327af927da3e,303
