url,method,req_headers,req_hash,resp_headers,resp_hash,status
http://web/,GET,"Accept:text/html,application/xhtml+xml,application/xml;q=0.9,image/avif,image/webp,image/apng,*/*;q=0.8,application/signed-exchange;v=b3;q=0.9
User-Agent:Mozilla/5.0 (X11; Linux x86_64) AppleWebKit/537.36 (KHTML, like Gecko) Chrome/85.0.4183.102 Safari/537.36
Referer:http://web/index.php?signin=1&action=new
Upgrade-Insecure-Requests:1
",cf83e1357eefb8bdf1542850d66d8007d620e4050b5715dc83f4a921d36ce9ce47d0d13c5d85f2b0ff8318d2877eec2f63b931bd47417a81a538327af927da3e,"Keep-Alive:timeout=5, max=44
Server:Apache/2.4.38 (Debian)
Connection:Keep-Alive
Date:Mon, 11 May 2026 23:02:08 GMT
Cache-Control:max-age=0,must-revalidate,private
Content-Encoding:gzip
Vary:Accept-Encoding
Content-Length:1415
X-Powered-By:PHP/7.1.33
Content-Type:text/html; charset=UTF-8
",0fa09b70c271e9e98b328af6401c3314485a0cab477e7e2a552ac029c8c0d47e752612ee4b43a3a9798daa41ac1d8fb9e2e350bfa055d95ae4b32b2915e8b09e,200
http://web/index.php?signin=1&action=new,POST,"Origin:http://web
Accept:text/html,application/xhtml+xml,application/xml;q=0.9,image/avif,image/webp,image/apng,*/*;q=0.8,application/signed-exchange;v=b3;q=0.9
User-Agent:Mozilla/5.0 (X11; Linux x86_64) AppleWebKit/537.36 (KHTML, like Gecko) Chrome/85.0.4183.102 Safari/537.36
Referer:http://web/index.php
Upgrade-Insecure-Requests:1
Content-Type:multipart/form-data; boundary=----WebKitFormBoundaryoWe0U441C4G6ACky
",669dca6a96568ba480c7f65a04a069b3bf68e0d6fb566a10b6be7cda9bbad25d40206f85570094fbc3c89922dbfb7ee72aa0f3c9545439dd900a6bc095ea7490,"Keep-Alive:timeout=5, max=42
Server:Apache/2.4.38 (Debian)
Connection:Keep-Alive
Date:Mon, 11 May 2026 23:04:45 GMT
Cache-Control:max-age=0,must-revalidate,private
Content-Encoding:gzip
Vary:Accept-Encoding
Content-Length:1414
X-Powered-By:PHP/7.1.33
Content-Type:text/html; charset=UTF-8
",a59ae6fc44bb0eccc60bdd517adc43d8ccaa8760c2557e11e543bb199453ffdac0be27207eb0f8ae7e2bdb36d869afb48bcb18476043b49d232f19fab1e89295,200
http://web/index.php?signin=1&action=new,POST,"Origin:http://web
Accept:text/html,application/xhtml+xml,application/xml;q=0.9,image/avif,image/webp,image/apng,*/*;q=0.8,application/signed-exchange;v=b3;q=0.9
User-Agent:Mozilla/5.0 (X11; Linux x86_64) AppleWebKit/537.36 (KHTML, like Gecko) Chrome/85.0.4183.102 Safari/537.36
Referer:http://web/index.php
Upgrade-Insecure-Requests:1
Content-Type:multipart/form-data; boundary=----WebKitFormBoundaryEmvp9WuxGYEXLCbS
",7806f7b0d56c1b0e7d4e3026a51889bf3911e362412e218a0296376fa8deba6cc576fa930524d3e3ac76ef84d52e9d7ba1e444b6fb88764dc6a66ea1987b3a45,"Keep-Alive:timeout=5, max=17
Server:Apache/2.4.38 (Debian)
Connection:Keep-Alive
Date:Mon, 11 May 2026 23:02:48 GMT
Cache-Control:max-age=0,must-revalidate,private
Content-Encoding:gzip
Vary:Accept-Encoding
Content-Length:1415
X-Powered-By:PHP/7.1.33
Content-Type:text/html; charset=UTF-8
",4bee7f8cae058902ee3ae38e08a82620a0a60e241f32b047667babeedf176606508f7df5a72760369c81d45e3f6955ee0aa750c704447d1d3c2258c5a808d0e5,200
http://web/,GET,"Accept:text/html,application/xhtml+xml,application/xml;q=0.9,image/avif,image/webp,image/apng,*/*;q=0.8,application/signed-exchange;v=b3;q=0.9
User-Agent:Mozilla/5.0 (X11; Linux x86_64) AppleWebKit/537.36 (KHTML, like Gecko) Chrome/85.0.4183.102 Safari/537.36
Upgrade-Insecure-Requests:1
",cf83e1357eefb8bdf1542850d66d8007d620e4050b5715dc83f4a921d36ce9ce47d0d13c5d85f2b0ff8318d2877eec2f63b931bd47417a81a538327af927da3e,"Keep-Alive:timeout=5, max=74
Server:Apache/2.4.38 (Debian)
Connection:Keep-Alive
Date:Mon, 11 May 2026 23:01:30 GMT
Cache-Control:max-age=0,must-revalidate,private
Content-Encoding:gzip
Vary:Accept-Encoding
Content-Length:1413
X-Powered-By:PHP/7.1.33
Content-Type:text/html; charset=UTF-8
",a7b8089da3a8500a2fb6c0de724b5789adda0707ec07876a8fc635ee2a544232360e63f9cc947691374df8227ef11496acf2792922934ac3daa16bc725ad68e9,200
http://web/,GET,"Accept:text/html,application/xhtml+xml,application/xml;q=0.9,image/avif,image/webp,image/apng,*/*;q=0.8,application/signed-exchange;v=b3;q=0.9
User-Agent:Mozilla/5.0 (X11; Linux x86_64) AppleWebKit/537.36 (KHTML, like Gecko) Chrome/85.0.4183.102 Safari/537.36
Referer:http://web/index.php
Upgrade-Insecure-Requests:1
",cf83e1357eefb8bdf1542850d66d8007d620e4050b5715dc83f4a921d36ce9ce47d0d13c5d85f2b0ff8318d2877eec2f63b931bd47417a81a538327af927da3e,"Keep-Alive:timeout=5, max=59
Server:Apache/2.4.38 (Debian)
Connection:Keep-Alive
Date:Mon, 11 May 2026 23:01:48 GMT
Cache-Control:max-age=0,must-revalidate,private
Content-Encoding:gzip
Vary:Accept-Encoding
Content-Length:1415
X-Powered-By:PHP/7.1.33
Content-Type:text/html; charset=UTF-8
",cc8500cb73a09efb14af85eb50123ed8c742bc7ff860a320067d07de3a1a3647a4a807412d4b87e6bc21e1646ce020e9746a71090a10960bf3098c70b6269c40,200
http://web/index.php,GET,"Accept:text/html,application/xhtml+xml,application/xml;q=0.9,image/avif,image/webp,image/apng,*/*;q=0.8,application/signed-exchange;v=b3;q=0.9
User-Agent:Mozilla/5.0 (X11; Linux x86_64) AppleWebKit/537.36 (KHTML, like Gecko) Chrome/85.0.4183.102 Safari/537.36
Upgrade-Insecure-Requests:1
",cf83e1357eefb8bdf1542850d66d8007d620e4050b5715dc83f4a921d36ce9ce47d0d13c5d85f2b0ff8318d2877eec2f63b931bd47417a81a538327af927da3e,"Keep-Alive:timeout=5, max=73
Server:Apache/2.4.38 (Debian)
Connection:Keep-Alive
Date:Mon, 11 May 2026 23:01:31 GMT
Cache-Control:max-age=0,must-revalidate,private
Content-Encoding:gzip
Vary:Accept-Encoding
Content-Length:1414
X-Powered-By:PHP/7.1.33
Content-Type:text/html; charset=UTF-8
",9d76a679ac09e3ed1eb8f0aa70c8ccce04220ae029705966fb78ec60da9d0a69cee892157b2b09fe9b8727a43e7706ecfb0cf7e4fb0206124e659e240f0f24a6,200
http://web/index.php?signin=1&action=forgot,POST,"Origin:http://web
Accept:text/html,application/xhtml+xml,application/xml;q=0.9,image/avif,image/webp,image/apng,*/*;q=0.8,application/signed-exchange;v=b3;q=0.9
User-Agent:Mozilla/5.0 (X11; Linux x86_64) AppleWebKit/537.36 (KHTML, like Gecko) Chrome/85.0.4183.102 Safari/537.36
Referer:http://web/index.php?signin=1&action=forgot
Upgrade-Insecure-Requests:1
Content-Type:multipart/form-data; boundary=----WebKitFormBoundaryBLRSB3N7KrrCd6cq
",48a8e2714478a404f460d0f78ad8ef46ca4fed6993af594bf17c81612a1d44f1aef5fb7c309d56c75dea28fa5fb08340f72c985ba2556d872d2c867ca2231aa1,"Keep-Alive:timeout=5, max=51
Server:Apache/2.4.38 (Debian)
Connection:Keep-Alive
Date:Mon, 11 May 2026 23:04:30 GMT
Cache-Control:max-age=0,must-revalidate,private
Content-Encoding:gzip
Vary:Accept-Encoding
Content-Length:1413
X-Powered-By:PHP/7.1.33
Content-Type:text/html; charset=UTF-8
",1df950e0ba913627d46e33fa4e3452a8bbd13137f8c9928e6876587f6dd61cb9bee6554943f028730befeac14920ff640f051c7703327070b94b863ecd843044,200
http://web/index.php?signin=1&action=forgot,POST,"Origin:http://web
Accept:text/html,application/xhtml+xml,application/xml;q=0.9,image/avif,image/webp,image/apng,*/*;q=0.8,application/signed-exchange;v=b3;q=0.9
User-Agent:Mozilla/5.0 (X11; Linux x86_64) AppleWebKit/537.36 (KHTML, like Gecko) Chrome/85.0.4183.102 Safari/537.36
Referer:http://web/index.php
Upgrade-Insecure-Requests:1
Content-Type:multipart/form-data; boundary=----WebKitFormBoundaryDEgflXnosr8mAy2j
",4a0de2e920ef5049c419c51b4198e23b77570c4181400e9b3ca5344277d499bd889048f6f203489ade6db288d9e43d49c50b7dbcefb5bf099d3245ddd0b1b369,"Keep-Alive:timeout=5, max=49
Server:Apache/2.4.38 (Debian)
Connection:Keep-Alive
Date:Mon, 11 May 2026 23:04:32 GMT
Cache-Control:max-age=0,must-revalidate,private
Content-Encoding:gzip
Vary:Accept-Encoding
Content-Length:1414
X-Powered-By:PHP/7.1.33
Content-Type:text/html; charset=UTF-8
",464e9921bbd8c12da121050044fb9e8b41bcb521251fb4392c54b2955c98a43fe12cbb9ae9e7741beb1b7c46f71e79e5d3811e30ff722af5b4a5d9664ec4290a,200
http://web/index.php?signin=1&action=new,POST,"Origin:http://web
Accept:text/html,application/xhtml+xml,application/xml;q=0.9,image/avif,image/webp,image/apng,*/*;q=0.8,application/signed-exchange;v=b3;q=0.9
User-Agent:Mozilla/5.0 (X11; Linux x86_64) AppleWebKit/537.36 (KHTML, like Gecko) Chrome/85.0.4183.102 Safari/537.36
Referer:http://web/
Upgrade-Insecure-Requests:1
Content-Type:multipart/form-data; boundary=----WebKitFormBoundaryHTSZuQuvdxSXW5EL
",23d74586abb0f35dcd855d40f73b23d0e1c681e612efebbb8229b7770d91db8cd41de39e484085c4c4355d724eb1d40e9e2d4c71cad3e65b8bd4fc344f22c939,"Keep-Alive:timeout=5, max=45
Server:Apache/2.4.38 (Debian)
Connection:Keep-Alive
Date:Mon, 11 May 2026 23:02:07 GMT
Cache-Control:max-age=0,must-revalidate,private
Content-Encoding:gzip
Vary:Accept-Encoding
Content-Length:1415
X-Powered-By:PHP/7.1.33
Content-Type:text/html; charset=UTF-8
",c28b3269dc0de45546b06eb62a523c780f7836a852cae14116b39192af3eb46a1af62968086fa30c6b9617cd245e3d3f60782f33c14c331abcfcc373defb9818,200
http://web/index.php,GET,"Accept:text/html,application/xhtml+xml,application/xml;q=0.9,image/avif,image/webp,image/apng,*/*;q=0.8,application/signed-exchange;v=b3;q=0.9
User-Agent:Mozilla/5.0 (X11; Linux x86_64) AppleWebKit/537.36 (KHTML, like Gecko) Chrome/85.0.4183.102 Safari/537.36
Upgrade-Insecure-Requests:1
",cf83e1357eefb8bdf1542850d66d8007d620e4050b5715dc83f4a921d36ce9ce47d0d13c5d85f2b0ff8318d2877eec2f63b931bd47417a81a538327af927da3e,"Keep-Alive:timeout=5, max=30
Server:Apache/2.4.38 (Debian)
Connection:Keep-Alive
Date:Mon, 11 May 2026 23:05:10 GMT
Cache-Control:max-age=0,must-revalidate,private
Content-Encoding:gzip
Vary:Accept-Encoding
Content-Length:1414
X-Powered-By:PHP/7.1.33
Content-Type:text/html; charset=UTF-8
",a6a71acdce0451ab45568e97c1382575ceeee354e4d62aa6d62d9fe381f33082a91cc340c8631cc4f099dbd1791d794f79cab271ae94e358981fb15bb82defe4,200
http://web/users.php?t=pc,GET,"Accept:text/html,application/xhtml+xml,application/xml;q=0.9,image/avif,image/webp,image/apng,*/*;q=0.8,application/signed-exchange;v=b3;q=0.9
User-Agent:Mozilla/5.0 (X11; Linux x86_64) AppleWebKit/537.36 (KHTML, like Gecko) Chrome/85.0.4183.102 Safari/537.36
Upgrade-Insecure-Requests:1
",cf83e1357eefb8bdf1542850d66d8007d620e4050b5715dc83f4a921d36ce9ce47d0d13c5d85f2b0ff8318d2877eec2f63b931bd47417a81a538327af927da3e,"Keep-Alive:timeout=5, max=34
Server:Apache/2.4.38 (Debian)
Connection:Keep-Alive
Date:Mon, 11 May 2026 23:02:22 GMT
Cache-Control:max-age=0,must-revalidate,private
Content-Encoding:gzip
Vary:Accept-Encoding
Content-Length:1376
X-Powered-By:PHP/7.1.33
Content-Type:text/html; charset=UTF-8
",89a5ee7711ab815e61136be8d267fd07b62508cce4c098a2bb94643b64c958b792b1073a129f1b457a56e92c01b358343648613cb0c05c64694ef84c9d45fb95,200
http://web/index.php,GET,"Accept:text/html,application/xhtml+xml,application/xml;q=0.9,image/avif,image/webp,image/apng,*/*;q=0.8,application/signed-exchange;v=b3;q=0.9
User-Agent:Mozilla/5.0 (X11; Linux x86_64) AppleWebKit/537.36 (KHTML, like Gecko) Chrome/85.0.4183.102 Safari/537.36
Upgrade-Insecure-Requests:1
",cf83e1357eefb8bdf1542850d66d8007d620e4050b5715dc83f4a921d36ce9ce47d0d13c5d85f2b0ff8318d2877eec2f63b931bd47417a81a538327af927da3e,"Keep-Alive:timeout=5, max=46
Server:Apache/2.4.38 (Debian)
Connection:Keep-Alive
Date:Mon, 11 May 2026 23:04:39 GMT
Cache-Control:max-age=0,must-revalidate,private
Content-Encoding:gzip
Vary:Accept-Encoding
Content-Length:1416
X-Powered-By:PHP/7.1.33
Content-Type:text/html; charset=UTF-8
",61eca887a9599285dd746896e3c11fc7d8abcb6e14160ea7a8681a84ffa7b6b890a1d5f43834cae88ee131f203fa4db9bb86959d7814fd83d871462dc5c5d00f,200
http://web/,GET,"Accept:text/html,application/xhtml+xml,application/xml;q=0.9,image/avif,image/webp,image/apng,*/*;q=0.8,application/signed-exchange;v=b3;q=0.9
User-Agent:Mozilla/5.0 (X11; Linux x86_64) AppleWebKit/537.36 (KHTML, like Gecko) Chrome/85.0.4183.102 Safari/537.36
Referer:http://web/index.php
Upgrade-Insecure-Requests:1
",cf83e1357eefb8bdf1542850d66d8007d620e4050b5715dc83f4a921d36ce9ce47d0d13c5d85f2b0ff8318d2877eec2f63b931bd47417a81a538327af927da3e,"Keep-Alive:timeout=5, max=52
Server:Apache/2.4.38 (Debian)
Connection:Keep-Alive
Date:Mon, 11 May 2026 23:01:58 GMT
Cache-Control:max-age=0,must-revalidate,private
Content-Encoding:gzip
Vary:Accept-Encoding
Content-Length:1414
X-Powered-By:PHP/7.1.33
Content-Type:text/html; charset=UTF-8
",0f0d7f688d1038c34386c263fa51e23b97a10ae04edec252474a1e090831d020990cf6624258758c68739de5082187aea41215a10332787a565de3d1c28ce939,200
http://web/index.php,GET,"Accept:text/html,application/xhtml+xml,application/xml;q=0.9,image/avif,image/webp,image/apng,*/*;q=0.8,application/signed-exchange;v=b3;q=0.9
User-Agent:Mozilla/5.0 (X11; Linux x86_64) AppleWebKit/537.36 (KHTML, like Gecko) Chrome/85.0.4183.102 Safari/537.36
Upgrade-Insecure-Requests:1
",cf83e1357eefb8bdf1542850d66d8007d620e4050b5715dc83f4a921d36ce9ce47d0d13c5d85f2b0ff8318d2877eec2f63b931bd47417a81a538327af927da3e,"Keep-Alive:timeout=5, max=83
Server:Apache/2.4.38 (Debian)
Connection:Keep-Alive
Date:Mon, 11 May 2026 23:01:14 GMT
Cache-Control:max-age=0,must-revalidate,private
Content-Encoding:gzip
Vary:Accept-Encoding
Content-Length:1415
X-Powered-By:PHP/7.1.33
Content-Type:text/html; charset=UTF-8
",47b5c57cd0d6c6ec75337f6723cbc112c94a5c555ac2d171121d15aaafc4a578eab03b369393454bd61639cf71afd91a4e900468d87324110c717ca1610fd613,200
http://web/?post=.empty,POST,"Origin:http://web
Accept:text/html,application/xhtml+xml,application/xml;q=0.9,image/avif,image/webp,image/apng,*/*;q=0.8,application/signed-exchange;v=b3;q=0.9
User-Agent:Mozilla/5.0 (X11; Linux x86_64) AppleWebKit/537.36 (KHTML, like Gecko) Chrome/85.0.4183.102 Safari/537.36
Referer:http://web/index.php
Upgrade-Insecure-Requests:1
Content-Type:multipart/form-data; boundary=----WebKitFormBoundaryrBiN27BpGapA9M3f
",78172b00b55a249c492f0fc851760b8b87b49f987f4b49529d839f5bc14be5726476dad7395a83a32f2fcfe3ab58bb249f2a2e87693d1e3998c4285da53b6906,"Keep-Alive:timeout=5, max=83
Server:Apache/2.4.38 (Debian)
Connection:Keep-Alive
Date:Mon, 11 May 2026 23:03:47 GMT
Cache-Control:max-age=0,must-revalidate,private
Content-Encoding:gzip
Vary:Accept-Encoding
Content-Length:1416
X-Powered-By:PHP/7.1.33
Content-Type:text/html; charset=UTF-8
",0df12163be8ded29bf090f8bb65823f3406b5efc9d2457e6661f8e18101496ec3729a0e8e1e527f31f79a7980b43b9a521fd0359ea1f33735f9d5a0b13fbe15d,200
http://web/index.php,GET,"Accept:text/html,application/xhtml+xml,application/xml;q=0.9,image/avif,image/webp,image/apng,*/*;q=0.8,application/signed-exchange;v=b3;q=0.9
User-Agent:Mozilla/5.0 (X11; Linux x86_64) AppleWebKit/537.36 (KHTML, like Gecko) Chrome/85.0.4183.102 Safari/537.36
Upgrade-Insecure-Requests:1
",cf83e1357eefb8bdf1542850d66d8007d620e4050b5715dc83f4a921d36ce9ce47d0d13c5d85f2b0ff8318d2877eec2f63b931bd47417a81a538327af927da3e,"Keep-Alive:timeout=5, max=68
Server:Apache/2.4.38 (Debian)
Connection:Keep-Alive
Date:Mon, 11 May 2026 23:04:08 GMT
Cache-Control:max-age=0,must-revalidate,private
Content-Encoding:gzip
Vary:Accept-Encoding
Content-Length:1415
X-Powered-By:PHP/7.1.33
Content-Type:text/html; charset=UTF-8
",eba03a9091fc8a7dc8361bd6f5824c4b3b372d41148dd61a79e3cb2c0668e0a233efef4ec76722ddf2c3467f75377788f89e0a707dfa24814e8091dfba237122,200
http://web/index.php,GET,"Accept:text/html,application/xhtml+xml,application/xml;q=0.9,image/avif,image/webp,image/apng,*/*;q=0.8,application/signed-exchange;v=b3;q=0.9
User-Agent:Mozilla/5.0 (X11; Linux x86_64) AppleWebKit/537.36 (KHTML, like Gecko) Chrome/85.0.4183.102 Safari/537.36
Upgrade-Insecure-Requests:1
",cf83e1357eefb8bdf1542850d66d8007d620e4050b5715dc83f4a921d36ce9ce47d0d13c5d85f2b0ff8318d2877eec2f63b931bd47417a81a538327af927da3e,"Keep-Alive:timeout=5, max=32
Server:Apache/2.4.38 (Debian)
Connection:Keep-Alive
Date:Mon, 11 May 2026 23:05:02 GMT
Cache-Control:max-age=0,must-revalidate,private
Content-Encoding:gzip
Vary:Accept-Encoding
Content-Length:1415
X-Powered-By:PHP/7.1.33
Content-Type:text/html; charset=UTF-8
",7daf92613a49e434a4229e8e5944d5dcd9071a9c1ed0c16209fae2b2beb271639545475302b257adcb380989108aceae45f6453fd225360320400d4986adf5c5,200
http://web/,GET,"Accept:text/html,application/xhtml+xml,application/xml;q=0.9,image/avif,image/webp,image/apng,*/*;q=0.8,application/signed-exchange;v=b3;q=0.9
User-Agent:Mozilla/5.0 (X11; Linux x86_64) AppleWebKit/537.36 (KHTML, like Gecko) Chrome/85.0.4183.102 Safari/537.36
Upgrade-Insecure-Requests:1
",cf83e1357eefb8bdf1542850d66d8007d620e4050b5715dc83f4a921d36ce9ce47d0d13c5d85f2b0ff8318d2877eec2f63b931bd47417a81a538327af927da3e,"Keep-Alive:timeout=5, max=51
Server:Apache/2.4.38 (Debian)
Connection:Keep-Alive
Date:Mon, 11 May 2026 23:02:01 GMT
Cache-Control:max-age=0,must-revalidate,private
Content-Encoding:gzip
Vary:Accept-Encoding
Content-Length:1414
X-Powered-By:PHP/7.1.33
Content-Type:text/html; charset=UTF-8
",37fa08ee7628247cb6b10a1d4eb5e749437821ea57302c73bf4b6234495d6685fdae561e4185af7a833e86a7eeb3f0d2502fd373bb9f9be9750b4b1d7f383de9,200
http://web/index.php,GET,"Accept:*/*
User-Agent:Mozilla/5.0 (X11; Linux x86_64) AppleWebKit/537.36 (KHTML, like Gecko) Chrome/85.0.4183.102 Safari/537.36
",cf83e1357eefb8bdf1542850d66d8007d620e4050b5715dc83f4a921d36ce9ce47d0d13c5d85f2b0ff8318d2877eec2f63b931bd47417a81a538327af927da3e,"Server:Apache/2.4.38 (Debian)
Date:Mon, 11 May 2026 23:01:14 GMT
Cache-Control:max-age=0,must-revalidate,private
Content-Encoding:gzip
Vary:Accept-Encoding
Content-Length:1415
X-Powered-By:PHP/7.1.33
Content-Type:text/html; charset=UTF-8
",47b5c57cd0d6c6ec75337f6723cbc112c94a5c555ac2d171121d15aaafc4a578eab03b369393454bd61639cf71afd91a4e900468d87324110c717ca1610fd613,200
http://web/?post=.empty,POST,"Origin:http://web
Accept:text/html,application/xhtml+xml,application/xml;q=0.9,image/avif,image/webp,image/apng,*/*;q=0.8,application/signed-exchange;v=b3;q=0.9
User-Agent:Mozilla/5.0 (X11; Linux x86_64) AppleWebKit/537.36 (KHTML, like Gecko) Chrome/85.0.4183.102 Safari/537.36
Referer:http://web/index.php
Upgrade-Insecure-Requests:1
Content-Type:multipart/form-data; boundary=----WebKitFormBoundaryBgj2QmSry7tkA0es
",84bdfb1666aa0942a19a124c094c2ac2f0abc4c5aa21a5e18ac0dcc392800cfa849474084d15a62b7b0c11feadfc2cc83d103584cc03e96056dfb626b7c16f2e,"Keep-Alive:timeout=5, max=81
Server:Apache/2.4.38 (Debian)
Connection:Keep-Alive
Date:Mon, 11 May 2026 23:03:49 GMT
Cache-Control:max-age=0,must-revalidate,private
Content-Encoding:gzip
Vary:Accept-Encoding
Content-Length:1415
X-Powered-By:PHP/7.1.33
Content-Type:text/html; charset=UTF-8
",69c16cdf421751582456fc514f8228f1973047fcfa7953c5b17da1670995362e96a57a34f80346285efbdd8bbfe57b0caa8f8b17f2ccaee379741c263b2ebc58,200
http://web/,GET,"Accept:text/html,application/xhtml+xml,application/xml;q=0.9,image/avif,image/webp,image/apng,*/*;q=0.8,application/signed-exchange;v=b3;q=0.9
User-Agent:Mozilla/5.0 (X11; Linux x86_64) AppleWebKit/537.36 (KHTML, like Gecko) Chrome/85.0.4183.102 Safari/537.36
Referer:http://web/
Upgrade-Insecure-Requests:1
",cf83e1357eefb8bdf1542850d66d8007d620e4050b5715dc83f4a921d36ce9ce47d0d13c5d85f2b0ff8318d2877eec2f63b931bd47417a81a538327af927da3e,"Keep-Alive:timeout=5, max=96
Server:Apache/2.4.38 (Debian)
Connection:Keep-Alive
Date:Mon, 11 May 2026 23:00:52 GMT
Cache-Control:max-age=0,must-revalidate,private
Content-Encoding:gzip
Vary:Accept-Encoding
Content-Length:1415
X-Powered-By:PHP/7.1.33
Content-Type:text/html; charset=UTF-8
",6427d06c7ae9fc3043c586d78dc9ae7ff52334b20dc4e7a93c854607aeab2128b2f6c5e7592b09b0c8be567c84a95394cb28487bc8ea2e0abe8ff5b35020f4c1,200
http://web/,GET,"Accept:text/html,application/xhtml+xml,application/xml;q=0.9,image/avif,image/webp,image/apng,*/*;q=0.8,application/signed-exchange;v=b3;q=0.9
User-Agent:Mozilla/5.0 (X11; Linux x86_64) AppleWebKit/537.36 (KHTML, like Gecko) Chrome/85.0.4183.102 Safari/537.36
Upgrade-Insecure-Requests:1
",cf83e1357eefb8bdf1542850d66d8007d620e4050b5715dc83f4a921d36ce9ce47d0d13c5d85f2b0ff8318d2877eec2f63b931bd47417a81a538327af927da3e,"Keep-Alive:timeout=5, max=78
Server:Apache/2.4.38 (Debian)
Connection:Keep-Alive
Date:Mon, 11 May 2026 23:03:57 GMT
Cache-Control:max-age=0,must-revalidate,private
Content-Encoding:gzip
Vary:Accept-Encoding
Content-Length:1415
X-Powered-By:PHP/7.1.33
Content-Type:text/html; charset=UTF-8
",362957d4abf3371d596d3a255fd15b7a4345cc9ce61010c708f39de2573b735026022c1736a00d0c76a6f8ca6cdff5e53bd864c2b70edb56934ee009ed5b477d,200
http://web/index.php,GET,"Accept:text/html,application/xhtml+xml,application/xml;q=0.9,image/avif,image/webp,image/apng,*/*;q=0.8,application/signed-exchange;v=b3;q=0.9
User-Agent:Mozilla/5.0 (X11; Linux x86_64) AppleWebKit/537.36 (KHTML, like Gecko) Chrome/85.0.4183.102 Safari/537.36
Upgrade-Insecure-Requests:1
",cf83e1357eefb8bdf1542850d66d8007d620e4050b5715dc83f4a921d36ce9ce47d0d13c5d85f2b0ff8318d2877eec2f63b931bd47417a81a538327af927da3e,"Keep-Alive:timeout=5, max=85
Server:Apache/2.4.38 (Debian)
Connection:Keep-Alive
Date:Mon, 11 May 2026 23:01:13 GMT
Cache-Control:max-age=0,must-revalidate,private
Content-Encoding:gzip
Vary:Accept-Encoding
Content-Length:1415
X-Powered-By:PHP/7.1.33
Content-Type:text/html; charset=UTF-8
",438d9e970584c607f1e809554dd751c0d0fdbff77312528947af4a12fa2c65c3e1ce56d03878fbbcd9226625b8af5f1d1158e8cb8d99a108db3ce4d61dd61954,200
http://web/index.php,GET,"Accept:text/html,application/xhtml+xml,application/xml;q=0.9,image/avif,image/webp,image/apng,*/*;q=0.8,application/signed-exchange;v=b3;q=0.9
User-Agent:Mozilla/5.0 (X11; Linux x86_64) AppleWebKit/537.36 (KHTML, like Gecko) Chrome/85.0.4183.102 Safari/537.36
Upgrade-Insecure-Requests:1
",cf83e1357eefb8bdf1542850d66d8007d620e4050b5715dc83f4a921d36ce9ce47d0d13c5d85f2b0ff8318d2877eec2f63b931bd47417a81a538327af927da3e,"Keep-Alive:timeout=5, max=99
Server:Apache/2.4.38 (Debian)
Connection:Keep-Alive
Date:Mon, 11 May 2026 23:03:19 GMT
Cache-Control:max-age=0,must-revalidate,private
Content-Encoding:gzip
Vary:Accept-Encoding
Content-Length:1419
X-Powered-By:PHP/7.1.33
Content-Type:text/html; charset=UTF-8
",5b33c7a2a21e1aa1b76b14e5b2390e1f5700895478e8fd970ea04cb43c3fdbed59b574573a9436e86a5b1564e3fc747788c95de3c7e1836c6cad2531e8c3a19d,200
http://web/users.php?t=pc,GET,"Accept:*/*
User-Agent:Mozilla/5.0 (X11; Linux x86_64) AppleWebKit/537.36 (KHTML, like Gecko) Chrome/85.0.4183.102 Safari/537.36
Referer:http://web/
",cf83e1357eefb8bdf1542850d66d8007d620e4050b5715dc83f4a921d36ce9ce47d0d13c5d85f2b0ff8318d2877eec2f63b931bd47417a81a538327af927da3e,"Server:Apache/2.4.38 (Debian)
Date:Mon, 11 May 2026 23:00:58 GMT
Cache-Control:max-age=0,must-revalidate,private
Content-Encoding:gzip
Vary:Accept-Encoding
Content-Length:1378
X-Powered-By:PHP/7.1.33
Content-Type:text/html; charset=UTF-8
",e83bf774be0cc8f5238ee2335dc427365c8d8d3158038aea8b6c1666424fe3e99ede5546338831b33d0e83736ce09b7b0e677b57708d6303ab93a328c3cf8a27,200
http://web/index.php,GET,"Accept:text/html,application/xhtml+xml,application/xml;q=0.9,image/avif,image/webp,image/apng,*/*;q=0.8,application/signed-exchange;v=b3;q=0.9
User-Agent:Mozilla/5.0 (X11; Linux x86_64) AppleWebKit/537.36 (KHTML, like Gecko) Chrome/85.0.4183.102 Safari/537.36
Upgrade-Insecure-Requests:1
",cf83e1357eefb8bdf1542850d66d8007d620e4050b5715dc83f4a921d36ce9ce47d0d13c5d85f2b0ff8318d2877eec2f63b931bd47417a81a538327af927da3e,"Keep-Alive:timeout=5, max=81
Server:Apache/2.4.38 (Debian)
Connection:Keep-Alive
Date:Mon, 11 May 2026 23:01:18 GMT
Cache-Control:max-age=0,must-revalidate,private
Content-Encoding:gzip
Vary:Accept-Encoding
Content-Length:1415
X-Powered-By:PHP/7.1.33
Content-Type:text/html; charset=UTF-8
",bf5e9ee5b1487b91135428503aff89a938d0a979d0a12fd03348aa3f7b02f2e06e9a907c03ed3a5312ec5854e747b48c1e34712f1af7966dbdbafc27c5864989,200
http://web/index.php,GET,"Accept:text/html,application/xhtml+xml,application/xml;q=0.9,image/avif,image/webp,image/apng,*/*;q=0.8,application/signed-exchange;v=b3;q=0.9
User-Agent:Mozilla/5.0 (X11; Linux x86_64) AppleWebKit/537.36 (KHTML, like Gecko) Chrome/85.0.4183.102 Safari/537.36
Upgrade-Insecure-Requests:1
",cf83e1357eefb8bdf1542850d66d8007d620e4050b5715dc83f4a921d36ce9ce47d0d13c5d85f2b0ff8318d2877eec2f63b931bd47417a81a538327af927da3e,"Keep-Alive:timeout=5, max=80
Server:Apache/2.4.38 (Debian)
Connection:Keep-Alive
Date:Mon, 11 May 2026 23:03:53 GMT
Cache-Control:max-age=0,must-revalidate,private
Content-Encoding:gzip
Vary:Accept-Encoding
Content-Length:1416
X-Powered-By:PHP/7.1.33
Content-Type:text/html; charset=UTF-8
",51e73612ef00e099b7692197be5aa78761273e0d8de0560f64a31e17349629120198f2ea24705a88a44155f070abe28b60b69d7c31ad399883219f6aa1d73e83,200
http://web/,GET,"Accept:text/html,application/xhtml+xml,application/xml;q=0.9,image/avif,image/webp,image/apng,*/*;q=0.8,application/signed-exchange;v=b3;q=0.9
User-Agent:Mozilla/5.0 (X11; Linux x86_64) AppleWebKit/537.36 (KHTML, like Gecko) Chrome/85.0.4183.102 Safari/537.36
Referer:http://web/index.php?signin=1&action=forgot
Upgrade-Insecure-Requests:1
",cf83e1357eefb8bdf1542850d66d8007d620e4050b5715dc83f4a921d36ce9ce47d0d13c5d85f2b0ff8318d2877eec2f63b931bd47417a81a538327af927da3e,"Keep-Alive:timeout=5, max=61
Server:Apache/2.4.38 (Debian)
Connection:Keep-Alive
Date:Mon, 11 May 2026 23:01:46 GMT
Cache-Control:max-age=0,must-revalidate,private
Content-Encoding:gzip
Vary:Accept-Encoding
Content-Length:1416
X-Powered-By:PHP/7.1.33
Content-Type:text/html; charset=UTF-8
",4c07d5adfa901b0d29f1f978d74e7b96d28cc0bff1022aef5dedf623a3d2d2461511154a7208cb6b49d239f81bf84035965cb63f7c579e38bdc746baf8d7a926,200
http://web/users.php?t=pc,GET,"Accept:text/html,application/xhtml+xml,application/xml;q=0.9,image/avif,image/webp,image/apng,*/*;q=0.8,application/signed-exchange;v=b3;q=0.9
User-Agent:Mozilla/5.0 (X11; Linux x86_64) AppleWebKit/537.36 (KHTML, like Gecko) Chrome/85.0.4183.102 Safari/537.36
Upgrade-Insecure-Requests:1
",cf83e1357eefb8bdf1542850d66d8007d620e4050b5715dc83f4a921d36ce9ce47d0d13c5d85f2b0ff8318d2877eec2f63b931bd47417a81a538327af927da3e,"Keep-Alive:timeout=5, max=11
Server:Apache/2.4.38 (Debian)
Connection:Keep-Alive
Date:Mon, 11 May 2026 23:02:58 GMT
Cache-Control:max-age=0,must-revalidate,private
Content-Encoding:gzip
Vary:Accept-Encoding
Content-Length:1379
X-Powered-By:PHP/7.1.33
Content-Type:text/html; charset=UTF-8
",250d0cabada2b708e8dc9306903775d1b8f9d411d6776128fe91e5f20ba434f35ce1ae1a0aac1f652a4950dc0849a2e2c46e68126e57ec19601157c4bf41bec3,200
http://web/,GET,"Accept:text/html,application/xhtml+xml,application/xml;q=0.9,image/avif,image/webp,image/apng,*/*;q=0.8,application/signed-exchange;v=b3;q=0.9
User-Agent:Mozilla/5.0 (X11; Linux x86_64) AppleWebKit/537.36 (KHTML, like Gecko) Chrome/85.0.4183.102 Safari/537.36
Referer:http://web/?post=.empty
Upgrade-Insecure-Requests:1
",cf83e1357eefb8bdf1542850d66d8007d620e4050b5715dc83f4a921d36ce9ce47d0d13c5d85f2b0ff8318d2877eec2f63b931bd47417a81a538327af927da3e,"Keep-Alive:timeout=5, max=90
Server:Apache/2.4.38 (Debian)
Connection:Keep-Alive
Date:Mon, 11 May 2026 23:01:09 GMT
Cache-Control:max-age=0,must-revalidate,private
Content-Encoding:gzip
Vary:Accept-Encoding
Content-Length:1415
X-Powered-By:PHP/7.1.33
Content-Type:text/html; charset=UTF-8
",23915e49e4436c7130e505768714c1d5cc9518a7584dea0645c8acf3df750c891f28a22951d06231943644fc893e90e988d7c7997333c842913a8c88beb69d2d,200
http://web/?post=.empty,POST,"Origin:http://web
Accept:text/html,application/xhtml+xml,application/xml;q=0.9,image/avif,image/webp,image/apng,*/*;q=0.8,application/signed-exchange;v=b3;q=0.9
User-Agent:Mozilla/5.0 (X11; Linux x86_64) AppleWebKit/537.36 (KHTML, like Gecko) Chrome/85.0.4183.102 Safari/537.36
Referer:http://web/index.php
Upgrade-Insecure-Requests:1
Content-Type:multipart/form-data; boundary=----WebKitFormBoundaryw0cdBpUAeFQCg3iL
",0c0e78a984aa70014d2817723dd4e4ac4a30b059bf714e70390aac8b75a30b0825fd76065751e1653e11c18d889d78e156300301557418f64c403c2898676b3e,"Keep-Alive:timeout=5, max=87
Server:Apache/2.4.38 (Debian)
Connection:Keep-Alive
Date:Mon, 11 May 2026 23:03:41 GMT
Cache-Control:max-age=0,must-revalidate,private
Content-Encoding:gzip
Vary:Accept-Encoding
Content-Length:1414
X-Powered-By:PHP/7.1.33
Content-Type:text/html; charset=UTF-8
",2af6f66f53bbad2ba10eee2e7365430b3d3a1cce805ec94b6113f0ca744b90e9033ee279fa69643fac87e511b63bbb8ceed1b10d394847f09dd86381a35df0f8,200
http://web/index.php,GET,"Accept:text/html,application/xhtml+xml,application/xml;q=0.9,image/avif,image/webp,image/apng,*/*;q=0.8,application/signed-exchange;v=b3;q=0.9
User-Agent:Mozilla/5.0 (X11; Linux x86_64) AppleWebKit/537.36 (KHTML, like Gecko) Chrome/85.0.4183.102 Safari/537.36
Upgrade-Insecure-Requests:1
",cf83e1357eefb8bdf1542850d66d8007d620e4050b5715dc83f4a921d36ce9ce47d0d13c5d85f2b0ff8318d2877eec2f63b931bd47417a81a538327af927da3e,"Keep-Alive:timeout=5, max=97
Server:Apache/2.4.38 (Debian)
Connection:Keep-Alive
Date:Mon, 11 May 2026 23:03:28 GMT
Cache-Control:max-age=0,must-revalidate,private
Content-Encoding:gzip
Vary:Accept-Encoding
Content-Length:1415
X-Powered-By:PHP/7.1.33
Content-Type:text/html; charset=UTF-8
",a176d5a4c87ec0e413a2d18e525e79cdfad182441cf71c2e715d9720af5ad9400e41314f053c6aa94928abdf5a98987312b6a9d066a1f7cabfdeb0fe19bc8533,200
http://web/index.php,GET,"Accept:text/html,application/xhtml+xml,application/xml;q=0.9,image/avif,image/webp,image/apng,*/*;q=0.8,application/signed-exchange;v=b3;q=0.9
User-Agent:Mozilla/5.0 (X11; Linux x86_64) AppleWebKit/537.36 (KHTML, like Gecko) Chrome/85.0.4183.102 Safari/537.36
Upgrade-Insecure-Requests:1
",cf83e1357eefb8bdf1542850d66d8007d620e4050b5715dc83f4a921d36ce9ce47d0d13c5d85f2b0ff8318d2877eec2f63b931bd47417a81a538327af927da3e,"Keep-Alive:timeout=5, max=71
Server:Apache/2.4.38 (Debian)
Connection:Keep-Alive
Date:Mon, 11 May 2026 23:04:03 GMT
Cache-Control:max-age=0,must-revalidate,private
Content-Encoding:gzip
Vary:Accept-Encoding
Content-Length:1415
X-Powered-By:PHP/7.1.33
Content-Type:text/html; charset=UTF-8
",236f11885916143b15bf1e2634bac4aad29feec30b80eae423514f8de0c8991fd6decd0e6b175f805464e1abe1db1ec7f712380d1719d50414f6bdae52b04968,200
http://web/users.php?t=pc,GET,"Accept:text/html,application/xhtml+xml,application/xml;q=0.9,image/avif,image/webp,image/apng,*/*;q=0.8,application/signed-exchange;v=b3;q=0.9
User-Agent:Mozilla/5.0 (X11; Linux x86_64) AppleWebKit/537.36 (KHTML, like Gecko) Chrome/85.0.4183.102 Safari/537.36
Referer:http://web/
Upgrade-Insecure-Requests:1
",cf83e1357eefb8bdf1542850d66d8007d620e4050b5715dc83f4a921d36ce9ce47d0d13c5d85f2b0ff8318d2877eec2f63b931bd47417a81a538327af927da3e,"Keep-Alive:timeout=5, max=95
Server:Apache/2.4.38 (Debian)
Connection:Keep-Alive
Date:Mon, 11 May 2026 23:00:58 GMT
Cache-Control:max-age=0,must-revalidate,private
Content-Encoding:gzip
Vary:Accept-Encoding
Content-Length:1378
X-Powered-By:PHP/7.1.33
Content-Type:text/html; charset=UTF-8
",e83bf774be0cc8f5238ee2335dc427365c8d8d3158038aea8b6c1666424fe3e99ede5546338831b33d0e83736ce09b7b0e677b57708d6303ab93a328c3cf8a27,200
http://web/,GET,"Accept:text/html,application/xhtml+xml,application/xml;q=0.9,image/avif,image/webp,image/apng,*/*;q=0.8,application/signed-exchange;v=b3;q=0.9
User-Agent:Mozilla/5.0 (X11; Linux x86_64) AppleWebKit/537.36 (KHTML, like Gecko) Chrome/85.0.4183.102 Safari/537.36
Referer:http://web/index.php
Upgrade-Insecure-Requests:1
",cf83e1357eefb8bdf1542850d66d8007d620e4050b5715dc83f4a921d36ce9ce47d0d13c5d85f2b0ff8318d2877eec2f63b931bd47417a81a538327af927da3e,"Keep-Alive:timeout=5, max=49
Server:Apache/2.4.38 (Debian)
Connection:Keep-Alive
Date:Mon, 11 May 2026 23:02:02 GMT
Cache-Control:max-age=0,must-revalidate,private
Content-Encoding:gzip
Vary:Accept-Encoding
Content-Length:1414
X-Powered-By:PHP/7.1.33
Content-Type:text/html; charset=UTF-8
",609944bd5f4b10085bd3ba1809bc5c0b199f6d4a17e74fe6a6f1cf7c9925fb5bec729d9e554954b9956589c317017580e69e389512b01b61fa103063d7c1f4b8,200
http://web/,GET,"Accept:text/html,application/xhtml+xml,application/xml;q=0.9,image/avif,image/webp,image/apng,*/*;q=0.8,application/signed-exchange;v=b3;q=0.9
User-Agent:Mozilla/5.0 (X11; Linux x86_64) AppleWebKit/537.36 (KHTML, like Gecko) Chrome/85.0.4183.102 Safari/537.36
Upgrade-Insecure-Requests:1
",cf83e1357eefb8bdf1542850d66d8007d620e4050b5715dc83f4a921d36ce9ce47d0d13c5d85f2b0ff8318d2877eec2f63b931bd47417a81a538327af927da3e,"Keep-Alive:timeout=5, max=69
Server:Apache/2.4.38 (Debian)
Connection:Keep-Alive
Date:Mon, 11 May 2026 23:04:07 GMT
Cache-Control:max-age=0,must-revalidate,private
Content-Encoding:gzip
Vary:Accept-Encoding
Content-Length:1415
X-Powered-By:PHP/7.1.33
Content-Type:text/html; charset=UTF-8
",6394bbd8435fdb3117b77dc491a7bf6ec62906dc541e09549c6f7ee6ce3d369a77e16681f86cd3939c9c839baa66406804d7b3c474e3573381684f8b884d8a19,200
http://web/?post=.empty,POST,"Origin:http://web
Accept:text/html,application/xhtml+xml,application/xml;q=0.9,image/avif,image/webp,image/apng,*/*;q=0.8,application/signed-exchange;v=b3;q=0.9
User-Agent:Mozilla/5.0 (X11; Linux x86_64) AppleWebKit/537.36 (KHTML, like Gecko) Chrome/85.0.4183.102 Safari/537.36
Referer:http://web/index.php
Upgrade-Insecure-Requests:1
Content-Type:multipart/form-data; boundary=----WebKitFormBoundaryqlomlACEqpYXRxrB
",2005c8cf498c0def530b536b30ec92c00577353c5a9fb515dcef5d28c2dee1cd36f9ad8ddfa18a83d36c8a4284f62e5b390d8ad4990f9f510b545c9ea6fe9bec,"Keep-Alive:timeout=5, max=75
Server:Apache/2.4.38 (Debian)
Connection:Keep-Alive
Date:Mon, 11 May 2026 23:01:28 GMT
Cache-Control:max-age=0,must-revalidate,private
Content-Encoding:gzip
Vary:Accept-Encoding
Content-Length:1416
X-Powered-By:PHP/7.1.33
Content-Type:text/html; charset=UTF-8
",81fd8e9c4a063a76aadecd947801c2cea743242aabfd45c1ac4db0c0646ba51ef5e69f4e2fd94090ef992fb2f8cf5f82a65af91d0a2553e036d97bef5bb5c45b,200
http://web/?post=.empty,POST,"Origin:http://web
Accept:text/html,application/xhtml+xml,application/xml;q=0.9,image/avif,image/webp,image/apng,*/*;q=0.8,application/signed-exchange;v=b3;q=0.9
User-Agent:Mozilla/5.0 (X11; Linux x86_64) AppleWebKit/537.36 (KHTML, like Gecko) Chrome/85.0.4183.102 Safari/537.36
Referer:http://web/index.php
Upgrade-Insecure-Requests:1
Content-Type:multipart/form-data; boundary=----WebKitFormBoundaryNSuJiJgHAyg0gnG7
",b8e9bca5b013e39c779af3b89f2f535cbad2141d34b59c2a00b12e801e63d12d08fedd8ecef053745bf96034f5d34a72d60099a427d6991d8b4da83e57292033,"Keep-Alive:timeout=5, max=96
Server:Apache/2.4.38 (Debian)
Connection:Keep-Alive
Date:Mon, 11 May 2026 23:03:29 GMT
Cache-Control:max-age=0,must-revalidate,private
Content-Encoding:gzip
Vary:Accept-Encoding
Content-Length:1415
X-Powered-By:PHP/7.1.33
Content-Type:text/html; charset=UTF-8
",59300232116293f3ba09d8036046256d74e1b543e3baa62245c3cfb20ac08d44673c5ea0c0c24434861564eace7fae967a6216ccb146e281a0198bc568ee4ca4,200
http://web/users.php?t=pc,GET,"Accept:text/html,application/xhtml+xml,application/xml;q=0.9,image/avif,image/webp,image/apng,*/*;q=0.8,application/signed-exchange;v=b3;q=0.9
User-Agent:Mozilla/5.0 (X11; Linux x86_64) AppleWebKit/537.36 (KHTML, like Gecko) Chrome/85.0.4183.102 Safari/537.36
Referer:http://web/index.php?signin=1&action=forgot
Upgrade-Insecure-Requests:1
",cf83e1357eefb8bdf1542850d66d8007d620e4050b5715dc83f4a921d36ce9ce47d0d13c5d85f2b0ff8318d2877eec2f63b931bd47417a81a538327af927da3e,"Keep-Alive:timeout=5, max=27
Server:Apache/2.4.38 (Debian)
Connection:Keep-Alive
Date:Mon, 11 May 2026 23:02:31 GMT
Cache-Control:max-age=0,must-revalidate,private
Content-Encoding:gzip
Vary:Accept-Encoding
Content-Length:1380
X-Powered-By:PHP/7.1.33
Content-Type:text/html; charset=UTF-8
",ed1cb986b8365a1ac0a525952fd22068d939aee3f101bcf1d37dfd55e866a7d6b315ac3621288831f524969ebe0022d95bb69f3c3a1335e5bf6fbb46227b5e3b,200
http://web/index.php,GET,"Accept:text/html,application/xhtml+xml,application/xml;q=0.9,image/avif,image/webp,image/apng,*/*;q=0.8,application/signed-exchange;v=b3;q=0.9
User-Agent:Mozilla/5.0 (X11; Linux x86_64) AppleWebKit/537.36 (KHTML, like Gecko) Chrome/85.0.4183.102 Safari/537.36
Upgrade-Insecure-Requests:1
",cf83e1357eefb8bdf1542850d66d8007d620e4050b5715dc83f4a921d36ce9ce47d0d13c5d85f2b0ff8318d2877eec2f63b931bd47417a81a538327af927da3e,"Keep-Alive:timeout=5, max=84
Server:Apache/2.4.38 (Debian)
Connection:Keep-Alive
Date:Mon, 11 May 2026 23:03:46 GMT
Cache-Control:max-age=0,must-revalidate,private
Content-Encoding:gzip
Vary:Accept-Encoding
Content-Length:1415
X-Powered-By:PHP/7.1.33
Content-Type:text/html; charset=UTF-8
",b0ce83b14e899d3bd5bb1c1ce9f69641acad850e745563f9350dd45cd106149462e9e84a94f2a95e6e9337377eeba66b6ba275a99d5f64bbe9a2330d160dac53,200
http://web/index.php?signin=1&action=new,POST,"Origin:http://web
Accept:text/html,application/xhtml+xml,application/xml;q=0.9,image/avif,image/webp,image/apng,*/*;q=0.8,application/signed-exchange;v=b3;q=0.9
User-Agent:Mozilla/5.0 (X11; Linux x86_64) AppleWebKit/537.36 (KHTML, like Gecko) Chrome/85.0.4183.102 Safari/537.36
Referer:http://web/?post=.empty
Upgrade-Insecure-Requests:1
Content-Type:multipart/form-data; boundary=----WebKitFormBoundaryvXOY2oj1GlqVk7yH
",2d8923f8c81b614529d45a84dbf90901d9b4078edc8831233b4959ceee010d1f04cc4a44899214b9add6abc023555881c389fe0b3111a7f70be6641e762c37b9,"Keep-Alive:timeout=5, max=86
Server:Apache/2.4.38 (Debian)
Connection:Keep-Alive
Date:Mon, 11 May 2026 23:03:42 GMT
Cache-Control:max-age=0,must-revalidate,private
Content-Encoding:gzip
Vary:Accept-Encoding
Content-Length:1414
X-Powered-By:PHP/7.1.33
Content-Type:text/html; charset=UTF-8
",ffa78672b0b53b08221c88ff589bc484c1444d60c592cf153a1c4e4ea5ccd01c36425ca312c98fbb6f51a9b737201a560973e4af997e62429b3aec10af0590fe,200
http://web/index.php,GET,"Accept:text/html,application/xhtml+xml,application/xml;q=0.9,image/avif,image/webp,image/apng,*/*;q=0.8,application/signed-exchange;v=b3;q=0.9
User-Agent:Mozilla/5.0 (X11; Linux x86_64) AppleWebKit/537.36 (KHTML, like Gecko) Chrome/85.0.4183.102 Safari/537.36
Upgrade-Insecure-Requests:1
",cf83e1357eefb8bdf1542850d66d8007d620e4050b5715dc83f4a921d36ce9ce47d0d13c5d85f2b0ff8318d2877eec2f63b931bd47417a81a538327af927da3e,"Keep-Alive:timeout=5, max=50
Server:Apache/2.4.38 (Debian)
Connection:Keep-Alive
Date:Mon, 11 May 2026 23:04:31 GMT
Cache-Control:max-age=0,must-revalidate,private
Content-Encoding:gzip
Vary:Accept-Encoding
Content-Length:1415
X-Powered-By:PHP/7.1.33
Content-Type:text/html; charset=UTF-8
",ca570cf827fe4839bd041744cd076176e121b50c03290ea369634a39024a05ecd494678e77bd761b2b3a93057ab3f0761751ed066f518bf67ed719b7d3c52446,200
http://web/index.php?signin=1&action=forgot,POST,"Origin:http://web
Accept:text/html,application/xhtml+xml,application/xml;q=0.9,image/avif,image/webp,image/apng,*/*;q=0.8,application/signed-exchange;v=b3;q=0.9
User-Agent:Mozilla/5.0 (X11; Linux x86_64) AppleWebKit/537.36 (KHTML, like Gecko) Chrome/85.0.4183.102 Safari/537.36
Referer:http://web/index.php
Upgrade-Insecure-Requests:1
Content-Type:multipart/form-data; boundary=----WebKitFormBoundaryaq1jJV9ZNBHsJzel
",235b0d47aaaf32bd18e4be71f69d92d0395f57aa98822f3740e123b3ad5e2d5de7c2b11a0697de3d96f71aa15f2dfedb3a9b51ac4ea1b9a69bdd1ee45ae01e4a,"Keep-Alive:timeout=5, max=47
Server:Apache/2.4.38 (Debian)
Connection:Keep-Alive
Date:Mon, 11 May 2026 23:04:36 GMT
Cache-Control:max-age=0,must-revalidate,private
Content-Encoding:gzip
Vary:Accept-Encoding
Content-Length:1415
X-Powered-By:PHP/7.1.33
Content-Type:text/html; charset=UTF-8
",d481a0eb22f8069f93d66987a97c0d0d8165e85bb82c44ddf855d0a4f91789ae9c10e811874249179e2e6170efb08cab7413cacc55dcca8945ecfbf67963d208,200
http://web/images/review24.png,GET,"Accept:image/avif,image/webp,image/apng,image/*,*/*;q=0.8
User-Agent:Mozilla/5.0 (X11; Linux x86_64) AppleWebKit/537.36 (KHTML, like Gecko) Chrome/85.0.4183.102 Safari/537.36
Referer:http://web/index.php
",cf83e1357eefb8bdf1542850d66d8007d620e4050b5715dc83f4a921d36ce9ce47d0d13c5d85f2b0ff8318d2877eec2f63b931bd47417a81a538327af927da3e,"Keep-Alive:timeout=5, max=99
Server:Apache/2.4.38 (Debian)
Connection:Keep-Alive
Last-Modified:Wed, 06 May 2026 17:48:24 GMT
Date:Mon, 11 May 2026 23:00:47 GMT
Accept-Ranges:bytes
Content-Length:1380
Content-Type:image/png
",1a9cf4376769373e2852c42a94de884de3640491167633572af66c3aae07b5448ce68c6965a43c0aea127bdadcd721e98419a07861a131133feb54d1aeee7ed3,200
http://web/index.php,GET,"Accept:text/html,application/xhtml+xml,application/xml;q=0.9,image/avif,image/webp,image/apng,*/*;q=0.8,application/signed-exchange;v=b3;q=0.9
User-Agent:Mozilla/5.0 (X11; Linux x86_64) AppleWebKit/537.36 (KHTML, like Gecko) Chrome/85.0.4183.102 Safari/537.36
Upgrade-Insecure-Requests:1
",cf83e1357eefb8bdf1542850d66d8007d620e4050b5715dc83f4a921d36ce9ce47d0d13c5d85f2b0ff8318d2877eec2f63b931bd47417a81a538327af927da3e,"Keep-Alive:timeout=5, max=24
Server:Apache/2.4.38 (Debian)
Connection:Keep-Alive
Date:Mon, 11 May 2026 23:02:37 GMT
Cache-Control:max-age=0,must-revalidate,private
Content-Encoding:gzip
Vary:Accept-Encoding
Content-Length:1416
X-Powered-By:PHP/7.1.33
Content-Type:text/html; charset=UTF-8
",705baee7d970f5b9b07fe1c8d29e01b2759f92abb1a3a05d98e32cdd6d1cff7beec7127ebf95564cdb22e5154d3aa6a02a19dff4d72c48f0f760f4ffad0c9acc,200
http://web/index.php?signin=1&action=new,POST,"Origin:http://web
Accept:text/html,application/xhtml+xml,application/xml;q=0.9,image/avif,image/webp,image/apng,*/*;q=0.8,application/signed-exchange;v=b3;q=0.9
User-Agent:Mozilla/5.0 (X11; Linux x86_64) AppleWebKit/537.36 (KHTML, like Gecko) Chrome/85.0.4183.102 Safari/537.36
Referer:http://web/index.php
Upgrade-Insecure-Requests:1
Content-Type:multipart/form-data; boundary=----WebKitFormBoundarydwr6CUinN1PP8ViN
",35d644fca957cb36f689f1b8bdac0aa37eacf35e3443afd7c36ad4e8eae07ef3a133ca81f0d0d346fe8edcef8468f1cb943668e0b8d708cfd347ea8e75770789,"Keep-Alive:timeout=5, max=36
Server:Apache/2.4.38 (Debian)
Connection:Keep-Alive
Date:Mon, 11 May 2026 23:04:55 GMT
Cache-Control:max-age=0,must-revalidate,private
Content-Encoding:gzip
Vary:Accept-Encoding
Content-Length:1416
X-Powered-By:PHP/7.1.33
Content-Type:text/html; charset=UTF-8
",428571faa5a007ce8e042549ea5aa354116a8521906acd62132b13ddcaac071c678a461cf5b38b3098c21db497c17bcdd0fb73363390871b5eaae399aba7ed31,200
http://web/index.php,GET,"Accept:text/html,application/xhtml+xml,application/xml;q=0.9,image/avif,image/webp,image/apng,*/*;q=0.8,application/signed-exchange;v=b3;q=0.9
User-Agent:Mozilla/5.0 (X11; Linux x86_64) AppleWebKit/537.36 (KHTML, like Gecko) Chrome/85.0.4183.102 Safari/537.36
Upgrade-Insecure-Requests:1
",cf83e1357eefb8bdf1542850d66d8007d620e4050b5715dc83f4a921d36ce9ce47d0d13c5d85f2b0ff8318d2877eec2f63b931bd47417a81a538327af927da3e,"Keep-Alive:timeout=5, max=27
Server:Apache/2.4.38 (Debian)
Connection:Keep-Alive
Date:Mon, 11 May 2026 23:05:16 GMT
Cache-Control:max-age=0,must-revalidate,private
Content-Encoding:gzip
Vary:Accept-Encoding
Content-Length:1416
X-Powered-By:PHP/7.1.33
Content-Type:text/html; charset=UTF-8
",bfb39782eb8271332d7b0a56864a8e31250a3beba6edff7d8dc04a7ddc73cc6992244c45eba3fc7952b5e2b4f5eb04e141bc9c9b77d98364d728be9b85fc0766,200
http://web/index.php,GET,"Accept:*/*
User-Agent:Mozilla/5.0 (X11; Linux x86_64) AppleWebKit/537.36 (KHTML, like Gecko) Chrome/85.0.4183.102 Safari/537.36
",cf83e1357eefb8bdf1542850d66d8007d620e4050b5715dc83f4a921d36ce9ce47d0d13c5d85f2b0ff8318d2877eec2f63b931bd47417a81a538327af927da3e,"Server:Apache/2.4.38 (Debian)
Date:Mon, 11 May 2026 23:01:18 GMT
Cache-Control:max-age=0,must-revalidate,private
Content-Encoding:gzip
Vary:Accept-Encoding
Content-Length:1415
X-Powered-By:PHP/7.1.33
Content-Type:text/html; charset=UTF-8
",bf5e9ee5b1487b91135428503aff89a938d0a979d0a12fd03348aa3f7b02f2e06e9a907c03ed3a5312ec5854e747b48c1e34712f1af7966dbdbafc27c5864989,200
http://web/index.php,GET,"Accept:text/html,application/xhtml+xml,application/xml;q=0.9,image/avif,image/webp,image/apng,*/*;q=0.8,application/signed-exchange;v=b3;q=0.9
User-Agent:Mozilla/5.0 (X11; Linux x86_64) AppleWebKit/537.36 (KHTML, like Gecko) Chrome/85.0.4183.102 Safari/537.36
Upgrade-Insecure-Requests:1
",cf83e1357eefb8bdf1542850d66d8007d620e4050b5715dc83f4a921d36ce9ce47d0d13c5d85f2b0ff8318d2877eec2f63b931bd47417a81a538327af927da3e,"Keep-Alive:timeout=5, max=34
Server:Apache/2.4.38 (Debian)
Connection:Keep-Alive
Date:Mon, 11 May 2026 23:04:57 GMT
Cache-Control:max-age=0,must-revalidate,private
Content-Encoding:gzip
Vary:Accept-Encoding
Content-Length:1416
X-Powered-By:PHP/7.1.33
Content-Type:text/html; charset=UTF-8
",358a786028851a93e438005b7591a32a169a7888fa87e7218783b357f19abdb61da08872299579fd54534ccbeac7e281797a1c797a6ddbcb0ccd79b5ad72b1eb,200
http://web/?post=.empty,POST,"Origin:http://web
Accept:text/html,application/xhtml+xml,application/xml;q=0.9,image/avif,image/webp,image/apng,*/*;q=0.8,application/signed-exchange;v=b3;q=0.9
User-Agent:Mozilla/5.0 (X11; Linux x86_64) AppleWebKit/537.36 (KHTML, like Gecko) Chrome/85.0.4183.102 Safari/537.36
Referer:http://web/
Upgrade-Insecure-Requests:1
Content-Type:multipart/form-data; boundary=----WebKitFormBoundaryK4Nr6jueQtHXYJOL
",11d87ddd2bfcbe9b5923ab85d01e7ef2df23bced9bcbd347603a2deb66bf07a2343fa1088beaff81c6ce7260186907ba839ba6adf53a9ab9e93144ae524bc87b,"Keep-Alive:timeout=5, max=89
Server:Apache/2.4.38 (Debian)
Connection:Keep-Alive
Date:Mon, 11 May 2026 23:01:10 GMT
Cache-Control:max-age=0,must-revalidate,private
Content-Encoding:gzip
Vary:Accept-Encoding
Content-Length:1414
X-Powered-By:PHP/7.1.33
Content-Type:text/html; charset=UTF-8
",778d28ab226759faa0953e3745ebe3244e33b7cf3de2a4810e3d406d827993f11f5e6b7a299fd86d32e87944d6523ddaff33820fdc9c6495afd11e7521833d3e,200
http://web/index.php?signin=1&action=forgot,POST,"Origin:http://web
Accept:text/html,application/xhtml+xml,application/xml;q=0.9,image/avif,image/webp,image/apng,*/*;q=0.8,application/signed-exchange;v=b3;q=0.9
User-Agent:Mozilla/5.0 (X11; Linux x86_64) AppleWebKit/537.36 (KHTML, like Gecko) Chrome/85.0.4183.102 Safari/537.36
Referer:http://web/index.php
Upgrade-Insecure-Requests:1
Content-Type:multipart/form-data; boundary=----WebKitFormBoundaryJBjOxAvMSv0YgnGN
",d30cd43d6dfa3fa7fd6375efca866e66bcc07c13394426409dd7d4123e7c8825eb0ed6bb26de2db2a6a359b0d8948a8615a78163597f9e1651cc9ceb240867a8,"Keep-Alive:timeout=5, max=28
Server:Apache/2.4.38 (Debian)
Connection:Keep-Alive
Date:Mon, 11 May 2026 23:02:30 GMT
Cache-Control:max-age=0,must-revalidate,private
Content-Encoding:gzip
Vary:Accept-Encoding
Content-Length:1415
X-Powered-By:PHP/7.1.33
Content-Type:text/html; charset=UTF-8
",ede3ec4dbedc8608cc95eb0795bd0bb30b28f706970c289705d890635c9bf6e949fa4db0b811ed2e667261eb8365ab2524f3afd83f6ff5091c0e15bfc1a109aa,200
http://web/index.php,GET,"Accept:text/html,application/xhtml+xml,application/xml;q=0.9,image/avif,image/webp,image/apng,*/*;q=0.8,application/signed-exchange;v=b3;q=0.9
User-Agent:Mozilla/5.0 (X11; Linux x86_64) AppleWebKit/537.36 (KHTML, like Gecko) Chrome/85.0.4183.102 Safari/537.36
Upgrade-Insecure-Requests:1
",cf83e1357eefb8bdf1542850d66d8007d620e4050b5715dc83f4a921d36ce9ce47d0d13c5d85f2b0ff8318d2877eec2f63b931bd47417a81a538327af927da3e,"Keep-Alive:timeout=5, max=53
Server:Apache/2.4.38 (Debian)
Connection:Keep-Alive
Date:Mon, 11 May 2026 23:01:58 GMT
Cache-Control:max-age=0,must-revalidate,private
Content-Encoding:gzip
Vary:Accept-Encoding
Content-Length:1415
X-Powered-By:PHP/7.1.33
Content-Type:text/html; charset=UTF-8
",5b6864baa59a476ce0edec427ba1d96f191dd81ddda117ccab8d58c1db669ed17229551a7c7cc7d74b860e0f76a3f6e629e8f85670eb10c49f0bd085e24e8ca6,200
http://web/?post=.empty,POST,"Origin:http://web
Accept:text/html,application/xhtml+xml,application/xml;q=0.9,image/avif,image/webp,image/apng,*/*;q=0.8,application/signed-exchange;v=b3;q=0.9
User-Agent:Mozilla/5.0 (X11; Linux x86_64) AppleWebKit/537.36 (KHTML, like Gecko) Chrome/85.0.4183.102 Safari/537.36
Referer:http://web/index.php
Upgrade-Insecure-Requests:1
Content-Type:multipart/form-data; boundary=----WebKitFormBoundaryfiBr3KaRE9iBP700
",d1dfa3910615765c2094896ae6a0f23d3f2308092769d3a5916378d4b5d89186773ac83bf9927f9dc24d72bb06ac244da32d4f9f2b662eaf95d3467fbedb637f,"Keep-Alive:timeout=5, max=93
Server:Apache/2.4.38 (Debian)
Connection:Keep-Alive
Date:Mon, 11 May 2026 23:03:33 GMT
Cache-Control:max-age=0,must-revalidate,private
Content-Encoding:gzip
Vary:Accept-Encoding
Content-Length:1415
X-Powered-By:PHP/7.1.33
Content-Type:text/html; charset=UTF-8
",56cea0ba8996c80ac2ce956bb9366b8cfce0614e9345cef84583a2a5a6643ee55d9560b01ea41768e694567cdf7ed4895e6980dc4a06844c9277990d46c6fe8a,200
http://web/index.php,GET,"Accept:text/html,application/xhtml+xml,application/xml;q=0.9,image/avif,image/webp,image/apng,*/*;q=0.8,application/signed-exchange;v=b3;q=0.9
User-Agent:Mozilla/5.0 (X11; Linux x86_64) AppleWebKit/537.36 (KHTML, like Gecko) Chrome/85.0.4183.102 Safari/537.36
Upgrade-Insecure-Requests:1
",cf83e1357eefb8bdf1542850d66d8007d620e4050b5715dc83f4a921d36ce9ce47d0d13c5d85f2b0ff8318d2877eec2f63b931bd47417a81a538327af927da3e,"Keep-Alive:timeout=5, max=91
Server:Apache/2.4.38 (Debian)
Connection:Keep-Alive
Date:Mon, 11 May 2026 23:03:36 GMT
Cache-Control:max-age=0,must-revalidate,private
Content-Encoding:gzip
Vary:Accept-Encoding
Content-Length:1414
X-Powered-By:PHP/7.1.33
Content-Type:text/html; charset=UTF-8
",9800b15de5b401fa05f1640fcdad7d40d83645afeaa343d089133b58c165ab1730783d22e964e18c55459dcde4b2215243fbc068e6d77d85be60b00e2850c318,200
http://web/index.php,GET,"Accept:text/html,application/xhtml+xml,application/xml;q=0.9,image/avif,image/webp,image/apng,*/*;q=0.8,application/signed-exchange;v=b3;q=0.9
User-Agent:Mozilla/5.0 (X11; Linux x86_64) AppleWebKit/537.36 (KHTML, like Gecko) Chrome/85.0.4183.102 Safari/537.36
Upgrade-Insecure-Requests:1
",cf83e1357eefb8bdf1542850d66d8007d620e4050b5715dc83f4a921d36ce9ce47d0d13c5d85f2b0ff8318d2877eec2f63b931bd47417a81a538327af927da3e,"Keep-Alive:timeout=5, max=25
Server:Apache/2.4.38 (Debian)
Connection:Keep-Alive
Date:Mon, 11 May 2026 23:02:34 GMT
Cache-Control:max-age=0,must-revalidate,private
Content-Encoding:gzip
Vary:Accept-Encoding
Content-Length:1414
X-Powered-By:PHP/7.1.33
Content-Type:text/html; charset=UTF-8
",db8b99a9c0a7ae0202e8092773f8648150ead3d42a084cc8ba8a0d49a64c74eeceaec769015a5875815557eb2308f20ff4285a8cd63150768339c7f4bd450823,200
http://web/,GET,"Accept:text/html,application/xhtml+xml,application/xml;q=0.9,image/avif,image/webp,image/apng,*/*;q=0.8,application/signed-exchange;v=b3;q=0.9
User-Agent:Mozilla/5.0 (X11; Linux x86_64) AppleWebKit/537.36 (KHTML, like Gecko) Chrome/85.0.4183.102 Safari/537.36
Upgrade-Insecure-Requests:1
",cf83e1357eefb8bdf1542850d66d8007d620e4050b5715dc83f4a921d36ce9ce47d0d13c5d85f2b0ff8318d2877eec2f63b931bd47417a81a538327af927da3e,"Keep-Alive:timeout=5, max=38
Server:Apache/2.4.38 (Debian)
Connection:Keep-Alive
Date:Mon, 11 May 2026 23:04:51 GMT
Cache-Control:max-age=0,must-revalidate,private
Content-Encoding:gzip
Vary:Accept-Encoding
Content-Length:1416
X-Powered-By:PHP/7.1.33
Content-Type:text/html; charset=UTF-8
",88c70782b84c4a5635168ce09cafb043a2e74f608cda3f0db106ed406e969f217a3441e7c1c5768372f476e59fa377f66bbede142b01e2bf94c0b7afd110f094,200
http://web/,GET,"Accept:text/html,application/xhtml+xml,application/xml;q=0.9,image/avif,image/webp,image/apng,*/*;q=0.8,application/signed-exchange;v=b3;q=0.9
User-Agent:Mozilla/5.0 (X11; Linux x86_64) AppleWebKit/537.36 (KHTML, like Gecko) Chrome/85.0.4183.102 Safari/537.36
Upgrade-Insecure-Requests:1
",cf83e1357eefb8bdf1542850d66d8007d620e4050b5715dc83f4a921d36ce9ce47d0d13c5d85f2b0ff8318d2877eec2f63b931bd47417a81a538327af927da3e,"Keep-Alive:timeout=5, max=93
Server:Apache/2.4.38 (Debian)
Connection:Keep-Alive
Date:Mon, 11 May 2026 23:01:03 GMT
Cache-Control:max-age=0,must-revalidate,private
Content-Encoding:gzip
Vary:Accept-Encoding
Content-Length:1415
X-Powered-By:PHP/7.1.33
Content-Type:text/html; charset=UTF-8
",10bc8caa1f59d1eec2765826ccb3534cde1e2519f0219117f36510c360e0fff13e96e88ed92d70490a96e2c10aeaa157e9bed3a73c25ff356cf62c5dc19d31bf,200
http://web/?post=.empty,POST,"Origin:http://web
Accept:text/html,application/xhtml+xml,application/xml;q=0.9,image/avif,image/webp,image/apng,*/*;q=0.8,application/signed-exchange;v=b3;q=0.9
User-Agent:Mozilla/5.0 (X11; Linux x86_64) AppleWebKit/537.36 (KHTML, like Gecko) Chrome/85.0.4183.102 Safari/537.36
Referer:http://web/index.php?signin=1&action=new
Upgrade-Insecure-Requests:1
Content-Type:multipart/form-data; boundary=----WebKitFormBoundary2bzhvuteApcnf52p
",947e2ba4028f50f214c7e1a8d68cee28e64263f650f0baab70b7bd492d1acae232d03291fc02a7f4e23ce6d3a6c478dfb3063ea7ef3de4213a20dfbaca26825b,"Keep-Alive:timeout=5, max=63
Server:Apache/2.4.38 (Debian)
Connection:Keep-Alive
Date:Mon, 11 May 2026 23:04:13 GMT
Cache-Control:max-age=0,must-revalidate,private
Content-Encoding:gzip
Vary:Accept-Encoding
Content-Length:1416
X-Powered-By:PHP/7.1.33
Content-Type:text/html; charset=UTF-8
",804c6e5d8304ae1c52dae6477af9453b7ea8ed34e140920fc73f1107755b2e3e696b38c3ce6f85ef13b5ea2bbf97c6372f527091b70c7733aa9648eb1ad8cf1a,200
http://web/users.php?t=pc&sort=3,GET,"Accept:text/html,application/xhtml+xml,application/xml;q=0.9,image/avif,image/webp,image/apng,*/*;q=0.8,application/signed-exchange;v=b3;q=0.9
User-Agent:Mozilla/5.0 (X11; Linux x86_64) AppleWebKit/537.36 (KHTML, like Gecko) Chrome/85.0.4183.102 Safari/537.36
Referer:http://web/users.php?t=pc&sort=1R
Upgrade-Insecure-Requests:1
",cf83e1357eefb8bdf1542850d66d8007d620e4050b5715dc83f4a921d36ce9ce47d0d13c5d85f2b0ff8318d2877eec2f63b931bd47417a81a538327af927da3e,"Keep-Alive:timeout=5, max=86
Server:Apache/2.4.38 (Debian)
Connection:Keep-Alive
Date:Mon, 11 May 2026 23:01:12 GMT
Cache-Control:max-age=0,must-revalidate,private
Content-Encoding:gzip
Vary:Accept-Encoding
Content-Length:1377
X-Powered-By:PHP/7.1.33
Content-Type:text/html; charset=UTF-8
",c1f200722c0cc4a8dfcf50bff9456758ddce6dd5db380da5f694f141c9410bf20391ae70a83825e46e8a0bee2544868b220ba24798e0af74644e7fca081ed7ab,200
http://web/stylesheets/style.css?mtime=1778089704,GET,"Accept:text/css,*/*;q=0.1
User-Agent:Mozilla/5.0 (X11; Linux x86_64) AppleWebKit/537.36 (KHTML, like Gecko) Chrome/85.0.4183.102 Safari/537.36
Referer:http://web/index.php
",cf83e1357eefb8bdf1542850d66d8007d620e4050b5715dc83f4a921d36ce9ce47d0d13c5d85f2b0ff8318d2877eec2f63b931bd47417a81a538327af927da3e,"Keep-Alive:timeout=5, max=99
Server:Apache/2.4.38 (Debian)
Connection:Keep-Alive
Last-Modified:Wed, 06 May 2026 17:48:24 GMT
Date:Mon, 11 May 2026 23:00:46 GMT
Accept-Ranges:bytes
Content-Encoding:gzip
Vary:Accept-Encoding
Content-Length:16371
Content-Type:text/css
",8760dc4858ff5600c9ddf8f0c3af14dbcb34f3454175b7fecae255c4ec1cdc1090af843b6efbabb0d1b8a38a6428803c86a327cfb7f9cb65dcb58f07460cef68,200
http://web/,GET,"Accept:text/html,application/xhtml+xml,application/xml;q=0.9,image/avif,image/webp,image/apng,*/*;q=0.8,application/signed-exchange;v=b3;q=0.9
User-Agent:Mozilla/5.0 (X11; Linux x86_64) AppleWebKit/537.36 (KHTML, like Gecko) Chrome/85.0.4183.102 Safari/537.36
Upgrade-Insecure-Requests:1
",cf83e1357eefb8bdf1542850d66d8007d620e4050b5715dc83f4a921d36ce9ce47d0d13c5d85f2b0ff8318d2877eec2f63b931bd47417a81a538327af927da3e,"Keep-Alive:timeout=5, max=65
Server:Apache/2.4.38 (Debian)
Connection:Keep-Alive
Date:Mon, 11 May 2026 23:01:42 GMT
Cache-Control:max-age=0,must-revalidate,private
Content-Encoding:gzip
Vary:Accept-Encoding
Content-Length:1414
X-Powered-By:PHP/7.1.33
Content-Type:text/html; charset=UTF-8
",565a88e95d2aeb57fd6d34bde438a54573bb1c87f7770ee1a440dedf301cc475620d0b1dc1bd97c02c5696ee3982e2df7b62e2bf17040e3bc358adba47cdf33c,200
http://web/,GET,"Accept:text/html,application/xhtml+xml,application/xml;q=0.9,image/avif,image/webp,image/apng,*/*;q=0.8,application/signed-exchange;v=b3;q=0.9
User-Agent:Mozilla/5.0 (X11; Linux x86_64) AppleWebKit/537.36 (KHTML, like Gecko) Chrome/85.0.4183.102 Safari/537.36
Upgrade-Insecure-Requests:1
",cf83e1357eefb8bdf1542850d66d8007d620e4050b5715dc83f4a921d36ce9ce47d0d13c5d85f2b0ff8318d2877eec2f63b931bd47417a81a538327af927da3e,"Keep-Alive:timeout=5, max=48
Server:Apache/2.4.38 (Debian)
Connection:Keep-Alive
Date:Mon, 11 May 2026 23:02:05 GMT
Cache-Control:max-age=0,must-revalidate,private
Content-Encoding:gzip
Vary:Accept-Encoding
Content-Length:1415
X-Powered-By:PHP/7.1.33
Content-Type:text/html; charset=UTF-8
",e7d689e0d74c3fefc63f5c8ea9da28b13834006c9e43d601f1dda6cf93d8e3e20379eee8fe389d3545983469c8f91620db3eaa6424333f18e49d53ba8c0251f2,200
http://web/index.php?signin=1&action=new,POST,"Origin:http://web
Accept:text/html,application/xhtml+xml,application/xml;q=0.9,image/avif,image/webp,image/apng,*/*;q=0.8,application/signed-exchange;v=b3;q=0.9
User-Agent:Mozilla/5.0 (X11; Linux x86_64) AppleWebKit/537.36 (KHTML, like Gecko) Chrome/85.0.4183.102 Safari/537.36
Referer:http://web/index.php
Upgrade-Insecure-Requests:1
Content-Type:multipart/form-data; boundary=----WebKitFormBoundarywAQqYWE4NDKXEW4k
",8068d53b77cf8205d11ba43e0d709fadff3cdddc20375941ad71298390101e9a5cf0fdf3636004fd17b974620f0fceeabdd4c285e03df7c073252236ace63849,"Keep-Alive:timeout=5, max=45
Server:Apache/2.4.38 (Debian)
Connection:Keep-Alive
Date:Mon, 11 May 2026 23:04:40 GMT
Cache-Control:max-age=0,must-revalidate,private
Content-Encoding:gzip
Vary:Accept-Encoding
Content-Length:1414
X-Powered-By:PHP/7.1.33
Content-Type:text/html; charset=UTF-8
",ca4b2b2d98862966a99e8fc01524f4ca93a294b614a05fcaad5a94ba4f771e2f6f565f51f808d04d1fca61beb93652d28e51db05d70555d0078d9d3a2cefd567,200
http://web/?post=.empty,POST,"Origin:http://web
Accept:text/html,application/xhtml+xml,application/xml;q=0.9,image/avif,image/webp,image/apng,*/*;q=0.8,application/signed-exchange;v=b3;q=0.9
User-Agent:Mozilla/5.0 (X11; Linux x86_64) AppleWebKit/537.36 (KHTML, like Gecko) Chrome/85.0.4183.102 Safari/537.36
Referer:http://web/index.php
Upgrade-Insecure-Requests:1
Content-Type:multipart/form-data; boundary=----WebKitFormBoundaryivZ2GOPz6msHrtVD
",cbac9ddd5f198736b99b2654875c402be11e1dfb19dfdab551de9d063025a359e48a16d3a339db53786a3f1097868b58f0195d78bf57c7a1e06895e035a280e9,"Keep-Alive:timeout=5, max=100
Server:Apache/2.4.38 (Debian)
Connection:Keep-Alive
Date:Mon, 11 May 2026 23:03:17 GMT
Cache-Control:max-age=0,must-revalidate,private
Content-Encoding:gzip
Vary:Accept-Encoding
Content-Length:1416
X-Powered-By:PHP/7.1.33
Content-Type:text/html; charset=UTF-8
",49ff69c3fcaac2dc8752cb54999033d1f4b215261c479911953ec086c01ea90aa00a36a63f10ce4b5857883115df46eeb45a1b9458ee742dc9138a5f781731e9,200
http://web/index.php,GET,"Accept:text/html,application/xhtml+xml,application/xml;q=0.9,image/avif,image/webp,image/apng,*/*;q=0.8,application/signed-exchange;v=b3;q=0.9
User-Agent:Mozilla/5.0 (X11; Linux x86_64) AppleWebKit/537.36 (KHTML, like Gecko) Chrome/85.0.4183.102 Safari/537.36
Upgrade-Insecure-Requests:1
",cf83e1357eefb8bdf1542850d66d8007d620e4050b5715dc83f4a921d36ce9ce47d0d13c5d85f2b0ff8318d2877eec2f63b931bd47417a81a538327af927da3e,"Keep-Alive:timeout=5, max=88
Server:Apache/2.4.38 (Debian)
Connection:Keep-Alive
Date:Mon, 11 May 2026 23:03:40 GMT
Cache-Control:max-age=0,must-revalidate,private
Content-Encoding:gzip
Vary:Accept-Encoding
Content-Length:1414
X-Powered-By:PHP/7.1.33
Content-Type:text/html; charset=UTF-8
",69f2369278a1655eafd71f800e3f95880c3e3ade3dc0d269d5e0c467290030b54a96f8095b82877c3c73f15d9467901586262e058cb25fc4e89f8e04a36d8683,200
http://web/index.php?signin=1&action=forgot,POST,"Origin:http://web
Accept:text/html,application/xhtml+xml,application/xml;q=0.9,image/avif,image/webp,image/apng,*/*;q=0.8,application/signed-exchange;v=b3;q=0.9
User-Agent:Mozilla/5.0 (X11; Linux x86_64) AppleWebKit/537.36 (KHTML, like Gecko) Chrome/85.0.4183.102 Safari/537.36
Referer:http://web/
Upgrade-Insecure-Requests:1
Content-Type:multipart/form-data; boundary=----WebKitFormBoundaryHU7ArpVaKZATxBB8
",6675d73e8050bcf3c09009721c81d96b4314c2b4a87b8f5fcc75b001d260832b04b48d17e2369b0658d1d4086bd4e0b1e2199564a529136f7d855e95bfee40b5,"Keep-Alive:timeout=5, max=62
Server:Apache/2.4.38 (Debian)
Connection:Keep-Alive
Date:Mon, 11 May 2026 23:01:45 GMT
Cache-Control:max-age=0,must-revalidate,private
Content-Encoding:gzip
Vary:Accept-Encoding
Content-Length:1415
X-Powered-By:PHP/7.1.33
Content-Type:text/html; charset=UTF-8
",39139a472d355b7fbe361b13616f7b8275f23f6d831ff1288d2125afb74f7987d0a8948bc2cf4cb9930add56dc7b7b96ca7a56f071b8f67dafbd76e21a6494bf,200
http://web/index.php,GET,"Accept:text/html,application/xhtml+xml,application/xml;q=0.9,image/avif,image/webp,image/apng,*/*;q=0.8,application/signed-exchange;v=b3;q=0.9
User-Agent:Mozilla/5.0 (X11; Linux x86_64) AppleWebKit/537.36 (KHTML, like Gecko) Chrome/85.0.4183.102 Safari/537.36
Upgrade-Insecure-Requests:1
",cf83e1357eefb8bdf1542850d66d8007d620e4050b5715dc83f4a921d36ce9ce47d0d13c5d85f2b0ff8318d2877eec2f63b931bd47417a81a538327af927da3e,"Keep-Alive:timeout=5, max=48
Server:Apache/2.4.38 (Debian)
Connection:Keep-Alive
Date:Mon, 11 May 2026 23:04:34 GMT
Cache-Control:max-age=0,must-revalidate,private
Content-Encoding:gzip
Vary:Accept-Encoding
Content-Length:1414
X-Powered-By:PHP/7.1.33
Content-Type:text/html; charset=UTF-8
",819eb7308e42718c52b617d2ceab4d10622f890e06e118521a9668369cab9bb64d3e6e1a4c40e0074c55f1fed38070efaf10dfc65518b346259a6b6d93ba01bd,200
http://web/index.php,GET,"Accept:text/html,application/xhtml+xml,application/xml;q=0.9,image/avif,image/webp,image/apng,*/*;q=0.8,application/signed-exchange;v=b3;q=0.9
User-Agent:Mozilla/5.0 (X11; Linux x86_64) AppleWebKit/537.36 (KHTML, like Gecko) Chrome/85.0.4183.102 Safari/537.36
Upgrade-Insecure-Requests:1
",cf83e1357eefb8bdf1542850d66d8007d620e4050b5715dc83f4a921d36ce9ce47d0d13c5d85f2b0ff8318d2877eec2f63b931bd47417a81a538327af927da3e,"Keep-Alive:timeout=5, max=31
Server:Apache/2.4.38 (Debian)
Connection:Keep-Alive
Date:Mon, 11 May 2026 23:02:25 GMT
Cache-Control:max-age=0,must-revalidate,private
Content-Encoding:gzip
Vary:Accept-Encoding
Content-Length:1415
X-Powered-By:PHP/7.1.33
Content-Type:text/html; charset=UTF-8
",bda5b14ad470d64281b1bb6b7863ec4bb9aca742dd476813761ee4aaf8492a0a5609de138252626973f273d79a4f79771c10787917bbd7f1ca6c1a2dd667acab,200
http://web/?post=.empty,POST,"Origin:http://web
Accept:text/html,application/xhtml+xml,application/xml;q=0.9,image/avif,image/webp,image/apng,*/*;q=0.8,application/signed-exchange;v=b3;q=0.9
User-Agent:Mozilla/5.0 (X11; Linux x86_64) AppleWebKit/537.36 (KHTML, like Gecko) Chrome/85.0.4183.102 Safari/537.36
Referer:http://web/index.php
Upgrade-Insecure-Requests:1
Content-Type:multipart/form-data; boundary=----WebKitFormBoundaryvTK3qRu93IGffIAE
",912337f13bd928b65e9440321a37727ebd5d1da8efe68ccd4f9349c613cd662858e23ee549681bf6c82ba7e69374f89f25e764afa8e14e825959391680148b93,"Keep-Alive:timeout=5, max=98
Server:Apache/2.4.38 (Debian)
Connection:Keep-Alive
Date:Mon, 11 May 2026 23:03:25 GMT
Cache-Control:max-age=0,must-revalidate,private
Content-Encoding:gzip
Vary:Accept-Encoding
Content-Length:1415
X-Powered-By:PHP/7.1.33
Content-Type:text/html; charset=UTF-8
",6b529811cd1c9b63ed42bed08d4b42189a165d8369e78d76a7d2e16fa5d4274fcb8eabe43de24ae6c890946d0cc1c3fc7ce07c0b6d05ebebe28149aa84da3f3f,200
http://web/index.php?signin=1&action=forgot,POST,"Origin:http://web
Accept:text/html,application/xhtml+xml,application/xml;q=0.9,image/avif,image/webp,image/apng,*/*;q=0.8,application/signed-exchange;v=b3;q=0.9
User-Agent:Mozilla/5.0 (X11; Linux x86_64) AppleWebKit/537.36 (KHTML, like Gecko) Chrome/85.0.4183.102 Safari/537.36
Referer:http://web/index.php
Upgrade-Insecure-Requests:1
Content-Type:multipart/form-data; boundary=----WebKitFormBoundaryApHfmM0wzYAOifGD
",364f9833529febde5bfa6a06f6bee703ee045581b25685ad7f07faa9b0fa6e9ae53fd0a16627631ecc3542a1cdb0bca5155a484f1a77392c9e632d58888a3767,"Keep-Alive:timeout=5, max=79
Server:Apache/2.4.38 (Debian)
Connection:Keep-Alive
Date:Mon, 11 May 2026 23:03:54 GMT
Cache-Control:max-age=0,must-revalidate,private
Content-Encoding:gzip
Vary:Accept-Encoding
Content-Length:1415
X-Powered-By:PHP/7.1.33
Content-Type:text/html; charset=UTF-8
",b743eab6a716603f93e6ceba32bbcbc07d212ecf769d60cf150baed208a035d669cda21cf004aa8adb566f1b29e02d6dbd470918ced2eb4500f53ff3a717d3fd,200
http://web/index.php?signin=1&action=forgot,POST,"Origin:http://web
Accept:text/html,application/xhtml+xml,application/xml;q=0.9,image/avif,image/webp,image/apng,*/*;q=0.8,application/signed-exchange;v=b3;q=0.9
User-Agent:Mozilla/5.0 (X11; Linux x86_64) AppleWebKit/537.36 (KHTML, like Gecko) Chrome/85.0.4183.102 Safari/537.36
Referer:http://web/index.php
Upgrade-Insecure-Requests:1
Content-Type:multipart/form-data; boundary=----WebKitFormBoundaryc1NHFSo1EJ27JXPf
",dc5f30add527b5c07d0753181bc8c5833fdde2b45794737c50050cb1130c200d92d307955122a39a20fe9d0d61b66262c7a3114a6040cbb871682a8e1a589d03,"Keep-Alive:timeout=5, max=29
Server:Apache/2.4.38 (Debian)
Connection:Keep-Alive
Date:Mon, 11 May 2026 23:05:12 GMT
Cache-Control:max-age=0,must-revalidate,private
Content-Encoding:gzip
Vary:Accept-Encoding
Content-Length:1415
X-Powered-By:PHP/7.1.33
Content-Type:text/html; charset=UTF-8
",a9404f72ab6e9083eb243771f855058b7bc2ba79958a702e606e6facb622ef8591dc44476ca540468acb65d4c3464f1b055eb86a6b215e7fa7d37ff27dfa18af,200
http://web/index.php,GET,"Accept:text/html,application/xhtml+xml,application/xml;q=0.9,image/avif,image/webp,image/apng,*/*;q=0.8,application/signed-exchange;v=b3;q=0.9
User-Agent:Mozilla/5.0 (X11; Linux x86_64) AppleWebKit/537.36 (KHTML, like Gecko) Chrome/85.0.4183.102 Safari/537.36
Upgrade-Insecure-Requests:1
",cf83e1357eefb8bdf1542850d66d8007d620e4050b5715dc83f4a921d36ce9ce47d0d13c5d85f2b0ff8318d2877eec2f63b931bd47417a81a538327af927da3e,"Keep-Alive:timeout=5, max=22
Server:Apache/2.4.38 (Debian)
Connection:Keep-Alive
Date:Mon, 11 May 2026 23:02:40 GMT
Cache-Control:max-age=0,must-revalidate,private
Content-Encoding:gzip
Vary:Accept-Encoding
Content-Length:1413
X-Powered-By:PHP/7.1.33
Content-Type:text/html; charset=UTF-8
",565eb73713cffc20642c0ea484222fb7315889780d67289ee3c17351643f0c45e3d1b25f2f3b33c6f083c82e8aa90f3217e05a4b5dd1c4a8af025019690f72bf,200
http://web/index.php?signin=1&action=forgot,POST,"Origin:http://web
Accept:text/html,application/xhtml+xml,application/xml;q=0.9,image/avif,image/webp,image/apng,*/*;q=0.8,application/signed-exchange;v=b3;q=0.9
User-Agent:Mozilla/5.0 (X11; Linux x86_64) AppleWebKit/537.36 (KHTML, like Gecko) Chrome/85.0.4183.102 Safari/537.36
Referer:http://web/index.php
Upgrade-Insecure-Requests:1
Content-Type:multipart/form-data; boundary=----WebKitFormBoundaryUVBV9i6h7CbpqblY
",4c77973f3fc2767d90861f6e3354246b1624c3020224c87f91d75ea37ead2a92ab83272fbd933d8104b87455a2e7072f38f5a7b8fdff2b59c8994a8c91c7fa10,"Keep-Alive:timeout=5, max=58
Server:Apache/2.4.38 (Debian)
Connection:Keep-Alive
Date:Mon, 11 May 2026 23:04:19 GMT
Cache-Control:max-age=0,must-revalidate,private
Content-Encoding:gzip
Vary:Accept-Encoding
Content-Length:1416
X-Powered-By:PHP/7.1.33
Content-Type:text/html; charset=UTF-8
",8d8eb089d2c8ab658cf9e430bd200a13cbeb748b3c1f0f2538c999de256e4ff27fb0dcd5f7334a3e5a28314e56e8935acafee658349577bd8861a2f752501528,200
http://web/index.php,GET,"Accept:text/html,application/xhtml+xml,application/xml;q=0.9,image/avif,image/webp,image/apng,*/*;q=0.8,application/signed-exchange;v=b3;q=0.9
User-Agent:Mozilla/5.0 (X11; Linux x86_64) AppleWebKit/537.36 (KHTML, like Gecko) Chrome/85.0.4183.102 Safari/537.36
Upgrade-Insecure-Requests:1
",cf83e1357eefb8bdf1542850d66d8007d620e4050b5715dc83f4a921d36ce9ce47d0d13c5d85f2b0ff8318d2877eec2f63b931bd47417a81a538327af927da3e,"Keep-Alive:timeout=5, max=29
Server:Apache/2.4.38 (Debian)
Connection:Keep-Alive
Date:Mon, 11 May 2026 23:02:29 GMT
Cache-Control:max-age=0,must-revalidate,private
Content-Encoding:gzip
Vary:Accept-Encoding
Content-Length:1416
X-Powered-By:PHP/7.1.33
Content-Type:text/html; charset=UTF-8
",1c2170cebe4d5b151dce3b6408c19b594836d6a3caabb1f35cc9af24d21fda67f46449d8abeb8115d7f09416a4a492aa0f11487afc0433843e97842ce9e34f2b,200
http://web/,GET,"Accept:text/html,application/xhtml+xml,application/xml;q=0.9,image/avif,image/webp,image/apng,*/*;q=0.8,application/signed-exchange;v=b3;q=0.9
User-Agent:Mozilla/5.0 (X11; Linux x86_64) AppleWebKit/537.36 (KHTML, like Gecko) Chrome/85.0.4183.102 Safari/537.36
Referer:http://web/index.php
Upgrade-Insecure-Requests:1
",cf83e1357eefb8bdf1542850d66d8007d620e4050b5715dc83f4a921d36ce9ce47d0d13c5d85f2b0ff8318d2877eec2f63b931bd47417a81a538327af927da3e,"Keep-Alive:timeout=5, max=55
Server:Apache/2.4.38 (Debian)
Connection:Keep-Alive
Date:Mon, 11 May 2026 23:01:55 GMT
Cache-Control:max-age=0,must-revalidate,private
Content-Encoding:gzip
Vary:Accept-Encoding
Content-Length:1415
X-Powered-By:PHP/7.1.33
Content-Type:text/html; charset=UTF-8
",a32d0dabc2f87d70467adae04128ce4cca957711d84f6c7f830065d1699b039ae544d269f2d297dde850482c0e23902124797667f6e51431c608eae0a7a11245,200
http://web/,GET,"Accept:text/html,application/xhtml+xml,application/xml;q=0.9,image/avif,image/webp,image/apng,*/*;q=0.8,application/signed-exchange;v=b3;q=0.9
User-Agent:Mozilla/5.0 (X11; Linux x86_64) AppleWebKit/537.36 (KHTML, like Gecko) Chrome/85.0.4183.102 Safari/537.36
Upgrade-Insecure-Requests:1
",cf83e1357eefb8bdf1542850d66d8007d620e4050b5715dc83f4a921d36ce9ce47d0d13c5d85f2b0ff8318d2877eec2f63b931bd47417a81a538327af927da3e,"Keep-Alive:timeout=5, max=19
Server:Apache/2.4.38 (Debian)
Connection:Keep-Alive
Date:Mon, 11 May 2026 23:02:46 GMT
Cache-Control:max-age=0,must-revalidate,private
Content-Encoding:gzip
Vary:Accept-Encoding
Content-Length:1416
X-Powered-By:PHP/7.1.33
Content-Type:text/html; charset=UTF-8
",3c310631b82fa27020b9fec71a8d53c0e83e73d1c3ce9b1dfedc5e1ae30841ba58dfe51b1efab9da76597219fafddb61fb87b9886930425f5438c6497ab98a98,200
http://web/index.php,GET,"Accept:text/html,application/xhtml+xml,application/xml;q=0.9,image/avif,image/webp,image/apng,*/*;q=0.8,application/signed-exchange;v=b3;q=0.9
User-Agent:Mozilla/5.0 (X11; Linux x86_64) AppleWebKit/537.36 (KHTML, like Gecko) Chrome/85.0.4183.102 Safari/537.36
Upgrade-Insecure-Requests:1
",cf83e1357eefb8bdf1542850d66d8007d620e4050b5715dc83f4a921d36ce9ce47d0d13c5d85f2b0ff8318d2877eec2f63b931bd47417a81a538327af927da3e,"Keep-Alive:timeout=5, max=13
Server:Apache/2.4.38 (Debian)
Connection:Keep-Alive
Date:Mon, 11 May 2026 23:02:55 GMT
Cache-Control:max-age=0,must-revalidate,private
Content-Encoding:gzip
Vary:Accept-Encoding
Content-Length:1414
X-Powered-By:PHP/7.1.33
Content-Type:text/html; charset=UTF-8
",6374a0f44301f1668a5044323f7b01e0d572301110a166af7e61eec0b93a7edbc1574bb8d1d6d079a6df63a493203485d3635ea42c3b59f87fceb4caa89b4318,200
http://web/?post=.empty,POST,"Origin:http://web
Accept:text/html,application/xhtml+xml,application/xml;q=0.9,image/avif,image/webp,image/apng,*/*;q=0.8,application/signed-exchange;v=b3;q=0.9
User-Agent:Mozilla/5.0 (X11; Linux x86_64) AppleWebKit/537.36 (KHTML, like Gecko) Chrome/85.0.4183.102 Safari/537.36
Referer:http://web/index.php?signin=1&action=forgot
Upgrade-Insecure-Requests:1
Content-Type:multipart/form-data; boundary=----WebKitFormBoundaryb8MBRdTlwHQZ3jGD
",2aacc7e7389bc7bfb01e4d426f7b67601dfd333d46217c410198f2497f0fbee097f1131e2301d550517130bccf5c5d697bacbe598dba25ffe937c972a77aafba,"Keep-Alive:timeout=5, max=75
Server:Apache/2.4.38 (Debian)
Connection:Keep-Alive
Date:Mon, 11 May 2026 23:04:00 GMT
Cache-Control:max-age=0,must-revalidate,private
Content-Encoding:gzip
Vary:Accept-Encoding
Content-Length:1414
X-Powered-By:PHP/7.1.33
Content-Type:text/html; charset=UTF-8
",c4be3cebd4e5c4375977a6b4ee43bc15c3f61aff3250d11d9ea9f38939015464c6fe3583d61cc992c927301a8382382548ce29da19c54d32873fb7d86423bbdd,200
http://web/index.php?signin=1&action=new,POST,"Origin:http://web
Accept:text/html,application/xhtml+xml,application/xml;q=0.9,image/avif,image/webp,image/apng,*/*;q=0.8,application/signed-exchange;v=b3;q=0.9
User-Agent:Mozilla/5.0 (X11; Linux x86_64) AppleWebKit/537.36 (KHTML, like Gecko) Chrome/85.0.4183.102 Safari/537.36
Referer:http://web/index.php
Upgrade-Insecure-Requests:1
Content-Type:multipart/form-data; boundary=----WebKitFormBoundaryzgLzazlGxb1AO2n4
",972e55f5a41270790520f5143a0b2561d920ed3e6d2995fc77b99c8a6c85808d04bccc60c8f20bac3ae678bf5416617ed050dea60baef4ffa8d31579a7dcbaa0,"Keep-Alive:timeout=5, max=39
Server:Apache/2.4.38 (Debian)
Connection:Keep-Alive
Date:Mon, 11 May 2026 23:04:49 GMT
Cache-Control:max-age=0,must-revalidate,private
Content-Encoding:gzip
Vary:Accept-Encoding
Content-Length:1415
X-Powered-By:PHP/7.1.33
Content-Type:text/html; charset=UTF-8
",544a02173222ad086e97b1decf7afad13808a2a1116a1385e4c89d0c6a94ee80c52cc0a3a2c6d45166d8851cc6a7ebf0f66d56964d87d7a896d7b8275f4f5c53,200
http://web/scripts/script.js?mtime=1778089704,GET,"Accept:*/*
User-Agent:Mozilla/5.0 (X11; Linux x86_64) AppleWebKit/537.36 (KHTML, like Gecko) Chrome/85.0.4183.102 Safari/537.36
Referer:http://web/index.php
",cf83e1357eefb8bdf1542850d66d8007d620e4050b5715dc83f4a921d36ce9ce47d0d13c5d85f2b0ff8318d2877eec2f63b931bd47417a81a538327af927da3e,"Keep-Alive:timeout=5, max=100
Transfer-Encoding:chunked
Server:Apache/2.4.38 (Debian)
Connection:Keep-Alive
Last-Modified:Wed, 06 May 2026 17:48:24 GMT
Date:Mon, 11 May 2026 23:00:46 GMT
Accept-Ranges:bytes
Content-Encoding:gzip
Vary:Accept-Encoding
Content-Type:application/javascript
",b330fb9da88f943f963435312b5e00e7ef6bfbf8b304bbcc6b23d1a9a3bbd3810cd7c1b6c98b97b3efff59929ce7920a430a6ab2294cfc4cf0bf26c9d35bc3d5,200
http://web/users.php?t=pc,GET,"Accept:text/html,application/xhtml+xml,application/xml;q=0.9,image/avif,image/webp,image/apng,*/*;q=0.8,application/signed-exchange;v=b3;q=0.9
User-Agent:Mozilla/5.0 (X11; Linux x86_64) AppleWebKit/537.36 (KHTML, like Gecko) Chrome/85.0.4183.102 Safari/537.36
Referer:http://web/index.php
Upgrade-Insecure-Requests:1
",cf83e1357eefb8bdf1542850d66d8007d620e4050b5715dc83f4a921d36ce9ce47d0d13c5d85f2b0ff8318d2877eec2f63b931bd47417a81a538327af927da3e,"Keep-Alive:timeout=5, max=84
Server:Apache/2.4.38 (Debian)
Connection:Keep-Alive
Date:Mon, 11 May 2026 23:01:14 GMT
Cache-Control:max-age=0,must-revalidate,private
Content-Encoding:gzip
Vary:Accept-Encoding
Content-Length:1378
X-Powered-By:PHP/7.1.33
Content-Type:text/html; charset=UTF-8
",1ccf57a167b4f86a2510b9f06d2d6dfa88747a4d7e37132bdc282c1cc3e646d2cbfa16d812ce6a063125e63910ff7c1817fa6c3d8a5d76012447c9ee1f5edcd8,200
http://web/index.php,GET,"Accept:text/html,application/xhtml+xml,application/xml;q=0.9,image/avif,image/webp,image/apng,*/*;q=0.8,application/signed-exchange;v=b3;q=0.9
User-Agent:Mozilla/5.0 (X11; Linux x86_64) AppleWebKit/537.36 (KHTML, like Gecko) Chrome/85.0.4183.102 Safari/537.36
Upgrade-Insecure-Requests:1
",cf83e1357eefb8bdf1542850d66d8007d620e4050b5715dc83f4a921d36ce9ce47d0d13c5d85f2b0ff8318d2877eec2f63b931bd47417a81a538327af927da3e,"Keep-Alive:timeout=5, max=74
Server:Apache/2.4.38 (Debian)
Connection:Keep-Alive
Date:Mon, 11 May 2026 23:04:00 GMT
Cache-Control:max-age=0,must-revalidate,private
Content-Encoding:gzip
Vary:Accept-Encoding
Content-Length:1412
X-Powered-By:PHP/7.1.33
Content-Type:text/html; charset=UTF-8
",82db4a6d32d4b7795678bb4aefd7834b60cfdfd84df49486494382544f7e4f533c07494474b71d6bc93af88432cf6367f9f3bf63d4fe2638326c68a1fbfd4ffc,200
http://web/index.php,GET,"Accept:text/html,application/xhtml+xml,application/xml;q=0.9,image/avif,image/webp,image/apng,*/*;q=0.8,application/signed-exchange;v=b3;q=0.9
User-Agent:Mozilla/5.0 (X11; Linux x86_64) AppleWebKit/537.36 (KHTML, like Gecko) Chrome/85.0.4183.102 Safari/537.36
Upgrade-Insecure-Requests:1
",cf83e1357eefb8bdf1542850d66d8007d620e4050b5715dc83f4a921d36ce9ce47d0d13c5d85f2b0ff8318d2877eec2f63b931bd47417a81a538327af927da3e,"Keep-Alive:timeout=5, max=15
Server:Apache/2.4.38 (Debian)
Connection:Keep-Alive
Date:Mon, 11 May 2026 23:02:50 GMT
Cache-Control:max-age=0,must-revalidate,private
Content-Encoding:gzip
Vary:Accept-Encoding
Content-Length:1413
X-Powered-By:PHP/7.1.33
Content-Type:text/html; charset=UTF-8
",ab41406a15d41f1efe2c3926db30f316b280486feccfc0bafe2e9489936eb11db4168f833ffde252f57fc5e102e2e3cf113c76d9921863208c03d7a6cd89e8ae,200
http://web/users.php?t=pc,GET,"Accept:text/html,application/xhtml+xml,application/xml;q=0.9,image/avif,image/webp,image/apng,*/*;q=0.8,application/signed-exchange;v=b3;q=0.9
User-Agent:Mozilla/5.0 (X11; Linux x86_64) AppleWebKit/537.36 (KHTML, like Gecko) Chrome/85.0.4183.102 Safari/537.36
Upgrade-Insecure-Requests:1
",cf83e1357eefb8bdf1542850d66d8007d620e4050b5715dc83f4a921d36ce9ce47d0d13c5d85f2b0ff8318d2877eec2f63b931bd47417a81a538327af927da3e,"Keep-Alive:timeout=5, max=23
Server:Apache/2.4.38 (Debian)
Connection:Keep-Alive
Date:Mon, 11 May 2026 23:02:40 GMT
Cache-Control:max-age=0,must-revalidate,private
Content-Encoding:gzip
Vary:Accept-Encoding
Content-Length:1377
X-Powered-By:PHP/7.1.33
Content-Type:text/html; charset=UTF-8
",3d841b0d28ddd60fcbbcaf0ab7551e8de1afe62d84852480e412d5ee7c8d306b238c72235664887b90cf3722cd90eec1067074d2a5800f3032a6b0d99382e05b,200
http://web/index.php?signin=1&action=new,POST,"Origin:http://web
Accept:text/html,application/xhtml+xml,application/xml;q=0.9,image/avif,image/webp,image/apng,*/*;q=0.8,application/signed-exchange;v=b3;q=0.9
User-Agent:Mozilla/5.0 (X11; Linux x86_64) AppleWebKit/537.36 (KHTML, like Gecko) Chrome/85.0.4183.102 Safari/537.36
Referer:http://web/index.php
Upgrade-Insecure-Requests:1
Content-Type:multipart/form-data; boundary=----WebKitFormBoundaryBqQEg4V8rysLdV2z
",a2558a29c74b1bfc61895760ec1f46fdd868a99f6ee4897e96ad35585e39ef44cfcb0c6648c1c826ffc8e32bfcc31f5acdda8111367c6e55690cd200d1411549,"Keep-Alive:timeout=5, max=67
Server:Apache/2.4.38 (Debian)
Connection:Keep-Alive
Date:Mon, 11 May 2026 23:04:10 GMT
Cache-Control:max-age=0,must-revalidate,private
Content-Encoding:gzip
Vary:Accept-Encoding
Content-Length:1412
X-Powered-By:PHP/7.1.33
Content-Type:text/html; charset=UTF-8
",5f1caa42fd93ac9825191f588cfc48001bb35c3db06f13e4a4e6452b9a8d5ea3e305ea8ba5ad514123f447f81f18ee5c092578dcab94b7b4b289779b741badd1,200
http://web/,GET,"Accept:text/html,application/xhtml+xml,application/xml;q=0.9,image/avif,image/webp,image/apng,*/*;q=0.8,application/signed-exchange;v=b3;q=0.9
User-Agent:Mozilla/5.0 (X11; Linux x86_64) AppleWebKit/537.36 (KHTML, like Gecko) Chrome/85.0.4183.102 Safari/537.36
Referer:http://web/index.php
Upgrade-Insecure-Requests:1
",cf83e1357eefb8bdf1542850d66d8007d620e4050b5715dc83f4a921d36ce9ce47d0d13c5d85f2b0ff8318d2877eec2f63b931bd47417a81a538327af927da3e,"Keep-Alive:timeout=5, max=69
Server:Apache/2.4.38 (Debian)
Connection:Keep-Alive
Date:Mon, 11 May 2026 23:01:36 GMT
Cache-Control:max-age=0,must-revalidate,private
Content-Encoding:gzip
Vary:Accept-Encoding
Content-Length:1414
X-Powered-By:PHP/7.1.33
Content-Type:text/html; charset=UTF-8
",9729e6689b1572b6dcb9fbfc55143ace214d45983a8d037f08d0f63aa7ee8d2756748414f061f2ffac82e0b153ab626a8e4bdb546fc0daaf6f5a61a9dc7d006b,200
http://web/,GET,"Accept:text/html,application/xhtml+xml,application/xml;q=0.9,image/avif,image/webp,image/apng,*/*;q=0.8,application/signed-exchange;v=b3;q=0.9
User-Agent:Mozilla/5.0 (X11; Linux x86_64) AppleWebKit/537.36 (KHTML, like Gecko) Chrome/85.0.4183.102 Safari/537.36
Upgrade-Insecure-Requests:1
",cf83e1357eefb8bdf1542850d66d8007d620e4050b5715dc83f4a921d36ce9ce47d0d13c5d85f2b0ff8318d2877eec2f63b931bd47417a81a538327af927da3e,"Keep-Alive:timeout=5, max=80
Server:Apache/2.4.38 (Debian)
Connection:Keep-Alive
Date:Mon, 11 May 2026 23:01:21 GMT
Cache-Control:max-age=0,must-revalidate,private
Content-Encoding:gzip
Vary:Accept-Encoding
Content-Length:1415
X-Powered-By:PHP/7.1.33
Content-Type:text/html; charset=UTF-8
",2b0a6e76bec424449565aeb4fe7a47cc3c2d32ef1ea2ee21c5cf6423d12effd78569fba3c0e61da712488f4f75296a7d12810f985e40aac8dc05fa25b428ffed,200
http://web/,GET,"Accept:text/html,application/xhtml+xml,application/xml;q=0.9,image/avif,image/webp,image/apng,*/*;q=0.8,application/signed-exchange;v=b3;q=0.9
User-Agent:Mozilla/5.0 (X11; Linux x86_64) AppleWebKit/537.36 (KHTML, like Gecko) Chrome/85.0.4183.102 Safari/537.36
Upgrade-Insecure-Requests:1
",cf83e1357eefb8bdf1542850d66d8007d620e4050b5715dc83f4a921d36ce9ce47d0d13c5d85f2b0ff8318d2877eec2f63b931bd47417a81a538327af927da3e,"Keep-Alive:timeout=5, max=21
Server:Apache/2.4.38 (Debian)
Connection:Keep-Alive
Date:Mon, 11 May 2026 23:02:43 GMT
Cache-Control:max-age=0,must-revalidate,private
Content-Encoding:gzip
Vary:Accept-Encoding
Content-Length:1414
X-Powered-By:PHP/7.1.33
Content-Type:text/html; charset=UTF-8
",7a6518f09162efc03f9782b07b9c0f1d7b41b760abebec30cb03ce8d2acc54f66e0aa75c51f40fb52bf975d04a307720f6e627d4b2306aff28586a8472fbadd8,200
http://web/index.php,GET,"Accept:*/*
User-Agent:Mozilla/5.0 (X11; Linux x86_64) AppleWebKit/537.36 (KHTML, like Gecko) Chrome/85.0.4183.102 Safari/537.36
",cf83e1357eefb8bdf1542850d66d8007d620e4050b5715dc83f4a921d36ce9ce47d0d13c5d85f2b0ff8318d2877eec2f63b931bd47417a81a538327af927da3e,"Server:Apache/2.4.38 (Debian)
Date:Mon, 11 May 2026 23:00:40 GMT
Cache-Control:max-age=0,must-revalidate,private
Content-Encoding:gzip
Vary:Accept-Encoding
Content-Length:1414
X-Powered-By:PHP/7.1.33
Content-Type:text/html; charset=UTF-8
",315136a3f92abe0261b1a71ac5176ac85447d298eb65e3f52fdd57b2af365110caec437aa816b9e89697e991ecdb2dd09bb69bee3d3ace6885820ef38f33c2f5,200
http://web/index.php,GET,"Accept:text/html,application/xhtml+xml,application/xml;q=0.9,image/avif,image/webp,image/apng,*/*;q=0.8,application/signed-exchange;v=b3;q=0.9
User-Agent:Mozilla/5.0 (X11; Linux x86_64) AppleWebKit/537.36 (KHTML, like Gecko) Chrome/85.0.4183.102 Safari/537.36
Upgrade-Insecure-Requests:1
",cf83e1357eefb8bdf1542850d66d8007d620e4050b5715dc83f4a921d36ce9ce47d0d13c5d85f2b0ff8318d2877eec2f63b931bd47417a81a538327af927da3e,"Keep-Alive:timeout=5, max=100
Server:Apache/2.4.38 (Debian)
Connection:Keep-Alive
Date:Mon, 11 May 2026 23:00:40 GMT
Cache-Control:max-age=0,must-revalidate,private
Content-Encoding:gzip
Vary:Accept-Encoding
Content-Length:1414
X-Powered-By:PHP/7.1.33
Content-Type:text/html; charset=UTF-8
",315136a3f92abe0261b1a71ac5176ac85447d298eb65e3f52fdd57b2af365110caec437aa816b9e89697e991ecdb2dd09bb69bee3d3ace6885820ef38f33c2f5,200
http://web/,GET,"Accept:text/html,application/xhtml+xml,application/xml;q=0.9,image/avif,image/webp,image/apng,*/*;q=0.8,application/signed-exchange;v=b3;q=0.9
User-Agent:Mozilla/5.0 (X11; Linux x86_64) AppleWebKit/537.36 (KHTML, like Gecko) Chrome/85.0.4183.102 Safari/537.36
Referer:http://web/index.php
Upgrade-Insecure-Requests:1
",cf83e1357eefb8bdf1542850d66d8007d620e4050b5715dc83f4a921d36ce9ce47d0d13c5d85f2b0ff8318d2877eec2f63b931bd47417a81a538327af927da3e,"Keep-Alive:timeout=5, max=57
Server:Apache/2.4.38 (Debian)
Connection:Keep-Alive
Date:Mon, 11 May 2026 23:01:50 GMT
Cache-Control:max-age=0,must-revalidate,private
Content-Encoding:gzip
Vary:Accept-Encoding
Content-Length:1413
X-Powered-By:PHP/7.1.33
Content-Type:text/html; charset=UTF-8
",e861d273a7bc6f17e4ec3b34f3bbc169b57eb716cbe92b4d93dfbbe12b3135fc1b2149e26cbaa29e70274f336c06b50ae282e54317fa9f826a2c312cb93799d8,200
http://web/,GET,"Accept:text/html,application/xhtml+xml,application/xml;q=0.9,image/avif,image/webp,image/apng,*/*;q=0.8,application/signed-exchange;v=b3;q=0.9
User-Agent:Mozilla/5.0 (X11; Linux x86_64) AppleWebKit/537.36 (KHTML, like Gecko) Chrome/85.0.4183.102 Safari/537.36
Upgrade-Insecure-Requests:1
",cf83e1357eefb8bdf1542850d66d8007d620e4050b5715dc83f4a921d36ce9ce47d0d13c5d85f2b0ff8318d2877eec2f63b931bd47417a81a538327af927da3e,"Keep-Alive:timeout=5, max=77
Server:Apache/2.4.38 (Debian)
Connection:Keep-Alive
Date:Mon, 11 May 2026 23:01:26 GMT
Cache-Control:max-age=0,must-revalidate,private
Content-Encoding:gzip
Vary:Accept-Encoding
Content-Length:1414
X-Powered-By:PHP/7.1.33
Content-Type:text/html; charset=UTF-8
",834212da7d9ca2d35c1beccd176da78f1e71babe65ba2710dd40e6e0a49ec60e0085dc854969222e072a3d83c3ebf5893133325f3e7ee416a1b3e18d5f62562a,200
http://web/?post=.empty,POST,"Origin:http://web
Accept:text/html,application/xhtml+xml,application/xml;q=0.9,image/avif,image/webp,image/apng,*/*;q=0.8,application/signed-exchange;v=b3;q=0.9
User-Agent:Mozilla/5.0 (X11; Linux x86_64) AppleWebKit/537.36 (KHTML, like Gecko) Chrome/85.0.4183.102 Safari/537.36
Referer:http://web/?post=.empty
Upgrade-Insecure-Requests:1
Content-Type:multipart/form-data; boundary=----WebKitFormBoundaryQYwR9H9uwwsOifyW
",afda6cd0b4fc258cea4fdaf2bb8fc8e984ede4536a6f0a17c73fa72e7127d98d55afa2ee27b7076efc56d3c64c8f5dfe84068550a2080029604df76fc3d2f3fb,"Keep-Alive:timeout=5, max=36
Server:Apache/2.4.38 (Debian)
Connection:Keep-Alive
Date:Mon, 11 May 2026 23:02:18 GMT
Cache-Control:max-age=0,must-revalidate,private
Content-Encoding:gzip
Vary:Accept-Encoding
Content-Length:1414
X-Powered-By:PHP/7.1.33
Content-Type:text/html; charset=UTF-8
",2583bc2d7f2f743de7e7feb00b5e8bcbd3ac521bf5b64d5b407051ec4d331feea6a9aa739749b8ce78be7d8806566b8c85413a85865a952eaf601ffc8ce6a73d,200
http://web/index.php?signin=1&action=forgot,POST,"Origin:http://web
Accept:text/html,application/xhtml+xml,application/xml;q=0.9,image/avif,image/webp,image/apng,*/*;q=0.8,application/signed-exchange;v=b3;q=0.9
User-Agent:Mozilla/5.0 (X11; Linux x86_64) AppleWebKit/537.36 (KHTML, like Gecko) Chrome/85.0.4183.102 Safari/537.36
Referer:http://web/index.php
Upgrade-Insecure-Requests:1
Content-Type:multipart/form-data; boundary=----WebKitFormBoundaryNMbzGbMYBKqCe8pI
",e6886ac8dc39e6e083d618e5dcff201072a41dc0ab04e974155e703515ae092c67e3da5d01b0dea069b6595e077f21c69dd07419ef2e03af6ca78f334224fcf4,"Keep-Alive:timeout=5, max=76
Server:Apache/2.4.38 (Debian)
Connection:Keep-Alive
Date:Mon, 11 May 2026 23:03:59 GMT
Cache-Control:max-age=0,must-revalidate,private
Content-Encoding:gzip
Vary:Accept-Encoding
Content-Length:1415
X-Powered-By:PHP/7.1.33
Content-Type:text/html; charset=UTF-8
",8e71359a0da754ca58eab08eda1d51edc632a5c27f2709d83ae37f13db63471e25eb213f37ed575b2f9cee446f6b6a41932b050a9d86d8e9dfd8952e8b5b44eb,200
http://web/index.php,GET,"Accept:text/html,application/xhtml+xml,application/xml;q=0.9,image/avif,image/webp,image/apng,*/*;q=0.8,application/signed-exchange;v=b3;q=0.9
User-Agent:Mozilla/5.0 (X11; Linux x86_64) AppleWebKit/537.36 (KHTML, like Gecko) Chrome/85.0.4183.102 Safari/537.36
Upgrade-Insecure-Requests:1
",cf83e1357eefb8bdf1542850d66d8007d620e4050b5715dc83f4a921d36ce9ce47d0d13c5d85f2b0ff8318d2877eec2f63b931bd47417a81a538327af927da3e,"Keep-Alive:timeout=5, max=47
Server:Apache/2.4.38 (Debian)
Connection:Keep-Alive
Date:Mon, 11 May 2026 23:02:05 GMT
Cache-Control:max-age=0,must-revalidate,private
Content-Encoding:gzip
Vary:Accept-Encoding
Content-Length:1415
X-Powered-By:PHP/7.1.33
Content-Type:text/html; charset=UTF-8
",5957ef04e75d4ece6f6febd17346ac90b4ff90546f071c93f12035a06ecbfb56a1058017092c1aae43ce57b3702ed33d18321bbf742a7578c981100a239e9526,200
http://web/index.php,GET,"Accept:text/html,application/xhtml+xml,application/xml;q=0.9,image/avif,image/webp,image/apng,*/*;q=0.8,application/signed-exchange;v=b3;q=0.9
User-Agent:Mozilla/5.0 (X11; Linux x86_64) AppleWebKit/537.36 (KHTML, like Gecko) Chrome/85.0.4183.102 Safari/537.36
Upgrade-Insecure-Requests:1
",cf83e1357eefb8bdf1542850d66d8007d620e4050b5715dc83f4a921d36ce9ce47d0d13c5d85f2b0ff8318d2877eec2f63b931bd47417a81a538327af927da3e,"Keep-Alive:timeout=5, max=60
Server:Apache/2.4.38 (Debian)
Connection:Keep-Alive
Date:Mon, 11 May 2026 23:01:47 GMT
Cache-Control:max-age=0,must-revalidate,private
Content-Encoding:gzip
Vary:Accept-Encoding
Content-Length:1415
X-Powered-By:PHP/7.1.33
Content-Type:text/html; charset=UTF-8
",03a03c90604c958916996db7576a93e158458c427b072c987cfa490db0fe9f29ae446646d420b9da00e1d8f15e97cc49c0626d707fa531a9e0c2eae05279ed9f,200
http://web/index.php,GET,"Accept:text/html,application/xhtml+xml,application/xml;q=0.9,image/avif,image/webp,image/apng,*/*;q=0.8,application/signed-exchange;v=b3;q=0.9
User-Agent:Mozilla/5.0 (X11; Linux x86_64) AppleWebKit/537.36 (KHTML, like Gecko) Chrome/85.0.4183.102 Safari/537.36
Upgrade-Insecure-Requests:1
",cf83e1357eefb8bdf1542850d66d8007d620e4050b5715dc83f4a921d36ce9ce47d0d13c5d85f2b0ff8318d2877eec2f63b931bd47417a81a538327af927da3e,"Server:Apache/2.4.38 (Debian)
Connection:close
Date:Mon, 11 May 2026 23:03:15 GMT
Cache-Control:max-age=0,must-revalidate,private
Content-Encoding:gzip
Vary:Accept-Encoding
Content-Length:1415
X-Powered-By:PHP/7.1.33
Content-Type:text/html; charset=UTF-8
",4493547574eaac2a84e2e5af558c87310d9943992e6d083f92cf185a1b09de8a3c4321a260de124f6ced085b470530bab4d18d31d31ee40d7844e249b2bd6bb4,200
http://web/index.php,GET,"Accept:text/html,application/xhtml+xml,application/xml;q=0.9,image/avif,image/webp,image/apng,*/*;q=0.8,application/signed-exchange;v=b3;q=0.9
User-Agent:Mozilla/5.0 (X11; Linux x86_64) AppleWebKit/537.36 (KHTML, like Gecko) Chrome/85.0.4183.102 Safari/537.36
Upgrade-Insecure-Requests:1
",cf83e1357eefb8bdf1542850d66d8007d620e4050b5715dc83f4a921d36ce9ce47d0d13c5d85f2b0ff8318d2877eec2f63b931bd47417a81a538327af927da3e,"Keep-Alive:timeout=5, max=62
Server:Apache/2.4.38 (Debian)
Connection:Keep-Alive
Date:Mon, 11 May 2026 23:04:14 GMT
Cache-Control:max-age=0,must-revalidate,private
Content-Encoding:gzip
Vary:Accept-Encoding
Content-Length:1416
X-Powered-By:PHP/7.1.33
Content-Type:text/html; charset=UTF-8
",26c8745d3dd3470f0f93edb426fcafec9411d68deba45fc6bb77051da4839a3ec8ba8b1de6b66f7f0d596a1c58cedad48c25e55f2528067d8603dff4d958664c,200
http://web/index.php?signin=1&action=forgot,POST,"Origin:http://web
Accept:text/html,application/xhtml+xml,application/xml;q=0.9,image/avif,image/webp,image/apng,*/*;q=0.8,application/signed-exchange;v=b3;q=0.9
User-Agent:Mozilla/5.0 (X11; Linux x86_64) AppleWebKit/537.36 (KHTML, like Gecko) Chrome/85.0.4183.102 Safari/537.36
Referer:http://web/index.php
Upgrade-Insecure-Requests:1
Content-Type:multipart/form-data; boundary=----WebKitFormBoundary1rBk1KNBBBf2uTFF
",20203920baf3c19ce4873103e79f6cda4a9473eb0d6054395712fd45aa6abaee61ef9f1a4c68100a03b00450daa7c0e301eea3aaa0b7102cb7130d8f14277e14,"Keep-Alive:timeout=5, max=26
Server:Apache/2.4.38 (Debian)
Connection:Keep-Alive
Date:Mon, 11 May 2026 23:05:20 GMT
Cache-Control:max-age=0,must-revalidate,private
Content-Encoding:gzip
Vary:Accept-Encoding
Content-Length:1415
X-Powered-By:PHP/7.1.33
Content-Type:text/html; charset=UTF-8
",fe7eea32a2503aafed215d9f0709b9710d520fbb070ef4fbba3bd1ae7eb724962e174566bc9791c5923c680c6b31e09adb091c537f45bd2236f224ebadb08d08,200
http://web/index.php,GET,"Accept:text/html,application/xhtml+xml,application/xml;q=0.9,image/avif,image/webp,image/apng,*/*;q=0.8,application/signed-exchange;v=b3;q=0.9
User-Agent:Mozilla/5.0 (X11; Linux x86_64) AppleWebKit/537.36 (KHTML, like Gecko) Chrome/85.0.4183.102 Safari/537.36
Upgrade-Insecure-Requests:1
",cf83e1357eefb8bdf1542850d66d8007d620e4050b5715dc83f4a921d36ce9ce47d0d13c5d85f2b0ff8318d2877eec2f63b931bd47417a81a538327af927da3e,"Keep-Alive:timeout=5, max=56
Server:Apache/2.4.38 (Debian)
Connection:Keep-Alive
Date:Mon, 11 May 2026 23:04:23 GMT
Cache-Control:max-age=0,must-revalidate,private
Content-Encoding:gzip
Vary:Accept-Encoding
Content-Length:1415
X-Powered-By:PHP/7.1.33
Content-Type:text/html; charset=UTF-8
",96e85f4d38da3aecb6696beec7228178b60b3e6092f70df32c698997cce32a52c25727c7b8ee6a4c636c0d4bee2280adff2c8d06d2c971557f288fca6ce8ee85,200
http://web/users.php?t=pc,GET,"Accept:text/html,application/xhtml+xml,application/xml;q=0.9,image/avif,image/webp,image/apng,*/*;q=0.8,application/signed-exchange;v=b3;q=0.9
User-Agent:Mozilla/5.0 (X11; Linux x86_64) AppleWebKit/537.36 (KHTML, like Gecko) Chrome/85.0.4183.102 Safari/537.36
Referer:http://web/index.php?signin=1&action=new
Upgrade-Insecure-Requests:1
",cf83e1357eefb8bdf1542850d66d8007d620e4050b5715dc83f4a921d36ce9ce47d0d13c5d85f2b0ff8318d2877eec2f63b931bd47417a81a538327af927da3e,"Keep-Alive:timeout=5, max=16
Server:Apache/2.4.38 (Debian)
Connection:Keep-Alive
Date:Mon, 11 May 2026 23:02:49 GMT
Cache-Control:max-age=0,must-revalidate,private
Content-Encoding:gzip
Vary:Accept-Encoding
Content-Length:1378
X-Powered-By:PHP/7.1.33
Content-Type:text/html; charset=UTF-8
",8cab5849f0eaf85669a7c345c2b1ade0e14c8a6c716fffda587ef5a84e8e12d712bc9fc15fae162e33ed8e74a561810db50786fa57f0cce6fe62af587f273cce,200
http://web/?post=.empty,POST,"Origin:http://web
Accept:text/html,application/xhtml+xml,application/xml;q=0.9,image/avif,image/webp,image/apng,*/*;q=0.8,application/signed-exchange;v=b3;q=0.9
User-Agent:Mozilla/5.0 (X11; Linux x86_64) AppleWebKit/537.36 (KHTML, like Gecko) Chrome/85.0.4183.102 Safari/537.36
Referer:http://web/index.php?signin=1&action=new
Upgrade-Insecure-Requests:1
Content-Type:multipart/form-data; boundary=----WebKitFormBoundaryyYfUHirqroWLiSdO
",8b462f71b785cac51329f2e203884187d7630f8eb43a6677f718bbccafead1877bae3698127ce635dbe14c0c54f8d144fce7e46f73483583d5b47cc96812dba4,"Keep-Alive:timeout=5, max=66
Server:Apache/2.4.38 (Debian)
Connection:Keep-Alive
Date:Mon, 11 May 2026 23:04:10 GMT
Cache-Control:max-age=0,must-revalidate,private
Content-Encoding:gzip
Vary:Accept-Encoding
Content-Length:1414
X-Powered-By:PHP/7.1.33
Content-Type:text/html; charset=UTF-8
",32f62b8af8a9dba62ba0fffe20869642fe69db1f28ec501de494ec3a942b490b71842c485dc622b25fd21e172110ed2db7bd3f2778b83d78ba09bcbc13242a12,200
http://web/users.php?t=pc,GET,"Accept:text/html,application/xhtml+xml,application/xml;q=0.9,image/avif,image/webp,image/apng,*/*;q=0.8,application/signed-exchange;v=b3;q=0.9
User-Agent:Mozilla/5.0 (X11; Linux x86_64) AppleWebKit/537.36 (KHTML, like Gecko) Chrome/85.0.4183.102 Safari/537.36
Upgrade-Insecure-Requests:1
",cf83e1357eefb8bdf1542850d66d8007d620e4050b5715dc83f4a921d36ce9ce47d0d13c5d85f2b0ff8318d2877eec2f63b931bd47417a81a538327af927da3e,"Keep-Alive:timeout=5, max=95
Server:Apache/2.4.38 (Debian)
Connection:Keep-Alive
Date:Mon, 11 May 2026 23:03:31 GMT
Cache-Control:max-age=0,must-revalidate,private
Content-Encoding:gzip
Vary:Accept-Encoding
Content-Length:1379
X-Powered-By:PHP/7.1.33
Content-Type:text/html; charset=UTF-8
",d339486f6c9fe75e58f09f007ca3cc19d42bd966b8e4185b36ddcb563885f9f36e923ebd30111b31c5c911fe0aa3c1314a9144637ac3e8f11ac63126c88a0a5b,200
http://web/index.php,GET,"Accept:text/html,application/xhtml+xml,application/xml;q=0.9,image/avif,image/webp,image/apng,*/*;q=0.8,application/signed-exchange;v=b3;q=0.9
User-Agent:Mozilla/5.0 (X11; Linux x86_64) AppleWebKit/537.36 (KHTML, like Gecko) Chrome/85.0.4183.102 Safari/537.36
Upgrade-Insecure-Requests:1
",cf83e1357eefb8bdf1542850d66d8007d620e4050b5715dc83f4a921d36ce9ce47d0d13c5d85f2b0ff8318d2877eec2f63b931bd47417a81a538327af927da3e,"Keep-Alive:timeout=5, max=70
Server:Apache/2.4.38 (Debian)
Connection:Keep-Alive
Date:Mon, 11 May 2026 23:01:35 GMT
Cache-Control:max-age=0,must-revalidate,private
Content-Encoding:gzip
Vary:Accept-Encoding
Content-Length:1416
X-Powered-By:PHP/7.1.33
Content-Type:text/html; charset=UTF-8
",4ebd3956f9c20cde6e71cc42f05e10c298ede95ef8b0890716ed50d50684ed85f96227fdb895f0b199262279b7e69c300c1775a2cbc57d6179563a0dee269f7f,200
http://web/index.php,GET,"Accept:text/html,application/xhtml+xml,application/xml;q=0.9,image/avif,image/webp,image/apng,*/*;q=0.8,application/signed-exchange;v=b3;q=0.9
User-Agent:Mozilla/5.0 (X11; Linux x86_64) AppleWebKit/537.36 (KHTML, like Gecko) Chrome/85.0.4183.102 Safari/537.36
Upgrade-Insecure-Requests:1
",cf83e1357eefb8bdf1542850d66d8007d620e4050b5715dc83f4a921d36ce9ce47d0d13c5d85f2b0ff8318d2877eec2f63b931bd47417a81a538327af927da3e,"Keep-Alive:timeout=5, max=79
Server:Apache/2.4.38 (Debian)
Connection:Keep-Alive
Date:Mon, 11 May 2026 23:01:22 GMT
Cache-Control:max-age=0,must-revalidate,private
Content-Encoding:gzip
Vary:Accept-Encoding
Content-Length:1415
X-Powered-By:PHP/7.1.33
Content-Type:text/html; charset=UTF-8
",8bbf0cab9aa1ef1b3336fbc31037e675055585679c1f6e32c75a53c984e40b1cae6b36e386a88c5424e0f903a088c05ea40fd52232d8810bfbcd7045066c2cae,200
http://web/scripts/jquery-3.3.1.min.js?mtime=1778089704,GET,"Accept:*/*
User-Agent:Mozilla/5.0 (X11; Linux x86_64) AppleWebKit/537.36 (KHTML, like Gecko) Chrome/85.0.4183.102 Safari/537.36
Referer:http://web/index.php
",cf83e1357eefb8bdf1542850d66d8007d620e4050b5715dc83f4a921d36ce9ce47d0d13c5d85f2b0ff8318d2877eec2f63b931bd47417a81a538327af927da3e,"Keep-Alive:timeout=5, max=100
Server:Apache/2.4.38 (Debian)
Connection:Keep-Alive
Last-Modified:Wed, 06 May 2026 17:48:24 GMT
Date:Mon, 11 May 2026 23:00:46 GMT
Accept-Ranges:bytes
Content-Encoding:gzip
Vary:Accept-Encoding
Content-Length:30307
Content-Type:application/javascript
",f8da8f95b6ed33542a88af19028e18ae3d9ce25350a06bfc3fbf433ed2b38fefa5e639cddfdac703fc6caa7f3313d974b92a3168276b3a016ceb28f27db0714a,200
http://web/?post=.empty,POST,"Origin:http://web
Accept:text/html,application/xhtml+xml,application/xml;q=0.9,image/avif,image/webp,image/apng,*/*;q=0.8,application/signed-exchange;v=b3;q=0.9
User-Agent:Mozilla/5.0 (X11; Linux x86_64) AppleWebKit/537.36 (KHTML, like Gecko) Chrome/85.0.4183.102 Safari/537.36
Referer:http://web/index.php
Upgrade-Insecure-Requests:1
Content-Type:multipart/form-data; boundary=----WebKitFormBoundarytAgeWOLjWHrWKTAL
",d6e86269a25af0a92a958c6da946109e5731b3f7189cde40d119c7517c31aa83f221ecec901bbc48c857b1f8e2944d5f0fa3357e4a64bbb19f5b964d6d8564db,"Keep-Alive:timeout=5, max=90
Server:Apache/2.4.38 (Debian)
Connection:Keep-Alive
Date:Mon, 11 May 2026 23:03:37 GMT
Cache-Control:max-age=0,must-revalidate,private
Content-Encoding:gzip
Vary:Accept-Encoding
Content-Length:1414
X-Powered-By:PHP/7.1.33
Content-Type:text/html; charset=UTF-8
",7b18326212384bdb15414d283165903c3f3f9c498214e2cfc28484d090ba9956109cca50ba377526b000540226af3fa917486afe278cb6582318fa2fc0944465,200
http://web/,GET,"Accept:text/html,application/xhtml+xml,application/xml;q=0.9,image/avif,image/webp,image/apng,*/*;q=0.8,application/signed-exchange;v=b3;q=0.9
User-Agent:Mozilla/5.0 (X11; Linux x86_64) AppleWebKit/537.36 (KHTML, like Gecko) Chrome/85.0.4183.102 Safari/537.36
Upgrade-Insecure-Requests:1
",cf83e1357eefb8bdf1542850d66d8007d620e4050b5715dc83f4a921d36ce9ce47d0d13c5d85f2b0ff8318d2877eec2f63b931bd47417a81a538327af927da3e,"Keep-Alive:timeout=5, max=54
Server:Apache/2.4.38 (Debian)
Connection:Keep-Alive
Date:Mon, 11 May 2026 23:04:26 GMT
Cache-Control:max-age=0,must-revalidate,private
Content-Encoding:gzip
Vary:Accept-Encoding
Content-Length:1415
X-Powered-By:PHP/7.1.33
Content-Type:text/html; charset=UTF-8
",850532dce6f0b3a50aa8cd51c7b9fa5c3a24f02614353a8b6172eed4681702585832917a63364acf3a796414405d75cc4fbe37d6f79e27577efa24e9ef832de9,200
http://web/,GET,"Accept:text/html,application/xhtml+xml,application/xml;q=0.9,image/avif,image/webp,image/apng,*/*;q=0.8,application/signed-exchange;v=b3;q=0.9
User-Agent:Mozilla/5.0 (X11; Linux x86_64) AppleWebKit/537.36 (KHTML, like Gecko) Chrome/85.0.4183.102 Safari/537.36
Referer:http://web/index.php
Upgrade-Insecure-Requests:1
",cf83e1357eefb8bdf1542850d66d8007d620e4050b5715dc83f4a921d36ce9ce47d0d13c5d85f2b0ff8318d2877eec2f63b931bd47417a81a538327af927da3e,"Keep-Alive:timeout=5, max=63
Server:Apache/2.4.38 (Debian)
Connection:Keep-Alive
Date:Mon, 11 May 2026 23:01:44 GMT
Cache-Control:max-age=0,must-revalidate,private
Content-Encoding:gzip
Vary:Accept-Encoding
Content-Length:1415
X-Powered-By:PHP/7.1.33
Content-Type:text/html; charset=UTF-8
",3df97fd76f3e70fb0968aca512debc73aa1ff25bf9de01453a76dd09103ff59248f324821cf9cab67fe4dee3840cc8f45fcbe46de722bd7fc07e36fdba6e9af1,200
http://web/,GET,"Accept:text/html,application/xhtml+xml,application/xml;q=0.9,image/avif,image/webp,image/apng,*/*;q=0.8,application/signed-exchange;v=b3;q=0.9
User-Agent:Mozilla/5.0 (X11; Linux x86_64) AppleWebKit/537.36 (KHTML, like Gecko) Chrome/85.0.4183.102 Safari/537.36
Upgrade-Insecure-Requests:1
",cf83e1357eefb8bdf1542850d66d8007d620e4050b5715dc83f4a921d36ce9ce47d0d13c5d85f2b0ff8318d2877eec2f63b931bd47417a81a538327af927da3e,"Keep-Alive:timeout=5, max=30
Server:Apache/2.4.38 (Debian)
Connection:Keep-Alive
Date:Mon, 11 May 2026 23:02:28 GMT
Cache-Control:max-age=0,must-revalidate,private
Content-Encoding:gzip
Vary:Accept-Encoding
Content-Length:1415
X-Powered-By:PHP/7.1.33
Content-Type:text/html; charset=UTF-8
",002947e9e93db96c6f1da876582d5ce5112d4e75cf3d3993f9bc79e1e91a809baea9517f9234bfceb36abe267bf9d718b45e8bd0ae1cc1aa1f6b4d20fab94c5e,200
http://web/index.php,GET,"Accept:text/html,application/xhtml+xml,application/xml;q=0.9,image/avif,image/webp,image/apng,*/*;q=0.8,application/signed-exchange;v=b3;q=0.9
User-Agent:Mozilla/5.0 (X11; Linux x86_64) AppleWebKit/537.36 (KHTML, like Gecko) Chrome/85.0.4183.102 Safari/537.36
Upgrade-Insecure-Requests:1
",cf83e1357eefb8bdf1542850d66d8007d620e4050b5715dc83f4a921d36ce9ce47d0d13c5d85f2b0ff8318d2877eec2f63b931bd47417a81a538327af927da3e,"Keep-Alive:timeout=5, max=7
Server:Apache/2.4.38 (Debian)
Connection:Keep-Alive
Date:Mon, 11 May 2026 23:03:04 GMT
Cache-Control:max-age=0,must-revalidate,private
Content-Encoding:gzip
Vary:Accept-Encoding
Content-Length:1415
X-Powered-By:PHP/7.1.33
Content-Type:text/html; charset=UTF-8
",3699a1e85511b3bde90a21b80d14ebe1dd823f08a714310d6ffe6e5949d9710d7c83ebee7f68d78d55f09564e90a6dc95ef077187c42ac14968a0ba2184a9008,200
http://web/index.php?signin=1&action=forgot,POST,"Origin:http://web
Accept:text/html,application/xhtml+xml,application/xml;q=0.9,image/avif,image/webp,image/apng,*/*;q=0.8,application/signed-exchange;v=b3;q=0.9
User-Agent:Mozilla/5.0 (X11; Linux x86_64) AppleWebKit/537.36 (KHTML, like Gecko) Chrome/85.0.4183.102 Safari/537.36
Referer:http://web/index.php
Upgrade-Insecure-Requests:1
Content-Type:multipart/form-data; boundary=----WebKitFormBoundaryInABNi0I5kT5NUna
",733f714c3aba2a3bf35b35461519cf6a6cb83f5f6eeaaeb9dd111f781d135f473dcb604107a2f4790c9f30314363bc9ba8830a48565f02a0b8bad2d4f43e3d09,"Keep-Alive:timeout=5, max=61
Server:Apache/2.4.38 (Debian)
Connection:Keep-Alive
Date:Mon, 11 May 2026 23:04:15 GMT
Cache-Control:max-age=0,must-revalidate,private
Content-Encoding:gzip
Vary:Accept-Encoding
Content-Length:1416
X-Powered-By:PHP/7.1.33
Content-Type:text/html; charset=UTF-8
",2e717d3c6c99f9fa196ab37e1c58a8e7979901f1dbddb07dabd62eefdb7c92d72ad945fd6edef5489ffe2d7f0509db99bb77ca6adfec327e6fda5672a6087684,200
http://web/,GET,"Accept:text/html,application/xhtml+xml,application/xml;q=0.9,image/avif,image/webp,image/apng,*/*;q=0.8,application/signed-exchange;v=b3;q=0.9
User-Agent:Mozilla/5.0 (X11; Linux x86_64) AppleWebKit/537.36 (KHTML, like Gecko) Chrome/85.0.4183.102 Safari/537.36
Upgrade-Insecure-Requests:1
",cf83e1357eefb8bdf1542850d66d8007d620e4050b5715dc83f4a921d36ce9ce47d0d13c5d85f2b0ff8318d2877eec2f63b931bd47417a81a538327af927da3e,"Keep-Alive:timeout=5, max=57
Server:Apache/2.4.38 (Debian)
Connection:Keep-Alive
Date:Mon, 11 May 2026 23:04:22 GMT
Cache-Control:max-age=0,must-revalidate,private
Content-Encoding:gzip
Vary:Accept-Encoding
Content-Length:1414
X-Powered-By:PHP/7.1.33
Content-Type:text/html; charset=UTF-8
",01ede0f840fd482b08925c28efb8fea2d5c401d6be3236f4cf8bc34f6f0e585f3a8ec56b993a132950f57296c1ef9d7cabc5269e566667a42fc248696fa98a3b,200
http://web/?post=.empty,POST,"Origin:http://web
Accept:text/html,application/xhtml+xml,application/xml;q=0.9,image/avif,image/webp,image/apng,*/*;q=0.8,application/signed-exchange;v=b3;q=0.9
User-Agent:Mozilla/5.0 (X11; Linux x86_64) AppleWebKit/537.36 (KHTML, like Gecko) Chrome/85.0.4183.102 Safari/537.36
Referer:http://web/index.php
Upgrade-Insecure-Requests:1
Content-Type:multipart/form-data; boundary=----WebKitFormBoundaryf1lzSiosN2gAaHvS
",1a5c756cdf2cb40a288ac9f553c76a4c11bf6991227e2c0945e285ec108b5f7fc2699627b0738af99f6d0aab1851723cdecdf131176060d2cee33009b511fc2d,"Keep-Alive:timeout=5, max=78
Server:Apache/2.4.38 (Debian)
Connection:Keep-Alive
Date:Mon, 11 May 2026 23:01:23 GMT
Cache-Control:max-age=0,must-revalidate,private
Content-Encoding:gzip
Vary:Accept-Encoding
Content-Length:1414
X-Powered-By:PHP/7.1.33
Content-Type:text/html; charset=UTF-8
",20e976eadf36f898a1eb8cc85e97d32e7ed126151b62c9288ade5241c6ff9a98de77e360d944a498f10a089aa35f6157919d61bc310dae62e64c2c702a0310a1,200
http://web/index.php,GET,"Accept:text/html,application/xhtml+xml,application/xml;q=0.9,image/avif,image/webp,image/apng,*/*;q=0.8,application/signed-exchange;v=b3;q=0.9
User-Agent:Mozilla/5.0 (X11; Linux x86_64) AppleWebKit/537.36 (KHTML, like Gecko) Chrome/85.0.4183.102 Safari/537.36
Upgrade-Insecure-Requests:1
",cf83e1357eefb8bdf1542850d66d8007d620e4050b5715dc83f4a921d36ce9ce47d0d13c5d85f2b0ff8318d2877eec2f63b931bd47417a81a538327af927da3e,"Keep-Alive:timeout=5, max=26
Server:Apache/2.4.38 (Debian)
Connection:Keep-Alive
Date:Mon, 11 May 2026 23:02:32 GMT
Cache-Control:max-age=0,must-revalidate,private
Content-Encoding:gzip
Vary:Accept-Encoding
Content-Length:1415
X-Powered-By:PHP/7.1.33
Content-Type:text/html; charset=UTF-8
",a2d3cbb7840259b9c9b5af21a51386880be44ed85bea04b8b2b6f97f99f79cdffa6df14b3d6e28be67131e7985c3a0b0ba8f5709490241f096c08e34d4712adb,200
http://web/index.php,GET,"Accept:text/html,application/xhtml+xml,application/xml;q=0.9,image/avif,image/webp,image/apng,*/*;q=0.8,application/signed-exchange;v=b3;q=0.9
User-Agent:Mozilla/5.0 (X11; Linux x86_64) AppleWebKit/537.36 (KHTML, like Gecko) Chrome/85.0.4183.102 Safari/537.36
Upgrade-Insecure-Requests:1
",cf83e1357eefb8bdf1542850d66d8007d620e4050b5715dc83f4a921d36ce9ce47d0d13c5d85f2b0ff8318d2877eec2f63b931bd47417a81a538327af927da3e,"Keep-Alive:timeout=5, max=18
Server:Apache/2.4.38 (Debian)
Connection:Keep-Alive
Date:Mon, 11 May 2026 23:02:47 GMT
Cache-Control:max-age=0,must-revalidate,private
Content-Encoding:gzip
Vary:Accept-Encoding
Content-Length:1415
X-Powered-By:PHP/7.1.33
Content-Type:text/html; charset=UTF-8
",f00bba0b819334c381712fd54a65b5778cbb27d0a240eadfd7e2c42c382ca12189e3a78424d13f1f3974b453731ec94317e4c1a3e5d99b4ba647a8f7ffc9f917,200
http://web/users.php?t=pc,GET,"Accept:text/html,application/xhtml+xml,application/xml;q=0.9,image/avif,image/webp,image/apng,*/*;q=0.8,application/signed-exchange;v=b3;q=0.9
User-Agent:Mozilla/5.0 (X11; Linux x86_64) AppleWebKit/537.36 (KHTML, like Gecko) Chrome/85.0.4183.102 Safari/537.36
Referer:http://web/?post=.empty
Upgrade-Insecure-Requests:1
",cf83e1357eefb8bdf1542850d66d8007d620e4050b5715dc83f4a921d36ce9ce47d0d13c5d85f2b0ff8318d2877eec2f63b931bd47417a81a538327af927da3e,"Keep-Alive:timeout=5, max=88
Server:Apache/2.4.38 (Debian)
Connection:Keep-Alive
Date:Mon, 11 May 2026 23:01:11 GMT
Cache-Control:max-age=0,must-revalidate,private
Content-Encoding:gzip
Vary:Accept-Encoding
Content-Length:1378
X-Powered-By:PHP/7.1.33
Content-Type:text/html; charset=UTF-8
",0c74f383819f83ba1b2c3accd6fb77273252b9fb694f802dc4dc60d1a756550ef07be1553fbd1ad366110daf4a4c37ca6675b84c20ae8759b6a58240102df42d,200
http://web/?post=.empty,POST,"Origin:http://web
Accept:text/html,application/xhtml+xml,application/xml;q=0.9,image/avif,image/webp,image/apng,*/*;q=0.8,application/signed-exchange;v=b3;q=0.9
User-Agent:Mozilla/5.0 (X11; Linux x86_64) AppleWebKit/537.36 (KHTML, like Gecko) Chrome/85.0.4183.102 Safari/537.36
Referer:http://web/index.php
Upgrade-Insecure-Requests:1
Content-Type:multipart/form-data; boundary=----WebKitFormBoundaryhfL9ROWmBYWeddOe
",0b3dcea85a0d24fd8d39f3a26c8d25f54de3669853a0c6a709bdc81b574ee8d1dc7a7b36d2da523679c4086e401dcf32d57a8dcc39b021eeb2bd25a7a6822fb1,"Keep-Alive:timeout=5, max=3
Server:Apache/2.4.38 (Debian)
Connection:Keep-Alive
Date:Mon, 11 May 2026 23:03:09 GMT
Cache-Control:max-age=0,must-revalidate,private
Content-Encoding:gzip
Vary:Accept-Encoding
Content-Length:1415
X-Powered-By:PHP/7.1.33
Content-Type:text/html; charset=UTF-8
",8a5bb1646f8f532ec376c47fc9582c718d4ec097e8e958288fdb85b518f1f63c10a573ffcb08080c5091e19e3cd2341e0d3d9e27ddf692099f698a93c439faad,200
http://web/,GET,"Accept:text/html,application/xhtml+xml,application/xml;q=0.9,image/avif,image/webp,image/apng,*/*;q=0.8,application/signed-exchange;v=b3;q=0.9
User-Agent:Mozilla/5.0 (X11; Linux x86_64) AppleWebKit/537.36 (KHTML, like Gecko) Chrome/85.0.4183.102 Safari/537.36
Upgrade-Insecure-Requests:1
",cf83e1357eefb8bdf1542850d66d8007d620e4050b5715dc83f4a921d36ce9ce47d0d13c5d85f2b0ff8318d2877eec2f63b931bd47417a81a538327af927da3e,"Keep-Alive:timeout=5, max=41
Server:Apache/2.4.38 (Debian)
Connection:Keep-Alive
Date:Mon, 11 May 2026 23:04:47 GMT
Cache-Control:max-age=0,must-revalidate,private
Content-Encoding:gzip
Vary:Accept-Encoding
Content-Length:1415
X-Powered-By:PHP/7.1.33
Content-Type:text/html; charset=UTF-8
",246c69fe7cc1bd63e03fdda2664f2d153abe1401219fc97f5cb7b7c986f470a8175d44a317fbbad358f8a1e426055e28aef1c5b00ad92043fdd0332796defddd,200
http://web/index.php,GET,"Accept:text/html,application/xhtml+xml,application/xml;q=0.9,image/avif,image/webp,image/apng,*/*;q=0.8,application/signed-exchange;v=b3;q=0.9
User-Agent:Mozilla/5.0 (X11; Linux x86_64) AppleWebKit/537.36 (KHTML, like Gecko) Chrome/85.0.4183.102 Safari/537.36
Upgrade-Insecure-Requests:1
",cf83e1357eefb8bdf1542850d66d8007d620e4050b5715dc83f4a921d36ce9ce47d0d13c5d85f2b0ff8318d2877eec2f63b931bd47417a81a538327af927da3e,"Keep-Alive:timeout=5, max=94
Server:Apache/2.4.38 (Debian)
Connection:Keep-Alive
Date:Mon, 11 May 2026 23:03:32 GMT
Cache-Control:max-age=0,must-revalidate,private
Content-Encoding:gzip
Vary:Accept-Encoding
Content-Length:1415
X-Powered-By:PHP/7.1.33
Content-Type:text/html; charset=UTF-8
",a67b532659c583e07aab567fb56f8239de1ae54531aaff124ab8c2eb0f977bab969999aeb4fefc63ac89dd77e467b961a126453aa855489aac2e83e2f9190b6f,200
http://web/index.php?signin=1&action=forgot,POST,"Origin:http://web
Accept:text/html,application/xhtml+xml,application/xml;q=0.9,image/avif,image/webp,image/apng,*/*;q=0.8,application/signed-exchange;v=b3;q=0.9
User-Agent:Mozilla/5.0 (X11; Linux x86_64) AppleWebKit/537.36 (KHTML, like Gecko) Chrome/85.0.4183.102 Safari/537.36
Referer:http://web/index.php?signin=1&action=new
Upgrade-Insecure-Requests:1
Content-Type:multipart/form-data; boundary=----WebKitFormBoundaryMPqU1FLABOM8G8bK
",9ee495205ac1ffa40a2e01976faca54dd20ff5d941f7a5f4b88b52adbb74ae57a45d6c666e12075234b4cb40a455e9a4b3c4e78841d0db93fd52cdcc6dc7fde5,"Keep-Alive:timeout=5, max=35
Server:Apache/2.4.38 (Debian)
Connection:Keep-Alive
Date:Mon, 11 May 2026 23:04:56 GMT
Cache-Control:max-age=0,must-revalidate,private
Content-Encoding:gzip
Vary:Accept-Encoding
Content-Length:1415
X-Powered-By:PHP/7.1.33
Content-Type:text/html; charset=UTF-8
",680766babfcdab369b023d719540ca231a50b0f84f169d0c5eef2067aa5e36b17a0706b0865904940fb01e7ec27408a0f3ba48217f1a3733d98de4b686368ea3,200
http://web/,GET,"Accept:text/html,application/xhtml+xml,application/xml;q=0.9,image/avif,image/webp,image/apng,*/*;q=0.8,application/signed-exchange;v=b3;q=0.9
User-Agent:Mozilla/5.0 (X11; Linux x86_64) AppleWebKit/537.36 (KHTML, like Gecko) Chrome/85.0.4183.102 Safari/537.36
Upgrade-Insecure-Requests:1
",cf83e1357eefb8bdf1542850d66d8007d620e4050b5715dc83f4a921d36ce9ce47d0d13c5d85f2b0ff8318d2877eec2f63b931bd47417a81a538327af927da3e,"Keep-Alive:timeout=5, max=82
Server:Apache/2.4.38 (Debian)
Connection:Keep-Alive
Date:Mon, 11 May 2026 23:01:17 GMT
Cache-Control:max-age=0,must-revalidate,private
Content-Encoding:gzip
Vary:Accept-Encoding
Content-Length:1415
X-Powered-By:PHP/7.1.33
Content-Type:text/html; charset=UTF-8
",8a12cd3945ca9bf67ef2845a4e30b2747c8d457a09cafb2de6b2cfa1b0d286e8dcae33d44d5d04ba02886e0bab3a7a23c9bf2d9907e852c6cefd37a100ea5734,200
http://web/index.php,GET,"Accept:text/html,application/xhtml+xml,application/xml;q=0.9,image/avif,image/webp,image/apng,*/*;q=0.8,application/signed-exchange;v=b3;q=0.9
User-Agent:Mozilla/5.0 (X11; Linux x86_64) AppleWebKit/537.36 (KHTML, like Gecko) Chrome/85.0.4183.102 Safari/537.36
Upgrade-Insecure-Requests:1
",cf83e1357eefb8bdf1542850d66d8007d620e4050b5715dc83f4a921d36ce9ce47d0d13c5d85f2b0ff8318d2877eec2f63b931bd47417a81a538327af927da3e,"Keep-Alive:timeout=5, max=37
Server:Apache/2.4.38 (Debian)
Connection:Keep-Alive
Date:Mon, 11 May 2026 23:04:52 GMT
Cache-Control:max-age=0,must-revalidate,private
Content-Encoding:gzip
Vary:Accept-Encoding
Content-Length:1415
X-Powered-By:PHP/7.1.33
Content-Type:text/html; charset=UTF-8
",4b858dde038f196e9eafd7b30fd0fdba3a1c0d861942dc1fb671a16d6f70cda87880c44a6129ae76fa31bdabc96b4ebd69be0214d9b3ff6f4259f9e17fe7f5eb,200
http://web/index.php?signin=1&action=new,POST,"Origin:http://web
Accept:text/html,application/xhtml+xml,application/xml;q=0.9,image/avif,image/webp,image/apng,*/*;q=0.8,application/signed-exchange;v=b3;q=0.9
User-Agent:Mozilla/5.0 (X11; Linux x86_64) AppleWebKit/537.36 (KHTML, like Gecko) Chrome/85.0.4183.102 Safari/537.36
Referer:http://web/index.php
Upgrade-Insecure-Requests:1
Content-Type:multipart/form-data; boundary=----WebKitFormBoundaryVn283MvR5e80ACOD
",4b1df2a44d0de0d2d9eb9b6071001fe70951b2bef3f83d57dbd5cb14aef57c38d9408ac803f755e69f66f65039e816e078a56560cb436330d3a995a19979a6a5,"Keep-Alive:timeout=5, max=33
Server:Apache/2.4.38 (Debian)
Connection:Keep-Alive
Date:Mon, 11 May 2026 23:04:59 GMT
Cache-Control:max-age=0,must-revalidate,private
Content-Encoding:gzip
Vary:Accept-Encoding
Content-Length:1418
X-Powered-By:PHP/7.1.33
Content-Type:text/html; charset=UTF-8
",aaf867ec1cc63eee65ee31828007623b66347fe53382f97b32f2b28ac7a641b07d93b8a557c4953e18557b5cb94f8aea12181ba760f40fa54a6fb796cdaff82e,200
http://web/users.php?t=pc,GET,"Accept:text/html,application/xhtml+xml,application/xml;q=0.9,image/avif,image/webp,image/apng,*/*;q=0.8,application/signed-exchange;v=b3;q=0.9
User-Agent:Mozilla/5.0 (X11; Linux x86_64) AppleWebKit/537.36 (KHTML, like Gecko) Chrome/85.0.4183.102 Safari/537.36
Upgrade-Insecure-Requests:1
",cf83e1357eefb8bdf1542850d66d8007d620e4050b5715dc83f4a921d36ce9ce47d0d13c5d85f2b0ff8318d2877eec2f63b931bd47417a81a538327af927da3e,"Keep-Alive:timeout=5, max=44
Server:Apache/2.4.38 (Debian)
Connection:Keep-Alive
Date:Mon, 11 May 2026 23:04:43 GMT
Cache-Control:max-age=0,must-revalidate,private
Content-Encoding:gzip
Vary:Accept-Encoding
Content-Length:1379
X-Powered-By:PHP/7.1.33
Content-Type:text/html; charset=UTF-8
",8481fe87f497e5652884b85b9911b92ee3392e2f777a921432c8bbeda3d806c00c0c5653a0942ccc5508b346ac715b883350404ca388b6429882c672622bb338,200
http://web/users.php?t=pc,GET,"Accept:text/html,application/xhtml+xml,application/xml;q=0.9,image/avif,image/webp,image/apng,*/*;q=0.8,application/signed-exchange;v=b3;q=0.9
User-Agent:Mozilla/5.0 (X11; Linux x86_64) AppleWebKit/537.36 (KHTML, like Gecko) Chrome/85.0.4183.102 Safari/537.36
Upgrade-Insecure-Requests:1
",cf83e1357eefb8bdf1542850d66d8007d620e4050b5715dc83f4a921d36ce9ce47d0d13c5d85f2b0ff8318d2877eec2f63b931bd47417a81a538327af927da3e,"Keep-Alive:timeout=5, max=71
Server:Apache/2.4.38 (Debian)
Connection:Keep-Alive
Date:Mon, 11 May 2026 23:01:34 GMT
Cache-Control:max-age=0,must-revalidate,private
Content-Encoding:gzip
Vary:Accept-Encoding
Content-Length:1377
X-Powered-By:PHP/7.1.33
Content-Type:text/html; charset=UTF-8
",d9d1a1779c5182344ba240128f4d0799ef8a62181e9ca0ad2cb917cbfbaffa9851c55f253ffd3c079aad8fd67ef3425632619c1b92229184781f0cdc9999d5e5,200
http://web/,GET,"Accept:text/html,application/xhtml+xml,application/xml;q=0.9,image/avif,image/webp,image/apng,*/*;q=0.8,application/signed-exchange;v=b3;q=0.9
User-Agent:Mozilla/5.0 (X11; Linux x86_64) AppleWebKit/537.36 (KHTML, like Gecko) Chrome/85.0.4183.102 Safari/537.36
Referer:http://web/users.php?t=pc
Upgrade-Insecure-Requests:1
",cf83e1357eefb8bdf1542850d66d8007d620e4050b5715dc83f4a921d36ce9ce47d0d13c5d85f2b0ff8318d2877eec2f63b931bd47417a81a538327af927da3e,"Keep-Alive:timeout=5, max=94
Server:Apache/2.4.38 (Debian)
Connection:Keep-Alive
Date:Mon, 11 May 2026 23:00:59 GMT
Cache-Control:max-age=0,must-revalidate,private
Content-Encoding:gzip
Vary:Accept-Encoding
Content-Length:1414
X-Powered-By:PHP/7.1.33
Content-Type:text/html; charset=UTF-8
",03d668671a16b63e7ec0ef5b9329e32df9181c96e212373d9c0468489e38eefa943e5e96f3c5e557447b7088a4919d9d98c0e82a9f9de7a052e6c2998d41c4c5,200
http://web/index.php,GET,"Accept:text/html,application/xhtml+xml,application/xml;q=0.9,image/avif,image/webp,image/apng,*/*;q=0.8,application/signed-exchange;v=b3;q=0.9
User-Agent:Mozilla/5.0 (X11; Linux x86_64) AppleWebKit/537.36 (KHTML, like Gecko) Chrome/85.0.4183.102 Safari/537.36
Upgrade-Insecure-Requests:1
",cf83e1357eefb8bdf1542850d66d8007d620e4050b5715dc83f4a921d36ce9ce47d0d13c5d85f2b0ff8318d2877eec2f63b931bd47417a81a538327af927da3e,"Keep-Alive:timeout=5, max=40
Server:Apache/2.4.38 (Debian)
Connection:Keep-Alive
Date:Mon, 11 May 2026 23:04:48 GMT
Cache-Control:max-age=0,must-revalidate,private
Content-Encoding:gzip
Vary:Accept-Encoding
Content-Length:1416
X-Powered-By:PHP/7.1.33
Content-Type:text/html; charset=UTF-8
",8a732b3dc30d4b0b51fa961c6c7ef8cae1bb758e8117f525f4012e72cf3ea03b01944855418da350fe9ca85c3bdb5080190fec413208b0a98453a87c8dcbc1a3,200
http://web/,GET,"Accept:text/html,application/xhtml+xml,application/xml;q=0.9,image/avif,image/webp,image/apng,*/*;q=0.8,application/signed-exchange;v=b3;q=0.9
User-Agent:Mozilla/5.0 (X11; Linux x86_64) AppleWebKit/537.36 (KHTML, like Gecko) Chrome/85.0.4183.102 Safari/537.36
Upgrade-Insecure-Requests:1
",cf83e1357eefb8bdf1542850d66d8007d620e4050b5715dc83f4a921d36ce9ce47d0d13c5d85f2b0ff8318d2877eec2f63b931bd47417a81a538327af927da3e,"Keep-Alive:timeout=5, max=32
Server:Apache/2.4.38 (Debian)
Connection:Keep-Alive
Date:Mon, 11 May 2026 23:02:25 GMT
Cache-Control:max-age=0,must-revalidate,private
Content-Encoding:gzip
Vary:Accept-Encoding
Content-Length:1415
X-Powered-By:PHP/7.1.33
Content-Type:text/html; charset=UTF-8
",c0d806451db4c7c4aa8b0460e285bbdecc96a2a2f3fa7a9a27161eb939180a3e2550c07d2a406180f4a8cdf1687be27cab4af7479bb4595bde5035d949eaa6d7,200
http://web/,GET,"Accept:text/html,application/xhtml+xml,application/xml;q=0.9,image/avif,image/webp,image/apng,*/*;q=0.8,application/signed-exchange;v=b3;q=0.9
User-Agent:Mozilla/5.0 (X11; Linux x86_64) AppleWebKit/537.36 (KHTML, like Gecko) Chrome/85.0.4183.102 Safari/537.36
Upgrade-Insecure-Requests:1
",cf83e1357eefb8bdf1542850d66d8007d620e4050b5715dc83f4a921d36ce9ce47d0d13c5d85f2b0ff8318d2877eec2f63b931bd47417a81a538327af927da3e,"Keep-Alive:timeout=5, max=85
Server:Apache/2.4.38 (Debian)
Connection:Keep-Alive
Date:Mon, 11 May 2026 23:03:45 GMT
Cache-Control:max-age=0,must-revalidate,private
Content-Encoding:gzip
Vary:Accept-Encoding
Content-Length:1416
X-Powered-By:PHP/7.1.33
Content-Type:text/html; charset=UTF-8
",ee9cb9bd875b58a3fdf61008cb60e7b10a729f73c6680a16a076db3744f2734226b587ee8740ddb4bafbed2f60d47eea5c85dffdab0f327a541f208237e810fd,200
http://web/?post=.empty,POST,"Origin:http://web
Accept:text/html,application/xhtml+xml,application/xml;q=0.9,image/avif,image/webp,image/apng,*/*;q=0.8,application/signed-exchange;v=b3;q=0.9
User-Agent:Mozilla/5.0 (X11; Linux x86_64) AppleWebKit/537.36 (KHTML, like Gecko) Chrome/85.0.4183.102 Safari/537.36
Referer:http://web/index.php
Upgrade-Insecure-Requests:1
Content-Type:multipart/form-data; boundary=----WebKitFormBoundary5QOozLQyeBemysDl
",cec5bd88e4625ef20a35c014eb48bd6d84d2aa95bc08b3bb0c96dbe1e8473bd82709cdae9210ca5fac3f8615b3fca9c72e9ab24c14445647cd7b51f2dc42ac1a,"Keep-Alive:timeout=5, max=9
Server:Apache/2.4.38 (Debian)
Connection:Keep-Alive
Date:Mon, 11 May 2026 23:03:00 GMT
Cache-Control:max-age=0,must-revalidate,private
Content-Encoding:gzip
Vary:Accept-Encoding
Content-Length:1414
X-Powered-By:PHP/7.1.33
Content-Type:text/html; charset=UTF-8
",cd988073c7b97e012e3b7b64334b2afea0391cbfd06ff32d8d121dd80a3e2c33306a85fcde76bfa90d2440e2555e2a5c8c58983b4e0be9179f14b4f0ca69de98,200
http://web/,GET,"Accept:text/html,application/xhtml+xml,application/xml;q=0.9,image/avif,image/webp,image/apng,*/*;q=0.8,application/signed-exchange;v=b3;q=0.9
User-Agent:Mozilla/5.0 (X11; Linux x86_64) AppleWebKit/537.36 (KHTML, like Gecko) Chrome/85.0.4183.102 Safari/537.36
Upgrade-Insecure-Requests:1
",cf83e1357eefb8bdf1542850d66d8007d620e4050b5715dc83f4a921d36ce9ce47d0d13c5d85f2b0ff8318d2877eec2f63b931bd47417a81a538327af927da3e,"Keep-Alive:timeout=5, max=5
Server:Apache/2.4.38 (Debian)
Connection:Keep-Alive
Date:Mon, 11 May 2026 23:03:07 GMT
Cache-Control:max-age=0,must-revalidate,private
Content-Encoding:gzip
Vary:Accept-Encoding
Content-Length:1415
X-Powered-By:PHP/7.1.33
Content-Type:text/html; charset=UTF-8
",154abc9ec637693e0f3dd194627ef904f464b60680af06e5a5f58874589426dd5fe74b8aa4dd536c25d063f0183a4e53439de077d09d379cd504933dc3ce847e,200
http://web/index.php,GET,"Accept:text/html,application/xhtml+xml,application/xml;q=0.9,image/avif,image/webp,image/apng,*/*;q=0.8,application/signed-exchange;v=b3;q=0.9
User-Agent:Mozilla/5.0 (X11; Linux x86_64) AppleWebKit/537.36 (KHTML, like Gecko) Chrome/85.0.4183.102 Safari/537.36
Upgrade-Insecure-Requests:1
",cf83e1357eefb8bdf1542850d66d8007d620e4050b5715dc83f4a921d36ce9ce47d0d13c5d85f2b0ff8318d2877eec2f63b931bd47417a81a538327af927da3e,"Keep-Alive:timeout=5, max=43
Server:Apache/2.4.38 (Debian)
Connection:Keep-Alive
Date:Mon, 11 May 2026 23:02:09 GMT
Cache-Control:max-age=0,must-revalidate,private
Content-Encoding:gzip
Vary:Accept-Encoding
Content-Length:1415
X-Powered-By:PHP/7.1.33
Content-Type:text/html; charset=UTF-8
",620ac9e692c578aa965ddd07733133d9004ad7cbaf6855daed873239a556bb96f4ab322fa728095fd650ddcdd5802c25fa47ca69be565fb19af6e23edee4bfc3,200
http://web/index.php?signin=1&action=new,POST,"Origin:http://web
Accept:text/html,application/xhtml+xml,application/xml;q=0.9,image/avif,image/webp,image/apng,*/*;q=0.8,application/signed-exchange;v=b3;q=0.9
User-Agent:Mozilla/5.0 (X11; Linux x86_64) AppleWebKit/537.36 (KHTML, like Gecko) Chrome/85.0.4183.102 Safari/537.36
Referer:http://web/index.php
Upgrade-Insecure-Requests:1
Content-Type:multipart/form-data; boundary=----WebKitFormBoundaryhziURkUQaHQmMv4h
",c6b687e17337d7a03beba3199c7369b36032a4c38bae15bc5be99625279b858a2122fde897b0f9374300a3fafd357a8ce864aa27f0754d79e52446150c703f80,"Keep-Alive:timeout=5, max=70
Server:Apache/2.4.38 (Debian)
Connection:Keep-Alive
Date:Mon, 11 May 2026 23:04:05 GMT
Cache-Control:max-age=0,must-revalidate,private
Content-Encoding:gzip
Vary:Accept-Encoding
Content-Length:1415
X-Powered-By:PHP/7.1.33
Content-Type:text/html; charset=UTF-8
",36c6b750474de83c6d53b536c8ac313923aa8b4cb4525e267eb5c0d47a0be6848d81ed76692f5cd4b3a9cfbb195e73e1277f12889c0dab6f0d29b8efafb87fb1,200
http://web/,GET,"Accept:text/html,application/xhtml+xml,application/xml;q=0.9,image/avif,image/webp,image/apng,*/*;q=0.8,application/signed-exchange;v=b3;q=0.9
User-Agent:Mozilla/5.0 (X11; Linux x86_64) AppleWebKit/537.36 (KHTML, like Gecko) Chrome/85.0.4183.102 Safari/537.36
Upgrade-Insecure-Requests:1
",cf83e1357eefb8bdf1542850d66d8007d620e4050b5715dc83f4a921d36ce9ce47d0d13c5d85f2b0ff8318d2877eec2f63b931bd47417a81a538327af927da3e,"Keep-Alive:timeout=5, max=92
Server:Apache/2.4.38 (Debian)
Connection:Keep-Alive
Date:Mon, 11 May 2026 23:03:35 GMT
Cache-Control:max-age=0,must-revalidate,private
Content-Encoding:gzip
Vary:Accept-Encoding
Content-Length:1415
X-Powered-By:PHP/7.1.33
Content-Type:text/html; charset=UTF-8
",bcddad371989c6d81122a4c4c17c08f367ca6e8ebf553d1b19fff9279d391b5ac5df1824cb5f5144bca175d645b84303112b649766e20077806105f60c4c1073,200
http://web/,GET,"Accept:text/html,application/xhtml+xml,application/xml;q=0.9,image/avif,image/webp,image/apng,*/*;q=0.8,application/signed-exchange;v=b3;q=0.9
User-Agent:Mozilla/5.0 (X11; Linux x86_64) AppleWebKit/537.36 (KHTML, like Gecko) Chrome/85.0.4183.102 Safari/537.36
Referer:http://web/index.php
Upgrade-Insecure-Requests:1
",cf83e1357eefb8bdf1542850d66d8007d620e4050b5715dc83f4a921d36ce9ce47d0d13c5d85f2b0ff8318d2877eec2f63b931bd47417a81a538327af927da3e,"Keep-Alive:timeout=5, max=42
Server:Apache/2.4.38 (Debian)
Connection:Keep-Alive
Date:Mon, 11 May 2026 23:02:10 GMT
Cache-Control:max-age=0,must-revalidate,private
Content-Encoding:gzip
Vary:Accept-Encoding
Content-Length:1415
X-Powered-By:PHP/7.1.33
Content-Type:text/html; charset=UTF-8
",21c3e645fee17817dca6f0010230842adf2175c5077a6ab1de875fc7645ec9be9cf6a577e5c0bea017f0a4c489eda40be2db158c782a52c8ce997ee1171f6dbf,200
http://web/index.php?signin=1&action=forgot,POST,"Origin:http://web
Accept:text/html,application/xhtml+xml,application/xml;q=0.9,image/avif,image/webp,image/apng,*/*;q=0.8,application/signed-exchange;v=b3;q=0.9
User-Agent:Mozilla/5.0 (X11; Linux x86_64) AppleWebKit/537.36 (KHTML, like Gecko) Chrome/85.0.4183.102 Safari/537.36
Referer:http://web/index.php
Upgrade-Insecure-Requests:1
Content-Type:multipart/form-data; boundary=----WebKitFormBoundaryriF15pLtoIyRwbSx
",34378d988c407c387071baeb7bcdb9b89924e57eee841bae1d74348b7f6705402e3e5d0189819b37bbf92ce2291c8bb75b91900b3a97eb9ab510843529ab63fc,"Keep-Alive:timeout=5, max=52
Server:Apache/2.4.38 (Debian)
Connection:Keep-Alive
Date:Mon, 11 May 2026 23:04:29 GMT
Cache-Control:max-age=0,must-revalidate,private
Content-Encoding:gzip
Vary:Accept-Encoding
Content-Length:1415
X-Powered-By:PHP/7.1.33
Content-Type:text/html; charset=UTF-8
",525b14e778c6c6f278d5a7685ae88f72bfa45241b9ff757f15cafd846584838d7fcc86ad4d2897244838d7e0014de09ab3557fbd31e6a87d6bde05cfd53753dd,200
http://web/index.php,GET,"Accept:text/html,application/xhtml+xml,application/xml;q=0.9,image/avif,image/webp,image/apng,*/*;q=0.8,application/signed-exchange;v=b3;q=0.9
User-Agent:Mozilla/5.0 (X11; Linux x86_64) AppleWebKit/537.36 (KHTML, like Gecko) Chrome/85.0.4183.102 Safari/537.36
Upgrade-Insecure-Requests:1
",cf83e1357eefb8bdf1542850d66d8007d620e4050b5715dc83f4a921d36ce9ce47d0d13c5d85f2b0ff8318d2877eec2f63b931bd47417a81a538327af927da3e,"Keep-Alive:timeout=5, max=76
Server:Apache/2.4.38 (Debian)
Connection:Keep-Alive
Date:Mon, 11 May 2026 23:01:27 GMT
Cache-Control:max-age=0,must-revalidate,private
Content-Encoding:gzip
Vary:Accept-Encoding
Content-Length:1414
X-Powered-By:PHP/7.1.33
Content-Type:text/html; charset=UTF-8
",01ee41b78c2fb93dc07887ef9493c68a087975f3a286ce5fa6d23a93d335ec297d4fddd3e58ca4f0b8835b8ef4a1e1fd4171967c6496021a1954dced8a9c918b,200
http://web/?post=.empty,POST,"Origin:http://web
Accept:text/html,application/xhtml+xml,application/xml;q=0.9,image/avif,image/webp,image/apng,*/*;q=0.8,application/signed-exchange;v=b3;q=0.9
User-Agent:Mozilla/5.0 (X11; Linux x86_64) AppleWebKit/537.36 (KHTML, like Gecko) Chrome/85.0.4183.102 Safari/537.36
Referer:http://web/index.php
Upgrade-Insecure-Requests:1
Content-Type:multipart/form-data; boundary=----WebKitFormBoundaryeeZQCOFYkWxCHO2F
",030e557334b9dac3e22ecf08e0956f02e4fc325588ebab9750eb9206e8031571035700ae98877b941015342c645fef91b9a161bf58398dbb2fddcb2367967b49,"Keep-Alive:timeout=5, max=38
Server:Apache/2.4.38 (Debian)
Connection:Keep-Alive
Date:Mon, 11 May 2026 23:02:17 GMT
Cache-Control:max-age=0,must-revalidate,private
Content-Encoding:gzip
Vary:Accept-Encoding
Content-Length:1415
X-Powered-By:PHP/7.1.33
Content-Type:text/html; charset=UTF-8
",f8a9d7899ffc2638d25eb315f4e7cd4365ba9837fee716298df725477405f170bf90a1d94ddfe60caef41a7c372198963be5b2d279e98e004ee4aa13c6220c7f,200
http://web/index.php?signin=1&action=new,POST,"Origin:http://web
Accept:text/html,application/xhtml+xml,application/xml;q=0.9,image/avif,image/webp,image/apng,*/*;q=0.8,application/signed-exchange;v=b3;q=0.9
User-Agent:Mozilla/5.0 (X11; Linux x86_64) AppleWebKit/537.36 (KHTML, like Gecko) Chrome/85.0.4183.102 Safari/537.36
Referer:http://web/index.php
Upgrade-Insecure-Requests:1
Content-Type:multipart/form-data; boundary=----WebKitFormBoundary6CIpiFJKuv6LqQc4
",a5cc5ddac111aa1ac7a1e398e725cd76d23653c6f1b6a64999e3857955297ee51add1f0c56b5cf97d3ea11db24846294b132fa48596de9687ebdce8a72681b30,"Keep-Alive:timeout=5, max=64
Server:Apache/2.4.38 (Debian)
Connection:Keep-Alive
Date:Mon, 11 May 2026 23:04:12 GMT
Cache-Control:max-age=0,must-revalidate,private
Content-Encoding:gzip
Vary:Accept-Encoding
Content-Length:1416
X-Powered-By:PHP/7.1.33
Content-Type:text/html; charset=UTF-8
",cfa702c88bf9fbd43f4a16fd84959b862cbef752a0b6d8db26781ca062d213a92179727f661edea2ae66abb62dbcab0fd7d14702808940c47d1306a621cc37be,200
http://web/index.php,GET,"Accept:text/html,application/xhtml+xml,application/xml;q=0.9,image/avif,image/webp,image/apng,*/*;q=0.8,application/signed-exchange;v=b3;q=0.9
User-Agent:Mozilla/5.0 (X11; Linux x86_64) AppleWebKit/537.36 (KHTML, like Gecko) Chrome/85.0.4183.102 Safari/537.36
Upgrade-Insecure-Requests:1
",cf83e1357eefb8bdf1542850d66d8007d620e4050b5715dc83f4a921d36ce9ce47d0d13c5d85f2b0ff8318d2877eec2f63b931bd47417a81a538327af927da3e,"Keep-Alive:timeout=5, max=50
Server:Apache/2.4.38 (Debian)
Connection:Keep-Alive
Date:Mon, 11 May 2026 23:02:01 GMT
Cache-Control:max-age=0,must-revalidate,private
Content-Encoding:gzip
Vary:Accept-Encoding
Content-Length:1413
X-Powered-By:PHP/7.1.33
Content-Type:text/html; charset=UTF-8
",a78d92631a37515d8a41adf0aae38769e8ed535bb65021605bf12e4f387b6d3657f14cb9944054fe7f7d06bfd69759576d36082f8e6cde509c0af4b495b9c5dd,200
http://web/users.php?t=pc,GET,"Accept:text/html,application/xhtml+xml,application/xml;q=0.9,image/avif,image/webp,image/apng,*/*;q=0.8,application/signed-exchange;v=b3;q=0.9
User-Agent:Mozilla/5.0 (X11; Linux x86_64) AppleWebKit/537.36 (KHTML, like Gecko) Chrome/85.0.4183.102 Safari/537.36
Upgrade-Insecure-Requests:1
",cf83e1357eefb8bdf1542850d66d8007d620e4050b5715dc83f4a921d36ce9ce47d0d13c5d85f2b0ff8318d2877eec2f63b931bd47417a81a538327af927da3e,"Keep-Alive:timeout=5, max=28
Server:Apache/2.4.38 (Debian)
Connection:Keep-Alive
Date:Mon, 11 May 2026 23:05:14 GMT
Cache-Control:max-age=0,must-revalidate,private
Content-Encoding:gzip
Vary:Accept-Encoding
Content-Length:1378
X-Powered-By:PHP/7.1.33
Content-Type:text/html; charset=UTF-8
",2bc7a611fa99e6ff5383f9c4ef191b0afa97f5233db20dddb0a55907ffec930bda4ae6bf05f71b2820850d2be6d2301bc9d1fcc8c60dd338f1152097285de177,200
http://web/?post=.empty,POST,"Origin:http://web
Accept:text/html,application/xhtml+xml,application/xml;q=0.9,image/avif,image/webp,image/apng,*/*;q=0.8,application/signed-exchange;v=b3;q=0.9
User-Agent:Mozilla/5.0 (X11; Linux x86_64) AppleWebKit/537.36 (KHTML, like Gecko) Chrome/85.0.4183.102 Safari/537.36
Referer:http://web/index.php?signin=1&action=forgot
Upgrade-Insecure-Requests:1
Content-Type:multipart/form-data; boundary=----WebKitFormBoundarynKXzJ96KzSCSPSWx
",637e3f70b8e5761f66471175b0766affd5ecfbb1dbdeb65a26b75020424d65be376d584dc14dd20ab962c4e1a6f8b1b0cd7f98dce453166dee9ab7ca9c19a0a0,"Keep-Alive:timeout=5, max=72
Server:Apache/2.4.38 (Debian)
Connection:Keep-Alive
Date:Mon, 11 May 2026 23:04:03 GMT
Cache-Control:max-age=0,must-revalidate,private
Content-Encoding:gzip
Vary:Accept-Encoding
Content-Length:1415
X-Powered-By:PHP/7.1.33
Content-Type:text/html; charset=UTF-8
",dba9a776f2a5ea45f4244be4884d9e658a1359a5b7d0fd00fbcb89e16fa36e9f51bef8994b3d335c6b21b1cf71eab9994f7c8ccb7eba3df1e07808ea15e686ef,200
http://web/index.php,GET,"Accept:text/html,application/xhtml+xml,application/xml;q=0.9,image/avif,image/webp,image/apng,*/*;q=0.8,application/signed-exchange;v=b3;q=0.9
User-Agent:Mozilla/5.0 (X11; Linux x86_64) AppleWebKit/537.36 (KHTML, like Gecko) Chrome/85.0.4183.102 Safari/537.36
Upgrade-Insecure-Requests:1
",cf83e1357eefb8bdf1542850d66d8007d620e4050b5715dc83f4a921d36ce9ce47d0d13c5d85f2b0ff8318d2877eec2f63b931bd47417a81a538327af927da3e,"Keep-Alive:timeout=5, max=67
Server:Apache/2.4.38 (Debian)
Connection:Keep-Alive
Date:Mon, 11 May 2026 23:01:39 GMT
Cache-Control:max-age=0,must-revalidate,private
Content-Encoding:gzip
Vary:Accept-Encoding
Content-Length:1415
X-Powered-By:PHP/7.1.33
Content-Type:text/html; charset=UTF-8
",e8b04b38ac32102222cee92e4bc7e55331eaa42b5bac5b24733b5df99a74f1c267892545068a9999361229d191f9d7f28f3edb28e5acfb12e90b2903b2ef2aa9,200
http://web/index.php,GET,"Accept:text/html,application/xhtml+xml,application/xml;q=0.9,image/avif,image/webp,image/apng,*/*;q=0.8,application/signed-exchange;v=b3;q=0.9
User-Agent:Mozilla/5.0 (X11; Linux x86_64) AppleWebKit/537.36 (KHTML, like Gecko) Chrome/85.0.4183.102 Safari/537.36
Upgrade-Insecure-Requests:1
",cf83e1357eefb8bdf1542850d66d8007d620e4050b5715dc83f4a921d36ce9ce47d0d13c5d85f2b0ff8318d2877eec2f63b931bd47417a81a538327af927da3e,"Keep-Alive:timeout=5, max=65
Server:Apache/2.4.38 (Debian)
Connection:Keep-Alive
Date:Mon, 11 May 2026 23:04:11 GMT
Cache-Control:max-age=0,must-revalidate,private
Content-Encoding:gzip
Vary:Accept-Encoding
Content-Length:1415
X-Powered-By:PHP/7.1.33
Content-Type:text/html; charset=UTF-8
",b217020a49f41cc00ed761fdd49a4dd52389e55913aff3475f97d01a1625948ab2bbea84207f84967df4f7afd56be1b428b721f65fbb847134d7bfa593eaa292,200
http://web/index.php,GET,"Accept:text/html,application/xhtml+xml,application/xml;q=0.9,image/avif,image/webp,image/apng,*/*;q=0.8,application/signed-exchange;v=b3;q=0.9
User-Agent:Mozilla/5.0 (X11; Linux x86_64) AppleWebKit/537.36 (KHTML, like Gecko) Chrome/85.0.4183.102 Safari/537.36
Upgrade-Insecure-Requests:1
",cf83e1357eefb8bdf1542850d66d8007d620e4050b5715dc83f4a921d36ce9ce47d0d13c5d85f2b0ff8318d2877eec2f63b931bd47417a81a538327af927da3e,"Keep-Alive:timeout=5, max=20
Server:Apache/2.4.38 (Debian)
Connection:Keep-Alive
Date:Mon, 11 May 2026 23:02:44 GMT
Cache-Control:max-age=0,must-revalidate,private
Content-Encoding:gzip
Vary:Accept-Encoding
Content-Length:1415
X-Powered-By:PHP/7.1.33
Content-Type:text/html; charset=UTF-8
",9b6b853f5c9a17ed9dd086f92034c2ee5443d5b62be7a6866a61ef3db33e1f6ae8ab4d4980a3e80eb512ba88e0d0cfb306044984902e26d07575876e43eda539,200
http://web/index.php,GET,"Accept:text/html,application/xhtml+xml,application/xml;q=0.9,image/avif,image/webp,image/apng,*/*;q=0.8,application/signed-exchange;v=b3;q=0.9
User-Agent:Mozilla/5.0 (X11; Linux x86_64) AppleWebKit/537.36 (KHTML, like Gecko) Chrome/85.0.4183.102 Safari/537.36
Upgrade-Insecure-Requests:1
",cf83e1357eefb8bdf1542850d66d8007d620e4050b5715dc83f4a921d36ce9ce47d0d13c5d85f2b0ff8318d2877eec2f63b931bd47417a81a538327af927da3e,"Keep-Alive:timeout=5, max=53
Server:Apache/2.4.38 (Debian)
Connection:Keep-Alive
Date:Mon, 11 May 2026 23:04:27 GMT
Cache-Control:max-age=0,must-revalidate,private
Content-Encoding:gzip
Vary:Accept-Encoding
Content-Length:1415
X-Powered-By:PHP/7.1.33
Content-Type:text/html; charset=UTF-8
",2375c873f6dd449032e5ca742d00c2137c53173eabfb377626b5ab4dea7f085159baa40bed52f47b1991ef6cec0d847bd8bdb69a2fc6373cf28824b76c51d5d0,200
http://web/index.php,GET,"Accept:text/html,application/xhtml+xml,application/xml;q=0.9,image/avif,image/webp,image/apng,*/*;q=0.8,application/signed-exchange;v=b3;q=0.9
User-Agent:Mozilla/5.0 (X11; Linux x86_64) AppleWebKit/537.36 (KHTML, like Gecko) Chrome/85.0.4183.102 Safari/537.36
Upgrade-Insecure-Requests:1
",cf83e1357eefb8bdf1542850d66d8007d620e4050b5715dc83f4a921d36ce9ce47d0d13c5d85f2b0ff8318d2877eec2f63b931bd47417a81a538327af927da3e,"Keep-Alive:timeout=5, max=43
Server:Apache/2.4.38 (Debian)
Connection:Keep-Alive
Date:Mon, 11 May 2026 23:04:43 GMT
Cache-Control:max-age=0,must-revalidate,private
Content-Encoding:gzip
Vary:Accept-Encoding
Content-Length:1415
X-Powered-By:PHP/7.1.33
Content-Type:text/html; charset=UTF-8
",110c351724249bd0a722d3b4a2feef75932484bafe6ddb84c446f2e3f29bb7053af198c07ea83aabbe7de273cb40976c8f98890c53a89523bd191ac0e24a4e69,200
http://web/?post=.empty,POST,"Origin:http://web
Accept:text/html,application/xhtml+xml,application/xml;q=0.9,image/avif,image/webp,image/apng,*/*;q=0.8,application/signed-exchange;v=b3;q=0.9
User-Agent:Mozilla/5.0 (X11; Linux x86_64) AppleWebKit/537.36 (KHTML, like Gecko) Chrome/85.0.4183.102 Safari/537.36
Referer:http://web/index.php
Upgrade-Insecure-Requests:1
Content-Type:multipart/form-data; boundary=----WebKitFormBoundaryAKBJGdQ8goGI0pzH
",0c48adf7c1a29dae65f73c088f8204b5912854be7a26e1c51094567270cbe83da8cdaae15b27b8a6a747c429aab7b3bf18ca21bc24b10806250da80faa9a4627,"Keep-Alive:timeout=5, max=12
Server:Apache/2.4.38 (Debian)
Connection:Keep-Alive
Date:Mon, 11 May 2026 23:02:56 GMT
Cache-Control:max-age=0,must-revalidate,private
Content-Encoding:gzip
Vary:Accept-Encoding
Content-Length:1414
X-Powered-By:PHP/7.1.33
Content-Type:text/html; charset=UTF-8
",49a624cb751ced073ae124d4396640a949a4056d4c96645461978114f55a0ae545f12f516710184487c8dbb8ca01c7b46b35b91493e849e2e774be55813eb21d,200
http://web/index.php,GET,"Accept:text/html,application/xhtml+xml,application/xml;q=0.9,image/avif,image/webp,image/apng,*/*;q=0.8,application/signed-exchange;v=b3;q=0.9
User-Agent:Mozilla/5.0 (X11; Linux x86_64) AppleWebKit/537.36 (KHTML, like Gecko) Chrome/85.0.4183.102 Safari/537.36
Upgrade-Insecure-Requests:1
",cf83e1357eefb8bdf1542850d66d8007d620e4050b5715dc83f4a921d36ce9ce47d0d13c5d85f2b0ff8318d2877eec2f63b931bd47417a81a538327af927da3e,"Keep-Alive:timeout=5, max=56
Server:Apache/2.4.38 (Debian)
Connection:Keep-Alive
Date:Mon, 11 May 2026 23:01:54 GMT
Cache-Control:max-age=0,must-revalidate,private
Content-Encoding:gzip
Vary:Accept-Encoding
Content-Length:1415
X-Powered-By:PHP/7.1.33
Content-Type:text/html; charset=UTF-8
",a27ffa849e9bb0896df7dedce88b176714bcca9d9a9dbfc166cb8d1fe2986cdc795b541d7b08840f9a2eeae8ed6dd7e74fa2908d0d766dfc59dec1c47045b71b,200
http://web/index.php?signin=1&action=new,POST,"Origin:http://web
Accept:text/html,application/xhtml+xml,application/xml;q=0.9,image/avif,image/webp,image/apng,*/*;q=0.8,application/signed-exchange;v=b3;q=0.9
User-Agent:Mozilla/5.0 (X11; Linux x86_64) AppleWebKit/537.36 (KHTML, like Gecko) Chrome/85.0.4183.102 Safari/537.36
Referer:http://web/index.php
Upgrade-Insecure-Requests:1
Content-Type:multipart/form-data; boundary=----WebKitFormBoundaryQn6MBoTjaJmm9gMC
",59a7b992c31c0a74237aba065f4a189666c2ab8583e8ee2377d84d285cb4a2b3e41991b0f2701b5ded837d3a52288cd03947288292fa8f0d0a32379b8eb6ea39,"Keep-Alive:timeout=5, max=31
Server:Apache/2.4.38 (Debian)
Connection:Keep-Alive
Date:Mon, 11 May 2026 23:05:06 GMT
Cache-Control:max-age=0,must-revalidate,private
Content-Encoding:gzip
Vary:Accept-Encoding
Content-Length:1415
X-Powered-By:PHP/7.1.33
Content-Type:text/html; charset=UTF-8
",c2871d12f8fae48b53fb899c7efd1070363b72b4393166912eba9a07b68b93f03b491a56a2a0efe722e7fdd20ea0f850a1e760045e284ccc9cebe155410bc8de,200
http://web/,GET,"Accept:*/*
User-Agent:Mozilla/5.0 (X11; Linux x86_64) AppleWebKit/537.36 (KHTML, like Gecko) Chrome/85.0.4183.102 Safari/537.36
",cf83e1357eefb8bdf1542850d66d8007d620e4050b5715dc83f4a921d36ce9ce47d0d13c5d85f2b0ff8318d2877eec2f63b931bd47417a81a538327af927da3e,"Server:Apache/2.4.38 (Debian)
Date:Mon, 11 May 2026 23:01:03 GMT
Cache-Control:max-age=0,must-revalidate,private
Content-Encoding:gzip
Vary:Accept-Encoding
Content-Length:1415
X-Powered-By:PHP/7.1.33
Content-Type:text/html; charset=UTF-8
",10bc8caa1f59d1eec2765826ccb3534cde1e2519f0219117f36510c360e0fff13e96e88ed92d70490a96e2c10aeaa157e9bed3a73c25ff356cf62c5dc19d31bf,200
http://web/index.php,GET,"Accept:text/html,application/xhtml+xml,application/xml;q=0.9,image/avif,image/webp,image/apng,*/*;q=0.8,application/signed-exchange;v=b3;q=0.9
User-Agent:Mozilla/5.0 (X11; Linux x86_64) AppleWebKit/537.36 (KHTML, like Gecko) Chrome/85.0.4183.102 Safari/537.36
Upgrade-Insecure-Requests:1
",cf83e1357eefb8bdf1542850d66d8007d620e4050b5715dc83f4a921d36ce9ce47d0d13c5d85f2b0ff8318d2877eec2f63b931bd47417a81a538327af927da3e,"Keep-Alive:timeout=5, max=64
Server:Apache/2.4.38 (Debian)
Connection:Keep-Alive
Date:Mon, 11 May 2026 23:01:43 GMT
Cache-Control:max-age=0,must-revalidate,private
Content-Encoding:gzip
Vary:Accept-Encoding
Content-Length:1415
X-Powered-By:PHP/7.1.33
Content-Type:text/html; charset=UTF-8
",73cb6d8dfdd0f82502540b0e2178800c9e7b42af1a423d4a9bb3af559e28d47a5773014242a84f5011c9e4e11c44101ac9858511d8fbad1010da4343503c877d,200
http://web/index.php,GET,"Accept:text/html,application/xhtml+xml,application/xml;q=0.9,image/avif,image/webp,image/apng,*/*;q=0.8,application/signed-exchange;v=b3;q=0.9
User-Agent:Mozilla/5.0 (X11; Linux x86_64) AppleWebKit/537.36 (KHTML, like Gecko) Chrome/85.0.4183.102 Safari/537.36
Upgrade-Insecure-Requests:1
",cf83e1357eefb8bdf1542850d66d8007d620e4050b5715dc83f4a921d36ce9ce47d0d13c5d85f2b0ff8318d2877eec2f63b931bd47417a81a538327af927da3e,"Keep-Alive:timeout=5, max=4
Server:Apache/2.4.38 (Debian)
Connection:Keep-Alive
Date:Mon, 11 May 2026 23:03:08 GMT
Cache-Control:max-age=0,must-revalidate,private
Content-Encoding:gzip
Vary:Accept-Encoding
Content-Length:1416
X-Powered-By:PHP/7.1.33
Content-Type:text/html; charset=UTF-8
",02f0008c6ae4b06578cd177a00486218e3b4f8630deea75889cfc227468ae6e9d5dc8c55a9bf591545f509ed971c9f9645e817790f5b996db140159ba86cd1f2,200
http://web/?post=.empty,POST,"Origin:http://web
Accept:text/html,application/xhtml+xml,application/xml;q=0.9,image/avif,image/webp,image/apng,*/*;q=0.8,application/signed-exchange;v=b3;q=0.9
User-Agent:Mozilla/5.0 (X11; Linux x86_64) AppleWebKit/537.36 (KHTML, like Gecko) Chrome/85.0.4183.102 Safari/537.36
Referer:http://web/?post=.empty
Upgrade-Insecure-Requests:1
Content-Type:multipart/form-data; boundary=----WebKitFormBoundaryBroFRtmt9cz1bxJd
",35cbef279588eb79606b93f974150d4412d8d519c8553e3b634841fd0d7540a81832630749c27648ed8b4204e5d7cf43017e3c2f8e5165b01b8ffa0f1375a8fd,"Keep-Alive:timeout=5, max=37
Server:Apache/2.4.38 (Debian)
Connection:Keep-Alive
Date:Mon, 11 May 2026 23:02:18 GMT
Cache-Control:max-age=0,must-revalidate,private
Content-Encoding:gzip
Vary:Accept-Encoding
Content-Length:1415
X-Powered-By:PHP/7.1.33
Content-Type:text/html; charset=UTF-8
",f3b36aec975b067724df87b418a667d614abe0496449688197823eb8c93f71cb38776daf22e551b832e8d4bad71c9d807af236fae633650506701c5566497f5f,200
http://web/index.php,GET,"Accept:text/html,application/xhtml+xml,application/xml;q=0.9,image/avif,image/webp,image/apng,*/*;q=0.8,application/signed-exchange;v=b3;q=0.9
User-Agent:Mozilla/5.0 (X11; Linux x86_64) AppleWebKit/537.36 (KHTML, like Gecko) Chrome/85.0.4183.102 Safari/537.36
Upgrade-Insecure-Requests:1
",cf83e1357eefb8bdf1542850d66d8007d620e4050b5715dc83f4a921d36ce9ce47d0d13c5d85f2b0ff8318d2877eec2f63b931bd47417a81a538327af927da3e,"Keep-Alive:timeout=5, max=41
Server:Apache/2.4.38 (Debian)
Connection:Keep-Alive
Date:Mon, 11 May 2026 23:02:12 GMT
Cache-Control:max-age=0,must-revalidate,private
Content-Encoding:gzip
Vary:Accept-Encoding
Content-Length:1414
X-Powered-By:PHP/7.1.33
Content-Type:text/html; charset=UTF-8
",525d5a2599f56494a4b3db4cdbaf62d86bb62449655c815eb30b5119890ec548bf2f32df2727bdc6f52e8138154b838277093092ddcf97e81489ef2d72e464c9,200
http://web/,GET,"Accept:text/html,application/xhtml+xml,application/xml;q=0.9,image/avif,image/webp,image/apng,*/*;q=0.8,application/signed-exchange;v=b3;q=0.9
User-Agent:Mozilla/5.0 (X11; Linux x86_64) AppleWebKit/537.36 (KHTML, like Gecko) Chrome/85.0.4183.102 Safari/537.36
Referer:http://web/index.php
Upgrade-Insecure-Requests:1
",cf83e1357eefb8bdf1542850d66d8007d620e4050b5715dc83f4a921d36ce9ce47d0d13c5d85f2b0ff8318d2877eec2f63b931bd47417a81a538327af927da3e,"Keep-Alive:timeout=5, max=40
Server:Apache/2.4.38 (Debian)
Connection:Keep-Alive
Date:Mon, 11 May 2026 23:02:12 GMT
Cache-Control:max-age=0,must-revalidate,private
Content-Encoding:gzip
Vary:Accept-Encoding
Content-Length:1413
X-Powered-By:PHP/7.1.33
Content-Type:text/html; charset=UTF-8
",2e7bf474e6793a010dceba5cd97410b94d53399a00bed8944ae2d6acd58c37db30676ba5e5d2049e69387d08d5052acd54c282fac8e84b9082d863bd05c8e503,200
http://web/index.php,GET,"Accept:text/html,application/xhtml+xml,application/xml;q=0.9,image/avif,image/webp,image/apng,*/*;q=0.8,application/signed-exchange;v=b3;q=0.9
User-Agent:Mozilla/5.0 (X11; Linux x86_64) AppleWebKit/537.36 (KHTML, like Gecko) Chrome/85.0.4183.102 Safari/537.36
Upgrade-Insecure-Requests:1
",cf83e1357eefb8bdf1542850d66d8007d620e4050b5715dc83f4a921d36ce9ce47d0d13c5d85f2b0ff8318d2877eec2f63b931bd47417a81a538327af927da3e,"Keep-Alive:timeout=5, max=77
Server:Apache/2.4.38 (Debian)
Connection:Keep-Alive
Date:Mon, 11 May 2026 23:03:58 GMT
Cache-Control:max-age=0,must-revalidate,private
Content-Encoding:gzip
Vary:Accept-Encoding
Content-Length:1415
X-Powered-By:PHP/7.1.33
Content-Type:text/html; charset=UTF-8
",f2ae98d0ec018c31128172085065678542dbda2bcf7e85b39d50d3e30f5097349ffdb734fa7fe27fab5788a8da69ae7abe09e7352ae3a32eec7f562395a54f72,200
http://web/index.php,GET,"Accept:text/html,application/xhtml+xml,application/xml;q=0.9,image/avif,image/webp,image/apng,*/*;q=0.8,application/signed-exchange;v=b3;q=0.9
User-Agent:Mozilla/5.0 (X11; Linux x86_64) AppleWebKit/537.36 (KHTML, like Gecko) Chrome/85.0.4183.102 Safari/537.36
Upgrade-Insecure-Requests:1
",cf83e1357eefb8bdf1542850d66d8007d620e4050b5715dc83f4a921d36ce9ce47d0d13c5d85f2b0ff8318d2877eec2f63b931bd47417a81a538327af927da3e,"Keep-Alive:timeout=5, max=82
Server:Apache/2.4.38 (Debian)
Connection:Keep-Alive
Date:Mon, 11 May 2026 23:03:49 GMT
Cache-Control:max-age=0,must-revalidate,private
Content-Encoding:gzip
Vary:Accept-Encoding
Content-Length:1415
X-Powered-By:PHP/7.1.33
Content-Type:text/html; charset=UTF-8
",eb146198eedd9622f8b6fb52f4f5766e02a60bb420fb814b9b7fe5c61b9f7528a3de4559cc67836c30bc96ec14690021d4b3a1a5e7ed50a499f94c287536f07c,200
http://web/,GET,"Accept:text/html,application/xhtml+xml,application/xml;q=0.9,image/avif,image/webp,image/apng,*/*;q=0.8,application/signed-exchange;v=b3;q=0.9
User-Agent:Mozilla/5.0 (X11; Linux x86_64) AppleWebKit/537.36 (KHTML, like Gecko) Chrome/85.0.4183.102 Safari/537.36
Upgrade-Insecure-Requests:1
",cf83e1357eefb8bdf1542850d66d8007d620e4050b5715dc83f4a921d36ce9ce47d0d13c5d85f2b0ff8318d2877eec2f63b931bd47417a81a538327af927da3e,"Keep-Alive:timeout=5, max=25
Server:Apache/2.4.38 (Debian)
Connection:Keep-Alive
Date:Mon, 11 May 2026 23:05:25 GMT
Cache-Control:max-age=0,must-revalidate,private
Content-Encoding:gzip
Vary:Accept-Encoding
Content-Length:1414
X-Powered-By:PHP/7.1.33
Content-Type:text/html; charset=UTF-8
",8f4ac7782f53a14bd30c7f626d65bad55cc90660379e7e2339c93ffd3d092b40129883b9482934f8dc9018c2c051aca7103b79289738a1358637370e6e716152,200
http://web/index.php,GET,"Accept:text/html,application/xhtml+xml,application/xml;q=0.9,image/avif,image/webp,image/apng,*/*;q=0.8,application/signed-exchange;v=b3;q=0.9
User-Agent:Mozilla/5.0 (X11; Linux x86_64) AppleWebKit/537.36 (KHTML, like Gecko) Chrome/85.0.4183.102 Safari/537.36
Upgrade-Insecure-Requests:1
",cf83e1357eefb8bdf1542850d66d8007d620e4050b5715dc83f4a921d36ce9ce47d0d13c5d85f2b0ff8318d2877eec2f63b931bd47417a81a538327af927da3e,"Keep-Alive:timeout=5, max=10
Server:Apache/2.4.38 (Debian)
Connection:Keep-Alive
Date:Mon, 11 May 2026 23:02:59 GMT
Cache-Control:max-age=0,must-revalidate,private
Content-Encoding:gzip
Vary:Accept-Encoding
Content-Length:1416
X-Powered-By:PHP/7.1.33
Content-Type:text/html; charset=UTF-8
",d3aec3d56168804d11921fc11a7f0c27689ca38229a00e7fabd456bf77da16bf139822d5807a5a8c297cc5826a6275d254390177862a52ada0c895e9e8e6641a,200
http://web/index.php?signin=1&action=forgot,POST,"Origin:http://web
Accept:text/html,application/xhtml+xml,application/xml;q=0.9,image/avif,image/webp,image/apng,*/*;q=0.8,application/signed-exchange;v=b3;q=0.9
User-Agent:Mozilla/5.0 (X11; Linux x86_64) AppleWebKit/537.36 (KHTML, like Gecko) Chrome/85.0.4183.102 Safari/537.36
Referer:http://web/index.php
Upgrade-Insecure-Requests:1
Content-Type:multipart/form-data; boundary=----WebKitFormBoundarydacCUXxGpPpIOPdW
",7e8e0fce8f7f0612067d9216b9131cac86ef494c0a9abaf4582367687ab886fe9b1060e670e78cdf1213d8ecd47d45e60b780458320cc3ff349108db846f54dc,"Keep-Alive:timeout=5, max=55
Server:Apache/2.4.38 (Debian)
Connection:Keep-Alive
Date:Mon, 11 May 2026 23:04:24 GMT
Cache-Control:max-age=0,must-revalidate,private
Content-Encoding:gzip
Vary:Accept-Encoding
Content-Length:1416
X-Powered-By:PHP/7.1.33
Content-Type:text/html; charset=UTF-8
",c62db752580df45e16c26a4661c294971064eb3374c2c7bd98e40e84b4d48c2ee4a9d3e2bf88b00e19f808b086ff38be425cf7239a3b1128a10d72a02bda889d,200
http://web/,GET,"Accept:*/*
User-Agent:Mozilla/5.0 (X11; Linux x86_64) AppleWebKit/537.36 (KHTML, like Gecko) Chrome/85.0.4183.102 Safari/537.36
Referer:http://web/users.php?t=pc
",cf83e1357eefb8bdf1542850d66d8007d620e4050b5715dc83f4a921d36ce9ce47d0d13c5d85f2b0ff8318d2877eec2f63b931bd47417a81a538327af927da3e,"Server:Apache/2.4.38 (Debian)
Date:Mon, 11 May 2026 23:00:59 GMT
Cache-Control:max-age=0,must-revalidate,private
Content-Encoding:gzip
Vary:Accept-Encoding
Content-Length:1414
X-Powered-By:PHP/7.1.33
Content-Type:text/html; charset=UTF-8
",03d668671a16b63e7ec0ef5b9329e32df9181c96e212373d9c0468489e38eefa943e5e96f3c5e557447b7088a4919d9d98c0e82a9f9de7a052e6c2998d41c4c5,200
http://web/users.php?t=pc,GET,"Accept:text/html,application/xhtml+xml,application/xml;q=0.9,image/avif,image/webp,image/apng,*/*;q=0.8,application/signed-exchange;v=b3;q=0.9
User-Agent:Mozilla/5.0 (X11; Linux x86_64) AppleWebKit/537.36 (KHTML, like Gecko) Chrome/85.0.4183.102 Safari/537.36
Upgrade-Insecure-Requests:1
",cf83e1357eefb8bdf1542850d66d8007d620e4050b5715dc83f4a921d36ce9ce47d0d13c5d85f2b0ff8318d2877eec2f63b931bd47417a81a538327af927da3e,"Keep-Alive:timeout=5, max=60
Server:Apache/2.4.38 (Debian)
Connection:Keep-Alive
Date:Mon, 11 May 2026 23:04:17 GMT
Cache-Control:max-age=0,must-revalidate,private
Content-Encoding:gzip
Vary:Accept-Encoding
Content-Length:1379
X-Powered-By:PHP/7.1.33
Content-Type:text/html; charset=UTF-8
",aea98ab2515a30098b983893be4dcc6281f500633f95ee7a97f08ca461beeec6c8809a3a52d8f575bfea9198f91414e9c1e93c66b9a195f1292a0da2339246ce,200
http://web/,GET,"Accept:text/html,application/xhtml+xml,application/xml;q=0.9,image/avif,image/webp,image/apng,*/*;q=0.8,application/signed-exchange;v=b3;q=0.9
User-Agent:Mozilla/5.0 (X11; Linux x86_64) AppleWebKit/537.36 (KHTML, like Gecko) Chrome/85.0.4183.102 Safari/537.36
Upgrade-Insecure-Requests:1
",cf83e1357eefb8bdf1542850d66d8007d620e4050b5715dc83f4a921d36ce9ce47d0d13c5d85f2b0ff8318d2877eec2f63b931bd47417a81a538327af927da3e,"Keep-Alive:timeout=5, max=1
Server:Apache/2.4.38 (Debian)
Connection:Keep-Alive
Date:Mon, 11 May 2026 23:03:14 GMT
Cache-Control:max-age=0,must-revalidate,private
Content-Encoding:gzip
Vary:Accept-Encoding
Content-Length:1415
X-Powered-By:PHP/7.1.33
Content-Type:text/html; charset=UTF-8
",01688d4a3b96bda574996064797bca4eb1a3e3eb0bb5690fa428b744555f5644fd49048b25e5da417f8ded3bf62037ee35ba981d6ce23135137bb761c421db91,200
http://web/index.php,GET,"Accept:text/html,application/xhtml+xml,application/xml;q=0.9,image/avif,image/webp,image/apng,*/*;q=0.8,application/signed-exchange;v=b3;q=0.9
User-Agent:Mozilla/5.0 (X11; Linux x86_64) AppleWebKit/537.36 (KHTML, like Gecko) Chrome/85.0.4183.102 Safari/537.36
Upgrade-Insecure-Requests:1
",cf83e1357eefb8bdf1542850d66d8007d620e4050b5715dc83f4a921d36ce9ce47d0d13c5d85f2b0ff8318d2877eec2f63b931bd47417a81a538327af927da3e,"Keep-Alive:timeout=5, max=59
Server:Apache/2.4.38 (Debian)
Connection:Keep-Alive
Date:Mon, 11 May 2026 23:04:18 GMT
Cache-Control:max-age=0,must-revalidate,private
Content-Encoding:gzip
Vary:Accept-Encoding
Content-Length:1414
X-Powered-By:PHP/7.1.33
Content-Type:text/html; charset=UTF-8
",9f15590c7b842be913112ef92da3720a8422c7da3a5fb8db11b5ca78e2ea598d28c0882dd1938b01ba7d95ea5d4ec5b579933b50b32c2a6324d029d66902c430,200
http://web/users.php?t=pc&sort=1R,GET,"Accept:text/html,application/xhtml+xml,application/xml;q=0.9,image/avif,image/webp,image/apng,*/*;q=0.8,application/signed-exchange;v=b3;q=0.9
User-Agent:Mozilla/5.0 (X11; Linux x86_64) AppleWebKit/537.36 (KHTML, like Gecko) Chrome/85.0.4183.102 Safari/537.36
Referer:http://web/users.php?t=pc
Upgrade-Insecure-Requests:1
",cf83e1357eefb8bdf1542850d66d8007d620e4050b5715dc83f4a921d36ce9ce47d0d13c5d85f2b0ff8318d2877eec2f63b931bd47417a81a538327af927da3e,"Keep-Alive:timeout=5, max=87
Server:Apache/2.4.38 (Debian)
Connection:Keep-Alive
Date:Mon, 11 May 2026 23:01:11 GMT
Cache-Control:max-age=0,must-revalidate,private
Content-Encoding:gzip
Vary:Accept-Encoding
Content-Length:1379
X-Powered-By:PHP/7.1.33
Content-Type:text/html; charset=UTF-8
",5e24337b54bfc65548212df8496663b86fe7e228dc0ab2f9bfec462d4def4943c44c319dea87ee9c6cac1bf1523a55d074bd83e67733530b51ddda78c7e5187e,200
http://web/index.php,GET,"Accept:text/html,application/xhtml+xml,application/xml;q=0.9,image/avif,image/webp,image/apng,*/*;q=0.8,application/signed-exchange;v=b3;q=0.9
User-Agent:Mozilla/5.0 (X11; Linux x86_64) AppleWebKit/537.36 (KHTML, like Gecko) Chrome/85.0.4183.102 Safari/537.36
Upgrade-Insecure-Requests:1
",cf83e1357eefb8bdf1542850d66d8007d620e4050b5715dc83f4a921d36ce9ce47d0d13c5d85f2b0ff8318d2877eec2f63b931bd47417a81a538327af927da3e,"Keep-Alive:timeout=5, max=14
Server:Apache/2.4.38 (Debian)
Connection:Keep-Alive
Date:Mon, 11 May 2026 23:02:52 GMT
Cache-Control:max-age=0,must-revalidate,private
Content-Encoding:gzip
Vary:Accept-Encoding
Content-Length:1415
X-Powered-By:PHP/7.1.33
Content-Type:text/html; charset=UTF-8
",56ce046dd69506667bb7b364667bd7f342b94fccd99f782b31a1ae7da09e7242e13a208320022d06e8378de29880c5d72f8999cb517ae6d4c04a6d7276abb788,200
http://web/?post=.empty,POST,"Origin:http://web
Accept:text/html,application/xhtml+xml,application/xml;q=0.9,image/avif,image/webp,image/apng,*/*;q=0.8,application/signed-exchange;v=b3;q=0.9
User-Agent:Mozilla/5.0 (X11; Linux x86_64) AppleWebKit/537.36 (KHTML, like Gecko) Chrome/85.0.4183.102 Safari/537.36
Referer:http://web/index.php
Upgrade-Insecure-Requests:1
Content-Type:multipart/form-data; boundary=----WebKitFormBoundary0QeSDcyKlwZMBQEU
",312bc6b28feee8953b1b2a6bd9b26ec21c4d5c2719d2952e9c60f5fc2bea240a95ad16fe9f6fdde64d55e92c44eb3bd2d53d03f7e39102d253e2e05e53339416,"Keep-Alive:timeout=5, max=6
Server:Apache/2.4.38 (Debian)
Connection:Keep-Alive
Date:Mon, 11 May 2026 23:03:04 GMT
Cache-Control:max-age=0,must-revalidate,private
Content-Encoding:gzip
Vary:Accept-Encoding
Content-Length:1414
X-Powered-By:PHP/7.1.33
Content-Type:text/html; charset=UTF-8
",e849547eab407472ae5ccd16639e4c6f54fc68e13e26ca1e79641540de4a15c06badee9cbd71ef1e385c4069639a7d8354003dfde754881a005a78bae78a37cd,200
http://web/,GET,"Accept:text/html,application/xhtml+xml,application/xml;q=0.9,image/avif,image/webp,image/apng,*/*;q=0.8,application/signed-exchange;v=b3;q=0.9
User-Agent:Mozilla/5.0 (X11; Linux x86_64) AppleWebKit/537.36 (KHTML, like Gecko) Chrome/85.0.4183.102 Safari/537.36
Referer:http://web/index.php
Upgrade-Insecure-Requests:1
",cf83e1357eefb8bdf1542850d66d8007d620e4050b5715dc83f4a921d36ce9ce47d0d13c5d85f2b0ff8318d2877eec2f63b931bd47417a81a538327af927da3e,"Keep-Alive:timeout=5, max=72
Server:Apache/2.4.38 (Debian)
Connection:Keep-Alive
Date:Mon, 11 May 2026 23:01:32 GMT
Cache-Control:max-age=0,must-revalidate,private
Content-Encoding:gzip
Vary:Accept-Encoding
Content-Length:1414
X-Powered-By:PHP/7.1.33
Content-Type:text/html; charset=UTF-8
",d68f89dec1cfe5b3acfddfe22289fcd399ced70e4214b1e1788f87029f0a488c6d5b400c09569a7ac62cebe1442428aaeb1f8b8d39eb0a28a26b3c000dfda94f,200
http://web/index.php,GET,"Accept:text/html,application/xhtml+xml,application/xml;q=0.9,image/avif,image/webp,image/apng,*/*;q=0.8,application/signed-exchange;v=b3;q=0.9
User-Agent:Mozilla/5.0 (X11; Linux x86_64) AppleWebKit/537.36 (KHTML, like Gecko) Chrome/85.0.4183.102 Safari/537.36
Upgrade-Insecure-Requests:1
",cf83e1357eefb8bdf1542850d66d8007d620e4050b5715dc83f4a921d36ce9ce47d0d13c5d85f2b0ff8318d2877eec2f63b931bd47417a81a538327af927da3e,"Keep-Alive:timeout=5, max=35
Server:Apache/2.4.38 (Debian)
Connection:Keep-Alive
Date:Mon, 11 May 2026 23:02:19 GMT
Cache-Control:max-age=0,must-revalidate,private
Content-Encoding:gzip
Vary:Accept-Encoding
Content-Length:1414
X-Powered-By:PHP/7.1.33
Content-Type:text/html; charset=UTF-8
",88e3ab3c7bf4a4398f0e632399795a158cfedf140df2a6222b6795a2f9baa1aea9ce959588b76b6edff6220571bfc793cd7f80c7d0e863f21799aff0dac97a22,200
http://web/,GET,"Accept:text/html,application/xhtml+xml,application/xml;q=0.9,image/avif,image/webp,image/apng,*/*;q=0.8,application/signed-exchange;v=b3;q=0.9
User-Agent:Mozilla/5.0 (X11; Linux x86_64) AppleWebKit/537.36 (KHTML, like Gecko) Chrome/85.0.4183.102 Safari/537.36
Upgrade-Insecure-Requests:1
",cf83e1357eefb8bdf1542850d66d8007d620e4050b5715dc83f4a921d36ce9ce47d0d13c5d85f2b0ff8318d2877eec2f63b931bd47417a81a538327af927da3e,"Keep-Alive:timeout=5, max=68
Server:Apache/2.4.38 (Debian)
Connection:Keep-Alive
Date:Mon, 11 May 2026 23:01:38 GMT
Cache-Control:max-age=0,must-revalidate,private
Content-Encoding:gzip
Vary:Accept-Encoding
Content-Length:1414
X-Powered-By:PHP/7.1.33
Content-Type:text/html; charset=UTF-8
",3ac0db692eb1a41e1a09ce9f950a80657d99a0c935de0e7f20d0360b8fa84f8acac59ad0642ace78bee4c40da89c69f04dd6b42908bc69406ad6bb484794177d,200
http://web/,GET,"Accept:text/html,application/xhtml+xml,application/xml;q=0.9,image/avif,image/webp,image/apng,*/*;q=0.8,application/signed-exchange;v=b3;q=0.9
User-Agent:Mozilla/5.0 (X11; Linux x86_64) AppleWebKit/537.36 (KHTML, like Gecko) Chrome/85.0.4183.102 Safari/537.36
Upgrade-Insecure-Requests:1
",cf83e1357eefb8bdf1542850d66d8007d620e4050b5715dc83f4a921d36ce9ce47d0d13c5d85f2b0ff8318d2877eec2f63b931bd47417a81a538327af927da3e,"Keep-Alive:timeout=5, max=8
Server:Apache/2.4.38 (Debian)
Connection:Keep-Alive
Date:Mon, 11 May 2026 23:03:03 GMT
Cache-Control:max-age=0,must-revalidate,private
Content-Encoding:gzip
Vary:Accept-Encoding
Content-Length:1415
X-Powered-By:PHP/7.1.33
Content-Type:text/html; charset=UTF-8
",5bb4527ecb372d4460368e185e58235506d7934ed008e3e7cc0213ff9dc4d7a7a013207cfb6885bb2dfad31516ef75ffbcf9b045fd61c4b17ec177652f9a73dc,200
http://web/,GET,"Accept:text/html,application/xhtml+xml,application/xml;q=0.9,image/avif,image/webp,image/apng,*/*;q=0.8,application/signed-exchange;v=b3;q=0.9
User-Agent:Mozilla/5.0 (X11; Linux x86_64) AppleWebKit/537.36 (KHTML, like Gecko) Chrome/85.0.4183.102 Safari/537.36
Referer:http://web/index.php
Upgrade-Insecure-Requests:1
",cf83e1357eefb8bdf1542850d66d8007d620e4050b5715dc83f4a921d36ce9ce47d0d13c5d85f2b0ff8318d2877eec2f63b931bd47417a81a538327af927da3e,"Keep-Alive:timeout=5, max=97
Server:Apache/2.4.38 (Debian)
Connection:Keep-Alive
Date:Mon, 11 May 2026 23:00:51 GMT
Cache-Control:max-age=0,must-revalidate,private
Content-Encoding:gzip
Vary:Accept-Encoding
Content-Length:1415
X-Powered-By:PHP/7.1.33
Content-Type:text/html; charset=UTF-8
",574fc660fc95cf1907ef19bfa91db78253cb0f7c1fca9801333bf80e346c6797e16951417da2f29c06623ebda22c6e60050917766974d395d4ef79a890ebed4a,200
http://web/index.php,GET,"Accept:text/html,application/xhtml+xml,application/xml;q=0.9,image/avif,image/webp,image/apng,*/*;q=0.8,application/signed-exchange;v=b3;q=0.9
User-Agent:Mozilla/5.0 (X11; Linux x86_64) AppleWebKit/537.36 (KHTML, like Gecko) Chrome/85.0.4183.102 Safari/537.36
Upgrade-Insecure-Requests:1
",cf83e1357eefb8bdf1542850d66d8007d620e4050b5715dc83f4a921d36ce9ce47d0d13c5d85f2b0ff8318d2877eec2f63b931bd47417a81a538327af927da3e,"Keep-Alive:timeout=5, max=98
Server:Apache/2.4.38 (Debian)
Connection:Keep-Alive
Date:Mon, 11 May 2026 23:00:49 GMT
Cache-Control:max-age=0,must-revalidate,private
Content-Encoding:gzip
Vary:Accept-Encoding
Content-Length:1414
X-Powered-By:PHP/7.1.33
Content-Type:text/html; charset=UTF-8
",b7354b793ca94c744aed02ae30983518cf79e4785c3d96267efa58e95dc4a74ad6d212ad7061919b1a3ea55cdb6c2aacb7e83fdcb3900e812dca1907f755a71b,200
http://web/,GET,"Accept:text/html,application/xhtml+xml,application/xml;q=0.9,image/avif,image/webp,image/apng,*/*;q=0.8,application/signed-exchange;v=b3;q=0.9
User-Agent:Mozilla/5.0 (X11; Linux x86_64) AppleWebKit/537.36 (KHTML, like Gecko) Chrome/85.0.4183.102 Safari/537.36
Referer:http://web/index.php
Upgrade-Insecure-Requests:1
",cf83e1357eefb8bdf1542850d66d8007d620e4050b5715dc83f4a921d36ce9ce47d0d13c5d85f2b0ff8318d2877eec2f63b931bd47417a81a538327af927da3e,"Keep-Alive:timeout=5, max=66
Server:Apache/2.4.38 (Debian)
Connection:Keep-Alive
Date:Mon, 11 May 2026 23:01:40 GMT
Cache-Control:max-age=0,must-revalidate,private
Content-Encoding:gzip
Vary:Accept-Encoding
Content-Length:1413
X-Powered-By:PHP/7.1.33
Content-Type:text/html; charset=UTF-8
",fb59b7896f0a4779e28d662a2cc3e6f7a509350c631f01137b05972c815c127f032a8c3f145942941fdc0ced23673aeb2bcee8c097f07ae4616785246ca54dad,200
http://web/index.php?signin=1&action=forgot,POST,"Origin:http://web
Accept:text/html,application/xhtml+xml,application/xml;q=0.9,image/avif,image/webp,image/apng,*/*;q=0.8,application/signed-exchange;v=b3;q=0.9
User-Agent:Mozilla/5.0 (X11; Linux x86_64) AppleWebKit/537.36 (KHTML, like Gecko) Chrome/85.0.4183.102 Safari/537.36
Referer:http://web/index.php
Upgrade-Insecure-Requests:1
Content-Type:multipart/form-data; boundary=----WebKitFormBoundaryK2GAMOSNJekPKXZQ
",f180a13aa80f94a76cb29067f2743a9ce68b069eecb03838630bae854535b5f94218a49c2e8b0e9e2c16f51395cc5761b8564f16a218b4ccd27a2f3a940278b4,"Keep-Alive:timeout=5, max=73
Server:Apache/2.4.38 (Debian)
Connection:Keep-Alive
Date:Mon, 11 May 2026 23:04:02 GMT
Cache-Control:max-age=0,must-revalidate,private
Content-Encoding:gzip
Vary:Accept-Encoding
Content-Length:1414
X-Powered-By:PHP/7.1.33
Content-Type:text/html; charset=UTF-8
",1fc9d6fe0120c9e7e9db042526981880207b78a64f3a4d37e2f51147455f07d616a8b1abaa7333a073094df4ecd2bb398f76dff7b2537ec0fa7770967f5160f3,200
http://web/index.php,GET,"Accept:text/html,application/xhtml+xml,application/xml;q=0.9,image/avif,image/webp,image/apng,*/*;q=0.8,application/signed-exchange;v=b3;q=0.9
User-Agent:Mozilla/5.0 (X11; Linux x86_64) AppleWebKit/537.36 (KHTML, like Gecko) Chrome/85.0.4183.102 Safari/537.36
Upgrade-Insecure-Requests:1
",cf83e1357eefb8bdf1542850d66d8007d620e4050b5715dc83f4a921d36ce9ce47d0d13c5d85f2b0ff8318d2877eec2f63b931bd47417a81a538327af927da3e,"Keep-Alive:timeout=5, max=33
Server:Apache/2.4.38 (Debian)
Connection:Keep-Alive
Date:Mon, 11 May 2026 23:02:22 GMT
Cache-Control:max-age=0,must-revalidate,private
Content-Encoding:gzip
Vary:Accept-Encoding
Content-Length:1414
X-Powered-By:PHP/7.1.33
Content-Type:text/html; charset=UTF-8
",1f0a9be24ce42ea80019484413d2d0e07aa3b78346c21c0cd83f4eb390c33f5dc4a178ace62828820957c1f18e5d4da1bd57cee66562dee879fdf956917ed604,200
http://web/users.php?t=pc,GET,"Accept:text/html,application/xhtml+xml,application/xml;q=0.9,image/avif,image/webp,image/apng,*/*;q=0.8,application/signed-exchange;v=b3;q=0.9
User-Agent:Mozilla/5.0 (X11; Linux x86_64) AppleWebKit/537.36 (KHTML, like Gecko) Chrome/85.0.4183.102 Safari/537.36
Upgrade-Insecure-Requests:1
",cf83e1357eefb8bdf1542850d66d8007d620e4050b5715dc83f4a921d36ce9ce47d0d13c5d85f2b0ff8318d2877eec2f63b931bd47417a81a538327af927da3e,"Keep-Alive:timeout=5, max=54
Server:Apache/2.4.38 (Debian)
Connection:Keep-Alive
Date:Mon, 11 May 2026 23:01:57 GMT
Cache-Control:max-age=0,must-revalidate,private
Content-Encoding:gzip
Vary:Accept-Encoding
Content-Length:1379
X-Powered-By:PHP/7.1.33
Content-Type:text/html; charset=UTF-8
",ece575786a8706c9c0a448fa95b79b3431d276ffe4e95ee31a8c3f47322f6603559dd400eccaa3cf26bb293c588cdfb89097267df203806478731352406d2149,200
http://web/index.php,GET,"Accept:text/html,application/xhtml+xml,application/xml;q=0.9,image/avif,image/webp,image/apng,*/*;q=0.8,application/signed-exchange;v=b3;q=0.9
User-Agent:Mozilla/5.0 (X11; Linux x86_64) AppleWebKit/537.36 (KHTML, like Gecko) Chrome/85.0.4183.102 Safari/537.36
Upgrade-Insecure-Requests:1
",cf83e1357eefb8bdf1542850d66d8007d620e4050b5715dc83f4a921d36ce9ce47d0d13c5d85f2b0ff8318d2877eec2f63b931bd47417a81a538327af927da3e,"Keep-Alive:timeout=5, max=58
Server:Apache/2.4.38 (Debian)
Connection:Keep-Alive
Date:Mon, 11 May 2026 23:01:50 GMT
Cache-Control:max-age=0,must-revalidate,private
Content-Encoding:gzip
Vary:Accept-Encoding
Content-Length:1412
X-Powered-By:PHP/7.1.33
Content-Type:text/html; charset=UTF-8
",71a19163e4f272e068b09a3d44ba4702e4b0d1c243ff327dac066320e184fb333bfa73ce1c6afb461f24cd4e93bc49a9aaa174b95431ad47c6d5c65669bb2017,200
http://web/,GET,"Accept:text/html,application/xhtml+xml,application/xml;q=0.9,image/avif,image/webp,image/apng,*/*;q=0.8,application/signed-exchange;v=b3;q=0.9
User-Agent:Mozilla/5.0 (X11; Linux x86_64) AppleWebKit/537.36 (KHTML, like Gecko) Chrome/85.0.4183.102 Safari/537.36
Referer:http://web/index.php
Upgrade-Insecure-Requests:1
",cf83e1357eefb8bdf1542850d66d8007d620e4050b5715dc83f4a921d36ce9ce47d0d13c5d85f2b0ff8318d2877eec2f63b931bd47417a81a538327af927da3e,"Keep-Alive:timeout=5, max=46
Server:Apache/2.4.38 (Debian)
Connection:Keep-Alive
Date:Mon, 11 May 2026 23:02:06 GMT
Cache-Control:max-age=0,must-revalidate,private
Content-Encoding:gzip
Vary:Accept-Encoding
Content-Length:1415
X-Powered-By:PHP/7.1.33
Content-Type:text/html; charset=UTF-8
",fe7dfe390673a9126ebe6e8872d9e5260090b91eb21cc5d3fb1b1fe623365b61e081e37a54303e69d782e0093d9c1d5bcc0979bab05a053ebcf7ea69f3e5b54b,200
http://web/,GET,"Accept:*/*
User-Agent:Mozilla/5.0 (X11; Linux x86_64) AppleWebKit/537.36 (KHTML, like Gecko) Chrome/85.0.4183.102 Safari/537.36
Referer:http://web/index.php
",cf83e1357eefb8bdf1542850d66d8007d620e4050b5715dc83f4a921d36ce9ce47d0d13c5d85f2b0ff8318d2877eec2f63b931bd47417a81a538327af927da3e,"Server:Apache/2.4.38 (Debian)
Date:Mon, 11 May 2026 23:00:51 GMT
Cache-Control:max-age=0,must-revalidate,private
Content-Encoding:gzip
Vary:Accept-Encoding
Content-Length:1415
X-Powered-By:PHP/7.1.33
Content-Type:text/html; charset=UTF-8
",574fc660fc95cf1907ef19bfa91db78253cb0f7c1fca9801333bf80e346c6797e16951417da2f29c06623ebda22c6e60050917766974d395d4ef79a890ebed4a,200
http://web/index.php,GET,"Accept:text/html,application/xhtml+xml,application/xml;q=0.9,image/avif,image/webp,image/apng,*/*;q=0.8,application/signed-exchange;v=b3;q=0.9
User-Agent:Mozilla/5.0 (X11; Linux x86_64) AppleWebKit/537.36 (KHTML, like Gecko) Chrome/85.0.4183.102 Safari/537.36
Upgrade-Insecure-Requests:1
",cf83e1357eefb8bdf1542850d66d8007d620e4050b5715dc83f4a921d36ce9ce47d0d13c5d85f2b0ff8318d2877eec2f63b931bd47417a81a538327af927da3e,"Keep-Alive:timeout=5, max=39
Server:Apache/2.4.38 (Debian)
Connection:Keep-Alive
Date:Mon, 11 May 2026 23:02:16 GMT
Cache-Control:max-age=0,must-revalidate,private
Content-Encoding:gzip
Vary:Accept-Encoding
Content-Length:1415
X-Powered-By:PHP/7.1.33
Content-Type:text/html; charset=UTF-8
",3bf20e2787343ad3f680e3ef7e6651b0f7ce4c71c107adde6e2752c108182350c2e7f62596a3beeed951dd8b06d43f35d49ea8191604413d1be65dd608d26670,200
http://web/index.php?signin=1&action=forgot,POST,"Origin:http://web
Accept:text/html,application/xhtml+xml,application/xml;q=0.9,image/avif,image/webp,image/apng,*/*;q=0.8,application/signed-exchange;v=b3;q=0.9
User-Agent:Mozilla/5.0 (X11; Linux x86_64) AppleWebKit/537.36 (KHTML, like Gecko) Chrome/85.0.4183.102 Safari/537.36
Referer:http://web/?post=.empty
Upgrade-Insecure-Requests:1
Content-Type:multipart/form-data; boundary=----WebKitFormBoundarykzKyEqWBCV8xFMI5
",3d4eb767e9d5027442f6dfbcc4349a9be1034b37f432d5adbb09f4ade67d4710d3afb4b1f3bb24f3684353ea02a60a56853a021248f558f3c8711266d3bbfc59,"Keep-Alive:timeout=5, max=2
Server:Apache/2.4.38 (Debian)
Connection:Keep-Alive
Date:Mon, 11 May 2026 23:03:10 GMT
Cache-Control:max-age=0,must-revalidate,private
Content-Encoding:gzip
Vary:Accept-Encoding
Content-Length:1413
X-Powered-By:PHP/7.1.33
Content-Type:text/html; charset=UTF-8
",1de82c895a82fefb53c066b835fb5772395ca29efc351c57beeba28cc00f15fe781ba3bcc54e4fba687b4e7685db90adf45dad1bfcc5823c00f558ab870f1b98,200
http://web/,GET,"Accept:text/html,application/xhtml+xml,application/xml;q=0.9,image/avif,image/webp,image/apng,*/*;q=0.8,application/signed-exchange;v=b3;q=0.9
User-Agent:Mozilla/5.0 (X11; Linux x86_64) AppleWebKit/537.36 (KHTML, like Gecko) Chrome/85.0.4183.102 Safari/537.36
Upgrade-Insecure-Requests:1
",cf83e1357eefb8bdf1542850d66d8007d620e4050b5715dc83f4a921d36ce9ce47d0d13c5d85f2b0ff8318d2877eec2f63b931bd47417a81a538327af927da3e,"Keep-Alive:timeout=5, max=92
Server:Apache/2.4.38 (Debian)
Connection:Keep-Alive
Date:Mon, 11 May 2026 23:01:07 GMT
Cache-Control:max-age=0,must-revalidate,private
Content-Encoding:gzip
Vary:Accept-Encoding
Content-Length:1416
X-Powered-By:PHP/7.1.33
Content-Type:text/html; charset=UTF-8
",819b14b2f3763d13a4fcc9d8349ff676e851338b8f9beba890787a8f68c74038a623c44e55c1ddc969ff1212fa1f3f81b53ea70bff899d4db1e78a0af37d9c6e,200
http://web/?post=.empty,POST,"Origin:http://web
Accept:text/html,application/xhtml+xml,application/xml;q=0.9,image/avif,image/webp,image/apng,*/*;q=0.8,application/signed-exchange;v=b3;q=0.9
User-Agent:Mozilla/5.0 (X11; Linux x86_64) AppleWebKit/537.36 (KHTML, like Gecko) Chrome/85.0.4183.102 Safari/537.36
Referer:http://web/
Upgrade-Insecure-Requests:1
Content-Type:multipart/form-data; boundary=----WebKitFormBoundaryFoV6wGEcfQG8qUP6
",48a9c35ee4acca348a33eb413a4cd293ab47f7d4822c5a716b826819ceed7bd07ce2d40691668910b5e02281305c073658229426f6318c803c9083649e5c7dc0,"Keep-Alive:timeout=5, max=91
Server:Apache/2.4.38 (Debian)
Connection:Keep-Alive
Date:Mon, 11 May 2026 23:01:08 GMT
Cache-Control:max-age=0,must-revalidate,private
Content-Encoding:gzip
Vary:Accept-Encoding
Content-Length:1415
X-Powered-By:PHP/7.1.33
Content-Type:text/html; charset=UTF-8
",e9cf91691d1f492e7b17272b1b2aa0d7b6c30b993cf8802fc02488910ca83f8cc9a4ba2112e8bd76d93148bba69d80c651750e14e189de40569a0bd53e2f7f8f,200
http://web/,GET,"Accept:text/html,application/xhtml+xml,application/xml;q=0.9,image/avif,image/webp,image/apng,*/*;q=0.8,application/signed-exchange;v=b3;q=0.9
User-Agent:Mozilla/5.0 (X11; Linux x86_64) AppleWebKit/537.36 (KHTML, like Gecko) Chrome/85.0.4183.102 Safari/537.36
Upgrade-Insecure-Requests:1
",cf83e1357eefb8bdf1542850d66d8007d620e4050b5715dc83f4a921d36ce9ce47d0d13c5d85f2b0ff8318d2877eec2f63b931bd47417a81a538327af927da3e,"Keep-Alive:timeout=5, max=89
Server:Apache/2.4.38 (Debian)
Connection:Keep-Alive
Date:Mon, 11 May 2026 23:03:39 GMT
Cache-Control:max-age=0,must-revalidate,private
Content-Encoding:gzip
Vary:Accept-Encoding
Content-Length:1415
X-Powered-By:PHP/7.1.33
Content-Type:text/html; charset=UTF-8
",d3cd3a494135886089a8c4e25f63f79c9be2a0dd0dde0e952880e5c2598aa374b2a31d986035830c8893f8c69eee95f622be726a7d10be84409e2318072faca1,200
