url,method,req_headers,req_hash,resp_headers,resp_hash,status
http://web/users/login.php,GET,"Cookie:PHPSESSID=m9o391rld7ca71c4egotsbtel7
Accept:text/html,application/xhtml+xml,application/xml;q=0.9,image/avif,image/webp,image/apng,*/*;q=0.8,application/signed-exchange;v=b3;q=0.9
User-Agent:Mozilla/5.0 (X11; Linux x86_64) AppleWebKit/537.36 (KHTML, like Gecko) Chrome/85.0.4183.102 Safari/537.36
Referer:http://web/calendar.php
Upgrade-Insecure-Requests:1
",cf83e1357eefb8bdf1542850d66d8007d620e4050b5715dc83f4a921d36ce9ce47d0d13c5d85f2b0ff8318d2877eec2f63b931bd47417a81a538327af927da3e,"Keep-Alive:timeout=5, max=3
Server:Apache/2.4.7 (Ubuntu)
Connection:Keep-Alive
Pragma:no-cache
Date:Mon, 11 May 2026 20:20:34 GMT
Cache-Control:no-store, no-cache, must-revalidate, post-check=0, pre-check=0
Content-Encoding:gzip
Vary:Accept-Encoding
Expires:Thu, 19 Nov 1981 08:52:00 GMT
Content-Length:977
X-Powered-By:PHP/5.5.9-1ubuntu4.29
Content-Type:text/html
",d15bce747aa486e0e908b1d24274cc70f783caf3c7ebdbacaaed3d2a7f9103f2fe2263ac7b76e6f56e2a6b7d1d6f103718c627efdcc75ee61c90c944f1d3373e,200
http://web/upload/toga/togas.128_128.jpg,GET,"Cookie:PHPSESSID=m9o391rld7ca71c4egotsbtel7
Accept:image/avif,image/webp,image/apng,image/*,*/*;q=0.8
User-Agent:Mozilla/5.0 (X11; Linux x86_64) AppleWebKit/537.36 (KHTML, like Gecko) Chrome/85.0.4183.102 Safari/537.36
Referer:http://web/pictures/recent.php
",cf83e1357eefb8bdf1542850d66d8007d620e4050b5715dc83f4a921d36ce9ce47d0d13c5d85f2b0ff8318d2877eec2f63b931bd47417a81a538327af927da3e,"Server:Apache/2.4.7 (Ubuntu)
Last-Modified:Thu, 02 Feb 2017 22:24:09 GMT
Date:Mon, 11 May 2026 20:18:01 GMT
Accept-Ranges:bytes
ETag:""3ead-547939fb8b440""
Content-Length:16045
Content-Type:image/jpeg
",705372a26505ff43e9523cc12732de0b4ac071ab4c1ae439d67b834552468f58efbfc0a701ef3e00c2c1986f08c806b867152e9aa8ef769f3c270341d30775d9,200
http://web/css/blueprint/screen.css,GET,"Cookie:PHPSESSID=m9o391rld7ca71c4egotsbtel7
Accept:text/css,*/*;q=0.1
User-Agent:Mozilla/5.0 (X11; Linux x86_64) AppleWebKit/537.36 (KHTML, like Gecko) Chrome/85.0.4183.102 Safari/537.36
Referer:http://web/users/register.php
",cf83e1357eefb8bdf1542850d66d8007d620e4050b5715dc83f4a921d36ce9ce47d0d13c5d85f2b0ff8318d2877eec2f63b931bd47417a81a538327af927da3e,"Server:Apache/2.4.7 (Ubuntu)
Last-Modified:Thu, 02 Feb 2017 22:24:09 GMT
Date:Mon, 11 May 2026 20:17:50 GMT
Accept-Ranges:bytes
ETag:""24c7-547939fb8b440-gzip""
Content-Encoding:gzip
Vary:Accept-Encoding
Content-Length:2682
Content-Type:text/css
",c0995dbb8c323ef465d8cc5d7b640b1a5435beb529b0c6e55594b1c0f3db66e859d23f70cfe8d93285234e722d677fca7c8887bee81a636881b2f91f221f976e,200
http://web/guestbook.php,GET,"Cookie:PHPSESSID=m9o391rld7ca71c4egotsbtel7
Accept:text/html,application/xhtml+xml,application/xml;q=0.9,image/avif,image/webp,image/apng,*/*;q=0.8,application/signed-exchange;v=b3;q=0.9
User-Agent:Mozilla/5.0 (X11; Linux x86_64) AppleWebKit/537.36 (KHTML, like Gecko) Chrome/85.0.4183.102 Safari/537.36
Referer:http://web/
Upgrade-Insecure-Requests:1
",cf83e1357eefb8bdf1542850d66d8007d620e4050b5715dc83f4a921d36ce9ce47d0d13c5d85f2b0ff8318d2877eec2f63b931bd47417a81a538327af927da3e,"Keep-Alive:timeout=5, max=92
Server:Apache/2.4.7 (Ubuntu)
Connection:Keep-Alive
Pragma:no-cache
Date:Mon, 11 May 2026 20:18:08 GMT
Cache-Control:no-store, no-cache, must-revalidate, post-check=0, pre-check=0
Content-Encoding:gzip
Vary:Accept-Encoding
Expires:Thu, 19 Nov 1981 08:52:00 GMT
Content-Length:1000
X-Powered-By:PHP/5.5.9-1ubuntu4.29
Content-Type:text/html
",8692d2d422aa41fb07680101b8cac02327b374c387db0ba74fb701375cdb4421c6cba20964fb1c73e595559c917dd18638fbb2a536711649489e5097664e47ac,200
http://web/upload/toga/togas.128_128.jpg,GET,"Cookie:PHPSESSID=m9o391rld7ca71c4egotsbtel7
Accept:image/avif,image/webp,image/apng,image/*,*/*;q=0.8
User-Agent:Mozilla/5.0 (X11; Linux x86_64) AppleWebKit/537.36 (KHTML, like Gecko) Chrome/85.0.4183.102 Safari/537.36
Referer:http://web/pictures/recent.php
",cf83e1357eefb8bdf1542850d66d8007d620e4050b5715dc83f4a921d36ce9ce47d0d13c5d85f2b0ff8318d2877eec2f63b931bd47417a81a538327af927da3e,"Keep-Alive:timeout=5, max=99
Server:Apache/2.4.7 (Ubuntu)
Connection:Keep-Alive
Last-Modified:Thu, 02 Feb 2017 22:24:09 GMT
Date:Mon, 11 May 2026 20:18:01 GMT
Accept-Ranges:bytes
ETag:""3ead-547939fb8b440""
Content-Length:16045
Content-Type:image/jpeg
",705372a26505ff43e9523cc12732de0b4ac071ab4c1ae439d67b834552468f58efbfc0a701ef3e00c2c1986f08c806b867152e9aa8ef769f3c270341d30775d9,200
http://web/,GET,"Cookie:PHPSESSID=m9o391rld7ca71c4egotsbtel7
Accept:text/html,application/xhtml+xml,application/xml;q=0.9,image/avif,image/webp,image/apng,*/*;q=0.8,application/signed-exchange;v=b3;q=0.9
User-Agent:Mozilla/5.0 (X11; Linux x86_64) AppleWebKit/537.36 (KHTML, like Gecko) Chrome/85.0.4183.102 Safari/537.36
Upgrade-Insecure-Requests:1
",cf83e1357eefb8bdf1542850d66d8007d620e4050b5715dc83f4a921d36ce9ce47d0d13c5d85f2b0ff8318d2877eec2f63b931bd47417a81a538327af927da3e,"Keep-Alive:timeout=5, max=95
Server:Apache/2.4.7 (Ubuntu)
Connection:Keep-Alive
Pragma:no-cache
Date:Mon, 11 May 2026 20:17:52 GMT
Cache-Control:no-store, no-cache, must-revalidate, post-check=0, pre-check=0
Content-Encoding:gzip
Vary:Accept-Encoding
Expires:Thu, 19 Nov 1981 08:52:00 GMT
Content-Length:1284
X-Powered-By:PHP/5.5.9-1ubuntu4.29
Content-Type:text/html
",7152216a409c77c2b859906c07dbe9098116723a97999c20c6f8153054cdc7fa06c7f962204c36314da2b635380c4b05dc5d924ac5eceab794cfe287c683d566,200
http://web/calendar.php?date=1778617321,GET,"Cookie:PHPSESSID=m9o391rld7ca71c4egotsbtel7
Accept:text/html,application/xhtml+xml,application/xml;q=0.9,image/avif,image/webp,image/apng,*/*;q=0.8,application/signed-exchange;v=b3;q=0.9
User-Agent:Mozilla/5.0 (X11; Linux x86_64) AppleWebKit/537.36 (KHTML, like Gecko) Chrome/85.0.4183.102 Safari/537.36
Referer:http://web/calendar.php
Upgrade-Insecure-Requests:1
",cf83e1357eefb8bdf1542850d66d8007d620e4050b5715dc83f4a921d36ce9ce47d0d13c5d85f2b0ff8318d2877eec2f63b931bd47417a81a538327af927da3e,"Keep-Alive:timeout=5, max=88
Server:Apache/2.4.7 (Ubuntu)
Connection:Keep-Alive
Pragma:no-cache
Date:Mon, 11 May 2026 20:22:01 GMT
Cache-Control:no-store, no-cache, must-revalidate, post-check=0, pre-check=0
Content-Encoding:gzip
Vary:Accept-Encoding
Expires:Thu, 19 Nov 1981 08:52:00 GMT
Content-Length:945
X-Powered-By:PHP/5.5.9-1ubuntu4.29
Content-Type:text/html
",8da3068068d079e9a15cbe5301426e097e087bcc6258347dfabc31cec83589c5ab837f1329433dae88927a21626aef593f232322dcd07c1a8aea271c1b37d3ec,200
http://web/css/blueprint/print.css,GET,"Cookie:PHPSESSID=m9o391rld7ca71c4egotsbtel7
Accept:text/css,*/*;q=0.1
User-Agent:Mozilla/5.0 (X11; Linux x86_64) AppleWebKit/537.36 (KHTML, like Gecko) Chrome/85.0.4183.102 Safari/537.36
Referer:http://web/
",cf83e1357eefb8bdf1542850d66d8007d620e4050b5715dc83f4a921d36ce9ce47d0d13c5d85f2b0ff8318d2877eec2f63b931bd47417a81a538327af927da3e,"Keep-Alive:timeout=5, max=100
Server:Apache/2.4.7 (Ubuntu)
Connection:Keep-Alive
Last-Modified:Thu, 02 Feb 2017 22:24:09 GMT
Date:Mon, 11 May 2026 20:17:50 GMT
Accept-Ranges:bytes
ETag:""52d-547939fb8b440-gzip""
Content-Encoding:gzip
Vary:Accept-Encoding
Content-Length:674
Content-Type:text/css
",382bc7f4ad396de8dacb65598554ab8e1fe76b268c9b97e377be5fe694d07688463ac138e683332f401b64a7a2e8418a2a9f7f9d96e548ee8581d228368f7524,200
http://web/,GET,"Cookie:PHPSESSID=m9o391rld7ca71c4egotsbtel7
Accept:text/html,application/xhtml+xml,application/xml;q=0.9,image/avif,image/webp,image/apng,*/*;q=0.8,application/signed-exchange;v=b3;q=0.9
User-Agent:Mozilla/5.0 (X11; Linux x86_64) AppleWebKit/537.36 (KHTML, like Gecko) Chrome/85.0.4183.102 Safari/537.36
Upgrade-Insecure-Requests:1
",cf83e1357eefb8bdf1542850d66d8007d620e4050b5715dc83f4a921d36ce9ce47d0d13c5d85f2b0ff8318d2877eec2f63b931bd47417a81a538327af927da3e,"Keep-Alive:timeout=5, max=27
Server:Apache/2.4.7 (Ubuntu)
Connection:Keep-Alive
Pragma:no-cache
Date:Mon, 11 May 2026 20:22:44 GMT
Cache-Control:no-store, no-cache, must-revalidate, post-check=0, pre-check=0
Content-Encoding:gzip
Vary:Accept-Encoding
Expires:Thu, 19 Nov 1981 08:52:00 GMT
Content-Length:1283
X-Powered-By:PHP/5.5.9-1ubuntu4.29
Content-Type:text/html
",0f1a56aeecc28b60bd95a238e3556ec1e6714af72fd3a0cca316f6a7c1628c1d4edef018b34e9c2be8accc450d334d3a087fc3d73baaf52381b1befbe1136e75,200
http://web/css/blueprint/print.css,GET,"Cookie:PHPSESSID=m9o391rld7ca71c4egotsbtel7
Accept:text/css,*/*;q=0.1
User-Agent:Mozilla/5.0 (X11; Linux x86_64) AppleWebKit/537.36 (KHTML, like Gecko) Chrome/85.0.4183.102 Safari/537.36
Referer:http://web/users/login.php
",cf83e1357eefb8bdf1542850d66d8007d620e4050b5715dc83f4a921d36ce9ce47d0d13c5d85f2b0ff8318d2877eec2f63b931bd47417a81a538327af927da3e,"Server:Apache/2.4.7 (Ubuntu)
Last-Modified:Thu, 02 Feb 2017 22:24:09 GMT
Date:Mon, 11 May 2026 20:17:50 GMT
Accept-Ranges:bytes
ETag:""52d-547939fb8b440-gzip""
Content-Encoding:gzip
Vary:Accept-Encoding
Content-Length:674
Content-Type:text/css
",382bc7f4ad396de8dacb65598554ab8e1fe76b268c9b97e377be5fe694d07688463ac138e683332f401b64a7a2e8418a2a9f7f9d96e548ee8581d228368f7524,200
http://web/,GET,"Cookie:PHPSESSID=m9o391rld7ca71c4egotsbtel7
Accept:text/html,application/xhtml+xml,application/xml;q=0.9,image/avif,image/webp,image/apng,*/*;q=0.8,application/signed-exchange;v=b3;q=0.9
User-Agent:Mozilla/5.0 (X11; Linux x86_64) AppleWebKit/537.36 (KHTML, like Gecko) Chrome/85.0.4183.102 Safari/537.36
Upgrade-Insecure-Requests:1
",cf83e1357eefb8bdf1542850d66d8007d620e4050b5715dc83f4a921d36ce9ce47d0d13c5d85f2b0ff8318d2877eec2f63b931bd47417a81a538327af927da3e,"Keep-Alive:timeout=5, max=2
Server:Apache/2.4.7 (Ubuntu)
Connection:Keep-Alive
Pragma:no-cache
Date:Mon, 11 May 2026 20:20:35 GMT
Cache-Control:no-store, no-cache, must-revalidate, post-check=0, pre-check=0
Content-Encoding:gzip
Vary:Accept-Encoding
Expires:Thu, 19 Nov 1981 08:52:00 GMT
Content-Length:1283
X-Powered-By:PHP/5.5.9-1ubuntu4.29
Content-Type:text/html
",9530fac506ab3364c15f30ed1570fd764577c6f56e1d36019b7859a8864fbcee3cbaae86a1cfbeb6263c443a9e09068087008e004ad0f9e01921c95a3414a5fb,200
http://web/passcheck.php,GET,"Cookie:PHPSESSID=m9o391rld7ca71c4egotsbtel7
Accept:text/html,application/xhtml+xml,application/xml;q=0.9,image/avif,image/webp,image/apng,*/*;q=0.8,application/signed-exchange;v=b3;q=0.9
User-Agent:Mozilla/5.0 (X11; Linux x86_64) AppleWebKit/537.36 (KHTML, like Gecko) Chrome/85.0.4183.102 Safari/537.36
Referer:http://web/users/register.php
Upgrade-Insecure-Requests:1
",cf83e1357eefb8bdf1542850d66d8007d620e4050b5715dc83f4a921d36ce9ce47d0d13c5d85f2b0ff8318d2877eec2f63b931bd47417a81a538327af927da3e,"Keep-Alive:timeout=5, max=76
Server:Apache/2.4.7 (Ubuntu)
Connection:Keep-Alive
Pragma:no-cache
Date:Mon, 11 May 2026 20:20:56 GMT
Cache-Control:no-store, no-cache, must-revalidate, post-check=0, pre-check=0
Content-Encoding:gzip
Vary:Accept-Encoding
Expires:Thu, 19 Nov 1981 08:52:00 GMT
Content-Length:928
X-Powered-By:PHP/5.5.9-1ubuntu4.29
Content-Type:text/html
",609fd8d7b54eb5379c2fab063727458e06adc12663c98a3e11ada13630bed398800efdfcccbd99f77d0c235b6a5fdbab59ed217024e249b190e7a8d414643491,200
http://web/calendar.php?date=1778617307,GET,"Cookie:PHPSESSID=m9o391rld7ca71c4egotsbtel7
Accept:text/html,application/xhtml+xml,application/xml;q=0.9,image/avif,image/webp,image/apng,*/*;q=0.8,application/signed-exchange;v=b3;q=0.9
User-Agent:Mozilla/5.0 (X11; Linux x86_64) AppleWebKit/537.36 (KHTML, like Gecko) Chrome/85.0.4183.102 Safari/537.36
Referer:http://web/calendar.php
Upgrade-Insecure-Requests:1
",cf83e1357eefb8bdf1542850d66d8007d620e4050b5715dc83f4a921d36ce9ce47d0d13c5d85f2b0ff8318d2877eec2f63b931bd47417a81a538327af927da3e,"Keep-Alive:timeout=5, max=8
Server:Apache/2.4.7 (Ubuntu)
Connection:Keep-Alive
Pragma:no-cache
Date:Mon, 11 May 2026 20:21:47 GMT
Cache-Control:no-store, no-cache, must-revalidate, post-check=0, pre-check=0
Content-Encoding:gzip
Vary:Accept-Encoding
Expires:Thu, 19 Nov 1981 08:52:00 GMT
Content-Length:942
X-Powered-By:PHP/5.5.9-1ubuntu4.29
Content-Type:text/html
",872b44206917b6ec0ebfed7477d2ded5903e3950988a31019e0114c30b18b7ddd62bd4f42736811137f39e7088f4766afa3fa44a9f9e765f9f997acd30e5e3ab,200
http://web/users/login.php,GET,"Cookie:PHPSESSID=m9o391rld7ca71c4egotsbtel7
Accept:text/html,application/xhtml+xml,application/xml;q=0.9,image/avif,image/webp,image/apng,*/*;q=0.8,application/signed-exchange;v=b3;q=0.9
User-Agent:Mozilla/5.0 (X11; Linux x86_64) AppleWebKit/537.36 (KHTML, like Gecko) Chrome/85.0.4183.102 Safari/537.36
Referer:http://web/pictures/recent.php
Upgrade-Insecure-Requests:1
",cf83e1357eefb8bdf1542850d66d8007d620e4050b5715dc83f4a921d36ce9ce47d0d13c5d85f2b0ff8318d2877eec2f63b931bd47417a81a538327af927da3e,"Keep-Alive:timeout=5, max=11
Server:Apache/2.4.7 (Ubuntu)
Connection:Keep-Alive
Pragma:no-cache
Date:Mon, 11 May 2026 20:19:08 GMT
Cache-Control:no-store, no-cache, must-revalidate, post-check=0, pre-check=0
Content-Encoding:gzip
Vary:Accept-Encoding
Expires:Thu, 19 Nov 1981 08:52:00 GMT
Content-Length:976
X-Powered-By:PHP/5.5.9-1ubuntu4.29
Content-Type:text/html
",636bf7c084271b23f2f1056586ff3eae8c87c6efda93e290c8d70bfdbc606c8ce96da0b5ef75ae1225ecb9cfbaf7adc5b4f2c57d381948249aca933decc7a26f,200
http://web/admin/index.php?page=login,GET,"Cookie:PHPSESSID=m9o391rld7ca71c4egotsbtel7
Accept:text/html,application/xhtml+xml,application/xml;q=0.9,image/avif,image/webp,image/apng,*/*;q=0.8,application/signed-exchange;v=b3;q=0.9
User-Agent:Mozilla/5.0 (X11; Linux x86_64) AppleWebKit/537.36 (KHTML, like Gecko) Chrome/85.0.4183.102 Safari/537.36
Referer:http://web/users/register.php
Upgrade-Insecure-Requests:1
",cf83e1357eefb8bdf1542850d66d8007d620e4050b5715dc83f4a921d36ce9ce47d0d13c5d85f2b0ff8318d2877eec2f63b931bd47417a81a538327af927da3e,"Keep-Alive:timeout=5, max=58
Server:Apache/2.4.7 (Ubuntu)
Connection:Keep-Alive
Pragma:no-cache
Date:Mon, 11 May 2026 20:19:53 GMT
Cache-Control:no-store, no-cache, must-revalidate, post-check=0, pre-check=0
Content-Encoding:gzip
Vary:Accept-Encoding
Expires:Thu, 19 Nov 1981 08:52:00 GMT
Content-Length:215
X-Powered-By:PHP/5.5.9-1ubuntu4.29
Content-Type:text/html
",b9d98b32fdb46a9224b23227b5f40f680a0efff4e620091beb387c9ba904a5a513ffff4d1e8b692ce152be355babb3048cf3c5ce28d9110f71a6586c9091e04c,200
http://web/users/sample.php?userid=1,GET,"Cookie:PHPSESSID=m9o391rld7ca71c4egotsbtel7
Accept:text/html,application/xhtml+xml,application/xml;q=0.9,image/avif,image/webp,image/apng,*/*;q=0.8,application/signed-exchange;v=b3;q=0.9
User-Agent:Mozilla/5.0 (X11; Linux x86_64) AppleWebKit/537.36 (KHTML, like Gecko) Chrome/85.0.4183.102 Safari/537.36
Referer:http://web/
Upgrade-Insecure-Requests:1
",cf83e1357eefb8bdf1542850d66d8007d620e4050b5715dc83f4a921d36ce9ce47d0d13c5d85f2b0ff8318d2877eec2f63b931bd47417a81a538327af927da3e,"Keep-Alive:timeout=5, max=49
Server:Apache/2.4.7 (Ubuntu)
Connection:Keep-Alive
Pragma:no-cache
Date:Mon, 11 May 2026 20:20:01 GMT
Cache-Control:no-store, no-cache, must-revalidate, post-check=0, pre-check=0
Content-Encoding:gzip
Vary:Accept-Encoding
Expires:Thu, 19 Nov 1981 08:52:00 GMT
Content-Length:983
X-Powered-By:PHP/5.5.9-1ubuntu4.29
Content-Type:text/html
",f61b65357059f03ff8c927f8a54a9d29a1bbbdd31259478029b8d1339529bff47b1a70b75a0a50a22e0ef98b488ddf0bcaae79409bbd5129a7aa6765cc444492,200
http://web/users/login.php,GET,"Cookie:PHPSESSID=m9o391rld7ca71c4egotsbtel7
Accept:text/html,application/xhtml+xml,application/xml;q=0.9,image/avif,image/webp,image/apng,*/*;q=0.8,application/signed-exchange;v=b3;q=0.9
User-Agent:Mozilla/5.0 (X11; Linux x86_64) AppleWebKit/537.36 (KHTML, like Gecko) Chrome/85.0.4183.102 Safari/537.36
Referer:http://web/passcheck.php
Upgrade-Insecure-Requests:1
",cf83e1357eefb8bdf1542850d66d8007d620e4050b5715dc83f4a921d36ce9ce47d0d13c5d85f2b0ff8318d2877eec2f63b931bd47417a81a538327af927da3e,"Keep-Alive:timeout=5, max=74
Server:Apache/2.4.7 (Ubuntu)
Connection:Keep-Alive
Pragma:no-cache
Date:Mon, 11 May 2026 20:20:57 GMT
Cache-Control:no-store, no-cache, must-revalidate, post-check=0, pre-check=0
Content-Encoding:gzip
Vary:Accept-Encoding
Expires:Thu, 19 Nov 1981 08:52:00 GMT
Content-Length:976
X-Powered-By:PHP/5.5.9-1ubuntu4.29
Content-Type:text/html
",5a6bd75ea6db282c5972a3127dda29e5ffb119c8cbb2c4ff5283775edd04702cf6f996a9fe91fe8f38694eb537e2ee9edb3bce4e8bf7d3af0add2a4433999458,200
http://web/admin/index.php?page=login,GET,"Cookie:PHPSESSID=m9o391rld7ca71c4egotsbtel7
Accept:text/html,application/xhtml+xml,application/xml;q=0.9,image/avif,image/webp,image/apng,*/*;q=0.8,application/signed-exchange;v=b3;q=0.9
User-Agent:Mozilla/5.0 (X11; Linux x86_64) AppleWebKit/537.36 (KHTML, like Gecko) Chrome/85.0.4183.102 Safari/537.36
Referer:http://web/calendar.php?date=1778703736
Upgrade-Insecure-Requests:1
",cf83e1357eefb8bdf1542850d66d8007d620e4050b5715dc83f4a921d36ce9ce47d0d13c5d85f2b0ff8318d2877eec2f63b931bd47417a81a538327af927da3e,"Keep-Alive:timeout=5, max=65
Server:Apache/2.4.7 (Ubuntu)
Connection:Keep-Alive
Pragma:no-cache
Date:Mon, 11 May 2026 20:22:18 GMT
Cache-Control:no-store, no-cache, must-revalidate, post-check=0, pre-check=0
Content-Encoding:gzip
Vary:Accept-Encoding
Expires:Thu, 19 Nov 1981 08:52:00 GMT
Content-Length:216
X-Powered-By:PHP/5.5.9-1ubuntu4.29
Content-Type:text/html
",9c45c2ef055ccaf239e5f4bf827a40b5b7b06f7aae1e6a46cd3a0045fd01ecbc3a665c7cba40e4162fab2aaaffa2ed04524aebb750f60b8cb50db5902b49a19f,200
http://web/images/menu/menu_tabs.gif,GET,"Cookie:PHPSESSID=m9o391rld7ca71c4egotsbtel7
Accept:image/avif,image/webp,image/apng,image/*,*/*;q=0.8
User-Agent:Mozilla/5.0 (X11; Linux x86_64) AppleWebKit/537.36 (KHTML, like Gecko) Chrome/85.0.4183.102 Safari/537.36
Referer:http://web/css/stylings.css
",cf83e1357eefb8bdf1542850d66d8007d620e4050b5715dc83f4a921d36ce9ce47d0d13c5d85f2b0ff8318d2877eec2f63b931bd47417a81a538327af927da3e,"Keep-Alive:timeout=5, max=97
Server:Apache/2.4.7 (Ubuntu)
Connection:Keep-Alive
Last-Modified:Thu, 02 Feb 2017 22:24:09 GMT
Date:Mon, 11 May 2026 20:17:50 GMT
Accept-Ranges:bytes
ETag:""f78-547939fb8b440""
Content-Length:3960
Content-Type:image/gif
",3eb49ef7e8e7e02a1bff29ac33707f5a473495974c0f3cc1937f03198075c0d2b0aaf7f2937030c43b34c560f19c5c6502345d5af0ac36b7e66d8deea4ef55d4,200
http://web/upload/toga/togasfs.128_128.jpg,GET,"Cookie:PHPSESSID=m9o391rld7ca71c4egotsbtel7
Accept:image/avif,image/webp,image/apng,image/*,*/*;q=0.8
User-Agent:Mozilla/5.0 (X11; Linux x86_64) AppleWebKit/537.36 (KHTML, like Gecko) Chrome/85.0.4183.102 Safari/537.36
Referer:http://web/pictures/recent.php
",cf83e1357eefb8bdf1542850d66d8007d620e4050b5715dc83f4a921d36ce9ce47d0d13c5d85f2b0ff8318d2877eec2f63b931bd47417a81a538327af927da3e,"Keep-Alive:timeout=5, max=100
Server:Apache/2.4.7 (Ubuntu)
Connection:Keep-Alive
Last-Modified:Thu, 02 Feb 2017 22:24:09 GMT
Date:Mon, 11 May 2026 20:18:01 GMT
Accept-Ranges:bytes
ETag:""321f-547939fb8b440""
Content-Length:12831
Content-Type:image/jpeg
",f9e00cc601dc7ed7b36ceb20d99655fbfae55b276341df50cc847ccbc4692a94cd49e6eb38bef9d2fc13a1e4900795b7234110c8ba66bf9a7b7f0d12f264bf16,200
http://web/guestbook.php,GET,"Cookie:PHPSESSID=m9o391rld7ca71c4egotsbtel7
Accept:text/html,application/xhtml+xml,application/xml;q=0.9,image/avif,image/webp,image/apng,*/*;q=0.8,application/signed-exchange;v=b3;q=0.9
User-Agent:Mozilla/5.0 (X11; Linux x86_64) AppleWebKit/537.36 (KHTML, like Gecko) Chrome/85.0.4183.102 Safari/537.36
Referer:http://web/calendar.php
Upgrade-Insecure-Requests:1
",cf83e1357eefb8bdf1542850d66d8007d620e4050b5715dc83f4a921d36ce9ce47d0d13c5d85f2b0ff8318d2877eec2f63b931bd47417a81a538327af927da3e,"Keep-Alive:timeout=5, max=6
Server:Apache/2.4.7 (Ubuntu)
Connection:Keep-Alive
Pragma:no-cache
Date:Mon, 11 May 2026 20:20:32 GMT
Cache-Control:no-store, no-cache, must-revalidate, post-check=0, pre-check=0
Content-Encoding:gzip
Vary:Accept-Encoding
Expires:Thu, 19 Nov 1981 08:52:00 GMT
Content-Length:999
X-Powered-By:PHP/5.5.9-1ubuntu4.29
Content-Type:text/html
",21c268a73122bbfe9c4ab65ae57be159563b356315085a9faf2ba886a1c27c861776ebbf47220f6b3ba8ad810641778ba3c210582ab01b95477e2e5f5915c610,200
http://web/,GET,"Cookie:PHPSESSID=m9o391rld7ca71c4egotsbtel7
Accept:text/html,application/xhtml+xml,application/xml;q=0.9,image/avif,image/webp,image/apng,*/*;q=0.8,application/signed-exchange;v=b3;q=0.9
User-Agent:Mozilla/5.0 (X11; Linux x86_64) AppleWebKit/537.36 (KHTML, like Gecko) Chrome/85.0.4183.102 Safari/537.36
Upgrade-Insecure-Requests:1
",cf83e1357eefb8bdf1542850d66d8007d620e4050b5715dc83f4a921d36ce9ce47d0d13c5d85f2b0ff8318d2877eec2f63b931bd47417a81a538327af927da3e,"Keep-Alive:timeout=5, max=97
Server:Apache/2.4.7 (Ubuntu)
Connection:Keep-Alive
Pragma:no-cache
Date:Mon, 11 May 2026 20:19:19 GMT
Cache-Control:no-store, no-cache, must-revalidate, post-check=0, pre-check=0
Content-Encoding:gzip
Vary:Accept-Encoding
Expires:Thu, 19 Nov 1981 08:52:00 GMT
Content-Length:1284
X-Powered-By:PHP/5.5.9-1ubuntu4.29
Content-Type:text/html
",7851fd9a8b89f865ec0e371d6380449801fc5cce91ddaba93c02e1566df7347c2095ba546c3294b66f0f755a234d1089fcc5f41a2c1dd410c2c861a4c17e1295,200
http://web/calendar.php,GET,"Cookie:PHPSESSID=m9o391rld7ca71c4egotsbtel7
Accept:text/html,application/xhtml+xml,application/xml;q=0.9,image/avif,image/webp,image/apng,*/*;q=0.8,application/signed-exchange;v=b3;q=0.9
User-Agent:Mozilla/5.0 (X11; Linux x86_64) AppleWebKit/537.36 (KHTML, like Gecko) Chrome/85.0.4183.102 Safari/537.36
Referer:http://web/
Upgrade-Insecure-Requests:1
",cf83e1357eefb8bdf1542850d66d8007d620e4050b5715dc83f4a921d36ce9ce47d0d13c5d85f2b0ff8318d2877eec2f63b931bd47417a81a538327af927da3e,"Keep-Alive:timeout=5, max=51
Server:Apache/2.4.7 (Ubuntu)
Connection:Keep-Alive
Pragma:no-cache
Date:Mon, 11 May 2026 20:22:28 GMT
Cache-Control:no-store, no-cache, must-revalidate, post-check=0, pre-check=0
Content-Encoding:gzip
Vary:Accept-Encoding
Expires:Thu, 19 Nov 1981 08:52:00 GMT
Content-Length:944
X-Powered-By:PHP/5.5.9-1ubuntu4.29
Content-Type:text/html
",d65893f23a389e6488e54ef1d547876dfa07d884d7ab766681f5044968d0865fc87bec3a9b20622c61fe40ab7689334da19ff99e8bcc336ab60589deb1edf1ba,200
http://web/passcheck.php,GET,"Cookie:PHPSESSID=m9o391rld7ca71c4egotsbtel7
Accept:text/html,application/xhtml+xml,application/xml;q=0.9,image/avif,image/webp,image/apng,*/*;q=0.8,application/signed-exchange;v=b3;q=0.9
User-Agent:Mozilla/5.0 (X11; Linux x86_64) AppleWebKit/537.36 (KHTML, like Gecko) Chrome/85.0.4183.102 Safari/537.36
Referer:http://web/users/register.php
Upgrade-Insecure-Requests:1
",cf83e1357eefb8bdf1542850d66d8007d620e4050b5715dc83f4a921d36ce9ce47d0d13c5d85f2b0ff8318d2877eec2f63b931bd47417a81a538327af927da3e,"Keep-Alive:timeout=5, max=63
Server:Apache/2.4.7 (Ubuntu)
Connection:Keep-Alive
Pragma:no-cache
Date:Mon, 11 May 2026 20:21:06 GMT
Cache-Control:no-store, no-cache, must-revalidate, post-check=0, pre-check=0
Content-Encoding:gzip
Vary:Accept-Encoding
Expires:Thu, 19 Nov 1981 08:52:00 GMT
Content-Length:928
X-Powered-By:PHP/5.5.9-1ubuntu4.29
Content-Type:text/html
",776445227713e5892170d3217a3b3564e61cd386e771c747e140639ff8fdb5d6b16c496d4aac71a59193b4bfa71eba4d580e404aa54583f0f4e7e61580967ac0,200
http://web/pictures/recent.php,GET,"Cookie:PHPSESSID=m9o391rld7ca71c4egotsbtel7
Accept:text/html,application/xhtml+xml,application/xml;q=0.9,image/avif,image/webp,image/apng,*/*;q=0.8,application/signed-exchange;v=b3;q=0.9
User-Agent:Mozilla/5.0 (X11; Linux x86_64) AppleWebKit/537.36 (KHTML, like Gecko) Chrome/85.0.4183.102 Safari/537.36
Referer:http://web/calendar.php?date=1778617288
Upgrade-Insecure-Requests:1
",cf83e1357eefb8bdf1542850d66d8007d620e4050b5715dc83f4a921d36ce9ce47d0d13c5d85f2b0ff8318d2877eec2f63b931bd47417a81a538327af927da3e,"Keep-Alive:timeout=5, max=32
Server:Apache/2.4.7 (Ubuntu)
Connection:Keep-Alive
Pragma:no-cache
Date:Mon, 11 May 2026 20:21:29 GMT
Cache-Control:no-store, no-cache, must-revalidate, post-check=0, pre-check=0
Content-Encoding:gzip
Vary:Accept-Encoding
Expires:Thu, 19 Nov 1981 08:52:00 GMT
Content-Length:1088
X-Powered-By:PHP/5.5.9-1ubuntu4.29
Content-Type:text/html
",d2e13fb2e750134a5cf0000e3bcc03fcfc93214181fdcb2806780c401389991c1e6a8cb50ad3c459f28f1bb6e2247e1976fbc262022a08a5d10815991125084b,200
http://web/,GET,"Cookie:PHPSESSID=m9o391rld7ca71c4egotsbtel7
Accept:text/html,application/xhtml+xml,application/xml;q=0.9,image/avif,image/webp,image/apng,*/*;q=0.8,application/signed-exchange;v=b3;q=0.9
User-Agent:Mozilla/5.0 (X11; Linux x86_64) AppleWebKit/537.36 (KHTML, like Gecko) Chrome/85.0.4183.102 Safari/537.36
Upgrade-Insecure-Requests:1
",cf83e1357eefb8bdf1542850d66d8007d620e4050b5715dc83f4a921d36ce9ce47d0d13c5d85f2b0ff8318d2877eec2f63b931bd47417a81a538327af927da3e,"Keep-Alive:timeout=5, max=93
Server:Apache/2.4.7 (Ubuntu)
Connection:Keep-Alive
Pragma:no-cache
Date:Mon, 11 May 2026 20:19:23 GMT
Cache-Control:no-store, no-cache, must-revalidate, post-check=0, pre-check=0
Content-Encoding:gzip
Vary:Accept-Encoding
Expires:Thu, 19 Nov 1981 08:52:00 GMT
Content-Length:1284
X-Powered-By:PHP/5.5.9-1ubuntu4.29
Content-Type:text/html
",49928f28d97e466e10c1a3129ff8379b52a4543f75f6015887ef06bb456c691673abde979f125df34dcbe91fe3013274e5b4ec73878780df37029b3ebea81abc,200
http://web/calendar.php?date=1778703752,GET,"Cookie:PHPSESSID=m9o391rld7ca71c4egotsbtel7
Accept:text/html,application/xhtml+xml,application/xml;q=0.9,image/avif,image/webp,image/apng,*/*;q=0.8,application/signed-exchange;v=b3;q=0.9
User-Agent:Mozilla/5.0 (X11; Linux x86_64) AppleWebKit/537.36 (KHTML, like Gecko) Chrome/85.0.4183.102 Safari/537.36
Referer:http://web/calendar.php?date=1778617352
Upgrade-Insecure-Requests:1
",cf83e1357eefb8bdf1542850d66d8007d620e4050b5715dc83f4a921d36ce9ce47d0d13c5d85f2b0ff8318d2877eec2f63b931bd47417a81a538327af927da3e,"Keep-Alive:timeout=5, max=42
Server:Apache/2.4.7 (Ubuntu)
Connection:Keep-Alive
Pragma:no-cache
Date:Mon, 11 May 2026 20:22:34 GMT
Cache-Control:no-store, no-cache, must-revalidate, post-check=0, pre-check=0
Content-Encoding:gzip
Vary:Accept-Encoding
Expires:Thu, 19 Nov 1981 08:52:00 GMT
Content-Length:945
X-Powered-By:PHP/5.5.9-1ubuntu4.29
Content-Type:text/html
",a9601fd840f657f7055f2ae62ce206e313c548001f6da920e1268bc23208361040fed38db3b5c76ae909fbdb2c4bd6c109caf815f8ae436a46e359b3c6615654,200
http://web/admin/index.php?page=login,GET,"Cookie:PHPSESSID=m9o391rld7ca71c4egotsbtel7
Accept:text/html,application/xhtml+xml,application/xml;q=0.9,image/avif,image/webp,image/apng,*/*;q=0.8,application/signed-exchange;v=b3;q=0.9
User-Agent:Mozilla/5.0 (X11; Linux x86_64) AppleWebKit/537.36 (KHTML, like Gecko) Chrome/85.0.4183.102 Safari/537.36
Referer:http://web/users/sample.php?userid=1
Upgrade-Insecure-Requests:1
",cf83e1357eefb8bdf1542850d66d8007d620e4050b5715dc83f4a921d36ce9ce47d0d13c5d85f2b0ff8318d2877eec2f63b931bd47417a81a538327af927da3e,"Keep-Alive:timeout=5, max=24
Server:Apache/2.4.7 (Ubuntu)
Connection:Keep-Alive
Pragma:no-cache
Date:Mon, 11 May 2026 20:20:19 GMT
Cache-Control:no-store, no-cache, must-revalidate, post-check=0, pre-check=0
Content-Encoding:gzip
Vary:Accept-Encoding
Expires:Thu, 19 Nov 1981 08:52:00 GMT
Content-Length:216
X-Powered-By:PHP/5.5.9-1ubuntu4.29
Content-Type:text/html
",d4ac0e935372edc5b0d8f915333b7be3889058d3d1db98abb8a3a36e9aa943177fe0bcb2042eb078c833fa1fe158fe329d38f461d3b308020317b57deb307f31,200
http://web/,GET,"Cookie:PHPSESSID=m9o391rld7ca71c4egotsbtel7
Accept:text/html,application/xhtml+xml,application/xml;q=0.9,image/avif,image/webp,image/apng,*/*;q=0.8,application/signed-exchange;v=b3;q=0.9
User-Agent:Mozilla/5.0 (X11; Linux x86_64) AppleWebKit/537.36 (KHTML, like Gecko) Chrome/85.0.4183.102 Safari/537.36
Upgrade-Insecure-Requests:1
",cf83e1357eefb8bdf1542850d66d8007d620e4050b5715dc83f4a921d36ce9ce47d0d13c5d85f2b0ff8318d2877eec2f63b931bd47417a81a538327af927da3e,"Keep-Alive:timeout=5, max=83
Server:Apache/2.4.7 (Ubuntu)
Connection:Keep-Alive
Pragma:no-cache
Date:Mon, 11 May 2026 20:20:51 GMT
Cache-Control:no-store, no-cache, must-revalidate, post-check=0, pre-check=0
Content-Encoding:gzip
Vary:Accept-Encoding
Expires:Thu, 19 Nov 1981 08:52:00 GMT
Content-Length:1284
X-Powered-By:PHP/5.5.9-1ubuntu4.29
Content-Type:text/html
",4000cf99c16f3aeb3fb2ae4d982885c0a9c51072f7cd3676bbc25bd7918e656124ef7a8621e38187b7c952c69afe7089d6db8deb8bed9f4c7cc2eecbc0424920,200
http://web/pictures/view.php?picid=7,GET,"Cookie:PHPSESSID=m9o391rld7ca71c4egotsbtel7
Accept:text/html,application/xhtml+xml,application/xml;q=0.9,image/avif,image/webp,image/apng,*/*;q=0.8,application/signed-exchange;v=b3;q=0.9
User-Agent:Mozilla/5.0 (X11; Linux x86_64) AppleWebKit/537.36 (KHTML, like Gecko) Chrome/85.0.4183.102 Safari/537.36
Referer:http://web/users/sample.php?userid=1
Upgrade-Insecure-Requests:1
",cf83e1357eefb8bdf1542850d66d8007d620e4050b5715dc83f4a921d36ce9ce47d0d13c5d85f2b0ff8318d2877eec2f63b931bd47417a81a538327af927da3e,"Keep-Alive:timeout=5, max=31
Server:Apache/2.4.7 (Ubuntu)
Connection:Keep-Alive
Pragma:no-cache
Date:Mon, 11 May 2026 20:20:14 GMT
Cache-Control:no-store, no-cache, must-revalidate, post-check=0, pre-check=0
Expires:Thu, 19 Nov 1981 08:52:00 GMT
Content-Length:41
X-Powered-By:PHP/5.5.9-1ubuntu4.29
Location:/users/login.php
Content-Type:text/html
",cf83e1357eefb8bdf1542850d66d8007d620e4050b5715dc83f4a921d36ce9ce47d0d13c5d85f2b0ff8318d2877eec2f63b931bd47417a81a538327af927da3e,303
http://web/users/login.php,GET,"Cookie:PHPSESSID=m9o391rld7ca71c4egotsbtel7
Accept:text/html,application/xhtml+xml,application/xml;q=0.9,image/avif,image/webp,image/apng,*/*;q=0.8,application/signed-exchange;v=b3;q=0.9
User-Agent:Mozilla/5.0 (X11; Linux x86_64) AppleWebKit/537.36 (KHTML, like Gecko) Chrome/85.0.4183.102 Safari/537.36
Referer:http://web/users/login.php
Upgrade-Insecure-Requests:1
",cf83e1357eefb8bdf1542850d66d8007d620e4050b5715dc83f4a921d36ce9ce47d0d13c5d85f2b0ff8318d2877eec2f63b931bd47417a81a538327af927da3e,"Keep-Alive:timeout=5, max=87
Server:Apache/2.4.7 (Ubuntu)
Connection:Keep-Alive
Pragma:no-cache
Date:Mon, 11 May 2026 20:17:59 GMT
Cache-Control:no-store, no-cache, must-revalidate, post-check=0, pre-check=0
Content-Encoding:gzip
Vary:Accept-Encoding
Expires:Thu, 19 Nov 1981 08:52:00 GMT
Content-Length:977
X-Powered-By:PHP/5.5.9-1ubuntu4.29
Content-Type:text/html
",e8a00fd5581037662ac36bb443f959a784dc2838751558e39683579d0444aa05f7a84219adc992db30a4292093c4638d35b6e14df92c54a6ed9af110b5bc5449,200
http://web/,GET,"Cookie:PHPSESSID=m9o391rld7ca71c4egotsbtel7
Accept:text/html,application/xhtml+xml,application/xml;q=0.9,image/avif,image/webp,image/apng,*/*;q=0.8,application/signed-exchange;v=b3;q=0.9
User-Agent:Mozilla/5.0 (X11; Linux x86_64) AppleWebKit/537.36 (KHTML, like Gecko) Chrome/85.0.4183.102 Safari/537.36
Upgrade-Insecure-Requests:1
",cf83e1357eefb8bdf1542850d66d8007d620e4050b5715dc83f4a921d36ce9ce47d0d13c5d85f2b0ff8318d2877eec2f63b931bd47417a81a538327af927da3e,"Keep-Alive:timeout=5, max=60
Server:Apache/2.4.7 (Ubuntu)
Connection:Keep-Alive
Pragma:no-cache
Date:Mon, 11 May 2026 20:19:51 GMT
Cache-Control:no-store, no-cache, must-revalidate, post-check=0, pre-check=0
Content-Encoding:gzip
Vary:Accept-Encoding
Expires:Thu, 19 Nov 1981 08:52:00 GMT
Content-Length:1284
X-Powered-By:PHP/5.5.9-1ubuntu4.29
Content-Type:text/html
",ab6294bfda9f2b88433b239f83ef0baa7716e5145e83fd5937f6b21fa5d010ec09b6fa34ce6fcf5d3edab757e18663eeeb809d81b0586b8d2aee38e984366dc4,200
http://web/users/login.php,POST,"Origin:http://web
Cookie:PHPSESSID=m9o391rld7ca71c4egotsbtel7
Accept:text/html,application/xhtml+xml,application/xml;q=0.9,image/avif,image/webp,image/apng,*/*;q=0.8,application/signed-exchange;v=b3;q=0.9
User-Agent:Mozilla/5.0 (X11; Linux x86_64) AppleWebKit/537.36 (KHTML, like Gecko) Chrome/85.0.4183.102 Safari/537.36
Referer:http://web/users/login.php
Upgrade-Insecure-Requests:1
Content-Type:application/x-www-form-urlencoded
",416e949cadb0b8f8674654f12d08a666a872b91f0f18adff2c0160757c0c9269a7a39262ed2aef28fa5c346822ca3393d1d9803dd87aa9a5a57aa99371f5b391,"Keep-Alive:timeout=5, max=60
Server:Apache/2.4.7 (Ubuntu)
Connection:Keep-Alive
Pragma:no-cache
Date:Mon, 11 May 2026 20:18:35 GMT
Cache-Control:no-store, no-cache, must-revalidate, post-check=0, pre-check=0
Content-Encoding:gzip
Vary:Accept-Encoding
Expires:Thu, 19 Nov 1981 08:52:00 GMT
Content-Length:978
X-Powered-By:PHP/5.5.9-1ubuntu4.29
Content-Type:text/html
",6c0402f08fcf10b0de59b7cee4643d14803be46368150e935432b0da59854c5bf677f2b53063b7e3dfac2077d5f1310b7d654811dee49c796f6bcb66f861150c,200
http://web/passcheck.php,GET,"Cookie:PHPSESSID=m9o391rld7ca71c4egotsbtel7
Accept:text/html,application/xhtml+xml,application/xml;q=0.9,image/avif,image/webp,image/apng,*/*;q=0.8,application/signed-exchange;v=b3;q=0.9
User-Agent:Mozilla/5.0 (X11; Linux x86_64) AppleWebKit/537.36 (KHTML, like Gecko) Chrome/85.0.4183.102 Safari/537.36
Referer:http://web/users/register.php
Upgrade-Insecure-Requests:1
",cf83e1357eefb8bdf1542850d66d8007d620e4050b5715dc83f4a921d36ce9ce47d0d13c5d85f2b0ff8318d2877eec2f63b931bd47417a81a538327af927da3e,"Keep-Alive:timeout=5, max=51
Server:Apache/2.4.7 (Ubuntu)
Connection:Keep-Alive
Pragma:no-cache
Date:Mon, 11 May 2026 20:21:16 GMT
Cache-Control:no-store, no-cache, must-revalidate, post-check=0, pre-check=0
Content-Encoding:gzip
Vary:Accept-Encoding
Expires:Thu, 19 Nov 1981 08:52:00 GMT
Content-Length:928
X-Powered-By:PHP/5.5.9-1ubuntu4.29
Content-Type:text/html
",76101bf4ca452ef2439b1821313b994634824cc7775904f6d3559341f27806a08fdaf5bf2c6b55d093e953b165f0e47ba74a64e23d77604f27a298812f6744fb,200
http://web/,GET,"Cookie:PHPSESSID=m9o391rld7ca71c4egotsbtel7
Accept:text/html,application/xhtml+xml,application/xml;q=0.9,image/avif,image/webp,image/apng,*/*;q=0.8,application/signed-exchange;v=b3;q=0.9
User-Agent:Mozilla/5.0 (X11; Linux x86_64) AppleWebKit/537.36 (KHTML, like Gecko) Chrome/85.0.4183.102 Safari/537.36
Upgrade-Insecure-Requests:1
",cf83e1357eefb8bdf1542850d66d8007d620e4050b5715dc83f4a921d36ce9ce47d0d13c5d85f2b0ff8318d2877eec2f63b931bd47417a81a538327af927da3e,"Keep-Alive:timeout=5, max=42
Server:Apache/2.4.7 (Ubuntu)
Connection:Keep-Alive
Pragma:no-cache
Date:Mon, 11 May 2026 20:20:05 GMT
Cache-Control:no-store, no-cache, must-revalidate, post-check=0, pre-check=0
Content-Encoding:gzip
Vary:Accept-Encoding
Expires:Thu, 19 Nov 1981 08:52:00 GMT
Content-Length:1283
X-Powered-By:PHP/5.5.9-1ubuntu4.29
Content-Type:text/html
",2c4ce2c4a1441115b5db42ba2cb98b70fb51a9247046948aeb2aede24a609d012905441816df323f0d0c8998d94bfaf7fee032373f224562b6b5621dbfeb1dd9,200
http://web/users/register.php,GET,"Cookie:PHPSESSID=m9o391rld7ca71c4egotsbtel7
Accept:text/html,application/xhtml+xml,application/xml;q=0.9,image/avif,image/webp,image/apng,*/*;q=0.8,application/signed-exchange;v=b3;q=0.9
User-Agent:Mozilla/5.0 (X11; Linux x86_64) AppleWebKit/537.36 (KHTML, like Gecko) Chrome/85.0.4183.102 Safari/537.36
Referer:http://web/
Upgrade-Insecure-Requests:1
",cf83e1357eefb8bdf1542850d66d8007d620e4050b5715dc83f4a921d36ce9ce47d0d13c5d85f2b0ff8318d2877eec2f63b931bd47417a81a538327af927da3e,"Keep-Alive:timeout=5, max=75
Server:Apache/2.4.7 (Ubuntu)
Connection:Keep-Alive
Pragma:no-cache
Date:Mon, 11 May 2026 20:19:37 GMT
Cache-Control:no-store, no-cache, must-revalidate, post-check=0, pre-check=0
Content-Encoding:gzip
Vary:Accept-Encoding
Expires:Thu, 19 Nov 1981 08:52:00 GMT
Content-Length:1100
X-Powered-By:PHP/5.5.9-1ubuntu4.29
Content-Type:text/html
",d593301a54ba3ab095876494f2817cc0307f61bc348e420a3224eba3842ff5c32cdeb4a4344bebb9c2348758dfb6f71ce25145d589dc73501f51ab96b61f8b55,200
http://web/,GET,"Cookie:PHPSESSID=m9o391rld7ca71c4egotsbtel7
Accept:text/html,application/xhtml+xml,application/xml;q=0.9,image/avif,image/webp,image/apng,*/*;q=0.8,application/signed-exchange;v=b3;q=0.9
User-Agent:Mozilla/5.0 (X11; Linux x86_64) AppleWebKit/537.36 (KHTML, like Gecko) Chrome/85.0.4183.102 Safari/537.36
Upgrade-Insecure-Requests:1
",cf83e1357eefb8bdf1542850d66d8007d620e4050b5715dc83f4a921d36ce9ce47d0d13c5d85f2b0ff8318d2877eec2f63b931bd47417a81a538327af927da3e,"Keep-Alive:timeout=5, max=80
Server:Apache/2.4.7 (Ubuntu)
Connection:Keep-Alive
Pragma:no-cache
Date:Mon, 11 May 2026 20:19:34 GMT
Cache-Control:no-store, no-cache, must-revalidate, post-check=0, pre-check=0
Content-Encoding:gzip
Vary:Accept-Encoding
Expires:Thu, 19 Nov 1981 08:52:00 GMT
Content-Length:1284
X-Powered-By:PHP/5.5.9-1ubuntu4.29
Content-Type:text/html
",1c7b863d7698d5c94f90909bf861cb4658d8d86b38fb7e0e4a37f1512607279ac950cc22ba7cf00b90448d9a5c762a3e3ded6dfcf3e70b588f8ce06f10fb7538,200
http://web/,GET,"Cookie:PHPSESSID=m9o391rld7ca71c4egotsbtel7
Accept:text/html,application/xhtml+xml,application/xml;q=0.9,image/avif,image/webp,image/apng,*/*;q=0.8,application/signed-exchange;v=b3;q=0.9
User-Agent:Mozilla/5.0 (X11; Linux x86_64) AppleWebKit/537.36 (KHTML, like Gecko) Chrome/85.0.4183.102 Safari/537.36
Upgrade-Insecure-Requests:1
",cf83e1357eefb8bdf1542850d66d8007d620e4050b5715dc83f4a921d36ce9ce47d0d13c5d85f2b0ff8318d2877eec2f63b931bd47417a81a538327af927da3e,"Keep-Alive:timeout=5, max=66
Server:Apache/2.4.7 (Ubuntu)
Connection:Keep-Alive
Pragma:no-cache
Date:Mon, 11 May 2026 20:18:31 GMT
Cache-Control:no-store, no-cache, must-revalidate, post-check=0, pre-check=0
Content-Encoding:gzip
Vary:Accept-Encoding
Expires:Thu, 19 Nov 1981 08:52:00 GMT
Content-Length:1285
X-Powered-By:PHP/5.5.9-1ubuntu4.29
Content-Type:text/html
",f3b863ea3bba385f96087de094f976ffd2f1e1e63fdc477479919eccef8a3853a03b3992290d8d747e4eb7179c01359b562f8a0edfff009adf0c4be19dd23702,200
http://web/tos.php,GET,"Cookie:PHPSESSID=m9o391rld7ca71c4egotsbtel7
Accept:text/html,application/xhtml+xml,application/xml;q=0.9,image/avif,image/webp,image/apng,*/*;q=0.8,application/signed-exchange;v=b3;q=0.9
User-Agent:Mozilla/5.0 (X11; Linux x86_64) AppleWebKit/537.36 (KHTML, like Gecko) Chrome/85.0.4183.102 Safari/537.36
Referer:http://web/
Upgrade-Insecure-Requests:1
",cf83e1357eefb8bdf1542850d66d8007d620e4050b5715dc83f4a921d36ce9ce47d0d13c5d85f2b0ff8318d2877eec2f63b931bd47417a81a538327af927da3e,"Keep-Alive:timeout=5, max=88
Server:Apache/2.4.7 (Ubuntu)
Connection:Keep-Alive
Pragma:no-cache
Date:Mon, 11 May 2026 20:20:47 GMT
Cache-Control:no-store, no-cache, must-revalidate, post-check=0, pre-check=0
Content-Encoding:gzip
Vary:Accept-Encoding
Expires:Thu, 19 Nov 1981 08:52:00 GMT
Content-Length:10228
X-Powered-By:PHP/5.5.9-1ubuntu4.29
Content-Type:text/html
",880e00f3642d2ddf032714b98fad29cccb0d590f5ad9ccdc6fdaea37e8ad575ed3779a5e9d71e1fbc03c5a448734e0fd9d74561f28f451dcd6126f6d1c0bd6b2,200
http://web/guestbook.php,GET,"Cookie:PHPSESSID=m9o391rld7ca71c4egotsbtel7
Accept:text/html,application/xhtml+xml,application/xml;q=0.9,image/avif,image/webp,image/apng,*/*;q=0.8,application/signed-exchange;v=b3;q=0.9
User-Agent:Mozilla/5.0 (X11; Linux x86_64) AppleWebKit/537.36 (KHTML, like Gecko) Chrome/85.0.4183.102 Safari/537.36
Referer:http://web/
Upgrade-Insecure-Requests:1
",cf83e1357eefb8bdf1542850d66d8007d620e4050b5715dc83f4a921d36ce9ce47d0d13c5d85f2b0ff8318d2877eec2f63b931bd47417a81a538327af927da3e,"Keep-Alive:timeout=5, max=92
Server:Apache/2.4.7 (Ubuntu)
Connection:Keep-Alive
Pragma:no-cache
Date:Mon, 11 May 2026 20:19:24 GMT
Cache-Control:no-store, no-cache, must-revalidate, post-check=0, pre-check=0
Content-Encoding:gzip
Vary:Accept-Encoding
Expires:Thu, 19 Nov 1981 08:52:00 GMT
Content-Length:999
X-Powered-By:PHP/5.5.9-1ubuntu4.29
Content-Type:text/html
",df57b1e5a66012a4024f7e7dd86438593aef04904d3ac6d9c88c9059a8242fefb7183f7a630257bc45dafe8acc342ce8f88ecdbb7261e32f919c10949a5c4b47,200
http://web/,GET,"Cookie:PHPSESSID=m9o391rld7ca71c4egotsbtel7
Accept:text/html,application/xhtml+xml,application/xml;q=0.9,image/avif,image/webp,image/apng,*/*;q=0.8,application/signed-exchange;v=b3;q=0.9
User-Agent:Mozilla/5.0 (X11; Linux x86_64) AppleWebKit/537.36 (KHTML, like Gecko) Chrome/85.0.4183.102 Safari/537.36
Upgrade-Insecure-Requests:1
",cf83e1357eefb8bdf1542850d66d8007d620e4050b5715dc83f4a921d36ce9ce47d0d13c5d85f2b0ff8318d2877eec2f63b931bd47417a81a538327af927da3e,"Keep-Alive:timeout=5, max=96
Server:Apache/2.4.7 (Ubuntu)
Connection:Keep-Alive
Pragma:no-cache
Date:Mon, 11 May 2026 20:20:41 GMT
Cache-Control:no-store, no-cache, must-revalidate, post-check=0, pre-check=0
Content-Encoding:gzip
Vary:Accept-Encoding
Expires:Thu, 19 Nov 1981 08:52:00 GMT
Content-Length:1284
X-Powered-By:PHP/5.5.9-1ubuntu4.29
Content-Type:text/html
",e557a013cad6dbe97adf61c2b0da7ccbf48ee3ce7e89fda2c751f836d96718c3c2e60a661548bdbfa1f4fef2dd78b1f136a27f9e85fdc85206c03f5ff62c07dc,200
http://web/users/register.php,GET,"Cookie:PHPSESSID=m9o391rld7ca71c4egotsbtel7
Accept:text/html,application/xhtml+xml,application/xml;q=0.9,image/avif,image/webp,image/apng,*/*;q=0.8,application/signed-exchange;v=b3;q=0.9
User-Agent:Mozilla/5.0 (X11; Linux x86_64) AppleWebKit/537.36 (KHTML, like Gecko) Chrome/85.0.4183.102 Safari/537.36
Referer:http://web/
Upgrade-Insecure-Requests:1
",cf83e1357eefb8bdf1542850d66d8007d620e4050b5715dc83f4a921d36ce9ce47d0d13c5d85f2b0ff8318d2877eec2f63b931bd47417a81a538327af927da3e,"Keep-Alive:timeout=5, max=72
Server:Apache/2.4.7 (Ubuntu)
Connection:Keep-Alive
Pragma:no-cache
Date:Mon, 11 May 2026 20:20:59 GMT
Cache-Control:no-store, no-cache, must-revalidate, post-check=0, pre-check=0
Content-Encoding:gzip
Vary:Accept-Encoding
Expires:Thu, 19 Nov 1981 08:52:00 GMT
Content-Length:1100
X-Powered-By:PHP/5.5.9-1ubuntu4.29
Content-Type:text/html
",855f52c0d8c40d23a1a323673b47ccfed4a6d23ad3db6fcab72f467b38b7b6dd6a8e6445ceac69f6f738c4b78a62d543f926241a9125a89fee21ef9f589184cc,200
http://web/guestbook.php,GET,"Cookie:PHPSESSID=m9o391rld7ca71c4egotsbtel7
Accept:text/html,application/xhtml+xml,application/xml;q=0.9,image/avif,image/webp,image/apng,*/*;q=0.8,application/signed-exchange;v=b3;q=0.9
User-Agent:Mozilla/5.0 (X11; Linux x86_64) AppleWebKit/537.36 (KHTML, like Gecko) Chrome/85.0.4183.102 Safari/537.36
Referer:http://web/pictures/recent.php
Upgrade-Insecure-Requests:1
",cf83e1357eefb8bdf1542850d66d8007d620e4050b5715dc83f4a921d36ce9ce47d0d13c5d85f2b0ff8318d2877eec2f63b931bd47417a81a538327af927da3e,"Keep-Alive:timeout=5, max=52
Server:Apache/2.4.7 (Ubuntu)
Connection:Keep-Alive
Pragma:no-cache
Date:Mon, 11 May 2026 20:18:41 GMT
Cache-Control:no-store, no-cache, must-revalidate, post-check=0, pre-check=0
Content-Encoding:gzip
Vary:Accept-Encoding
Expires:Thu, 19 Nov 1981 08:52:00 GMT
Content-Length:999
X-Powered-By:PHP/5.5.9-1ubuntu4.29
Content-Type:text/html
",2004ad56df1207d872919134426d63f53bd0088605f80e5983d8e901b9baa4268b1d8d9a559ce8e774b8383936874f7316a921b60569a8d5500a36f5da87018d,200
http://web/tos.php,GET,"Cookie:PHPSESSID=m9o391rld7ca71c4egotsbtel7
Accept:text/html,application/xhtml+xml,application/xml;q=0.9,image/avif,image/webp,image/apng,*/*;q=0.8,application/signed-exchange;v=b3;q=0.9
User-Agent:Mozilla/5.0 (X11; Linux x86_64) AppleWebKit/537.36 (KHTML, like Gecko) Chrome/85.0.4183.102 Safari/537.36
Referer:http://web/calendar.php
Upgrade-Insecure-Requests:1
",cf83e1357eefb8bdf1542850d66d8007d620e4050b5715dc83f4a921d36ce9ce47d0d13c5d85f2b0ff8318d2877eec2f63b931bd47417a81a538327af927da3e,"Keep-Alive:timeout=5, max=91
Server:Apache/2.4.7 (Ubuntu)
Connection:Keep-Alive
Pragma:no-cache
Date:Mon, 11 May 2026 20:20:45 GMT
Cache-Control:no-store, no-cache, must-revalidate, post-check=0, pre-check=0
Content-Encoding:gzip
Vary:Accept-Encoding
Expires:Thu, 19 Nov 1981 08:52:00 GMT
Content-Length:10227
X-Powered-By:PHP/5.5.9-1ubuntu4.29
Content-Type:text/html
",a7cc9ed96d4ded0e032de7a892a37f98bad3ee199430f44be12dda87d4997d9ca67844ede5bcc928f168630d00b9639628b608ac99e9294fb7fc9028dbc688ec,200
http://web/pictures/recent.php,GET,"Cookie:PHPSESSID=m9o391rld7ca71c4egotsbtel7
Accept:text/html,application/xhtml+xml,application/xml;q=0.9,image/avif,image/webp,image/apng,*/*;q=0.8,application/signed-exchange;v=b3;q=0.9
User-Agent:Mozilla/5.0 (X11; Linux x86_64) AppleWebKit/537.36 (KHTML, like Gecko) Chrome/85.0.4183.102 Safari/537.36
Referer:http://web/
Upgrade-Insecure-Requests:1
",cf83e1357eefb8bdf1542850d66d8007d620e4050b5715dc83f4a921d36ce9ce47d0d13c5d85f2b0ff8318d2877eec2f63b931bd47417a81a538327af927da3e,"Keep-Alive:timeout=5, max=25
Server:Apache/2.4.7 (Ubuntu)
Connection:Keep-Alive
Pragma:no-cache
Date:Mon, 11 May 2026 20:18:59 GMT
Cache-Control:no-store, no-cache, must-revalidate, post-check=0, pre-check=0
Content-Encoding:gzip
Vary:Accept-Encoding
Expires:Thu, 19 Nov 1981 08:52:00 GMT
Content-Length:1087
X-Powered-By:PHP/5.5.9-1ubuntu4.29
Content-Type:text/html
",0eb7674331a88ce3c63edf12ba95abcfd2a713349e0d3474b23a0cc419c4478a024240e5d3a265494f0ab4e70b20b9e116cc03ebf873cdb45389d08432d9bd13,200
http://web/guestbook.php,POST,"Origin:http://web
Cookie:PHPSESSID=m9o391rld7ca71c4egotsbtel7
Accept:text/html,application/xhtml+xml,application/xml;q=0.9,image/avif,image/webp,image/apng,*/*;q=0.8,application/signed-exchange;v=b3;q=0.9
User-Agent:Mozilla/5.0 (X11; Linux x86_64) AppleWebKit/537.36 (KHTML, like Gecko) Chrome/85.0.4183.102 Safari/537.36
Referer:http://web/guestbook.php
Upgrade-Insecure-Requests:1
Content-Type:application/x-www-form-urlencoded
",388821bb2949aa57165bb0accc05a562cf9ae68d9b91c21c01854851054bc190995b9e9bf5539fa31e9bfa6b93f1a491208d36280287e83f35d6fb3ded453d3f,"Keep-Alive:timeout=5, max=81
Server:Apache/2.4.7 (Ubuntu)
Connection:Keep-Alive
Pragma:no-cache
Date:Mon, 11 May 2026 20:19:33 GMT
Cache-Control:no-store, no-cache, must-revalidate, post-check=0, pre-check=0
Content-Encoding:gzip
Vary:Accept-Encoding
Expires:Thu, 19 Nov 1981 08:52:00 GMT
Content-Length:999
X-Powered-By:PHP/5.5.9-1ubuntu4.29
Content-Type:text/html
",7f93eb5f19c2d2af065cba88ac90dd2713537586c84a00ebaaf8bdef16060c4178fd19c972a3e72d1228e507652f1836e5358c2f4ddc594511faed4b07cdc03f,200
http://web/,GET,"Cookie:PHPSESSID=m9o391rld7ca71c4egotsbtel7
Accept:text/html,application/xhtml+xml,application/xml;q=0.9,image/avif,image/webp,image/apng,*/*;q=0.8,application/signed-exchange;v=b3;q=0.9
User-Agent:Mozilla/5.0 (X11; Linux x86_64) AppleWebKit/537.36 (KHTML, like Gecko) Chrome/85.0.4183.102 Safari/537.36
Upgrade-Insecure-Requests:1
",cf83e1357eefb8bdf1542850d66d8007d620e4050b5715dc83f4a921d36ce9ce47d0d13c5d85f2b0ff8318d2877eec2f63b931bd47417a81a538327af927da3e,"Keep-Alive:timeout=5, max=78
Server:Apache/2.4.7 (Ubuntu)
Connection:Keep-Alive
Pragma:no-cache
Date:Mon, 11 May 2026 20:18:20 GMT
Cache-Control:no-store, no-cache, must-revalidate, post-check=0, pre-check=0
Content-Encoding:gzip
Vary:Accept-Encoding
Expires:Thu, 19 Nov 1981 08:52:00 GMT
Content-Length:1283
X-Powered-By:PHP/5.5.9-1ubuntu4.29
Content-Type:text/html
",7514679887c41eccaa0606465bbdd092783d17024fee9eae24878e65cb3d5d3b0b84ab4731090aa1740ca39e50b16b7475ffd867071bf8ff242782d6dea3e14d,200
http://web/calendar.php?date=1778703728,GET,"Cookie:PHPSESSID=m9o391rld7ca71c4egotsbtel7
Accept:text/html,application/xhtml+xml,application/xml;q=0.9,image/avif,image/webp,image/apng,*/*;q=0.8,application/signed-exchange;v=b3;q=0.9
User-Agent:Mozilla/5.0 (X11; Linux x86_64) AppleWebKit/537.36 (KHTML, like Gecko) Chrome/85.0.4183.102 Safari/537.36
Referer:http://web/calendar.php?date=1778617328
Upgrade-Insecure-Requests:1
",cf83e1357eefb8bdf1542850d66d8007d620e4050b5715dc83f4a921d36ce9ce47d0d13c5d85f2b0ff8318d2877eec2f63b931bd47417a81a538327af927da3e,"Keep-Alive:timeout=5, max=77
Server:Apache/2.4.7 (Ubuntu)
Connection:Keep-Alive
Pragma:no-cache
Date:Mon, 11 May 2026 20:22:09 GMT
Cache-Control:no-store, no-cache, must-revalidate, post-check=0, pre-check=0
Content-Encoding:gzip
Vary:Accept-Encoding
Expires:Thu, 19 Nov 1981 08:52:00 GMT
Content-Length:945
X-Powered-By:PHP/5.5.9-1ubuntu4.29
Content-Type:text/html
",a251f7c6405b9267db796195a4c473fc74a306ff35d51b2bf43c50c79998eedb361e7d5b16605469ac6c167b003e1826bdc0558aecea297ae2e5023a2c052c01,200
http://web/,GET,"Cookie:PHPSESSID=m9o391rld7ca71c4egotsbtel7
Accept:text/html,application/xhtml+xml,application/xml;q=0.9,image/avif,image/webp,image/apng,*/*;q=0.8,application/signed-exchange;v=b3;q=0.9
User-Agent:Mozilla/5.0 (X11; Linux x86_64) AppleWebKit/537.36 (KHTML, like Gecko) Chrome/85.0.4183.102 Safari/537.36
Referer:http://web/calendar.php
Upgrade-Insecure-Requests:1
",cf83e1357eefb8bdf1542850d66d8007d620e4050b5715dc83f4a921d36ce9ce47d0d13c5d85f2b0ff8318d2877eec2f63b931bd47417a81a538327af927da3e,"Keep-Alive:timeout=5, max=74
Server:Apache/2.4.7 (Ubuntu)
Connection:Keep-Alive
Pragma:no-cache
Date:Mon, 11 May 2026 20:18:24 GMT
Cache-Control:no-store, no-cache, must-revalidate, post-check=0, pre-check=0
Content-Encoding:gzip
Vary:Accept-Encoding
Expires:Thu, 19 Nov 1981 08:52:00 GMT
Content-Length:1285
X-Powered-By:PHP/5.5.9-1ubuntu4.29
Content-Type:text/html
",6c84cfebecb5802f2165f9c620dc62c14ea432acf5ba1618f45f08a21a6c437d00094fa3fa4a19738636dfcdb28706888c85dbe957128c5730696372003b0550,200
http://web/guestbook.php,GET,"Cookie:PHPSESSID=m9o391rld7ca71c4egotsbtel7
Accept:text/html,application/xhtml+xml,application/xml;q=0.9,image/avif,image/webp,image/apng,*/*;q=0.8,application/signed-exchange;v=b3;q=0.9
User-Agent:Mozilla/5.0 (X11; Linux x86_64) AppleWebKit/537.36 (KHTML, like Gecko) Chrome/85.0.4183.102 Safari/537.36
Referer:http://web/passcheck.php
Upgrade-Insecure-Requests:1
",cf83e1357eefb8bdf1542850d66d8007d620e4050b5715dc83f4a921d36ce9ce47d0d13c5d85f2b0ff8318d2877eec2f63b931bd47417a81a538327af927da3e,"Keep-Alive:timeout=5, max=66
Server:Apache/2.4.7 (Ubuntu)
Connection:Keep-Alive
Pragma:no-cache
Date:Mon, 11 May 2026 20:21:03 GMT
Cache-Control:no-store, no-cache, must-revalidate, post-check=0, pre-check=0
Content-Encoding:gzip
Vary:Accept-Encoding
Expires:Thu, 19 Nov 1981 08:52:00 GMT
Content-Length:998
X-Powered-By:PHP/5.5.9-1ubuntu4.29
Content-Type:text/html
",c1500b72044684b6d6fab742f8a3697bbb64e749de85a99dcc45ab0b801a8aa5575dc774745cfc39cd300c1dd367fa9c75e749a7ba78efe7f58788472755d32d,200
http://web/calendar.php,GET,"Cookie:PHPSESSID=m9o391rld7ca71c4egotsbtel7
Accept:text/html,application/xhtml+xml,application/xml;q=0.9,image/avif,image/webp,image/apng,*/*;q=0.8,application/signed-exchange;v=b3;q=0.9
User-Agent:Mozilla/5.0 (X11; Linux x86_64) AppleWebKit/537.36 (KHTML, like Gecko) Chrome/85.0.4183.102 Safari/537.36
Referer:http://web/
Upgrade-Insecure-Requests:1
",cf83e1357eefb8bdf1542850d66d8007d620e4050b5715dc83f4a921d36ce9ce47d0d13c5d85f2b0ff8318d2877eec2f63b931bd47417a81a538327af927da3e,"Keep-Alive:timeout=5, max=22
Server:Apache/2.4.7 (Ubuntu)
Connection:Keep-Alive
Pragma:no-cache
Date:Mon, 11 May 2026 20:21:37 GMT
Cache-Control:no-store, no-cache, must-revalidate, post-check=0, pre-check=0
Content-Encoding:gzip
Vary:Accept-Encoding
Expires:Thu, 19 Nov 1981 08:52:00 GMT
Content-Length:941
X-Powered-By:PHP/5.5.9-1ubuntu4.29
Content-Type:text/html
",4fa7104cb08cac354e6d8008e1298283ac02b093109fd96a3660789c883f85681e4bff68fdee8a71e96f64139eb271264c5d73a8cf35c48f1821a1acf441e692,200
http://web/users/login.php,GET,"Cookie:PHPSESSID=m9o391rld7ca71c4egotsbtel7
Accept:text/html,application/xhtml+xml,application/xml;q=0.9,image/avif,image/webp,image/apng,*/*;q=0.8,application/signed-exchange;v=b3;q=0.9
User-Agent:Mozilla/5.0 (X11; Linux x86_64) AppleWebKit/537.36 (KHTML, like Gecko) Chrome/85.0.4183.102 Safari/537.36
Referer:http://web/
Upgrade-Insecure-Requests:1
",cf83e1357eefb8bdf1542850d66d8007d620e4050b5715dc83f4a921d36ce9ce47d0d13c5d85f2b0ff8318d2877eec2f63b931bd47417a81a538327af927da3e,"Keep-Alive:timeout=5, max=92
Server:Apache/2.4.7 (Ubuntu)
Connection:Keep-Alive
Pragma:no-cache
Date:Mon, 11 May 2026 20:17:55 GMT
Cache-Control:no-store, no-cache, must-revalidate, post-check=0, pre-check=0
Content-Encoding:gzip
Vary:Accept-Encoding
Expires:Thu, 19 Nov 1981 08:52:00 GMT
Content-Length:976
X-Powered-By:PHP/5.5.9-1ubuntu4.29
Content-Type:text/html
",b38cf0b7941c574b457f78d40cb23acbc01e271ae9cf909d9ab4f45297812fd90530199a20ae3e50db481512b941c8e09eacfc55329ef552168d8f8243537218,200
http://web/,GET,"Cookie:PHPSESSID=m9o391rld7ca71c4egotsbtel7
Accept:text/html,application/xhtml+xml,application/xml;q=0.9,image/avif,image/webp,image/apng,*/*;q=0.8,application/signed-exchange;v=b3;q=0.9
User-Agent:Mozilla/5.0 (X11; Linux x86_64) AppleWebKit/537.36 (KHTML, like Gecko) Chrome/85.0.4183.102 Safari/537.36
Referer:http://web/
Upgrade-Insecure-Requests:1
",cf83e1357eefb8bdf1542850d66d8007d620e4050b5715dc83f4a921d36ce9ce47d0d13c5d85f2b0ff8318d2877eec2f63b931bd47417a81a538327af927da3e,"Keep-Alive:timeout=5, max=94
Server:Apache/2.4.7 (Ubuntu)
Connection:Keep-Alive
Pragma:no-cache
Date:Mon, 11 May 2026 20:17:54 GMT
Cache-Control:no-store, no-cache, must-revalidate, post-check=0, pre-check=0
Content-Encoding:gzip
Vary:Accept-Encoding
Expires:Thu, 19 Nov 1981 08:52:00 GMT
Content-Length:1284
X-Powered-By:PHP/5.5.9-1ubuntu4.29
Content-Type:text/html
",96bf29b94e7af61def8ee8e75627d3dc91606ebeec2570b4c9dcb035d2e8525170635706d9b64da05df25c5a34a4cedf80c4133e237694246992f781e6f12cdb,200
http://web/calendar.php?date=1778617317,GET,"Cookie:PHPSESSID=m9o391rld7ca71c4egotsbtel7
Accept:text/html,application/xhtml+xml,application/xml;q=0.9,image/avif,image/webp,image/apng,*/*;q=0.8,application/signed-exchange;v=b3;q=0.9
User-Agent:Mozilla/5.0 (X11; Linux x86_64) AppleWebKit/537.36 (KHTML, like Gecko) Chrome/85.0.4183.102 Safari/537.36
Referer:http://web/calendar.php
Upgrade-Insecure-Requests:1
",cf83e1357eefb8bdf1542850d66d8007d620e4050b5715dc83f4a921d36ce9ce47d0d13c5d85f2b0ff8318d2877eec2f63b931bd47417a81a538327af927da3e,"Keep-Alive:timeout=5, max=93
Server:Apache/2.4.7 (Ubuntu)
Connection:Keep-Alive
Pragma:no-cache
Date:Mon, 11 May 2026 20:21:58 GMT
Cache-Control:no-store, no-cache, must-revalidate, post-check=0, pre-check=0
Content-Encoding:gzip
Vary:Accept-Encoding
Expires:Thu, 19 Nov 1981 08:52:00 GMT
Content-Length:944
X-Powered-By:PHP/5.5.9-1ubuntu4.29
Content-Type:text/html
",45058ae4df423b053cfa41a095b745607480323a1d5c3fedc1cfb14ad65102a24a61668f0ec2f203a785ab7280697fec98e59369f530c3fc2e1f12377a47b516,200
http://web/users/register.php,GET,"Cookie:PHPSESSID=m9o391rld7ca71c4egotsbtel7
Accept:text/html,application/xhtml+xml,application/xml;q=0.9,image/avif,image/webp,image/apng,*/*;q=0.8,application/signed-exchange;v=b3;q=0.9
User-Agent:Mozilla/5.0 (X11; Linux x86_64) AppleWebKit/537.36 (KHTML, like Gecko) Chrome/85.0.4183.102 Safari/537.36
Referer:http://web/
Upgrade-Insecure-Requests:1
",cf83e1357eefb8bdf1542850d66d8007d620e4050b5715dc83f4a921d36ce9ce47d0d13c5d85f2b0ff8318d2877eec2f63b931bd47417a81a538327af927da3e,"Keep-Alive:timeout=5, max=59
Server:Apache/2.4.7 (Ubuntu)
Connection:Keep-Alive
Pragma:no-cache
Date:Mon, 11 May 2026 20:19:52 GMT
Cache-Control:no-store, no-cache, must-revalidate, post-check=0, pre-check=0
Content-Encoding:gzip
Vary:Accept-Encoding
Expires:Thu, 19 Nov 1981 08:52:00 GMT
Content-Length:1100
X-Powered-By:PHP/5.5.9-1ubuntu4.29
Content-Type:text/html
",80e37d674cf2c3abed03aa4b6c9eb8e772e2c745208b36a5fc8daa5e95b2526995efd8e8cd3eb8f3a5eb72094a6155fbb3185eccfea17792ab0edfa7f8f7cec6,200
http://web/css/blueprint/screen.css,GET,"Cookie:PHPSESSID=m9o391rld7ca71c4egotsbtel7
Accept:text/css,*/*;q=0.1
User-Agent:Mozilla/5.0 (X11; Linux x86_64) AppleWebKit/537.36 (KHTML, like Gecko) Chrome/85.0.4183.102 Safari/537.36
Referer:http://web/users/login.php
",cf83e1357eefb8bdf1542850d66d8007d620e4050b5715dc83f4a921d36ce9ce47d0d13c5d85f2b0ff8318d2877eec2f63b931bd47417a81a538327af927da3e,"Server:Apache/2.4.7 (Ubuntu)
Last-Modified:Thu, 02 Feb 2017 22:24:09 GMT
Date:Mon, 11 May 2026 20:17:50 GMT
Accept-Ranges:bytes
ETag:""24c7-547939fb8b440-gzip""
Content-Encoding:gzip
Vary:Accept-Encoding
Content-Length:2682
Content-Type:text/css
",c0995dbb8c323ef465d8cc5d7b640b1a5435beb529b0c6e55594b1c0f3db66e859d23f70cfe8d93285234e722d677fca7c8887bee81a636881b2f91f221f976e,200
http://web/pictures/upload.php,GET,"Cookie:PHPSESSID=m9o391rld7ca71c4egotsbtel7
Accept:text/html,application/xhtml+xml,application/xml;q=0.9,image/avif,image/webp,image/apng,*/*;q=0.8,application/signed-exchange;v=b3;q=0.9
User-Agent:Mozilla/5.0 (X11; Linux x86_64) AppleWebKit/537.36 (KHTML, like Gecko) Chrome/85.0.4183.102 Safari/537.36
Referer:http://web/
Upgrade-Insecure-Requests:1
",cf83e1357eefb8bdf1542850d66d8007d620e4050b5715dc83f4a921d36ce9ce47d0d13c5d85f2b0ff8318d2877eec2f63b931bd47417a81a538327af927da3e,"Keep-Alive:timeout=5, max=90
Server:Apache/2.4.7 (Ubuntu)
Connection:Keep-Alive
Pragma:no-cache
Date:Mon, 11 May 2026 20:17:58 GMT
Cache-Control:no-store, no-cache, must-revalidate, post-check=0, pre-check=0
Expires:Thu, 19 Nov 1981 08:52:00 GMT
Content-Length:41
X-Powered-By:PHP/5.5.9-1ubuntu4.29
Location:/users/login.php
Content-Type:text/html
",cf83e1357eefb8bdf1542850d66d8007d620e4050b5715dc83f4a921d36ce9ce47d0d13c5d85f2b0ff8318d2877eec2f63b931bd47417a81a538327af927da3e,303
http://web/calendar.php?date=1778617304,GET,"Cookie:PHPSESSID=m9o391rld7ca71c4egotsbtel7
Accept:text/html,application/xhtml+xml,application/xml;q=0.9,image/avif,image/webp,image/apng,*/*;q=0.8,application/signed-exchange;v=b3;q=0.9
User-Agent:Mozilla/5.0 (X11; Linux x86_64) AppleWebKit/537.36 (KHTML, like Gecko) Chrome/85.0.4183.102 Safari/537.36
Referer:http://web/calendar.php
Upgrade-Insecure-Requests:1
",cf83e1357eefb8bdf1542850d66d8007d620e4050b5715dc83f4a921d36ce9ce47d0d13c5d85f2b0ff8318d2877eec2f63b931bd47417a81a538327af927da3e,"Keep-Alive:timeout=5, max=12
Server:Apache/2.4.7 (Ubuntu)
Connection:Keep-Alive
Pragma:no-cache
Date:Mon, 11 May 2026 20:21:44 GMT
Cache-Control:no-store, no-cache, must-revalidate, post-check=0, pre-check=0
Content-Encoding:gzip
Vary:Accept-Encoding
Expires:Thu, 19 Nov 1981 08:52:00 GMT
Content-Length:945
X-Powered-By:PHP/5.5.9-1ubuntu4.29
Content-Type:text/html
",abf0286e069d033a21b670a76881cd4551f122a92395caaa4e34bada295368881174d0eb0bebc2983f8f6cfefab75fdd8a66c2a5ffc103440f912fe1ad3c4cbf,200
http://web/calendar.php,GET,"Cookie:PHPSESSID=m9o391rld7ca71c4egotsbtel7
Accept:text/html,application/xhtml+xml,application/xml;q=0.9,image/avif,image/webp,image/apng,*/*;q=0.8,application/signed-exchange;v=b3;q=0.9
User-Agent:Mozilla/5.0 (X11; Linux x86_64) AppleWebKit/537.36 (KHTML, like Gecko) Chrome/85.0.4183.102 Safari/537.36
Referer:http://web/
Upgrade-Insecure-Requests:1
",cf83e1357eefb8bdf1542850d66d8007d620e4050b5715dc83f4a921d36ce9ce47d0d13c5d85f2b0ff8318d2877eec2f63b931bd47417a81a538327af927da3e,"Keep-Alive:timeout=5, max=4
Server:Apache/2.4.7 (Ubuntu)
Connection:Keep-Alive
Pragma:no-cache
Date:Mon, 11 May 2026 20:20:33 GMT
Cache-Control:no-store, no-cache, must-revalidate, post-check=0, pre-check=0
Content-Encoding:gzip
Vary:Accept-Encoding
Expires:Thu, 19 Nov 1981 08:52:00 GMT
Content-Length:943
X-Powered-By:PHP/5.5.9-1ubuntu4.29
Content-Type:text/html
",9fd2a3df437882830ac3d62969d82d6954694340ddc47e40f7e327986770c3c7bdb2803caccc3c428576751e01429b027fa6762269d2c212e5f1b6472f1e5838,200
http://web/users/register.php,GET,"Cookie:PHPSESSID=m9o391rld7ca71c4egotsbtel7
Accept:text/html,application/xhtml+xml,application/xml;q=0.9,image/avif,image/webp,image/apng,*/*;q=0.8,application/signed-exchange;v=b3;q=0.9
User-Agent:Mozilla/5.0 (X11; Linux x86_64) AppleWebKit/537.36 (KHTML, like Gecko) Chrome/85.0.4183.102 Safari/537.36
Referer:http://web/
Upgrade-Insecure-Requests:1
",cf83e1357eefb8bdf1542850d66d8007d620e4050b5715dc83f4a921d36ce9ce47d0d13c5d85f2b0ff8318d2877eec2f63b931bd47417a81a538327af927da3e,"Keep-Alive:timeout=5, max=56
Server:Apache/2.4.7 (Ubuntu)
Connection:Keep-Alive
Pragma:no-cache
Date:Mon, 11 May 2026 20:19:55 GMT
Cache-Control:no-store, no-cache, must-revalidate, post-check=0, pre-check=0
Content-Encoding:gzip
Vary:Accept-Encoding
Expires:Thu, 19 Nov 1981 08:52:00 GMT
Content-Length:1101
X-Powered-By:PHP/5.5.9-1ubuntu4.29
Content-Type:text/html
",5c1ce6dcac51835b95b375abfed2116a7a97bab67226a52d974d429515cc005788c15b1833bc112406ec81fb3a1e338f0c4c1cd9ee05740272e4cad05b57c932,200
http://web/,GET,"Cookie:PHPSESSID=m9o391rld7ca71c4egotsbtel7
Accept:text/html,application/xhtml+xml,application/xml;q=0.9,image/avif,image/webp,image/apng,*/*;q=0.8,application/signed-exchange;v=b3;q=0.9
User-Agent:Mozilla/5.0 (X11; Linux x86_64) AppleWebKit/537.36 (KHTML, like Gecko) Chrome/85.0.4183.102 Safari/537.36
Upgrade-Insecure-Requests:1
",cf83e1357eefb8bdf1542850d66d8007d620e4050b5715dc83f4a921d36ce9ce47d0d13c5d85f2b0ff8318d2877eec2f63b931bd47417a81a538327af927da3e,"Keep-Alive:timeout=5, max=52
Server:Apache/2.4.7 (Ubuntu)
Connection:Keep-Alive
Pragma:no-cache
Date:Mon, 11 May 2026 20:22:27 GMT
Cache-Control:no-store, no-cache, must-revalidate, post-check=0, pre-check=0
Content-Encoding:gzip
Vary:Accept-Encoding
Expires:Thu, 19 Nov 1981 08:52:00 GMT
Content-Length:1284
X-Powered-By:PHP/5.5.9-1ubuntu4.29
Content-Type:text/html
",52ac94c10cfabcc55c8a337e38e5ec0cb0be2995cc1ea6ac53c0f297e0eceac68f5c964e14c5b82ebda0ea9ebaf981eeb1cdcd86d3ecbf85ff23b7c157bbcb94,200
http://web/users/login.php,GET,"Cookie:PHPSESSID=m9o391rld7ca71c4egotsbtel7
Accept:text/html,application/xhtml+xml,application/xml;q=0.9,image/avif,image/webp,image/apng,*/*;q=0.8,application/signed-exchange;v=b3;q=0.9
User-Agent:Mozilla/5.0 (X11; Linux x86_64) AppleWebKit/537.36 (KHTML, like Gecko) Chrome/85.0.4183.102 Safari/537.36
Referer:http://web/users/login.php
Upgrade-Insecure-Requests:1
",cf83e1357eefb8bdf1542850d66d8007d620e4050b5715dc83f4a921d36ce9ce47d0d13c5d85f2b0ff8318d2877eec2f63b931bd47417a81a538327af927da3e,"Keep-Alive:timeout=5, max=89
Server:Apache/2.4.7 (Ubuntu)
Connection:Keep-Alive
Pragma:no-cache
Date:Mon, 11 May 2026 20:18:10 GMT
Cache-Control:no-store, no-cache, must-revalidate, post-check=0, pre-check=0
Content-Encoding:gzip
Vary:Accept-Encoding
Expires:Thu, 19 Nov 1981 08:52:00 GMT
Content-Length:976
X-Powered-By:PHP/5.5.9-1ubuntu4.29
Content-Type:text/html
",b03638e89a84625e29d985400d03d2f6fb57f83c8ef055c1714971989a1b2d0286e6a9db1fba80836a68f501247c532630d04791e9dab090fef15da529346a58,200
http://web/guestbook.php,GET,"Cookie:PHPSESSID=m9o391rld7ca71c4egotsbtel7
Accept:text/html,application/xhtml+xml,application/xml;q=0.9,image/avif,image/webp,image/apng,*/*;q=0.8,application/signed-exchange;v=b3;q=0.9
User-Agent:Mozilla/5.0 (X11; Linux x86_64) AppleWebKit/537.36 (KHTML, like Gecko) Chrome/85.0.4183.102 Safari/537.36
Referer:http://web/tos.php
Upgrade-Insecure-Requests:1
",cf83e1357eefb8bdf1542850d66d8007d620e4050b5715dc83f4a921d36ce9ce47d0d13c5d85f2b0ff8318d2877eec2f63b931bd47417a81a538327af927da3e,"Keep-Alive:timeout=5, max=54
Server:Apache/2.4.7 (Ubuntu)
Connection:Keep-Alive
Pragma:no-cache
Date:Mon, 11 May 2026 20:19:56 GMT
Cache-Control:no-store, no-cache, must-revalidate, post-check=0, pre-check=0
Content-Encoding:gzip
Vary:Accept-Encoding
Expires:Thu, 19 Nov 1981 08:52:00 GMT
Content-Length:998
X-Powered-By:PHP/5.5.9-1ubuntu4.29
Content-Type:text/html
",48cab8cfa371bd654b46445ba60ca69acfafd5be19021873f3a18663b3616578a73038cc370f077a01817e6de9abeb115401a109e44b86bcd9a09eee43e2febb,200
http://web/calendar.php?date=1778617288,GET,"Cookie:PHPSESSID=m9o391rld7ca71c4egotsbtel7
Accept:text/html,application/xhtml+xml,application/xml;q=0.9,image/avif,image/webp,image/apng,*/*;q=0.8,application/signed-exchange;v=b3;q=0.9
User-Agent:Mozilla/5.0 (X11; Linux x86_64) AppleWebKit/537.36 (KHTML, like Gecko) Chrome/85.0.4183.102 Safari/537.36
Referer:http://web/calendar.php
Upgrade-Insecure-Requests:1
",cf83e1357eefb8bdf1542850d66d8007d620e4050b5715dc83f4a921d36ce9ce47d0d13c5d85f2b0ff8318d2877eec2f63b931bd47417a81a538327af927da3e,"Keep-Alive:timeout=5, max=33
Server:Apache/2.4.7 (Ubuntu)
Connection:Keep-Alive
Pragma:no-cache
Date:Mon, 11 May 2026 20:21:28 GMT
Cache-Control:no-store, no-cache, must-revalidate, post-check=0, pre-check=0
Content-Encoding:gzip
Vary:Accept-Encoding
Expires:Thu, 19 Nov 1981 08:52:00 GMT
Content-Length:945
X-Powered-By:PHP/5.5.9-1ubuntu4.29
Content-Type:text/html
",509c07b1937989917caa33230e84c38fbde0569fc60ae0132aa928a06c75edff922f360fc3d11e3881e69e95df6e6d12d74deeb3b19142638b5acc30d6358b3b,200
http://web/css/blueprint/print.css,GET,"Cookie:PHPSESSID=m9o391rld7ca71c4egotsbtel7
Accept:text/css,*/*;q=0.1
User-Agent:Mozilla/5.0 (X11; Linux x86_64) AppleWebKit/537.36 (KHTML, like Gecko) Chrome/85.0.4183.102 Safari/537.36
Referer:http://web/guestbook.php
",cf83e1357eefb8bdf1542850d66d8007d620e4050b5715dc83f4a921d36ce9ce47d0d13c5d85f2b0ff8318d2877eec2f63b931bd47417a81a538327af927da3e,"Server:Apache/2.4.7 (Ubuntu)
Last-Modified:Thu, 02 Feb 2017 22:24:09 GMT
Date:Mon, 11 May 2026 20:17:50 GMT
Accept-Ranges:bytes
ETag:""52d-547939fb8b440-gzip""
Content-Encoding:gzip
Vary:Accept-Encoding
Content-Length:674
Content-Type:text/css
",382bc7f4ad396de8dacb65598554ab8e1fe76b268c9b97e377be5fe694d07688463ac138e683332f401b64a7a2e8418a2a9f7f9d96e548ee8581d228368f7524,200
http://web/users/login.php,GET,"Cookie:PHPSESSID=m9o391rld7ca71c4egotsbtel7
Accept:text/html,application/xhtml+xml,application/xml;q=0.9,image/avif,image/webp,image/apng,*/*;q=0.8,application/signed-exchange;v=b3;q=0.9
User-Agent:Mozilla/5.0 (X11; Linux x86_64) AppleWebKit/537.36 (KHTML, like Gecko) Chrome/85.0.4183.102 Safari/537.36
Referer:http://web/
Upgrade-Insecure-Requests:1
",cf83e1357eefb8bdf1542850d66d8007d620e4050b5715dc83f4a921d36ce9ce47d0d13c5d85f2b0ff8318d2877eec2f63b931bd47417a81a538327af927da3e,"Keep-Alive:timeout=5, max=89
Server:Apache/2.4.7 (Ubuntu)
Connection:Keep-Alive
Pragma:no-cache
Date:Mon, 11 May 2026 20:17:58 GMT
Cache-Control:no-store, no-cache, must-revalidate, post-check=0, pre-check=0
Content-Encoding:gzip
Vary:Accept-Encoding
Expires:Thu, 19 Nov 1981 08:52:00 GMT
Content-Length:977
X-Powered-By:PHP/5.5.9-1ubuntu4.29
Content-Type:text/html
",5ccbd14097537f04bf32e540f64ead496052d32f77e41d91c4783bc83b84f8bc557e4a31394156075498488c1c978ac0c1f7063aed2ab57b2688e28c59b79c3c,200
http://web/users/sample.php?userid=1,GET,"Cookie:PHPSESSID=m9o391rld7ca71c4egotsbtel7
Accept:text/html,application/xhtml+xml,application/xml;q=0.9,image/avif,image/webp,image/apng,*/*;q=0.8,application/signed-exchange;v=b3;q=0.9
User-Agent:Mozilla/5.0 (X11; Linux x86_64) AppleWebKit/537.36 (KHTML, like Gecko) Chrome/85.0.4183.102 Safari/537.36
Referer:http://web/
Upgrade-Insecure-Requests:1
",cf83e1357eefb8bdf1542850d66d8007d620e4050b5715dc83f4a921d36ce9ce47d0d13c5d85f2b0ff8318d2877eec2f63b931bd47417a81a538327af927da3e,"Keep-Alive:timeout=5, max=22
Server:Apache/2.4.7 (Ubuntu)
Connection:Keep-Alive
Pragma:no-cache
Date:Mon, 11 May 2026 20:20:20 GMT
Cache-Control:no-store, no-cache, must-revalidate, post-check=0, pre-check=0
Content-Encoding:gzip
Vary:Accept-Encoding
Expires:Thu, 19 Nov 1981 08:52:00 GMT
Content-Length:981
X-Powered-By:PHP/5.5.9-1ubuntu4.29
Content-Type:text/html
",32fc0968a0426fb6d2d370316a3120e64033f0332dcb1d0842f459d1ff0093f71ee6bd66de6cb696a8da3815172ca95d2aac7a69d985e74e8c837b854de4ab4a,200
http://web/guestbook.php,GET,"Cookie:PHPSESSID=m9o391rld7ca71c4egotsbtel7
Accept:text/html,application/xhtml+xml,application/xml;q=0.9,image/avif,image/webp,image/apng,*/*;q=0.8,application/signed-exchange;v=b3;q=0.9
User-Agent:Mozilla/5.0 (X11; Linux x86_64) AppleWebKit/537.36 (KHTML, like Gecko) Chrome/85.0.4183.102 Safari/537.36
Referer:http://web/calendar.php?date=1778617290
Upgrade-Insecure-Requests:1
",cf83e1357eefb8bdf1542850d66d8007d620e4050b5715dc83f4a921d36ce9ce47d0d13c5d85f2b0ff8318d2877eec2f63b931bd47417a81a538327af927da3e,"Keep-Alive:timeout=5, max=28
Server:Apache/2.4.7 (Ubuntu)
Connection:Keep-Alive
Pragma:no-cache
Date:Mon, 11 May 2026 20:21:32 GMT
Cache-Control:no-store, no-cache, must-revalidate, post-check=0, pre-check=0
Content-Encoding:gzip
Vary:Accept-Encoding
Expires:Thu, 19 Nov 1981 08:52:00 GMT
Content-Length:998
X-Powered-By:PHP/5.5.9-1ubuntu4.29
Content-Type:text/html
",5565c8162948e5cbdb1d8cf829a405edf2f70411f981f2f2659dd0747aeb9acebd642b4858a4c138c002efbfe46875c18716c9f1d3797b8ca244f91c9d04ee32,200
http://web/,GET,"Cookie:PHPSESSID=m9o391rld7ca71c4egotsbtel7
Accept:text/html,application/xhtml+xml,application/xml;q=0.9,image/avif,image/webp,image/apng,*/*;q=0.8,application/signed-exchange;v=b3;q=0.9
User-Agent:Mozilla/5.0 (X11; Linux x86_64) AppleWebKit/537.36 (KHTML, like Gecko) Chrome/85.0.4183.102 Safari/537.36
Referer:http://web/pictures/recent.php
Upgrade-Insecure-Requests:1
",cf83e1357eefb8bdf1542850d66d8007d620e4050b5715dc83f4a921d36ce9ce47d0d13c5d85f2b0ff8318d2877eec2f63b931bd47417a81a538327af927da3e,"Keep-Alive:timeout=5, max=8
Server:Apache/2.4.7 (Ubuntu)
Connection:Keep-Alive
Pragma:no-cache
Date:Mon, 11 May 2026 20:19:10 GMT
Cache-Control:no-store, no-cache, must-revalidate, post-check=0, pre-check=0
Content-Encoding:gzip
Vary:Accept-Encoding
Expires:Thu, 19 Nov 1981 08:52:00 GMT
Content-Length:1282
X-Powered-By:PHP/5.5.9-1ubuntu4.29
Content-Type:text/html
",08d18e3f8e35a4b49a8ee10f224d1cef0999e7fc4f3294c8aa4225bcfb78b88241593439da362b2ba5e49124434254a204093b27c7b042e8b26fe65d11074e0c,200
http://web/,GET,"Cookie:PHPSESSID=m9o391rld7ca71c4egotsbtel7
Accept:text/html,application/xhtml+xml,application/xml;q=0.9,image/avif,image/webp,image/apng,*/*;q=0.8,application/signed-exchange;v=b3;q=0.9
User-Agent:Mozilla/5.0 (X11; Linux x86_64) AppleWebKit/537.36 (KHTML, like Gecko) Chrome/85.0.4183.102 Safari/537.36
Upgrade-Insecure-Requests:1
",cf83e1357eefb8bdf1542850d66d8007d620e4050b5715dc83f4a921d36ce9ce47d0d13c5d85f2b0ff8318d2877eec2f63b931bd47417a81a538327af927da3e,"Keep-Alive:timeout=5, max=40
Server:Apache/2.4.7 (Ubuntu)
Connection:Keep-Alive
Pragma:no-cache
Date:Mon, 11 May 2026 20:21:24 GMT
Cache-Control:no-store, no-cache, must-revalidate, post-check=0, pre-check=0
Content-Encoding:gzip
Vary:Accept-Encoding
Expires:Thu, 19 Nov 1981 08:52:00 GMT
Content-Length:1283
X-Powered-By:PHP/5.5.9-1ubuntu4.29
Content-Type:text/html
",d048f4d3f26efc993479d8b478e9a6342db2ecc4129746e86965b8ff8232dc7bd37fdf43cce5868308b70ba49142e0988921378012a48ba6b45850aee219ded1,200
http://web/admin/index.php?page=login,GET,"Cookie:PHPSESSID=m9o391rld7ca71c4egotsbtel7
Accept:text/html,application/xhtml+xml,application/xml;q=0.9,image/avif,image/webp,image/apng,*/*;q=0.8,application/signed-exchange;v=b3;q=0.9
User-Agent:Mozilla/5.0 (X11; Linux x86_64) AppleWebKit/537.36 (KHTML, like Gecko) Chrome/85.0.4183.102 Safari/537.36
Referer:http://web/calendar.php?date=1778617304
Upgrade-Insecure-Requests:1
",cf83e1357eefb8bdf1542850d66d8007d620e4050b5715dc83f4a921d36ce9ce47d0d13c5d85f2b0ff8318d2877eec2f63b931bd47417a81a538327af927da3e,"Keep-Alive:timeout=5, max=11
Server:Apache/2.4.7 (Ubuntu)
Connection:Keep-Alive
Pragma:no-cache
Date:Mon, 11 May 2026 20:21:45 GMT
Cache-Control:no-store, no-cache, must-revalidate, post-check=0, pre-check=0
Content-Encoding:gzip
Vary:Accept-Encoding
Expires:Thu, 19 Nov 1981 08:52:00 GMT
Content-Length:216
X-Powered-By:PHP/5.5.9-1ubuntu4.29
Content-Type:text/html
",88301a426dc2d7e556a7b1ce4d73fad5f900259097250183050ae924cd6902c8eb68d39222626a9137b652381cd86ef7aa2bbc1c89d23e2d89b50543a49068bf,200
http://web/calendar.php?date=1778617333,GET,"Cookie:PHPSESSID=m9o391rld7ca71c4egotsbtel7
Accept:text/html,application/xhtml+xml,application/xml;q=0.9,image/avif,image/webp,image/apng,*/*;q=0.8,application/signed-exchange;v=b3;q=0.9
User-Agent:Mozilla/5.0 (X11; Linux x86_64) AppleWebKit/537.36 (KHTML, like Gecko) Chrome/85.0.4183.102 Safari/537.36
Referer:http://web/calendar.php
Upgrade-Insecure-Requests:1
",cf83e1357eefb8bdf1542850d66d8007d620e4050b5715dc83f4a921d36ce9ce47d0d13c5d85f2b0ff8318d2877eec2f63b931bd47417a81a538327af927da3e,"Keep-Alive:timeout=5, max=72
Server:Apache/2.4.7 (Ubuntu)
Connection:Keep-Alive
Pragma:no-cache
Date:Mon, 11 May 2026 20:22:13 GMT
Cache-Control:no-store, no-cache, must-revalidate, post-check=0, pre-check=0
Content-Encoding:gzip
Vary:Accept-Encoding
Expires:Thu, 19 Nov 1981 08:52:00 GMT
Content-Length:945
X-Powered-By:PHP/5.5.9-1ubuntu4.29
Content-Type:text/html
",3b64ff170d826865b916a83714034356bddbfd34826cca3b545adfb12e1b5deab8e1c7c931324c26a362d4aa865c55029a97d7737ba6ec72a2dc48d5b6888fb6,200
http://web/calendar.php,GET,"Cookie:PHPSESSID=m9o391rld7ca71c4egotsbtel7
Accept:text/html,application/xhtml+xml,application/xml;q=0.9,image/avif,image/webp,image/apng,*/*;q=0.8,application/signed-exchange;v=b3;q=0.9
User-Agent:Mozilla/5.0 (X11; Linux x86_64) AppleWebKit/537.36 (KHTML, like Gecko) Chrome/85.0.4183.102 Safari/537.36
Referer:http://web/
Upgrade-Insecure-Requests:1
",cf83e1357eefb8bdf1542850d66d8007d620e4050b5715dc83f4a921d36ce9ce47d0d13c5d85f2b0ff8318d2877eec2f63b931bd47417a81a538327af927da3e,"Keep-Alive:timeout=5, max=44
Server:Apache/2.4.7 (Ubuntu)
Connection:Keep-Alive
Pragma:no-cache
Date:Mon, 11 May 2026 20:22:32 GMT
Cache-Control:no-store, no-cache, must-revalidate, post-check=0, pre-check=0
Content-Encoding:gzip
Vary:Accept-Encoding
Expires:Thu, 19 Nov 1981 08:52:00 GMT
Content-Length:944
X-Powered-By:PHP/5.5.9-1ubuntu4.29
Content-Type:text/html
",3dcebc2d4b3b04a011998cafdf2202143f2d0ca0252631431a368fb3d5c40467c256136ab3927a12c353b126101cc3578df6082ecbd887d40dd1c8e416800014,200
http://web/users/login.php,GET,"Cookie:PHPSESSID=m9o391rld7ca71c4egotsbtel7
Accept:text/html,application/xhtml+xml,application/xml;q=0.9,image/avif,image/webp,image/apng,*/*;q=0.8,application/signed-exchange;v=b3;q=0.9
User-Agent:Mozilla/5.0 (X11; Linux x86_64) AppleWebKit/537.36 (KHTML, like Gecko) Chrome/85.0.4183.102 Safari/537.36
Referer:http://web/
Upgrade-Insecure-Requests:1
",cf83e1357eefb8bdf1542850d66d8007d620e4050b5715dc83f4a921d36ce9ce47d0d13c5d85f2b0ff8318d2877eec2f63b931bd47417a81a538327af927da3e,"Keep-Alive:timeout=5, max=86
Server:Apache/2.4.7 (Ubuntu)
Connection:Keep-Alive
Pragma:no-cache
Date:Mon, 11 May 2026 20:18:13 GMT
Cache-Control:no-store, no-cache, must-revalidate, post-check=0, pre-check=0
Content-Encoding:gzip
Vary:Accept-Encoding
Expires:Thu, 19 Nov 1981 08:52:00 GMT
Content-Length:976
X-Powered-By:PHP/5.5.9-1ubuntu4.29
Content-Type:text/html
",4c0dc72aeb9897bed5eae41c60996858b2f567de27700cce6e3fe8efb0c67fe1f2d8c02d6f508804a01c29446398ffba53597dd2f1c6e2d07d5e60053d57a98a,200
http://web/tos.php,GET,"Cookie:PHPSESSID=m9o391rld7ca71c4egotsbtel7
Accept:text/html,application/xhtml+xml,application/xml;q=0.9,image/avif,image/webp,image/apng,*/*;q=0.8,application/signed-exchange;v=b3;q=0.9
User-Agent:Mozilla/5.0 (X11; Linux x86_64) AppleWebKit/537.36 (KHTML, like Gecko) Chrome/85.0.4183.102 Safari/537.36
Referer:http://web/users/login.php
Upgrade-Insecure-Requests:1
",cf83e1357eefb8bdf1542850d66d8007d620e4050b5715dc83f4a921d36ce9ce47d0d13c5d85f2b0ff8318d2877eec2f63b931bd47417a81a538327af927da3e,"Keep-Alive:timeout=5, max=63
Server:Apache/2.4.7 (Ubuntu)
Connection:Keep-Alive
Pragma:no-cache
Date:Mon, 11 May 2026 20:18:33 GMT
Cache-Control:no-store, no-cache, must-revalidate, post-check=0, pre-check=0
Content-Encoding:gzip
Vary:Accept-Encoding
Expires:Thu, 19 Nov 1981 08:52:00 GMT
Content-Length:10226
X-Powered-By:PHP/5.5.9-1ubuntu4.29
Content-Type:text/html
",fe9b5831f441c2d8c5076dbbe8edf4d886017200f4fd8345e8c0ffa0c0ff0eea75137d2f478ac98703cab1d24ad1a9b98984c3fb6d0665bb1d88c0d52c222d17,200
http://web/users/register.php,GET,"Cookie:PHPSESSID=m9o391rld7ca71c4egotsbtel7
Accept:text/html,application/xhtml+xml,application/xml;q=0.9,image/avif,image/webp,image/apng,*/*;q=0.8,application/signed-exchange;v=b3;q=0.9
User-Agent:Mozilla/5.0 (X11; Linux x86_64) AppleWebKit/537.36 (KHTML, like Gecko) Chrome/85.0.4183.102 Safari/537.36
Referer:http://web/
Upgrade-Insecure-Requests:1
",cf83e1357eefb8bdf1542850d66d8007d620e4050b5715dc83f4a921d36ce9ce47d0d13c5d85f2b0ff8318d2877eec2f63b931bd47417a81a538327af927da3e,"Keep-Alive:timeout=5, max=60
Server:Apache/2.4.7 (Ubuntu)
Connection:Keep-Alive
Pragma:no-cache
Date:Mon, 11 May 2026 20:21:08 GMT
Cache-Control:no-store, no-cache, must-revalidate, post-check=0, pre-check=0
Content-Encoding:gzip
Vary:Accept-Encoding
Expires:Thu, 19 Nov 1981 08:52:00 GMT
Content-Length:1100
X-Powered-By:PHP/5.5.9-1ubuntu4.29
Content-Type:text/html
",3e1d14cd01ec903f4d2aecf133a1761f38b41f39bee9fcb4a4dcd1df2ed7c237e206923f718563a6cf93324dc26b820119304f2f3a5351487ca25a83e3a0755a,200
http://web/css/blueprint/print.css,GET,"Cookie:PHPSESSID=m9o391rld7ca71c4egotsbtel7
Accept:text/css,*/*;q=0.1
User-Agent:Mozilla/5.0 (X11; Linux x86_64) AppleWebKit/537.36 (KHTML, like Gecko) Chrome/85.0.4183.102 Safari/537.36
Referer:http://web/
",cf83e1357eefb8bdf1542850d66d8007d620e4050b5715dc83f4a921d36ce9ce47d0d13c5d85f2b0ff8318d2877eec2f63b931bd47417a81a538327af927da3e,"Server:Apache/2.4.7 (Ubuntu)
Last-Modified:Thu, 02 Feb 2017 22:24:09 GMT
Date:Mon, 11 May 2026 20:17:50 GMT
Accept-Ranges:bytes
ETag:""52d-547939fb8b440-gzip""
Content-Encoding:gzip
Vary:Accept-Encoding
Content-Length:674
Content-Type:text/css
",382bc7f4ad396de8dacb65598554ab8e1fe76b268c9b97e377be5fe694d07688463ac138e683332f401b64a7a2e8418a2a9f7f9d96e548ee8581d228368f7524,200
http://web/users/login.php,GET,"Cookie:PHPSESSID=m9o391rld7ca71c4egotsbtel7
Accept:text/html,application/xhtml+xml,application/xml;q=0.9,image/avif,image/webp,image/apng,*/*;q=0.8,application/signed-exchange;v=b3;q=0.9
User-Agent:Mozilla/5.0 (X11; Linux x86_64) AppleWebKit/537.36 (KHTML, like Gecko) Chrome/85.0.4183.102 Safari/537.36
Referer:http://web/users/sample.php?userid=1
Upgrade-Insecure-Requests:1
",cf83e1357eefb8bdf1542850d66d8007d620e4050b5715dc83f4a921d36ce9ce47d0d13c5d85f2b0ff8318d2877eec2f63b931bd47417a81a538327af927da3e,"Keep-Alive:timeout=5, max=34
Server:Apache/2.4.7 (Ubuntu)
Connection:Keep-Alive
Pragma:no-cache
Date:Mon, 11 May 2026 20:20:11 GMT
Cache-Control:no-store, no-cache, must-revalidate, post-check=0, pre-check=0
Content-Encoding:gzip
Vary:Accept-Encoding
Expires:Thu, 19 Nov 1981 08:52:00 GMT
Content-Length:976
X-Powered-By:PHP/5.5.9-1ubuntu4.29
Content-Type:text/html
",bdc8b0989c56f89a95843f5d0ca6e1302c0cb205bffe35d217657b1a641cf306c05b5064c8160d90249faf1a1c5be8e355311c9dd628a59143bab777d7a1960a,200
http://web/css/stylings.css,GET,"Cookie:PHPSESSID=m9o391rld7ca71c4egotsbtel7
Accept:text/css,*/*;q=0.1
User-Agent:Mozilla/5.0 (X11; Linux x86_64) AppleWebKit/537.36 (KHTML, like Gecko) Chrome/85.0.4183.102 Safari/537.36
Referer:http://web/passcheck.php
",cf83e1357eefb8bdf1542850d66d8007d620e4050b5715dc83f4a921d36ce9ce47d0d13c5d85f2b0ff8318d2877eec2f63b931bd47417a81a538327af927da3e,"Server:Apache/2.4.7 (Ubuntu)
Last-Modified:Thu, 02 Feb 2017 22:24:09 GMT
Date:Mon, 11 May 2026 20:17:50 GMT
Accept-Ranges:bytes
ETag:""c29-547939fb8b440-gzip""
Content-Encoding:gzip
Vary:Accept-Encoding
Content-Length:838
Content-Type:text/css
",e6142d743628221ad60b6d12a0b444a077ed8ede2504b511ffffde908ffe459f09875b3901f9a63ec228906521c445248f9277e14f591205808d8dfc200df823,200
http://web/css/blueprint/print.css,GET,"Cookie:PHPSESSID=m9o391rld7ca71c4egotsbtel7
Accept:text/css,*/*;q=0.1
User-Agent:Mozilla/5.0 (X11; Linux x86_64) AppleWebKit/537.36 (KHTML, like Gecko) Chrome/85.0.4183.102 Safari/537.36
Referer:http://web/pictures/recent.php
",cf83e1357eefb8bdf1542850d66d8007d620e4050b5715dc83f4a921d36ce9ce47d0d13c5d85f2b0ff8318d2877eec2f63b931bd47417a81a538327af927da3e,"Server:Apache/2.4.7 (Ubuntu)
Last-Modified:Thu, 02 Feb 2017 22:24:09 GMT
Date:Mon, 11 May 2026 20:17:50 GMT
Accept-Ranges:bytes
ETag:""52d-547939fb8b440-gzip""
Content-Encoding:gzip
Vary:Accept-Encoding
Content-Length:674
Content-Type:text/css
",382bc7f4ad396de8dacb65598554ab8e1fe76b268c9b97e377be5fe694d07688463ac138e683332f401b64a7a2e8418a2a9f7f9d96e548ee8581d228368f7524,200
http://web/,GET,"Cookie:PHPSESSID=m9o391rld7ca71c4egotsbtel7
Accept:text/html,application/xhtml+xml,application/xml;q=0.9,image/avif,image/webp,image/apng,*/*;q=0.8,application/signed-exchange;v=b3;q=0.9
User-Agent:Mozilla/5.0 (X11; Linux x86_64) AppleWebKit/537.36 (KHTML, like Gecko) Chrome/85.0.4183.102 Safari/537.36
Upgrade-Insecure-Requests:1
",cf83e1357eefb8bdf1542850d66d8007d620e4050b5715dc83f4a921d36ce9ce47d0d13c5d85f2b0ff8318d2877eec2f63b931bd47417a81a538327af927da3e,"Keep-Alive:timeout=5, max=26
Server:Apache/2.4.7 (Ubuntu)
Connection:Keep-Alive
Pragma:no-cache
Date:Mon, 11 May 2026 20:20:17 GMT
Cache-Control:no-store, no-cache, must-revalidate, post-check=0, pre-check=0
Content-Encoding:gzip
Vary:Accept-Encoding
Expires:Thu, 19 Nov 1981 08:52:00 GMT
Content-Length:1284
X-Powered-By:PHP/5.5.9-1ubuntu4.29
Content-Type:text/html
",a953192c364538a137b3893b5b5224e873d0a9cc25cf1d35386eb380002d584087ae558ddfa2b7f58a6e19da2300173c533584f05efd4baf7be99f16afaadfb5,200
http://web/calendar.php,GET,"Cookie:PHPSESSID=m9o391rld7ca71c4egotsbtel7
Accept:text/html,application/xhtml+xml,application/xml;q=0.9,image/avif,image/webp,image/apng,*/*;q=0.8,application/signed-exchange;v=b3;q=0.9
User-Agent:Mozilla/5.0 (X11; Linux x86_64) AppleWebKit/537.36 (KHTML, like Gecko) Chrome/85.0.4183.102 Safari/537.36
Referer:http://web/
Upgrade-Insecure-Requests:1
",cf83e1357eefb8bdf1542850d66d8007d620e4050b5715dc83f4a921d36ce9ce47d0d13c5d85f2b0ff8318d2877eec2f63b931bd47417a81a538327af927da3e,"Keep-Alive:timeout=5, max=58
Server:Apache/2.4.7 (Ubuntu)
Connection:Keep-Alive
Pragma:no-cache
Date:Mon, 11 May 2026 20:22:24 GMT
Cache-Control:no-store, no-cache, must-revalidate, post-check=0, pre-check=0
Content-Encoding:gzip
Vary:Accept-Encoding
Expires:Thu, 19 Nov 1981 08:52:00 GMT
Content-Length:944
X-Powered-By:PHP/5.5.9-1ubuntu4.29
Content-Type:text/html
",7318d6484fd9c33fc3728994502f4f98495b755347e2cdcd827ffce71dc5d1a302ec94764e1eaf0b04f4fb87a46190084f0f5648923c62021cb17075ce7536ef,200
http://web/users/register.php,GET,"Cookie:PHPSESSID=m9o391rld7ca71c4egotsbtel7
Accept:text/html,application/xhtml+xml,application/xml;q=0.9,image/avif,image/webp,image/apng,*/*;q=0.8,application/signed-exchange;v=b3;q=0.9
User-Agent:Mozilla/5.0 (X11; Linux x86_64) AppleWebKit/537.36 (KHTML, like Gecko) Chrome/85.0.4183.102 Safari/537.36
Referer:http://web/
Upgrade-Insecure-Requests:1
",cf83e1357eefb8bdf1542850d66d8007d620e4050b5715dc83f4a921d36ce9ce47d0d13c5d85f2b0ff8318d2877eec2f63b931bd47417a81a538327af927da3e,"Keep-Alive:timeout=5, max=77
Server:Apache/2.4.7 (Ubuntu)
Connection:Keep-Alive
Pragma:no-cache
Date:Mon, 11 May 2026 20:20:55 GMT
Cache-Control:no-store, no-cache, must-revalidate, post-check=0, pre-check=0
Content-Encoding:gzip
Vary:Accept-Encoding
Expires:Thu, 19 Nov 1981 08:52:00 GMT
Content-Length:1099
X-Powered-By:PHP/5.5.9-1ubuntu4.29
Content-Type:text/html
",99be6b644beec44ede2b64dbc750ba9d79e1c7a17406dfbc7031289af42b14c4815c8cd519160db2a1744bc579e258d7e5e656da7cb3b02eb43b3fa9fd7db818,200
http://web/calendar.php?date=1778617336,GET,"Cookie:PHPSESSID=m9o391rld7ca71c4egotsbtel7
Accept:text/html,application/xhtml+xml,application/xml;q=0.9,image/avif,image/webp,image/apng,*/*;q=0.8,application/signed-exchange;v=b3;q=0.9
User-Agent:Mozilla/5.0 (X11; Linux x86_64) AppleWebKit/537.36 (KHTML, like Gecko) Chrome/85.0.4183.102 Safari/537.36
Referer:http://web/calendar.php
Upgrade-Insecure-Requests:1
",cf83e1357eefb8bdf1542850d66d8007d620e4050b5715dc83f4a921d36ce9ce47d0d13c5d85f2b0ff8318d2877eec2f63b931bd47417a81a538327af927da3e,"Keep-Alive:timeout=5, max=67
Server:Apache/2.4.7 (Ubuntu)
Connection:Keep-Alive
Pragma:no-cache
Date:Mon, 11 May 2026 20:22:17 GMT
Cache-Control:no-store, no-cache, must-revalidate, post-check=0, pre-check=0
Content-Encoding:gzip
Vary:Accept-Encoding
Expires:Thu, 19 Nov 1981 08:52:00 GMT
Content-Length:945
X-Powered-By:PHP/5.5.9-1ubuntu4.29
Content-Type:text/html
",5b1d03bce433ddbef82c5b125cd2470d48524e5c579f30ac0ec69dde502c6bba34e80d726e2073ee7cf5f95ea8f5b9316bbab3120195766f3022c70768e4c922,200
http://web/users/login.php,GET,"Cookie:PHPSESSID=m9o391rld7ca71c4egotsbtel7
Accept:text/html,application/xhtml+xml,application/xml;q=0.9,image/avif,image/webp,image/apng,*/*;q=0.8,application/signed-exchange;v=b3;q=0.9
User-Agent:Mozilla/5.0 (X11; Linux x86_64) AppleWebKit/537.36 (KHTML, like Gecko) Chrome/85.0.4183.102 Safari/537.36
Referer:http://web/passcheck.php
Upgrade-Insecure-Requests:1
",cf83e1357eefb8bdf1542850d66d8007d620e4050b5715dc83f4a921d36ce9ce47d0d13c5d85f2b0ff8318d2877eec2f63b931bd47417a81a538327af927da3e,"Keep-Alive:timeout=5, max=79
Server:Apache/2.4.7 (Ubuntu)
Connection:Keep-Alive
Pragma:no-cache
Date:Mon, 11 May 2026 20:20:53 GMT
Cache-Control:no-store, no-cache, must-revalidate, post-check=0, pre-check=0
Content-Encoding:gzip
Vary:Accept-Encoding
Expires:Thu, 19 Nov 1981 08:52:00 GMT
Content-Length:976
X-Powered-By:PHP/5.5.9-1ubuntu4.29
Content-Type:text/html
",569271c0413d6fb5ddb5cc4483aa2df95ba5218fb8ab625591f07debeda4c33c477b03bd1d5fd889007b4d6da06849edd24325d823c17950fd4e49dfa67c7fb9,200
http://web/users/register.php,GET,"Cookie:PHPSESSID=m9o391rld7ca71c4egotsbtel7
Accept:text/html,application/xhtml+xml,application/xml;q=0.9,image/avif,image/webp,image/apng,*/*;q=0.8,application/signed-exchange;v=b3;q=0.9
User-Agent:Mozilla/5.0 (X11; Linux x86_64) AppleWebKit/537.36 (KHTML, like Gecko) Chrome/85.0.4183.102 Safari/537.36
Referer:http://web/
Upgrade-Insecure-Requests:1
",cf83e1357eefb8bdf1542850d66d8007d620e4050b5715dc83f4a921d36ce9ce47d0d13c5d85f2b0ff8318d2877eec2f63b931bd47417a81a538327af927da3e,"Keep-Alive:timeout=5, max=56
Server:Apache/2.4.7 (Ubuntu)
Connection:Keep-Alive
Pragma:no-cache
Date:Mon, 11 May 2026 20:21:12 GMT
Cache-Control:no-store, no-cache, must-revalidate, post-check=0, pre-check=0
Content-Encoding:gzip
Vary:Accept-Encoding
Expires:Thu, 19 Nov 1981 08:52:00 GMT
Content-Length:1100
X-Powered-By:PHP/5.5.9-1ubuntu4.29
Content-Type:text/html
",e0490a7e5471cd27da643c7c37acb11bdd1805acfa17e18aa58abc2da17e1e6bbcb69f04048d315b244ad8cc8fd4a2fe5ca299aa1e8221581a1ab023a10d0107,200
http://web/pictures/recent.php,GET,"Cookie:PHPSESSID=m9o391rld7ca71c4egotsbtel7
Accept:text/html,application/xhtml+xml,application/xml;q=0.9,image/avif,image/webp,image/apng,*/*;q=0.8,application/signed-exchange;v=b3;q=0.9
User-Agent:Mozilla/5.0 (X11; Linux x86_64) AppleWebKit/537.36 (KHTML, like Gecko) Chrome/85.0.4183.102 Safari/537.36
Referer:http://web/guestbook.php
Upgrade-Insecure-Requests:1
",cf83e1357eefb8bdf1542850d66d8007d620e4050b5715dc83f4a921d36ce9ce47d0d13c5d85f2b0ff8318d2877eec2f63b931bd47417a81a538327af927da3e,"Keep-Alive:timeout=5, max=98
Server:Apache/2.4.7 (Ubuntu)
Connection:Keep-Alive
Pragma:no-cache
Date:Mon, 11 May 2026 20:19:18 GMT
Cache-Control:no-store, no-cache, must-revalidate, post-check=0, pre-check=0
Content-Encoding:gzip
Vary:Accept-Encoding
Expires:Thu, 19 Nov 1981 08:52:00 GMT
Content-Length:1087
X-Powered-By:PHP/5.5.9-1ubuntu4.29
Content-Type:text/html
",f1516f0133e1b56c1fbeee9e67c5e6bbcdded31afcf30c158a4305aeb18429c3c10df3eaf2171e54938c8c37ef21af95a1417f02a3d8e26fda1707ccf7263c14,200
http://web/pictures/recent.php,GET,"Cookie:PHPSESSID=m9o391rld7ca71c4egotsbtel7
Accept:text/html,application/xhtml+xml,application/xml;q=0.9,image/avif,image/webp,image/apng,*/*;q=0.8,application/signed-exchange;v=b3;q=0.9
User-Agent:Mozilla/5.0 (X11; Linux x86_64) AppleWebKit/537.36 (KHTML, like Gecko) Chrome/85.0.4183.102 Safari/537.36
Referer:http://web/
Upgrade-Insecure-Requests:1
",cf83e1357eefb8bdf1542850d66d8007d620e4050b5715dc83f4a921d36ce9ce47d0d13c5d85f2b0ff8318d2877eec2f63b931bd47417a81a538327af927da3e,"Keep-Alive:timeout=5, max=58
Server:Apache/2.4.7 (Ubuntu)
Connection:Keep-Alive
Pragma:no-cache
Date:Mon, 11 May 2026 20:18:37 GMT
Cache-Control:no-store, no-cache, must-revalidate, post-check=0, pre-check=0
Content-Encoding:gzip
Vary:Accept-Encoding
Expires:Thu, 19 Nov 1981 08:52:00 GMT
Content-Length:1088
X-Powered-By:PHP/5.5.9-1ubuntu4.29
Content-Type:text/html
",762f5537d22209af956e9403a8e137b6f71a216b23bd61a147b46f3384f08f3e7831af5cd4ad7663ac287769cbea9f7210db218947de11ec636c535c439c684c,200
http://web/,GET,"Cookie:PHPSESSID=m9o391rld7ca71c4egotsbtel7
Accept:text/html,application/xhtml+xml,application/xml;q=0.9,image/avif,image/webp,image/apng,*/*;q=0.8,application/signed-exchange;v=b3;q=0.9
User-Agent:Mozilla/5.0 (X11; Linux x86_64) AppleWebKit/537.36 (KHTML, like Gecko) Chrome/85.0.4183.102 Safari/537.36
Upgrade-Insecure-Requests:1
",cf83e1357eefb8bdf1542850d66d8007d620e4050b5715dc83f4a921d36ce9ce47d0d13c5d85f2b0ff8318d2877eec2f63b931bd47417a81a538327af927da3e,"Keep-Alive:timeout=5, max=70
Server:Apache/2.4.7 (Ubuntu)
Connection:Keep-Alive
Pragma:no-cache
Date:Mon, 11 May 2026 20:19:42 GMT
Cache-Control:no-store, no-cache, must-revalidate, post-check=0, pre-check=0
Content-Encoding:gzip
Vary:Accept-Encoding
Expires:Thu, 19 Nov 1981 08:52:00 GMT
Content-Length:1283
X-Powered-By:PHP/5.5.9-1ubuntu4.29
Content-Type:text/html
",881111edb02a0e8f971981e66cc8926cb6362f14917299f5e17abafda36bd08c235cd3c548e56a7ee222d891e2420cb1aa9d90d5bb632993b50b78f4fb6fcc61,200
http://web/,GET,"Cookie:PHPSESSID=m9o391rld7ca71c4egotsbtel7
Accept:text/html,application/xhtml+xml,application/xml;q=0.9,image/avif,image/webp,image/apng,*/*;q=0.8,application/signed-exchange;v=b3;q=0.9
User-Agent:Mozilla/5.0 (X11; Linux x86_64) AppleWebKit/537.36 (KHTML, like Gecko) Chrome/85.0.4183.102 Safari/537.36
Upgrade-Insecure-Requests:1
",cf83e1357eefb8bdf1542850d66d8007d620e4050b5715dc83f4a921d36ce9ce47d0d13c5d85f2b0ff8318d2877eec2f63b931bd47417a81a538327af927da3e,"Keep-Alive:timeout=5, max=99
Server:Apache/2.4.7 (Ubuntu)
Connection:Keep-Alive
Pragma:no-cache
Date:Mon, 11 May 2026 20:20:38 GMT
Cache-Control:no-store, no-cache, must-revalidate, post-check=0, pre-check=0
Content-Encoding:gzip
Vary:Accept-Encoding
Expires:Thu, 19 Nov 1981 08:52:00 GMT
Content-Length:1284
X-Powered-By:PHP/5.5.9-1ubuntu4.29
Content-Type:text/html
",a1941e8e70263edb21792dbed90203f9b4b513495245b46be777bf3b817990ab53b6ae6645fe38045a025019dbd912f0666000f206120a5c63f3709eadb37922,200
http://web/calendar.php,GET,"Cookie:PHPSESSID=m9o391rld7ca71c4egotsbtel7
Accept:text/html,application/xhtml+xml,application/xml;q=0.9,image/avif,image/webp,image/apng,*/*;q=0.8,application/signed-exchange;v=b3;q=0.9
User-Agent:Mozilla/5.0 (X11; Linux x86_64) AppleWebKit/537.36 (KHTML, like Gecko) Chrome/85.0.4183.102 Safari/537.36
Referer:http://web/
Upgrade-Insecure-Requests:1
",cf83e1357eefb8bdf1542850d66d8007d620e4050b5715dc83f4a921d36ce9ce47d0d13c5d85f2b0ff8318d2877eec2f63b931bd47417a81a538327af927da3e,"Keep-Alive:timeout=5, max=9
Server:Apache/2.4.7 (Ubuntu)
Connection:Keep-Alive
Pragma:no-cache
Date:Mon, 11 May 2026 20:21:47 GMT
Cache-Control:no-store, no-cache, must-revalidate, post-check=0, pre-check=0
Content-Encoding:gzip
Vary:Accept-Encoding
Expires:Thu, 19 Nov 1981 08:52:00 GMT
Content-Length:943
X-Powered-By:PHP/5.5.9-1ubuntu4.29
Content-Type:text/html
",9eb79eb791928f0f612cf4c001bdc73f1047a5a1d3ff3febf47bd4db0e9c96c678ff5bcc3f45bf66942d1c56ad34703cf4bea94df189385def1ee9113a832afa,200
http://web/pictures/view.php?picid=15,GET,"Cookie:PHPSESSID=m9o391rld7ca71c4egotsbtel7
Accept:text/html,application/xhtml+xml,application/xml;q=0.9,image/avif,image/webp,image/apng,*/*;q=0.8,application/signed-exchange;v=b3;q=0.9
User-Agent:Mozilla/5.0 (X11; Linux x86_64) AppleWebKit/537.36 (KHTML, like Gecko) Chrome/85.0.4183.102 Safari/537.36
Referer:http://web/pictures/recent.php
Upgrade-Insecure-Requests:1
",cf83e1357eefb8bdf1542850d66d8007d620e4050b5715dc83f4a921d36ce9ce47d0d13c5d85f2b0ff8318d2877eec2f63b931bd47417a81a538327af927da3e,"Keep-Alive:timeout=5, max=44
Server:Apache/2.4.7 (Ubuntu)
Connection:Keep-Alive
Pragma:no-cache
Date:Mon, 11 May 2026 20:18:47 GMT
Cache-Control:no-store, no-cache, must-revalidate, post-check=0, pre-check=0
Expires:Thu, 19 Nov 1981 08:52:00 GMT
Content-Length:41
X-Powered-By:PHP/5.5.9-1ubuntu4.29
Location:/users/login.php
Content-Type:text/html
",cf83e1357eefb8bdf1542850d66d8007d620e4050b5715dc83f4a921d36ce9ce47d0d13c5d85f2b0ff8318d2877eec2f63b931bd47417a81a538327af927da3e,303
http://web/,GET,"Cookie:PHPSESSID=m9o391rld7ca71c4egotsbtel7
Accept:text/html,application/xhtml+xml,application/xml;q=0.9,image/avif,image/webp,image/apng,*/*;q=0.8,application/signed-exchange;v=b3;q=0.9
User-Agent:Mozilla/5.0 (X11; Linux x86_64) AppleWebKit/537.36 (KHTML, like Gecko) Chrome/85.0.4183.102 Safari/537.36
Referer:http://web/calendar.php?date=1778703733
Upgrade-Insecure-Requests:1
",cf83e1357eefb8bdf1542850d66d8007d620e4050b5715dc83f4a921d36ce9ce47d0d13c5d85f2b0ff8318d2877eec2f63b931bd47417a81a538327af927da3e,"Keep-Alive:timeout=5, max=70
Server:Apache/2.4.7 (Ubuntu)
Connection:Keep-Alive
Pragma:no-cache
Date:Mon, 11 May 2026 20:22:15 GMT
Cache-Control:no-store, no-cache, must-revalidate, post-check=0, pre-check=0
Content-Encoding:gzip
Vary:Accept-Encoding
Expires:Thu, 19 Nov 1981 08:52:00 GMT
Content-Length:1283
X-Powered-By:PHP/5.5.9-1ubuntu4.29
Content-Type:text/html
",004a72b1f30fc886d315ca223448d7a2dd7b18f1a21c1250177cd8cf60090ed6fdf5b9dcd9ee8650413896cce3d5f16dac0204f9ab1d48fc9a6f9b7cf955e640,200
http://web/pictures/view.php?picid=14,GET,"Cookie:PHPSESSID=m9o391rld7ca71c4egotsbtel7
Accept:text/html,application/xhtml+xml,application/xml;q=0.9,image/avif,image/webp,image/apng,*/*;q=0.8,application/signed-exchange;v=b3;q=0.9
User-Agent:Mozilla/5.0 (X11; Linux x86_64) AppleWebKit/537.36 (KHTML, like Gecko) Chrome/85.0.4183.102 Safari/537.36
Referer:http://web/pictures/recent.php
Upgrade-Insecure-Requests:1
",cf83e1357eefb8bdf1542850d66d8007d620e4050b5715dc83f4a921d36ce9ce47d0d13c5d85f2b0ff8318d2877eec2f63b931bd47417a81a538327af927da3e,"Keep-Alive:timeout=5, max=40
Server:Apache/2.4.7 (Ubuntu)
Connection:Keep-Alive
Pragma:no-cache
Date:Mon, 11 May 2026 20:18:50 GMT
Cache-Control:no-store, no-cache, must-revalidate, post-check=0, pre-check=0
Expires:Thu, 19 Nov 1981 08:52:00 GMT
Content-Length:41
X-Powered-By:PHP/5.5.9-1ubuntu4.29
Location:/users/login.php
Content-Type:text/html
",cf83e1357eefb8bdf1542850d66d8007d620e4050b5715dc83f4a921d36ce9ce47d0d13c5d85f2b0ff8318d2877eec2f63b931bd47417a81a538327af927da3e,303
http://web/css/stylings.css,GET,"Cookie:PHPSESSID=m9o391rld7ca71c4egotsbtel7
Accept:text/css,*/*;q=0.1
User-Agent:Mozilla/5.0 (X11; Linux x86_64) AppleWebKit/537.36 (KHTML, like Gecko) Chrome/85.0.4183.102 Safari/537.36
Referer:http://web/tos.php
",cf83e1357eefb8bdf1542850d66d8007d620e4050b5715dc83f4a921d36ce9ce47d0d13c5d85f2b0ff8318d2877eec2f63b931bd47417a81a538327af927da3e,"Server:Apache/2.4.7 (Ubuntu)
Last-Modified:Thu, 02 Feb 2017 22:24:09 GMT
Date:Mon, 11 May 2026 20:17:50 GMT
Accept-Ranges:bytes
ETag:""c29-547939fb8b440-gzip""
Content-Encoding:gzip
Vary:Accept-Encoding
Content-Length:838
Content-Type:text/css
",e6142d743628221ad60b6d12a0b444a077ed8ede2504b511ffffde908ffe459f09875b3901f9a63ec228906521c445248f9277e14f591205808d8dfc200df823,200
http://web/,GET,"Cookie:PHPSESSID=m9o391rld7ca71c4egotsbtel7
Accept:text/html,application/xhtml+xml,application/xml;q=0.9,image/avif,image/webp,image/apng,*/*;q=0.8,application/signed-exchange;v=b3;q=0.9
User-Agent:Mozilla/5.0 (X11; Linux x86_64) AppleWebKit/537.36 (KHTML, like Gecko) Chrome/85.0.4183.102 Safari/537.36
Upgrade-Insecure-Requests:1
",cf83e1357eefb8bdf1542850d66d8007d620e4050b5715dc83f4a921d36ce9ce47d0d13c5d85f2b0ff8318d2877eec2f63b931bd47417a81a538327af927da3e,"Keep-Alive:timeout=5, max=100
Server:Apache/2.4.7 (Ubuntu)
Connection:Keep-Alive
Pragma:no-cache
Date:Mon, 11 May 2026 20:19:17 GMT
Cache-Control:no-store, no-cache, must-revalidate, post-check=0, pre-check=0
Content-Encoding:gzip
Vary:Accept-Encoding
Expires:Thu, 19 Nov 1981 08:52:00 GMT
Content-Length:1284
X-Powered-By:PHP/5.5.9-1ubuntu4.29
Content-Type:text/html
",206cdfad75a4894bbd3ad82d8d01e8e464f9501fd1a247d9b79d00881d2d12b7eeda9b6e6f3e83094223be8d9d35ccef96c3f65d419101fbec536a8e9fe63ab4,200
http://web/,GET,"Cookie:PHPSESSID=m9o391rld7ca71c4egotsbtel7
Accept:text/html,application/xhtml+xml,application/xml;q=0.9,image/avif,image/webp,image/apng,*/*;q=0.8,application/signed-exchange;v=b3;q=0.9
User-Agent:Mozilla/5.0 (X11; Linux x86_64) AppleWebKit/537.36 (KHTML, like Gecko) Chrome/85.0.4183.102 Safari/537.36
Upgrade-Insecure-Requests:1
",cf83e1357eefb8bdf1542850d66d8007d620e4050b5715dc83f4a921d36ce9ce47d0d13c5d85f2b0ff8318d2877eec2f63b931bd47417a81a538327af927da3e,"Keep-Alive:timeout=5, max=80
Server:Apache/2.4.7 (Ubuntu)
Connection:Keep-Alive
Pragma:no-cache
Date:Mon, 11 May 2026 20:22:07 GMT
Cache-Control:no-store, no-cache, must-revalidate, post-check=0, pre-check=0
Content-Encoding:gzip
Vary:Accept-Encoding
Expires:Thu, 19 Nov 1981 08:52:00 GMT
Content-Length:1284
X-Powered-By:PHP/5.5.9-1ubuntu4.29
Content-Type:text/html
",5f0136180019cc6bd50acb78c7a140cb1aa49ced0a85e3c9ebf2ea3a72a9c7b0da0e9f355a2300e24d8cc591bc3bc73580dd3d847bf8cd54745324d7ceb5d7c8,200
http://web/,GET,"Cookie:PHPSESSID=m9o391rld7ca71c4egotsbtel7
Accept:text/html,application/xhtml+xml,application/xml;q=0.9,image/avif,image/webp,image/apng,*/*;q=0.8,application/signed-exchange;v=b3;q=0.9
User-Agent:Mozilla/5.0 (X11; Linux x86_64) AppleWebKit/537.36 (KHTML, like Gecko) Chrome/85.0.4183.102 Safari/537.36
Upgrade-Insecure-Requests:1
",cf83e1357eefb8bdf1542850d66d8007d620e4050b5715dc83f4a921d36ce9ce47d0d13c5d85f2b0ff8318d2877eec2f63b931bd47417a81a538327af927da3e,"Keep-Alive:timeout=5, max=74
Server:Apache/2.4.7 (Ubuntu)
Connection:Keep-Alive
Pragma:no-cache
Date:Mon, 11 May 2026 20:22:12 GMT
Cache-Control:no-store, no-cache, must-revalidate, post-check=0, pre-check=0
Content-Encoding:gzip
Vary:Accept-Encoding
Expires:Thu, 19 Nov 1981 08:52:00 GMT
Content-Length:1284
X-Powered-By:PHP/5.5.9-1ubuntu4.29
Content-Type:text/html
",566bc5ac83a625514b398f9c7ec331b7e061a50215f659a2eb4176429b95e4dfc51c60dfa123bad2666194d709d70e80b3170d212d60d7c4a0ba6161aeb22ca6,200
http://web/users/sample.php?userid=1,GET,"Cookie:PHPSESSID=m9o391rld7ca71c4egotsbtel7
Accept:text/html,application/xhtml+xml,application/xml;q=0.9,image/avif,image/webp,image/apng,*/*;q=0.8,application/signed-exchange;v=b3;q=0.9
User-Agent:Mozilla/5.0 (X11; Linux x86_64) AppleWebKit/537.36 (KHTML, like Gecko) Chrome/85.0.4183.102 Safari/537.36
Referer:http://web/
Upgrade-Insecure-Requests:1
",cf83e1357eefb8bdf1542850d66d8007d620e4050b5715dc83f4a921d36ce9ce47d0d13c5d85f2b0ff8318d2877eec2f63b931bd47417a81a538327af927da3e,"Keep-Alive:timeout=5, max=38
Server:Apache/2.4.7 (Ubuntu)
Connection:Keep-Alive
Pragma:no-cache
Date:Mon, 11 May 2026 20:20:08 GMT
Cache-Control:no-store, no-cache, must-revalidate, post-check=0, pre-check=0
Content-Encoding:gzip
Vary:Accept-Encoding
Expires:Thu, 19 Nov 1981 08:52:00 GMT
Content-Length:982
X-Powered-By:PHP/5.5.9-1ubuntu4.29
Content-Type:text/html
",40c93b932fb72529a5818b3685acf0aeacc06c17483c01740dde3580ace6fbff2289a0b0a9c461aca2dbc3972e3098aaca65d45e38f29ee45eda542ebf3edf71,200
http://web/,GET,"Cookie:PHPSESSID=m9o391rld7ca71c4egotsbtel7
Accept:text/html,application/xhtml+xml,application/xml;q=0.9,image/avif,image/webp,image/apng,*/*;q=0.8,application/signed-exchange;v=b3;q=0.9
User-Agent:Mozilla/5.0 (X11; Linux x86_64) AppleWebKit/537.36 (KHTML, like Gecko) Chrome/85.0.4183.102 Safari/537.36
Upgrade-Insecure-Requests:1
",cf83e1357eefb8bdf1542850d66d8007d620e4050b5715dc83f4a921d36ce9ce47d0d13c5d85f2b0ff8318d2877eec2f63b931bd47417a81a538327af927da3e,"Keep-Alive:timeout=5, max=87
Server:Apache/2.4.7 (Ubuntu)
Connection:Keep-Alive
Pragma:no-cache
Date:Mon, 11 May 2026 20:19:28 GMT
Cache-Control:no-store, no-cache, must-revalidate, post-check=0, pre-check=0
Content-Encoding:gzip
Vary:Accept-Encoding
Expires:Thu, 19 Nov 1981 08:52:00 GMT
Content-Length:1285
X-Powered-By:PHP/5.5.9-1ubuntu4.29
Content-Type:text/html
",512b85588ab91241daaba0fa862deaa211c5b4740185f381398ca3efbab8773e9cc04449bf21230ca26b5134a05541c7fdd2a204a26a5c434f9d19b7b35d1aa8,200
http://web/passcheck.php,GET,"Cookie:PHPSESSID=m9o391rld7ca71c4egotsbtel7
Accept:text/html,application/xhtml+xml,application/xml;q=0.9,image/avif,image/webp,image/apng,*/*;q=0.8,application/signed-exchange;v=b3;q=0.9
User-Agent:Mozilla/5.0 (X11; Linux x86_64) AppleWebKit/537.36 (KHTML, like Gecko) Chrome/85.0.4183.102 Safari/537.36
Referer:http://web/users/register.php
Upgrade-Insecure-Requests:1
",cf83e1357eefb8bdf1542850d66d8007d620e4050b5715dc83f4a921d36ce9ce47d0d13c5d85f2b0ff8318d2877eec2f63b931bd47417a81a538327af927da3e,"Keep-Alive:timeout=5, max=67
Server:Apache/2.4.7 (Ubuntu)
Connection:Keep-Alive
Pragma:no-cache
Date:Mon, 11 May 2026 20:21:03 GMT
Cache-Control:no-store, no-cache, must-revalidate, post-check=0, pre-check=0
Content-Encoding:gzip
Vary:Accept-Encoding
Expires:Thu, 19 Nov 1981 08:52:00 GMT
Content-Length:927
X-Powered-By:PHP/5.5.9-1ubuntu4.29
Content-Type:text/html
",af4541e52f7017e4b87e3b12fc564ee657d3f78ef2519d021e05f0d018fc76385975dfffb608b66a4d7d078c5b63cb892caadea17add41caaaa76e57e23d7dc5,200
http://web/,GET,"Cookie:PHPSESSID=m9o391rld7ca71c4egotsbtel7
Accept:text/html,application/xhtml+xml,application/xml;q=0.9,image/avif,image/webp,image/apng,*/*;q=0.8,application/signed-exchange;v=b3;q=0.9
User-Agent:Mozilla/5.0 (X11; Linux x86_64) AppleWebKit/537.36 (KHTML, like Gecko) Chrome/85.0.4183.102 Safari/537.36
Upgrade-Insecure-Requests:1
",cf83e1357eefb8bdf1542850d66d8007d620e4050b5715dc83f4a921d36ce9ce47d0d13c5d85f2b0ff8318d2877eec2f63b931bd47417a81a538327af927da3e,"Keep-Alive:timeout=5, max=14
Server:Apache/2.4.7 (Ubuntu)
Connection:Keep-Alive
Pragma:no-cache
Date:Mon, 11 May 2026 20:21:43 GMT
Cache-Control:no-store, no-cache, must-revalidate, post-check=0, pre-check=0
Content-Encoding:gzip
Vary:Accept-Encoding
Expires:Thu, 19 Nov 1981 08:52:00 GMT
Content-Length:1283
X-Powered-By:PHP/5.5.9-1ubuntu4.29
Content-Type:text/html
",657d6160c0cc44787f759a44ab40b5f51074ee0eca118ab6a9555d5b10722e47f2ebf7ce55747b60cd03716c4170c3ecf645e8a8b65f19b6bb2cc23450b85407,200
http://web/guestbook.php,GET,"Cookie:PHPSESSID=m9o391rld7ca71c4egotsbtel7
Accept:text/html,application/xhtml+xml,application/xml;q=0.9,image/avif,image/webp,image/apng,*/*;q=0.8,application/signed-exchange;v=b3;q=0.9
User-Agent:Mozilla/5.0 (X11; Linux x86_64) AppleWebKit/537.36 (KHTML, like Gecko) Chrome/85.0.4183.102 Safari/537.36
Referer:http://web/
Upgrade-Insecure-Requests:1
",cf83e1357eefb8bdf1542850d66d8007d620e4050b5715dc83f4a921d36ce9ce47d0d13c5d85f2b0ff8318d2877eec2f63b931bd47417a81a538327af927da3e,"Keep-Alive:timeout=5, max=86
Server:Apache/2.4.7 (Ubuntu)
Connection:Keep-Alive
Pragma:no-cache
Date:Mon, 11 May 2026 20:19:29 GMT
Cache-Control:no-store, no-cache, must-revalidate, post-check=0, pre-check=0
Content-Encoding:gzip
Vary:Accept-Encoding
Expires:Thu, 19 Nov 1981 08:52:00 GMT
Content-Length:997
X-Powered-By:PHP/5.5.9-1ubuntu4.29
Content-Type:text/html
",62684f4275c8f6670117ba6451bf8eb450590d6f8824a372a582a55ba02da165cbdc6d9d2282fbf01a457362edc0e7fe2c97e75de46a1faa57fbdf031ae97071,200
http://web/calendar.php?date=1778790128,GET,"Cookie:PHPSESSID=m9o391rld7ca71c4egotsbtel7
Accept:text/html,application/xhtml+xml,application/xml;q=0.9,image/avif,image/webp,image/apng,*/*;q=0.8,application/signed-exchange;v=b3;q=0.9
User-Agent:Mozilla/5.0 (X11; Linux x86_64) AppleWebKit/537.36 (KHTML, like Gecko) Chrome/85.0.4183.102 Safari/537.36
Referer:http://web/calendar.php?date=1778703728
Upgrade-Insecure-Requests:1
",cf83e1357eefb8bdf1542850d66d8007d620e4050b5715dc83f4a921d36ce9ce47d0d13c5d85f2b0ff8318d2877eec2f63b931bd47417a81a538327af927da3e,"Keep-Alive:timeout=5, max=76
Server:Apache/2.4.7 (Ubuntu)
Connection:Keep-Alive
Pragma:no-cache
Date:Mon, 11 May 2026 20:22:10 GMT
Cache-Control:no-store, no-cache, must-revalidate, post-check=0, pre-check=0
Content-Encoding:gzip
Vary:Accept-Encoding
Expires:Thu, 19 Nov 1981 08:52:00 GMT
Content-Length:944
X-Powered-By:PHP/5.5.9-1ubuntu4.29
Content-Type:text/html
",78ecde059407abd57ffddab83b760a13283df15fca8949d64885e64c01150f9e1abb84c07f4ab6071c95c882e1c9e70718a0fb4365d6ae163c688706b204969a,200
http://web/calendar.php?date=1778617301,GET,"Cookie:PHPSESSID=m9o391rld7ca71c4egotsbtel7
Accept:text/html,application/xhtml+xml,application/xml;q=0.9,image/avif,image/webp,image/apng,*/*;q=0.8,application/signed-exchange;v=b3;q=0.9
User-Agent:Mozilla/5.0 (X11; Linux x86_64) AppleWebKit/537.36 (KHTML, like Gecko) Chrome/85.0.4183.102 Safari/537.36
Referer:http://web/calendar.php
Upgrade-Insecure-Requests:1
",cf83e1357eefb8bdf1542850d66d8007d620e4050b5715dc83f4a921d36ce9ce47d0d13c5d85f2b0ff8318d2877eec2f63b931bd47417a81a538327af927da3e,"Keep-Alive:timeout=5, max=16
Server:Apache/2.4.7 (Ubuntu)
Connection:Keep-Alive
Pragma:no-cache
Date:Mon, 11 May 2026 20:21:41 GMT
Cache-Control:no-store, no-cache, must-revalidate, post-check=0, pre-check=0
Content-Encoding:gzip
Vary:Accept-Encoding
Expires:Thu, 19 Nov 1981 08:52:00 GMT
Content-Length:945
X-Powered-By:PHP/5.5.9-1ubuntu4.29
Content-Type:text/html
",147f5d5c834dd5b793dc7a35b21b0283e36999836bbb9d6185faa8d293a27a449b45ea335a5c56e035ac22e5103d7e8c03f20698af2d34d7b03bde8957e02bd3,200
http://web/calendar.php,GET,"Cookie:PHPSESSID=m9o391rld7ca71c4egotsbtel7
Accept:text/html,application/xhtml+xml,application/xml;q=0.9,image/avif,image/webp,image/apng,*/*;q=0.8,application/signed-exchange;v=b3;q=0.9
User-Agent:Mozilla/5.0 (X11; Linux x86_64) AppleWebKit/537.36 (KHTML, like Gecko) Chrome/85.0.4183.102 Safari/537.36
Referer:http://web/
Upgrade-Insecure-Requests:1
",cf83e1357eefb8bdf1542850d66d8007d620e4050b5715dc83f4a921d36ce9ce47d0d13c5d85f2b0ff8318d2877eec2f63b931bd47417a81a538327af927da3e,"Keep-Alive:timeout=5, max=34
Server:Apache/2.4.7 (Ubuntu)
Connection:Keep-Alive
Pragma:no-cache
Date:Mon, 11 May 2026 20:21:28 GMT
Cache-Control:no-store, no-cache, must-revalidate, post-check=0, pre-check=0
Content-Encoding:gzip
Vary:Accept-Encoding
Expires:Thu, 19 Nov 1981 08:52:00 GMT
Content-Length:944
X-Powered-By:PHP/5.5.9-1ubuntu4.29
Content-Type:text/html
",d01ea1c79db8957b6007479f317bbf1b651a4fd51368434be4a5d3624a47496e67531a6f07f5b979270452b8ed6ca724db9a8607c57ea3c3e5e2104e9ddb542e,200
http://web/images/search_button_white.gif,GET,"Cookie:PHPSESSID=m9o391rld7ca71c4egotsbtel7
Accept:image/avif,image/webp,image/apng,image/*,*/*;q=0.8
User-Agent:Mozilla/5.0 (X11; Linux x86_64) AppleWebKit/537.36 (KHTML, like Gecko) Chrome/85.0.4183.102 Safari/537.36
Referer:http://web/
",cf83e1357eefb8bdf1542850d66d8007d620e4050b5715dc83f4a921d36ce9ce47d0d13c5d85f2b0ff8318d2877eec2f63b931bd47417a81a538327af927da3e,"Keep-Alive:timeout=5, max=98
Server:Apache/2.4.7 (Ubuntu)
Connection:Keep-Alive
Last-Modified:Thu, 02 Feb 2017 22:24:09 GMT
Date:Mon, 11 May 2026 20:17:50 GMT
Accept-Ranges:bytes
ETag:""1fc-547939fb8b440""
Content-Length:508
Content-Type:image/gif
",c3542cdf07970477cd82086f3e0968a355533cde628c45a2018ac340357b7d2ee35b6e4bf7915290f24a679250722d300985f0ea7b2482b30ac4f8447b2f35c8,200
http://web/upload/house/hodjjgld.128_128.jpg,GET,"Cookie:PHPSESSID=m9o391rld7ca71c4egotsbtel7
Accept:image/avif,image/webp,image/apng,image/*,*/*;q=0.8
User-Agent:Mozilla/5.0 (X11; Linux x86_64) AppleWebKit/537.36 (KHTML, like Gecko) Chrome/85.0.4183.102 Safari/537.36
Referer:http://web/pictures/recent.php
",cf83e1357eefb8bdf1542850d66d8007d620e4050b5715dc83f4a921d36ce9ce47d0d13c5d85f2b0ff8318d2877eec2f63b931bd47417a81a538327af927da3e,"Keep-Alive:timeout=5, max=100
Server:Apache/2.4.7 (Ubuntu)
Connection:Keep-Alive
Last-Modified:Thu, 02 Feb 2017 22:24:09 GMT
Date:Mon, 11 May 2026 20:18:01 GMT
Accept-Ranges:bytes
ETag:""2f6e-547939fb8b440""
Content-Length:12142
Content-Type:image/jpeg
",d78d726ba03cd4ab6cfb2ff024e33ec7f851cdd7cf3389acb2ab700df6399122ee3bc74dc664abba8ea40f4d49e5c03e3def6eae872504e6aba993ed1b3b2fc0,200
http://web/users/register.php,GET,"Cookie:PHPSESSID=m9o391rld7ca71c4egotsbtel7
Accept:text/html,application/xhtml+xml,application/xml;q=0.9,image/avif,image/webp,image/apng,*/*;q=0.8,application/signed-exchange;v=b3;q=0.9
User-Agent:Mozilla/5.0 (X11; Linux x86_64) AppleWebKit/537.36 (KHTML, like Gecko) Chrome/85.0.4183.102 Safari/537.36
Referer:http://web/
Upgrade-Insecure-Requests:1
",cf83e1357eefb8bdf1542850d66d8007d620e4050b5715dc83f4a921d36ce9ce47d0d13c5d85f2b0ff8318d2877eec2f63b931bd47417a81a538327af927da3e,"Keep-Alive:timeout=5, max=62
Server:Apache/2.4.7 (Ubuntu)
Connection:Keep-Alive
Pragma:no-cache
Date:Mon, 11 May 2026 20:19:49 GMT
Cache-Control:no-store, no-cache, must-revalidate, post-check=0, pre-check=0
Content-Encoding:gzip
Vary:Accept-Encoding
Expires:Thu, 19 Nov 1981 08:52:00 GMT
Content-Length:1100
X-Powered-By:PHP/5.5.9-1ubuntu4.29
Content-Type:text/html
",39a575198bb6c45cb1cd2e8987af429fdb9ca73ef9d3c909bc40caff8494d20a9a4789eddcfd690beefb5552fd25a84b0dedfd8e880e2883f0f480ce2ba04c61,200
http://web/calendar.php?date=1778790161,GET,"Cookie:PHPSESSID=m9o391rld7ca71c4egotsbtel7
Accept:text/html,application/xhtml+xml,application/xml;q=0.9,image/avif,image/webp,image/apng,*/*;q=0.8,application/signed-exchange;v=b3;q=0.9
User-Agent:Mozilla/5.0 (X11; Linux x86_64) AppleWebKit/537.36 (KHTML, like Gecko) Chrome/85.0.4183.102 Safari/537.36
Referer:http://web/calendar.php?date=1778703761
Upgrade-Insecure-Requests:1
",cf83e1357eefb8bdf1542850d66d8007d620e4050b5715dc83f4a921d36ce9ce47d0d13c5d85f2b0ff8318d2877eec2f63b931bd47417a81a538327af927da3e,"Keep-Alive:timeout=5, max=29
Server:Apache/2.4.7 (Ubuntu)
Connection:Keep-Alive
Pragma:no-cache
Date:Mon, 11 May 2026 20:22:43 GMT
Cache-Control:no-store, no-cache, must-revalidate, post-check=0, pre-check=0
Content-Encoding:gzip
Vary:Accept-Encoding
Expires:Thu, 19 Nov 1981 08:52:00 GMT
Content-Length:945
X-Powered-By:PHP/5.5.9-1ubuntu4.29
Content-Type:text/html
",c7e4400ee1b6d2da45567a4360589a659a2d3d42f4aa042505d3681453def8614184617b49ae918a5a49622ad5eed481fb300e3f55cfd277b65183accd920cd5,200
http://web/,GET,"Cookie:PHPSESSID=m9o391rld7ca71c4egotsbtel7
Accept:text/html,application/xhtml+xml,application/xml;q=0.9,image/avif,image/webp,image/apng,*/*;q=0.8,application/signed-exchange;v=b3;q=0.9
User-Agent:Mozilla/5.0 (X11; Linux x86_64) AppleWebKit/537.36 (KHTML, like Gecko) Chrome/85.0.4183.102 Safari/537.36
Upgrade-Insecure-Requests:1
",cf83e1357eefb8bdf1542850d66d8007d620e4050b5715dc83f4a921d36ce9ce47d0d13c5d85f2b0ff8318d2877eec2f63b931bd47417a81a538327af927da3e,"Keep-Alive:timeout=5, max=34
Server:Apache/2.4.7 (Ubuntu)
Connection:Keep-Alive
Pragma:no-cache
Date:Mon, 11 May 2026 20:18:53 GMT
Cache-Control:no-store, no-cache, must-revalidate, post-check=0, pre-check=0
Content-Encoding:gzip
Vary:Accept-Encoding
Expires:Thu, 19 Nov 1981 08:52:00 GMT
Content-Length:1284
X-Powered-By:PHP/5.5.9-1ubuntu4.29
Content-Type:text/html
",c21e2fc5df7531d3c31fed5617e4484f3ec5240f691ba38e06f9a151b4c0444b683b9e1d6a77deb9dc66e2a4acb577962c2785e4da6d60ad5577083bddef4929,200
http://web/pictures/recent.php,GET,"Cookie:PHPSESSID=m9o391rld7ca71c4egotsbtel7
Accept:text/html,application/xhtml+xml,application/xml;q=0.9,image/avif,image/webp,image/apng,*/*;q=0.8,application/signed-exchange;v=b3;q=0.9
User-Agent:Mozilla/5.0 (X11; Linux x86_64) AppleWebKit/537.36 (KHTML, like Gecko) Chrome/85.0.4183.102 Safari/537.36
Referer:http://web/
Upgrade-Insecure-Requests:1
",cf83e1357eefb8bdf1542850d66d8007d620e4050b5715dc83f4a921d36ce9ce47d0d13c5d85f2b0ff8318d2877eec2f63b931bd47417a81a538327af927da3e,"Keep-Alive:timeout=5, max=9
Server:Apache/2.4.7 (Ubuntu)
Connection:Keep-Alive
Pragma:no-cache
Date:Mon, 11 May 2026 20:19:10 GMT
Cache-Control:no-store, no-cache, must-revalidate, post-check=0, pre-check=0
Content-Encoding:gzip
Vary:Accept-Encoding
Expires:Thu, 19 Nov 1981 08:52:00 GMT
Content-Length:1087
X-Powered-By:PHP/5.5.9-1ubuntu4.29
Content-Type:text/html
",ba27ed4a904d54f8e9c903d79ea0d6f380c5b13c1e2fc7da0b771b315f24315b64fcee07bb1dfe9c3fcb02560f40165903283ef951afe2d0081f64cecbbab65f,200
http://web/,GET,"Cookie:PHPSESSID=m9o391rld7ca71c4egotsbtel7
Accept:text/html,application/xhtml+xml,application/xml;q=0.9,image/avif,image/webp,image/apng,*/*;q=0.8,application/signed-exchange;v=b3;q=0.9
User-Agent:Mozilla/5.0 (X11; Linux x86_64) AppleWebKit/537.36 (KHTML, like Gecko) Chrome/85.0.4183.102 Safari/537.36
Upgrade-Insecure-Requests:1
",cf83e1357eefb8bdf1542850d66d8007d620e4050b5715dc83f4a921d36ce9ce47d0d13c5d85f2b0ff8318d2877eec2f63b931bd47417a81a538327af927da3e,"Keep-Alive:timeout=5, max=45
Server:Apache/2.4.7 (Ubuntu)
Connection:Keep-Alive
Pragma:no-cache
Date:Mon, 11 May 2026 20:22:31 GMT
Cache-Control:no-store, no-cache, must-revalidate, post-check=0, pre-check=0
Content-Encoding:gzip
Vary:Accept-Encoding
Expires:Thu, 19 Nov 1981 08:52:00 GMT
Content-Length:1284
X-Powered-By:PHP/5.5.9-1ubuntu4.29
Content-Type:text/html
",5a91cc7485e532fed0d99a14df1c50a61a99bfa76c6c00c21790faaf5f686cae2158e92d7389bda29d7a8895be37d1fe7454fce3b715d02fcee577f83509c717,200
http://web/,GET,"Cookie:PHPSESSID=m9o391rld7ca71c4egotsbtel7
Accept:text/html,application/xhtml+xml,application/xml;q=0.9,image/avif,image/webp,image/apng,*/*;q=0.8,application/signed-exchange;v=b3;q=0.9
User-Agent:Mozilla/5.0 (X11; Linux x86_64) AppleWebKit/537.36 (KHTML, like Gecko) Chrome/85.0.4183.102 Safari/537.36
Referer:http://web/users/login.php
Upgrade-Insecure-Requests:1
",cf83e1357eefb8bdf1542850d66d8007d620e4050b5715dc83f4a921d36ce9ce47d0d13c5d85f2b0ff8318d2877eec2f63b931bd47417a81a538327af927da3e,"Keep-Alive:timeout=5, max=91
Server:Apache/2.4.7 (Ubuntu)
Connection:Keep-Alive
Pragma:no-cache
Date:Mon, 11 May 2026 20:17:57 GMT
Cache-Control:no-store, no-cache, must-revalidate, post-check=0, pre-check=0
Content-Encoding:gzip
Vary:Accept-Encoding
Expires:Thu, 19 Nov 1981 08:52:00 GMT
Content-Length:1284
X-Powered-By:PHP/5.5.9-1ubuntu4.29
Content-Type:text/html
",bdba843f05ef7ad705d6b72f42a213a70ab4c17ca675544dee6f8c5adfd1982f14aaa661d2e2a1217c914526ee43b85623bf570cee61f65567b935fd18572425,200
http://web/css/blueprint/print.css,GET,"Cookie:PHPSESSID=m9o391rld7ca71c4egotsbtel7
Accept:text/css,*/*;q=0.1
User-Agent:Mozilla/5.0 (X11; Linux x86_64) AppleWebKit/537.36 (KHTML, like Gecko) Chrome/85.0.4183.102 Safari/537.36
Referer:http://web/calendar.php
",cf83e1357eefb8bdf1542850d66d8007d620e4050b5715dc83f4a921d36ce9ce47d0d13c5d85f2b0ff8318d2877eec2f63b931bd47417a81a538327af927da3e,"Server:Apache/2.4.7 (Ubuntu)
Last-Modified:Thu, 02 Feb 2017 22:24:09 GMT
Date:Mon, 11 May 2026 20:17:50 GMT
Accept-Ranges:bytes
ETag:""52d-547939fb8b440-gzip""
Content-Encoding:gzip
Vary:Accept-Encoding
Content-Length:674
Content-Type:text/css
",382bc7f4ad396de8dacb65598554ab8e1fe76b268c9b97e377be5fe694d07688463ac138e683332f401b64a7a2e8418a2a9f7f9d96e548ee8581d228368f7524,200
http://web/calendar.php,GET,"Cookie:PHPSESSID=m9o391rld7ca71c4egotsbtel7
Accept:text/html,application/xhtml+xml,application/xml;q=0.9,image/avif,image/webp,image/apng,*/*;q=0.8,application/signed-exchange;v=b3;q=0.9
User-Agent:Mozilla/5.0 (X11; Linux x86_64) AppleWebKit/537.36 (KHTML, like Gecko) Chrome/85.0.4183.102 Safari/537.36
Referer:http://web/
Upgrade-Insecure-Requests:1
",cf83e1357eefb8bdf1542850d66d8007d620e4050b5715dc83f4a921d36ce9ce47d0d13c5d85f2b0ff8318d2877eec2f63b931bd47417a81a538327af927da3e,"Keep-Alive:timeout=5, max=63
Server:Apache/2.4.7 (Ubuntu)
Connection:Keep-Alive
Pragma:no-cache
Date:Mon, 11 May 2026 20:22:20 GMT
Cache-Control:no-store, no-cache, must-revalidate, post-check=0, pre-check=0
Content-Encoding:gzip
Vary:Accept-Encoding
Expires:Thu, 19 Nov 1981 08:52:00 GMT
Content-Length:942
X-Powered-By:PHP/5.5.9-1ubuntu4.29
Content-Type:text/html
",3f5b5613d3dddf9455a59efc281cb8e5400babde3095bb75eee1b9d96af148458542bb6f91127d4947cb63a4785cf84655921b155f2cc8fc0759c9ad9a91de13,200
http://web/pictures/recent.php,GET,"Cookie:PHPSESSID=m9o391rld7ca71c4egotsbtel7
Accept:text/html,application/xhtml+xml,application/xml;q=0.9,image/avif,image/webp,image/apng,*/*;q=0.8,application/signed-exchange;v=b3;q=0.9
User-Agent:Mozilla/5.0 (X11; Linux x86_64) AppleWebKit/537.36 (KHTML, like Gecko) Chrome/85.0.4183.102 Safari/537.36
Referer:http://web/
Upgrade-Insecure-Requests:1
",cf83e1357eefb8bdf1542850d66d8007d620e4050b5715dc83f4a921d36ce9ce47d0d13c5d85f2b0ff8318d2877eec2f63b931bd47417a81a538327af927da3e,"Keep-Alive:timeout=5, max=45
Server:Apache/2.4.7 (Ubuntu)
Connection:Keep-Alive
Pragma:no-cache
Date:Mon, 11 May 2026 20:18:46 GMT
Cache-Control:no-store, no-cache, must-revalidate, post-check=0, pre-check=0
Content-Encoding:gzip
Vary:Accept-Encoding
Expires:Thu, 19 Nov 1981 08:52:00 GMT
Content-Length:1088
X-Powered-By:PHP/5.5.9-1ubuntu4.29
Content-Type:text/html
",72a1e6d715f5ba33d28cb62dfbe8b5e19bf1618b45bd174fcf9f01cbd4ce5332fe1e95d4c0241e676ba94a5629bb112f7a4a2046b852995593349cc7f36c8d5d,200
http://web/css/blueprint/screen.css,GET,"Cookie:PHPSESSID=m9o391rld7ca71c4egotsbtel7
Accept:text/css,*/*;q=0.1
User-Agent:Mozilla/5.0 (X11; Linux x86_64) AppleWebKit/537.36 (KHTML, like Gecko) Chrome/85.0.4183.102 Safari/537.36
Referer:http://web/pictures/recent.php
",cf83e1357eefb8bdf1542850d66d8007d620e4050b5715dc83f4a921d36ce9ce47d0d13c5d85f2b0ff8318d2877eec2f63b931bd47417a81a538327af927da3e,"Server:Apache/2.4.7 (Ubuntu)
Last-Modified:Thu, 02 Feb 2017 22:24:09 GMT
Date:Mon, 11 May 2026 20:17:50 GMT
Accept-Ranges:bytes
ETag:""24c7-547939fb8b440-gzip""
Content-Encoding:gzip
Vary:Accept-Encoding
Content-Length:2682
Content-Type:text/css
",c0995dbb8c323ef465d8cc5d7b640b1a5435beb529b0c6e55594b1c0f3db66e859d23f70cfe8d93285234e722d677fca7c8887bee81a636881b2f91f221f976e,200
http://web/,GET,"Cookie:PHPSESSID=m9o391rld7ca71c4egotsbtel7
Accept:text/html,application/xhtml+xml,application/xml;q=0.9,image/avif,image/webp,image/apng,*/*;q=0.8,application/signed-exchange;v=b3;q=0.9
User-Agent:Mozilla/5.0 (X11; Linux x86_64) AppleWebKit/537.36 (KHTML, like Gecko) Chrome/85.0.4183.102 Safari/537.36
Upgrade-Insecure-Requests:1
",cf83e1357eefb8bdf1542850d66d8007d620e4050b5715dc83f4a921d36ce9ce47d0d13c5d85f2b0ff8318d2877eec2f63b931bd47417a81a538327af927da3e,"Keep-Alive:timeout=5, max=90
Server:Apache/2.4.7 (Ubuntu)
Connection:Keep-Alive
Pragma:no-cache
Date:Mon, 11 May 2026 20:19:25 GMT
Cache-Control:no-store, no-cache, must-revalidate, post-check=0, pre-check=0
Content-Encoding:gzip
Vary:Accept-Encoding
Expires:Thu, 19 Nov 1981 08:52:00 GMT
Content-Length:1284
X-Powered-By:PHP/5.5.9-1ubuntu4.29
Content-Type:text/html
",7e9473efcee2250ff0184d6189eb92203e31a67ec1a9f8770fde623c2274e49a923c634b8ed916591b2886b41bce6c802b180bd550525c6c49a25c6b7dbb43f0,200
http://web/tos.php,GET,"Cookie:PHPSESSID=m9o391rld7ca71c4egotsbtel7
Accept:text/html,application/xhtml+xml,application/xml;q=0.9,image/avif,image/webp,image/apng,*/*;q=0.8,application/signed-exchange;v=b3;q=0.9
User-Agent:Mozilla/5.0 (X11; Linux x86_64) AppleWebKit/537.36 (KHTML, like Gecko) Chrome/85.0.4183.102 Safari/537.36
Referer:http://web/tos.php
Upgrade-Insecure-Requests:1
",cf83e1357eefb8bdf1542850d66d8007d620e4050b5715dc83f4a921d36ce9ce47d0d13c5d85f2b0ff8318d2877eec2f63b931bd47417a81a538327af927da3e,"Keep-Alive:timeout=5, max=84
Server:Apache/2.4.7 (Ubuntu)
Connection:Keep-Alive
Pragma:no-cache
Date:Mon, 11 May 2026 20:20:50 GMT
Cache-Control:no-store, no-cache, must-revalidate, post-check=0, pre-check=0
Content-Encoding:gzip
Vary:Accept-Encoding
Expires:Thu, 19 Nov 1981 08:52:00 GMT
Content-Length:10227
X-Powered-By:PHP/5.5.9-1ubuntu4.29
Content-Type:text/html
",cafe1c1e7338e1923d84b7f1c6510319add77e51ba88a42f7fbd386d747aa7539e121bfc77eded8d12ca401905ed9929497673666b7292dcd1ac57285ce76ed5,200
http://web/guestbook.php,GET,"Cookie:PHPSESSID=m9o391rld7ca71c4egotsbtel7
Accept:text/html,application/xhtml+xml,application/xml;q=0.9,image/avif,image/webp,image/apng,*/*;q=0.8,application/signed-exchange;v=b3;q=0.9
User-Agent:Mozilla/5.0 (X11; Linux x86_64) AppleWebKit/537.36 (KHTML, like Gecko) Chrome/85.0.4183.102 Safari/537.36
Referer:http://web/guestbook.php
Upgrade-Insecure-Requests:1
",cf83e1357eefb8bdf1542850d66d8007d620e4050b5715dc83f4a921d36ce9ce47d0d13c5d85f2b0ff8318d2877eec2f63b931bd47417a81a538327af927da3e,"Keep-Alive:timeout=5, max=95
Server:Apache/2.4.7 (Ubuntu)
Connection:Keep-Alive
Pragma:no-cache
Date:Mon, 11 May 2026 20:19:21 GMT
Cache-Control:no-store, no-cache, must-revalidate, post-check=0, pre-check=0
Content-Encoding:gzip
Vary:Accept-Encoding
Expires:Thu, 19 Nov 1981 08:52:00 GMT
Content-Length:1000
X-Powered-By:PHP/5.5.9-1ubuntu4.29
Content-Type:text/html
",3bec30ef2570ec703bfa1c9dc7ef3c684f21ab56636db9351b8f6c74a257776aa881f1bc7912587d71478e9d7803f5c1b3a98d3b9583d2363900dd726e2e2a47,200
http://web/tos.php,GET,"Cookie:PHPSESSID=m9o391rld7ca71c4egotsbtel7
Accept:text/html,application/xhtml+xml,application/xml;q=0.9,image/avif,image/webp,image/apng,*/*;q=0.8,application/signed-exchange;v=b3;q=0.9
User-Agent:Mozilla/5.0 (X11; Linux x86_64) AppleWebKit/537.36 (KHTML, like Gecko) Chrome/85.0.4183.102 Safari/537.36
Referer:http://web/passcheck.php
Upgrade-Insecure-Requests:1
",cf83e1357eefb8bdf1542850d66d8007d620e4050b5715dc83f4a921d36ce9ce47d0d13c5d85f2b0ff8318d2877eec2f63b931bd47417a81a538327af927da3e,"Keep-Alive:timeout=5, max=50
Server:Apache/2.4.7 (Ubuntu)
Connection:Keep-Alive
Pragma:no-cache
Date:Mon, 11 May 2026 20:21:16 GMT
Cache-Control:no-store, no-cache, must-revalidate, post-check=0, pre-check=0
Content-Encoding:gzip
Vary:Accept-Encoding
Expires:Thu, 19 Nov 1981 08:52:00 GMT
Content-Length:10225
X-Powered-By:PHP/5.5.9-1ubuntu4.29
Content-Type:text/html
",6e46788870b4511e55b463597495a90e98cde6fe97405e8481dc54569e15b0fa427f9b632e0c183a33c87871dc6a190747220c0360e45e99fede149c6f533c8e,200
http://web/guestbook.php,GET,"Cookie:PHPSESSID=m9o391rld7ca71c4egotsbtel7
Accept:text/html,application/xhtml+xml,application/xml;q=0.9,image/avif,image/webp,image/apng,*/*;q=0.8,application/signed-exchange;v=b3;q=0.9
User-Agent:Mozilla/5.0 (X11; Linux x86_64) AppleWebKit/537.36 (KHTML, like Gecko) Chrome/85.0.4183.102 Safari/537.36
Referer:http://web/calendar.php?date=1778790157
Upgrade-Insecure-Requests:1
",cf83e1357eefb8bdf1542850d66d8007d620e4050b5715dc83f4a921d36ce9ce47d0d13c5d85f2b0ff8318d2877eec2f63b931bd47417a81a538327af927da3e,"Keep-Alive:timeout=5, max=34
Server:Apache/2.4.7 (Ubuntu)
Connection:Keep-Alive
Pragma:no-cache
Date:Mon, 11 May 2026 20:22:39 GMT
Cache-Control:no-store, no-cache, must-revalidate, post-check=0, pre-check=0
Content-Encoding:gzip
Vary:Accept-Encoding
Expires:Thu, 19 Nov 1981 08:52:00 GMT
Content-Length:997
X-Powered-By:PHP/5.5.9-1ubuntu4.29
Content-Type:text/html
",916c0cd04ac208a70d9deb891822dc9b38b956bd46d09166963f37f1ae5a6c94073c12960a379018a7b48331a50c59d99c67e68c0743671fa9f0229f658cadf6,200
http://web/admin/index.php?page=login,GET,"Cookie:PHPSESSID=m9o391rld7ca71c4egotsbtel7
Accept:text/html,application/xhtml+xml,application/xml;q=0.9,image/avif,image/webp,image/apng,*/*;q=0.8,application/signed-exchange;v=b3;q=0.9
User-Agent:Mozilla/5.0 (X11; Linux x86_64) AppleWebKit/537.36 (KHTML, like Gecko) Chrome/85.0.4183.102 Safari/537.36
Referer:http://web/passcheck.php
Upgrade-Insecure-Requests:1
",cf83e1357eefb8bdf1542850d66d8007d620e4050b5715dc83f4a921d36ce9ce47d0d13c5d85f2b0ff8318d2877eec2f63b931bd47417a81a538327af927da3e,"Keep-Alive:timeout=5, max=54
Server:Apache/2.4.7 (Ubuntu)
Connection:Keep-Alive
Pragma:no-cache
Date:Mon, 11 May 2026 20:21:13 GMT
Cache-Control:no-store, no-cache, must-revalidate, post-check=0, pre-check=0
Content-Encoding:gzip
Vary:Accept-Encoding
Expires:Thu, 19 Nov 1981 08:52:00 GMT
Content-Length:216
X-Powered-By:PHP/5.5.9-1ubuntu4.29
Content-Type:text/html
",196ede1ff73060863f0ba926215d52fb20f97acb2c65ba9d350c9277aa1b65a1d2324f2f082cfe5a06a3200546245f6fac78e0d17a2328fd04263a078d43e9c8,200
http://web/calendar.php?date=1778617365,GET,"Cookie:PHPSESSID=m9o391rld7ca71c4egotsbtel7
Accept:text/html,application/xhtml+xml,application/xml;q=0.9,image/avif,image/webp,image/apng,*/*;q=0.8,application/signed-exchange;v=b3;q=0.9
User-Agent:Mozilla/5.0 (X11; Linux x86_64) AppleWebKit/537.36 (KHTML, like Gecko) Chrome/85.0.4183.102 Safari/537.36
Referer:http://web/calendar.php
Upgrade-Insecure-Requests:1
",cf83e1357eefb8bdf1542850d66d8007d620e4050b5715dc83f4a921d36ce9ce47d0d13c5d85f2b0ff8318d2877eec2f63b931bd47417a81a538327af927da3e,"Keep-Alive:timeout=5, max=25
Server:Apache/2.4.7 (Ubuntu)
Connection:Keep-Alive
Pragma:no-cache
Date:Mon, 11 May 2026 20:22:46 GMT
Cache-Control:no-store, no-cache, must-revalidate, post-check=0, pre-check=0
Content-Encoding:gzip
Vary:Accept-Encoding
Expires:Thu, 19 Nov 1981 08:52:00 GMT
Content-Length:946
X-Powered-By:PHP/5.5.9-1ubuntu4.29
Content-Type:text/html
",93cdd41892beb0b3a627884bc3da30942a4dd5aa331c6ae40f619f6b643ba092860e8eac5d68081a23b5dcaa327f7438d6bc49a0fb1a10f50760763d2a356b8a,200
http://web/,GET,"Cookie:PHPSESSID=m9o391rld7ca71c4egotsbtel7
Accept:text/html,application/xhtml+xml,application/xml;q=0.9,image/avif,image/webp,image/apng,*/*;q=0.8,application/signed-exchange;v=b3;q=0.9
User-Agent:Mozilla/5.0 (X11; Linux x86_64) AppleWebKit/537.36 (KHTML, like Gecko) Chrome/85.0.4183.102 Safari/537.36
Referer:http://web/calendar.php?date=1778617301
Upgrade-Insecure-Requests:1
",cf83e1357eefb8bdf1542850d66d8007d620e4050b5715dc83f4a921d36ce9ce47d0d13c5d85f2b0ff8318d2877eec2f63b931bd47417a81a538327af927da3e,"Keep-Alive:timeout=5, max=15
Server:Apache/2.4.7 (Ubuntu)
Connection:Keep-Alive
Pragma:no-cache
Date:Mon, 11 May 2026 20:21:42 GMT
Cache-Control:no-store, no-cache, must-revalidate, post-check=0, pre-check=0
Content-Encoding:gzip
Vary:Accept-Encoding
Expires:Thu, 19 Nov 1981 08:52:00 GMT
Content-Length:1283
X-Powered-By:PHP/5.5.9-1ubuntu4.29
Content-Type:text/html
",6e2efffa6ae863ff60f11ae6b567697532d0ff56e180ae7f1d4eaf953f33e4941e6944bb829caf878595b5f9f05ecf255afbef0579857b1aa8d1de402578a37b,200
http://web/calendar.php,GET,"Cookie:PHPSESSID=m9o391rld7ca71c4egotsbtel7
Accept:text/html,application/xhtml+xml,application/xml;q=0.9,image/avif,image/webp,image/apng,*/*;q=0.8,application/signed-exchange;v=b3;q=0.9
User-Agent:Mozilla/5.0 (X11; Linux x86_64) AppleWebKit/537.36 (KHTML, like Gecko) Chrome/85.0.4183.102 Safari/537.36
Referer:http://web/
Upgrade-Insecure-Requests:1
",cf83e1357eefb8bdf1542850d66d8007d620e4050b5715dc83f4a921d36ce9ce47d0d13c5d85f2b0ff8318d2877eec2f63b931bd47417a81a538327af927da3e,"Keep-Alive:timeout=5, max=68
Server:Apache/2.4.7 (Ubuntu)
Connection:Keep-Alive
Pragma:no-cache
Date:Mon, 11 May 2026 20:22:16 GMT
Cache-Control:no-store, no-cache, must-revalidate, post-check=0, pre-check=0
Content-Encoding:gzip
Vary:Accept-Encoding
Expires:Thu, 19 Nov 1981 08:52:00 GMT
Content-Length:944
X-Powered-By:PHP/5.5.9-1ubuntu4.29
Content-Type:text/html
",e17bb2829819210335765487b30294342c3255b9a246bf7172e43a5e107343d7afd175063d6de5ad7d7ba48bdd08ef57e7d23e5092317bfef1713fbcb0b9218d,200
http://web/calendar.php?date=1778617290,GET,"Cookie:PHPSESSID=m9o391rld7ca71c4egotsbtel7
Accept:text/html,application/xhtml+xml,application/xml;q=0.9,image/avif,image/webp,image/apng,*/*;q=0.8,application/signed-exchange;v=b3;q=0.9
User-Agent:Mozilla/5.0 (X11; Linux x86_64) AppleWebKit/537.36 (KHTML, like Gecko) Chrome/85.0.4183.102 Safari/537.36
Referer:http://web/calendar.php
Upgrade-Insecure-Requests:1
",cf83e1357eefb8bdf1542850d66d8007d620e4050b5715dc83f4a921d36ce9ce47d0d13c5d85f2b0ff8318d2877eec2f63b931bd47417a81a538327af927da3e,"Keep-Alive:timeout=5, max=29
Server:Apache/2.4.7 (Ubuntu)
Connection:Keep-Alive
Pragma:no-cache
Date:Mon, 11 May 2026 20:21:31 GMT
Cache-Control:no-store, no-cache, must-revalidate, post-check=0, pre-check=0
Content-Encoding:gzip
Vary:Accept-Encoding
Expires:Thu, 19 Nov 1981 08:52:00 GMT
Content-Length:945
X-Powered-By:PHP/5.5.9-1ubuntu4.29
Content-Type:text/html
",c112d83fc1e5e0300a515bf21e2cbf0ebae0b9b63182682991625e4fe597450249efdffd6b06690010c7aca875f3ff36bead56857a98168d0803657d1354af8d,200
http://web/upload/doggie/Dog.jpg.128_128.jpg,GET,"Cookie:PHPSESSID=m9o391rld7ca71c4egotsbtel7
Accept:image/avif,image/webp,image/apng,image/*,*/*;q=0.8
User-Agent:Mozilla/5.0 (X11; Linux x86_64) AppleWebKit/537.36 (KHTML, like Gecko) Chrome/85.0.4183.102 Safari/537.36
Referer:http://web/users/sample.php?userid=1
",cf83e1357eefb8bdf1542850d66d8007d620e4050b5715dc83f4a921d36ce9ce47d0d13c5d85f2b0ff8318d2877eec2f63b931bd47417a81a538327af927da3e,"Server:Apache/2.4.7 (Ubuntu)
Last-Modified:Thu, 02 Feb 2017 22:24:09 GMT
Date:Mon, 11 May 2026 20:18:01 GMT
Accept-Ranges:bytes
ETag:""30b7-547939fb8b440""
Content-Length:12471
Content-Type:image/jpeg
",69d56f0425632e752413df2dedbeab35c78b04f88b4b5e0c3ff3c082644643ba0b4ecff40c05ff2c89177b1d27351cfad091a14195a74b8f1a0a38960c402f09,200
http://web/passcheck.php,GET,"Cookie:PHPSESSID=m9o391rld7ca71c4egotsbtel7
Accept:text/html,application/xhtml+xml,application/xml;q=0.9,image/avif,image/webp,image/apng,*/*;q=0.8,application/signed-exchange;v=b3;q=0.9
User-Agent:Mozilla/5.0 (X11; Linux x86_64) AppleWebKit/537.36 (KHTML, like Gecko) Chrome/85.0.4183.102 Safari/537.36
Referer:http://web/users/register.php
Upgrade-Insecure-Requests:1
",cf83e1357eefb8bdf1542850d66d8007d620e4050b5715dc83f4a921d36ce9ce47d0d13c5d85f2b0ff8318d2877eec2f63b931bd47417a81a538327af927da3e,"Keep-Alive:timeout=5, max=59
Server:Apache/2.4.7 (Ubuntu)
Connection:Keep-Alive
Pragma:no-cache
Date:Mon, 11 May 2026 20:21:09 GMT
Cache-Control:no-store, no-cache, must-revalidate, post-check=0, pre-check=0
Content-Encoding:gzip
Vary:Accept-Encoding
Expires:Thu, 19 Nov 1981 08:52:00 GMT
Content-Length:928
X-Powered-By:PHP/5.5.9-1ubuntu4.29
Content-Type:text/html
",904c2356d97693bedf47f6ff75ec1e2b458df56d4b68720b467d0e894069e095dda254b51480a9c100535994acaa7cc4d932a46fa9ec83ceaf43885d2a11163f,200
http://web/,GET,"Cookie:PHPSESSID=m9o391rld7ca71c4egotsbtel7
Accept:text/html,application/xhtml+xml,application/xml;q=0.9,image/avif,image/webp,image/apng,*/*;q=0.8,application/signed-exchange;v=b3;q=0.9
User-Agent:Mozilla/5.0 (X11; Linux x86_64) AppleWebKit/537.36 (KHTML, like Gecko) Chrome/85.0.4183.102 Safari/537.36
Upgrade-Insecure-Requests:1
",cf83e1357eefb8bdf1542850d66d8007d620e4050b5715dc83f4a921d36ce9ce47d0d13c5d85f2b0ff8318d2877eec2f63b931bd47417a81a538327af927da3e,"Keep-Alive:timeout=5, max=78
Server:Apache/2.4.7 (Ubuntu)
Connection:Keep-Alive
Pragma:no-cache
Date:Mon, 11 May 2026 20:20:54 GMT
Cache-Control:no-store, no-cache, must-revalidate, post-check=0, pre-check=0
Content-Encoding:gzip
Vary:Accept-Encoding
Expires:Thu, 19 Nov 1981 08:52:00 GMT
Content-Length:1282
X-Powered-By:PHP/5.5.9-1ubuntu4.29
Content-Type:text/html
",43e2ef5b56ab0b00fbf1448995c5673d0d9bc9748260b8d5055a604f2dbadcfdd8a3f9a1e38b2238e66a0e9b351bf7e7ea81a23f64071a5434cbcd1adf5234d2,200
http://web/,GET,"Cookie:PHPSESSID=m9o391rld7ca71c4egotsbtel7
Accept:text/html,application/xhtml+xml,application/xml;q=0.9,image/avif,image/webp,image/apng,*/*;q=0.8,application/signed-exchange;v=b3;q=0.9
User-Agent:Mozilla/5.0 (X11; Linux x86_64) AppleWebKit/537.36 (KHTML, like Gecko) Chrome/85.0.4183.102 Safari/537.36
Upgrade-Insecure-Requests:1
",cf83e1357eefb8bdf1542850d66d8007d620e4050b5715dc83f4a921d36ce9ce47d0d13c5d85f2b0ff8318d2877eec2f63b931bd47417a81a538327af927da3e,"Keep-Alive:timeout=5, max=19
Server:Apache/2.4.7 (Ubuntu)
Connection:Keep-Alive
Pragma:no-cache
Date:Mon, 11 May 2026 20:20:23 GMT
Cache-Control:no-store, no-cache, must-revalidate, post-check=0, pre-check=0
Content-Encoding:gzip
Vary:Accept-Encoding
Expires:Thu, 19 Nov 1981 08:52:00 GMT
Content-Length:1283
X-Powered-By:PHP/5.5.9-1ubuntu4.29
Content-Type:text/html
",20288df6eb62d48582fdeed4fe0aabf8e95bc71bf8cfe411881e85fbbdf813bf5024a08ee213c15e4f7bcf9bfa3cbe10caaa8de0f4746e5279556a148cc3f368,200
http://web/calendar.php?date=1778703710,GET,"Cookie:PHPSESSID=m9o391rld7ca71c4egotsbtel7
Accept:text/html,application/xhtml+xml,application/xml;q=0.9,image/avif,image/webp,image/apng,*/*;q=0.8,application/signed-exchange;v=b3;q=0.9
User-Agent:Mozilla/5.0 (X11; Linux x86_64) AppleWebKit/537.36 (KHTML, like Gecko) Chrome/85.0.4183.102 Safari/537.36
Referer:http://web/calendar.php?date=1778617310
Upgrade-Insecure-Requests:1
",cf83e1357eefb8bdf1542850d66d8007d620e4050b5715dc83f4a921d36ce9ce47d0d13c5d85f2b0ff8318d2877eec2f63b931bd47417a81a538327af927da3e,"Keep-Alive:timeout=5, max=3
Server:Apache/2.4.7 (Ubuntu)
Connection:Keep-Alive
Pragma:no-cache
Date:Mon, 11 May 2026 20:21:51 GMT
Cache-Control:no-store, no-cache, must-revalidate, post-check=0, pre-check=0
Content-Encoding:gzip
Vary:Accept-Encoding
Expires:Thu, 19 Nov 1981 08:52:00 GMT
Content-Length:945
X-Powered-By:PHP/5.5.9-1ubuntu4.29
Content-Type:text/html
",94dc741b6c9829621947fdf69df3946c1e6fce1b6b21556dca96784f85e705ba8b999a03fc25cb955885a47bc98e843cb45314c003812bffc03636199083c3b4,200
http://web/css/blueprint/screen.css,GET,"Cookie:PHPSESSID=m9o391rld7ca71c4egotsbtel7
Accept:text/css,*/*;q=0.1
User-Agent:Mozilla/5.0 (X11; Linux x86_64) AppleWebKit/537.36 (KHTML, like Gecko) Chrome/85.0.4183.102 Safari/537.36
Referer:http://web/
",cf83e1357eefb8bdf1542850d66d8007d620e4050b5715dc83f4a921d36ce9ce47d0d13c5d85f2b0ff8318d2877eec2f63b931bd47417a81a538327af927da3e,"Keep-Alive:timeout=5, max=99
Server:Apache/2.4.7 (Ubuntu)
Connection:Keep-Alive
Last-Modified:Thu, 02 Feb 2017 22:24:09 GMT
Date:Mon, 11 May 2026 20:17:50 GMT
Accept-Ranges:bytes
ETag:""24c7-547939fb8b440-gzip""
Content-Encoding:gzip
Vary:Accept-Encoding
Content-Length:2682
Content-Type:text/css
",c0995dbb8c323ef465d8cc5d7b640b1a5435beb529b0c6e55594b1c0f3db66e859d23f70cfe8d93285234e722d677fca7c8887bee81a636881b2f91f221f976e,200
http://web/pictures/recent.php,GET,"Cookie:PHPSESSID=m9o391rld7ca71c4egotsbtel7
Accept:text/html,application/xhtml+xml,application/xml;q=0.9,image/avif,image/webp,image/apng,*/*;q=0.8,application/signed-exchange;v=b3;q=0.9
User-Agent:Mozilla/5.0 (X11; Linux x86_64) AppleWebKit/537.36 (KHTML, like Gecko) Chrome/85.0.4183.102 Safari/537.36
Referer:http://web/
Upgrade-Insecure-Requests:1
",cf83e1357eefb8bdf1542850d66d8007d620e4050b5715dc83f4a921d36ce9ce47d0d13c5d85f2b0ff8318d2877eec2f63b931bd47417a81a538327af927da3e,"Keep-Alive:timeout=5, max=33
Server:Apache/2.4.7 (Ubuntu)
Connection:Keep-Alive
Pragma:no-cache
Date:Mon, 11 May 2026 20:18:54 GMT
Cache-Control:no-store, no-cache, must-revalidate, post-check=0, pre-check=0
Content-Encoding:gzip
Vary:Accept-Encoding
Expires:Thu, 19 Nov 1981 08:52:00 GMT
Content-Length:1087
X-Powered-By:PHP/5.5.9-1ubuntu4.29
Content-Type:text/html
",f1b77e4b775347dcb664cefd7f3fa042426bdc1d85a3c42fece58b173dce055dd2468798fa872264b6f7809223b83b22c9f84ba3f2dd804f65883af6a211b058,200
http://web/,GET,"Cookie:PHPSESSID=m9o391rld7ca71c4egotsbtel7
Accept:text/html,application/xhtml+xml,application/xml;q=0.9,image/avif,image/webp,image/apng,*/*;q=0.8,application/signed-exchange;v=b3;q=0.9
User-Agent:Mozilla/5.0 (X11; Linux x86_64) AppleWebKit/537.36 (KHTML, like Gecko) Chrome/85.0.4183.102 Safari/537.36
Upgrade-Insecure-Requests:1
",cf83e1357eefb8bdf1542850d66d8007d620e4050b5715dc83f4a921d36ce9ce47d0d13c5d85f2b0ff8318d2877eec2f63b931bd47417a81a538327af927da3e,"Keep-Alive:timeout=5, max=61
Server:Apache/2.4.7 (Ubuntu)
Connection:Keep-Alive
Pragma:no-cache
Date:Mon, 11 May 2026 20:21:07 GMT
Cache-Control:no-store, no-cache, must-revalidate, post-check=0, pre-check=0
Content-Encoding:gzip
Vary:Accept-Encoding
Expires:Thu, 19 Nov 1981 08:52:00 GMT
Content-Length:1284
X-Powered-By:PHP/5.5.9-1ubuntu4.29
Content-Type:text/html
",e276eec87c74136e5d12047a3d99ef508490614b5644a5aa72857be031893de97787a0ec136e86ff2e13a8905e6bec64c7010d85b488257be97c9b6535e49552,200
http://web/calendar.php?date=1778617324,GET,"Cookie:PHPSESSID=m9o391rld7ca71c4egotsbtel7
Accept:text/html,application/xhtml+xml,application/xml;q=0.9,image/avif,image/webp,image/apng,*/*;q=0.8,application/signed-exchange;v=b3;q=0.9
User-Agent:Mozilla/5.0 (X11; Linux x86_64) AppleWebKit/537.36 (KHTML, like Gecko) Chrome/85.0.4183.102 Safari/537.36
Referer:http://web/calendar.php
Upgrade-Insecure-Requests:1
",cf83e1357eefb8bdf1542850d66d8007d620e4050b5715dc83f4a921d36ce9ce47d0d13c5d85f2b0ff8318d2877eec2f63b931bd47417a81a538327af927da3e,"Keep-Alive:timeout=5, max=83
Server:Apache/2.4.7 (Ubuntu)
Connection:Keep-Alive
Pragma:no-cache
Date:Mon, 11 May 2026 20:22:05 GMT
Cache-Control:no-store, no-cache, must-revalidate, post-check=0, pre-check=0
Content-Encoding:gzip
Vary:Accept-Encoding
Expires:Thu, 19 Nov 1981 08:52:00 GMT
Content-Length:944
X-Powered-By:PHP/5.5.9-1ubuntu4.29
Content-Type:text/html
",307724116622665f68b9d29e4a6e3d4a865399dec5ddb7845287cdeab37c92cae6e1a3685ffed7b40d893f6d1042e80015fa152a548ca262fb0bbd7fc2f3b09f,200
http://web/,GET,"Cookie:PHPSESSID=m9o391rld7ca71c4egotsbtel7
Accept:text/html,application/xhtml+xml,application/xml;q=0.9,image/avif,image/webp,image/apng,*/*;q=0.8,application/signed-exchange;v=b3;q=0.9
User-Agent:Mozilla/5.0 (X11; Linux x86_64) AppleWebKit/537.36 (KHTML, like Gecko) Chrome/85.0.4183.102 Safari/537.36
Upgrade-Insecure-Requests:1
",cf83e1357eefb8bdf1542850d66d8007d620e4050b5715dc83f4a921d36ce9ce47d0d13c5d85f2b0ff8318d2877eec2f63b931bd47417a81a538327af927da3e,"Keep-Alive:timeout=5, max=89
Server:Apache/2.4.7 (Ubuntu)
Connection:Keep-Alive
Pragma:no-cache
Date:Mon, 11 May 2026 20:20:46 GMT
Cache-Control:no-store, no-cache, must-revalidate, post-check=0, pre-check=0
Content-Encoding:gzip
Vary:Accept-Encoding
Expires:Thu, 19 Nov 1981 08:52:00 GMT
Content-Length:1282
X-Powered-By:PHP/5.5.9-1ubuntu4.29
Content-Type:text/html
",13871e636d14bcd0880c3260ec858c04fefc2125eae9db966fc4177c434be57b63167dc307f834dcd0ee477517b6df5ccf1dcb82be863fb005e6936507f09cae,200
http://web/users/login.php,GET,"Cookie:PHPSESSID=m9o391rld7ca71c4egotsbtel7
Accept:text/html,application/xhtml+xml,application/xml;q=0.9,image/avif,image/webp,image/apng,*/*;q=0.8,application/signed-exchange;v=b3;q=0.9
User-Agent:Mozilla/5.0 (X11; Linux x86_64) AppleWebKit/537.36 (KHTML, like Gecko) Chrome/85.0.4183.102 Safari/537.36
Referer:http://web/pictures/recent.php
Upgrade-Insecure-Requests:1
",cf83e1357eefb8bdf1542850d66d8007d620e4050b5715dc83f4a921d36ce9ce47d0d13c5d85f2b0ff8318d2877eec2f63b931bd47417a81a538327af927da3e,"Keep-Alive:timeout=5, max=43
Server:Apache/2.4.7 (Ubuntu)
Connection:Keep-Alive
Pragma:no-cache
Date:Mon, 11 May 2026 20:18:47 GMT
Cache-Control:no-store, no-cache, must-revalidate, post-check=0, pre-check=0
Content-Encoding:gzip
Vary:Accept-Encoding
Expires:Thu, 19 Nov 1981 08:52:00 GMT
Content-Length:976
X-Powered-By:PHP/5.5.9-1ubuntu4.29
Content-Type:text/html
",76140987acf4d6712fcf532438770d590d9da87480bed9b5b472551dbdf863250a98df49c909d88de59bbcf7a39d5a4e54e2a7bfcfd0787dbede3cb9026629ba,200
http://web/calendar.php?date=1778617236,GET,"Cookie:PHPSESSID=m9o391rld7ca71c4egotsbtel7
Accept:text/html,application/xhtml+xml,application/xml;q=0.9,image/avif,image/webp,image/apng,*/*;q=0.8,application/signed-exchange;v=b3;q=0.9
User-Agent:Mozilla/5.0 (X11; Linux x86_64) AppleWebKit/537.36 (KHTML, like Gecko) Chrome/85.0.4183.102 Safari/537.36
Referer:http://web/calendar.php
Upgrade-Insecure-Requests:1
",cf83e1357eefb8bdf1542850d66d8007d620e4050b5715dc83f4a921d36ce9ce47d0d13c5d85f2b0ff8318d2877eec2f63b931bd47417a81a538327af927da3e,"Server:Apache/2.4.7 (Ubuntu)
Connection:close
Pragma:no-cache
Date:Mon, 11 May 2026 20:20:36 GMT
Cache-Control:no-store, no-cache, must-revalidate, post-check=0, pre-check=0
Content-Encoding:gzip
Vary:Accept-Encoding
Expires:Thu, 19 Nov 1981 08:52:00 GMT
Content-Length:944
X-Powered-By:PHP/5.5.9-1ubuntu4.29
Content-Type:text/html
",762a0c269479a40a9554e0239255f5784ee64b3ed1e196f9330bb04db86d2ed9f29043d805e2bc084b27e7eed2749bfb2c610f86d0aff568ede8e84f75047f29,200
http://web/calendar.php?date=1778703740,GET,"Cookie:PHPSESSID=m9o391rld7ca71c4egotsbtel7
Accept:text/html,application/xhtml+xml,application/xml;q=0.9,image/avif,image/webp,image/apng,*/*;q=0.8,application/signed-exchange;v=b3;q=0.9
User-Agent:Mozilla/5.0 (X11; Linux x86_64) AppleWebKit/537.36 (KHTML, like Gecko) Chrome/85.0.4183.102 Safari/537.36
Referer:http://web/calendar.php?date=1778617340
Upgrade-Insecure-Requests:1
",cf83e1357eefb8bdf1542850d66d8007d620e4050b5715dc83f4a921d36ce9ce47d0d13c5d85f2b0ff8318d2877eec2f63b931bd47417a81a538327af927da3e,"Keep-Alive:timeout=5, max=61
Server:Apache/2.4.7 (Ubuntu)
Connection:Keep-Alive
Pragma:no-cache
Date:Mon, 11 May 2026 20:22:21 GMT
Cache-Control:no-store, no-cache, must-revalidate, post-check=0, pre-check=0
Content-Encoding:gzip
Vary:Accept-Encoding
Expires:Thu, 19 Nov 1981 08:52:00 GMT
Content-Length:946
X-Powered-By:PHP/5.5.9-1ubuntu4.29
Content-Type:text/html
",75a686690dbfb7ec51d6f156287fe491ff746981887d4aaca7f657826651abcb1dd05763f4a5393c7be24ff9d46563a8dc0138acc3a2f5f649c31015bef7fb6a,200
http://web/users/home.php,GET,"Cookie:PHPSESSID=m9o391rld7ca71c4egotsbtel7
Accept:text/html,application/xhtml+xml,application/xml;q=0.9,image/avif,image/webp,image/apng,*/*;q=0.8,application/signed-exchange;v=b3;q=0.9
User-Agent:Mozilla/5.0 (X11; Linux x86_64) AppleWebKit/537.36 (KHTML, like Gecko) Chrome/85.0.4183.102 Safari/537.36
Referer:http://web/
Upgrade-Insecure-Requests:1
",cf83e1357eefb8bdf1542850d66d8007d620e4050b5715dc83f4a921d36ce9ce47d0d13c5d85f2b0ff8318d2877eec2f63b931bd47417a81a538327af927da3e,"Keep-Alive:timeout=5, max=65
Server:Apache/2.4.7 (Ubuntu)
Connection:Keep-Alive
Pragma:no-cache
Date:Mon, 11 May 2026 20:18:32 GMT
Cache-Control:no-store, no-cache, must-revalidate, post-check=0, pre-check=0
Expires:Thu, 19 Nov 1981 08:52:00 GMT
Content-Length:41
X-Powered-By:PHP/5.5.9-1ubuntu4.29
Location:/users/login.php
Content-Type:text/html
",cf83e1357eefb8bdf1542850d66d8007d620e4050b5715dc83f4a921d36ce9ce47d0d13c5d85f2b0ff8318d2877eec2f63b931bd47417a81a538327af927da3e,303
http://web/,GET,"Cookie:PHPSESSID=m9o391rld7ca71c4egotsbtel7
Accept:text/html,application/xhtml+xml,application/xml;q=0.9,image/avif,image/webp,image/apng,*/*;q=0.8,application/signed-exchange;v=b3;q=0.9
User-Agent:Mozilla/5.0 (X11; Linux x86_64) AppleWebKit/537.36 (KHTML, like Gecko) Chrome/85.0.4183.102 Safari/537.36
Upgrade-Insecure-Requests:1
",cf83e1357eefb8bdf1542850d66d8007d620e4050b5715dc83f4a921d36ce9ce47d0d13c5d85f2b0ff8318d2877eec2f63b931bd47417a81a538327af927da3e,"Keep-Alive:timeout=5, max=27
Server:Apache/2.4.7 (Ubuntu)
Connection:Keep-Alive
Pragma:no-cache
Date:Mon, 11 May 2026 20:21:33 GMT
Cache-Control:no-store, no-cache, must-revalidate, post-check=0, pre-check=0
Content-Encoding:gzip
Vary:Accept-Encoding
Expires:Thu, 19 Nov 1981 08:52:00 GMT
Content-Length:1283
X-Powered-By:PHP/5.5.9-1ubuntu4.29
Content-Type:text/html
",718c7a66a693d6dfd9a49e058b4fdc7ac9954893fc6196a763021bd6902de426f020603fc73da6504317dfc9ec8e00515983d07e242825cc26b1c0c9ee86b828,200
http://web/users/register.php,GET,"Cookie:PHPSESSID=m9o391rld7ca71c4egotsbtel7
Accept:text/html,application/xhtml+xml,application/xml;q=0.9,image/avif,image/webp,image/apng,*/*;q=0.8,application/signed-exchange;v=b3;q=0.9
User-Agent:Mozilla/5.0 (X11; Linux x86_64) AppleWebKit/537.36 (KHTML, like Gecko) Chrome/85.0.4183.102 Safari/537.36
Referer:http://web/
Upgrade-Insecure-Requests:1
",cf83e1357eefb8bdf1542850d66d8007d620e4050b5715dc83f4a921d36ce9ce47d0d13c5d85f2b0ff8318d2877eec2f63b931bd47417a81a538327af927da3e,"Keep-Alive:timeout=5, max=82
Server:Apache/2.4.7 (Ubuntu)
Connection:Keep-Alive
Pragma:no-cache
Date:Mon, 11 May 2026 20:20:52 GMT
Cache-Control:no-store, no-cache, must-revalidate, post-check=0, pre-check=0
Content-Encoding:gzip
Vary:Accept-Encoding
Expires:Thu, 19 Nov 1981 08:52:00 GMT
Content-Length:1100
X-Powered-By:PHP/5.5.9-1ubuntu4.29
Content-Type:text/html
",bfa5a63f002a3a4c554519bc44e4aea73864c273b14a28027a32471d9426f8780139570c2f0544f2546f7e7ac4b29ef9bb760ae14e826ae53f7dd2d0575623bf,200
http://web/tos.php,GET,"Cookie:PHPSESSID=m9o391rld7ca71c4egotsbtel7
Accept:text/html,application/xhtml+xml,application/xml;q=0.9,image/avif,image/webp,image/apng,*/*;q=0.8,application/signed-exchange;v=b3;q=0.9
User-Agent:Mozilla/5.0 (X11; Linux x86_64) AppleWebKit/537.36 (KHTML, like Gecko) Chrome/85.0.4183.102 Safari/537.36
Referer:http://web/guestbook.php
Upgrade-Insecure-Requests:1
",cf83e1357eefb8bdf1542850d66d8007d620e4050b5715dc83f4a921d36ce9ce47d0d13c5d85f2b0ff8318d2877eec2f63b931bd47417a81a538327af927da3e,"Keep-Alive:timeout=5, max=85
Server:Apache/2.4.7 (Ubuntu)
Connection:Keep-Alive
Pragma:no-cache
Date:Mon, 11 May 2026 20:19:30 GMT
Cache-Control:no-store, no-cache, must-revalidate, post-check=0, pre-check=0
Content-Encoding:gzip
Vary:Accept-Encoding
Expires:Thu, 19 Nov 1981 08:52:00 GMT
Content-Length:10229
X-Powered-By:PHP/5.5.9-1ubuntu4.29
Content-Type:text/html
",1e5317301c0a32bc467af09c198d13f577787d8792b126ab22b4c385eeae7128cd8ed7abbef57ffcf5a24bf0fa6c3a7c06e2d4497bb78175b65ff4ef29bcb7f3,200
http://web/users/login.php,GET,"Cookie:PHPSESSID=m9o391rld7ca71c4egotsbtel7
Accept:text/html,application/xhtml+xml,application/xml;q=0.9,image/avif,image/webp,image/apng,*/*;q=0.8,application/signed-exchange;v=b3;q=0.9
User-Agent:Mozilla/5.0 (X11; Linux x86_64) AppleWebKit/537.36 (KHTML, like Gecko) Chrome/85.0.4183.102 Safari/537.36
Referer:http://web/pictures/recent.php
Upgrade-Insecure-Requests:1
",cf83e1357eefb8bdf1542850d66d8007d620e4050b5715dc83f4a921d36ce9ce47d0d13c5d85f2b0ff8318d2877eec2f63b931bd47417a81a538327af927da3e,"Keep-Alive:timeout=5, max=39
Server:Apache/2.4.7 (Ubuntu)
Connection:Keep-Alive
Pragma:no-cache
Date:Mon, 11 May 2026 20:18:50 GMT
Cache-Control:no-store, no-cache, must-revalidate, post-check=0, pre-check=0
Content-Encoding:gzip
Vary:Accept-Encoding
Expires:Thu, 19 Nov 1981 08:52:00 GMT
Content-Length:976
X-Powered-By:PHP/5.5.9-1ubuntu4.29
Content-Type:text/html
",c96100a55312832896645b3f04026276b99462081a89f56ff14b41f8a31fd6afc6744c611d697bde39a797d7c52391aa82e219d65ebbefcc7c4191c41e1f5796,200
http://web/pictures/view.php?picid=11,GET,"Cookie:PHPSESSID=m9o391rld7ca71c4egotsbtel7
Accept:text/html,application/xhtml+xml,application/xml;q=0.9,image/avif,image/webp,image/apng,*/*;q=0.8,application/signed-exchange;v=b3;q=0.9
User-Agent:Mozilla/5.0 (X11; Linux x86_64) AppleWebKit/537.36 (KHTML, like Gecko) Chrome/85.0.4183.102 Safari/537.36
Referer:http://web/pictures/recent.php
Upgrade-Insecure-Requests:1
",cf83e1357eefb8bdf1542850d66d8007d620e4050b5715dc83f4a921d36ce9ce47d0d13c5d85f2b0ff8318d2877eec2f63b931bd47417a81a538327af927da3e,"Keep-Alive:timeout=5, max=28
Server:Apache/2.4.7 (Ubuntu)
Connection:Keep-Alive
Pragma:no-cache
Date:Mon, 11 May 2026 20:18:57 GMT
Cache-Control:no-store, no-cache, must-revalidate, post-check=0, pre-check=0
Expires:Thu, 19 Nov 1981 08:52:00 GMT
Content-Length:41
X-Powered-By:PHP/5.5.9-1ubuntu4.29
Location:/users/login.php
Content-Type:text/html
",cf83e1357eefb8bdf1542850d66d8007d620e4050b5715dc83f4a921d36ce9ce47d0d13c5d85f2b0ff8318d2877eec2f63b931bd47417a81a538327af927da3e,303
http://web/css/stylings.css,GET,"Cookie:PHPSESSID=m9o391rld7ca71c4egotsbtel7
Accept:text/css,*/*;q=0.1
User-Agent:Mozilla/5.0 (X11; Linux x86_64) AppleWebKit/537.36 (KHTML, like Gecko) Chrome/85.0.4183.102 Safari/537.36
Referer:http://web/guestbook.php
",cf83e1357eefb8bdf1542850d66d8007d620e4050b5715dc83f4a921d36ce9ce47d0d13c5d85f2b0ff8318d2877eec2f63b931bd47417a81a538327af927da3e,"Server:Apache/2.4.7 (Ubuntu)
Last-Modified:Thu, 02 Feb 2017 22:24:09 GMT
Date:Mon, 11 May 2026 20:17:50 GMT
Accept-Ranges:bytes
ETag:""c29-547939fb8b440-gzip""
Content-Encoding:gzip
Vary:Accept-Encoding
Content-Length:838
Content-Type:text/css
",e6142d743628221ad60b6d12a0b444a077ed8ede2504b511ffffde908ffe459f09875b3901f9a63ec228906521c445248f9277e14f591205808d8dfc200df823,200
http://web/,GET,"Cookie:PHPSESSID=m9o391rld7ca71c4egotsbtel7
Accept:text/html,application/xhtml+xml,application/xml;q=0.9,image/avif,image/webp,image/apng,*/*;q=0.8,application/signed-exchange;v=b3;q=0.9
User-Agent:Mozilla/5.0 (X11; Linux x86_64) AppleWebKit/537.36 (KHTML, like Gecko) Chrome/85.0.4183.102 Safari/537.36
Upgrade-Insecure-Requests:1
",cf83e1357eefb8bdf1542850d66d8007d620e4050b5715dc83f4a921d36ce9ce47d0d13c5d85f2b0ff8318d2877eec2f63b931bd47417a81a538327af927da3e,"Keep-Alive:timeout=5, max=10
Server:Apache/2.4.7 (Ubuntu)
Connection:Keep-Alive
Pragma:no-cache
Date:Mon, 11 May 2026 20:19:09 GMT
Cache-Control:no-store, no-cache, must-revalidate, post-check=0, pre-check=0
Content-Encoding:gzip
Vary:Accept-Encoding
Expires:Thu, 19 Nov 1981 08:52:00 GMT
Content-Length:1284
X-Powered-By:PHP/5.5.9-1ubuntu4.29
Content-Type:text/html
",6ded041ac3fe4e5ff15667a00abfbef845421e32ff5ae59de6f8819f66b35f99782c814b2444dfe89485d1a58ef4855e8daf2b62fa831cf1df68a15dc3c610d4,200
http://web/users/register.php,GET,"Cookie:PHPSESSID=m9o391rld7ca71c4egotsbtel7
Accept:text/html,application/xhtml+xml,application/xml;q=0.9,image/avif,image/webp,image/apng,*/*;q=0.8,application/signed-exchange;v=b3;q=0.9
User-Agent:Mozilla/5.0 (X11; Linux x86_64) AppleWebKit/537.36 (KHTML, like Gecko) Chrome/85.0.4183.102 Safari/537.36
Referer:http://web/
Upgrade-Insecure-Requests:1
",cf83e1357eefb8bdf1542850d66d8007d620e4050b5715dc83f4a921d36ce9ce47d0d13c5d85f2b0ff8318d2877eec2f63b931bd47417a81a538327af927da3e,"Keep-Alive:timeout=5, max=66
Server:Apache/2.4.7 (Ubuntu)
Connection:Keep-Alive
Pragma:no-cache
Date:Mon, 11 May 2026 20:19:46 GMT
Cache-Control:no-store, no-cache, must-revalidate, post-check=0, pre-check=0
Content-Encoding:gzip
Vary:Accept-Encoding
Expires:Thu, 19 Nov 1981 08:52:00 GMT
Content-Length:1101
X-Powered-By:PHP/5.5.9-1ubuntu4.29
Content-Type:text/html
",24f7dca999f67d8bb91b092fd339b5c35209e49ce3f53ad834277a466c1282982bdd0a96553903a404913d55fcb0a6a0c5cd712a5a065c2cb013cf26fcf91a68,200
http://web/users/home.php,GET,"Cookie:PHPSESSID=m9o391rld7ca71c4egotsbtel7
Accept:text/html,application/xhtml+xml,application/xml;q=0.9,image/avif,image/webp,image/apng,*/*;q=0.8,application/signed-exchange;v=b3;q=0.9
User-Agent:Mozilla/5.0 (X11; Linux x86_64) AppleWebKit/537.36 (KHTML, like Gecko) Chrome/85.0.4183.102 Safari/537.36
Referer:http://web/users/sample.php?userid=1
Upgrade-Insecure-Requests:1
",cf83e1357eefb8bdf1542850d66d8007d620e4050b5715dc83f4a921d36ce9ce47d0d13c5d85f2b0ff8318d2877eec2f63b931bd47417a81a538327af927da3e,"Keep-Alive:timeout=5, max=48
Server:Apache/2.4.7 (Ubuntu)
Connection:Keep-Alive
Pragma:no-cache
Date:Mon, 11 May 2026 20:20:02 GMT
Cache-Control:no-store, no-cache, must-revalidate, post-check=0, pre-check=0
Expires:Thu, 19 Nov 1981 08:52:00 GMT
Content-Length:41
X-Powered-By:PHP/5.5.9-1ubuntu4.29
Location:/users/login.php
Content-Type:text/html
",cf83e1357eefb8bdf1542850d66d8007d620e4050b5715dc83f4a921d36ce9ce47d0d13c5d85f2b0ff8318d2877eec2f63b931bd47417a81a538327af927da3e,303
http://web/tos.php,GET,"Cookie:PHPSESSID=m9o391rld7ca71c4egotsbtel7
Accept:text/html,application/xhtml+xml,application/xml;q=0.9,image/avif,image/webp,image/apng,*/*;q=0.8,application/signed-exchange;v=b3;q=0.9
User-Agent:Mozilla/5.0 (X11; Linux x86_64) AppleWebKit/537.36 (KHTML, like Gecko) Chrome/85.0.4183.102 Safari/537.36
Referer:http://web/calendar.php?date=1778703740
Upgrade-Insecure-Requests:1
",cf83e1357eefb8bdf1542850d66d8007d620e4050b5715dc83f4a921d36ce9ce47d0d13c5d85f2b0ff8318d2877eec2f63b931bd47417a81a538327af927da3e,"Keep-Alive:timeout=5, max=60
Server:Apache/2.4.7 (Ubuntu)
Connection:Keep-Alive
Pragma:no-cache
Date:Mon, 11 May 2026 20:22:22 GMT
Cache-Control:no-store, no-cache, must-revalidate, post-check=0, pre-check=0
Content-Encoding:gzip
Vary:Accept-Encoding
Expires:Thu, 19 Nov 1981 08:52:00 GMT
Content-Length:10227
X-Powered-By:PHP/5.5.9-1ubuntu4.29
Content-Type:text/html
",01ac85af8a10d2e7a377a8a733577f52e9c72fabd3e6d40b4985406d0cbdb53042ed656cbcb1a014182c9c93db09f07541187db1f8789cdcb11f4113d5c61454,200
http://web/users/sample.php?userid=1,GET,"Cookie:PHPSESSID=m9o391rld7ca71c4egotsbtel7
Accept:text/html,application/xhtml+xml,application/xml;q=0.9,image/avif,image/webp,image/apng,*/*;q=0.8,application/signed-exchange;v=b3;q=0.9
User-Agent:Mozilla/5.0 (X11; Linux x86_64) AppleWebKit/537.36 (KHTML, like Gecko) Chrome/85.0.4183.102 Safari/537.36
Referer:http://web/
Upgrade-Insecure-Requests:1
",cf83e1357eefb8bdf1542850d66d8007d620e4050b5715dc83f4a921d36ce9ce47d0d13c5d85f2b0ff8318d2877eec2f63b931bd47417a81a538327af927da3e,"Keep-Alive:timeout=5, max=45
Server:Apache/2.4.7 (Ubuntu)
Connection:Keep-Alive
Pragma:no-cache
Date:Mon, 11 May 2026 20:20:03 GMT
Cache-Control:no-store, no-cache, must-revalidate, post-check=0, pre-check=0
Content-Encoding:gzip
Vary:Accept-Encoding
Expires:Thu, 19 Nov 1981 08:52:00 GMT
Content-Length:981
X-Powered-By:PHP/5.5.9-1ubuntu4.29
Content-Type:text/html
",19832f87c9e158b500ccc8d403025faa94c1ae54aa76dcec30436e01b0b2126b9132e5078b841a5857867f89ee4ba14bd17a6d8bb8cae3e13fa0a253427c0dbc,200
http://web/calendar.php?date=1778703717,GET,"Cookie:PHPSESSID=m9o391rld7ca71c4egotsbtel7
Accept:text/html,application/xhtml+xml,application/xml;q=0.9,image/avif,image/webp,image/apng,*/*;q=0.8,application/signed-exchange;v=b3;q=0.9
User-Agent:Mozilla/5.0 (X11; Linux x86_64) AppleWebKit/537.36 (KHTML, like Gecko) Chrome/85.0.4183.102 Safari/537.36
Referer:http://web/calendar.php?date=1778617317
Upgrade-Insecure-Requests:1
",cf83e1357eefb8bdf1542850d66d8007d620e4050b5715dc83f4a921d36ce9ce47d0d13c5d85f2b0ff8318d2877eec2f63b931bd47417a81a538327af927da3e,"Keep-Alive:timeout=5, max=92
Server:Apache/2.4.7 (Ubuntu)
Connection:Keep-Alive
Pragma:no-cache
Date:Mon, 11 May 2026 20:21:58 GMT
Cache-Control:no-store, no-cache, must-revalidate, post-check=0, pre-check=0
Content-Encoding:gzip
Vary:Accept-Encoding
Expires:Thu, 19 Nov 1981 08:52:00 GMT
Content-Length:945
X-Powered-By:PHP/5.5.9-1ubuntu4.29
Content-Type:text/html
",353ae41a10903112f97da29569150a26e853ee275207382468f65e97fc330a4a07c0e582092babac60591aa49c95474dd8c54f2a1024f7970487833c46e0d773,200
http://web/calendar.php?date=1778703721,GET,"Cookie:PHPSESSID=m9o391rld7ca71c4egotsbtel7
Accept:text/html,application/xhtml+xml,application/xml;q=0.9,image/avif,image/webp,image/apng,*/*;q=0.8,application/signed-exchange;v=b3;q=0.9
User-Agent:Mozilla/5.0 (X11; Linux x86_64) AppleWebKit/537.36 (KHTML, like Gecko) Chrome/85.0.4183.102 Safari/537.36
Referer:http://web/calendar.php?date=1778617321
Upgrade-Insecure-Requests:1
",cf83e1357eefb8bdf1542850d66d8007d620e4050b5715dc83f4a921d36ce9ce47d0d13c5d85f2b0ff8318d2877eec2f63b931bd47417a81a538327af927da3e,"Keep-Alive:timeout=5, max=87
Server:Apache/2.4.7 (Ubuntu)
Connection:Keep-Alive
Pragma:no-cache
Date:Mon, 11 May 2026 20:22:02 GMT
Cache-Control:no-store, no-cache, must-revalidate, post-check=0, pre-check=0
Content-Encoding:gzip
Vary:Accept-Encoding
Expires:Thu, 19 Nov 1981 08:52:00 GMT
Content-Length:945
X-Powered-By:PHP/5.5.9-1ubuntu4.29
Content-Type:text/html
",35194ecbe750b5f09850e1fed151d806e7632edfb637dec126777fb609ce02093ce3ab448b3d60aceee212918a2d2c6b3bb66e84b7b21c3cd123a7a66c9895b4,200
http://web/,GET,"Cookie:PHPSESSID=m9o391rld7ca71c4egotsbtel7
Accept:text/html,application/xhtml+xml,application/xml;q=0.9,image/avif,image/webp,image/apng,*/*;q=0.8,application/signed-exchange;v=b3;q=0.9
User-Agent:Mozilla/5.0 (X11; Linux x86_64) AppleWebKit/537.36 (KHTML, like Gecko) Chrome/85.0.4183.102 Safari/537.36
Upgrade-Insecure-Requests:1
",cf83e1357eefb8bdf1542850d66d8007d620e4050b5715dc83f4a921d36ce9ce47d0d13c5d85f2b0ff8318d2877eec2f63b931bd47417a81a538327af927da3e,"Keep-Alive:timeout=5, max=30
Server:Apache/2.4.7 (Ubuntu)
Connection:Keep-Alive
Pragma:no-cache
Date:Mon, 11 May 2026 20:18:56 GMT
Cache-Control:no-store, no-cache, must-revalidate, post-check=0, pre-check=0
Content-Encoding:gzip
Vary:Accept-Encoding
Expires:Thu, 19 Nov 1981 08:52:00 GMT
Content-Length:1284
X-Powered-By:PHP/5.5.9-1ubuntu4.29
Content-Type:text/html
",50769c10ebaad1e6ec651126ecf6a4e3dd950cb21cfe784d4e1514693ff4cfce01d430dc315badd6be138fd8ad640ed729abd2410e2ad71d9027916916d4ab37,200
http://web/,GET,"Cookie:PHPSESSID=m9o391rld7ca71c4egotsbtel7
Accept:text/html,application/xhtml+xml,application/xml;q=0.9,image/avif,image/webp,image/apng,*/*;q=0.8,application/signed-exchange;v=b3;q=0.9
User-Agent:Mozilla/5.0 (X11; Linux x86_64) AppleWebKit/537.36 (KHTML, like Gecko) Chrome/85.0.4183.102 Safari/537.36
Upgrade-Insecure-Requests:1
",cf83e1357eefb8bdf1542850d66d8007d620e4050b5715dc83f4a921d36ce9ce47d0d13c5d85f2b0ff8318d2877eec2f63b931bd47417a81a538327af927da3e,"Keep-Alive:timeout=5, max=65
Server:Apache/2.4.7 (Ubuntu)
Connection:Keep-Alive
Pragma:no-cache
Date:Mon, 11 May 2026 20:21:04 GMT
Cache-Control:no-store, no-cache, must-revalidate, post-check=0, pre-check=0
Content-Encoding:gzip
Vary:Accept-Encoding
Expires:Thu, 19 Nov 1981 08:52:00 GMT
Content-Length:1283
X-Powered-By:PHP/5.5.9-1ubuntu4.29
Content-Type:text/html
",6573b458fdf18d034a35e522fbc4dc169ea16615ad739286e1b753c3f95fee169615cce32315fc18d696860efa6afda416bb4e5238973d532693b09e0c43970b,200
http://web/css/stylings.css,GET,"Cookie:PHPSESSID=m9o391rld7ca71c4egotsbtel7
Accept:text/css,*/*;q=0.1
User-Agent:Mozilla/5.0 (X11; Linux x86_64) AppleWebKit/537.36 (KHTML, like Gecko) Chrome/85.0.4183.102 Safari/537.36
Referer:http://web/users/sample.php?userid=1
",cf83e1357eefb8bdf1542850d66d8007d620e4050b5715dc83f4a921d36ce9ce47d0d13c5d85f2b0ff8318d2877eec2f63b931bd47417a81a538327af927da3e,"Server:Apache/2.4.7 (Ubuntu)
Last-Modified:Thu, 02 Feb 2017 22:24:09 GMT
Date:Mon, 11 May 2026 20:17:50 GMT
Accept-Ranges:bytes
ETag:""c29-547939fb8b440-gzip""
Content-Encoding:gzip
Vary:Accept-Encoding
Content-Length:838
Content-Type:text/css
",e6142d743628221ad60b6d12a0b444a077ed8ede2504b511ffffde908ffe459f09875b3901f9a63ec228906521c445248f9277e14f591205808d8dfc200df823,200
http://web/users/login.php,GET,"Cookie:PHPSESSID=m9o391rld7ca71c4egotsbtel7
Accept:text/html,application/xhtml+xml,application/xml;q=0.9,image/avif,image/webp,image/apng,*/*;q=0.8,application/signed-exchange;v=b3;q=0.9
User-Agent:Mozilla/5.0 (X11; Linux x86_64) AppleWebKit/537.36 (KHTML, like Gecko) Chrome/85.0.4183.102 Safari/537.36
Referer:http://web/calendar.php?date=1778617284
Upgrade-Insecure-Requests:1
",cf83e1357eefb8bdf1542850d66d8007d620e4050b5715dc83f4a921d36ce9ce47d0d13c5d85f2b0ff8318d2877eec2f63b931bd47417a81a538327af927da3e,"Keep-Alive:timeout=5, max=36
Server:Apache/2.4.7 (Ubuntu)
Connection:Keep-Alive
Pragma:no-cache
Date:Mon, 11 May 2026 20:21:26 GMT
Cache-Control:no-store, no-cache, must-revalidate, post-check=0, pre-check=0
Content-Encoding:gzip
Vary:Accept-Encoding
Expires:Thu, 19 Nov 1981 08:52:00 GMT
Content-Length:977
X-Powered-By:PHP/5.5.9-1ubuntu4.29
Content-Type:text/html
",ba72d028c0d1107b834ace0d1da51b7d05cb63f546e510bf0b75f9615d0eaf765bf15f79271433ec97dc93949bc78063c7e1d6ab0e4d3bf452e0b4a3853b9c78,200
http://web/upload/house/My_House.128_128.jpg,GET,"Cookie:PHPSESSID=m9o391rld7ca71c4egotsbtel7
Accept:image/avif,image/webp,image/apng,image/*,*/*;q=0.8
User-Agent:Mozilla/5.0 (X11; Linux x86_64) AppleWebKit/537.36 (KHTML, like Gecko) Chrome/85.0.4183.102 Safari/537.36
Referer:http://web/pictures/recent.php
",cf83e1357eefb8bdf1542850d66d8007d620e4050b5715dc83f4a921d36ce9ce47d0d13c5d85f2b0ff8318d2877eec2f63b931bd47417a81a538327af927da3e,"Server:Apache/2.4.7 (Ubuntu)
Last-Modified:Thu, 02 Feb 2017 22:24:09 GMT
Date:Mon, 11 May 2026 20:18:01 GMT
Accept-Ranges:bytes
ETag:""359b-547939fb8b440""
Content-Length:13723
Content-Type:image/jpeg
",8c4f3e706b9e8b7f56594f846de689869eda70bf37f962ef75d26f1490ef415896dc9f7a3a8e5b263ccc541d9cd895f8851a47300c6d8ce6b7def2d21eb2bcde,200
http://web/users/register.php,GET,"Cookie:PHPSESSID=m9o391rld7ca71c4egotsbtel7
Accept:text/html,application/xhtml+xml,application/xml;q=0.9,image/avif,image/webp,image/apng,*/*;q=0.8,application/signed-exchange;v=b3;q=0.9
User-Agent:Mozilla/5.0 (X11; Linux x86_64) AppleWebKit/537.36 (KHTML, like Gecko) Chrome/85.0.4183.102 Safari/537.36
Referer:http://web/
Upgrade-Insecure-Requests:1
",cf83e1357eefb8bdf1542850d66d8007d620e4050b5715dc83f4a921d36ce9ce47d0d13c5d85f2b0ff8318d2877eec2f63b931bd47417a81a538327af927da3e,"Keep-Alive:timeout=5, max=52
Server:Apache/2.4.7 (Ubuntu)
Connection:Keep-Alive
Pragma:no-cache
Date:Mon, 11 May 2026 20:21:15 GMT
Cache-Control:no-store, no-cache, must-revalidate, post-check=0, pre-check=0
Content-Encoding:gzip
Vary:Accept-Encoding
Expires:Thu, 19 Nov 1981 08:52:00 GMT
Content-Length:1099
X-Powered-By:PHP/5.5.9-1ubuntu4.29
Content-Type:text/html
",17de4f65c917e618c54292440e9b55fb27ef07a58e36fa260e6be5134543088ebcc90bc73c2ff8a641b5139d74106959da1056ba117594ba9807d3cf909b82f1,200
http://web/,GET,"Cookie:PHPSESSID=m9o391rld7ca71c4egotsbtel7
Accept:text/html,application/xhtml+xml,application/xml;q=0.9,image/avif,image/webp,image/apng,*/*;q=0.8,application/signed-exchange;v=b3;q=0.9
User-Agent:Mozilla/5.0 (X11; Linux x86_64) AppleWebKit/537.36 (KHTML, like Gecko) Chrome/85.0.4183.102 Safari/537.36
Referer:http://web/calendar.php?date=1778617236
Upgrade-Insecure-Requests:1
",cf83e1357eefb8bdf1542850d66d8007d620e4050b5715dc83f4a921d36ce9ce47d0d13c5d85f2b0ff8318d2877eec2f63b931bd47417a81a538327af927da3e,"Keep-Alive:timeout=5, max=100
Server:Apache/2.4.7 (Ubuntu)
Connection:Keep-Alive
Pragma:no-cache
Date:Mon, 11 May 2026 20:20:37 GMT
Cache-Control:no-store, no-cache, must-revalidate, post-check=0, pre-check=0
Content-Encoding:gzip
Vary:Accept-Encoding
Expires:Thu, 19 Nov 1981 08:52:00 GMT
Content-Length:1283
X-Powered-By:PHP/5.5.9-1ubuntu4.29
Content-Type:text/html
",3245f5f124fcdb083acd1e0b6904fbaa5862bb6d7572608712c41853b3c309d8e4325970ad7ea0ce2a77c2ebd019a6bdbcc8897fbfd8ff38422e70adc959e053,200
http://web/,GET,"Cookie:PHPSESSID=m9o391rld7ca71c4egotsbtel7
Accept:text/html,application/xhtml+xml,application/xml;q=0.9,image/avif,image/webp,image/apng,*/*;q=0.8,application/signed-exchange;v=b3;q=0.9
User-Agent:Mozilla/5.0 (X11; Linux x86_64) AppleWebKit/537.36 (KHTML, like Gecko) Chrome/85.0.4183.102 Safari/537.36
Referer:http://web/guestbook.php
Upgrade-Insecure-Requests:1
",cf83e1357eefb8bdf1542850d66d8007d620e4050b5715dc83f4a921d36ce9ce47d0d13c5d85f2b0ff8318d2877eec2f63b931bd47417a81a538327af927da3e,"Keep-Alive:timeout=5, max=91
Server:Apache/2.4.7 (Ubuntu)
Connection:Keep-Alive
Pragma:no-cache
Date:Mon, 11 May 2026 20:19:25 GMT
Cache-Control:no-store, no-cache, must-revalidate, post-check=0, pre-check=0
Content-Encoding:gzip
Vary:Accept-Encoding
Expires:Thu, 19 Nov 1981 08:52:00 GMT
Content-Length:1284
X-Powered-By:PHP/5.5.9-1ubuntu4.29
Content-Type:text/html
",d50d69da3c60e8a65eec642001aca4e27f2d2b0361362382d62c2b72f5d2696881224f70a1306bb0d5e7b62e0a8567bc7ef65069298c370d85dd543bf5f62842,200
http://web/,GET,"Cookie:PHPSESSID=m9o391rld7ca71c4egotsbtel7
Accept:text/html,application/xhtml+xml,application/xml;q=0.9,image/avif,image/webp,image/apng,*/*;q=0.8,application/signed-exchange;v=b3;q=0.9
User-Agent:Mozilla/5.0 (X11; Linux x86_64) AppleWebKit/537.36 (KHTML, like Gecko) Chrome/85.0.4183.102 Safari/537.36
Upgrade-Insecure-Requests:1
",cf83e1357eefb8bdf1542850d66d8007d620e4050b5715dc83f4a921d36ce9ce47d0d13c5d85f2b0ff8318d2877eec2f63b931bd47417a81a538327af927da3e,"Keep-Alive:timeout=5, max=53
Server:Apache/2.4.7 (Ubuntu)
Connection:Keep-Alive
Pragma:no-cache
Date:Mon, 11 May 2026 20:19:57 GMT
Cache-Control:no-store, no-cache, must-revalidate, post-check=0, pre-check=0
Content-Encoding:gzip
Vary:Accept-Encoding
Expires:Thu, 19 Nov 1981 08:52:00 GMT
Content-Length:1283
X-Powered-By:PHP/5.5.9-1ubuntu4.29
Content-Type:text/html
",b951b637df498c248c77cf4cc049e0955e50275943798ac0b1de0b10ca55d81fc2150507e9b69c95b63b982d3aedd0149ce5ae70cb7bbfafe49c6ef98f74bdae,200
http://web/,GET,"Cookie:PHPSESSID=m9o391rld7ca71c4egotsbtel7
Accept:text/html,application/xhtml+xml,application/xml;q=0.9,image/avif,image/webp,image/apng,*/*;q=0.8,application/signed-exchange;v=b3;q=0.9
User-Agent:Mozilla/5.0 (X11; Linux x86_64) AppleWebKit/537.36 (KHTML, like Gecko) Chrome/85.0.4183.102 Safari/537.36
Upgrade-Insecure-Requests:1
",cf83e1357eefb8bdf1542850d66d8007d620e4050b5715dc83f4a921d36ce9ce47d0d13c5d85f2b0ff8318d2877eec2f63b931bd47417a81a538327af927da3e,"Keep-Alive:timeout=5, max=76
Server:Apache/2.4.7 (Ubuntu)
Connection:Keep-Alive
Pragma:no-cache
Date:Mon, 11 May 2026 20:19:36 GMT
Cache-Control:no-store, no-cache, must-revalidate, post-check=0, pre-check=0
Content-Encoding:gzip
Vary:Accept-Encoding
Expires:Thu, 19 Nov 1981 08:52:00 GMT
Content-Length:1282
X-Powered-By:PHP/5.5.9-1ubuntu4.29
Content-Type:text/html
",de25f9b1d10fa13f4c0c28e5364063b9a4a375c8401cf22f53917421191d883ac774b0d8b339e311a908c9f5464f9b82a8b101742a5c207855f8bb6e030a8799,200
http://web/,GET,"Cookie:PHPSESSID=m9o391rld7ca71c4egotsbtel7
Accept:text/html,application/xhtml+xml,application/xml;q=0.9,image/avif,image/webp,image/apng,*/*;q=0.8,application/signed-exchange;v=b3;q=0.9
User-Agent:Mozilla/5.0 (X11; Linux x86_64) AppleWebKit/537.36 (KHTML, like Gecko) Chrome/85.0.4183.102 Safari/537.36
Upgrade-Insecure-Requests:1
",cf83e1357eefb8bdf1542850d66d8007d620e4050b5715dc83f4a921d36ce9ce47d0d13c5d85f2b0ff8318d2877eec2f63b931bd47417a81a538327af927da3e,"Keep-Alive:timeout=5, max=38
Server:Apache/2.4.7 (Ubuntu)
Connection:Keep-Alive
Pragma:no-cache
Date:Mon, 11 May 2026 20:18:51 GMT
Cache-Control:no-store, no-cache, must-revalidate, post-check=0, pre-check=0
Content-Encoding:gzip
Vary:Accept-Encoding
Expires:Thu, 19 Nov 1981 08:52:00 GMT
Content-Length:1284
X-Powered-By:PHP/5.5.9-1ubuntu4.29
Content-Type:text/html
",5047e3acec96ec025fb2e34599d17158cb9100f7f090e4cdffabc692ccee8f2315a7296ecccb9b6ba3f89a707ec9309694f3f89b6663a707e3d74a3b46c72789,200
http://web/tos.php,GET,"Cookie:PHPSESSID=m9o391rld7ca71c4egotsbtel7
Accept:text/html,application/xhtml+xml,application/xml;q=0.9,image/avif,image/webp,image/apng,*/*;q=0.8,application/signed-exchange;v=b3;q=0.9
User-Agent:Mozilla/5.0 (X11; Linux x86_64) AppleWebKit/537.36 (KHTML, like Gecko) Chrome/85.0.4183.102 Safari/537.36
Referer:http://web/users/register.php
Upgrade-Insecure-Requests:1
",cf83e1357eefb8bdf1542850d66d8007d620e4050b5715dc83f4a921d36ce9ce47d0d13c5d85f2b0ff8318d2877eec2f63b931bd47417a81a538327af927da3e,"Keep-Alive:timeout=5, max=55
Server:Apache/2.4.7 (Ubuntu)
Connection:Keep-Alive
Pragma:no-cache
Date:Mon, 11 May 2026 20:19:56 GMT
Cache-Control:no-store, no-cache, must-revalidate, post-check=0, pre-check=0
Content-Encoding:gzip
Vary:Accept-Encoding
Expires:Thu, 19 Nov 1981 08:52:00 GMT
Content-Length:10228
X-Powered-By:PHP/5.5.9-1ubuntu4.29
Content-Type:text/html
",1c9e0874ee452c5695154dd4bceaf46b2475e43cade6010bbcc27baa1220f7bfae029a32f748b0eafee20a30fc860019392e40b6177354b6b0d34a2fe79b0422,200
http://web/calendar.php,GET,"Cookie:PHPSESSID=m9o391rld7ca71c4egotsbtel7
Accept:text/html,application/xhtml+xml,application/xml;q=0.9,image/avif,image/webp,image/apng,*/*;q=0.8,application/signed-exchange;v=b3;q=0.9
User-Agent:Mozilla/5.0 (X11; Linux x86_64) AppleWebKit/537.36 (KHTML, like Gecko) Chrome/85.0.4183.102 Safari/537.36
Referer:http://web/
Upgrade-Insecure-Requests:1
",cf83e1357eefb8bdf1542850d66d8007d620e4050b5715dc83f4a921d36ce9ce47d0d13c5d85f2b0ff8318d2877eec2f63b931bd47417a81a538327af927da3e,"Keep-Alive:timeout=5, max=10
Server:Apache/2.4.7 (Ubuntu)
Connection:Keep-Alive
Pragma:no-cache
Date:Mon, 11 May 2026 20:20:29 GMT
Cache-Control:no-store, no-cache, must-revalidate, post-check=0, pre-check=0
Content-Encoding:gzip
Vary:Accept-Encoding
Expires:Thu, 19 Nov 1981 08:52:00 GMT
Content-Length:943
X-Powered-By:PHP/5.5.9-1ubuntu4.29
Content-Type:text/html
",db27b70d0b7f59849f1f305a2847f25325a78b46097bf420a98ffe4513b4a492e5f7399984e070635952494dd798c7c5fce859dfbf24ec9b47bc2285c01b9035,200
http://web/users/login.php,GET,"Cookie:PHPSESSID=m9o391rld7ca71c4egotsbtel7
Accept:text/html,application/xhtml+xml,application/xml;q=0.9,image/avif,image/webp,image/apng,*/*;q=0.8,application/signed-exchange;v=b3;q=0.9
User-Agent:Mozilla/5.0 (X11; Linux x86_64) AppleWebKit/537.36 (KHTML, like Gecko) Chrome/85.0.4183.102 Safari/537.36
Referer:http://web/pictures/recent.php
Upgrade-Insecure-Requests:1
",cf83e1357eefb8bdf1542850d66d8007d620e4050b5715dc83f4a921d36ce9ce47d0d13c5d85f2b0ff8318d2877eec2f63b931bd47417a81a538327af927da3e,"Keep-Alive:timeout=5, max=47
Server:Apache/2.4.7 (Ubuntu)
Connection:Keep-Alive
Pragma:no-cache
Date:Mon, 11 May 2026 20:18:45 GMT
Cache-Control:no-store, no-cache, must-revalidate, post-check=0, pre-check=0
Content-Encoding:gzip
Vary:Accept-Encoding
Expires:Thu, 19 Nov 1981 08:52:00 GMT
Content-Length:975
X-Powered-By:PHP/5.5.9-1ubuntu4.29
Content-Type:text/html
",310ca183f0d9229d5ed214e84ddbb619eb8bb731d5a6ebc108ec5fb27d56da9b219ec1e09d2ae45432c5a5ce4cab74d95c461c0b939f75f1ed604454b5b1af28,200
http://web/upload/flowers/flweofoee.128_128.jpg,GET,"Cookie:PHPSESSID=m9o391rld7ca71c4egotsbtel7
Accept:image/avif,image/webp,image/apng,image/*,*/*;q=0.8
User-Agent:Mozilla/5.0 (X11; Linux x86_64) AppleWebKit/537.36 (KHTML, like Gecko) Chrome/85.0.4183.102 Safari/537.36
Referer:http://web/pictures/recent.php
",cf83e1357eefb8bdf1542850d66d8007d620e4050b5715dc83f4a921d36ce9ce47d0d13c5d85f2b0ff8318d2877eec2f63b931bd47417a81a538327af927da3e,"Server:Apache/2.4.7 (Ubuntu)
Last-Modified:Thu, 02 Feb 2017 22:24:09 GMT
Date:Mon, 11 May 2026 20:18:01 GMT
Accept-Ranges:bytes
ETag:""3c1d-547939fb8b440""
Content-Length:15389
Content-Type:image/jpeg
",7e129e0bbb863976449db3222dba9d0d4f5eec34568417e96ab615e4f7981ee1790944f510629e1b701ae68b35b272656ced86d6fea3a727adec1063e078f609,200
http://web/pictures/recent.php,GET,"Cookie:PHPSESSID=m9o391rld7ca71c4egotsbtel7
Accept:text/html,application/xhtml+xml,application/xml;q=0.9,image/avif,image/webp,image/apng,*/*;q=0.8,application/signed-exchange;v=b3;q=0.9
User-Agent:Mozilla/5.0 (X11; Linux x86_64) AppleWebKit/537.36 (KHTML, like Gecko) Chrome/85.0.4183.102 Safari/537.36
Referer:http://web/users/register.php
Upgrade-Insecure-Requests:1
",cf83e1357eefb8bdf1542850d66d8007d620e4050b5715dc83f4a921d36ce9ce47d0d13c5d85f2b0ff8318d2877eec2f63b931bd47417a81a538327af927da3e,"Keep-Alive:timeout=5, max=74
Server:Apache/2.4.7 (Ubuntu)
Connection:Keep-Alive
Pragma:no-cache
Date:Mon, 11 May 2026 20:19:38 GMT
Cache-Control:no-store, no-cache, must-revalidate, post-check=0, pre-check=0
Content-Encoding:gzip
Vary:Accept-Encoding
Expires:Thu, 19 Nov 1981 08:52:00 GMT
Content-Length:1087
X-Powered-By:PHP/5.5.9-1ubuntu4.29
Content-Type:text/html
",c5bf4e2cfb13401fc2b79aa18c9fc6206c1f7f7d1398b7a2932c86ec85aedfd92575edeac852512d1114971b71012cad35e479566eebcfd0263e92b5d8050de8,200
http://web/users/login.php,GET,"Cookie:PHPSESSID=m9o391rld7ca71c4egotsbtel7
Accept:text/html,application/xhtml+xml,application/xml;q=0.9,image/avif,image/webp,image/apng,*/*;q=0.8,application/signed-exchange;v=b3;q=0.9
User-Agent:Mozilla/5.0 (X11; Linux x86_64) AppleWebKit/537.36 (KHTML, like Gecko) Chrome/85.0.4183.102 Safari/537.36
Referer:http://web/users/login.php
Upgrade-Insecure-Requests:1
",cf83e1357eefb8bdf1542850d66d8007d620e4050b5715dc83f4a921d36ce9ce47d0d13c5d85f2b0ff8318d2877eec2f63b931bd47417a81a538327af927da3e,"Keep-Alive:timeout=5, max=85
Server:Apache/2.4.7 (Ubuntu)
Connection:Keep-Alive
Pragma:no-cache
Date:Mon, 11 May 2026 20:18:00 GMT
Cache-Control:no-store, no-cache, must-revalidate, post-check=0, pre-check=0
Content-Encoding:gzip
Vary:Accept-Encoding
Expires:Thu, 19 Nov 1981 08:52:00 GMT
Content-Length:977
X-Powered-By:PHP/5.5.9-1ubuntu4.29
Content-Type:text/html
",d4c979ce86e75af4b44e372d7348ccbf4002d6f5334bdb286f4fc88e104b37fd006185fbdbca4617f89e8bc6cb84cd7511f9c670a61f57dcf48c5bb0d46cccc8,200
http://web/,GET,"Cookie:PHPSESSID=m9o391rld7ca71c4egotsbtel7
Accept:text/html,application/xhtml+xml,application/xml;q=0.9,image/avif,image/webp,image/apng,*/*;q=0.8,application/signed-exchange;v=b3;q=0.9
User-Agent:Mozilla/5.0 (X11; Linux x86_64) AppleWebKit/537.36 (KHTML, like Gecko) Chrome/85.0.4183.102 Safari/537.36
Upgrade-Insecure-Requests:1
",cf83e1357eefb8bdf1542850d66d8007d620e4050b5715dc83f4a921d36ce9ce47d0d13c5d85f2b0ff8318d2877eec2f63b931bd47417a81a538327af927da3e,"Keep-Alive:timeout=5, max=55
Server:Apache/2.4.7 (Ubuntu)
Connection:Keep-Alive
Pragma:no-cache
Date:Mon, 11 May 2026 20:18:38 GMT
Cache-Control:no-store, no-cache, must-revalidate, post-check=0, pre-check=0
Content-Encoding:gzip
Vary:Accept-Encoding
Expires:Thu, 19 Nov 1981 08:52:00 GMT
Content-Length:1284
X-Powered-By:PHP/5.5.9-1ubuntu4.29
Content-Type:text/html
",20f05fbadf949fd8322c3d369233633c0a6e8d559a639c31b57f88e77fe5e9a6149258e993b38df45ea80421945fbd048082e80557b80ae5facf5184744a3f3d,200
http://web/,GET,"Cookie:PHPSESSID=m9o391rld7ca71c4egotsbtel7
Accept:text/html,application/xhtml+xml,application/xml;q=0.9,image/avif,image/webp,image/apng,*/*;q=0.8,application/signed-exchange;v=b3;q=0.9
User-Agent:Mozilla/5.0 (X11; Linux x86_64) AppleWebKit/537.36 (KHTML, like Gecko) Chrome/85.0.4183.102 Safari/537.36
Upgrade-Insecure-Requests:1
",cf83e1357eefb8bdf1542850d66d8007d620e4050b5715dc83f4a921d36ce9ce47d0d13c5d85f2b0ff8318d2877eec2f63b931bd47417a81a538327af927da3e,"Keep-Alive:timeout=5, max=18
Server:Apache/2.4.7 (Ubuntu)
Connection:Keep-Alive
Pragma:no-cache
Date:Mon, 11 May 2026 20:19:03 GMT
Cache-Control:no-store, no-cache, must-revalidate, post-check=0, pre-check=0
Content-Encoding:gzip
Vary:Accept-Encoding
Expires:Thu, 19 Nov 1981 08:52:00 GMT
Content-Length:1284
X-Powered-By:PHP/5.5.9-1ubuntu4.29
Content-Type:text/html
",8efe948b3d65d5e31c826909e73d5b632cd840aea6706f312e13fa0bdfca9bafb1a2eec9d74548951c0e6db440da5f18c2a64f3566c3bff79a0ac8bdb55bdcde,200
http://web/,GET,"Cookie:PHPSESSID=m9o391rld7ca71c4egotsbtel7
Accept:text/html,application/xhtml+xml,application/xml;q=0.9,image/avif,image/webp,image/apng,*/*;q=0.8,application/signed-exchange;v=b3;q=0.9
User-Agent:Mozilla/5.0 (X11; Linux x86_64) AppleWebKit/537.36 (KHTML, like Gecko) Chrome/85.0.4183.102 Safari/537.36
Upgrade-Insecure-Requests:1
",cf83e1357eefb8bdf1542850d66d8007d620e4050b5715dc83f4a921d36ce9ce47d0d13c5d85f2b0ff8318d2877eec2f63b931bd47417a81a538327af927da3e,"Keep-Alive:timeout=5, max=46
Server:Apache/2.4.7 (Ubuntu)
Connection:Keep-Alive
Pragma:no-cache
Date:Mon, 11 May 2026 20:20:02 GMT
Cache-Control:no-store, no-cache, must-revalidate, post-check=0, pre-check=0
Content-Encoding:gzip
Vary:Accept-Encoding
Expires:Thu, 19 Nov 1981 08:52:00 GMT
Content-Length:1283
X-Powered-By:PHP/5.5.9-1ubuntu4.29
Content-Type:text/html
",d1cdd120f63c5b6b570593180b7678c55b9cf9d13e3d2ca752d521050cb34610437b4bd082497101325716c8146ed1700cdf46d6e0a4218c41c0caba183e7d81,200
http://web/pictures/recent.php,GET,"Cookie:PHPSESSID=m9o391rld7ca71c4egotsbtel7
Accept:text/html,application/xhtml+xml,application/xml;q=0.9,image/avif,image/webp,image/apng,*/*;q=0.8,application/signed-exchange;v=b3;q=0.9
User-Agent:Mozilla/5.0 (X11; Linux x86_64) AppleWebKit/537.36 (KHTML, like Gecko) Chrome/85.0.4183.102 Safari/537.36
Referer:http://web/
Upgrade-Insecure-Requests:1
",cf83e1357eefb8bdf1542850d66d8007d620e4050b5715dc83f4a921d36ce9ce47d0d13c5d85f2b0ff8318d2877eec2f63b931bd47417a81a538327af927da3e,"Keep-Alive:timeout=5, max=48
Server:Apache/2.4.7 (Ubuntu)
Connection:Keep-Alive
Pragma:no-cache
Date:Mon, 11 May 2026 20:18:44 GMT
Cache-Control:no-store, no-cache, must-revalidate, post-check=0, pre-check=0
Content-Encoding:gzip
Vary:Accept-Encoding
Expires:Thu, 19 Nov 1981 08:52:00 GMT
Content-Length:1087
X-Powered-By:PHP/5.5.9-1ubuntu4.29
Content-Type:text/html
",fd32610bb9b16657a18abd63986812496c1f50c966c2ba6c4aa7f620452bd4d02076cbc830c375797cc0079c727053437f3a45aad355e63692886c276c60d8ce,200
http://web/users/register.php,GET,"Cookie:PHPSESSID=m9o391rld7ca71c4egotsbtel7
Accept:text/html,application/xhtml+xml,application/xml;q=0.9,image/avif,image/webp,image/apng,*/*;q=0.8,application/signed-exchange;v=b3;q=0.9
User-Agent:Mozilla/5.0 (X11; Linux x86_64) AppleWebKit/537.36 (KHTML, like Gecko) Chrome/85.0.4183.102 Safari/537.36
Referer:http://web/
Upgrade-Insecure-Requests:1
",cf83e1357eefb8bdf1542850d66d8007d620e4050b5715dc83f4a921d36ce9ce47d0d13c5d85f2b0ff8318d2877eec2f63b931bd47417a81a538327af927da3e,"Keep-Alive:timeout=5, max=84
Server:Apache/2.4.7 (Ubuntu)
Connection:Keep-Alive
Pragma:no-cache
Date:Mon, 11 May 2026 20:18:15 GMT
Cache-Control:no-store, no-cache, must-revalidate, post-check=0, pre-check=0
Content-Encoding:gzip
Vary:Accept-Encoding
Expires:Thu, 19 Nov 1981 08:52:00 GMT
Content-Length:1101
X-Powered-By:PHP/5.5.9-1ubuntu4.29
Content-Type:text/html
",3521b139486eff4317a29de591ad021dd252149aa9aea4faf48f27399f9f68b907ccdc8daf66c45da8b81f2d1d05725035abcfc7d7d36bd8c526c53057b8fdd0,200
http://web/calendar.php?date=1778617344,GET,"Cookie:PHPSESSID=m9o391rld7ca71c4egotsbtel7
Accept:text/html,application/xhtml+xml,application/xml;q=0.9,image/avif,image/webp,image/apng,*/*;q=0.8,application/signed-exchange;v=b3;q=0.9
User-Agent:Mozilla/5.0 (X11; Linux x86_64) AppleWebKit/537.36 (KHTML, like Gecko) Chrome/85.0.4183.102 Safari/537.36
Referer:http://web/calendar.php
Upgrade-Insecure-Requests:1
",cf83e1357eefb8bdf1542850d66d8007d620e4050b5715dc83f4a921d36ce9ce47d0d13c5d85f2b0ff8318d2877eec2f63b931bd47417a81a538327af927da3e,"Keep-Alive:timeout=5, max=57
Server:Apache/2.4.7 (Ubuntu)
Connection:Keep-Alive
Pragma:no-cache
Date:Mon, 11 May 2026 20:22:24 GMT
Cache-Control:no-store, no-cache, must-revalidate, post-check=0, pre-check=0
Content-Encoding:gzip
Vary:Accept-Encoding
Expires:Thu, 19 Nov 1981 08:52:00 GMT
Content-Length:946
X-Powered-By:PHP/5.5.9-1ubuntu4.29
Content-Type:text/html
",2e96db9fe9b67a2b3666868a38b3de4b7d28291518ff45b98d4578e6247f292956cf9d705a96975cacb09744aa613b5f50137a3f71a2a25f6093f150ca7a1282,200
http://web/,GET,"Cookie:PHPSESSID=m9o391rld7ca71c4egotsbtel7
Accept:text/html,application/xhtml+xml,application/xml;q=0.9,image/avif,image/webp,image/apng,*/*;q=0.8,application/signed-exchange;v=b3;q=0.9
User-Agent:Mozilla/5.0 (X11; Linux x86_64) AppleWebKit/537.36 (KHTML, like Gecko) Chrome/85.0.4183.102 Safari/537.36
Upgrade-Insecure-Requests:1
",cf83e1357eefb8bdf1542850d66d8007d620e4050b5715dc83f4a921d36ce9ce47d0d13c5d85f2b0ff8318d2877eec2f63b931bd47417a81a538327af927da3e,"Keep-Alive:timeout=5, max=39
Server:Apache/2.4.7 (Ubuntu)
Connection:Keep-Alive
Pragma:no-cache
Date:Mon, 11 May 2026 20:22:36 GMT
Cache-Control:no-store, no-cache, must-revalidate, post-check=0, pre-check=0
Content-Encoding:gzip
Vary:Accept-Encoding
Expires:Thu, 19 Nov 1981 08:52:00 GMT
Content-Length:1283
X-Powered-By:PHP/5.5.9-1ubuntu4.29
Content-Type:text/html
",7ff0923ffc9a7d7ab663433d50e8d059bf394339d8c626e2799f81860f26f6e085d92e07fa601fa24f539a55bef736902743113c4f618b5bd492ab61ac88659d,200
http://web/,GET,"Cookie:PHPSESSID=m9o391rld7ca71c4egotsbtel7
Accept:text/html,application/xhtml+xml,application/xml;q=0.9,image/avif,image/webp,image/apng,*/*;q=0.8,application/signed-exchange;v=b3;q=0.9
User-Agent:Mozilla/5.0 (X11; Linux x86_64) AppleWebKit/537.36 (KHTML, like Gecko) Chrome/85.0.4183.102 Safari/537.36
Upgrade-Insecure-Requests:1
",cf83e1357eefb8bdf1542850d66d8007d620e4050b5715dc83f4a921d36ce9ce47d0d13c5d85f2b0ff8318d2877eec2f63b931bd47417a81a538327af927da3e,"Keep-Alive:timeout=5, max=6
Server:Apache/2.4.7 (Ubuntu)
Connection:Keep-Alive
Pragma:no-cache
Date:Mon, 11 May 2026 20:21:49 GMT
Cache-Control:no-store, no-cache, must-revalidate, post-check=0, pre-check=0
Content-Encoding:gzip
Vary:Accept-Encoding
Expires:Thu, 19 Nov 1981 08:52:00 GMT
Content-Length:1283
X-Powered-By:PHP/5.5.9-1ubuntu4.29
Content-Type:text/html
",2738be3b9a1402b1b86c75dce87c246583894fc81f3ab751abb9af37e8ffe2a741933806f7ba56e80e618856996c99096f4dbac9848d9e77104a1307cbd32a56,200
http://web/pictures/recent.php,GET,"Cookie:PHPSESSID=m9o391rld7ca71c4egotsbtel7
Accept:text/html,application/xhtml+xml,application/xml;q=0.9,image/avif,image/webp,image/apng,*/*;q=0.8,application/signed-exchange;v=b3;q=0.9
User-Agent:Mozilla/5.0 (X11; Linux x86_64) AppleWebKit/537.36 (KHTML, like Gecko) Chrome/85.0.4183.102 Safari/537.36
Referer:http://web/
Upgrade-Insecure-Requests:1
",cf83e1357eefb8bdf1542850d66d8007d620e4050b5715dc83f4a921d36ce9ce47d0d13c5d85f2b0ff8318d2877eec2f63b931bd47417a81a538327af927da3e,"Keep-Alive:timeout=5, max=54
Server:Apache/2.4.7 (Ubuntu)
Connection:Keep-Alive
Pragma:no-cache
Date:Mon, 11 May 2026 20:18:40 GMT
Cache-Control:no-store, no-cache, must-revalidate, post-check=0, pre-check=0
Content-Encoding:gzip
Vary:Accept-Encoding
Expires:Thu, 19 Nov 1981 08:52:00 GMT
Content-Length:1088
X-Powered-By:PHP/5.5.9-1ubuntu4.29
Content-Type:text/html
",877104cdd0f070d2417ff237403166ac6b6c34477bd1b86a61f743672088717457d81d5fff9972aec76702dd65b9d062f81c332a17dfb0e4d1adfb786a135a89,200
http://web/calendar.php?date=1778703713,GET,"Cookie:PHPSESSID=m9o391rld7ca71c4egotsbtel7
Accept:text/html,application/xhtml+xml,application/xml;q=0.9,image/avif,image/webp,image/apng,*/*;q=0.8,application/signed-exchange;v=b3;q=0.9
User-Agent:Mozilla/5.0 (X11; Linux x86_64) AppleWebKit/537.36 (KHTML, like Gecko) Chrome/85.0.4183.102 Safari/537.36
Referer:http://web/calendar.php?date=1778617313
Upgrade-Insecure-Requests:1
",cf83e1357eefb8bdf1542850d66d8007d620e4050b5715dc83f4a921d36ce9ce47d0d13c5d85f2b0ff8318d2877eec2f63b931bd47417a81a538327af927da3e,"Keep-Alive:timeout=5, max=98
Server:Apache/2.4.7 (Ubuntu)
Connection:Keep-Alive
Pragma:no-cache
Date:Mon, 11 May 2026 20:21:55 GMT
Cache-Control:no-store, no-cache, must-revalidate, post-check=0, pre-check=0
Content-Encoding:gzip
Vary:Accept-Encoding
Expires:Thu, 19 Nov 1981 08:52:00 GMT
Content-Length:945
X-Powered-By:PHP/5.5.9-1ubuntu4.29
Content-Type:text/html
",ead7b24da228db992a4530a54396a724a856cf1f41b8a6776f29c5f262ead80c276c7fd706524db26236971d2fd0f95f53e2f70a115ff1e6f56bac5c413b01f3,200
http://web/users/home.php,GET,"Cookie:PHPSESSID=m9o391rld7ca71c4egotsbtel7
Accept:text/html,application/xhtml+xml,application/xml;q=0.9,image/avif,image/webp,image/apng,*/*;q=0.8,application/signed-exchange;v=b3;q=0.9
User-Agent:Mozilla/5.0 (X11; Linux x86_64) AppleWebKit/537.36 (KHTML, like Gecko) Chrome/85.0.4183.102 Safari/537.36
Referer:http://web/calendar.php
Upgrade-Insecure-Requests:1
",cf83e1357eefb8bdf1542850d66d8007d620e4050b5715dc83f4a921d36ce9ce47d0d13c5d85f2b0ff8318d2877eec2f63b931bd47417a81a538327af927da3e,"Keep-Alive:timeout=5, max=17
Server:Apache/2.4.7 (Ubuntu)
Connection:Keep-Alive
Pragma:no-cache
Date:Mon, 11 May 2026 20:20:24 GMT
Cache-Control:no-store, no-cache, must-revalidate, post-check=0, pre-check=0
Expires:Thu, 19 Nov 1981 08:52:00 GMT
Content-Length:41
X-Powered-By:PHP/5.5.9-1ubuntu4.29
Location:/users/login.php
Content-Type:text/html
",cf83e1357eefb8bdf1542850d66d8007d620e4050b5715dc83f4a921d36ce9ce47d0d13c5d85f2b0ff8318d2877eec2f63b931bd47417a81a538327af927da3e,303
http://web/,GET,"Cookie:PHPSESSID=m9o391rld7ca71c4egotsbtel7
Accept:text/html,application/xhtml+xml,application/xml;q=0.9,image/avif,image/webp,image/apng,*/*;q=0.8,application/signed-exchange;v=b3;q=0.9
User-Agent:Mozilla/5.0 (X11; Linux x86_64) AppleWebKit/537.36 (KHTML, like Gecko) Chrome/85.0.4183.102 Safari/537.36
Referer:http://web/users/register.php
Upgrade-Insecure-Requests:1
",cf83e1357eefb8bdf1542850d66d8007d620e4050b5715dc83f4a921d36ce9ce47d0d13c5d85f2b0ff8318d2877eec2f63b931bd47417a81a538327af927da3e,"Keep-Alive:timeout=5, max=61
Server:Apache/2.4.7 (Ubuntu)
Connection:Keep-Alive
Pragma:no-cache
Date:Mon, 11 May 2026 20:19:50 GMT
Cache-Control:no-store, no-cache, must-revalidate, post-check=0, pre-check=0
Content-Encoding:gzip
Vary:Accept-Encoding
Expires:Thu, 19 Nov 1981 08:52:00 GMT
Content-Length:1283
X-Powered-By:PHP/5.5.9-1ubuntu4.29
Content-Type:text/html
",0f35ee21c0325919c7e61b9578cc0d5b35ff993b90bb58280d56cdfe756d638f43d7719de245ee6535140c69bd3f5ed3232f0b900a538a720a347cd1d91b1b8c,200
http://web/calendar.php,GET,"Cookie:PHPSESSID=m9o391rld7ca71c4egotsbtel7
Accept:text/html,application/xhtml+xml,application/xml;q=0.9,image/avif,image/webp,image/apng,*/*;q=0.8,application/signed-exchange;v=b3;q=0.9
User-Agent:Mozilla/5.0 (X11; Linux x86_64) AppleWebKit/537.36 (KHTML, like Gecko) Chrome/85.0.4183.102 Safari/537.36
Referer:http://web/
Upgrade-Insecure-Requests:1
",cf83e1357eefb8bdf1542850d66d8007d620e4050b5715dc83f4a921d36ce9ce47d0d13c5d85f2b0ff8318d2877eec2f63b931bd47417a81a538327af927da3e,"Keep-Alive:timeout=5, max=44
Server:Apache/2.4.7 (Ubuntu)
Connection:Keep-Alive
Pragma:no-cache
Date:Mon, 11 May 2026 20:21:21 GMT
Cache-Control:no-store, no-cache, must-revalidate, post-check=0, pre-check=0
Content-Encoding:gzip
Vary:Accept-Encoding
Expires:Thu, 19 Nov 1981 08:52:00 GMT
Content-Length:943
X-Powered-By:PHP/5.5.9-1ubuntu4.29
Content-Type:text/html
",d9aa15374006b6ee54848c4992dc9fb43796afadfdcecf68a2b4278a3e45f5085c2c71c0824cf94c17f1f6cd82ea2bef5595edec3c492816313b51953bda81f2,200
http://web/calendar.php,GET,"Cookie:PHPSESSID=m9o391rld7ca71c4egotsbtel7
Accept:text/html,application/xhtml+xml,application/xml;q=0.9,image/avif,image/webp,image/apng,*/*;q=0.8,application/signed-exchange;v=b3;q=0.9
User-Agent:Mozilla/5.0 (X11; Linux x86_64) AppleWebKit/537.36 (KHTML, like Gecko) Chrome/85.0.4183.102 Safari/537.36
Referer:http://web/
Upgrade-Insecure-Requests:1
",cf83e1357eefb8bdf1542850d66d8007d620e4050b5715dc83f4a921d36ce9ce47d0d13c5d85f2b0ff8318d2877eec2f63b931bd47417a81a538327af927da3e,"Keep-Alive:timeout=5, max=79
Server:Apache/2.4.7 (Ubuntu)
Connection:Keep-Alive
Pragma:no-cache
Date:Mon, 11 May 2026 20:22:08 GMT
Cache-Control:no-store, no-cache, must-revalidate, post-check=0, pre-check=0
Content-Encoding:gzip
Vary:Accept-Encoding
Expires:Thu, 19 Nov 1981 08:52:00 GMT
Content-Length:944
X-Powered-By:PHP/5.5.9-1ubuntu4.29
Content-Type:text/html
",49e5beb80ea3ed7db305c22b7d972724342df80327b9ac0e95168b9136e00e903a02cbbe833710f30356dfc7e489dd673f51a8029f46962123a662db792924f8,200
http://web/users/login.php,GET,"Cookie:PHPSESSID=m9o391rld7ca71c4egotsbtel7
Accept:text/html,application/xhtml+xml,application/xml;q=0.9,image/avif,image/webp,image/apng,*/*;q=0.8,application/signed-exchange;v=b3;q=0.9
User-Agent:Mozilla/5.0 (X11; Linux x86_64) AppleWebKit/537.36 (KHTML, like Gecko) Chrome/85.0.4183.102 Safari/537.36
Referer:http://web/users/register.php
Upgrade-Insecure-Requests:1
",cf83e1357eefb8bdf1542850d66d8007d620e4050b5715dc83f4a921d36ce9ce47d0d13c5d85f2b0ff8318d2877eec2f63b931bd47417a81a538327af927da3e,"Keep-Alive:timeout=5, max=77
Server:Apache/2.4.7 (Ubuntu)
Connection:Keep-Alive
Pragma:no-cache
Date:Mon, 11 May 2026 20:19:36 GMT
Cache-Control:no-store, no-cache, must-revalidate, post-check=0, pre-check=0
Content-Encoding:gzip
Vary:Accept-Encoding
Expires:Thu, 19 Nov 1981 08:52:00 GMT
Content-Length:976
X-Powered-By:PHP/5.5.9-1ubuntu4.29
Content-Type:text/html
",da55bb8847874ff0e8e7d82c1c03226c342008f11fb54f98f0802871ed431eb96b2aa2278cfc5193e16f3c96af91e500e75027fd9f64095932b5108c843264a4,200
http://web/users/home.php,GET,"Cookie:PHPSESSID=m9o391rld7ca71c4egotsbtel7
Accept:text/html,application/xhtml+xml,application/xml;q=0.9,image/avif,image/webp,image/apng,*/*;q=0.8,application/signed-exchange;v=b3;q=0.9
User-Agent:Mozilla/5.0 (X11; Linux x86_64) AppleWebKit/537.36 (KHTML, like Gecko) Chrome/85.0.4183.102 Safari/537.36
Referer:http://web/users/login.php
Upgrade-Insecure-Requests:1
",cf83e1357eefb8bdf1542850d66d8007d620e4050b5715dc83f4a921d36ce9ce47d0d13c5d85f2b0ff8318d2877eec2f63b931bd47417a81a538327af927da3e,"Keep-Alive:timeout=5, max=88
Server:Apache/2.4.7 (Ubuntu)
Connection:Keep-Alive
Pragma:no-cache
Date:Mon, 11 May 2026 20:17:59 GMT
Cache-Control:no-store, no-cache, must-revalidate, post-check=0, pre-check=0
Expires:Thu, 19 Nov 1981 08:52:00 GMT
Content-Length:41
X-Powered-By:PHP/5.5.9-1ubuntu4.29
Location:/users/login.php
Content-Type:text/html
",cf83e1357eefb8bdf1542850d66d8007d620e4050b5715dc83f4a921d36ce9ce47d0d13c5d85f2b0ff8318d2877eec2f63b931bd47417a81a538327af927da3e,303
http://web/admin/index.php?page=login,GET,"Cookie:PHPSESSID=m9o391rld7ca71c4egotsbtel7
Accept:text/html,application/xhtml+xml,application/xml;q=0.9,image/avif,image/webp,image/apng,*/*;q=0.8,application/signed-exchange;v=b3;q=0.9
User-Agent:Mozilla/5.0 (X11; Linux x86_64) AppleWebKit/537.36 (KHTML, like Gecko) Chrome/85.0.4183.102 Safari/537.36
Referer:http://web/guestbook.php
Upgrade-Insecure-Requests:1
",cf83e1357eefb8bdf1542850d66d8007d620e4050b5715dc83f4a921d36ce9ce47d0d13c5d85f2b0ff8318d2877eec2f63b931bd47417a81a538327af927da3e,"Keep-Alive:timeout=5, max=88
Server:Apache/2.4.7 (Ubuntu)
Connection:Keep-Alive
Pragma:no-cache
Date:Mon, 11 May 2026 20:19:27 GMT
Cache-Control:no-store, no-cache, must-revalidate, post-check=0, pre-check=0
Content-Encoding:gzip
Vary:Accept-Encoding
Expires:Thu, 19 Nov 1981 08:52:00 GMT
Content-Length:216
X-Powered-By:PHP/5.5.9-1ubuntu4.29
Content-Type:text/html
",c8f9cd9ffc7d6c88e005712aea46cdc905f2b6e573b305aa6a23dec54f1a6a2c52e39d865690bdba76c0c50104b57b560142864ed2a13a27216ad70f75b7a413,200
http://web/admin/index.php?page=login,GET,"Cookie:PHPSESSID=m9o391rld7ca71c4egotsbtel7
Accept:text/html,application/xhtml+xml,application/xml;q=0.9,image/avif,image/webp,image/apng,*/*;q=0.8,application/signed-exchange;v=b3;q=0.9
User-Agent:Mozilla/5.0 (X11; Linux x86_64) AppleWebKit/537.36 (KHTML, like Gecko) Chrome/85.0.4183.102 Safari/537.36
Referer:http://web/pictures/recent.php
Upgrade-Insecure-Requests:1
",cf83e1357eefb8bdf1542850d66d8007d620e4050b5715dc83f4a921d36ce9ce47d0d13c5d85f2b0ff8318d2877eec2f63b931bd47417a81a538327af927da3e,"Keep-Alive:timeout=5, max=5
Server:Apache/2.4.7 (Ubuntu)
Connection:Keep-Alive
Pragma:no-cache
Date:Mon, 11 May 2026 20:19:13 GMT
Cache-Control:no-store, no-cache, must-revalidate, post-check=0, pre-check=0
Content-Encoding:gzip
Vary:Accept-Encoding
Expires:Thu, 19 Nov 1981 08:52:00 GMT
Content-Length:217
X-Powered-By:PHP/5.5.9-1ubuntu4.29
Content-Type:text/html
",9824f7fbd3a29f9403c66194914731fc4984c9cfe68279f3f5a0ca483b29af58414a441a0fe916266b34047eb3c3d31648e24cd65dcf7e09bd5d6028dc01bac2,200
http://web/users/register.php,GET,"Cookie:PHPSESSID=m9o391rld7ca71c4egotsbtel7
Accept:text/html,application/xhtml+xml,application/xml;q=0.9,image/avif,image/webp,image/apng,*/*;q=0.8,application/signed-exchange;v=b3;q=0.9
User-Agent:Mozilla/5.0 (X11; Linux x86_64) AppleWebKit/537.36 (KHTML, like Gecko) Chrome/85.0.4183.102 Safari/537.36
Referer:http://web/
Upgrade-Insecure-Requests:1
",cf83e1357eefb8bdf1542850d66d8007d620e4050b5715dc83f4a921d36ce9ce47d0d13c5d85f2b0ff8318d2877eec2f63b931bd47417a81a538327af927da3e,"Keep-Alive:timeout=5, max=52
Server:Apache/2.4.7 (Ubuntu)
Connection:Keep-Alive
Pragma:no-cache
Date:Mon, 11 May 2026 20:19:58 GMT
Cache-Control:no-store, no-cache, must-revalidate, post-check=0, pre-check=0
Content-Encoding:gzip
Vary:Accept-Encoding
Expires:Thu, 19 Nov 1981 08:52:00 GMT
Content-Length:1100
X-Powered-By:PHP/5.5.9-1ubuntu4.29
Content-Type:text/html
",8314bab99142bded36a54cf497566f4383e5c12707191060bfcccffd354d4924a229883f49cb70ef4edab721d52f8f617e5d11c2a3031d10cc04be5734ae4aad,200
http://web/css/blueprint/print.css,GET,"Cookie:PHPSESSID=m9o391rld7ca71c4egotsbtel7
Accept:text/css,*/*;q=0.1
User-Agent:Mozilla/5.0 (X11; Linux x86_64) AppleWebKit/537.36 (KHTML, like Gecko) Chrome/85.0.4183.102 Safari/537.36
Referer:http://web/users/register.php
",cf83e1357eefb8bdf1542850d66d8007d620e4050b5715dc83f4a921d36ce9ce47d0d13c5d85f2b0ff8318d2877eec2f63b931bd47417a81a538327af927da3e,"Server:Apache/2.4.7 (Ubuntu)
Last-Modified:Thu, 02 Feb 2017 22:24:09 GMT
Date:Mon, 11 May 2026 20:17:50 GMT
Accept-Ranges:bytes
ETag:""52d-547939fb8b440-gzip""
Content-Encoding:gzip
Vary:Accept-Encoding
Content-Length:674
Content-Type:text/css
",382bc7f4ad396de8dacb65598554ab8e1fe76b268c9b97e377be5fe694d07688463ac138e683332f401b64a7a2e8418a2a9f7f9d96e548ee8581d228368f7524,200
http://web/calendar.php,GET,"Cookie:PHPSESSID=m9o391rld7ca71c4egotsbtel7
Accept:text/html,application/xhtml+xml,application/xml;q=0.9,image/avif,image/webp,image/apng,*/*;q=0.8,application/signed-exchange;v=b3;q=0.9
User-Agent:Mozilla/5.0 (X11; Linux x86_64) AppleWebKit/537.36 (KHTML, like Gecko) Chrome/85.0.4183.102 Safari/537.36
Referer:http://web/
Upgrade-Insecure-Requests:1
",cf83e1357eefb8bdf1542850d66d8007d620e4050b5715dc83f4a921d36ce9ce47d0d13c5d85f2b0ff8318d2877eec2f63b931bd47417a81a538327af927da3e,"Keep-Alive:timeout=5, max=73
Server:Apache/2.4.7 (Ubuntu)
Connection:Keep-Alive
Pragma:no-cache
Date:Mon, 11 May 2026 20:22:13 GMT
Cache-Control:no-store, no-cache, must-revalidate, post-check=0, pre-check=0
Content-Encoding:gzip
Vary:Accept-Encoding
Expires:Thu, 19 Nov 1981 08:52:00 GMT
Content-Length:943
X-Powered-By:PHP/5.5.9-1ubuntu4.29
Content-Type:text/html
",97e8947dc611a0f891f197ab0cae16c613ce4d5db61d150581cb64fe73b7ebdcdf54b7cafe81c9f0f5b28287e16a5bc6ac45475cb8484e03b0a3d83b2facfffe,200
http://web/users/register.php,GET,"Cookie:PHPSESSID=m9o391rld7ca71c4egotsbtel7
Accept:text/html,application/xhtml+xml,application/xml;q=0.9,image/avif,image/webp,image/apng,*/*;q=0.8,application/signed-exchange;v=b3;q=0.9
User-Agent:Mozilla/5.0 (X11; Linux x86_64) AppleWebKit/537.36 (KHTML, like Gecko) Chrome/85.0.4183.102 Safari/537.36
Referer:http://web/users/login.php
Upgrade-Insecure-Requests:1
",cf83e1357eefb8bdf1542850d66d8007d620e4050b5715dc83f4a921d36ce9ce47d0d13c5d85f2b0ff8318d2877eec2f63b931bd47417a81a538327af927da3e,"Keep-Alive:timeout=5, max=88
Server:Apache/2.4.7 (Ubuntu)
Connection:Keep-Alive
Pragma:no-cache
Date:Mon, 11 May 2026 20:18:11 GMT
Cache-Control:no-store, no-cache, must-revalidate, post-check=0, pre-check=0
Content-Encoding:gzip
Vary:Accept-Encoding
Expires:Thu, 19 Nov 1981 08:52:00 GMT
Content-Length:1100
X-Powered-By:PHP/5.5.9-1ubuntu4.29
Content-Type:text/html
",63d5c7f91a650bf849dc7272851a1b49c6a9b2fdc4f755dc001b705db4e3f8cfc4ef6ca58fe8e76fea20c1b7c946c455b11f947c9e12b01d7036817f45943d03,200
http://web/pictures/recent.php,GET,"Cookie:PHPSESSID=m9o391rld7ca71c4egotsbtel7
Accept:text/html,application/xhtml+xml,application/xml;q=0.9,image/avif,image/webp,image/apng,*/*;q=0.8,application/signed-exchange;v=b3;q=0.9
User-Agent:Mozilla/5.0 (X11; Linux x86_64) AppleWebKit/537.36 (KHTML, like Gecko) Chrome/85.0.4183.102 Safari/537.36
Referer:http://web/
Upgrade-Insecure-Requests:1
",cf83e1357eefb8bdf1542850d66d8007d620e4050b5715dc83f4a921d36ce9ce47d0d13c5d85f2b0ff8318d2877eec2f63b931bd47417a81a538327af927da3e,"Keep-Alive:timeout=5, max=29
Server:Apache/2.4.7 (Ubuntu)
Connection:Keep-Alive
Pragma:no-cache
Date:Mon, 11 May 2026 20:18:57 GMT
Cache-Control:no-store, no-cache, must-revalidate, post-check=0, pre-check=0
Content-Encoding:gzip
Vary:Accept-Encoding
Expires:Thu, 19 Nov 1981 08:52:00 GMT
Content-Length:1088
X-Powered-By:PHP/5.5.9-1ubuntu4.29
Content-Type:text/html
",be700701132f47f50b01fa2adafc937810b9febed274c70a6d7af1dc741abb1179d7b53cfb58d8b9d89aef33d8659642cbb999352293423dc8809a1c39062fc7,200
http://web/calendar.php,GET,"Cookie:PHPSESSID=m9o391rld7ca71c4egotsbtel7
Accept:text/html,application/xhtml+xml,application/xml;q=0.9,image/avif,image/webp,image/apng,*/*;q=0.8,application/signed-exchange;v=b3;q=0.9
User-Agent:Mozilla/5.0 (X11; Linux x86_64) AppleWebKit/537.36 (KHTML, like Gecko) Chrome/85.0.4183.102 Safari/537.36
Referer:http://web/
Upgrade-Insecure-Requests:1
",cf83e1357eefb8bdf1542850d66d8007d620e4050b5715dc83f4a921d36ce9ce47d0d13c5d85f2b0ff8318d2877eec2f63b931bd47417a81a538327af927da3e,"Keep-Alive:timeout=5, max=14
Server:Apache/2.4.7 (Ubuntu)
Connection:Keep-Alive
Pragma:no-cache
Date:Mon, 11 May 2026 20:20:26 GMT
Cache-Control:no-store, no-cache, must-revalidate, post-check=0, pre-check=0
Content-Encoding:gzip
Vary:Accept-Encoding
Expires:Thu, 19 Nov 1981 08:52:00 GMT
Content-Length:942
X-Powered-By:PHP/5.5.9-1ubuntu4.29
Content-Type:text/html
",cd7dd4b8798fd495706c66f0228d20ca9b99811fbc59f89c2757c5d69537e9773b486d1ca50c66ece0bd37cb63dda5968394729ae29692eee11b9ef6b9f07dfb,200
http://web/passcheck.php,GET,"Cookie:PHPSESSID=m9o391rld7ca71c4egotsbtel7
Accept:text/html,application/xhtml+xml,application/xml;q=0.9,image/avif,image/webp,image/apng,*/*;q=0.8,application/signed-exchange;v=b3;q=0.9
User-Agent:Mozilla/5.0 (X11; Linux x86_64) AppleWebKit/537.36 (KHTML, like Gecko) Chrome/85.0.4183.102 Safari/537.36
Referer:http://web/users/register.php
Upgrade-Insecure-Requests:1
",cf83e1357eefb8bdf1542850d66d8007d620e4050b5715dc83f4a921d36ce9ce47d0d13c5d85f2b0ff8318d2877eec2f63b931bd47417a81a538327af927da3e,"Keep-Alive:timeout=5, max=47
Server:Apache/2.4.7 (Ubuntu)
Connection:Keep-Alive
Pragma:no-cache
Date:Mon, 11 May 2026 20:21:19 GMT
Cache-Control:no-store, no-cache, must-revalidate, post-check=0, pre-check=0
Content-Encoding:gzip
Vary:Accept-Encoding
Expires:Thu, 19 Nov 1981 08:52:00 GMT
Content-Length:927
X-Powered-By:PHP/5.5.9-1ubuntu4.29
Content-Type:text/html
",167e3d2a6075ac596e6fbfa1d19bb809729d52f990fb0e76441e793c17210a3cc012fe6664501452c967b271062384dfbe6dcaf48c4bc9bbc311a14f6b1231c7,200
http://web/,GET,"Cookie:PHPSESSID=m9o391rld7ca71c4egotsbtel7
Accept:text/html,application/xhtml+xml,application/xml;q=0.9,image/avif,image/webp,image/apng,*/*;q=0.8,application/signed-exchange;v=b3;q=0.9
User-Agent:Mozilla/5.0 (X11; Linux x86_64) AppleWebKit/537.36 (KHTML, like Gecko) Chrome/85.0.4183.102 Safari/537.36
Referer:http://web/tos.php
Upgrade-Insecure-Requests:1
",cf83e1357eefb8bdf1542850d66d8007d620e4050b5715dc83f4a921d36ce9ce47d0d13c5d85f2b0ff8318d2877eec2f63b931bd47417a81a538327af927da3e,"Keep-Alive:timeout=5, max=69
Server:Apache/2.4.7 (Ubuntu)
Connection:Keep-Alive
Pragma:no-cache
Date:Mon, 11 May 2026 20:18:29 GMT
Cache-Control:no-store, no-cache, must-revalidate, post-check=0, pre-check=0
Content-Encoding:gzip
Vary:Accept-Encoding
Expires:Thu, 19 Nov 1981 08:52:00 GMT
Content-Length:1285
X-Powered-By:PHP/5.5.9-1ubuntu4.29
Content-Type:text/html
",918657478606f79e7a05cb326cd20224bfb63c47283d29a830747b63feb3907684469aa67cf29bd7d4d44bde1d61d9e47e0f29d506c8343380d827bf80bc19b7,200
http://web/,GET,"Cookie:PHPSESSID=m9o391rld7ca71c4egotsbtel7
Accept:text/html,application/xhtml+xml,application/xml;q=0.9,image/avif,image/webp,image/apng,*/*;q=0.8,application/signed-exchange;v=b3;q=0.9
User-Agent:Mozilla/5.0 (X11; Linux x86_64) AppleWebKit/537.36 (KHTML, like Gecko) Chrome/85.0.4183.102 Safari/537.36
Upgrade-Insecure-Requests:1
",cf83e1357eefb8bdf1542850d66d8007d620e4050b5715dc83f4a921d36ce9ce47d0d13c5d85f2b0ff8318d2877eec2f63b931bd47417a81a538327af927da3e,"Keep-Alive:timeout=5, max=53
Server:Apache/2.4.7 (Ubuntu)
Connection:Keep-Alive
Pragma:no-cache
Date:Mon, 11 May 2026 20:21:14 GMT
Cache-Control:no-store, no-cache, must-revalidate, post-check=0, pre-check=0
Content-Encoding:gzip
Vary:Accept-Encoding
Expires:Thu, 19 Nov 1981 08:52:00 GMT
Content-Length:1283
X-Powered-By:PHP/5.5.9-1ubuntu4.29
Content-Type:text/html
",dae1f23dbee70a708581e3551ee64becf0b891126b85112eb52ceb9f2c992d613691975a2c6c4a03c33bd71be745276eb976ae47d331830556fd4f1246301562,200
http://web/calendar.php?date=1778703736,GET,"Cookie:PHPSESSID=m9o391rld7ca71c4egotsbtel7
Accept:text/html,application/xhtml+xml,application/xml;q=0.9,image/avif,image/webp,image/apng,*/*;q=0.8,application/signed-exchange;v=b3;q=0.9
User-Agent:Mozilla/5.0 (X11; Linux x86_64) AppleWebKit/537.36 (KHTML, like Gecko) Chrome/85.0.4183.102 Safari/537.36
Referer:http://web/calendar.php?date=1778617336
Upgrade-Insecure-Requests:1
",cf83e1357eefb8bdf1542850d66d8007d620e4050b5715dc83f4a921d36ce9ce47d0d13c5d85f2b0ff8318d2877eec2f63b931bd47417a81a538327af927da3e,"Keep-Alive:timeout=5, max=66
Server:Apache/2.4.7 (Ubuntu)
Connection:Keep-Alive
Pragma:no-cache
Date:Mon, 11 May 2026 20:22:18 GMT
Cache-Control:no-store, no-cache, must-revalidate, post-check=0, pre-check=0
Content-Encoding:gzip
Vary:Accept-Encoding
Expires:Thu, 19 Nov 1981 08:52:00 GMT
Content-Length:946
X-Powered-By:PHP/5.5.9-1ubuntu4.29
Content-Type:text/html
",a8c5fca5defc912f2103103d3848c6f2f814f02efd91821f52aaabfbb2ebcd073853333a49fe87c50ee463b8b52ba78ed428ab6f386445b0f051d938d7e6d980,200
http://web/css/stylings.css,GET,"Cookie:PHPSESSID=m9o391rld7ca71c4egotsbtel7
Accept:text/css,*/*;q=0.1
User-Agent:Mozilla/5.0 (X11; Linux x86_64) AppleWebKit/537.36 (KHTML, like Gecko) Chrome/85.0.4183.102 Safari/537.36
Referer:http://web/calendar.php
",cf83e1357eefb8bdf1542850d66d8007d620e4050b5715dc83f4a921d36ce9ce47d0d13c5d85f2b0ff8318d2877eec2f63b931bd47417a81a538327af927da3e,"Server:Apache/2.4.7 (Ubuntu)
Last-Modified:Thu, 02 Feb 2017 22:24:09 GMT
Date:Mon, 11 May 2026 20:17:50 GMT
Accept-Ranges:bytes
ETag:""c29-547939fb8b440-gzip""
Content-Encoding:gzip
Vary:Accept-Encoding
Content-Length:838
Content-Type:text/css
",e6142d743628221ad60b6d12a0b444a077ed8ede2504b511ffffde908ffe459f09875b3901f9a63ec228906521c445248f9277e14f591205808d8dfc200df823,200
http://web/calendar.php?date=1778703757,GET,"Cookie:PHPSESSID=m9o391rld7ca71c4egotsbtel7
Accept:text/html,application/xhtml+xml,application/xml;q=0.9,image/avif,image/webp,image/apng,*/*;q=0.8,application/signed-exchange;v=b3;q=0.9
User-Agent:Mozilla/5.0 (X11; Linux x86_64) AppleWebKit/537.36 (KHTML, like Gecko) Chrome/85.0.4183.102 Safari/537.36
Referer:http://web/calendar.php?date=1778617357
Upgrade-Insecure-Requests:1
",cf83e1357eefb8bdf1542850d66d8007d620e4050b5715dc83f4a921d36ce9ce47d0d13c5d85f2b0ff8318d2877eec2f63b931bd47417a81a538327af927da3e,"Keep-Alive:timeout=5, max=36
Server:Apache/2.4.7 (Ubuntu)
Connection:Keep-Alive
Pragma:no-cache
Date:Mon, 11 May 2026 20:22:38 GMT
Cache-Control:no-store, no-cache, must-revalidate, post-check=0, pre-check=0
Content-Encoding:gzip
Vary:Accept-Encoding
Expires:Thu, 19 Nov 1981 08:52:00 GMT
Content-Length:945
X-Powered-By:PHP/5.5.9-1ubuntu4.29
Content-Type:text/html
",ca0639666b348cce93bd0d60b448eaf19f51a6a1741bccb672f017e5ee3d232b8b0fb97a19534cda58a718a1b7deac715514a4b5cf34f74964a3215b08fc320d,200
http://web/,GET,"Cookie:PHPSESSID=m9o391rld7ca71c4egotsbtel7
Accept:text/html,application/xhtml+xml,application/xml;q=0.9,image/avif,image/webp,image/apng,*/*;q=0.8,application/signed-exchange;v=b3;q=0.9
User-Agent:Mozilla/5.0 (X11; Linux x86_64) AppleWebKit/537.36 (KHTML, like Gecko) Chrome/85.0.4183.102 Safari/537.36
Referer:http://web/calendar.php
Upgrade-Insecure-Requests:1
",cf83e1357eefb8bdf1542850d66d8007d620e4050b5715dc83f4a921d36ce9ce47d0d13c5d85f2b0ff8318d2877eec2f63b931bd47417a81a538327af927da3e,"Keep-Alive:timeout=5, max=97
Server:Apache/2.4.7 (Ubuntu)
Connection:Keep-Alive
Pragma:no-cache
Date:Mon, 11 May 2026 20:20:40 GMT
Cache-Control:no-store, no-cache, must-revalidate, post-check=0, pre-check=0
Content-Encoding:gzip
Vary:Accept-Encoding
Expires:Thu, 19 Nov 1981 08:52:00 GMT
Content-Length:1281
X-Powered-By:PHP/5.5.9-1ubuntu4.29
Content-Type:text/html
",742225007b871895373ad3d7031d5d36e36315968c5b8ad4abf305bd7d8a681181f533b6337f40a44ce513074aef14fd2696765120378b859fd40d08ec741ad2,200
http://web/css/blueprint/screen.css,GET,"Cookie:PHPSESSID=m9o391rld7ca71c4egotsbtel7
Accept:text/css,*/*;q=0.1
User-Agent:Mozilla/5.0 (X11; Linux x86_64) AppleWebKit/537.36 (KHTML, like Gecko) Chrome/85.0.4183.102 Safari/537.36
Referer:http://web/passcheck.php
",cf83e1357eefb8bdf1542850d66d8007d620e4050b5715dc83f4a921d36ce9ce47d0d13c5d85f2b0ff8318d2877eec2f63b931bd47417a81a538327af927da3e,"Server:Apache/2.4.7 (Ubuntu)
Last-Modified:Thu, 02 Feb 2017 22:24:09 GMT
Date:Mon, 11 May 2026 20:17:50 GMT
Accept-Ranges:bytes
ETag:""24c7-547939fb8b440-gzip""
Content-Encoding:gzip
Vary:Accept-Encoding
Content-Length:2682
Content-Type:text/css
",c0995dbb8c323ef465d8cc5d7b640b1a5435beb529b0c6e55594b1c0f3db66e859d23f70cfe8d93285234e722d677fca7c8887bee81a636881b2f91f221f976e,200
http://web/calendar.php,GET,"Cookie:PHPSESSID=m9o391rld7ca71c4egotsbtel7
Accept:text/html,application/xhtml+xml,application/xml;q=0.9,image/avif,image/webp,image/apng,*/*;q=0.8,application/signed-exchange;v=b3;q=0.9
User-Agent:Mozilla/5.0 (X11; Linux x86_64) AppleWebKit/537.36 (KHTML, like Gecko) Chrome/85.0.4183.102 Safari/537.36
Referer:http://web/
Upgrade-Insecure-Requests:1
",cf83e1357eefb8bdf1542850d66d8007d620e4050b5715dc83f4a921d36ce9ce47d0d13c5d85f2b0ff8318d2877eec2f63b931bd47417a81a538327af927da3e,"Keep-Alive:timeout=5, max=18
Server:Apache/2.4.7 (Ubuntu)
Connection:Keep-Alive
Pragma:no-cache
Date:Mon, 11 May 2026 20:20:24 GMT
Cache-Control:no-store, no-cache, must-revalidate, post-check=0, pre-check=0
Content-Encoding:gzip
Vary:Accept-Encoding
Expires:Thu, 19 Nov 1981 08:52:00 GMT
Content-Length:943
X-Powered-By:PHP/5.5.9-1ubuntu4.29
Content-Type:text/html
",d1f2995b6f848f5a0df90a14baf0795714f20c0fd2dc6785a50e7bb9ffb2c48a13b4aed55dcab21d4c980fadc9f8fab7d2dd74adbc58617c924e0ff34026c9d4,200
http://web/calendar.php,GET,"Cookie:PHPSESSID=m9o391rld7ca71c4egotsbtel7
Accept:text/html,application/xhtml+xml,application/xml;q=0.9,image/avif,image/webp,image/apng,*/*;q=0.8,application/signed-exchange;v=b3;q=0.9
User-Agent:Mozilla/5.0 (X11; Linux x86_64) AppleWebKit/537.36 (KHTML, like Gecko) Chrome/85.0.4183.102 Safari/537.36
Referer:http://web/
Upgrade-Insecure-Requests:1
",cf83e1357eefb8bdf1542850d66d8007d620e4050b5715dc83f4a921d36ce9ce47d0d13c5d85f2b0ff8318d2877eec2f63b931bd47417a81a538327af927da3e,"Keep-Alive:timeout=5, max=13
Server:Apache/2.4.7 (Ubuntu)
Connection:Keep-Alive
Pragma:no-cache
Date:Mon, 11 May 2026 20:21:44 GMT
Cache-Control:no-store, no-cache, must-revalidate, post-check=0, pre-check=0
Content-Encoding:gzip
Vary:Accept-Encoding
Expires:Thu, 19 Nov 1981 08:52:00 GMT
Content-Length:945
X-Powered-By:PHP/5.5.9-1ubuntu4.29
Content-Type:text/html
",2890008e383597f4eb730f23a3fe76c4e5dd190a1243736be36beec5ecffb32d36922c564d0b0b811c4a3700502cba572f6651d2cdf1d0327fe711a56627a6b6,200
http://web/admin/index.php?page=login,POST,"Origin:http://web
Cookie:PHPSESSID=m9o391rld7ca71c4egotsbtel7
Accept:text/html,application/xhtml+xml,application/xml;q=0.9,image/avif,image/webp,image/apng,*/*;q=0.8,application/signed-exchange;v=b3;q=0.9
User-Agent:Mozilla/5.0 (X11; Linux x86_64) AppleWebKit/537.36 (KHTML, like Gecko) Chrome/85.0.4183.102 Safari/537.36
Referer:http://web/admin/index.php?page=login
Upgrade-Insecure-Requests:1
Content-Type:application/x-www-form-urlencoded
",548377f2e5696d602ebea5cf51b1a44ec490373d18d7bf7279cdf508a0ebb68c5b213972afdf381cd9fc180c48a33f3bd2a8d32cb3ef18fd7254e3947c1ddf31,"Keep-Alive:timeout=5, max=80
Server:Apache/2.4.7 (Ubuntu)
Connection:Keep-Alive
Pragma:no-cache
Date:Mon, 11 May 2026 20:18:19 GMT
Cache-Control:no-store, no-cache, must-revalidate, post-check=0, pre-check=0
Content-Encoding:gzip
Vary:Accept-Encoding
Expires:Thu, 19 Nov 1981 08:52:00 GMT
Content-Length:216
X-Powered-By:PHP/5.5.9-1ubuntu4.29
Content-Type:text/html
",5398db21d8760e134663c49cc76aee622227344a88c40d54f39b024e4952c1178b5a5e241885617c87b3396d4416e2158858d0a46f2e25faf4f167cf5687286d,200
http://web/,GET,"Cookie:PHPSESSID=m9o391rld7ca71c4egotsbtel7
Accept:text/html,application/xhtml+xml,application/xml;q=0.9,image/avif,image/webp,image/apng,*/*;q=0.8,application/signed-exchange;v=b3;q=0.9
User-Agent:Mozilla/5.0 (X11; Linux x86_64) AppleWebKit/537.36 (KHTML, like Gecko) Chrome/85.0.4183.102 Safari/537.36
Upgrade-Insecure-Requests:1
",cf83e1357eefb8bdf1542850d66d8007d620e4050b5715dc83f4a921d36ce9ce47d0d13c5d85f2b0ff8318d2877eec2f63b931bd47417a81a538327af927da3e,"Keep-Alive:timeout=5, max=4
Server:Apache/2.4.7 (Ubuntu)
Connection:Keep-Alive
Pragma:no-cache
Date:Mon, 11 May 2026 20:19:13 GMT
Cache-Control:no-store, no-cache, must-revalidate, post-check=0, pre-check=0
Content-Encoding:gzip
Vary:Accept-Encoding
Expires:Thu, 19 Nov 1981 08:52:00 GMT
Content-Length:1283
X-Powered-By:PHP/5.5.9-1ubuntu4.29
Content-Type:text/html
",4058fa70da8c64e71634ba2499583a2bde34cff8c1daba6abe16bfb6bdf97a3b54c7c10e1fcb2b46ba6def381f24a739cc4a38f1efdd041b3d4022ffcad618c7,200
http://web/users/login.php,GET,"Cookie:PHPSESSID=m9o391rld7ca71c4egotsbtel7
Accept:text/html,application/xhtml+xml,application/xml;q=0.9,image/avif,image/webp,image/apng,*/*;q=0.8,application/signed-exchange;v=b3;q=0.9
User-Agent:Mozilla/5.0 (X11; Linux x86_64) AppleWebKit/537.36 (KHTML, like Gecko) Chrome/85.0.4183.102 Safari/537.36
Referer:http://web/calendar.php
Upgrade-Insecure-Requests:1
",cf83e1357eefb8bdf1542850d66d8007d620e4050b5715dc83f4a921d36ce9ce47d0d13c5d85f2b0ff8318d2877eec2f63b931bd47417a81a538327af927da3e,"Keep-Alive:timeout=5, max=12
Server:Apache/2.4.7 (Ubuntu)
Connection:Keep-Alive
Pragma:no-cache
Date:Mon, 11 May 2026 20:20:27 GMT
Cache-Control:no-store, no-cache, must-revalidate, post-check=0, pre-check=0
Content-Encoding:gzip
Vary:Accept-Encoding
Expires:Thu, 19 Nov 1981 08:52:00 GMT
Content-Length:977
X-Powered-By:PHP/5.5.9-1ubuntu4.29
Content-Type:text/html
",933cd5bb84f1052a3d4a623b13ec7c2a066751196b80ab7dbfdf3f43368a853c1c040316c7acf1c65acd748b70028c2efa26ad202836e98570b1173c86011978,200
http://web/users/sample.php?userid=1,GET,"Cookie:PHPSESSID=m9o391rld7ca71c4egotsbtel7
Accept:text/html,application/xhtml+xml,application/xml;q=0.9,image/avif,image/webp,image/apng,*/*;q=0.8,application/signed-exchange;v=b3;q=0.9
User-Agent:Mozilla/5.0 (X11; Linux x86_64) AppleWebKit/537.36 (KHTML, like Gecko) Chrome/85.0.4183.102 Safari/537.36
Referer:http://web/
Upgrade-Insecure-Requests:1
",cf83e1357eefb8bdf1542850d66d8007d620e4050b5715dc83f4a921d36ce9ce47d0d13c5d85f2b0ff8318d2877eec2f63b931bd47417a81a538327af927da3e,"Keep-Alive:timeout=5, max=77
Server:Apache/2.4.7 (Ubuntu)
Connection:Keep-Alive
Pragma:no-cache
Date:Mon, 11 May 2026 20:18:21 GMT
Cache-Control:no-store, no-cache, must-revalidate, post-check=0, pre-check=0
Content-Encoding:gzip
Vary:Accept-Encoding
Expires:Thu, 19 Nov 1981 08:52:00 GMT
Content-Length:982
X-Powered-By:PHP/5.5.9-1ubuntu4.29
Content-Type:text/html
",9179e90febbb1848c64cbecb6e32ea9f0b0d57212c5497b9f8019cb62f403f43fda5864270e7f1a60143cafa05144c80addb56e9d8f5d44a86559ec00087ae4c,200
http://web/users/register.php,GET,"Cookie:PHPSESSID=m9o391rld7ca71c4egotsbtel7
Accept:text/html,application/xhtml+xml,application/xml;q=0.9,image/avif,image/webp,image/apng,*/*;q=0.8,application/signed-exchange;v=b3;q=0.9
User-Agent:Mozilla/5.0 (X11; Linux x86_64) AppleWebKit/537.36 (KHTML, like Gecko) Chrome/85.0.4183.102 Safari/537.36
Referer:http://web/
Upgrade-Insecure-Requests:1
",cf83e1357eefb8bdf1542850d66d8007d620e4050b5715dc83f4a921d36ce9ce47d0d13c5d85f2b0ff8318d2877eec2f63b931bd47417a81a538327af927da3e,"Keep-Alive:timeout=5, max=64
Server:Apache/2.4.7 (Ubuntu)
Connection:Keep-Alive
Pragma:no-cache
Date:Mon, 11 May 2026 20:21:05 GMT
Cache-Control:no-store, no-cache, must-revalidate, post-check=0, pre-check=0
Content-Encoding:gzip
Vary:Accept-Encoding
Expires:Thu, 19 Nov 1981 08:52:00 GMT
Content-Length:1100
X-Powered-By:PHP/5.5.9-1ubuntu4.29
Content-Type:text/html
",f5aeacefcfdfbcc619b16d4313d0fda78a7c57a24107547309c1d998ee8867c4d56d5c9d2d3ee106fceb0e93ae3fe7a28deafd4e23cc3cea70d31c728ce0322e,200
http://web/upload/house/our_house.128_128.jpg,GET,"Cookie:PHPSESSID=m9o391rld7ca71c4egotsbtel7
Accept:image/avif,image/webp,image/apng,image/*,*/*;q=0.8
User-Agent:Mozilla/5.0 (X11; Linux x86_64) AppleWebKit/537.36 (KHTML, like Gecko) Chrome/85.0.4183.102 Safari/537.36
Referer:http://web/pictures/recent.php
",cf83e1357eefb8bdf1542850d66d8007d620e4050b5715dc83f4a921d36ce9ce47d0d13c5d85f2b0ff8318d2877eec2f63b931bd47417a81a538327af927da3e,"Keep-Alive:timeout=5, max=100
Server:Apache/2.4.7 (Ubuntu)
Connection:Keep-Alive
Last-Modified:Thu, 02 Feb 2017 22:24:09 GMT
Date:Mon, 11 May 2026 20:18:01 GMT
Accept-Ranges:bytes
ETag:""309c-547939fb8b440""
Content-Length:12444
Content-Type:image/jpeg
",7398d28ba3dbb6919f8252647510815990d20ed11d0df1881c26de538c790d1114201d4bbee0c5dbf69074677723ca5f4759e3c0f31ab392c87362001168c7d8,200
http://web/calendar.php?date=1778703724,GET,"Cookie:PHPSESSID=m9o391rld7ca71c4egotsbtel7
Accept:text/html,application/xhtml+xml,application/xml;q=0.9,image/avif,image/webp,image/apng,*/*;q=0.8,application/signed-exchange;v=b3;q=0.9
User-Agent:Mozilla/5.0 (X11; Linux x86_64) AppleWebKit/537.36 (KHTML, like Gecko) Chrome/85.0.4183.102 Safari/537.36
Referer:http://web/calendar.php?date=1778617324
Upgrade-Insecure-Requests:1
",cf83e1357eefb8bdf1542850d66d8007d620e4050b5715dc83f4a921d36ce9ce47d0d13c5d85f2b0ff8318d2877eec2f63b931bd47417a81a538327af927da3e,"Keep-Alive:timeout=5, max=82
Server:Apache/2.4.7 (Ubuntu)
Connection:Keep-Alive
Pragma:no-cache
Date:Mon, 11 May 2026 20:22:06 GMT
Cache-Control:no-store, no-cache, must-revalidate, post-check=0, pre-check=0
Content-Encoding:gzip
Vary:Accept-Encoding
Expires:Thu, 19 Nov 1981 08:52:00 GMT
Content-Length:946
X-Powered-By:PHP/5.5.9-1ubuntu4.29
Content-Type:text/html
",747110f2703d12875f3124fa874e11677296336181ece14ba2869cad55804cd7eec65d555f56e4305c681340d76361179fc4753505dbb4428c09685421453dc5,200
http://web/css/stylings.css,GET,"Cookie:PHPSESSID=m9o391rld7ca71c4egotsbtel7
Accept:text/css,*/*;q=0.1
User-Agent:Mozilla/5.0 (X11; Linux x86_64) AppleWebKit/537.36 (KHTML, like Gecko) Chrome/85.0.4183.102 Safari/537.36
Referer:http://web/
",cf83e1357eefb8bdf1542850d66d8007d620e4050b5715dc83f4a921d36ce9ce47d0d13c5d85f2b0ff8318d2877eec2f63b931bd47417a81a538327af927da3e,"Keep-Alive:timeout=5, max=100
Server:Apache/2.4.7 (Ubuntu)
Connection:Keep-Alive
Last-Modified:Thu, 02 Feb 2017 22:24:09 GMT
Date:Mon, 11 May 2026 20:17:50 GMT
Accept-Ranges:bytes
ETag:""c29-547939fb8b440-gzip""
Content-Encoding:gzip
Vary:Accept-Encoding
Content-Length:838
Content-Type:text/css
",e6142d743628221ad60b6d12a0b444a077ed8ede2504b511ffffde908ffe459f09875b3901f9a63ec228906521c445248f9277e14f591205808d8dfc200df823,200
http://web/users/home.php,GET,"Cookie:PHPSESSID=m9o391rld7ca71c4egotsbtel7
Accept:text/html,application/xhtml+xml,application/xml;q=0.9,image/avif,image/webp,image/apng,*/*;q=0.8,application/signed-exchange;v=b3;q=0.9
User-Agent:Mozilla/5.0 (X11; Linux x86_64) AppleWebKit/537.36 (KHTML, like Gecko) Chrome/85.0.4183.102 Safari/537.36
Referer:http://web/calendar.php?date=1778617281
Upgrade-Insecure-Requests:1
",cf83e1357eefb8bdf1542850d66d8007d620e4050b5715dc83f4a921d36ce9ce47d0d13c5d85f2b0ff8318d2877eec2f63b931bd47417a81a538327af927da3e,"Keep-Alive:timeout=5, max=42
Server:Apache/2.4.7 (Ubuntu)
Connection:Keep-Alive
Pragma:no-cache
Date:Mon, 11 May 2026 20:21:23 GMT
Cache-Control:no-store, no-cache, must-revalidate, post-check=0, pre-check=0
Expires:Thu, 19 Nov 1981 08:52:00 GMT
Content-Length:41
X-Powered-By:PHP/5.5.9-1ubuntu4.29
Location:/users/login.php
Content-Type:text/html
",cf83e1357eefb8bdf1542850d66d8007d620e4050b5715dc83f4a921d36ce9ce47d0d13c5d85f2b0ff8318d2877eec2f63b931bd47417a81a538327af927da3e,303
http://web/calendar.php,GET,"Cookie:PHPSESSID=m9o391rld7ca71c4egotsbtel7
Accept:text/html,application/xhtml+xml,application/xml;q=0.9,image/avif,image/webp,image/apng,*/*;q=0.8,application/signed-exchange;v=b3;q=0.9
User-Agent:Mozilla/5.0 (X11; Linux x86_64) AppleWebKit/537.36 (KHTML, like Gecko) Chrome/85.0.4183.102 Safari/537.36
Referer:http://web/
Upgrade-Insecure-Requests:1
",cf83e1357eefb8bdf1542850d66d8007d620e4050b5715dc83f4a921d36ce9ce47d0d13c5d85f2b0ff8318d2877eec2f63b931bd47417a81a538327af927da3e,"Keep-Alive:timeout=5, max=95
Server:Apache/2.4.7 (Ubuntu)
Connection:Keep-Alive
Pragma:no-cache
Date:Mon, 11 May 2026 20:20:42 GMT
Cache-Control:no-store, no-cache, must-revalidate, post-check=0, pre-check=0
Content-Encoding:gzip
Vary:Accept-Encoding
Expires:Thu, 19 Nov 1981 08:52:00 GMT
Content-Length:942
X-Powered-By:PHP/5.5.9-1ubuntu4.29
Content-Type:text/html
",a9db1f9567ce69ac301b934468fcd03763c40db071595c14310258ac89fa3634282e22a090483e07cf5de7421f520536a93eed3f8fec18efdb8eed1043983391,200
http://web/css/blueprint/screen.css,GET,"Cookie:PHPSESSID=m9o391rld7ca71c4egotsbtel7
Accept:text/css,*/*;q=0.1
User-Agent:Mozilla/5.0 (X11; Linux x86_64) AppleWebKit/537.36 (KHTML, like Gecko) Chrome/85.0.4183.102 Safari/537.36
Referer:http://web/
",cf83e1357eefb8bdf1542850d66d8007d620e4050b5715dc83f4a921d36ce9ce47d0d13c5d85f2b0ff8318d2877eec2f63b931bd47417a81a538327af927da3e,"Server:Apache/2.4.7 (Ubuntu)
Last-Modified:Thu, 02 Feb 2017 22:24:09 GMT
Date:Mon, 11 May 2026 20:17:50 GMT
Accept-Ranges:bytes
ETag:""24c7-547939fb8b440-gzip""
Content-Encoding:gzip
Vary:Accept-Encoding
Content-Length:2682
Content-Type:text/css
",c0995dbb8c323ef465d8cc5d7b640b1a5435beb529b0c6e55594b1c0f3db66e859d23f70cfe8d93285234e722d677fca7c8887bee81a636881b2f91f221f976e,200
http://web/css/stylings.css,GET,"Cookie:PHPSESSID=m9o391rld7ca71c4egotsbtel7
Accept:text/css,*/*;q=0.1
User-Agent:Mozilla/5.0 (X11; Linux x86_64) AppleWebKit/537.36 (KHTML, like Gecko) Chrome/85.0.4183.102 Safari/537.36
Referer:http://web/users/login.php
",cf83e1357eefb8bdf1542850d66d8007d620e4050b5715dc83f4a921d36ce9ce47d0d13c5d85f2b0ff8318d2877eec2f63b931bd47417a81a538327af927da3e,"Server:Apache/2.4.7 (Ubuntu)
Last-Modified:Thu, 02 Feb 2017 22:24:09 GMT
Date:Mon, 11 May 2026 20:17:50 GMT
Accept-Ranges:bytes
ETag:""c29-547939fb8b440-gzip""
Content-Encoding:gzip
Vary:Accept-Encoding
Content-Length:838
Content-Type:text/css
",e6142d743628221ad60b6d12a0b444a077ed8ede2504b511ffffde908ffe459f09875b3901f9a63ec228906521c445248f9277e14f591205808d8dfc200df823,200
http://web/admin/index.php?page=login,GET,"Cookie:PHPSESSID=m9o391rld7ca71c4egotsbtel7
Accept:text/html,application/xhtml+xml,application/xml;q=0.9,image/avif,image/webp,image/apng,*/*;q=0.8,application/signed-exchange;v=b3;q=0.9
User-Agent:Mozilla/5.0 (X11; Linux x86_64) AppleWebKit/537.36 (KHTML, like Gecko) Chrome/85.0.4183.102 Safari/537.36
Referer:http://web/
Upgrade-Insecure-Requests:1
",cf83e1357eefb8bdf1542850d66d8007d620e4050b5715dc83f4a921d36ce9ce47d0d13c5d85f2b0ff8318d2877eec2f63b931bd47417a81a538327af927da3e,"Keep-Alive:timeout=5, max=72
Server:Apache/2.4.7 (Ubuntu)
Connection:Keep-Alive
Pragma:no-cache
Date:Mon, 11 May 2026 20:18:26 GMT
Cache-Control:no-store, no-cache, must-revalidate, post-check=0, pre-check=0
Content-Encoding:gzip
Vary:Accept-Encoding
Expires:Thu, 19 Nov 1981 08:52:00 GMT
Content-Length:216
X-Powered-By:PHP/5.5.9-1ubuntu4.29
Content-Type:text/html
",d9a9118d3006781684ed784f0f6432998cf960427c6a196d993cd6b84592e49497156253ab7fe8e6b5afdcd7968877b3ddcd2513a1500f0cec8d31eeb8de929c,200
http://web/css/blueprint/print.css,GET,"Cookie:PHPSESSID=m9o391rld7ca71c4egotsbtel7
Accept:text/css,*/*;q=0.1
User-Agent:Mozilla/5.0 (X11; Linux x86_64) AppleWebKit/537.36 (KHTML, like Gecko) Chrome/85.0.4183.102 Safari/537.36
Referer:http://web/users/sample.php?userid=1
",cf83e1357eefb8bdf1542850d66d8007d620e4050b5715dc83f4a921d36ce9ce47d0d13c5d85f2b0ff8318d2877eec2f63b931bd47417a81a538327af927da3e,"Server:Apache/2.4.7 (Ubuntu)
Last-Modified:Thu, 02 Feb 2017 22:24:09 GMT
Date:Mon, 11 May 2026 20:17:50 GMT
Accept-Ranges:bytes
ETag:""52d-547939fb8b440-gzip""
Content-Encoding:gzip
Vary:Accept-Encoding
Content-Length:674
Content-Type:text/css
",382bc7f4ad396de8dacb65598554ab8e1fe76b268c9b97e377be5fe694d07688463ac138e683332f401b64a7a2e8418a2a9f7f9d96e548ee8581d228368f7524,200
http://web/users/login.php,GET,"Cookie:PHPSESSID=m9o391rld7ca71c4egotsbtel7
Accept:text/html,application/xhtml+xml,application/xml;q=0.9,image/avif,image/webp,image/apng,*/*;q=0.8,application/signed-exchange;v=b3;q=0.9
User-Agent:Mozilla/5.0 (X11; Linux x86_64) AppleWebKit/537.36 (KHTML, like Gecko) Chrome/85.0.4183.102 Safari/537.36
Referer:http://web/calendar.php?date=1778790148
Upgrade-Insecure-Requests:1
",cf83e1357eefb8bdf1542850d66d8007d620e4050b5715dc83f4a921d36ce9ce47d0d13c5d85f2b0ff8318d2877eec2f63b931bd47417a81a538327af927da3e,"Keep-Alive:timeout=5, max=46
Server:Apache/2.4.7 (Ubuntu)
Connection:Keep-Alive
Pragma:no-cache
Date:Mon, 11 May 2026 20:22:30 GMT
Cache-Control:no-store, no-cache, must-revalidate, post-check=0, pre-check=0
Content-Encoding:gzip
Vary:Accept-Encoding
Expires:Thu, 19 Nov 1981 08:52:00 GMT
Content-Length:977
X-Powered-By:PHP/5.5.9-1ubuntu4.29
Content-Type:text/html
",ac6f750a16dabe9fd3a65f866f4fb38b2c29dc9c74955dca6d0af7df3048ec9aaf1556afe433f00a5d213d27ff50d91c399713e44552a3f6fc10342230836947,200
http://web/css/blueprint/print.css,GET,"Cookie:PHPSESSID=m9o391rld7ca71c4egotsbtel7
Accept:text/css,*/*;q=0.1
User-Agent:Mozilla/5.0 (X11; Linux x86_64) AppleWebKit/537.36 (KHTML, like Gecko) Chrome/85.0.4183.102 Safari/537.36
Referer:http://web/tos.php
",cf83e1357eefb8bdf1542850d66d8007d620e4050b5715dc83f4a921d36ce9ce47d0d13c5d85f2b0ff8318d2877eec2f63b931bd47417a81a538327af927da3e,"Server:Apache/2.4.7 (Ubuntu)
Last-Modified:Thu, 02 Feb 2017 22:24:09 GMT
Date:Mon, 11 May 2026 20:17:50 GMT
Accept-Ranges:bytes
ETag:""52d-547939fb8b440-gzip""
Content-Encoding:gzip
Vary:Accept-Encoding
Content-Length:674
Content-Type:text/css
",382bc7f4ad396de8dacb65598554ab8e1fe76b268c9b97e377be5fe694d07688463ac138e683332f401b64a7a2e8418a2a9f7f9d96e548ee8581d228368f7524,200
http://web/users/login.php,GET,"Cookie:PHPSESSID=m9o391rld7ca71c4egotsbtel7
Accept:text/html,application/xhtml+xml,application/xml;q=0.9,image/avif,image/webp,image/apng,*/*;q=0.8,application/signed-exchange;v=b3;q=0.9
User-Agent:Mozilla/5.0 (X11; Linux x86_64) AppleWebKit/537.36 (KHTML, like Gecko) Chrome/85.0.4183.102 Safari/537.36
Referer:http://web/pictures/recent.php
Upgrade-Insecure-Requests:1
",cf83e1357eefb8bdf1542850d66d8007d620e4050b5715dc83f4a921d36ce9ce47d0d13c5d85f2b0ff8318d2877eec2f63b931bd47417a81a538327af927da3e,"Keep-Alive:timeout=5, max=56
Server:Apache/2.4.7 (Ubuntu)
Connection:Keep-Alive
Pragma:no-cache
Date:Mon, 11 May 2026 20:18:38 GMT
Cache-Control:no-store, no-cache, must-revalidate, post-check=0, pre-check=0
Content-Encoding:gzip
Vary:Accept-Encoding
Expires:Thu, 19 Nov 1981 08:52:00 GMT
Content-Length:977
X-Powered-By:PHP/5.5.9-1ubuntu4.29
Content-Type:text/html
",77e474186588bc5f5bb3acf0969473cc7be0c3ac7907905667c14b9d56d54ebc2c1d10d7c17bee0636c7c2b33d62e6862bc52095d8d7719048a92605f3d58ad7,200
http://web/tos.php,GET,"Cookie:PHPSESSID=m9o391rld7ca71c4egotsbtel7
Accept:text/html,application/xhtml+xml,application/xml;q=0.9,image/avif,image/webp,image/apng,*/*;q=0.8,application/signed-exchange;v=b3;q=0.9
User-Agent:Mozilla/5.0 (X11; Linux x86_64) AppleWebKit/537.36 (KHTML, like Gecko) Chrome/85.0.4183.102 Safari/537.36
Referer:http://web/users/sample.php?userid=1
Upgrade-Insecure-Requests:1
",cf83e1357eefb8bdf1542850d66d8007d620e4050b5715dc83f4a921d36ce9ce47d0d13c5d85f2b0ff8318d2877eec2f63b931bd47417a81a538327af927da3e,"Keep-Alive:timeout=5, max=21
Server:Apache/2.4.7 (Ubuntu)
Connection:Keep-Alive
Pragma:no-cache
Date:Mon, 11 May 2026 20:20:21 GMT
Cache-Control:no-store, no-cache, must-revalidate, post-check=0, pre-check=0
Content-Encoding:gzip
Vary:Accept-Encoding
Expires:Thu, 19 Nov 1981 08:52:00 GMT
Content-Length:10225
X-Powered-By:PHP/5.5.9-1ubuntu4.29
Content-Type:text/html
",a5fa12957d8a767f0d4d7788799c3c185c0a8b65c55432f1b41f39cf4885e20c1a7251ccdbf8636af2484b0d12a76b9d9da6f6ce85703aafd17c109bc48b13d5,200
http://web/,GET,"Cookie:PHPSESSID=m9o391rld7ca71c4egotsbtel7
Accept:text/html,application/xhtml+xml,application/xml;q=0.9,image/avif,image/webp,image/apng,*/*;q=0.8,application/signed-exchange;v=b3;q=0.9
User-Agent:Mozilla/5.0 (X11; Linux x86_64) AppleWebKit/537.36 (KHTML, like Gecko) Chrome/85.0.4183.102 Safari/537.36
Upgrade-Insecure-Requests:1
",cf83e1357eefb8bdf1542850d66d8007d620e4050b5715dc83f4a921d36ce9ce47d0d13c5d85f2b0ff8318d2877eec2f63b931bd47417a81a538327af927da3e,"Keep-Alive:timeout=5, max=49
Server:Apache/2.4.7 (Ubuntu)
Connection:Keep-Alive
Pragma:no-cache
Date:Mon, 11 May 2026 20:21:17 GMT
Cache-Control:no-store, no-cache, must-revalidate, post-check=0, pre-check=0
Content-Encoding:gzip
Vary:Accept-Encoding
Expires:Thu, 19 Nov 1981 08:52:00 GMT
Content-Length:1284
X-Powered-By:PHP/5.5.9-1ubuntu4.29
Content-Type:text/html
",7e9f44c85958224f5ae21ead94db1c3f0ed92d0e3168bd989e98e2af802d5e3fa91a98605c6e08b157f7a9a8f9677724031ca27d9f4a28603f47655c6f9efea2,200
http://web/users/sample.php?userid=1,GET,"Cookie:PHPSESSID=m9o391rld7ca71c4egotsbtel7
Accept:text/html,application/xhtml+xml,application/xml;q=0.9,image/avif,image/webp,image/apng,*/*;q=0.8,application/signed-exchange;v=b3;q=0.9
User-Agent:Mozilla/5.0 (X11; Linux x86_64) AppleWebKit/537.36 (KHTML, like Gecko) Chrome/85.0.4183.102 Safari/537.36
Referer:http://web/
Upgrade-Insecure-Requests:1
",cf83e1357eefb8bdf1542850d66d8007d620e4050b5715dc83f4a921d36ce9ce47d0d13c5d85f2b0ff8318d2877eec2f63b931bd47417a81a538327af927da3e,"Keep-Alive:timeout=5, max=28
Server:Apache/2.4.7 (Ubuntu)
Connection:Keep-Alive
Pragma:no-cache
Date:Mon, 11 May 2026 20:20:16 GMT
Cache-Control:no-store, no-cache, must-revalidate, post-check=0, pre-check=0
Content-Encoding:gzip
Vary:Accept-Encoding
Expires:Thu, 19 Nov 1981 08:52:00 GMT
Content-Length:982
X-Powered-By:PHP/5.5.9-1ubuntu4.29
Content-Type:text/html
",07b1e59449082e0125ff4a1d1320c853f50939537c2e5e92a3f63d10aebe42388f461b386c34c8d92e0254633b9fb672a741a8ed178c9eb6a9ad379fde59680f,200
http://web/users/register.php,GET,"Cookie:PHPSESSID=m9o391rld7ca71c4egotsbtel7
Accept:text/html,application/xhtml+xml,application/xml;q=0.9,image/avif,image/webp,image/apng,*/*;q=0.8,application/signed-exchange;v=b3;q=0.9
User-Agent:Mozilla/5.0 (X11; Linux x86_64) AppleWebKit/537.36 (KHTML, like Gecko) Chrome/85.0.4183.102 Safari/537.36
Referer:http://web/
Upgrade-Insecure-Requests:1
",cf83e1357eefb8bdf1542850d66d8007d620e4050b5715dc83f4a921d36ce9ce47d0d13c5d85f2b0ff8318d2877eec2f63b931bd47417a81a538327af927da3e,"Keep-Alive:timeout=5, max=72
Server:Apache/2.4.7 (Ubuntu)
Connection:Keep-Alive
Pragma:no-cache
Date:Mon, 11 May 2026 20:19:40 GMT
Cache-Control:no-store, no-cache, must-revalidate, post-check=0, pre-check=0
Content-Encoding:gzip
Vary:Accept-Encoding
Expires:Thu, 19 Nov 1981 08:52:00 GMT
Content-Length:1100
X-Powered-By:PHP/5.5.9-1ubuntu4.29
Content-Type:text/html
",9426ce31e1b88cdc311303338b93c298f5b1d6f9d8a21f6197e66d300f207497c66e296133bca11977c618f0f0fa4ef904b213c321fb0b2b9d023fddbc7953f3,200
http://web/users/sample.php?userid=1,GET,"Cookie:PHPSESSID=m9o391rld7ca71c4egotsbtel7
Accept:text/html,application/xhtml+xml,application/xml;q=0.9,image/avif,image/webp,image/apng,*/*;q=0.8,application/signed-exchange;v=b3;q=0.9
User-Agent:Mozilla/5.0 (X11; Linux x86_64) AppleWebKit/537.36 (KHTML, like Gecko) Chrome/85.0.4183.102 Safari/537.36
Referer:http://web/
Upgrade-Insecure-Requests:1
",cf83e1357eefb8bdf1542850d66d8007d620e4050b5715dc83f4a921d36ce9ce47d0d13c5d85f2b0ff8318d2877eec2f63b931bd47417a81a538327af927da3e,"Keep-Alive:timeout=5, max=32
Server:Apache/2.4.7 (Ubuntu)
Connection:Keep-Alive
Pragma:no-cache
Date:Mon, 11 May 2026 20:20:13 GMT
Cache-Control:no-store, no-cache, must-revalidate, post-check=0, pre-check=0
Content-Encoding:gzip
Vary:Accept-Encoding
Expires:Thu, 19 Nov 1981 08:52:00 GMT
Content-Length:982
X-Powered-By:PHP/5.5.9-1ubuntu4.29
Content-Type:text/html
",cdaacfd4b5586457b63c37886d18286358928c1c32a055512d9d9056857fa611a457140e2fd93b95828577acb9fb4339d0849f2f5926c2725d113d95e7a4d644,200
http://web/users/login.php,GET,"Cookie:PHPSESSID=m9o391rld7ca71c4egotsbtel7
Accept:text/html,application/xhtml+xml,application/xml;q=0.9,image/avif,image/webp,image/apng,*/*;q=0.8,application/signed-exchange;v=b3;q=0.9
User-Agent:Mozilla/5.0 (X11; Linux x86_64) AppleWebKit/537.36 (KHTML, like Gecko) Chrome/85.0.4183.102 Safari/537.36
Referer:http://web/passcheck.php
Upgrade-Insecure-Requests:1
",cf83e1357eefb8bdf1542850d66d8007d620e4050b5715dc83f4a921d36ce9ce47d0d13c5d85f2b0ff8318d2877eec2f63b931bd47417a81a538327af927da3e,"Keep-Alive:timeout=5, max=62
Server:Apache/2.4.7 (Ubuntu)
Connection:Keep-Alive
Pragma:no-cache
Date:Mon, 11 May 2026 20:21:07 GMT
Cache-Control:no-store, no-cache, must-revalidate, post-check=0, pre-check=0
Content-Encoding:gzip
Vary:Accept-Encoding
Expires:Thu, 19 Nov 1981 08:52:00 GMT
Content-Length:975
X-Powered-By:PHP/5.5.9-1ubuntu4.29
Content-Type:text/html
",58020208de0f6e735bf263655691c6fea56f7353b68156553284cc11cf33acb3584e1aa58b23c0c4a945211d27193d185cca8b2b4bbc3f3cf766db8d60a2c916,200
http://web/,GET,"Cookie:PHPSESSID=m9o391rld7ca71c4egotsbtel7
Accept:text/html,application/xhtml+xml,application/xml;q=0.9,image/avif,image/webp,image/apng,*/*;q=0.8,application/signed-exchange;v=b3;q=0.9
User-Agent:Mozilla/5.0 (X11; Linux x86_64) AppleWebKit/537.36 (KHTML, like Gecko) Chrome/85.0.4183.102 Safari/537.36
Upgrade-Insecure-Requests:1
",cf83e1357eefb8bdf1542850d66d8007d620e4050b5715dc83f4a921d36ce9ce47d0d13c5d85f2b0ff8318d2877eec2f63b931bd47417a81a538327af927da3e,"Keep-Alive:timeout=5, max=45
Server:Apache/2.4.7 (Ubuntu)
Connection:Keep-Alive
Pragma:no-cache
Date:Mon, 11 May 2026 20:21:20 GMT
Cache-Control:no-store, no-cache, must-revalidate, post-check=0, pre-check=0
Content-Encoding:gzip
Vary:Accept-Encoding
Expires:Thu, 19 Nov 1981 08:52:00 GMT
Content-Length:1284
X-Powered-By:PHP/5.5.9-1ubuntu4.29
Content-Type:text/html
",91e55b5a9104ab8c740e6a6309b4b28e2605a93a21c3942dcf3265938381bd267ca9013c9b03b75e590a06d8bd3ffd665e5c0ffafae1dd8472210e4b01020144,200
http://web/users/login.php,GET,"Cookie:PHPSESSID=m9o391rld7ca71c4egotsbtel7
Accept:text/html,application/xhtml+xml,application/xml;q=0.9,image/avif,image/webp,image/apng,*/*;q=0.8,application/signed-exchange;v=b3;q=0.9
User-Agent:Mozilla/5.0 (X11; Linux x86_64) AppleWebKit/537.36 (KHTML, like Gecko) Chrome/85.0.4183.102 Safari/537.36
Referer:http://web/calendar.php?date=1778790161
Upgrade-Insecure-Requests:1
",cf83e1357eefb8bdf1542850d66d8007d620e4050b5715dc83f4a921d36ce9ce47d0d13c5d85f2b0ff8318d2877eec2f63b931bd47417a81a538327af927da3e,"Keep-Alive:timeout=5, max=28
Server:Apache/2.4.7 (Ubuntu)
Connection:Keep-Alive
Pragma:no-cache
Date:Mon, 11 May 2026 20:22:44 GMT
Cache-Control:no-store, no-cache, must-revalidate, post-check=0, pre-check=0
Content-Encoding:gzip
Vary:Accept-Encoding
Expires:Thu, 19 Nov 1981 08:52:00 GMT
Content-Length:976
X-Powered-By:PHP/5.5.9-1ubuntu4.29
Content-Type:text/html
",c0dd74568732cc6738d82cad5c84d4afa3f03cf6d08c3b6fbeebc566576b794a2424ef02bc7deb9526c8a6484ddcf03b7022b7bcdcbfd7ca21bc09a653de9a8a,200
http://web/users/login.php,GET,"Cookie:PHPSESSID=m9o391rld7ca71c4egotsbtel7
Accept:text/html,application/xhtml+xml,application/xml;q=0.9,image/avif,image/webp,image/apng,*/*;q=0.8,application/signed-exchange;v=b3;q=0.9
User-Agent:Mozilla/5.0 (X11; Linux x86_64) AppleWebKit/537.36 (KHTML, like Gecko) Chrome/85.0.4183.102 Safari/537.36
Referer:http://web/calendar.php?date=1778703713
Upgrade-Insecure-Requests:1
",cf83e1357eefb8bdf1542850d66d8007d620e4050b5715dc83f4a921d36ce9ce47d0d13c5d85f2b0ff8318d2877eec2f63b931bd47417a81a538327af927da3e,"Keep-Alive:timeout=5, max=96
Server:Apache/2.4.7 (Ubuntu)
Connection:Keep-Alive
Pragma:no-cache
Date:Mon, 11 May 2026 20:21:55 GMT
Cache-Control:no-store, no-cache, must-revalidate, post-check=0, pre-check=0
Content-Encoding:gzip
Vary:Accept-Encoding
Expires:Thu, 19 Nov 1981 08:52:00 GMT
Content-Length:977
X-Powered-By:PHP/5.5.9-1ubuntu4.29
Content-Type:text/html
",9696d1e54810ccbf355e1915948439338d521e8cdb54328be353bacff6897baaeaf42f808b6e144587d816236bcb08387790d17a79013697fb54bbfa9ae59690,200
http://web/calendar.php,GET,"Cookie:PHPSESSID=m9o391rld7ca71c4egotsbtel7
Accept:text/html,application/xhtml+xml,application/xml;q=0.9,image/avif,image/webp,image/apng,*/*;q=0.8,application/signed-exchange;v=b3;q=0.9
User-Agent:Mozilla/5.0 (X11; Linux x86_64) AppleWebKit/537.36 (KHTML, like Gecko) Chrome/85.0.4183.102 Safari/537.36
Referer:http://web/
Upgrade-Insecure-Requests:1
",cf83e1357eefb8bdf1542850d66d8007d620e4050b5715dc83f4a921d36ce9ce47d0d13c5d85f2b0ff8318d2877eec2f63b931bd47417a81a538327af927da3e,"Keep-Alive:timeout=5, max=26
Server:Apache/2.4.7 (Ubuntu)
Connection:Keep-Alive
Pragma:no-cache
Date:Mon, 11 May 2026 20:22:45 GMT
Cache-Control:no-store, no-cache, must-revalidate, post-check=0, pre-check=0
Content-Encoding:gzip
Vary:Accept-Encoding
Expires:Thu, 19 Nov 1981 08:52:00 GMT
Content-Length:943
X-Powered-By:PHP/5.5.9-1ubuntu4.29
Content-Type:text/html
",77e9c22295ecd149e05eca842dada54c0cb528abcdd9a159a317d194136c48cdf3dfdc5f09d68491fa1497b5ef3b11c3c9031763f9739ad37fb21e213734ec72,200
http://web/users/login.php,GET,"Cookie:PHPSESSID=m9o391rld7ca71c4egotsbtel7
Accept:text/html,application/xhtml+xml,application/xml;q=0.9,image/avif,image/webp,image/apng,*/*;q=0.8,application/signed-exchange;v=b3;q=0.9
User-Agent:Mozilla/5.0 (X11; Linux x86_64) AppleWebKit/537.36 (KHTML, like Gecko) Chrome/85.0.4183.102 Safari/537.36
Referer:http://web/calendar.php?date=1778617294
Upgrade-Insecure-Requests:1
",cf83e1357eefb8bdf1542850d66d8007d620e4050b5715dc83f4a921d36ce9ce47d0d13c5d85f2b0ff8318d2877eec2f63b931bd47417a81a538327af927da3e,"Keep-Alive:timeout=5, max=24
Server:Apache/2.4.7 (Ubuntu)
Connection:Keep-Alive
Pragma:no-cache
Date:Mon, 11 May 2026 20:21:35 GMT
Cache-Control:no-store, no-cache, must-revalidate, post-check=0, pre-check=0
Content-Encoding:gzip
Vary:Accept-Encoding
Expires:Thu, 19 Nov 1981 08:52:00 GMT
Content-Length:976
X-Powered-By:PHP/5.5.9-1ubuntu4.29
Content-Type:text/html
",b236518a26f73a4014b3ddb4538dc4976409d270b51d1d08866501c7b264ed1f5759ded2eea6da2180355e7274253339841b7a68c1cedd5c048c1c82a124019e,200
http://web/,GET,"Cookie:PHPSESSID=m9o391rld7ca71c4egotsbtel7
Accept:text/html,application/xhtml+xml,application/xml;q=0.9,image/avif,image/webp,image/apng,*/*;q=0.8,application/signed-exchange;v=b3;q=0.9
User-Agent:Mozilla/5.0 (X11; Linux x86_64) AppleWebKit/537.36 (KHTML, like Gecko) Chrome/85.0.4183.102 Safari/537.36
Upgrade-Insecure-Requests:1
",cf83e1357eefb8bdf1542850d66d8007d620e4050b5715dc83f4a921d36ce9ce47d0d13c5d85f2b0ff8318d2877eec2f63b931bd47417a81a538327af927da3e,"Keep-Alive:timeout=5, max=73
Server:Apache/2.4.7 (Ubuntu)
Connection:Keep-Alive
Pragma:no-cache
Date:Mon, 11 May 2026 20:20:58 GMT
Cache-Control:no-store, no-cache, must-revalidate, post-check=0, pre-check=0
Content-Encoding:gzip
Vary:Accept-Encoding
Expires:Thu, 19 Nov 1981 08:52:00 GMT
Content-Length:1283
X-Powered-By:PHP/5.5.9-1ubuntu4.29
Content-Type:text/html
",6a8266b66bf96f91ba24a60a52a17442672dda77383ec14264538b38ead417d62f90ed626909f8e4e1030061b43b7d5feb02e7787de03863f1b77b5ba95c1283,200
http://web/pictures/recent.php,GET,"Cookie:PHPSESSID=m9o391rld7ca71c4egotsbtel7
Accept:text/html,application/xhtml+xml,application/xml;q=0.9,image/avif,image/webp,image/apng,*/*;q=0.8,application/signed-exchange;v=b3;q=0.9
User-Agent:Mozilla/5.0 (X11; Linux x86_64) AppleWebKit/537.36 (KHTML, like Gecko) Chrome/85.0.4183.102 Safari/537.36
Referer:http://web/calendar.php?date=1778790152
Upgrade-Insecure-Requests:1
",cf83e1357eefb8bdf1542850d66d8007d620e4050b5715dc83f4a921d36ce9ce47d0d13c5d85f2b0ff8318d2877eec2f63b931bd47417a81a538327af927da3e,"Keep-Alive:timeout=5, max=40
Server:Apache/2.4.7 (Ubuntu)
Connection:Keep-Alive
Pragma:no-cache
Date:Mon, 11 May 2026 20:22:35 GMT
Cache-Control:no-store, no-cache, must-revalidate, post-check=0, pre-check=0
Content-Encoding:gzip
Vary:Accept-Encoding
Expires:Thu, 19 Nov 1981 08:52:00 GMT
Content-Length:1088
X-Powered-By:PHP/5.5.9-1ubuntu4.29
Content-Type:text/html
",5ba86474632969bb8ee80ba877ddf5606e8db37482dc1934183a6e78a8796efd51a0e208e580fe191429803f5a12590cc2aa0c777a887c47d3426f9ef3d2bfdb,200
http://web/,GET,"Cookie:PHPSESSID=m9o391rld7ca71c4egotsbtel7
Accept:text/html,application/xhtml+xml,application/xml;q=0.9,image/avif,image/webp,image/apng,*/*;q=0.8,application/signed-exchange;v=b3;q=0.9
User-Agent:Mozilla/5.0 (X11; Linux x86_64) AppleWebKit/537.36 (KHTML, like Gecko) Chrome/85.0.4183.102 Safari/537.36
Upgrade-Insecure-Requests:1
",cf83e1357eefb8bdf1542850d66d8007d620e4050b5715dc83f4a921d36ce9ce47d0d13c5d85f2b0ff8318d2877eec2f63b931bd47417a81a538327af927da3e,"Keep-Alive:timeout=5, max=86
Server:Apache/2.4.7 (Ubuntu)
Connection:Keep-Alive
Pragma:no-cache
Date:Mon, 11 May 2026 20:20:49 GMT
Cache-Control:no-store, no-cache, must-revalidate, post-check=0, pre-check=0
Content-Encoding:gzip
Vary:Accept-Encoding
Expires:Thu, 19 Nov 1981 08:52:00 GMT
Content-Length:1283
X-Powered-By:PHP/5.5.9-1ubuntu4.29
Content-Type:text/html
",19e685a7bd425de05ab976a9dcecaa9ba8246ea40f46f62b85a10d6438ca4a4bf6a3a3219c278b23ca1cc6662b0df687ed816e865f337e998fe820b26560de2f,200
http://web/calendar.php,GET,"Cookie:PHPSESSID=m9o391rld7ca71c4egotsbtel7
Accept:text/html,application/xhtml+xml,application/xml;q=0.9,image/avif,image/webp,image/apng,*/*;q=0.8,application/signed-exchange;v=b3;q=0.9
User-Agent:Mozilla/5.0 (X11; Linux x86_64) AppleWebKit/537.36 (KHTML, like Gecko) Chrome/85.0.4183.102 Safari/537.36
Referer:http://web/
Upgrade-Insecure-Requests:1
",cf83e1357eefb8bdf1542850d66d8007d620e4050b5715dc83f4a921d36ce9ce47d0d13c5d85f2b0ff8318d2877eec2f63b931bd47417a81a538327af927da3e,"Keep-Alive:timeout=5, max=89
Server:Apache/2.4.7 (Ubuntu)
Connection:Keep-Alive
Pragma:no-cache
Date:Mon, 11 May 2026 20:22:01 GMT
Cache-Control:no-store, no-cache, must-revalidate, post-check=0, pre-check=0
Content-Encoding:gzip
Vary:Accept-Encoding
Expires:Thu, 19 Nov 1981 08:52:00 GMT
Content-Length:944
X-Powered-By:PHP/5.5.9-1ubuntu4.29
Content-Type:text/html
",ef5fd3f4cb68478a0de61c99f550fc63dd67ad5700bc5280686467606c4e16e6e5f4dd03f041afe834e312a838b56033d285cbacbe871315db79f294ce122879,200
http://web/calendar.php?date=1778790152,GET,"Cookie:PHPSESSID=m9o391rld7ca71c4egotsbtel7
Accept:text/html,application/xhtml+xml,application/xml;q=0.9,image/avif,image/webp,image/apng,*/*;q=0.8,application/signed-exchange;v=b3;q=0.9
User-Agent:Mozilla/5.0 (X11; Linux x86_64) AppleWebKit/537.36 (KHTML, like Gecko) Chrome/85.0.4183.102 Safari/537.36
Referer:http://web/calendar.php?date=1778703752
Upgrade-Insecure-Requests:1
",cf83e1357eefb8bdf1542850d66d8007d620e4050b5715dc83f4a921d36ce9ce47d0d13c5d85f2b0ff8318d2877eec2f63b931bd47417a81a538327af927da3e,"Keep-Alive:timeout=5, max=41
Server:Apache/2.4.7 (Ubuntu)
Connection:Keep-Alive
Pragma:no-cache
Date:Mon, 11 May 2026 20:22:34 GMT
Cache-Control:no-store, no-cache, must-revalidate, post-check=0, pre-check=0
Content-Encoding:gzip
Vary:Accept-Encoding
Expires:Thu, 19 Nov 1981 08:52:00 GMT
Content-Length:945
X-Powered-By:PHP/5.5.9-1ubuntu4.29
Content-Type:text/html
",661fde6fa4ce63cf19abf63b6ffaf7bfe66e49649592a91d68e1449ba311ca721767134a82c213f55784b91d717ec9d67902e04473fad5626de514efcd2a4f81,200
http://web/,GET,"Cookie:PHPSESSID=m9o391rld7ca71c4egotsbtel7
Accept:text/html,application/xhtml+xml,application/xml;q=0.9,image/avif,image/webp,image/apng,*/*;q=0.8,application/signed-exchange;v=b3;q=0.9
User-Agent:Mozilla/5.0 (X11; Linux x86_64) AppleWebKit/537.36 (KHTML, like Gecko) Chrome/85.0.4183.102 Safari/537.36
Referer:http://web/tos.php
Upgrade-Insecure-Requests:1
",cf83e1357eefb8bdf1542850d66d8007d620e4050b5715dc83f4a921d36ce9ce47d0d13c5d85f2b0ff8318d2877eec2f63b931bd47417a81a538327af927da3e,"Keep-Alive:timeout=5, max=90
Server:Apache/2.4.7 (Ubuntu)
Connection:Keep-Alive
Pragma:no-cache
Date:Mon, 11 May 2026 20:20:45 GMT
Cache-Control:no-store, no-cache, must-revalidate, post-check=0, pre-check=0
Content-Encoding:gzip
Vary:Accept-Encoding
Expires:Thu, 19 Nov 1981 08:52:00 GMT
Content-Length:1283
X-Powered-By:PHP/5.5.9-1ubuntu4.29
Content-Type:text/html
",e527fad11b9f641c5449e41e5661e8ea2bd6dd025216b6c0be79052366005319e3f23327f1fa3bbed64536cdad6febb9c853d306b6a269e64bb7165fa167c984,200
http://web/,GET,"Cookie:PHPSESSID=m9o391rld7ca71c4egotsbtel7
Accept:text/html,application/xhtml+xml,application/xml;q=0.9,image/avif,image/webp,image/apng,*/*;q=0.8,application/signed-exchange;v=b3;q=0.9
User-Agent:Mozilla/5.0 (X11; Linux x86_64) AppleWebKit/537.36 (KHTML, like Gecko) Chrome/85.0.4183.102 Safari/537.36
Upgrade-Insecure-Requests:1
",cf83e1357eefb8bdf1542850d66d8007d620e4050b5715dc83f4a921d36ce9ce47d0d13c5d85f2b0ff8318d2877eec2f63b931bd47417a81a538327af927da3e,"Keep-Alive:timeout=5, max=5
Server:Apache/2.4.7 (Ubuntu)
Connection:Keep-Alive
Pragma:no-cache
Date:Mon, 11 May 2026 20:20:32 GMT
Cache-Control:no-store, no-cache, must-revalidate, post-check=0, pre-check=0
Content-Encoding:gzip
Vary:Accept-Encoding
Expires:Thu, 19 Nov 1981 08:52:00 GMT
Content-Length:1283
X-Powered-By:PHP/5.5.9-1ubuntu4.29
Content-Type:text/html
",6b0d5518cbd86a1df5f20a7c4b2c28821d442e90d42550935515680f4514fdf6677b4a551084e1a09ed5d2b32131bf565a4ce54088080009ed2a17c19f231f03,200
http://web/tos.php,GET,"Cookie:PHPSESSID=m9o391rld7ca71c4egotsbtel7
Accept:text/html,application/xhtml+xml,application/xml;q=0.9,image/avif,image/webp,image/apng,*/*;q=0.8,application/signed-exchange;v=b3;q=0.9
User-Agent:Mozilla/5.0 (X11; Linux x86_64) AppleWebKit/537.36 (KHTML, like Gecko) Chrome/85.0.4183.102 Safari/537.36
Referer:http://web/
Upgrade-Insecure-Requests:1
",cf83e1357eefb8bdf1542850d66d8007d620e4050b5715dc83f4a921d36ce9ce47d0d13c5d85f2b0ff8318d2877eec2f63b931bd47417a81a538327af927da3e,"Keep-Alive:timeout=5, max=70
Server:Apache/2.4.7 (Ubuntu)
Connection:Keep-Alive
Pragma:no-cache
Date:Mon, 11 May 2026 20:18:28 GMT
Cache-Control:no-store, no-cache, must-revalidate, post-check=0, pre-check=0
Content-Encoding:gzip
Vary:Accept-Encoding
Expires:Thu, 19 Nov 1981 08:52:00 GMT
Content-Length:10230
X-Powered-By:PHP/5.5.9-1ubuntu4.29
Content-Type:text/html
",79cfb453e172e5186e2b0efb5c8f637370705d993e32749fd8062e88ee93ddb9504eddafdc10da78c57c023fce6015a7a7a1970ee410c42044eea1813d315f27,200
http://web/,GET,"Cookie:PHPSESSID=m9o391rld7ca71c4egotsbtel7
Accept:text/html,application/xhtml+xml,application/xml;q=0.9,image/avif,image/webp,image/apng,*/*;q=0.8,application/signed-exchange;v=b3;q=0.9
User-Agent:Mozilla/5.0 (X11; Linux x86_64) AppleWebKit/537.36 (KHTML, like Gecko) Chrome/85.0.4183.102 Safari/537.36
Referer:http://web/users/sample.php?userid=1
Upgrade-Insecure-Requests:1
",cf83e1357eefb8bdf1542850d66d8007d620e4050b5715dc83f4a921d36ce9ce47d0d13c5d85f2b0ff8318d2877eec2f63b931bd47417a81a538327af927da3e,"Keep-Alive:timeout=5, max=76
Server:Apache/2.4.7 (Ubuntu)
Connection:Keep-Alive
Pragma:no-cache
Date:Mon, 11 May 2026 20:18:22 GMT
Cache-Control:no-store, no-cache, must-revalidate, post-check=0, pre-check=0
Content-Encoding:gzip
Vary:Accept-Encoding
Expires:Thu, 19 Nov 1981 08:52:00 GMT
Content-Length:1282
X-Powered-By:PHP/5.5.9-1ubuntu4.29
Content-Type:text/html
",83cfab84d2720fdf989bb9657da47b4b37c790c71027add53d371c8d3c05b7d29694075ff2354b2dc39c9ce9d3676f9083d52ac2c86ba50833e2cd12c7fa5b99,200
http://web/,GET,"Cookie:PHPSESSID=m9o391rld7ca71c4egotsbtel7
Accept:text/html,application/xhtml+xml,application/xml;q=0.9,image/avif,image/webp,image/apng,*/*;q=0.8,application/signed-exchange;v=b3;q=0.9
User-Agent:Mozilla/5.0 (X11; Linux x86_64) AppleWebKit/537.36 (KHTML, like Gecko) Chrome/85.0.4183.102 Safari/537.36
Upgrade-Insecure-Requests:1
",cf83e1357eefb8bdf1542850d66d8007d620e4050b5715dc83f4a921d36ce9ce47d0d13c5d85f2b0ff8318d2877eec2f63b931bd47417a81a538327af927da3e,"Keep-Alive:timeout=5, max=69
Server:Apache/2.4.7 (Ubuntu)
Connection:Keep-Alive
Pragma:no-cache
Date:Mon, 11 May 2026 20:22:15 GMT
Cache-Control:no-store, no-cache, must-revalidate, post-check=0, pre-check=0
Content-Encoding:gzip
Vary:Accept-Encoding
Expires:Thu, 19 Nov 1981 08:52:00 GMT
Content-Length:1284
X-Powered-By:PHP/5.5.9-1ubuntu4.29
Content-Type:text/html
",18a690a00dc64c699856617b973466c0791bccfe2cd5b593603fbc0a6d00ed656b4aac05b5377d225610acbbea9dd2639ca29933cbf1bad855fd7674b05502ea,200
http://web/users/login.php,GET,"Cookie:PHPSESSID=m9o391rld7ca71c4egotsbtel7
Accept:text/html,application/xhtml+xml,application/xml;q=0.9,image/avif,image/webp,image/apng,*/*;q=0.8,application/signed-exchange;v=b3;q=0.9
User-Agent:Mozilla/5.0 (X11; Linux x86_64) AppleWebKit/537.36 (KHTML, like Gecko) Chrome/85.0.4183.102 Safari/537.36
Referer:http://web/pictures/recent.php
Upgrade-Insecure-Requests:1
",cf83e1357eefb8bdf1542850d66d8007d620e4050b5715dc83f4a921d36ce9ce47d0d13c5d85f2b0ff8318d2877eec2f63b931bd47417a81a538327af927da3e,"Keep-Alive:timeout=5, max=15
Server:Apache/2.4.7 (Ubuntu)
Connection:Keep-Alive
Pragma:no-cache
Date:Mon, 11 May 2026 20:19:05 GMT
Cache-Control:no-store, no-cache, must-revalidate, post-check=0, pre-check=0
Content-Encoding:gzip
Vary:Accept-Encoding
Expires:Thu, 19 Nov 1981 08:52:00 GMT
Content-Length:978
X-Powered-By:PHP/5.5.9-1ubuntu4.29
Content-Type:text/html
",585e87627b2a71b6a4b12d3b922caee49db354f1f24d2d85e6746e0d4cbaf3cad2e34910a94cd51940cb9e3e8ff4f4cf1970eb5aa9c9ab8e0d42929aeb464aed,200
http://web/calendar.php,GET,"Cookie:PHPSESSID=m9o391rld7ca71c4egotsbtel7
Accept:text/html,application/xhtml+xml,application/xml;q=0.9,image/avif,image/webp,image/apng,*/*;q=0.8,application/signed-exchange;v=b3;q=0.9
User-Agent:Mozilla/5.0 (X11; Linux x86_64) AppleWebKit/537.36 (KHTML, like Gecko) Chrome/85.0.4183.102 Safari/537.36
Referer:http://web/
Upgrade-Insecure-Requests:1
",cf83e1357eefb8bdf1542850d66d8007d620e4050b5715dc83f4a921d36ce9ce47d0d13c5d85f2b0ff8318d2877eec2f63b931bd47417a81a538327af927da3e,"Keep-Alive:timeout=5, max=7
Server:Apache/2.4.7 (Ubuntu)
Connection:Keep-Alive
Pragma:no-cache
Date:Mon, 11 May 2026 20:20:31 GMT
Cache-Control:no-store, no-cache, must-revalidate, post-check=0, pre-check=0
Content-Encoding:gzip
Vary:Accept-Encoding
Expires:Thu, 19 Nov 1981 08:52:00 GMT
Content-Length:942
X-Powered-By:PHP/5.5.9-1ubuntu4.29
Content-Type:text/html
",8ab0240d4525335a3758099eb630446eb813aafce09bfec0ff7a4b36e8ff48f5a978a7eea9acaeee552f77a1838a3a30d55e9402f98d067cc17d2c0b8654bd29,200
http://web/calendar.php?date=1778617348,GET,"Cookie:PHPSESSID=m9o391rld7ca71c4egotsbtel7
Accept:text/html,application/xhtml+xml,application/xml;q=0.9,image/avif,image/webp,image/apng,*/*;q=0.8,application/signed-exchange;v=b3;q=0.9
User-Agent:Mozilla/5.0 (X11; Linux x86_64) AppleWebKit/537.36 (KHTML, like Gecko) Chrome/85.0.4183.102 Safari/537.36
Referer:http://web/calendar.php
Upgrade-Insecure-Requests:1
",cf83e1357eefb8bdf1542850d66d8007d620e4050b5715dc83f4a921d36ce9ce47d0d13c5d85f2b0ff8318d2877eec2f63b931bd47417a81a538327af927da3e,"Keep-Alive:timeout=5, max=50
Server:Apache/2.4.7 (Ubuntu)
Connection:Keep-Alive
Pragma:no-cache
Date:Mon, 11 May 2026 20:22:29 GMT
Cache-Control:no-store, no-cache, must-revalidate, post-check=0, pre-check=0
Content-Encoding:gzip
Vary:Accept-Encoding
Expires:Thu, 19 Nov 1981 08:52:00 GMT
Content-Length:945
X-Powered-By:PHP/5.5.9-1ubuntu4.29
Content-Type:text/html
",ead1ae167eff8b8242776891a6e1708014ff8bf4e8ac0ac9a180dfdae040d510a4c8b4a5fbc44b9b40e71ee02e7ac63ae2c3fa784e89ae2dad7d2899c999055e,200
http://web/,GET,"Cookie:PHPSESSID=m9o391rld7ca71c4egotsbtel7
Accept:text/html,application/xhtml+xml,application/xml;q=0.9,image/avif,image/webp,image/apng,*/*;q=0.8,application/signed-exchange;v=b3;q=0.9
User-Agent:Mozilla/5.0 (X11; Linux x86_64) AppleWebKit/537.36 (KHTML, like Gecko) Chrome/85.0.4183.102 Safari/537.36
Upgrade-Insecure-Requests:1
",cf83e1357eefb8bdf1542850d66d8007d620e4050b5715dc83f4a921d36ce9ce47d0d13c5d85f2b0ff8318d2877eec2f63b931bd47417a81a538327af927da3e,"Keep-Alive:timeout=5, max=42
Server:Apache/2.4.7 (Ubuntu)
Connection:Keep-Alive
Pragma:no-cache
Date:Mon, 11 May 2026 20:18:48 GMT
Cache-Control:no-store, no-cache, must-revalidate, post-check=0, pre-check=0
Content-Encoding:gzip
Vary:Accept-Encoding
Expires:Thu, 19 Nov 1981 08:52:00 GMT
Content-Length:1284
X-Powered-By:PHP/5.5.9-1ubuntu4.29
Content-Type:text/html
",7e99e38328c7e586d5455ee1530dc902e943c102c88d5c472a03ece4d47d8ebb43253f4cd31399068297943a3c3c5663d378b4a8de6678e01437a46942b0e984,200
http://web/users/login.php,GET,"Cookie:PHPSESSID=m9o391rld7ca71c4egotsbtel7
Accept:text/html,application/xhtml+xml,application/xml;q=0.9,image/avif,image/webp,image/apng,*/*;q=0.8,application/signed-exchange;v=b3;q=0.9
User-Agent:Mozilla/5.0 (X11; Linux x86_64) AppleWebKit/537.36 (KHTML, like Gecko) Chrome/85.0.4183.102 Safari/537.36
Referer:http://web/
Upgrade-Insecure-Requests:1
",cf83e1357eefb8bdf1542850d66d8007d620e4050b5715dc83f4a921d36ce9ce47d0d13c5d85f2b0ff8318d2877eec2f63b931bd47417a81a538327af927da3e,"Keep-Alive:timeout=5, max=64
Server:Apache/2.4.7 (Ubuntu)
Connection:Keep-Alive
Pragma:no-cache
Date:Mon, 11 May 2026 20:18:32 GMT
Cache-Control:no-store, no-cache, must-revalidate, post-check=0, pre-check=0
Content-Encoding:gzip
Vary:Accept-Encoding
Expires:Thu, 19 Nov 1981 08:52:00 GMT
Content-Length:977
X-Powered-By:PHP/5.5.9-1ubuntu4.29
Content-Type:text/html
",01cd137e663d9896d2f0949664c12400486c1ed41388aebad976257a714ee1197c2c443b6c55201dce593fd15bf9bbeecda40660959e65598bd77841eefa3309,200
http://web/calendar.php?date=1778617357,GET,"Cookie:PHPSESSID=m9o391rld7ca71c4egotsbtel7
Accept:text/html,application/xhtml+xml,application/xml;q=0.9,image/avif,image/webp,image/apng,*/*;q=0.8,application/signed-exchange;v=b3;q=0.9
User-Agent:Mozilla/5.0 (X11; Linux x86_64) AppleWebKit/537.36 (KHTML, like Gecko) Chrome/85.0.4183.102 Safari/537.36
Referer:http://web/calendar.php
Upgrade-Insecure-Requests:1
",cf83e1357eefb8bdf1542850d66d8007d620e4050b5715dc83f4a921d36ce9ce47d0d13c5d85f2b0ff8318d2877eec2f63b931bd47417a81a538327af927da3e,"Keep-Alive:timeout=5, max=37
Server:Apache/2.4.7 (Ubuntu)
Connection:Keep-Alive
Pragma:no-cache
Date:Mon, 11 May 2026 20:22:37 GMT
Cache-Control:no-store, no-cache, must-revalidate, post-check=0, pre-check=0
Content-Encoding:gzip
Vary:Accept-Encoding
Expires:Thu, 19 Nov 1981 08:52:00 GMT
Content-Length:944
X-Powered-By:PHP/5.5.9-1ubuntu4.29
Content-Type:text/html
",bb6e46c4ee322dfd4709d474cc10d01d502c4426f0302d1bfcfaeeed310ccdfeeb412d55862ce9326fb3f578f4c59e20a548a56fb3bf768e8062b17f9e581d75,200
http://web/pictures/view.php?picid=13,GET,"Cookie:PHPSESSID=m9o391rld7ca71c4egotsbtel7
Accept:text/html,application/xhtml+xml,application/xml;q=0.9,image/avif,image/webp,image/apng,*/*;q=0.8,application/signed-exchange;v=b3;q=0.9
User-Agent:Mozilla/5.0 (X11; Linux x86_64) AppleWebKit/537.36 (KHTML, like Gecko) Chrome/85.0.4183.102 Safari/537.36
Referer:http://web/pictures/recent.php
Upgrade-Insecure-Requests:1
",cf83e1357eefb8bdf1542850d66d8007d620e4050b5715dc83f4a921d36ce9ce47d0d13c5d85f2b0ff8318d2877eec2f63b931bd47417a81a538327af927da3e,"Keep-Alive:timeout=5, max=36
Server:Apache/2.4.7 (Ubuntu)
Connection:Keep-Alive
Pragma:no-cache
Date:Mon, 11 May 2026 20:18:52 GMT
Cache-Control:no-store, no-cache, must-revalidate, post-check=0, pre-check=0
Expires:Thu, 19 Nov 1981 08:52:00 GMT
Content-Length:41
X-Powered-By:PHP/5.5.9-1ubuntu4.29
Location:/users/login.php
Content-Type:text/html
",cf83e1357eefb8bdf1542850d66d8007d620e4050b5715dc83f4a921d36ce9ce47d0d13c5d85f2b0ff8318d2877eec2f63b931bd47417a81a538327af927da3e,303
http://web/calendar.php?date=1778617352,GET,"Cookie:PHPSESSID=m9o391rld7ca71c4egotsbtel7
Accept:text/html,application/xhtml+xml,application/xml;q=0.9,image/avif,image/webp,image/apng,*/*;q=0.8,application/signed-exchange;v=b3;q=0.9
User-Agent:Mozilla/5.0 (X11; Linux x86_64) AppleWebKit/537.36 (KHTML, like Gecko) Chrome/85.0.4183.102 Safari/537.36
Referer:http://web/calendar.php
Upgrade-Insecure-Requests:1
",cf83e1357eefb8bdf1542850d66d8007d620e4050b5715dc83f4a921d36ce9ce47d0d13c5d85f2b0ff8318d2877eec2f63b931bd47417a81a538327af927da3e,"Keep-Alive:timeout=5, max=43
Server:Apache/2.4.7 (Ubuntu)
Connection:Keep-Alive
Pragma:no-cache
Date:Mon, 11 May 2026 20:22:33 GMT
Cache-Control:no-store, no-cache, must-revalidate, post-check=0, pre-check=0
Content-Encoding:gzip
Vary:Accept-Encoding
Expires:Thu, 19 Nov 1981 08:52:00 GMT
Content-Length:945
X-Powered-By:PHP/5.5.9-1ubuntu4.29
Content-Type:text/html
",9d14278c95eae63e6b150b7efd7e24118377b3922d17da5334abbc0f71fcd09c87da5bd3abcbbc68a19f8e5187d68f648e3e4ebf9b72a927492f84b9246ec898,200
http://web/,GET,"Cookie:PHPSESSID=m9o391rld7ca71c4egotsbtel7
Accept:text/html,application/xhtml+xml,application/xml;q=0.9,image/avif,image/webp,image/apng,*/*;q=0.8,application/signed-exchange;v=b3;q=0.9
User-Agent:Mozilla/5.0 (X11; Linux x86_64) AppleWebKit/537.36 (KHTML, like Gecko) Chrome/85.0.4183.102 Safari/537.36
Upgrade-Insecure-Requests:1
",cf83e1357eefb8bdf1542850d66d8007d620e4050b5715dc83f4a921d36ce9ce47d0d13c5d85f2b0ff8318d2877eec2f63b931bd47417a81a538327af927da3e,"Keep-Alive:timeout=5, max=14
Server:Apache/2.4.7 (Ubuntu)
Connection:Keep-Alive
Pragma:no-cache
Date:Mon, 11 May 2026 20:19:06 GMT
Cache-Control:no-store, no-cache, must-revalidate, post-check=0, pre-check=0
Content-Encoding:gzip
Vary:Accept-Encoding
Expires:Thu, 19 Nov 1981 08:52:00 GMT
Content-Length:1284
X-Powered-By:PHP/5.5.9-1ubuntu4.29
Content-Type:text/html
",f67e5a5946df566a6d53b6fde15cd1dd0802602bffd3243e85c14a3ae470cb7ada2e64b2cce5ffa24641aa9c7a3c25f968e99f06c5a84183cd498409c38b84d3,200
http://web/users/login.php,GET,"Cookie:PHPSESSID=m9o391rld7ca71c4egotsbtel7
Accept:text/html,application/xhtml+xml,application/xml;q=0.9,image/avif,image/webp,image/apng,*/*;q=0.8,application/signed-exchange;v=b3;q=0.9
User-Agent:Mozilla/5.0 (X11; Linux x86_64) AppleWebKit/537.36 (KHTML, like Gecko) Chrome/85.0.4183.102 Safari/537.36
Referer:http://web/users/sample.php?userid=1
Upgrade-Insecure-Requests:1
",cf83e1357eefb8bdf1542850d66d8007d620e4050b5715dc83f4a921d36ce9ce47d0d13c5d85f2b0ff8318d2877eec2f63b931bd47417a81a538327af927da3e,"Keep-Alive:timeout=5, max=43
Server:Apache/2.4.7 (Ubuntu)
Connection:Keep-Alive
Pragma:no-cache
Date:Mon, 11 May 2026 20:20:04 GMT
Cache-Control:no-store, no-cache, must-revalidate, post-check=0, pre-check=0
Content-Encoding:gzip
Vary:Accept-Encoding
Expires:Thu, 19 Nov 1981 08:52:00 GMT
Content-Length:975
X-Powered-By:PHP/5.5.9-1ubuntu4.29
Content-Type:text/html
",e6a3888c10be85ada2c66b73bd56f17844569ea3cb3befab2c124f32ccd7c0ffb00730f80f82e6209c2e43fdfeaa6f107849a361cc8e81159530434508f42be9,200
http://web/upload/waterfall/Waterfall.128_128.jpg,GET,"Cookie:PHPSESSID=m9o391rld7ca71c4egotsbtel7
Accept:image/avif,image/webp,image/apng,image/*,*/*;q=0.8
User-Agent:Mozilla/5.0 (X11; Linux x86_64) AppleWebKit/537.36 (KHTML, like Gecko) Chrome/85.0.4183.102 Safari/537.36
Referer:http://web/pictures/recent.php
",cf83e1357eefb8bdf1542850d66d8007d620e4050b5715dc83f4a921d36ce9ce47d0d13c5d85f2b0ff8318d2877eec2f63b931bd47417a81a538327af927da3e,"Keep-Alive:timeout=5, max=100
Server:Apache/2.4.7 (Ubuntu)
Connection:Keep-Alive
Last-Modified:Thu, 02 Feb 2017 22:24:09 GMT
Date:Mon, 11 May 2026 20:18:01 GMT
Accept-Ranges:bytes
ETag:""3950-547939fb8b440""
Content-Length:14672
Content-Type:image/jpeg
",b4cf82dbfa6dd1d66ab0e526149bcfb14444941e01c00d5afee0b0a79ee6168b00bc6969f9ad0fdf9b2b75a6ddf60da5fffbc01ffad4f107b0001c213260c858,200
http://web/users/login.php,GET,"Cookie:PHPSESSID=m9o391rld7ca71c4egotsbtel7
Accept:text/html,application/xhtml+xml,application/xml;q=0.9,image/avif,image/webp,image/apng,*/*;q=0.8,application/signed-exchange;v=b3;q=0.9
User-Agent:Mozilla/5.0 (X11; Linux x86_64) AppleWebKit/537.36 (KHTML, like Gecko) Chrome/85.0.4183.102 Safari/537.36
Referer:http://web/calendar.php?date=1778703710
Upgrade-Insecure-Requests:1
",cf83e1357eefb8bdf1542850d66d8007d620e4050b5715dc83f4a921d36ce9ce47d0d13c5d85f2b0ff8318d2877eec2f63b931bd47417a81a538327af927da3e,"Keep-Alive:timeout=5, max=1
Server:Apache/2.4.7 (Ubuntu)
Connection:Keep-Alive
Pragma:no-cache
Date:Mon, 11 May 2026 20:21:52 GMT
Cache-Control:no-store, no-cache, must-revalidate, post-check=0, pre-check=0
Content-Encoding:gzip
Vary:Accept-Encoding
Expires:Thu, 19 Nov 1981 08:52:00 GMT
Content-Length:976
X-Powered-By:PHP/5.5.9-1ubuntu4.29
Content-Type:text/html
",a2495aa4e345e153db0ecb15441bc6a8914e23259bb43a6ac939a2aed0d56a2d85690e54868eadf3196e1b593738452066a56b9d7d3a9252e4aa11b1ff85b971,200
http://web/users/login.php,GET,"Cookie:PHPSESSID=m9o391rld7ca71c4egotsbtel7
Accept:text/html,application/xhtml+xml,application/xml;q=0.9,image/avif,image/webp,image/apng,*/*;q=0.8,application/signed-exchange;v=b3;q=0.9
User-Agent:Mozilla/5.0 (X11; Linux x86_64) AppleWebKit/537.36 (KHTML, like Gecko) Chrome/85.0.4183.102 Safari/537.36
Referer:http://web/users/sample.php?userid=1
Upgrade-Insecure-Requests:1
",cf83e1357eefb8bdf1542850d66d8007d620e4050b5715dc83f4a921d36ce9ce47d0d13c5d85f2b0ff8318d2877eec2f63b931bd47417a81a538327af927da3e,"Keep-Alive:timeout=5, max=47
Server:Apache/2.4.7 (Ubuntu)
Connection:Keep-Alive
Pragma:no-cache
Date:Mon, 11 May 2026 20:20:02 GMT
Cache-Control:no-store, no-cache, must-revalidate, post-check=0, pre-check=0
Content-Encoding:gzip
Vary:Accept-Encoding
Expires:Thu, 19 Nov 1981 08:52:00 GMT
Content-Length:977
X-Powered-By:PHP/5.5.9-1ubuntu4.29
Content-Type:text/html
",44500c05aba75722b17eeabfacd0dc2fb46bf29ea3eea5ce2cd7c5b5e0f2a9e9d2578c574f2d3f05f76e3e48114a3d6b8bff0025b7b1fe6fc68b4618e592cd12,200
http://web/pictures/view.php?picid=12,GET,"Cookie:PHPSESSID=m9o391rld7ca71c4egotsbtel7
Accept:text/html,application/xhtml+xml,application/xml;q=0.9,image/avif,image/webp,image/apng,*/*;q=0.8,application/signed-exchange;v=b3;q=0.9
User-Agent:Mozilla/5.0 (X11; Linux x86_64) AppleWebKit/537.36 (KHTML, like Gecko) Chrome/85.0.4183.102 Safari/537.36
Referer:http://web/pictures/recent.php
Upgrade-Insecure-Requests:1
",cf83e1357eefb8bdf1542850d66d8007d620e4050b5715dc83f4a921d36ce9ce47d0d13c5d85f2b0ff8318d2877eec2f63b931bd47417a81a538327af927da3e,"Keep-Alive:timeout=5, max=32
Server:Apache/2.4.7 (Ubuntu)
Connection:Keep-Alive
Pragma:no-cache
Date:Mon, 11 May 2026 20:18:55 GMT
Cache-Control:no-store, no-cache, must-revalidate, post-check=0, pre-check=0
Expires:Thu, 19 Nov 1981 08:52:00 GMT
Content-Length:41
X-Powered-By:PHP/5.5.9-1ubuntu4.29
Location:/users/login.php
Content-Type:text/html
",cf83e1357eefb8bdf1542850d66d8007d620e4050b5715dc83f4a921d36ce9ce47d0d13c5d85f2b0ff8318d2877eec2f63b931bd47417a81a538327af927da3e,303
http://web/calendar.php?date=1778790148,GET,"Cookie:PHPSESSID=m9o391rld7ca71c4egotsbtel7
Accept:text/html,application/xhtml+xml,application/xml;q=0.9,image/avif,image/webp,image/apng,*/*;q=0.8,application/signed-exchange;v=b3;q=0.9
User-Agent:Mozilla/5.0 (X11; Linux x86_64) AppleWebKit/537.36 (KHTML, like Gecko) Chrome/85.0.4183.102 Safari/537.36
Referer:http://web/calendar.php?date=1778703748
Upgrade-Insecure-Requests:1
",cf83e1357eefb8bdf1542850d66d8007d620e4050b5715dc83f4a921d36ce9ce47d0d13c5d85f2b0ff8318d2877eec2f63b931bd47417a81a538327af927da3e,"Keep-Alive:timeout=5, max=48
Server:Apache/2.4.7 (Ubuntu)
Connection:Keep-Alive
Pragma:no-cache
Date:Mon, 11 May 2026 20:22:30 GMT
Cache-Control:no-store, no-cache, must-revalidate, post-check=0, pre-check=0
Content-Encoding:gzip
Vary:Accept-Encoding
Expires:Thu, 19 Nov 1981 08:52:00 GMT
Content-Length:945
X-Powered-By:PHP/5.5.9-1ubuntu4.29
Content-Type:text/html
",a399eeea3b3e4a02d7c8cdad5dcf588a2dbe23902f511b7ce638a733fb1364d4c3e56b40304758695a42eaab0ed4e21d88c8b947caccd8f6260a322a299ea3d5,200
http://web/calendar.php?date=1778617361,GET,"Cookie:PHPSESSID=m9o391rld7ca71c4egotsbtel7
Accept:text/html,application/xhtml+xml,application/xml;q=0.9,image/avif,image/webp,image/apng,*/*;q=0.8,application/signed-exchange;v=b3;q=0.9
User-Agent:Mozilla/5.0 (X11; Linux x86_64) AppleWebKit/537.36 (KHTML, like Gecko) Chrome/85.0.4183.102 Safari/537.36
Referer:http://web/calendar.php
Upgrade-Insecure-Requests:1
",cf83e1357eefb8bdf1542850d66d8007d620e4050b5715dc83f4a921d36ce9ce47d0d13c5d85f2b0ff8318d2877eec2f63b931bd47417a81a538327af927da3e,"Keep-Alive:timeout=5, max=31
Server:Apache/2.4.7 (Ubuntu)
Connection:Keep-Alive
Pragma:no-cache
Date:Mon, 11 May 2026 20:22:42 GMT
Cache-Control:no-store, no-cache, must-revalidate, post-check=0, pre-check=0
Content-Encoding:gzip
Vary:Accept-Encoding
Expires:Thu, 19 Nov 1981 08:52:00 GMT
Content-Length:944
X-Powered-By:PHP/5.5.9-1ubuntu4.29
Content-Type:text/html
",fe5d65081bdff31a6a99dd390d360d457aa8a2a673d2b79da3a6e5cbeb4aac3fd5d77b621fd13aef87fbaf12b3eada788ab0d6e53326f6cf545ee72bdac70632,200
http://web/pictures/upload.php,GET,"Cookie:PHPSESSID=m9o391rld7ca71c4egotsbtel7
Accept:text/html,application/xhtml+xml,application/xml;q=0.9,image/avif,image/webp,image/apng,*/*;q=0.8,application/signed-exchange;v=b3;q=0.9
User-Agent:Mozilla/5.0 (X11; Linux x86_64) AppleWebKit/537.36 (KHTML, like Gecko) Chrome/85.0.4183.102 Safari/537.36
Referer:http://web/calendar.php?date=1778617284
Upgrade-Insecure-Requests:1
",cf83e1357eefb8bdf1542850d66d8007d620e4050b5715dc83f4a921d36ce9ce47d0d13c5d85f2b0ff8318d2877eec2f63b931bd47417a81a538327af927da3e,"Keep-Alive:timeout=5, max=37
Server:Apache/2.4.7 (Ubuntu)
Connection:Keep-Alive
Pragma:no-cache
Date:Mon, 11 May 2026 20:21:26 GMT
Cache-Control:no-store, no-cache, must-revalidate, post-check=0, pre-check=0
Expires:Thu, 19 Nov 1981 08:52:00 GMT
Content-Length:41
X-Powered-By:PHP/5.5.9-1ubuntu4.29
Location:/users/login.php
Content-Type:text/html
",cf83e1357eefb8bdf1542850d66d8007d620e4050b5715dc83f4a921d36ce9ce47d0d13c5d85f2b0ff8318d2877eec2f63b931bd47417a81a538327af927da3e,303
http://web/pictures/recent.php,GET,"Cookie:PHPSESSID=m9o391rld7ca71c4egotsbtel7
Accept:text/html,application/xhtml+xml,application/xml;q=0.9,image/avif,image/webp,image/apng,*/*;q=0.8,application/signed-exchange;v=b3;q=0.9
User-Agent:Mozilla/5.0 (X11; Linux x86_64) AppleWebKit/537.36 (KHTML, like Gecko) Chrome/85.0.4183.102 Safari/537.36
Referer:http://web/
Upgrade-Insecure-Requests:1
",cf83e1357eefb8bdf1542850d66d8007d620e4050b5715dc83f4a921d36ce9ce47d0d13c5d85f2b0ff8318d2877eec2f63b931bd47417a81a538327af927da3e,"Keep-Alive:timeout=5, max=6
Server:Apache/2.4.7 (Ubuntu)
Connection:Keep-Alive
Pragma:no-cache
Date:Mon, 11 May 2026 20:19:12 GMT
Cache-Control:no-store, no-cache, must-revalidate, post-check=0, pre-check=0
Content-Encoding:gzip
Vary:Accept-Encoding
Expires:Thu, 19 Nov 1981 08:52:00 GMT
Content-Length:1088
X-Powered-By:PHP/5.5.9-1ubuntu4.29
Content-Type:text/html
",bbbc2c0056497af80d6ac2799a2137816fb686f332361d35fdf474a32abd3a291fbc7113287befbe96a9af49f23f952b3643c0e551f0fb8752766334ebf673db,200
http://web/admin/index.php?page=login,GET,"Cookie:PHPSESSID=m9o391rld7ca71c4egotsbtel7
Accept:text/html,application/xhtml+xml,application/xml;q=0.9,image/avif,image/webp,image/apng,*/*;q=0.8,application/signed-exchange;v=b3;q=0.9
User-Agent:Mozilla/5.0 (X11; Linux x86_64) AppleWebKit/537.36 (KHTML, like Gecko) Chrome/85.0.4183.102 Safari/537.36
Referer:http://web/users/login.php
Upgrade-Insecure-Requests:1
",cf83e1357eefb8bdf1542850d66d8007d620e4050b5715dc83f4a921d36ce9ce47d0d13c5d85f2b0ff8318d2877eec2f63b931bd47417a81a538327af927da3e,"Keep-Alive:timeout=5, max=81
Server:Apache/2.4.7 (Ubuntu)
Connection:Keep-Alive
Pragma:no-cache
Date:Mon, 11 May 2026 20:18:18 GMT
Cache-Control:no-store, no-cache, must-revalidate, post-check=0, pre-check=0
Content-Encoding:gzip
Vary:Accept-Encoding
Expires:Thu, 19 Nov 1981 08:52:00 GMT
Content-Length:217
X-Powered-By:PHP/5.5.9-1ubuntu4.29
Content-Type:text/html
",f3147038411cecc589ade8f1fd0c7eba0f3db07fc97db5eb6b3c3d66fe8c4d7f57808964c84105ed84b69fc647800fbb86680bf87e9d832835ee72e54902701b,200
http://web/,GET,"Cookie:PHPSESSID=m9o391rld7ca71c4egotsbtel7
Accept:text/html,application/xhtml+xml,application/xml;q=0.9,image/avif,image/webp,image/apng,*/*;q=0.8,application/signed-exchange;v=b3;q=0.9
User-Agent:Mozilla/5.0 (X11; Linux x86_64) AppleWebKit/537.36 (KHTML, like Gecko) Chrome/85.0.4183.102 Safari/537.36
Upgrade-Insecure-Requests:1
",cf83e1357eefb8bdf1542850d66d8007d620e4050b5715dc83f4a921d36ce9ce47d0d13c5d85f2b0ff8318d2877eec2f63b931bd47417a81a538327af927da3e,"Keep-Alive:timeout=5, max=83
Server:Apache/2.4.7 (Ubuntu)
Connection:Keep-Alive
Pragma:no-cache
Date:Mon, 11 May 2026 20:19:31 GMT
Cache-Control:no-store, no-cache, must-revalidate, post-check=0, pre-check=0
Content-Encoding:gzip
Vary:Accept-Encoding
Expires:Thu, 19 Nov 1981 08:52:00 GMT
Content-Length:1284
X-Powered-By:PHP/5.5.9-1ubuntu4.29
Content-Type:text/html
",da111f381fb233094955035871d553f93350460cb0a335946211951b236fb97c68aa8fc039162e27ece30e9de1d552ec4cd63ec7d211c581dd80a8753747c5c3,200
http://web/,GET,"Cookie:PHPSESSID=m9o391rld7ca71c4egotsbtel7
Accept:text/html,application/xhtml+xml,application/xml;q=0.9,image/avif,image/webp,image/apng,*/*;q=0.8,application/signed-exchange;v=b3;q=0.9
User-Agent:Mozilla/5.0 (X11; Linux x86_64) AppleWebKit/537.36 (KHTML, like Gecko) Chrome/85.0.4183.102 Safari/537.36
Upgrade-Insecure-Requests:1
",cf83e1357eefb8bdf1542850d66d8007d620e4050b5715dc83f4a921d36ce9ce47d0d13c5d85f2b0ff8318d2877eec2f63b931bd47417a81a538327af927da3e,"Keep-Alive:timeout=5, max=85
Server:Apache/2.4.7 (Ubuntu)
Connection:Keep-Alive
Pragma:no-cache
Date:Mon, 11 May 2026 20:22:03 GMT
Cache-Control:no-store, no-cache, must-revalidate, post-check=0, pre-check=0
Content-Encoding:gzip
Vary:Accept-Encoding
Expires:Thu, 19 Nov 1981 08:52:00 GMT
Content-Length:1281
X-Powered-By:PHP/5.5.9-1ubuntu4.29
Content-Type:text/html
",61a388cfebe7ee4b70f57af2606f2f99e5dba13c9d3fc639dd74b55346e49063c138b3ab4194243ac4774704cc53e950901a8091775b42927905ec46432c3a2c,200
http://web/pictures/recent.php,GET,"Cookie:PHPSESSID=m9o391rld7ca71c4egotsbtel7
Accept:text/html,application/xhtml+xml,application/xml;q=0.9,image/avif,image/webp,image/apng,*/*;q=0.8,application/signed-exchange;v=b3;q=0.9
User-Agent:Mozilla/5.0 (X11; Linux x86_64) AppleWebKit/537.36 (KHTML, like Gecko) Chrome/85.0.4183.102 Safari/537.36
Referer:http://web/users/sample.php?userid=1
Upgrade-Insecure-Requests:1
",cf83e1357eefb8bdf1542850d66d8007d620e4050b5715dc83f4a921d36ce9ce47d0d13c5d85f2b0ff8318d2877eec2f63b931bd47417a81a538327af927da3e,"Keep-Alive:timeout=5, max=40
Server:Apache/2.4.7 (Ubuntu)
Connection:Keep-Alive
Pragma:no-cache
Date:Mon, 11 May 2026 20:20:07 GMT
Cache-Control:no-store, no-cache, must-revalidate, post-check=0, pre-check=0
Content-Encoding:gzip
Vary:Accept-Encoding
Expires:Thu, 19 Nov 1981 08:52:00 GMT
Content-Length:1088
X-Powered-By:PHP/5.5.9-1ubuntu4.29
Content-Type:text/html
",e3f46a2e8f2c5f2fdb58ea9592a49ab6ad0d0e943b4acced750e73d54351f0bddc006923c76a95dd09b064e94a463630309f61f8d0c1863525bc03db6df0afa1,200
http://web/pictures/upload.php,GET,"Cookie:PHPSESSID=m9o391rld7ca71c4egotsbtel7
Accept:text/html,application/xhtml+xml,application/xml;q=0.9,image/avif,image/webp,image/apng,*/*;q=0.8,application/signed-exchange;v=b3;q=0.9
User-Agent:Mozilla/5.0 (X11; Linux x86_64) AppleWebKit/537.36 (KHTML, like Gecko) Chrome/85.0.4183.102 Safari/537.36
Referer:http://web/users/register.php
Upgrade-Insecure-Requests:1
",cf83e1357eefb8bdf1542850d66d8007d620e4050b5715dc83f4a921d36ce9ce47d0d13c5d85f2b0ff8318d2877eec2f63b931bd47417a81a538327af927da3e,"Keep-Alive:timeout=5, max=78
Server:Apache/2.4.7 (Ubuntu)
Connection:Keep-Alive
Pragma:no-cache
Date:Mon, 11 May 2026 20:19:36 GMT
Cache-Control:no-store, no-cache, must-revalidate, post-check=0, pre-check=0
Expires:Thu, 19 Nov 1981 08:52:00 GMT
Content-Length:41
X-Powered-By:PHP/5.5.9-1ubuntu4.29
Location:/users/login.php
Content-Type:text/html
",cf83e1357eefb8bdf1542850d66d8007d620e4050b5715dc83f4a921d36ce9ce47d0d13c5d85f2b0ff8318d2877eec2f63b931bd47417a81a538327af927da3e,303
http://web/passcheck.php,GET,"Cookie:PHPSESSID=m9o391rld7ca71c4egotsbtel7
Accept:text/html,application/xhtml+xml,application/xml;q=0.9,image/avif,image/webp,image/apng,*/*;q=0.8,application/signed-exchange;v=b3;q=0.9
User-Agent:Mozilla/5.0 (X11; Linux x86_64) AppleWebKit/537.36 (KHTML, like Gecko) Chrome/85.0.4183.102 Safari/537.36
Referer:http://web/users/register.php
Upgrade-Insecure-Requests:1
",cf83e1357eefb8bdf1542850d66d8007d620e4050b5715dc83f4a921d36ce9ce47d0d13c5d85f2b0ff8318d2877eec2f63b931bd47417a81a538327af927da3e,"Keep-Alive:timeout=5, max=55
Server:Apache/2.4.7 (Ubuntu)
Connection:Keep-Alive
Pragma:no-cache
Date:Mon, 11 May 2026 20:21:13 GMT
Cache-Control:no-store, no-cache, must-revalidate, post-check=0, pre-check=0
Content-Encoding:gzip
Vary:Accept-Encoding
Expires:Thu, 19 Nov 1981 08:52:00 GMT
Content-Length:928
X-Powered-By:PHP/5.5.9-1ubuntu4.29
Content-Type:text/html
",68f3886fed9e57350a5520879dcfb285c679c14a552bdda10b37ee0f7a4121f82be0d5c038303eab5ccb87fe053a52ed5f5182fb3fbc24fd393f77a58fbdfc3f,200
http://web/users/login.php,GET,"Cookie:PHPSESSID=m9o391rld7ca71c4egotsbtel7
Accept:text/html,application/xhtml+xml,application/xml;q=0.9,image/avif,image/webp,image/apng,*/*;q=0.8,application/signed-exchange;v=b3;q=0.9
User-Agent:Mozilla/5.0 (X11; Linux x86_64) AppleWebKit/537.36 (KHTML, like Gecko) Chrome/85.0.4183.102 Safari/537.36
Referer:http://web/calendar.php?date=1778617281
Upgrade-Insecure-Requests:1
",cf83e1357eefb8bdf1542850d66d8007d620e4050b5715dc83f4a921d36ce9ce47d0d13c5d85f2b0ff8318d2877eec2f63b931bd47417a81a538327af927da3e,"Keep-Alive:timeout=5, max=41
Server:Apache/2.4.7 (Ubuntu)
Connection:Keep-Alive
Pragma:no-cache
Date:Mon, 11 May 2026 20:21:23 GMT
Cache-Control:no-store, no-cache, must-revalidate, post-check=0, pre-check=0
Content-Encoding:gzip
Vary:Accept-Encoding
Expires:Thu, 19 Nov 1981 08:52:00 GMT
Content-Length:976
X-Powered-By:PHP/5.5.9-1ubuntu4.29
Content-Type:text/html
",312f8ac77e520368c569e78a9e5c4efcaeed719aab1a4a3e33652cc219f8998248015ede56e73d8c135398719de4d415cf15882d0fb1b3b71caaf7bfdd1f98b3,200
http://web/users/login.php,GET,"Cookie:PHPSESSID=m9o391rld7ca71c4egotsbtel7
Accept:text/html,application/xhtml+xml,application/xml;q=0.9,image/avif,image/webp,image/apng,*/*;q=0.8,application/signed-exchange;v=b3;q=0.9
User-Agent:Mozilla/5.0 (X11; Linux x86_64) AppleWebKit/537.36 (KHTML, like Gecko) Chrome/85.0.4183.102 Safari/537.36
Referer:http://web/calendar.php
Upgrade-Insecure-Requests:1
",cf83e1357eefb8bdf1542850d66d8007d620e4050b5715dc83f4a921d36ce9ce47d0d13c5d85f2b0ff8318d2877eec2f63b931bd47417a81a538327af927da3e,"Keep-Alive:timeout=5, max=16
Server:Apache/2.4.7 (Ubuntu)
Connection:Keep-Alive
Pragma:no-cache
Date:Mon, 11 May 2026 20:20:24 GMT
Cache-Control:no-store, no-cache, must-revalidate, post-check=0, pre-check=0
Content-Encoding:gzip
Vary:Accept-Encoding
Expires:Thu, 19 Nov 1981 08:52:00 GMT
Content-Length:976
X-Powered-By:PHP/5.5.9-1ubuntu4.29
Content-Type:text/html
",be3856431a5bf66b271226c73996b7b1539c6814bb16f171b590e0b233bd41240c7ab9c1522ade0aeb1efbd6411b272271163c972b51e468f29cd70e80e8fa53,200
http://web/images/menu/menu_tabs.gif,GET,"Cookie:PHPSESSID=m9o391rld7ca71c4egotsbtel7
Accept:image/avif,image/webp,image/apng,image/*,*/*;q=0.8
User-Agent:Mozilla/5.0 (X11; Linux x86_64) AppleWebKit/537.36 (KHTML, like Gecko) Chrome/85.0.4183.102 Safari/537.36
Referer:http://web/css/stylings.css
",cf83e1357eefb8bdf1542850d66d8007d620e4050b5715dc83f4a921d36ce9ce47d0d13c5d85f2b0ff8318d2877eec2f63b931bd47417a81a538327af927da3e,"Server:Apache/2.4.7 (Ubuntu)
Last-Modified:Thu, 02 Feb 2017 22:24:09 GMT
Date:Mon, 11 May 2026 20:17:50 GMT
Accept-Ranges:bytes
ETag:""f78-547939fb8b440""
Content-Length:3960
Content-Type:image/gif
",3eb49ef7e8e7e02a1bff29ac33707f5a473495974c0f3cc1937f03198075c0d2b0aaf7f2937030c43b34c560f19c5c6502345d5af0ac36b7e66d8deea4ef55d4,200
http://web/,GET,"Cookie:PHPSESSID=m9o391rld7ca71c4egotsbtel7
Accept:text/html,application/xhtml+xml,application/xml;q=0.9,image/avif,image/webp,image/apng,*/*;q=0.8,application/signed-exchange;v=b3;q=0.9
User-Agent:Mozilla/5.0 (X11; Linux x86_64) AppleWebKit/537.36 (KHTML, like Gecko) Chrome/85.0.4183.102 Safari/537.36
Upgrade-Insecure-Requests:1
",cf83e1357eefb8bdf1542850d66d8007d620e4050b5715dc83f4a921d36ce9ce47d0d13c5d85f2b0ff8318d2877eec2f63b931bd47417a81a538327af927da3e,"Keep-Alive:timeout=5, max=46
Server:Apache/2.4.7 (Ubuntu)
Connection:Keep-Alive
Pragma:no-cache
Date:Mon, 11 May 2026 20:18:45 GMT
Cache-Control:no-store, no-cache, must-revalidate, post-check=0, pre-check=0
Content-Encoding:gzip
Vary:Accept-Encoding
Expires:Thu, 19 Nov 1981 08:52:00 GMT
Content-Length:1283
X-Powered-By:PHP/5.5.9-1ubuntu4.29
Content-Type:text/html
",273bd99e12163256e242f8a3e1b1b5e87ff4a7495b8a5426fc89340e442023b066407bb9a7432eb2dd6812a9eb19c94fa90227c42262ad6d09af9d7d60cc718a,200
http://web/,GET,"Cookie:PHPSESSID=m9o391rld7ca71c4egotsbtel7
Accept:text/html,application/xhtml+xml,application/xml;q=0.9,image/avif,image/webp,image/apng,*/*;q=0.8,application/signed-exchange;v=b3;q=0.9
User-Agent:Mozilla/5.0 (X11; Linux x86_64) AppleWebKit/537.36 (KHTML, like Gecko) Chrome/85.0.4183.102 Safari/537.36
Upgrade-Insecure-Requests:1
",cf83e1357eefb8bdf1542850d66d8007d620e4050b5715dc83f4a921d36ce9ce47d0d13c5d85f2b0ff8318d2877eec2f63b931bd47417a81a538327af927da3e,"Keep-Alive:timeout=5, max=22
Server:Apache/2.4.7 (Ubuntu)
Connection:Keep-Alive
Pragma:no-cache
Date:Mon, 11 May 2026 20:19:01 GMT
Cache-Control:no-store, no-cache, must-revalidate, post-check=0, pre-check=0
Content-Encoding:gzip
Vary:Accept-Encoding
Expires:Thu, 19 Nov 1981 08:52:00 GMT
Content-Length:1284
X-Powered-By:PHP/5.5.9-1ubuntu4.29
Content-Type:text/html
",8bba0f7a772886c73381205ac5b1ba97744cbdef17f1f681f4b370be0a1f1955dc815018136b13a8439302922db3c768a9237f90ebbbaa702134372912e103dc,200
http://web/,GET,"Cookie:PHPSESSID=m9o391rld7ca71c4egotsbtel7
Accept:text/html,application/xhtml+xml,application/xml;q=0.9,image/avif,image/webp,image/apng,*/*;q=0.8,application/signed-exchange;v=b3;q=0.9
User-Agent:Mozilla/5.0 (X11; Linux x86_64) AppleWebKit/537.36 (KHTML, like Gecko) Chrome/85.0.4183.102 Safari/537.36
Upgrade-Insecure-Requests:1
",cf83e1357eefb8bdf1542850d66d8007d620e4050b5715dc83f4a921d36ce9ce47d0d13c5d85f2b0ff8318d2877eec2f63b931bd47417a81a538327af927da3e,"Keep-Alive:timeout=5, max=73
Server:Apache/2.4.7 (Ubuntu)
Connection:Keep-Alive
Pragma:no-cache
Date:Mon, 11 May 2026 20:19:39 GMT
Cache-Control:no-store, no-cache, must-revalidate, post-check=0, pre-check=0
Content-Encoding:gzip
Vary:Accept-Encoding
Expires:Thu, 19 Nov 1981 08:52:00 GMT
Content-Length:1284
X-Powered-By:PHP/5.5.9-1ubuntu4.29
Content-Type:text/html
",b7c9b53d60ddf776942fc9cb473af36ff8a52e8c41aa9f125ca206c0b330ad13d95b21735b4552d9f348c07ec953660473d9b669d27a3e92d5e598b7898971c6,200
http://web/calendar.php?date=1778703744,GET,"Cookie:PHPSESSID=m9o391rld7ca71c4egotsbtel7
Accept:text/html,application/xhtml+xml,application/xml;q=0.9,image/avif,image/webp,image/apng,*/*;q=0.8,application/signed-exchange;v=b3;q=0.9
User-Agent:Mozilla/5.0 (X11; Linux x86_64) AppleWebKit/537.36 (KHTML, like Gecko) Chrome/85.0.4183.102 Safari/537.36
Referer:http://web/calendar.php?date=1778617344
Upgrade-Insecure-Requests:1
",cf83e1357eefb8bdf1542850d66d8007d620e4050b5715dc83f4a921d36ce9ce47d0d13c5d85f2b0ff8318d2877eec2f63b931bd47417a81a538327af927da3e,"Keep-Alive:timeout=5, max=56
Server:Apache/2.4.7 (Ubuntu)
Connection:Keep-Alive
Pragma:no-cache
Date:Mon, 11 May 2026 20:22:25 GMT
Cache-Control:no-store, no-cache, must-revalidate, post-check=0, pre-check=0
Content-Encoding:gzip
Vary:Accept-Encoding
Expires:Thu, 19 Nov 1981 08:52:00 GMT
Content-Length:946
X-Powered-By:PHP/5.5.9-1ubuntu4.29
Content-Type:text/html
",f48b7a8d7c9899ec4825111e80f61380f2e072213331ca4d6e5b851c6b68ef9c2c3e9123fae3a379aa39a57006b204573906ac911f793697c204d4c2a08ae447,200
http://web/,GET,"Cookie:PHPSESSID=m9o391rld7ca71c4egotsbtel7
Accept:text/html,application/xhtml+xml,application/xml;q=0.9,image/avif,image/webp,image/apng,*/*;q=0.8,application/signed-exchange;v=b3;q=0.9
User-Agent:Mozilla/5.0 (X11; Linux x86_64) AppleWebKit/537.36 (KHTML, like Gecko) Chrome/85.0.4183.102 Safari/537.36
Referer:http://web/calendar.php?date=1778703697
Upgrade-Insecure-Requests:1
",cf83e1357eefb8bdf1542850d66d8007d620e4050b5715dc83f4a921d36ce9ce47d0d13c5d85f2b0ff8318d2877eec2f63b931bd47417a81a538327af927da3e,"Keep-Alive:timeout=5, max=19
Server:Apache/2.4.7 (Ubuntu)
Connection:Keep-Alive
Pragma:no-cache
Date:Mon, 11 May 2026 20:21:39 GMT
Cache-Control:no-store, no-cache, must-revalidate, post-check=0, pre-check=0
Content-Encoding:gzip
Vary:Accept-Encoding
Expires:Thu, 19 Nov 1981 08:52:00 GMT
Content-Length:1284
X-Powered-By:PHP/5.5.9-1ubuntu4.29
Content-Type:text/html
",ac999bf694c35d3a5a193833d941683ef45c36c3f7dc9f94dcb644715f62f1ced1bf534d332de48b9acc6934302bec5fcac6d394928b8a4ee4785d108ac9d947,200
http://web/upload/house/hodjjgld.128_128.jpg,GET,"Cookie:PHPSESSID=m9o391rld7ca71c4egotsbtel7
Accept:image/avif,image/webp,image/apng,image/*,*/*;q=0.8
User-Agent:Mozilla/5.0 (X11; Linux x86_64) AppleWebKit/537.36 (KHTML, like Gecko) Chrome/85.0.4183.102 Safari/537.36
Referer:http://web/pictures/recent.php
",cf83e1357eefb8bdf1542850d66d8007d620e4050b5715dc83f4a921d36ce9ce47d0d13c5d85f2b0ff8318d2877eec2f63b931bd47417a81a538327af927da3e,"Server:Apache/2.4.7 (Ubuntu)
Last-Modified:Thu, 02 Feb 2017 22:24:09 GMT
Date:Mon, 11 May 2026 20:18:01 GMT
Accept-Ranges:bytes
ETag:""2f6e-547939fb8b440""
Content-Length:12142
Content-Type:image/jpeg
",d78d726ba03cd4ab6cfb2ff024e33ec7f851cdd7cf3389acb2ab700df6399122ee3bc74dc664abba8ea40f4d49e5c03e3def6eae872504e6aba993ed1b3b2fc0,200
http://web/passcheck.php,GET,"Cookie:PHPSESSID=m9o391rld7ca71c4egotsbtel7
Accept:text/html,application/xhtml+xml,application/xml;q=0.9,image/avif,image/webp,image/apng,*/*;q=0.8,application/signed-exchange;v=b3;q=0.9
User-Agent:Mozilla/5.0 (X11; Linux x86_64) AppleWebKit/537.36 (KHTML, like Gecko) Chrome/85.0.4183.102 Safari/537.36
Referer:http://web/users/register.php
Upgrade-Insecure-Requests:1
",cf83e1357eefb8bdf1542850d66d8007d620e4050b5715dc83f4a921d36ce9ce47d0d13c5d85f2b0ff8318d2877eec2f63b931bd47417a81a538327af927da3e,"Keep-Alive:timeout=5, max=71
Server:Apache/2.4.7 (Ubuntu)
Connection:Keep-Alive
Pragma:no-cache
Date:Mon, 11 May 2026 20:20:59 GMT
Cache-Control:no-store, no-cache, must-revalidate, post-check=0, pre-check=0
Content-Encoding:gzip
Vary:Accept-Encoding
Expires:Thu, 19 Nov 1981 08:52:00 GMT
Content-Length:928
X-Powered-By:PHP/5.5.9-1ubuntu4.29
Content-Type:text/html
",16aa1df3fb5dfdd9cd28e346634fd567014b281cb89902d9c664c034ecc2efb042d1705f3be5a737899da0bab0b52262be5ae006d0d978d4a36bc50268e80d6d,200
http://web/,GET,"Cookie:PHPSESSID=m9o391rld7ca71c4egotsbtel7
Accept:text/html,application/xhtml+xml,application/xml;q=0.9,image/avif,image/webp,image/apng,*/*;q=0.8,application/signed-exchange;v=b3;q=0.9
User-Agent:Mozilla/5.0 (X11; Linux x86_64) AppleWebKit/537.36 (KHTML, like Gecko) Chrome/85.0.4183.102 Safari/537.36
Upgrade-Insecure-Requests:1
",cf83e1357eefb8bdf1542850d66d8007d620e4050b5715dc83f4a921d36ce9ce47d0d13c5d85f2b0ff8318d2877eec2f63b931bd47417a81a538327af927da3e,"Keep-Alive:timeout=5, max=33
Server:Apache/2.4.7 (Ubuntu)
Connection:Keep-Alive
Pragma:no-cache
Date:Mon, 11 May 2026 20:20:12 GMT
Cache-Control:no-store, no-cache, must-revalidate, post-check=0, pre-check=0
Content-Encoding:gzip
Vary:Accept-Encoding
Expires:Thu, 19 Nov 1981 08:52:00 GMT
Content-Length:1282
X-Powered-By:PHP/5.5.9-1ubuntu4.29
Content-Type:text/html
",14eb065462d3ef007d40956eea1e26667f4cc0229bab5e1cbd1abcc90d236f077d0c7a9281931b51a71f539289e7b43ec8ad1aa02e2de4e80834bdbdab9e944a,200
http://web/,GET,"Cookie:PHPSESSID=m9o391rld7ca71c4egotsbtel7
Accept:text/html,application/xhtml+xml,application/xml;q=0.9,image/avif,image/webp,image/apng,*/*;q=0.8,application/signed-exchange;v=b3;q=0.9
User-Agent:Mozilla/5.0 (X11; Linux x86_64) AppleWebKit/537.36 (KHTML, like Gecko) Chrome/85.0.4183.102 Safari/537.36
Upgrade-Insecure-Requests:1
",cf83e1357eefb8bdf1542850d66d8007d620e4050b5715dc83f4a921d36ce9ce47d0d13c5d85f2b0ff8318d2877eec2f63b931bd47417a81a538327af927da3e,"Keep-Alive:timeout=5, max=36
Server:Apache/2.4.7 (Ubuntu)
Connection:Keep-Alive
Pragma:no-cache
Date:Mon, 11 May 2026 20:20:10 GMT
Cache-Control:no-store, no-cache, must-revalidate, post-check=0, pre-check=0
Content-Encoding:gzip
Vary:Accept-Encoding
Expires:Thu, 19 Nov 1981 08:52:00 GMT
Content-Length:1283
X-Powered-By:PHP/5.5.9-1ubuntu4.29
Content-Type:text/html
",818d04092e929e47ff03fb55c3e936b84fa56f66ea2047f04205b1b6da70a0bb9db529fe5b33dc6d171d715779d769eca1592cdb189b9d03909cd5c2b1d949d0,200
http://web/css/blueprint/print.css,GET,"Cookie:PHPSESSID=m9o391rld7ca71c4egotsbtel7
Accept:text/css,*/*;q=0.1
User-Agent:Mozilla/5.0 (X11; Linux x86_64) AppleWebKit/537.36 (KHTML, like Gecko) Chrome/85.0.4183.102 Safari/537.36
Referer:http://web/passcheck.php
",cf83e1357eefb8bdf1542850d66d8007d620e4050b5715dc83f4a921d36ce9ce47d0d13c5d85f2b0ff8318d2877eec2f63b931bd47417a81a538327af927da3e,"Server:Apache/2.4.7 (Ubuntu)
Last-Modified:Thu, 02 Feb 2017 22:24:09 GMT
Date:Mon, 11 May 2026 20:17:50 GMT
Accept-Ranges:bytes
ETag:""52d-547939fb8b440-gzip""
Content-Encoding:gzip
Vary:Accept-Encoding
Content-Length:674
Content-Type:text/css
",382bc7f4ad396de8dacb65598554ab8e1fe76b268c9b97e377be5fe694d07688463ac138e683332f401b64a7a2e8418a2a9f7f9d96e548ee8581d228368f7524,200
http://web/,GET,"Cookie:PHPSESSID=m9o391rld7ca71c4egotsbtel7
Accept:text/html,application/xhtml+xml,application/xml;q=0.9,image/avif,image/webp,image/apng,*/*;q=0.8,application/signed-exchange;v=b3;q=0.9
User-Agent:Mozilla/5.0 (X11; Linux x86_64) AppleWebKit/537.36 (KHTML, like Gecko) Chrome/85.0.4183.102 Safari/537.36
Upgrade-Insecure-Requests:1
",cf83e1357eefb8bdf1542850d66d8007d620e4050b5715dc83f4a921d36ce9ce47d0d13c5d85f2b0ff8318d2877eec2f63b931bd47417a81a538327af927da3e,"Keep-Alive:timeout=5, max=35
Server:Apache/2.4.7 (Ubuntu)
Connection:Keep-Alive
Pragma:no-cache
Date:Mon, 11 May 2026 20:21:27 GMT
Cache-Control:no-store, no-cache, must-revalidate, post-check=0, pre-check=0
Content-Encoding:gzip
Vary:Accept-Encoding
Expires:Thu, 19 Nov 1981 08:52:00 GMT
Content-Length:1284
X-Powered-By:PHP/5.5.9-1ubuntu4.29
Content-Type:text/html
",25d5d6b21db906c42f569aac917620a57a7b573cc876be60384a7eaff911a541527e29dac0bae1c3352c8c33acc9089987ef2baa81a2c897d969c1a0297f3f2e,200
http://web/upload/flowers/flweofoee.128_128.jpg,GET,"Cookie:PHPSESSID=m9o391rld7ca71c4egotsbtel7
Accept:image/avif,image/webp,image/apng,image/*,*/*;q=0.8
User-Agent:Mozilla/5.0 (X11; Linux x86_64) AppleWebKit/537.36 (KHTML, like Gecko) Chrome/85.0.4183.102 Safari/537.36
Referer:http://web/pictures/recent.php
",cf83e1357eefb8bdf1542850d66d8007d620e4050b5715dc83f4a921d36ce9ce47d0d13c5d85f2b0ff8318d2877eec2f63b931bd47417a81a538327af927da3e,"Keep-Alive:timeout=5, max=83
Server:Apache/2.4.7 (Ubuntu)
Connection:Keep-Alive
Last-Modified:Thu, 02 Feb 2017 22:24:09 GMT
Date:Mon, 11 May 2026 20:18:01 GMT
Accept-Ranges:bytes
ETag:""3c1d-547939fb8b440""
Content-Length:15389
Content-Type:image/jpeg
",7e129e0bbb863976449db3222dba9d0d4f5eec34568417e96ab615e4f7981ee1790944f510629e1b701ae68b35b272656ced86d6fea3a727adec1063e078f609,200
http://web/users/login.php,GET,"Cookie:PHPSESSID=m9o391rld7ca71c4egotsbtel7
Accept:text/html,application/xhtml+xml,application/xml;q=0.9,image/avif,image/webp,image/apng,*/*;q=0.8,application/signed-exchange;v=b3;q=0.9
User-Agent:Mozilla/5.0 (X11; Linux x86_64) AppleWebKit/537.36 (KHTML, like Gecko) Chrome/85.0.4183.102 Safari/537.36
Referer:http://web/tos.php
Upgrade-Insecure-Requests:1
",cf83e1357eefb8bdf1542850d66d8007d620e4050b5715dc83f4a921d36ce9ce47d0d13c5d85f2b0ff8318d2877eec2f63b931bd47417a81a538327af927da3e,"Server:Apache/2.4.7 (Ubuntu)
Connection:close
Pragma:no-cache
Date:Mon, 11 May 2026 20:19:16 GMT
Cache-Control:no-store, no-cache, must-revalidate, post-check=0, pre-check=0
Content-Encoding:gzip
Vary:Accept-Encoding
Expires:Thu, 19 Nov 1981 08:52:00 GMT
Content-Length:976
X-Powered-By:PHP/5.5.9-1ubuntu4.29
Content-Type:text/html
",0d59b28f2f1083435f1eacffc05a97d03349578782711e903e4aa1ff44866c7ece6e1c7246ae39d46c2b16f32e8a44486fef3f53479c538e91344b7491017c2f,200
http://web/users/sample.php?userid=1,GET,"Cookie:PHPSESSID=m9o391rld7ca71c4egotsbtel7
Accept:text/html,application/xhtml+xml,application/xml;q=0.9,image/avif,image/webp,image/apng,*/*;q=0.8,application/signed-exchange;v=b3;q=0.9
User-Agent:Mozilla/5.0 (X11; Linux x86_64) AppleWebKit/537.36 (KHTML, like Gecko) Chrome/85.0.4183.102 Safari/537.36
Referer:http://web/
Upgrade-Insecure-Requests:1
",cf83e1357eefb8bdf1542850d66d8007d620e4050b5715dc83f4a921d36ce9ce47d0d13c5d85f2b0ff8318d2877eec2f63b931bd47417a81a538327af927da3e,"Keep-Alive:timeout=5, max=35
Server:Apache/2.4.7 (Ubuntu)
Connection:Keep-Alive
Pragma:no-cache
Date:Mon, 11 May 2026 20:20:11 GMT
Cache-Control:no-store, no-cache, must-revalidate, post-check=0, pre-check=0
Content-Encoding:gzip
Vary:Accept-Encoding
Expires:Thu, 19 Nov 1981 08:52:00 GMT
Content-Length:982
X-Powered-By:PHP/5.5.9-1ubuntu4.29
Content-Type:text/html
",4bf2ad03977b94002f95369c10ef138bb0409ceb8e84cf56ffdba70fb1f0a8f21a0166dab16fe740ed78b6b932cc602e523867e3c01e85c4275616583c19933f,200
http://web/pictures/recent.php,GET,"Cookie:PHPSESSID=m9o391rld7ca71c4egotsbtel7
Accept:text/html,application/xhtml+xml,application/xml;q=0.9,image/avif,image/webp,image/apng,*/*;q=0.8,application/signed-exchange;v=b3;q=0.9
User-Agent:Mozilla/5.0 (X11; Linux x86_64) AppleWebKit/537.36 (KHTML, like Gecko) Chrome/85.0.4183.102 Safari/537.36
Referer:http://web/pictures/recent.php
Upgrade-Insecure-Requests:1
",cf83e1357eefb8bdf1542850d66d8007d620e4050b5715dc83f4a921d36ce9ce47d0d13c5d85f2b0ff8318d2877eec2f63b931bd47417a81a538327af927da3e,"Keep-Alive:timeout=5, max=53
Server:Apache/2.4.7 (Ubuntu)
Connection:Keep-Alive
Pragma:no-cache
Date:Mon, 11 May 2026 20:18:40 GMT
Cache-Control:no-store, no-cache, must-revalidate, post-check=0, pre-check=0
Content-Encoding:gzip
Vary:Accept-Encoding
Expires:Thu, 19 Nov 1981 08:52:00 GMT
Content-Length:1087
X-Powered-By:PHP/5.5.9-1ubuntu4.29
Content-Type:text/html
",7254f2adfded1bdb721cbdf4847d986158f4452efa38cb1e1cf37444005c42983931ed2c03ad0cf22e9e1f26d13ca550bd9b1c8f97884660437aef896424fc86,200
http://web/,GET,"Cookie:PHPSESSID=m9o391rld7ca71c4egotsbtel7
Accept:text/html,application/xhtml+xml,application/xml;q=0.9,image/avif,image/webp,image/apng,*/*;q=0.8,application/signed-exchange;v=b3;q=0.9
User-Agent:Mozilla/5.0 (X11; Linux x86_64) AppleWebKit/537.36 (KHTML, like Gecko) Chrome/85.0.4183.102 Safari/537.36
Upgrade-Insecure-Requests:1
",cf83e1357eefb8bdf1542850d66d8007d620e4050b5715dc83f4a921d36ce9ce47d0d13c5d85f2b0ff8318d2877eec2f63b931bd47417a81a538327af927da3e,"Keep-Alive:timeout=5, max=57
Server:Apache/2.4.7 (Ubuntu)
Connection:Keep-Alive
Pragma:no-cache
Date:Mon, 11 May 2026 20:19:54 GMT
Cache-Control:no-store, no-cache, must-revalidate, post-check=0, pre-check=0
Content-Encoding:gzip
Vary:Accept-Encoding
Expires:Thu, 19 Nov 1981 08:52:00 GMT
Content-Length:1283
X-Powered-By:PHP/5.5.9-1ubuntu4.29
Content-Type:text/html
",45a7f17f742f5c7aed9842c82ea427df7d88ad0385e95ffa0d3891aaa9f41113fef0bd9bd79124a21c169829e182a09b507d729a107eb0661de801b0bbc431ed,200
http://web/pictures/upload.php,GET,"Cookie:PHPSESSID=m9o391rld7ca71c4egotsbtel7
Accept:text/html,application/xhtml+xml,application/xml;q=0.9,image/avif,image/webp,image/apng,*/*;q=0.8,application/signed-exchange;v=b3;q=0.9
User-Agent:Mozilla/5.0 (X11; Linux x86_64) AppleWebKit/537.36 (KHTML, like Gecko) Chrome/85.0.4183.102 Safari/537.36
Referer:http://web/pictures/recent.php
Upgrade-Insecure-Requests:1
",cf83e1357eefb8bdf1542850d66d8007d620e4050b5715dc83f4a921d36ce9ce47d0d13c5d85f2b0ff8318d2877eec2f63b931bd47417a81a538327af927da3e,"Keep-Alive:timeout=5, max=57
Server:Apache/2.4.7 (Ubuntu)
Connection:Keep-Alive
Pragma:no-cache
Date:Mon, 11 May 2026 20:18:38 GMT
Cache-Control:no-store, no-cache, must-revalidate, post-check=0, pre-check=0
Expires:Thu, 19 Nov 1981 08:52:00 GMT
Content-Length:41
X-Powered-By:PHP/5.5.9-1ubuntu4.29
Location:/users/login.php
Content-Type:text/html
",cf83e1357eefb8bdf1542850d66d8007d620e4050b5715dc83f4a921d36ce9ce47d0d13c5d85f2b0ff8318d2877eec2f63b931bd47417a81a538327af927da3e,303
http://web/guestbook.php,GET,"Cookie:PHPSESSID=m9o391rld7ca71c4egotsbtel7
Accept:text/html,application/xhtml+xml,application/xml;q=0.9,image/avif,image/webp,image/apng,*/*;q=0.8,application/signed-exchange;v=b3;q=0.9
User-Agent:Mozilla/5.0 (X11; Linux x86_64) AppleWebKit/537.36 (KHTML, like Gecko) Chrome/85.0.4183.102 Safari/537.36
Referer:http://web/
Upgrade-Insecure-Requests:1
",cf83e1357eefb8bdf1542850d66d8007d620e4050b5715dc83f4a921d36ce9ce47d0d13c5d85f2b0ff8318d2877eec2f63b931bd47417a81a538327af927da3e,"Keep-Alive:timeout=5, max=99
Server:Apache/2.4.7 (Ubuntu)
Connection:Keep-Alive
Pragma:no-cache
Date:Mon, 11 May 2026 20:19:18 GMT
Cache-Control:no-store, no-cache, must-revalidate, post-check=0, pre-check=0
Content-Encoding:gzip
Vary:Accept-Encoding
Expires:Thu, 19 Nov 1981 08:52:00 GMT
Content-Length:1000
X-Powered-By:PHP/5.5.9-1ubuntu4.29
Content-Type:text/html
",e9349c7def649fa41869095aa8f26638e18ea3305c7909f5e77fe44df54dfecb139d275c5fe3651065e0e83fd3a20d7b567d230ece98c39d648fbe3173902ca7,200
http://web/guestbook.php,GET,"Cookie:PHPSESSID=m9o391rld7ca71c4egotsbtel7
Accept:text/html,application/xhtml+xml,application/xml;q=0.9,image/avif,image/webp,image/apng,*/*;q=0.8,application/signed-exchange;v=b3;q=0.9
User-Agent:Mozilla/5.0 (X11; Linux x86_64) AppleWebKit/537.36 (KHTML, like Gecko) Chrome/85.0.4183.102 Safari/537.36
Referer:http://web/
Upgrade-Insecure-Requests:1
",cf83e1357eefb8bdf1542850d66d8007d620e4050b5715dc83f4a921d36ce9ce47d0d13c5d85f2b0ff8318d2877eec2f63b931bd47417a81a538327af927da3e,"Keep-Alive:timeout=5, max=96
Server:Apache/2.4.7 (Ubuntu)
Connection:Keep-Alive
Pragma:no-cache
Date:Mon, 11 May 2026 20:19:20 GMT
Cache-Control:no-store, no-cache, must-revalidate, post-check=0, pre-check=0
Content-Encoding:gzip
Vary:Accept-Encoding
Expires:Thu, 19 Nov 1981 08:52:00 GMT
Content-Length:999
X-Powered-By:PHP/5.5.9-1ubuntu4.29
Content-Type:text/html
",40f2c523e003048491c314034c835c7dbb3c6c0392f1685872665e2018f272f08e82eb2d1d472b546f8e25c3694e3bd829076c597c8066448758b9b00624dd28,200
http://web/passcheck.php,GET,"Cookie:PHPSESSID=m9o391rld7ca71c4egotsbtel7
Accept:text/html,application/xhtml+xml,application/xml;q=0.9,image/avif,image/webp,image/apng,*/*;q=0.8,application/signed-exchange;v=b3;q=0.9
User-Agent:Mozilla/5.0 (X11; Linux x86_64) AppleWebKit/537.36 (KHTML, like Gecko) Chrome/85.0.4183.102 Safari/537.36
Referer:http://web/users/register.php
Upgrade-Insecure-Requests:1
",cf83e1357eefb8bdf1542850d66d8007d620e4050b5715dc83f4a921d36ce9ce47d0d13c5d85f2b0ff8318d2877eec2f63b931bd47417a81a538327af927da3e,"Keep-Alive:timeout=5, max=81
Server:Apache/2.4.7 (Ubuntu)
Connection:Keep-Alive
Pragma:no-cache
Date:Mon, 11 May 2026 20:20:53 GMT
Cache-Control:no-store, no-cache, must-revalidate, post-check=0, pre-check=0
Content-Encoding:gzip
Vary:Accept-Encoding
Expires:Thu, 19 Nov 1981 08:52:00 GMT
Content-Length:927
X-Powered-By:PHP/5.5.9-1ubuntu4.29
Content-Type:text/html
",2c960effb0262f0dfe8b04d2f6b4c7d813c98faa0b859efea2e3119133c4d3c2c7822c4975d567a4d33dbe09a3a56ea90ef1df51b0edd3ac4690de2377980de8,200
http://web/upload/house/our_house.128_128.jpg,GET,"Cookie:PHPSESSID=m9o391rld7ca71c4egotsbtel7
Accept:image/avif,image/webp,image/apng,image/*,*/*;q=0.8
User-Agent:Mozilla/5.0 (X11; Linux x86_64) AppleWebKit/537.36 (KHTML, like Gecko) Chrome/85.0.4183.102 Safari/537.36
Referer:http://web/pictures/recent.php
",cf83e1357eefb8bdf1542850d66d8007d620e4050b5715dc83f4a921d36ce9ce47d0d13c5d85f2b0ff8318d2877eec2f63b931bd47417a81a538327af927da3e,"Server:Apache/2.4.7 (Ubuntu)
Last-Modified:Thu, 02 Feb 2017 22:24:09 GMT
Date:Mon, 11 May 2026 20:18:01 GMT
Accept-Ranges:bytes
ETag:""309c-547939fb8b440""
Content-Length:12444
Content-Type:image/jpeg
",7398d28ba3dbb6919f8252647510815990d20ed11d0df1881c26de538c790d1114201d4bbee0c5dbf69074677723ca5f4759e3c0f31ab392c87362001168c7d8,200
http://web/users/login.php,GET,"Cookie:PHPSESSID=m9o391rld7ca71c4egotsbtel7
Accept:text/html,application/xhtml+xml,application/xml;q=0.9,image/avif,image/webp,image/apng,*/*;q=0.8,application/signed-exchange;v=b3;q=0.9
User-Agent:Mozilla/5.0 (X11; Linux x86_64) AppleWebKit/537.36 (KHTML, like Gecko) Chrome/85.0.4183.102 Safari/537.36
Referer:http://web/guestbook.php
Upgrade-Insecure-Requests:1
",cf83e1357eefb8bdf1542850d66d8007d620e4050b5715dc83f4a921d36ce9ce47d0d13c5d85f2b0ff8318d2877eec2f63b931bd47417a81a538327af927da3e,"Keep-Alive:timeout=5, max=94
Server:Apache/2.4.7 (Ubuntu)
Connection:Keep-Alive
Pragma:no-cache
Date:Mon, 11 May 2026 20:19:22 GMT
Cache-Control:no-store, no-cache, must-revalidate, post-check=0, pre-check=0
Content-Encoding:gzip
Vary:Accept-Encoding
Expires:Thu, 19 Nov 1981 08:52:00 GMT
Content-Length:977
X-Powered-By:PHP/5.5.9-1ubuntu4.29
Content-Type:text/html
",bdf42f1dbc42c565d75edf5add445ceed76fb91b0da8f015533b615fb2c9723f4a547b50ee83764f9c8020753672eb36d779b1ba63c2c484ca0599db024e993f,200
http://web/pictures/recent.php,GET,"Cookie:PHPSESSID=m9o391rld7ca71c4egotsbtel7
Accept:text/html,application/xhtml+xml,application/xml;q=0.9,image/avif,image/webp,image/apng,*/*;q=0.8,application/signed-exchange;v=b3;q=0.9
User-Agent:Mozilla/5.0 (X11; Linux x86_64) AppleWebKit/537.36 (KHTML, like Gecko) Chrome/85.0.4183.102 Safari/537.36
Referer:http://web/
Upgrade-Insecure-Requests:1
",cf83e1357eefb8bdf1542850d66d8007d620e4050b5715dc83f4a921d36ce9ce47d0d13c5d85f2b0ff8318d2877eec2f63b931bd47417a81a538327af927da3e,"Keep-Alive:timeout=5, max=13
Server:Apache/2.4.7 (Ubuntu)
Connection:Keep-Alive
Pragma:no-cache
Date:Mon, 11 May 2026 20:19:07 GMT
Cache-Control:no-store, no-cache, must-revalidate, post-check=0, pre-check=0
Content-Encoding:gzip
Vary:Accept-Encoding
Expires:Thu, 19 Nov 1981 08:52:00 GMT
Content-Length:1088
X-Powered-By:PHP/5.5.9-1ubuntu4.29
Content-Type:text/html
",37b010fb2d9bfeb903e44b1bbdd20c71019b28d1adc44b9f72dbea8bcf2d9372848192ff25d7d44085b7de67c2b34ec1e02b7d25d038ff2e4c5378c2d78ca60e,200
http://web/,GET,"Cookie:PHPSESSID=m9o391rld7ca71c4egotsbtel7
Accept:text/html,application/xhtml+xml,application/xml;q=0.9,image/avif,image/webp,image/apng,*/*;q=0.8,application/signed-exchange;v=b3;q=0.9
User-Agent:Mozilla/5.0 (X11; Linux x86_64) AppleWebKit/537.36 (KHTML, like Gecko) Chrome/85.0.4183.102 Safari/537.36
Upgrade-Insecure-Requests:1
",cf83e1357eefb8bdf1542850d66d8007d620e4050b5715dc83f4a921d36ce9ce47d0d13c5d85f2b0ff8318d2877eec2f63b931bd47417a81a538327af927da3e,"Keep-Alive:timeout=5, max=57
Server:Apache/2.4.7 (Ubuntu)
Connection:Keep-Alive
Pragma:no-cache
Date:Mon, 11 May 2026 20:21:11 GMT
Cache-Control:no-store, no-cache, must-revalidate, post-check=0, pre-check=0
Content-Encoding:gzip
Vary:Accept-Encoding
Expires:Thu, 19 Nov 1981 08:52:00 GMT
Content-Length:1284
X-Powered-By:PHP/5.5.9-1ubuntu4.29
Content-Type:text/html
",29537e48bd6d7b3adb192cd506c7d6dce97087bccc10a46d10337172036e87697f7cdd076bffefee0f55465360a6ca9995d8c34afbd68c51af4681298c6dc190,200
http://web/pictures/recent.php,GET,"Cookie:PHPSESSID=m9o391rld7ca71c4egotsbtel7
Accept:text/html,application/xhtml+xml,application/xml;q=0.9,image/avif,image/webp,image/apng,*/*;q=0.8,application/signed-exchange;v=b3;q=0.9
User-Agent:Mozilla/5.0 (X11; Linux x86_64) AppleWebKit/537.36 (KHTML, like Gecko) Chrome/85.0.4183.102 Safari/537.36
Referer:http://web/calendar.php?date=1778703717
Upgrade-Insecure-Requests:1
",cf83e1357eefb8bdf1542850d66d8007d620e4050b5715dc83f4a921d36ce9ce47d0d13c5d85f2b0ff8318d2877eec2f63b931bd47417a81a538327af927da3e,"Keep-Alive:timeout=5, max=91
Server:Apache/2.4.7 (Ubuntu)
Connection:Keep-Alive
Pragma:no-cache
Date:Mon, 11 May 2026 20:21:59 GMT
Cache-Control:no-store, no-cache, must-revalidate, post-check=0, pre-check=0
Content-Encoding:gzip
Vary:Accept-Encoding
Expires:Thu, 19 Nov 1981 08:52:00 GMT
Content-Length:1087
X-Powered-By:PHP/5.5.9-1ubuntu4.29
Content-Type:text/html
",f34eb2ca77e5269647134c697f53f62d07f788ee7bc0299d8568654a2100822d8aca535b3a9938c70906326f21b28b1dda6cf2e48158d3ba2e7e7eeac18d04e7,200
http://web/pictures/recent.php,GET,"Cookie:PHPSESSID=m9o391rld7ca71c4egotsbtel7
Accept:text/html,application/xhtml+xml,application/xml;q=0.9,image/avif,image/webp,image/apng,*/*;q=0.8,application/signed-exchange;v=b3;q=0.9
User-Agent:Mozilla/5.0 (X11; Linux x86_64) AppleWebKit/537.36 (KHTML, like Gecko) Chrome/85.0.4183.102 Safari/537.36
Referer:http://web/
Upgrade-Insecure-Requests:1
",cf83e1357eefb8bdf1542850d66d8007d620e4050b5715dc83f4a921d36ce9ce47d0d13c5d85f2b0ff8318d2877eec2f63b931bd47417a81a538327af927da3e,"Keep-Alive:timeout=5, max=97
Server:Apache/2.4.7 (Ubuntu)
Connection:Keep-Alive
Pragma:no-cache
Date:Mon, 11 May 2026 20:18:03 GMT
Cache-Control:no-store, no-cache, must-revalidate, post-check=0, pre-check=0
Content-Encoding:gzip
Vary:Accept-Encoding
Expires:Thu, 19 Nov 1981 08:52:00 GMT
Content-Length:1087
X-Powered-By:PHP/5.5.9-1ubuntu4.29
Content-Type:text/html
",ec2ba1d70e463100d73b1092ea6895b04c13693dc2861dc8dc448d5ce711d66c20b24b457d170d861af3bc328ea1123e5aaec6f6b150a13c83020037a0d7ca3b,200
http://web/pictures/view.php?picid=7,GET,"Cookie:PHPSESSID=m9o391rld7ca71c4egotsbtel7
Accept:text/html,application/xhtml+xml,application/xml;q=0.9,image/avif,image/webp,image/apng,*/*;q=0.8,application/signed-exchange;v=b3;q=0.9
User-Agent:Mozilla/5.0 (X11; Linux x86_64) AppleWebKit/537.36 (KHTML, like Gecko) Chrome/85.0.4183.102 Safari/537.36
Referer:http://web/pictures/recent.php
Upgrade-Insecure-Requests:1
",cf83e1357eefb8bdf1542850d66d8007d620e4050b5715dc83f4a921d36ce9ce47d0d13c5d85f2b0ff8318d2877eec2f63b931bd47417a81a538327af927da3e,"Keep-Alive:timeout=5, max=12
Server:Apache/2.4.7 (Ubuntu)
Connection:Keep-Alive
Pragma:no-cache
Date:Mon, 11 May 2026 20:19:08 GMT
Cache-Control:no-store, no-cache, must-revalidate, post-check=0, pre-check=0
Expires:Thu, 19 Nov 1981 08:52:00 GMT
Content-Length:41
X-Powered-By:PHP/5.5.9-1ubuntu4.29
Location:/users/login.php
Content-Type:text/html
",cf83e1357eefb8bdf1542850d66d8007d620e4050b5715dc83f4a921d36ce9ce47d0d13c5d85f2b0ff8318d2877eec2f63b931bd47417a81a538327af927da3e,303
http://web/calendar.php?date=1778617284,GET,"Cookie:PHPSESSID=m9o391rld7ca71c4egotsbtel7
Accept:text/html,application/xhtml+xml,application/xml;q=0.9,image/avif,image/webp,image/apng,*/*;q=0.8,application/signed-exchange;v=b3;q=0.9
User-Agent:Mozilla/5.0 (X11; Linux x86_64) AppleWebKit/537.36 (KHTML, like Gecko) Chrome/85.0.4183.102 Safari/537.36
Referer:http://web/calendar.php
Upgrade-Insecure-Requests:1
",cf83e1357eefb8bdf1542850d66d8007d620e4050b5715dc83f4a921d36ce9ce47d0d13c5d85f2b0ff8318d2877eec2f63b931bd47417a81a538327af927da3e,"Keep-Alive:timeout=5, max=38
Server:Apache/2.4.7 (Ubuntu)
Connection:Keep-Alive
Pragma:no-cache
Date:Mon, 11 May 2026 20:21:25 GMT
Cache-Control:no-store, no-cache, must-revalidate, post-check=0, pre-check=0
Content-Encoding:gzip
Vary:Accept-Encoding
Expires:Thu, 19 Nov 1981 08:52:00 GMT
Content-Length:945
X-Powered-By:PHP/5.5.9-1ubuntu4.29
Content-Type:text/html
",7e4733628ca0982361f85968ce530191e5d43e3505f5711b649264db7d6e2ecc449528d60bca651b86323b3c41ad34afeacad62f1b965b28f0ba29f5bbb449f4,200
http://web/users/register.php,GET,"Cookie:PHPSESSID=m9o391rld7ca71c4egotsbtel7
Accept:text/html,application/xhtml+xml,application/xml;q=0.9,image/avif,image/webp,image/apng,*/*;q=0.8,application/signed-exchange;v=b3;q=0.9
User-Agent:Mozilla/5.0 (X11; Linux x86_64) AppleWebKit/537.36 (KHTML, like Gecko) Chrome/85.0.4183.102 Safari/537.36
Referer:http://web/
Upgrade-Insecure-Requests:1
",cf83e1357eefb8bdf1542850d66d8007d620e4050b5715dc83f4a921d36ce9ce47d0d13c5d85f2b0ff8318d2877eec2f63b931bd47417a81a538327af927da3e,"Keep-Alive:timeout=5, max=48
Server:Apache/2.4.7 (Ubuntu)
Connection:Keep-Alive
Pragma:no-cache
Date:Mon, 11 May 2026 20:21:18 GMT
Cache-Control:no-store, no-cache, must-revalidate, post-check=0, pre-check=0
Content-Encoding:gzip
Vary:Accept-Encoding
Expires:Thu, 19 Nov 1981 08:52:00 GMT
Content-Length:1099
X-Powered-By:PHP/5.5.9-1ubuntu4.29
Content-Type:text/html
",65c3ad4b7180401be2c9c67be01b1712628227a0fcf59136b50fd0969e6081f0be741c65d54857ed5dadce9c5e23b911a12c38159737db9d32f310b897f56bce,200
http://web/,GET,"Cookie:PHPSESSID=m9o391rld7ca71c4egotsbtel7
Accept:text/html,application/xhtml+xml,application/xml;q=0.9,image/avif,image/webp,image/apng,*/*;q=0.8,application/signed-exchange;v=b3;q=0.9
User-Agent:Mozilla/5.0 (X11; Linux x86_64) AppleWebKit/537.36 (KHTML, like Gecko) Chrome/85.0.4183.102 Safari/537.36
Upgrade-Insecure-Requests:1
",cf83e1357eefb8bdf1542850d66d8007d620e4050b5715dc83f4a921d36ce9ce47d0d13c5d85f2b0ff8318d2877eec2f63b931bd47417a81a538327af927da3e,"Keep-Alive:timeout=5, max=10
Server:Apache/2.4.7 (Ubuntu)
Connection:Keep-Alive
Pragma:no-cache
Date:Mon, 11 May 2026 20:21:46 GMT
Cache-Control:no-store, no-cache, must-revalidate, post-check=0, pre-check=0
Content-Encoding:gzip
Vary:Accept-Encoding
Expires:Thu, 19 Nov 1981 08:52:00 GMT
Content-Length:1283
X-Powered-By:PHP/5.5.9-1ubuntu4.29
Content-Type:text/html
",cc92292b18777c2e587f25b85c88fdc930d015a6896bf52e05d13989fb626dd56559e4801155945ad4ae4acb25ea60d671a6fbe57f7b154633e967e1f691c6ed,200
http://web/,GET,"Cookie:PHPSESSID=m9o391rld7ca71c4egotsbtel7
Accept:text/html,application/xhtml+xml,application/xml;q=0.9,image/avif,image/webp,image/apng,*/*;q=0.8,application/signed-exchange;v=b3;q=0.9
User-Agent:Mozilla/5.0 (X11; Linux x86_64) AppleWebKit/537.36 (KHTML, like Gecko) Chrome/85.0.4183.102 Safari/537.36
Upgrade-Insecure-Requests:1
",cf83e1357eefb8bdf1542850d66d8007d620e4050b5715dc83f4a921d36ce9ce47d0d13c5d85f2b0ff8318d2877eec2f63b931bd47417a81a538327af927da3e,"Keep-Alive:timeout=5, max=23
Server:Apache/2.4.7 (Ubuntu)
Connection:Keep-Alive
Pragma:no-cache
Date:Mon, 11 May 2026 20:20:20 GMT
Cache-Control:no-store, no-cache, must-revalidate, post-check=0, pre-check=0
Content-Encoding:gzip
Vary:Accept-Encoding
Expires:Thu, 19 Nov 1981 08:52:00 GMT
Content-Length:1284
X-Powered-By:PHP/5.5.9-1ubuntu4.29
Content-Type:text/html
",033419ba3b170e83867e88bd16c1910858cb695b8afc4911016234ebd43faeb81f582b84640da49742eb48b08c7e94b75bdb97e5bcb5df31347f35cb31142c23,200
http://web/css/blueprint/screen.css,GET,"Cookie:PHPSESSID=m9o391rld7ca71c4egotsbtel7
Accept:text/css,*/*;q=0.1
User-Agent:Mozilla/5.0 (X11; Linux x86_64) AppleWebKit/537.36 (KHTML, like Gecko) Chrome/85.0.4183.102 Safari/537.36
Referer:http://web/calendar.php
",cf83e1357eefb8bdf1542850d66d8007d620e4050b5715dc83f4a921d36ce9ce47d0d13c5d85f2b0ff8318d2877eec2f63b931bd47417a81a538327af927da3e,"Server:Apache/2.4.7 (Ubuntu)
Last-Modified:Thu, 02 Feb 2017 22:24:09 GMT
Date:Mon, 11 May 2026 20:17:50 GMT
Accept-Ranges:bytes
ETag:""24c7-547939fb8b440-gzip""
Content-Encoding:gzip
Vary:Accept-Encoding
Content-Length:2682
Content-Type:text/css
",c0995dbb8c323ef465d8cc5d7b640b1a5435beb529b0c6e55594b1c0f3db66e859d23f70cfe8d93285234e722d677fca7c8887bee81a636881b2f91f221f976e,200
http://web/guestbook.php,GET,"Cookie:PHPSESSID=m9o391rld7ca71c4egotsbtel7
Accept:text/html,application/xhtml+xml,application/xml;q=0.9,image/avif,image/webp,image/apng,*/*;q=0.8,application/signed-exchange;v=b3;q=0.9
User-Agent:Mozilla/5.0 (X11; Linux x86_64) AppleWebKit/537.36 (KHTML, like Gecko) Chrome/85.0.4183.102 Safari/537.36
Referer:http://web/
Upgrade-Insecure-Requests:1
",cf83e1357eefb8bdf1542850d66d8007d620e4050b5715dc83f4a921d36ce9ce47d0d13c5d85f2b0ff8318d2877eec2f63b931bd47417a81a538327af927da3e,"Keep-Alive:timeout=5, max=89
Server:Apache/2.4.7 (Ubuntu)
Connection:Keep-Alive
Pragma:no-cache
Date:Mon, 11 May 2026 20:19:26 GMT
Cache-Control:no-store, no-cache, must-revalidate, post-check=0, pre-check=0
Content-Encoding:gzip
Vary:Accept-Encoding
Expires:Thu, 19 Nov 1981 08:52:00 GMT
Content-Length:999
X-Powered-By:PHP/5.5.9-1ubuntu4.29
Content-Type:text/html
",fa4e272f85ca2877f2e3e729678716f2217d5b92481464ff8034b8a8d4051bd3b1e6f2e8b579148b4a40d6f4ecf68e5fcc29c9eb25d61061bee561020295988a,200
http://web/calendar.php,GET,"Cookie:PHPSESSID=m9o391rld7ca71c4egotsbtel7
Accept:text/html,application/xhtml+xml,application/xml;q=0.9,image/avif,image/webp,image/apng,*/*;q=0.8,application/signed-exchange;v=b3;q=0.9
User-Agent:Mozilla/5.0 (X11; Linux x86_64) AppleWebKit/537.36 (KHTML, like Gecko) Chrome/85.0.4183.102 Safari/537.36
Referer:http://web/
Upgrade-Insecure-Requests:1
",cf83e1357eefb8bdf1542850d66d8007d620e4050b5715dc83f4a921d36ce9ce47d0d13c5d85f2b0ff8318d2877eec2f63b931bd47417a81a538327af927da3e,"Keep-Alive:timeout=5, max=98
Server:Apache/2.4.7 (Ubuntu)
Connection:Keep-Alive
Pragma:no-cache
Date:Mon, 11 May 2026 20:20:39 GMT
Cache-Control:no-store, no-cache, must-revalidate, post-check=0, pre-check=0
Content-Encoding:gzip
Vary:Accept-Encoding
Expires:Thu, 19 Nov 1981 08:52:00 GMT
Content-Length:943
X-Powered-By:PHP/5.5.9-1ubuntu4.29
Content-Type:text/html
",70567f8abb1fb11b7ff45a8bf181076aea3d935cb8a7eb55f333a69445071f192e941fb2e31ac293edc577318b632159ba8e5e0979b573035562e1b2e8d2f948,200
http://web/pictures/recent.php,GET,"Cookie:PHPSESSID=m9o391rld7ca71c4egotsbtel7
Accept:text/html,application/xhtml+xml,application/xml;q=0.9,image/avif,image/webp,image/apng,*/*;q=0.8,application/signed-exchange;v=b3;q=0.9
User-Agent:Mozilla/5.0 (X11; Linux x86_64) AppleWebKit/537.36 (KHTML, like Gecko) Chrome/85.0.4183.102 Safari/537.36
Referer:http://web/calendar.php
Upgrade-Insecure-Requests:1
",cf83e1357eefb8bdf1542850d66d8007d620e4050b5715dc83f4a921d36ce9ce47d0d13c5d85f2b0ff8318d2877eec2f63b931bd47417a81a538327af927da3e,"Keep-Alive:timeout=5, max=9
Server:Apache/2.4.7 (Ubuntu)
Connection:Keep-Alive
Pragma:no-cache
Date:Mon, 11 May 2026 20:20:29 GMT
Cache-Control:no-store, no-cache, must-revalidate, post-check=0, pre-check=0
Content-Encoding:gzip
Vary:Accept-Encoding
Expires:Thu, 19 Nov 1981 08:52:00 GMT
Content-Length:1087
X-Powered-By:PHP/5.5.9-1ubuntu4.29
Content-Type:text/html
",85e706536a54c0776f27823b0b50427d192139f76032ae4bb2b5a5e071f7fe694d9dff4943b1cb3df4705067baff8c753caef0c66772bcddd1fa9d2ea305ec58,200
http://web/pictures/upload.php,GET,"Cookie:PHPSESSID=m9o391rld7ca71c4egotsbtel7
Accept:text/html,application/xhtml+xml,application/xml;q=0.9,image/avif,image/webp,image/apng,*/*;q=0.8,application/signed-exchange;v=b3;q=0.9
User-Agent:Mozilla/5.0 (X11; Linux x86_64) AppleWebKit/537.36 (KHTML, like Gecko) Chrome/85.0.4183.102 Safari/537.36
Referer:http://web/tos.php
Upgrade-Insecure-Requests:1
",cf83e1357eefb8bdf1542850d66d8007d620e4050b5715dc83f4a921d36ce9ce47d0d13c5d85f2b0ff8318d2877eec2f63b931bd47417a81a538327af927da3e,"Keep-Alive:timeout=5, max=1
Server:Apache/2.4.7 (Ubuntu)
Connection:Keep-Alive
Pragma:no-cache
Date:Mon, 11 May 2026 20:19:16 GMT
Cache-Control:no-store, no-cache, must-revalidate, post-check=0, pre-check=0
Expires:Thu, 19 Nov 1981 08:52:00 GMT
Content-Length:41
X-Powered-By:PHP/5.5.9-1ubuntu4.29
Location:/users/login.php
Content-Type:text/html
",cf83e1357eefb8bdf1542850d66d8007d620e4050b5715dc83f4a921d36ce9ce47d0d13c5d85f2b0ff8318d2877eec2f63b931bd47417a81a538327af927da3e,303
http://web/upload/toga/togasfs.128_128.jpg,GET,"Cookie:PHPSESSID=m9o391rld7ca71c4egotsbtel7
Accept:image/avif,image/webp,image/apng,image/*,*/*;q=0.8
User-Agent:Mozilla/5.0 (X11; Linux x86_64) AppleWebKit/537.36 (KHTML, like Gecko) Chrome/85.0.4183.102 Safari/537.36
Referer:http://web/pictures/recent.php
",cf83e1357eefb8bdf1542850d66d8007d620e4050b5715dc83f4a921d36ce9ce47d0d13c5d85f2b0ff8318d2877eec2f63b931bd47417a81a538327af927da3e,"Server:Apache/2.4.7 (Ubuntu)
Last-Modified:Thu, 02 Feb 2017 22:24:09 GMT
Date:Mon, 11 May 2026 20:18:01 GMT
Accept-Ranges:bytes
ETag:""321f-547939fb8b440""
Content-Length:12831
Content-Type:image/jpeg
",f9e00cc601dc7ed7b36ceb20d99655fbfae55b276341df50cc847ccbc4692a94cd49e6eb38bef9d2fc13a1e4900795b7234110c8ba66bf9a7b7f0d12f264bf16,200
http://web/admin/index.php?page=login,GET,"Cookie:PHPSESSID=m9o391rld7ca71c4egotsbtel7
Accept:text/html,application/xhtml+xml,application/xml;q=0.9,image/avif,image/webp,image/apng,*/*;q=0.8,application/signed-exchange;v=b3;q=0.9
User-Agent:Mozilla/5.0 (X11; Linux x86_64) AppleWebKit/537.36 (KHTML, like Gecko) Chrome/85.0.4183.102 Safari/537.36
Referer:http://web/tos.php
Upgrade-Insecure-Requests:1
",cf83e1357eefb8bdf1542850d66d8007d620e4050b5715dc83f4a921d36ce9ce47d0d13c5d85f2b0ff8318d2877eec2f63b931bd47417a81a538327af927da3e,"Keep-Alive:timeout=5, max=87
Server:Apache/2.4.7 (Ubuntu)
Connection:Keep-Alive
Pragma:no-cache
Date:Mon, 11 May 2026 20:20:48 GMT
Cache-Control:no-store, no-cache, must-revalidate, post-check=0, pre-check=0
Content-Encoding:gzip
Vary:Accept-Encoding
Expires:Thu, 19 Nov 1981 08:52:00 GMT
Content-Length:216
X-Powered-By:PHP/5.5.9-1ubuntu4.29
Content-Type:text/html
",bf6d3745014f0e3a723c83562b3fb35a52727018ea6681cff926f966fcb92b626b4b524d281c94c61cf190bea4b01f53a18eb4f9c6c4721e5c932392e91d4bee,200
http://web/,GET,"Cookie:PHPSESSID=m9o391rld7ca71c4egotsbtel7
Accept:text/html,application/xhtml+xml,application/xml;q=0.9,image/avif,image/webp,image/apng,*/*;q=0.8,application/signed-exchange;v=b3;q=0.9
User-Agent:Mozilla/5.0 (X11; Linux x86_64) AppleWebKit/537.36 (KHTML, like Gecko) Chrome/85.0.4183.102 Safari/537.36
Upgrade-Insecure-Requests:1
",cf83e1357eefb8bdf1542850d66d8007d620e4050b5715dc83f4a921d36ce9ce47d0d13c5d85f2b0ff8318d2877eec2f63b931bd47417a81a538327af927da3e,"Keep-Alive:timeout=5, max=69
Server:Apache/2.4.7 (Ubuntu)
Connection:Keep-Alive
Pragma:no-cache
Date:Mon, 11 May 2026 20:21:01 GMT
Cache-Control:no-store, no-cache, must-revalidate, post-check=0, pre-check=0
Content-Encoding:gzip
Vary:Accept-Encoding
Expires:Thu, 19 Nov 1981 08:52:00 GMT
Content-Length:1282
X-Powered-By:PHP/5.5.9-1ubuntu4.29
Content-Type:text/html
",319486345bc689ddac95bf18ccc2f1bc35dcf65c267540bafa388383e1dc558f7520b024f49e4ae4664ca51ed97c4c3644355ec0ed000dce200d60cd704bb8f9,200
http://web/users/login.php,GET,"Cookie:PHPSESSID=m9o391rld7ca71c4egotsbtel7
Accept:text/html,application/xhtml+xml,application/xml;q=0.9,image/avif,image/webp,image/apng,*/*;q=0.8,application/signed-exchange;v=b3;q=0.9
User-Agent:Mozilla/5.0 (X11; Linux x86_64) AppleWebKit/537.36 (KHTML, like Gecko) Chrome/85.0.4183.102 Safari/537.36
Referer:http://web/pictures/recent.php
Upgrade-Insecure-Requests:1
",cf83e1357eefb8bdf1542850d66d8007d620e4050b5715dc83f4a921d36ce9ce47d0d13c5d85f2b0ff8318d2877eec2f63b931bd47417a81a538327af927da3e,"Keep-Alive:timeout=5, max=35
Server:Apache/2.4.7 (Ubuntu)
Connection:Keep-Alive
Pragma:no-cache
Date:Mon, 11 May 2026 20:18:52 GMT
Cache-Control:no-store, no-cache, must-revalidate, post-check=0, pre-check=0
Content-Encoding:gzip
Vary:Accept-Encoding
Expires:Thu, 19 Nov 1981 08:52:00 GMT
Content-Length:975
X-Powered-By:PHP/5.5.9-1ubuntu4.29
Content-Type:text/html
",1eb2e7b921d8fdba0ba663a379b2b3877820eacfad58c21edbb5f5846b0875aa8374cd9d75025fac86bd5ab276d529bdad6ca043f9273a05b5a7511512dc273b,200
http://web/css/blueprint/screen.css,GET,"Cookie:PHPSESSID=m9o391rld7ca71c4egotsbtel7
Accept:text/css,*/*;q=0.1
User-Agent:Mozilla/5.0 (X11; Linux x86_64) AppleWebKit/537.36 (KHTML, like Gecko) Chrome/85.0.4183.102 Safari/537.36
Referer:http://web/tos.php
",cf83e1357eefb8bdf1542850d66d8007d620e4050b5715dc83f4a921d36ce9ce47d0d13c5d85f2b0ff8318d2877eec2f63b931bd47417a81a538327af927da3e,"Server:Apache/2.4.7 (Ubuntu)
Last-Modified:Thu, 02 Feb 2017 22:24:09 GMT
Date:Mon, 11 May 2026 20:17:50 GMT
Accept-Ranges:bytes
ETag:""24c7-547939fb8b440-gzip""
Content-Encoding:gzip
Vary:Accept-Encoding
Content-Length:2682
Content-Type:text/css
",c0995dbb8c323ef465d8cc5d7b640b1a5435beb529b0c6e55594b1c0f3db66e859d23f70cfe8d93285234e722d677fca7c8887bee81a636881b2f91f221f976e,200
http://web/calendar.php?date=1778617340,GET,"Cookie:PHPSESSID=m9o391rld7ca71c4egotsbtel7
Accept:text/html,application/xhtml+xml,application/xml;q=0.9,image/avif,image/webp,image/apng,*/*;q=0.8,application/signed-exchange;v=b3;q=0.9
User-Agent:Mozilla/5.0 (X11; Linux x86_64) AppleWebKit/537.36 (KHTML, like Gecko) Chrome/85.0.4183.102 Safari/537.36
Referer:http://web/calendar.php
Upgrade-Insecure-Requests:1
",cf83e1357eefb8bdf1542850d66d8007d620e4050b5715dc83f4a921d36ce9ce47d0d13c5d85f2b0ff8318d2877eec2f63b931bd47417a81a538327af927da3e,"Keep-Alive:timeout=5, max=62
Server:Apache/2.4.7 (Ubuntu)
Connection:Keep-Alive
Pragma:no-cache
Date:Mon, 11 May 2026 20:22:21 GMT
Cache-Control:no-store, no-cache, must-revalidate, post-check=0, pre-check=0
Content-Encoding:gzip
Vary:Accept-Encoding
Expires:Thu, 19 Nov 1981 08:52:00 GMT
Content-Length:945
X-Powered-By:PHP/5.5.9-1ubuntu4.29
Content-Type:text/html
",36eed9db1c704998e81f398398c0d8833a07da090822883180c4ddb54bbeb24d0790c3ec4b5cb5649700538948cced05cac00037da60e1f3ac7866224cbb00f9,200
http://web/admin/index.php?page=login,GET,"Cookie:PHPSESSID=m9o391rld7ca71c4egotsbtel7
Accept:text/html,application/xhtml+xml,application/xml;q=0.9,image/avif,image/webp,image/apng,*/*;q=0.8,application/signed-exchange;v=b3;q=0.9
User-Agent:Mozilla/5.0 (X11; Linux x86_64) AppleWebKit/537.36 (KHTML, like Gecko) Chrome/85.0.4183.102 Safari/537.36
Referer:http://web/calendar.php
Upgrade-Insecure-Requests:1
",cf83e1357eefb8bdf1542850d66d8007d620e4050b5715dc83f4a921d36ce9ce47d0d13c5d85f2b0ff8318d2877eec2f63b931bd47417a81a538327af927da3e,"Keep-Alive:timeout=5, max=94
Server:Apache/2.4.7 (Ubuntu)
Connection:Keep-Alive
Pragma:no-cache
Date:Mon, 11 May 2026 20:20:42 GMT
Cache-Control:no-store, no-cache, must-revalidate, post-check=0, pre-check=0
Content-Encoding:gzip
Vary:Accept-Encoding
Expires:Thu, 19 Nov 1981 08:52:00 GMT
Content-Length:216
X-Powered-By:PHP/5.5.9-1ubuntu4.29
Content-Type:text/html
",2df3a2fe482779847068ee3c8cd5a31c2dc7e77019cf6f44f34849d7509fab054e5427612c0b728d3f5bd2be488eee6cda23afd6538989596564f3f45ff83ca2,200
http://web/pictures/recent.php,GET,"Cookie:PHPSESSID=m9o391rld7ca71c4egotsbtel7
Accept:text/html,application/xhtml+xml,application/xml;q=0.9,image/avif,image/webp,image/apng,*/*;q=0.8,application/signed-exchange;v=b3;q=0.9
User-Agent:Mozilla/5.0 (X11; Linux x86_64) AppleWebKit/537.36 (KHTML, like Gecko) Chrome/85.0.4183.102 Safari/537.36
Referer:http://web/
Upgrade-Insecure-Requests:1
",cf83e1357eefb8bdf1542850d66d8007d620e4050b5715dc83f4a921d36ce9ce47d0d13c5d85f2b0ff8318d2877eec2f63b931bd47417a81a538327af927da3e,"Keep-Alive:timeout=5, max=3
Server:Apache/2.4.7 (Ubuntu)
Connection:Keep-Alive
Pragma:no-cache
Date:Mon, 11 May 2026 20:19:14 GMT
Cache-Control:no-store, no-cache, must-revalidate, post-check=0, pre-check=0
Content-Encoding:gzip
Vary:Accept-Encoding
Expires:Thu, 19 Nov 1981 08:52:00 GMT
Content-Length:1085
X-Powered-By:PHP/5.5.9-1ubuntu4.29
Content-Type:text/html
",58d86446fccf542144bf26a59acfda79e1e6f8fdfb8a5050f1760b4ff7e63689ec32b2f3942c72eda86b27fc1a1896213fd013552656e1b3f0c71b684f14fbd9,200
http://web/,GET,"Cookie:PHPSESSID=m9o391rld7ca71c4egotsbtel7
Accept:text/html,application/xhtml+xml,application/xml;q=0.9,image/avif,image/webp,image/apng,*/*;q=0.8,application/signed-exchange;v=b3;q=0.9
User-Agent:Mozilla/5.0 (X11; Linux x86_64) AppleWebKit/537.36 (KHTML, like Gecko) Chrome/85.0.4183.102 Safari/537.36
Upgrade-Insecure-Requests:1
",cf83e1357eefb8bdf1542850d66d8007d620e4050b5715dc83f4a921d36ce9ce47d0d13c5d85f2b0ff8318d2877eec2f63b931bd47417a81a538327af927da3e,"Keep-Alive:timeout=5, max=33
Server:Apache/2.4.7 (Ubuntu)
Connection:Keep-Alive
Pragma:no-cache
Date:Mon, 11 May 2026 20:22:40 GMT
Cache-Control:no-store, no-cache, must-revalidate, post-check=0, pre-check=0
Content-Encoding:gzip
Vary:Accept-Encoding
Expires:Thu, 19 Nov 1981 08:52:00 GMT
Content-Length:1284
X-Powered-By:PHP/5.5.9-1ubuntu4.29
Content-Type:text/html
",e84f7f24ce01f460c3af02203511c2466be0927de33bea26701ffff9338d2016821064c79fd99eb63e20e69d2a8a7f3c782f01cb39461bb28a0b0ebb13303b58,200
http://web/upload/flowers/flowers.128_128.jpg,GET,"Cookie:PHPSESSID=m9o391rld7ca71c4egotsbtel7
Accept:image/avif,image/webp,image/apng,image/*,*/*;q=0.8
User-Agent:Mozilla/5.0 (X11; Linux x86_64) AppleWebKit/537.36 (KHTML, like Gecko) Chrome/85.0.4183.102 Safari/537.36
Referer:http://web/pictures/recent.php
",cf83e1357eefb8bdf1542850d66d8007d620e4050b5715dc83f4a921d36ce9ce47d0d13c5d85f2b0ff8318d2877eec2f63b931bd47417a81a538327af927da3e,"Keep-Alive:timeout=5, max=100
Server:Apache/2.4.7 (Ubuntu)
Connection:Keep-Alive
Last-Modified:Thu, 02 Feb 2017 22:24:09 GMT
Date:Mon, 11 May 2026 20:18:01 GMT
Accept-Ranges:bytes
ETag:""3c3d-547939fb8b440""
Content-Length:15421
Content-Type:image/jpeg
",3582ed1354c33d3f042461e0f766e5a7dcffac105b0b153a6c31ce83abf5b5914714203850b1066d6a97bf901925ce573d549ebdc47272138324ba8f2dbb00d7,200
http://web/,GET,"Cookie:PHPSESSID=m9o391rld7ca71c4egotsbtel7
Accept:text/html,application/xhtml+xml,application/xml;q=0.9,image/avif,image/webp,image/apng,*/*;q=0.8,application/signed-exchange;v=b3;q=0.9
User-Agent:Mozilla/5.0 (X11; Linux x86_64) AppleWebKit/537.36 (KHTML, like Gecko) Chrome/85.0.4183.102 Safari/537.36
Upgrade-Insecure-Requests:1
",cf83e1357eefb8bdf1542850d66d8007d620e4050b5715dc83f4a921d36ce9ce47d0d13c5d85f2b0ff8318d2877eec2f63b931bd47417a81a538327af927da3e,"Keep-Alive:timeout=5, max=15
Server:Apache/2.4.7 (Ubuntu)
Connection:Keep-Alive
Pragma:no-cache
Date:Mon, 11 May 2026 20:20:25 GMT
Cache-Control:no-store, no-cache, must-revalidate, post-check=0, pre-check=0
Content-Encoding:gzip
Vary:Accept-Encoding
Expires:Thu, 19 Nov 1981 08:52:00 GMT
Content-Length:1284
X-Powered-By:PHP/5.5.9-1ubuntu4.29
Content-Type:text/html
",79549c308508061d3fb7e7879bb8016dee7f97b09afc7cfd0d44ea3aa1a27709f23448b3efda3ab16a17bab122a55f0856c9a6ee8c5320851c5cbae7a589c8e8,200
http://web/,GET,"Cookie:PHPSESSID=m9o391rld7ca71c4egotsbtel7
Accept:text/html,application/xhtml+xml,application/xml;q=0.9,image/avif,image/webp,image/apng,*/*;q=0.8,application/signed-exchange;v=b3;q=0.9
User-Agent:Mozilla/5.0 (X11; Linux x86_64) AppleWebKit/537.36 (KHTML, like Gecko) Chrome/85.0.4183.102 Safari/537.36
Upgrade-Insecure-Requests:1
",cf83e1357eefb8bdf1542850d66d8007d620e4050b5715dc83f4a921d36ce9ce47d0d13c5d85f2b0ff8318d2877eec2f63b931bd47417a81a538327af927da3e,"Keep-Alive:timeout=5, max=95
Server:Apache/2.4.7 (Ubuntu)
Connection:Keep-Alive
Pragma:no-cache
Date:Mon, 11 May 2026 20:21:56 GMT
Cache-Control:no-store, no-cache, must-revalidate, post-check=0, pre-check=0
Content-Encoding:gzip
Vary:Accept-Encoding
Expires:Thu, 19 Nov 1981 08:52:00 GMT
Content-Length:1284
X-Powered-By:PHP/5.5.9-1ubuntu4.29
Content-Type:text/html
",1acffb8cdb1456c2ea89b19d176e14c6f5ad95a3949c04ed8d14ae859cd0aa7e9fd9fa2f6e0586f3c7c2d7fbba12c8b58a5356872b6627f28f3b7c4fd492f3b7,200
http://web/upload/doggie/Dog.jpg.128_128.jpg,GET,"Cookie:PHPSESSID=m9o391rld7ca71c4egotsbtel7
Accept:image/avif,image/webp,image/apng,image/*,*/*;q=0.8
User-Agent:Mozilla/5.0 (X11; Linux x86_64) AppleWebKit/537.36 (KHTML, like Gecko) Chrome/85.0.4183.102 Safari/537.36
Referer:http://web/pictures/recent.php
",cf83e1357eefb8bdf1542850d66d8007d620e4050b5715dc83f4a921d36ce9ce47d0d13c5d85f2b0ff8318d2877eec2f63b931bd47417a81a538327af927da3e,"Server:Apache/2.4.7 (Ubuntu)
Last-Modified:Thu, 02 Feb 2017 22:24:09 GMT
Date:Mon, 11 May 2026 20:18:01 GMT
Accept-Ranges:bytes
ETag:""30b7-547939fb8b440""
Content-Length:12471
Content-Type:image/jpeg
",69d56f0425632e752413df2dedbeab35c78b04f88b4b5e0c3ff3c082644643ba0b4ecff40c05ff2c89177b1d27351cfad091a14195a74b8f1a0a38960c402f09,200
http://web/passcheck.php,GET,"Cookie:PHPSESSID=m9o391rld7ca71c4egotsbtel7
Accept:text/html,application/xhtml+xml,application/xml;q=0.9,image/avif,image/webp,image/apng,*/*;q=0.8,application/signed-exchange;v=b3;q=0.9
User-Agent:Mozilla/5.0 (X11; Linux x86_64) AppleWebKit/537.36 (KHTML, like Gecko) Chrome/85.0.4183.102 Safari/537.36
Referer:http://web/users/register.php
Upgrade-Insecure-Requests:1
",cf83e1357eefb8bdf1542850d66d8007d620e4050b5715dc83f4a921d36ce9ce47d0d13c5d85f2b0ff8318d2877eec2f63b931bd47417a81a538327af927da3e,"Keep-Alive:timeout=5, max=65
Server:Apache/2.4.7 (Ubuntu)
Connection:Keep-Alive
Pragma:no-cache
Date:Mon, 11 May 2026 20:19:46 GMT
Cache-Control:no-store, no-cache, must-revalidate, post-check=0, pre-check=0
Content-Encoding:gzip
Vary:Accept-Encoding
Expires:Thu, 19 Nov 1981 08:52:00 GMT
Content-Length:927
X-Powered-By:PHP/5.5.9-1ubuntu4.29
Content-Type:text/html
",bc545856622bfcd6b01c30d1c572135d3c226001d932090daf243e08d757fbbd8c254335eef4d1d04d5665164819202831bb67a36759d18b9c876b9871bc9254,200
http://web/calendar.php?date=1778790144,GET,"Cookie:PHPSESSID=m9o391rld7ca71c4egotsbtel7
Accept:text/html,application/xhtml+xml,application/xml;q=0.9,image/avif,image/webp,image/apng,*/*;q=0.8,application/signed-exchange;v=b3;q=0.9
User-Agent:Mozilla/5.0 (X11; Linux x86_64) AppleWebKit/537.36 (KHTML, like Gecko) Chrome/85.0.4183.102 Safari/537.36
Referer:http://web/calendar.php?date=1778703744
Upgrade-Insecure-Requests:1
",cf83e1357eefb8bdf1542850d66d8007d620e4050b5715dc83f4a921d36ce9ce47d0d13c5d85f2b0ff8318d2877eec2f63b931bd47417a81a538327af927da3e,"Keep-Alive:timeout=5, max=55
Server:Apache/2.4.7 (Ubuntu)
Connection:Keep-Alive
Pragma:no-cache
Date:Mon, 11 May 2026 20:22:25 GMT
Cache-Control:no-store, no-cache, must-revalidate, post-check=0, pre-check=0
Content-Encoding:gzip
Vary:Accept-Encoding
Expires:Thu, 19 Nov 1981 08:52:00 GMT
Content-Length:944
X-Powered-By:PHP/5.5.9-1ubuntu4.29
Content-Type:text/html
",6ee2b45dc1c4c42b7cde4185eb78566100d1c214db7a62f8fe0e8512ef78ba6918d9ccf68a3eddc09bec08ac468c1318102533ec75a53af81dee1cc44a852e6c,200
http://web/favicon.ico,GET,"Cookie:PHPSESSID=m9o391rld7ca71c4egotsbtel7
Accept:image/avif,image/webp,image/apng,image/*,*/*;q=0.8
User-Agent:Mozilla/5.0 (X11; Linux x86_64) AppleWebKit/537.36 (KHTML, like Gecko) Chrome/85.0.4183.102 Safari/537.36
Referer:http://web/
",cf83e1357eefb8bdf1542850d66d8007d620e4050b5715dc83f4a921d36ce9ce47d0d13c5d85f2b0ff8318d2877eec2f63b931bd47417a81a538327af927da3e,"Keep-Alive:timeout=5, max=96
Server:Apache/2.4.7 (Ubuntu)
Connection:Keep-Alive
Date:Mon, 11 May 2026 20:17:51 GMT
Content-Length:277
Content-Type:text/html; charset=iso-8859-1
",7cda8cf4cc94218cf444e131839ad94dc4c4fe0fa9124de62f58b4de30050c4523a5aa7427bf6f1c227a2f180045b7abaeb83f0fe4df11846cc2e684578ac6a7,404
http://web/users/login.php,GET,"Cookie:PHPSESSID=m9o391rld7ca71c4egotsbtel7
Accept:text/html,application/xhtml+xml,application/xml;q=0.9,image/avif,image/webp,image/apng,*/*;q=0.8,application/signed-exchange;v=b3;q=0.9
User-Agent:Mozilla/5.0 (X11; Linux x86_64) AppleWebKit/537.36 (KHTML, like Gecko) Chrome/85.0.4183.102 Safari/537.36
Referer:http://web/pictures/recent.php
Upgrade-Insecure-Requests:1
",cf83e1357eefb8bdf1542850d66d8007d620e4050b5715dc83f4a921d36ce9ce47d0d13c5d85f2b0ff8318d2877eec2f63b931bd47417a81a538327af927da3e,"Keep-Alive:timeout=5, max=31
Server:Apache/2.4.7 (Ubuntu)
Connection:Keep-Alive
Pragma:no-cache
Date:Mon, 11 May 2026 20:18:55 GMT
Cache-Control:no-store, no-cache, must-revalidate, post-check=0, pre-check=0
Content-Encoding:gzip
Vary:Accept-Encoding
Expires:Thu, 19 Nov 1981 08:52:00 GMT
Content-Length:975
X-Powered-By:PHP/5.5.9-1ubuntu4.29
Content-Type:text/html
",85c1268fc624e62efbd7a67232901c1000678961acb97503c626a8356a726ca08033e06b13c90a54c03a9a7b53b5566071c7f198e9a29fa06df29cfa7bfaa049,200
http://web/users/login.php,GET,"Cookie:PHPSESSID=m9o391rld7ca71c4egotsbtel7
Accept:text/html,application/xhtml+xml,application/xml;q=0.9,image/avif,image/webp,image/apng,*/*;q=0.8,application/signed-exchange;v=b3;q=0.9
User-Agent:Mozilla/5.0 (X11; Linux x86_64) AppleWebKit/537.36 (KHTML, like Gecko) Chrome/85.0.4183.102 Safari/537.36
Referer:http://web/pictures/recent.php
Upgrade-Insecure-Requests:1
",cf83e1357eefb8bdf1542850d66d8007d620e4050b5715dc83f4a921d36ce9ce47d0d13c5d85f2b0ff8318d2877eec2f63b931bd47417a81a538327af927da3e,"Keep-Alive:timeout=5, max=27
Server:Apache/2.4.7 (Ubuntu)
Connection:Keep-Alive
Pragma:no-cache
Date:Mon, 11 May 2026 20:18:57 GMT
Cache-Control:no-store, no-cache, must-revalidate, post-check=0, pre-check=0
Content-Encoding:gzip
Vary:Accept-Encoding
Expires:Thu, 19 Nov 1981 08:52:00 GMT
Content-Length:976
X-Powered-By:PHP/5.5.9-1ubuntu4.29
Content-Type:text/html
",0035f2ec8011d3ce52acfcfab3d88a0bfa94aea6a032b73c0ba0c40440c20506afd884808b2dfbadd0d12aa2069f59458064d499468374979859f7dfaf1807b5,200
http://web/calendar.php?date=1778617313,GET,"Cookie:PHPSESSID=m9o391rld7ca71c4egotsbtel7
Accept:text/html,application/xhtml+xml,application/xml;q=0.9,image/avif,image/webp,image/apng,*/*;q=0.8,application/signed-exchange;v=b3;q=0.9
User-Agent:Mozilla/5.0 (X11; Linux x86_64) AppleWebKit/537.36 (KHTML, like Gecko) Chrome/85.0.4183.102 Safari/537.36
Referer:http://web/calendar.php
Upgrade-Insecure-Requests:1
",cf83e1357eefb8bdf1542850d66d8007d620e4050b5715dc83f4a921d36ce9ce47d0d13c5d85f2b0ff8318d2877eec2f63b931bd47417a81a538327af927da3e,"Keep-Alive:timeout=5, max=99
Server:Apache/2.4.7 (Ubuntu)
Connection:Keep-Alive
Pragma:no-cache
Date:Mon, 11 May 2026 20:21:54 GMT
Cache-Control:no-store, no-cache, must-revalidate, post-check=0, pre-check=0
Content-Encoding:gzip
Vary:Accept-Encoding
Expires:Thu, 19 Nov 1981 08:52:00 GMT
Content-Length:944
X-Powered-By:PHP/5.5.9-1ubuntu4.29
Content-Type:text/html
",ee8aac03a1142defdfb56b74a802bb48d7e0d7ee86629adab9b7292595276eb47fcb03bd338558814219f8eaf5cc994183caa28662f5c0832998eea42331fbf4,200
http://web/admin/index.php?page=login,POST,"Origin:http://web
Cookie:PHPSESSID=m9o391rld7ca71c4egotsbtel7
Accept:text/html,application/xhtml+xml,application/xml;q=0.9,image/avif,image/webp,image/apng,*/*;q=0.8,application/signed-exchange;v=b3;q=0.9
User-Agent:Mozilla/5.0 (X11; Linux x86_64) AppleWebKit/537.36 (KHTML, like Gecko) Chrome/85.0.4183.102 Safari/537.36
Referer:http://web/admin/index.php?page=login
Upgrade-Insecure-Requests:1
Content-Type:application/x-www-form-urlencoded
",548377f2e5696d602ebea5cf51b1a44ec490373d18d7bf7279cdf508a0ebb68c5b213972afdf381cd9fc180c48a33f3bd2a8d32cb3ef18fd7254e3947c1ddf31,"Keep-Alive:timeout=5, max=79
Server:Apache/2.4.7 (Ubuntu)
Connection:Keep-Alive
Pragma:no-cache
Date:Mon, 11 May 2026 20:18:19 GMT
Cache-Control:no-store, no-cache, must-revalidate, post-check=0, pre-check=0
Content-Encoding:gzip
Vary:Accept-Encoding
Expires:Thu, 19 Nov 1981 08:52:00 GMT
Content-Length:216
X-Powered-By:PHP/5.5.9-1ubuntu4.29
Content-Type:text/html
",86f4eb602d0023e0580e7c92f7b88cda5e06b1cfbc7b0a7549fcc198365edc56517ad6dcee17ee39bb8f4c5a6db3565b74c98f6afff75c8360ac311a3989993a,200
http://web/calendar.php,GET,"Cookie:PHPSESSID=m9o391rld7ca71c4egotsbtel7
Accept:text/html,application/xhtml+xml,application/xml;q=0.9,image/avif,image/webp,image/apng,*/*;q=0.8,application/signed-exchange;v=b3;q=0.9
User-Agent:Mozilla/5.0 (X11; Linux x86_64) AppleWebKit/537.36 (KHTML, like Gecko) Chrome/85.0.4183.102 Safari/537.36
Referer:http://web/
Upgrade-Insecure-Requests:1
",cf83e1357eefb8bdf1542850d66d8007d620e4050b5715dc83f4a921d36ce9ce47d0d13c5d85f2b0ff8318d2877eec2f63b931bd47417a81a538327af927da3e,"Keep-Alive:timeout=5, max=32
Server:Apache/2.4.7 (Ubuntu)
Connection:Keep-Alive
Pragma:no-cache
Date:Mon, 11 May 2026 20:22:41 GMT
Cache-Control:no-store, no-cache, must-revalidate, post-check=0, pre-check=0
Content-Encoding:gzip
Vary:Accept-Encoding
Expires:Thu, 19 Nov 1981 08:52:00 GMT
Content-Length:944
X-Powered-By:PHP/5.5.9-1ubuntu4.29
Content-Type:text/html
",332dec33eec2513745e10f8c8ee767f031702f0f52249c2343cd586c3d5d6002cdfb9701f84898f26f321cfcbc39ad0fbb2fde70297c8c84b930aab507e2c41e,200
http://web/,GET,"Cookie:PHPSESSID=m9o391rld7ca71c4egotsbtel7
Accept:text/html,application/xhtml+xml,application/xml;q=0.9,image/avif,image/webp,image/apng,*/*;q=0.8,application/signed-exchange;v=b3;q=0.9
User-Agent:Mozilla/5.0 (X11; Linux x86_64) AppleWebKit/537.36 (KHTML, like Gecko) Chrome/85.0.4183.102 Safari/537.36
Referer:http://web/
Upgrade-Insecure-Requests:1
",cf83e1357eefb8bdf1542850d66d8007d620e4050b5715dc83f4a921d36ce9ce47d0d13c5d85f2b0ff8318d2877eec2f63b931bd47417a81a538327af927da3e,"Keep-Alive:timeout=5, max=67
Server:Apache/2.4.7 (Ubuntu)
Connection:Keep-Alive
Pragma:no-cache
Date:Mon, 11 May 2026 20:18:30 GMT
Cache-Control:no-store, no-cache, must-revalidate, post-check=0, pre-check=0
Content-Encoding:gzip
Vary:Accept-Encoding
Expires:Thu, 19 Nov 1981 08:52:00 GMT
Content-Length:1282
X-Powered-By:PHP/5.5.9-1ubuntu4.29
Content-Type:text/html
",3cdf80818012123e79e5689f6b1ede57ff9c99aec2dfa3e7893adc9fb1e74b4c3f9d53c60a9bc7355546ea31c05c3a4e9f6c69e5b66233471bfc28469fbf80f3,200
http://web/calendar.php?date=1778703761,GET,"Cookie:PHPSESSID=m9o391rld7ca71c4egotsbtel7
Accept:text/html,application/xhtml+xml,application/xml;q=0.9,image/avif,image/webp,image/apng,*/*;q=0.8,application/signed-exchange;v=b3;q=0.9
User-Agent:Mozilla/5.0 (X11; Linux x86_64) AppleWebKit/537.36 (KHTML, like Gecko) Chrome/85.0.4183.102 Safari/537.36
Referer:http://web/calendar.php?date=1778617361
Upgrade-Insecure-Requests:1
",cf83e1357eefb8bdf1542850d66d8007d620e4050b5715dc83f4a921d36ce9ce47d0d13c5d85f2b0ff8318d2877eec2f63b931bd47417a81a538327af927da3e,"Keep-Alive:timeout=5, max=30
Server:Apache/2.4.7 (Ubuntu)
Connection:Keep-Alive
Pragma:no-cache
Date:Mon, 11 May 2026 20:22:42 GMT
Cache-Control:no-store, no-cache, must-revalidate, post-check=0, pre-check=0
Content-Encoding:gzip
Vary:Accept-Encoding
Expires:Thu, 19 Nov 1981 08:52:00 GMT
Content-Length:946
X-Powered-By:PHP/5.5.9-1ubuntu4.29
Content-Type:text/html
",801373a5377ee178226152d6033b2fe5e5b01bfccb4f5fa967200b9e1c19e7cae092432c3840aa33b919d2cc5bc9b9590d4e732064bd7fe42bd47e0dc74b0644,200
http://web/users/login.php,GET,"Cookie:PHPSESSID=m9o391rld7ca71c4egotsbtel7
Accept:text/html,application/xhtml+xml,application/xml;q=0.9,image/avif,image/webp,image/apng,*/*;q=0.8,application/signed-exchange;v=b3;q=0.9
User-Agent:Mozilla/5.0 (X11; Linux x86_64) AppleWebKit/537.36 (KHTML, like Gecko) Chrome/85.0.4183.102 Safari/537.36
Referer:http://web/users/sample.php?userid=1
Upgrade-Insecure-Requests:1
",cf83e1357eefb8bdf1542850d66d8007d620e4050b5715dc83f4a921d36ce9ce47d0d13c5d85f2b0ff8318d2877eec2f63b931bd47417a81a538327af927da3e,"Keep-Alive:timeout=5, max=30
Server:Apache/2.4.7 (Ubuntu)
Connection:Keep-Alive
Pragma:no-cache
Date:Mon, 11 May 2026 20:20:14 GMT
Cache-Control:no-store, no-cache, must-revalidate, post-check=0, pre-check=0
Content-Encoding:gzip
Vary:Accept-Encoding
Expires:Thu, 19 Nov 1981 08:52:00 GMT
Content-Length:976
X-Powered-By:PHP/5.5.9-1ubuntu4.29
Content-Type:text/html
",3aec2b0ae4e6c6f40bcddf375d6b6e81d3de34aafeee0377af4474434238ea39ceb773a9f2b3b534f30ce8808b75148c1833a445a17741591b978480531ba31a,200
http://web/css/stylings.css,GET,"Cookie:PHPSESSID=m9o391rld7ca71c4egotsbtel7
Accept:text/css,*/*;q=0.1
User-Agent:Mozilla/5.0 (X11; Linux x86_64) AppleWebKit/537.36 (KHTML, like Gecko) Chrome/85.0.4183.102 Safari/537.36
Referer:http://web/users/register.php
",cf83e1357eefb8bdf1542850d66d8007d620e4050b5715dc83f4a921d36ce9ce47d0d13c5d85f2b0ff8318d2877eec2f63b931bd47417a81a538327af927da3e,"Server:Apache/2.4.7 (Ubuntu)
Last-Modified:Thu, 02 Feb 2017 22:24:09 GMT
Date:Mon, 11 May 2026 20:17:50 GMT
Accept-Ranges:bytes
ETag:""c29-547939fb8b440-gzip""
Content-Encoding:gzip
Vary:Accept-Encoding
Content-Length:838
Content-Type:text/css
",e6142d743628221ad60b6d12a0b444a077ed8ede2504b511ffffde908ffe459f09875b3901f9a63ec228906521c445248f9277e14f591205808d8dfc200df823,200
http://web/css/blueprint/screen.css,GET,"Cookie:PHPSESSID=m9o391rld7ca71c4egotsbtel7
Accept:text/css,*/*;q=0.1
User-Agent:Mozilla/5.0 (X11; Linux x86_64) AppleWebKit/537.36 (KHTML, like Gecko) Chrome/85.0.4183.102 Safari/537.36
Referer:http://web/users/sample.php?userid=1
",cf83e1357eefb8bdf1542850d66d8007d620e4050b5715dc83f4a921d36ce9ce47d0d13c5d85f2b0ff8318d2877eec2f63b931bd47417a81a538327af927da3e,"Server:Apache/2.4.7 (Ubuntu)
Last-Modified:Thu, 02 Feb 2017 22:24:09 GMT
Date:Mon, 11 May 2026 20:17:50 GMT
Accept-Ranges:bytes
ETag:""24c7-547939fb8b440-gzip""
Content-Encoding:gzip
Vary:Accept-Encoding
Content-Length:2682
Content-Type:text/css
",c0995dbb8c323ef465d8cc5d7b640b1a5435beb529b0c6e55594b1c0f3db66e859d23f70cfe8d93285234e722d677fca7c8887bee81a636881b2f91f221f976e,200
http://web/calendar.php?date=1778617328,GET,"Cookie:PHPSESSID=m9o391rld7ca71c4egotsbtel7
Accept:text/html,application/xhtml+xml,application/xml;q=0.9,image/avif,image/webp,image/apng,*/*;q=0.8,application/signed-exchange;v=b3;q=0.9
User-Agent:Mozilla/5.0 (X11; Linux x86_64) AppleWebKit/537.36 (KHTML, like Gecko) Chrome/85.0.4183.102 Safari/537.36
Referer:http://web/calendar.php
Upgrade-Insecure-Requests:1
",cf83e1357eefb8bdf1542850d66d8007d620e4050b5715dc83f4a921d36ce9ce47d0d13c5d85f2b0ff8318d2877eec2f63b931bd47417a81a538327af927da3e,"Keep-Alive:timeout=5, max=78
Server:Apache/2.4.7 (Ubuntu)
Connection:Keep-Alive
Pragma:no-cache
Date:Mon, 11 May 2026 20:22:09 GMT
Cache-Control:no-store, no-cache, must-revalidate, post-check=0, pre-check=0
Content-Encoding:gzip
Vary:Accept-Encoding
Expires:Thu, 19 Nov 1981 08:52:00 GMT
Content-Length:945
X-Powered-By:PHP/5.5.9-1ubuntu4.29
Content-Type:text/html
",ac97b1cf8e5e9c5159db3cbd3544b18b77d6ae20cda36dec1714a6b68d0edf01143318464f4489849f55d3487c2751936f4466da3ea64e1a98e9dfb84b477454,200
http://web/,GET,"Cookie:PHPSESSID=m9o391rld7ca71c4egotsbtel7
Accept:text/html,application/xhtml+xml,application/xml;q=0.9,image/avif,image/webp,image/apng,*/*;q=0.8,application/signed-exchange;v=b3;q=0.9
User-Agent:Mozilla/5.0 (X11; Linux x86_64) AppleWebKit/537.36 (KHTML, like Gecko) Chrome/85.0.4183.102 Safari/537.36
Upgrade-Insecure-Requests:1
",cf83e1357eefb8bdf1542850d66d8007d620e4050b5715dc83f4a921d36ce9ce47d0d13c5d85f2b0ff8318d2877eec2f63b931bd47417a81a538327af927da3e,"Keep-Alive:timeout=5, max=49
Server:Apache/2.4.7 (Ubuntu)
Connection:Keep-Alive
Pragma:no-cache
Date:Mon, 11 May 2026 20:18:43 GMT
Cache-Control:no-store, no-cache, must-revalidate, post-check=0, pre-check=0
Content-Encoding:gzip
Vary:Accept-Encoding
Expires:Thu, 19 Nov 1981 08:52:00 GMT
Content-Length:1283
X-Powered-By:PHP/5.5.9-1ubuntu4.29
Content-Type:text/html
",47f340fe29dd9d711563344c3e61d1b5c445d49ff52b5dd8953e03a2fbbf1942d9e7217019abe4dd5ba5ecf442095f81e82e8630842626dc421c82fdc247dc92,200
http://web/,GET,"Cookie:PHPSESSID=m9o391rld7ca71c4egotsbtel7
Accept:text/html,application/xhtml+xml,application/xml;q=0.9,image/avif,image/webp,image/apng,*/*;q=0.8,application/signed-exchange;v=b3;q=0.9
User-Agent:Mozilla/5.0 (X11; Linux x86_64) AppleWebKit/537.36 (KHTML, like Gecko) Chrome/85.0.4183.102 Safari/537.36
Upgrade-Insecure-Requests:1
",cf83e1357eefb8bdf1542850d66d8007d620e4050b5715dc83f4a921d36ce9ce47d0d13c5d85f2b0ff8318d2877eec2f63b931bd47417a81a538327af927da3e,"Keep-Alive:timeout=5, max=29
Server:Apache/2.4.7 (Ubuntu)
Connection:Keep-Alive
Pragma:no-cache
Date:Mon, 11 May 2026 20:20:15 GMT
Cache-Control:no-store, no-cache, must-revalidate, post-check=0, pre-check=0
Content-Encoding:gzip
Vary:Accept-Encoding
Expires:Thu, 19 Nov 1981 08:52:00 GMT
Content-Length:1283
X-Powered-By:PHP/5.5.9-1ubuntu4.29
Content-Type:text/html
",a3025e943abe59ed36fa2d16399a8c916967dc8289a8b18d177585e1b07cc44a294079098810aa79731f2b36f41fd72bcda2c22a401f5e9cff13edaac3bf5391,200
http://web/pictures/upload.php,GET,"Cookie:PHPSESSID=m9o391rld7ca71c4egotsbtel7
Accept:text/html,application/xhtml+xml,application/xml;q=0.9,image/avif,image/webp,image/apng,*/*;q=0.8,application/signed-exchange;v=b3;q=0.9
User-Agent:Mozilla/5.0 (X11; Linux x86_64) AppleWebKit/537.36 (KHTML, like Gecko) Chrome/85.0.4183.102 Safari/537.36
Referer:http://web/calendar.php?date=1778703713
Upgrade-Insecure-Requests:1
",cf83e1357eefb8bdf1542850d66d8007d620e4050b5715dc83f4a921d36ce9ce47d0d13c5d85f2b0ff8318d2877eec2f63b931bd47417a81a538327af927da3e,"Keep-Alive:timeout=5, max=97
Server:Apache/2.4.7 (Ubuntu)
Connection:Keep-Alive
Pragma:no-cache
Date:Mon, 11 May 2026 20:21:55 GMT
Cache-Control:no-store, no-cache, must-revalidate, post-check=0, pre-check=0
Expires:Thu, 19 Nov 1981 08:52:00 GMT
Content-Length:41
X-Powered-By:PHP/5.5.9-1ubuntu4.29
Location:/users/login.php
Content-Type:text/html
",cf83e1357eefb8bdf1542850d66d8007d620e4050b5715dc83f4a921d36ce9ce47d0d13c5d85f2b0ff8318d2877eec2f63b931bd47417a81a538327af927da3e,303
http://web/,GET,"Cookie:PHPSESSID=m9o391rld7ca71c4egotsbtel7
Accept:text/html,application/xhtml+xml,application/xml;q=0.9,image/avif,image/webp,image/apng,*/*;q=0.8,application/signed-exchange;v=b3;q=0.9
User-Agent:Mozilla/5.0 (X11; Linux x86_64) AppleWebKit/537.36 (KHTML, like Gecko) Chrome/85.0.4183.102 Safari/537.36
Referer:http://web/passcheck.php
Upgrade-Insecure-Requests:1
",cf83e1357eefb8bdf1542850d66d8007d620e4050b5715dc83f4a921d36ce9ce47d0d13c5d85f2b0ff8318d2877eec2f63b931bd47417a81a538327af927da3e,"Keep-Alive:timeout=5, max=64
Server:Apache/2.4.7 (Ubuntu)
Connection:Keep-Alive
Pragma:no-cache
Date:Mon, 11 May 2026 20:19:47 GMT
Cache-Control:no-store, no-cache, must-revalidate, post-check=0, pre-check=0
Content-Encoding:gzip
Vary:Accept-Encoding
Expires:Thu, 19 Nov 1981 08:52:00 GMT
Content-Length:1284
X-Powered-By:PHP/5.5.9-1ubuntu4.29
Content-Type:text/html
",78976e6606e8a7a586d8e5dbec720630ceeb894a021d914bd450b2e4ebed20ac9f6ec7fbef295c8026471796bf96abb7f3e7fd1ec45a3df4312c72ff30a55ea0,200
http://web/calendar.php?date=1778617297,GET,"Cookie:PHPSESSID=m9o391rld7ca71c4egotsbtel7
Accept:text/html,application/xhtml+xml,application/xml;q=0.9,image/avif,image/webp,image/apng,*/*;q=0.8,application/signed-exchange;v=b3;q=0.9
User-Agent:Mozilla/5.0 (X11; Linux x86_64) AppleWebKit/537.36 (KHTML, like Gecko) Chrome/85.0.4183.102 Safari/537.36
Referer:http://web/calendar.php
Upgrade-Insecure-Requests:1
",cf83e1357eefb8bdf1542850d66d8007d620e4050b5715dc83f4a921d36ce9ce47d0d13c5d85f2b0ff8318d2877eec2f63b931bd47417a81a538327af927da3e,"Keep-Alive:timeout=5, max=21
Server:Apache/2.4.7 (Ubuntu)
Connection:Keep-Alive
Pragma:no-cache
Date:Mon, 11 May 2026 20:21:37 GMT
Cache-Control:no-store, no-cache, must-revalidate, post-check=0, pre-check=0
Content-Encoding:gzip
Vary:Accept-Encoding
Expires:Thu, 19 Nov 1981 08:52:00 GMT
Content-Length:943
X-Powered-By:PHP/5.5.9-1ubuntu4.29
Content-Type:text/html
",985eada106bc492436b4a8362acdfcdfa01f3f9c238a0891293ce0600b5b431ffd95f14ca17fea01bb9bec4ee2813dbeba40c774c103a038245d40fbb3252e3d,200
http://web/pictures/upload.php,GET,"Cookie:PHPSESSID=m9o391rld7ca71c4egotsbtel7
Accept:text/html,application/xhtml+xml,application/xml;q=0.9,image/avif,image/webp,image/apng,*/*;q=0.8,application/signed-exchange;v=b3;q=0.9
User-Agent:Mozilla/5.0 (X11; Linux x86_64) AppleWebKit/537.36 (KHTML, like Gecko) Chrome/85.0.4183.102 Safari/537.36
Referer:http://web/calendar.php
Upgrade-Insecure-Requests:1
",cf83e1357eefb8bdf1542850d66d8007d620e4050b5715dc83f4a921d36ce9ce47d0d13c5d85f2b0ff8318d2877eec2f63b931bd47417a81a538327af927da3e,"Keep-Alive:timeout=5, max=13
Server:Apache/2.4.7 (Ubuntu)
Connection:Keep-Alive
Pragma:no-cache
Date:Mon, 11 May 2026 20:20:27 GMT
Cache-Control:no-store, no-cache, must-revalidate, post-check=0, pre-check=0
Expires:Thu, 19 Nov 1981 08:52:00 GMT
Content-Length:41
X-Powered-By:PHP/5.5.9-1ubuntu4.29
Location:/users/login.php
Content-Type:text/html
",cf83e1357eefb8bdf1542850d66d8007d620e4050b5715dc83f4a921d36ce9ce47d0d13c5d85f2b0ff8318d2877eec2f63b931bd47417a81a538327af927da3e,303
http://web/calendar.php?date=1778617294,GET,"Cookie:PHPSESSID=m9o391rld7ca71c4egotsbtel7
Accept:text/html,application/xhtml+xml,application/xml;q=0.9,image/avif,image/webp,image/apng,*/*;q=0.8,application/signed-exchange;v=b3;q=0.9
User-Agent:Mozilla/5.0 (X11; Linux x86_64) AppleWebKit/537.36 (KHTML, like Gecko) Chrome/85.0.4183.102 Safari/537.36
Referer:http://web/calendar.php
Upgrade-Insecure-Requests:1
",cf83e1357eefb8bdf1542850d66d8007d620e4050b5715dc83f4a921d36ce9ce47d0d13c5d85f2b0ff8318d2877eec2f63b931bd47417a81a538327af927da3e,"Keep-Alive:timeout=5, max=25
Server:Apache/2.4.7 (Ubuntu)
Connection:Keep-Alive
Pragma:no-cache
Date:Mon, 11 May 2026 20:21:34 GMT
Cache-Control:no-store, no-cache, must-revalidate, post-check=0, pre-check=0
Content-Encoding:gzip
Vary:Accept-Encoding
Expires:Thu, 19 Nov 1981 08:52:00 GMT
Content-Length:944
X-Powered-By:PHP/5.5.9-1ubuntu4.29
Content-Type:text/html
",42765de2b7b5fcd4cf37b3ea2ea26955fc04b34c2e26a038e89f6a2065b62f000f11e4b3793a30b1892aa7777c7baf32fd3fb4c0541976e967732c1016ca6d4d,200
http://web/guestbook.php,GET,"Cookie:PHPSESSID=m9o391rld7ca71c4egotsbtel7
Accept:text/html,application/xhtml+xml,application/xml;q=0.9,image/avif,image/webp,image/apng,*/*;q=0.8,application/signed-exchange;v=b3;q=0.9
User-Agent:Mozilla/5.0 (X11; Linux x86_64) AppleWebKit/537.36 (KHTML, like Gecko) Chrome/85.0.4183.102 Safari/537.36
Referer:http://web/
Upgrade-Insecure-Requests:1
",cf83e1357eefb8bdf1542850d66d8007d620e4050b5715dc83f4a921d36ce9ce47d0d13c5d85f2b0ff8318d2877eec2f63b931bd47417a81a538327af927da3e,"Keep-Alive:timeout=5, max=82
Server:Apache/2.4.7 (Ubuntu)
Connection:Keep-Alive
Pragma:no-cache
Date:Mon, 11 May 2026 20:19:32 GMT
Cache-Control:no-store, no-cache, must-revalidate, post-check=0, pre-check=0
Content-Encoding:gzip
Vary:Accept-Encoding
Expires:Thu, 19 Nov 1981 08:52:00 GMT
Content-Length:999
X-Powered-By:PHP/5.5.9-1ubuntu4.29
Content-Type:text/html
",3dc5f1f8b1ef573719a6cf8cce527d77d3c617d71799c80b900fa0052fafafbce072b7aa5ff84be3cfbc3bc496e40ed77f22b6135c2c50da92e149b45337065f,200
http://web/calendar.php,GET,"Cookie:PHPSESSID=m9o391rld7ca71c4egotsbtel7
Accept:text/html,application/xhtml+xml,application/xml;q=0.9,image/avif,image/webp,image/apng,*/*;q=0.8,application/signed-exchange;v=b3;q=0.9
User-Agent:Mozilla/5.0 (X11; Linux x86_64) AppleWebKit/537.36 (KHTML, like Gecko) Chrome/85.0.4183.102 Safari/537.36
Referer:http://web/
Upgrade-Insecure-Requests:1
",cf83e1357eefb8bdf1542850d66d8007d620e4050b5715dc83f4a921d36ce9ce47d0d13c5d85f2b0ff8318d2877eec2f63b931bd47417a81a538327af927da3e,"Keep-Alive:timeout=5, max=92
Server:Apache/2.4.7 (Ubuntu)
Connection:Keep-Alive
Pragma:no-cache
Date:Mon, 11 May 2026 20:20:44 GMT
Cache-Control:no-store, no-cache, must-revalidate, post-check=0, pre-check=0
Content-Encoding:gzip
Vary:Accept-Encoding
Expires:Thu, 19 Nov 1981 08:52:00 GMT
Content-Length:943
X-Powered-By:PHP/5.5.9-1ubuntu4.29
Content-Type:text/html
",85b881fb2aa91946c9f0d18c85a057d825140857250a58716a659ca007064ae5ca7ab488418abd9840b02d6c55ed96181b5bf8c7b7c0bb4048ef5d27eab3439a,200
http://web/users/home.php,GET,"Cookie:PHPSESSID=m9o391rld7ca71c4egotsbtel7
Accept:text/html,application/xhtml+xml,application/xml;q=0.9,image/avif,image/webp,image/apng,*/*;q=0.8,application/signed-exchange;v=b3;q=0.9
User-Agent:Mozilla/5.0 (X11; Linux x86_64) AppleWebKit/537.36 (KHTML, like Gecko) Chrome/85.0.4183.102 Safari/537.36
Referer:http://web/users/register.php
Upgrade-Insecure-Requests:1
",cf83e1357eefb8bdf1542850d66d8007d620e4050b5715dc83f4a921d36ce9ce47d0d13c5d85f2b0ff8318d2877eec2f63b931bd47417a81a538327af927da3e,"Keep-Alive:timeout=5, max=83
Server:Apache/2.4.7 (Ubuntu)
Connection:Keep-Alive
Pragma:no-cache
Date:Mon, 11 May 2026 20:18:17 GMT
Cache-Control:no-store, no-cache, must-revalidate, post-check=0, pre-check=0
Expires:Thu, 19 Nov 1981 08:52:00 GMT
Content-Length:41
X-Powered-By:PHP/5.5.9-1ubuntu4.29
Location:/users/login.php
Content-Type:text/html
",cf83e1357eefb8bdf1542850d66d8007d620e4050b5715dc83f4a921d36ce9ce47d0d13c5d85f2b0ff8318d2877eec2f63b931bd47417a81a538327af927da3e,303
http://web/users/register.php,GET,"Cookie:PHPSESSID=m9o391rld7ca71c4egotsbtel7
Accept:text/html,application/xhtml+xml,application/xml;q=0.9,image/avif,image/webp,image/apng,*/*;q=0.8,application/signed-exchange;v=b3;q=0.9
User-Agent:Mozilla/5.0 (X11; Linux x86_64) AppleWebKit/537.36 (KHTML, like Gecko) Chrome/85.0.4183.102 Safari/537.36
Referer:http://web/
Upgrade-Insecure-Requests:1
",cf83e1357eefb8bdf1542850d66d8007d620e4050b5715dc83f4a921d36ce9ce47d0d13c5d85f2b0ff8318d2877eec2f63b931bd47417a81a538327af927da3e,"Keep-Alive:timeout=5, max=69
Server:Apache/2.4.7 (Ubuntu)
Connection:Keep-Alive
Pragma:no-cache
Date:Mon, 11 May 2026 20:19:43 GMT
Cache-Control:no-store, no-cache, must-revalidate, post-check=0, pre-check=0
Content-Encoding:gzip
Vary:Accept-Encoding
Expires:Thu, 19 Nov 1981 08:52:00 GMT
Content-Length:1100
X-Powered-By:PHP/5.5.9-1ubuntu4.29
Content-Type:text/html
",5b40c0f8f9cbc35bb2660855650071611508d46dd1096f34707b728517991137e63796ee587c8d5574f28595f344c0f871dc103c21aa87a92afc0b4605a51429,200
http://web/,GET,"Cookie:PHPSESSID=m9o391rld7ca71c4egotsbtel7
Accept:text/html,application/xhtml+xml,application/xml;q=0.9,image/avif,image/webp,image/apng,*/*;q=0.8,application/signed-exchange;v=b3;q=0.9
User-Agent:Mozilla/5.0 (X11; Linux x86_64) AppleWebKit/537.36 (KHTML, like Gecko) Chrome/85.0.4183.102 Safari/537.36
Upgrade-Insecure-Requests:1
",cf83e1357eefb8bdf1542850d66d8007d620e4050b5715dc83f4a921d36ce9ce47d0d13c5d85f2b0ff8318d2877eec2f63b931bd47417a81a538327af927da3e,"Keep-Alive:timeout=5, max=67
Server:Apache/2.4.7 (Ubuntu)
Connection:Keep-Alive
Pragma:no-cache
Date:Mon, 11 May 2026 20:19:45 GMT
Cache-Control:no-store, no-cache, must-revalidate, post-check=0, pre-check=0
Content-Encoding:gzip
Vary:Accept-Encoding
Expires:Thu, 19 Nov 1981 08:52:00 GMT
Content-Length:1284
X-Powered-By:PHP/5.5.9-1ubuntu4.29
Content-Type:text/html
",ceae81d39211db549c1f0c976c6f669522341368f825394b0ce4537dccf428df4405c45b90b5437be53e0fa3e11a2a96f3041b63e2d7ee2ffece1ec543333133,200
http://web/guestbook.php,GET,"Cookie:PHPSESSID=m9o391rld7ca71c4egotsbtel7
Accept:text/html,application/xhtml+xml,application/xml;q=0.9,image/avif,image/webp,image/apng,*/*;q=0.8,application/signed-exchange;v=b3;q=0.9
User-Agent:Mozilla/5.0 (X11; Linux x86_64) AppleWebKit/537.36 (KHTML, like Gecko) Chrome/85.0.4183.102 Safari/537.36
Referer:http://web/users/sample.php?userid=1
Upgrade-Insecure-Requests:1
",cf83e1357eefb8bdf1542850d66d8007d620e4050b5715dc83f4a921d36ce9ce47d0d13c5d85f2b0ff8318d2877eec2f63b931bd47417a81a538327af927da3e,"Keep-Alive:timeout=5, max=37
Server:Apache/2.4.7 (Ubuntu)
Connection:Keep-Alive
Pragma:no-cache
Date:Mon, 11 May 2026 20:20:09 GMT
Cache-Control:no-store, no-cache, must-revalidate, post-check=0, pre-check=0
Content-Encoding:gzip
Vary:Accept-Encoding
Expires:Thu, 19 Nov 1981 08:52:00 GMT
Content-Length:999
X-Powered-By:PHP/5.5.9-1ubuntu4.29
Content-Type:text/html
",ac93bb5ec55cfaf0c9efcde6063412d8ba6faa8cb265b41851c7add66f1fa40152dea2947ed981c0afba8bd7b200289dba916971a2cc7566ecd1aa5c4c58a68d,200
http://web/tos.php,GET,"Cookie:PHPSESSID=m9o391rld7ca71c4egotsbtel7
Accept:text/html,application/xhtml+xml,application/xml;q=0.9,image/avif,image/webp,image/apng,*/*;q=0.8,application/signed-exchange;v=b3;q=0.9
User-Agent:Mozilla/5.0 (X11; Linux x86_64) AppleWebKit/537.36 (KHTML, like Gecko) Chrome/85.0.4183.102 Safari/537.36
Referer:http://web/calendar.php?date=1778617307
Upgrade-Insecure-Requests:1
",cf83e1357eefb8bdf1542850d66d8007d620e4050b5715dc83f4a921d36ce9ce47d0d13c5d85f2b0ff8318d2877eec2f63b931bd47417a81a538327af927da3e,"Keep-Alive:timeout=5, max=7
Server:Apache/2.4.7 (Ubuntu)
Connection:Keep-Alive
Pragma:no-cache
Date:Mon, 11 May 2026 20:21:48 GMT
Cache-Control:no-store, no-cache, must-revalidate, post-check=0, pre-check=0
Content-Encoding:gzip
Vary:Accept-Encoding
Expires:Thu, 19 Nov 1981 08:52:00 GMT
Content-Length:10228
X-Powered-By:PHP/5.5.9-1ubuntu4.29
Content-Type:text/html
",4380ea388a245fc502ed1e2a994c73a0db61979f769356d8c272c48e3d48bc7a583699a74ad0d1ec28419d28cbcb511271adb80a54227d364c8e7c82e0c71e07,200
http://web/pictures/recent.php,GET,"Cookie:PHPSESSID=m9o391rld7ca71c4egotsbtel7
Accept:text/html,application/xhtml+xml,application/xml;q=0.9,image/avif,image/webp,image/apng,*/*;q=0.8,application/signed-exchange;v=b3;q=0.9
User-Agent:Mozilla/5.0 (X11; Linux x86_64) AppleWebKit/537.36 (KHTML, like Gecko) Chrome/85.0.4183.102 Safari/537.36
Referer:http://web/
Upgrade-Insecure-Requests:1
",cf83e1357eefb8bdf1542850d66d8007d620e4050b5715dc83f4a921d36ce9ce47d0d13c5d85f2b0ff8318d2877eec2f63b931bd47417a81a538327af927da3e,"Keep-Alive:timeout=5, max=37
Server:Apache/2.4.7 (Ubuntu)
Connection:Keep-Alive
Pragma:no-cache
Date:Mon, 11 May 2026 20:18:52 GMT
Cache-Control:no-store, no-cache, must-revalidate, post-check=0, pre-check=0
Content-Encoding:gzip
Vary:Accept-Encoding
Expires:Thu, 19 Nov 1981 08:52:00 GMT
Content-Length:1087
X-Powered-By:PHP/5.5.9-1ubuntu4.29
Content-Type:text/html
",b3b59a9999c9dbf5b2db54a04fbaa766ddeb96db0973803e642cef4e31363195112793e0649d267866df1e6fb35027f1acdb932e38f4986c6ca62a3e3727822f,200
http://web/tos.php,GET,"Cookie:PHPSESSID=m9o391rld7ca71c4egotsbtel7
Accept:text/html,application/xhtml+xml,application/xml;q=0.9,image/avif,image/webp,image/apng,*/*;q=0.8,application/signed-exchange;v=b3;q=0.9
User-Agent:Mozilla/5.0 (X11; Linux x86_64) AppleWebKit/537.36 (KHTML, like Gecko) Chrome/85.0.4183.102 Safari/537.36
Referer:http://web/
Upgrade-Insecure-Requests:1
",cf83e1357eefb8bdf1542850d66d8007d620e4050b5715dc83f4a921d36ce9ce47d0d13c5d85f2b0ff8318d2877eec2f63b931bd47417a81a538327af927da3e,"Keep-Alive:timeout=5, max=85
Server:Apache/2.4.7 (Ubuntu)
Connection:Keep-Alive
Pragma:no-cache
Date:Mon, 11 May 2026 20:20:50 GMT
Cache-Control:no-store, no-cache, must-revalidate, post-check=0, pre-check=0
Content-Encoding:gzip
Vary:Accept-Encoding
Expires:Thu, 19 Nov 1981 08:52:00 GMT
Content-Length:10225
X-Powered-By:PHP/5.5.9-1ubuntu4.29
Content-Type:text/html
",faf632a3af15abe843a4272385a4c9029dbc5127e3ced3e5c77df5193178872fe058cf855781a90300694f5d0d71bd210717e09c1cfbe2d1fba33145f7b5161e,200
http://web/,GET,"Accept:text/html,application/xhtml+xml,application/xml;q=0.9,image/avif,image/webp,image/apng,*/*;q=0.8,application/signed-exchange;v=b3;q=0.9
User-Agent:Mozilla/5.0 (X11; Linux x86_64) AppleWebKit/537.36 (KHTML, like Gecko) Chrome/85.0.4183.102 Safari/537.36
Upgrade-Insecure-Requests:1
",cf83e1357eefb8bdf1542850d66d8007d620e4050b5715dc83f4a921d36ce9ce47d0d13c5d85f2b0ff8318d2877eec2f63b931bd47417a81a538327af927da3e,"Keep-Alive:timeout=5, max=100
Server:Apache/2.4.7 (Ubuntu)
Connection:Keep-Alive
Pragma:no-cache
Date:Mon, 11 May 2026 20:17:49 GMT
Cache-Control:no-store, no-cache, must-revalidate, post-check=0, pre-check=0
Content-Encoding:gzip
Vary:Accept-Encoding
Expires:Thu, 19 Nov 1981 08:52:00 GMT
Content-Length:1284
X-Powered-By:PHP/5.5.9-1ubuntu4.29
Content-Type:text/html
",e4036ac99f3905b263f729b07076bafae9053477cc54b18ed40964e00602d43917bfd335c0b96554496a9c8ddb8fefc2697553c4543bd6ceb80e50e158985427,200
http://web/upload/house/My_House.128_128.jpg,GET,"Cookie:PHPSESSID=m9o391rld7ca71c4egotsbtel7
Accept:image/avif,image/webp,image/apng,image/*,*/*;q=0.8
User-Agent:Mozilla/5.0 (X11; Linux x86_64) AppleWebKit/537.36 (KHTML, like Gecko) Chrome/85.0.4183.102 Safari/537.36
Referer:http://web/pictures/recent.php
",cf83e1357eefb8bdf1542850d66d8007d620e4050b5715dc83f4a921d36ce9ce47d0d13c5d85f2b0ff8318d2877eec2f63b931bd47417a81a538327af927da3e,"Keep-Alive:timeout=5, max=82
Server:Apache/2.4.7 (Ubuntu)
Connection:Keep-Alive
Last-Modified:Thu, 02 Feb 2017 22:24:09 GMT
Date:Mon, 11 May 2026 20:18:01 GMT
Accept-Ranges:bytes
ETag:""359b-547939fb8b440""
Content-Length:13723
Content-Type:image/jpeg
",8c4f3e706b9e8b7f56594f846de689869eda70bf37f962ef75d26f1490ef415896dc9f7a3a8e5b263ccc541d9cd895f8851a47300c6d8ce6b7def2d21eb2bcde,200
http://web/,GET,"Cookie:PHPSESSID=m9o391rld7ca71c4egotsbtel7
Accept:text/html,application/xhtml+xml,application/xml;q=0.9,image/avif,image/webp,image/apng,*/*;q=0.8,application/signed-exchange;v=b3;q=0.9
User-Agent:Mozilla/5.0 (X11; Linux x86_64) AppleWebKit/537.36 (KHTML, like Gecko) Chrome/85.0.4183.102 Safari/537.36
Upgrade-Insecure-Requests:1
",cf83e1357eefb8bdf1542850d66d8007d620e4050b5715dc83f4a921d36ce9ce47d0d13c5d85f2b0ff8318d2877eec2f63b931bd47417a81a538327af927da3e,"Keep-Alive:timeout=5, max=7
Server:Apache/2.4.7 (Ubuntu)
Connection:Keep-Alive
Pragma:no-cache
Date:Mon, 11 May 2026 20:19:11 GMT
Cache-Control:no-store, no-cache, must-revalidate, post-check=0, pre-check=0
Content-Encoding:gzip
Vary:Accept-Encoding
Expires:Thu, 19 Nov 1981 08:52:00 GMT
Content-Length:1284
X-Powered-By:PHP/5.5.9-1ubuntu4.29
Content-Type:text/html
",076e6f8899322a928ab9745a1e823bb7c0895808d262db6865728e6f882a613cb54c219248cf291ba61a7102cd00774356f516ee47a8aa2b1ec5eafe82b5cdc6,200
http://web/css/blueprint/screen.css,GET,"Cookie:PHPSESSID=m9o391rld7ca71c4egotsbtel7
Accept:text/css,*/*;q=0.1
User-Agent:Mozilla/5.0 (X11; Linux x86_64) AppleWebKit/537.36 (KHTML, like Gecko) Chrome/85.0.4183.102 Safari/537.36
Referer:http://web/guestbook.php
",cf83e1357eefb8bdf1542850d66d8007d620e4050b5715dc83f4a921d36ce9ce47d0d13c5d85f2b0ff8318d2877eec2f63b931bd47417a81a538327af927da3e,"Server:Apache/2.4.7 (Ubuntu)
Last-Modified:Thu, 02 Feb 2017 22:24:09 GMT
Date:Mon, 11 May 2026 20:17:50 GMT
Accept-Ranges:bytes
ETag:""24c7-547939fb8b440-gzip""
Content-Encoding:gzip
Vary:Accept-Encoding
Content-Length:2682
Content-Type:text/css
",c0995dbb8c323ef465d8cc5d7b640b1a5435beb529b0c6e55594b1c0f3db66e859d23f70cfe8d93285234e722d677fca7c8887bee81a636881b2f91f221f976e,200
http://web/pictures/view.php?picid=10,GET,"Cookie:PHPSESSID=m9o391rld7ca71c4egotsbtel7
Accept:text/html,application/xhtml+xml,application/xml;q=0.9,image/avif,image/webp,image/apng,*/*;q=0.8,application/signed-exchange;v=b3;q=0.9
User-Agent:Mozilla/5.0 (X11; Linux x86_64) AppleWebKit/537.36 (KHTML, like Gecko) Chrome/85.0.4183.102 Safari/537.36
Referer:http://web/pictures/recent.php
Upgrade-Insecure-Requests:1
",cf83e1357eefb8bdf1542850d66d8007d620e4050b5715dc83f4a921d36ce9ce47d0d13c5d85f2b0ff8318d2877eec2f63b931bd47417a81a538327af927da3e,"Keep-Alive:timeout=5, max=24
Server:Apache/2.4.7 (Ubuntu)
Connection:Keep-Alive
Pragma:no-cache
Date:Mon, 11 May 2026 20:19:00 GMT
Cache-Control:no-store, no-cache, must-revalidate, post-check=0, pre-check=0
Expires:Thu, 19 Nov 1981 08:52:00 GMT
Content-Length:41
X-Powered-By:PHP/5.5.9-1ubuntu4.29
Location:/users/login.php
Content-Type:text/html
",cf83e1357eefb8bdf1542850d66d8007d620e4050b5715dc83f4a921d36ce9ce47d0d13c5d85f2b0ff8318d2877eec2f63b931bd47417a81a538327af927da3e,303
http://web/users/home.php,GET,"Cookie:PHPSESSID=m9o391rld7ca71c4egotsbtel7
Accept:text/html,application/xhtml+xml,application/xml;q=0.9,image/avif,image/webp,image/apng,*/*;q=0.8,application/signed-exchange;v=b3;q=0.9
User-Agent:Mozilla/5.0 (X11; Linux x86_64) AppleWebKit/537.36 (KHTML, like Gecko) Chrome/85.0.4183.102 Safari/537.36
Referer:http://web/
Upgrade-Insecure-Requests:1
",cf83e1357eefb8bdf1542850d66d8007d620e4050b5715dc83f4a921d36ce9ce47d0d13c5d85f2b0ff8318d2877eec2f63b931bd47417a81a538327af927da3e,"Keep-Alive:timeout=5, max=93
Server:Apache/2.4.7 (Ubuntu)
Connection:Keep-Alive
Pragma:no-cache
Date:Mon, 11 May 2026 20:17:55 GMT
Cache-Control:no-store, no-cache, must-revalidate, post-check=0, pre-check=0
Expires:Thu, 19 Nov 1981 08:52:00 GMT
Content-Length:41
X-Powered-By:PHP/5.5.9-1ubuntu4.29
Location:/users/login.php
Content-Type:text/html
",cf83e1357eefb8bdf1542850d66d8007d620e4050b5715dc83f4a921d36ce9ce47d0d13c5d85f2b0ff8318d2877eec2f63b931bd47417a81a538327af927da3e,303
http://web/,GET,"Cookie:PHPSESSID=m9o391rld7ca71c4egotsbtel7
Accept:text/html,application/xhtml+xml,application/xml;q=0.9,image/avif,image/webp,image/apng,*/*;q=0.8,application/signed-exchange;v=b3;q=0.9
User-Agent:Mozilla/5.0 (X11; Linux x86_64) AppleWebKit/537.36 (KHTML, like Gecko) Chrome/85.0.4183.102 Safari/537.36
Upgrade-Insecure-Requests:1
",cf83e1357eefb8bdf1542850d66d8007d620e4050b5715dc83f4a921d36ce9ce47d0d13c5d85f2b0ff8318d2877eec2f63b931bd47417a81a538327af927da3e,"Keep-Alive:timeout=5, max=23
Server:Apache/2.4.7 (Ubuntu)
Connection:Keep-Alive
Pragma:no-cache
Date:Mon, 11 May 2026 20:21:36 GMT
Cache-Control:no-store, no-cache, must-revalidate, post-check=0, pre-check=0
Content-Encoding:gzip
Vary:Accept-Encoding
Expires:Thu, 19 Nov 1981 08:52:00 GMT
Content-Length:1284
X-Powered-By:PHP/5.5.9-1ubuntu4.29
Content-Type:text/html
",6ba189329f04d4088e061f190b8cba4ded38bea5618ed3cd385c296cc4acf9ab823508919d9f84ec9f0e8d62e5ab08275aa0632d7bd38cfe1edea6c8b1a4678f,200
http://web/,GET,"Cookie:PHPSESSID=m9o391rld7ca71c4egotsbtel7
Accept:text/html,application/xhtml+xml,application/xml;q=0.9,image/avif,image/webp,image/apng,*/*;q=0.8,application/signed-exchange;v=b3;q=0.9
User-Agent:Mozilla/5.0 (X11; Linux x86_64) AppleWebKit/537.36 (KHTML, like Gecko) Chrome/85.0.4183.102 Safari/537.36
Referer:http://web/pictures/recent.php
Upgrade-Insecure-Requests:1
",cf83e1357eefb8bdf1542850d66d8007d620e4050b5715dc83f4a921d36ce9ce47d0d13c5d85f2b0ff8318d2877eec2f63b931bd47417a81a538327af927da3e,"Keep-Alive:timeout=5, max=98
Server:Apache/2.4.7 (Ubuntu)
Connection:Keep-Alive
Pragma:no-cache
Date:Mon, 11 May 2026 20:18:02 GMT
Cache-Control:no-store, no-cache, must-revalidate, post-check=0, pre-check=0
Content-Encoding:gzip
Vary:Accept-Encoding
Expires:Thu, 19 Nov 1981 08:52:00 GMT
Content-Length:1284
X-Powered-By:PHP/5.5.9-1ubuntu4.29
Content-Type:text/html
",ecac55ba351f96c2366369417e6ef5e89665100d74573f4d6a2f4ed6f0dd6e186de203804cdd6e299dfd2cbe3ad04fa1be20337186e7e91ce111034b2ee79fe1,200
http://web/images/search_button_white.gif,GET,"Cookie:PHPSESSID=m9o391rld7ca71c4egotsbtel7
Accept:image/avif,image/webp,image/apng,image/*,*/*;q=0.8
User-Agent:Mozilla/5.0 (X11; Linux x86_64) AppleWebKit/537.36 (KHTML, like Gecko) Chrome/85.0.4183.102 Safari/537.36
Referer:http://web/
",cf83e1357eefb8bdf1542850d66d8007d620e4050b5715dc83f4a921d36ce9ce47d0d13c5d85f2b0ff8318d2877eec2f63b931bd47417a81a538327af927da3e,"Server:Apache/2.4.7 (Ubuntu)
Last-Modified:Thu, 02 Feb 2017 22:24:09 GMT
Date:Mon, 11 May 2026 20:17:50 GMT
Accept-Ranges:bytes
ETag:""1fc-547939fb8b440""
Content-Length:508
Content-Type:image/gif
",c3542cdf07970477cd82086f3e0968a355533cde628c45a2018ac340357b7d2ee35b6e4bf7915290f24a679250722d300985f0ea7b2482b30ac4f8447b2f35c8,200
http://web/guestbook.php,GET,"Cookie:PHPSESSID=m9o391rld7ca71c4egotsbtel7
Accept:text/html,application/xhtml+xml,application/xml;q=0.9,image/avif,image/webp,image/apng,*/*;q=0.8,application/signed-exchange;v=b3;q=0.9
User-Agent:Mozilla/5.0 (X11; Linux x86_64) AppleWebKit/537.36 (KHTML, like Gecko) Chrome/85.0.4183.102 Safari/537.36
Referer:http://web/users/login.php
Upgrade-Insecure-Requests:1
",cf83e1357eefb8bdf1542850d66d8007d620e4050b5715dc83f4a921d36ce9ce47d0d13c5d85f2b0ff8318d2877eec2f63b931bd47417a81a538327af927da3e,"Keep-Alive:timeout=5, max=94
Server:Apache/2.4.7 (Ubuntu)
Connection:Keep-Alive
Pragma:no-cache
Date:Mon, 11 May 2026 20:18:05 GMT
Cache-Control:no-store, no-cache, must-revalidate, post-check=0, pre-check=0
Content-Encoding:gzip
Vary:Accept-Encoding
Expires:Thu, 19 Nov 1981 08:52:00 GMT
Content-Length:999
X-Powered-By:PHP/5.5.9-1ubuntu4.29
Content-Type:text/html
",1d4ec7982d72f2b4607e3ca78181712ed5b03346ae22c150887d3773f322f33fccd5b2ebc56ea3c63c1857070f317a36f3dc59d4fed356c74df8374d00bd3ea6,200
http://web/,GET,"Cookie:PHPSESSID=m9o391rld7ca71c4egotsbtel7
Accept:text/html,application/xhtml+xml,application/xml;q=0.9,image/avif,image/webp,image/apng,*/*;q=0.8,application/signed-exchange;v=b3;q=0.9
User-Agent:Mozilla/5.0 (X11; Linux x86_64) AppleWebKit/537.36 (KHTML, like Gecko) Chrome/85.0.4183.102 Safari/537.36
Upgrade-Insecure-Requests:1
",cf83e1357eefb8bdf1542850d66d8007d620e4050b5715dc83f4a921d36ce9ce47d0d13c5d85f2b0ff8318d2877eec2f63b931bd47417a81a538327af927da3e,"Server:Apache/2.4.7 (Ubuntu)
Connection:close
Pragma:no-cache
Date:Mon, 11 May 2026 20:21:52 GMT
Cache-Control:no-store, no-cache, must-revalidate, post-check=0, pre-check=0
Content-Encoding:gzip
Vary:Accept-Encoding
Expires:Thu, 19 Nov 1981 08:52:00 GMT
Content-Length:1284
X-Powered-By:PHP/5.5.9-1ubuntu4.29
Content-Type:text/html
",b5163b438c309929791cd41d8297df36ea0fa19726faf0b0413da8213ba283aee0070c6f3342adfc82be3f09590c36b5b24b9b74bc8a915248c9391f8c5cfd74,200
http://web/users/login.php,GET,"Cookie:PHPSESSID=m9o391rld7ca71c4egotsbtel7
Accept:text/html,application/xhtml+xml,application/xml;q=0.9,image/avif,image/webp,image/apng,*/*;q=0.8,application/signed-exchange;v=b3;q=0.9
User-Agent:Mozilla/5.0 (X11; Linux x86_64) AppleWebKit/537.36 (KHTML, like Gecko) Chrome/85.0.4183.102 Safari/537.36
Referer:http://web/users/register.php
Upgrade-Insecure-Requests:1
",cf83e1357eefb8bdf1542850d66d8007d620e4050b5715dc83f4a921d36ce9ce47d0d13c5d85f2b0ff8318d2877eec2f63b931bd47417a81a538327af927da3e,"Keep-Alive:timeout=5, max=68
Server:Apache/2.4.7 (Ubuntu)
Connection:Keep-Alive
Pragma:no-cache
Date:Mon, 11 May 2026 20:19:44 GMT
Cache-Control:no-store, no-cache, must-revalidate, post-check=0, pre-check=0
Content-Encoding:gzip
Vary:Accept-Encoding
Expires:Thu, 19 Nov 1981 08:52:00 GMT
Content-Length:975
X-Powered-By:PHP/5.5.9-1ubuntu4.29
Content-Type:text/html
",e7acae5ea076bcce5830e15265eba97696e4e81b9512a4e6050ca77f7c36260744d1e1f87207a5a6208045334633d70e5f14601f8dbb2d368655ec77de6d33f6,200
http://web/calendar.php?date=1778703697,GET,"Cookie:PHPSESSID=m9o391rld7ca71c4egotsbtel7
Accept:text/html,application/xhtml+xml,application/xml;q=0.9,image/avif,image/webp,image/apng,*/*;q=0.8,application/signed-exchange;v=b3;q=0.9
User-Agent:Mozilla/5.0 (X11; Linux x86_64) AppleWebKit/537.36 (KHTML, like Gecko) Chrome/85.0.4183.102 Safari/537.36
Referer:http://web/calendar.php?date=1778617297
Upgrade-Insecure-Requests:1
",cf83e1357eefb8bdf1542850d66d8007d620e4050b5715dc83f4a921d36ce9ce47d0d13c5d85f2b0ff8318d2877eec2f63b931bd47417a81a538327af927da3e,"Keep-Alive:timeout=5, max=20
Server:Apache/2.4.7 (Ubuntu)
Connection:Keep-Alive
Pragma:no-cache
Date:Mon, 11 May 2026 20:21:38 GMT
Cache-Control:no-store, no-cache, must-revalidate, post-check=0, pre-check=0
Content-Encoding:gzip
Vary:Accept-Encoding
Expires:Thu, 19 Nov 1981 08:52:00 GMT
Content-Length:946
X-Powered-By:PHP/5.5.9-1ubuntu4.29
Content-Type:text/html
",65247fcc7f3e663d3e07ff15838611d9fe97e1cc8484be160df5066b4319e83d5997b4fc394320318627e7b631c58d34e01fbefa625604e5930c27c42caa526d,200
http://web/upload/flowers/flowers.128_128.jpg,GET,"Cookie:PHPSESSID=m9o391rld7ca71c4egotsbtel7
Accept:image/avif,image/webp,image/apng,image/*,*/*;q=0.8
User-Agent:Mozilla/5.0 (X11; Linux x86_64) AppleWebKit/537.36 (KHTML, like Gecko) Chrome/85.0.4183.102 Safari/537.36
Referer:http://web/pictures/recent.php
",cf83e1357eefb8bdf1542850d66d8007d620e4050b5715dc83f4a921d36ce9ce47d0d13c5d85f2b0ff8318d2877eec2f63b931bd47417a81a538327af927da3e,"Server:Apache/2.4.7 (Ubuntu)
Last-Modified:Thu, 02 Feb 2017 22:24:09 GMT
Date:Mon, 11 May 2026 20:18:01 GMT
Accept-Ranges:bytes
ETag:""3c3d-547939fb8b440""
Content-Length:15421
Content-Type:image/jpeg
",3582ed1354c33d3f042461e0f766e5a7dcffac105b0b153a6c31ce83abf5b5914714203850b1066d6a97bf901925ce573d549ebdc47272138324ba8f2dbb00d7,200
http://web/calendar.php,GET,"Cookie:PHPSESSID=m9o391rld7ca71c4egotsbtel7
Accept:text/html,application/xhtml+xml,application/xml;q=0.9,image/avif,image/webp,image/apng,*/*;q=0.8,application/signed-exchange;v=b3;q=0.9
User-Agent:Mozilla/5.0 (X11; Linux x86_64) AppleWebKit/537.36 (KHTML, like Gecko) Chrome/85.0.4183.102 Safari/537.36
Referer:http://web/
Upgrade-Insecure-Requests:1
",cf83e1357eefb8bdf1542850d66d8007d620e4050b5715dc83f4a921d36ce9ce47d0d13c5d85f2b0ff8318d2877eec2f63b931bd47417a81a538327af927da3e,"Keep-Alive:timeout=5, max=1
Server:Apache/2.4.7 (Ubuntu)
Connection:Keep-Alive
Pragma:no-cache
Date:Mon, 11 May 2026 20:20:36 GMT
Cache-Control:no-store, no-cache, must-revalidate, post-check=0, pre-check=0
Content-Encoding:gzip
Vary:Accept-Encoding
Expires:Thu, 19 Nov 1981 08:52:00 GMT
Content-Length:943
X-Powered-By:PHP/5.5.9-1ubuntu4.29
Content-Type:text/html
",d2398edb10ac3035108855900a28b941d040c6a809ab8baf9cd5b6755db04fb4960512542ee1c9928ea3675d5e585a8fcd68080a26d4199362ea62a0a8700371,200
http://web/,GET,"Cookie:PHPSESSID=m9o391rld7ca71c4egotsbtel7
Accept:text/html,application/xhtml+xml,application/xml;q=0.9,image/avif,image/webp,image/apng,*/*;q=0.8,application/signed-exchange;v=b3;q=0.9
User-Agent:Mozilla/5.0 (X11; Linux x86_64) AppleWebKit/537.36 (KHTML, like Gecko) Chrome/85.0.4183.102 Safari/537.36
Upgrade-Insecure-Requests:1
",cf83e1357eefb8bdf1542850d66d8007d620e4050b5715dc83f4a921d36ce9ce47d0d13c5d85f2b0ff8318d2877eec2f63b931bd47417a81a538327af927da3e,"Keep-Alive:timeout=5, max=64
Server:Apache/2.4.7 (Ubuntu)
Connection:Keep-Alive
Pragma:no-cache
Date:Mon, 11 May 2026 20:22:19 GMT
Cache-Control:no-store, no-cache, must-revalidate, post-check=0, pre-check=0
Content-Encoding:gzip
Vary:Accept-Encoding
Expires:Thu, 19 Nov 1981 08:52:00 GMT
Content-Length:1284
X-Powered-By:PHP/5.5.9-1ubuntu4.29
Content-Type:text/html
",82c9c6e4609ad9e0b345d155352acd1b8e1d11e7c072d44d71049bd1fb35ed0cb6761afce34a765af2cf358294b2bf4535bc60bac0531c2cd473150969dad5ba,200
http://web/,GET,"Cookie:PHPSESSID=m9o391rld7ca71c4egotsbtel7
Accept:text/html,application/xhtml+xml,application/xml;q=0.9,image/avif,image/webp,image/apng,*/*;q=0.8,application/signed-exchange;v=b3;q=0.9
User-Agent:Mozilla/5.0 (X11; Linux x86_64) AppleWebKit/537.36 (KHTML, like Gecko) Chrome/85.0.4183.102 Safari/537.36
Referer:http://web/users/login.php
Upgrade-Insecure-Requests:1
",cf83e1357eefb8bdf1542850d66d8007d620e4050b5715dc83f4a921d36ce9ce47d0d13c5d85f2b0ff8318d2877eec2f63b931bd47417a81a538327af927da3e,"Keep-Alive:timeout=5, max=85
Server:Apache/2.4.7 (Ubuntu)
Connection:Keep-Alive
Pragma:no-cache
Date:Mon, 11 May 2026 20:18:14 GMT
Cache-Control:no-store, no-cache, must-revalidate, post-check=0, pre-check=0
Content-Encoding:gzip
Vary:Accept-Encoding
Expires:Thu, 19 Nov 1981 08:52:00 GMT
Content-Length:1284
X-Powered-By:PHP/5.5.9-1ubuntu4.29
Content-Type:text/html
",29800e1c61b1338fedea7e785fa09e05fc13ca4d63352317bc85fe05d8001ee7436f646080dcce616afebb8c44cd461f1205b109c0074c53de2366e3bfb92b37,200
http://web/,GET,"Cookie:PHPSESSID=m9o391rld7ca71c4egotsbtel7
Accept:text/html,application/xhtml+xml,application/xml;q=0.9,image/avif,image/webp,image/apng,*/*;q=0.8,application/signed-exchange;v=b3;q=0.9
User-Agent:Mozilla/5.0 (X11; Linux x86_64) AppleWebKit/537.36 (KHTML, like Gecko) Chrome/85.0.4183.102 Safari/537.36
Upgrade-Insecure-Requests:1
",cf83e1357eefb8bdf1542850d66d8007d620e4050b5715dc83f4a921d36ce9ce47d0d13c5d85f2b0ff8318d2877eec2f63b931bd47417a81a538327af927da3e,"Keep-Alive:timeout=5, max=63
Server:Apache/2.4.7 (Ubuntu)
Connection:Keep-Alive
Pragma:no-cache
Date:Mon, 11 May 2026 20:19:48 GMT
Cache-Control:no-store, no-cache, must-revalidate, post-check=0, pre-check=0
Content-Encoding:gzip
Vary:Accept-Encoding
Expires:Thu, 19 Nov 1981 08:52:00 GMT
Content-Length:1283
X-Powered-By:PHP/5.5.9-1ubuntu4.29
Content-Type:text/html
",c3a8b5aff1c0c7257072ba41769fad51a3021b7de19a3e2c9df8c45e6fd95252f061acc653d3399d6ec1a6434004e7363c4d98a77cbdaacf2e53c7fe3a7abe96,200
http://web/users/login.php,GET,"Cookie:PHPSESSID=m9o391rld7ca71c4egotsbtel7
Accept:text/html,application/xhtml+xml,application/xml;q=0.9,image/avif,image/webp,image/apng,*/*;q=0.8,application/signed-exchange;v=b3;q=0.9
User-Agent:Mozilla/5.0 (X11; Linux x86_64) AppleWebKit/537.36 (KHTML, like Gecko) Chrome/85.0.4183.102 Safari/537.36
Referer:http://web/calendar.php?date=1778790144
Upgrade-Insecure-Requests:1
",cf83e1357eefb8bdf1542850d66d8007d620e4050b5715dc83f4a921d36ce9ce47d0d13c5d85f2b0ff8318d2877eec2f63b931bd47417a81a538327af927da3e,"Keep-Alive:timeout=5, max=53
Server:Apache/2.4.7 (Ubuntu)
Connection:Keep-Alive
Pragma:no-cache
Date:Mon, 11 May 2026 20:22:26 GMT
Cache-Control:no-store, no-cache, must-revalidate, post-check=0, pre-check=0
Content-Encoding:gzip
Vary:Accept-Encoding
Expires:Thu, 19 Nov 1981 08:52:00 GMT
Content-Length:977
X-Powered-By:PHP/5.5.9-1ubuntu4.29
Content-Type:text/html
",1be1d0bcf3011029d82a7dd598b9935573104684f8c58f41deb4c3629b177a0acb2c0f50eb6c318a427ccf88888708e1ba0fa49d0dd97e048babc29ff64b4405,200
http://web/pictures/upload.php,GET,"Cookie:PHPSESSID=m9o391rld7ca71c4egotsbtel7
Accept:text/html,application/xhtml+xml,application/xml;q=0.9,image/avif,image/webp,image/apng,*/*;q=0.8,application/signed-exchange;v=b3;q=0.9
User-Agent:Mozilla/5.0 (X11; Linux x86_64) AppleWebKit/537.36 (KHTML, like Gecko) Chrome/85.0.4183.102 Safari/537.36
Referer:http://web/guestbook.php
Upgrade-Insecure-Requests:1
",cf83e1357eefb8bdf1542850d66d8007d620e4050b5715dc83f4a921d36ce9ce47d0d13c5d85f2b0ff8318d2877eec2f63b931bd47417a81a538327af927da3e,"Keep-Alive:timeout=5, max=51
Server:Apache/2.4.7 (Ubuntu)
Connection:Keep-Alive
Pragma:no-cache
Date:Mon, 11 May 2026 20:18:42 GMT
Cache-Control:no-store, no-cache, must-revalidate, post-check=0, pre-check=0
Expires:Thu, 19 Nov 1981 08:52:00 GMT
Content-Length:41
X-Powered-By:PHP/5.5.9-1ubuntu4.29
Location:/users/login.php
Content-Type:text/html
",cf83e1357eefb8bdf1542850d66d8007d620e4050b5715dc83f4a921d36ce9ce47d0d13c5d85f2b0ff8318d2877eec2f63b931bd47417a81a538327af927da3e,303
http://web/,GET,"Cookie:PHPSESSID=m9o391rld7ca71c4egotsbtel7
Accept:text/html,application/xhtml+xml,application/xml;q=0.9,image/avif,image/webp,image/apng,*/*;q=0.8,application/signed-exchange;v=b3;q=0.9
User-Agent:Mozilla/5.0 (X11; Linux x86_64) AppleWebKit/537.36 (KHTML, like Gecko) Chrome/85.0.4183.102 Safari/537.36
Upgrade-Insecure-Requests:1
",cf83e1357eefb8bdf1542850d66d8007d620e4050b5715dc83f4a921d36ce9ce47d0d13c5d85f2b0ff8318d2877eec2f63b931bd47417a81a538327af927da3e,"Keep-Alive:timeout=5, max=90
Server:Apache/2.4.7 (Ubuntu)
Connection:Keep-Alive
Pragma:no-cache
Date:Mon, 11 May 2026 20:22:00 GMT
Cache-Control:no-store, no-cache, must-revalidate, post-check=0, pre-check=0
Content-Encoding:gzip
Vary:Accept-Encoding
Expires:Thu, 19 Nov 1981 08:52:00 GMT
Content-Length:1284
X-Powered-By:PHP/5.5.9-1ubuntu4.29
Content-Type:text/html
",d061ea68b8cb50f352520bfb05fc562582701ba5aaea4ed19c74e54b5fd2e25b66f32a4a2918b1273fcf854c332a36e3f554dcf899dbe18fbae3b4f0c6ff39ed,200
http://web/calendar.php?date=1778617281,GET,"Cookie:PHPSESSID=m9o391rld7ca71c4egotsbtel7
Accept:text/html,application/xhtml+xml,application/xml;q=0.9,image/avif,image/webp,image/apng,*/*;q=0.8,application/signed-exchange;v=b3;q=0.9
User-Agent:Mozilla/5.0 (X11; Linux x86_64) AppleWebKit/537.36 (KHTML, like Gecko) Chrome/85.0.4183.102 Safari/537.36
Referer:http://web/calendar.php
Upgrade-Insecure-Requests:1
",cf83e1357eefb8bdf1542850d66d8007d620e4050b5715dc83f4a921d36ce9ce47d0d13c5d85f2b0ff8318d2877eec2f63b931bd47417a81a538327af927da3e,"Keep-Alive:timeout=5, max=43
Server:Apache/2.4.7 (Ubuntu)
Connection:Keep-Alive
Pragma:no-cache
Date:Mon, 11 May 2026 20:21:22 GMT
Cache-Control:no-store, no-cache, must-revalidate, post-check=0, pre-check=0
Content-Encoding:gzip
Vary:Accept-Encoding
Expires:Thu, 19 Nov 1981 08:52:00 GMT
Content-Length:944
X-Powered-By:PHP/5.5.9-1ubuntu4.29
Content-Type:text/html
",d131d4a945833849e1a8447bb922114c93c14d98461a3a091d248ac002d8bca27fdca2be66c808d8d66e8b9797bd29c599656dbcae59d1c5b4f88ad4e4dd5688,200
http://web/users/home.php,GET,"Cookie:PHPSESSID=m9o391rld7ca71c4egotsbtel7
Accept:text/html,application/xhtml+xml,application/xml;q=0.9,image/avif,image/webp,image/apng,*/*;q=0.8,application/signed-exchange;v=b3;q=0.9
User-Agent:Mozilla/5.0 (X11; Linux x86_64) AppleWebKit/537.36 (KHTML, like Gecko) Chrome/85.0.4183.102 Safari/537.36
Referer:http://web/guestbook.php
Upgrade-Insecure-Requests:1
",cf83e1357eefb8bdf1542850d66d8007d620e4050b5715dc83f4a921d36ce9ce47d0d13c5d85f2b0ff8318d2877eec2f63b931bd47417a81a538327af927da3e,"Keep-Alive:timeout=5, max=91
Server:Apache/2.4.7 (Ubuntu)
Connection:Keep-Alive
Pragma:no-cache
Date:Mon, 11 May 2026 20:18:09 GMT
Cache-Control:no-store, no-cache, must-revalidate, post-check=0, pre-check=0
Expires:Thu, 19 Nov 1981 08:52:00 GMT
Content-Length:41
X-Powered-By:PHP/5.5.9-1ubuntu4.29
Location:/users/login.php
Content-Type:text/html
",cf83e1357eefb8bdf1542850d66d8007d620e4050b5715dc83f4a921d36ce9ce47d0d13c5d85f2b0ff8318d2877eec2f63b931bd47417a81a538327af927da3e,303
http://web/pictures/recent.php,GET,"Cookie:PHPSESSID=m9o391rld7ca71c4egotsbtel7
Accept:text/html,application/xhtml+xml,application/xml;q=0.9,image/avif,image/webp,image/apng,*/*;q=0.8,application/signed-exchange;v=b3;q=0.9
User-Agent:Mozilla/5.0 (X11; Linux x86_64) AppleWebKit/537.36 (KHTML, like Gecko) Chrome/85.0.4183.102 Safari/537.36
Referer:http://web/
Upgrade-Insecure-Requests:1
",cf83e1357eefb8bdf1542850d66d8007d620e4050b5715dc83f4a921d36ce9ce47d0d13c5d85f2b0ff8318d2877eec2f63b931bd47417a81a538327af927da3e,"Keep-Alive:timeout=5, max=21
Server:Apache/2.4.7 (Ubuntu)
Connection:Keep-Alive
Pragma:no-cache
Date:Mon, 11 May 2026 20:19:02 GMT
Cache-Control:no-store, no-cache, must-revalidate, post-check=0, pre-check=0
Content-Encoding:gzip
Vary:Accept-Encoding
Expires:Thu, 19 Nov 1981 08:52:00 GMT
Content-Length:1089
X-Powered-By:PHP/5.5.9-1ubuntu4.29
Content-Type:text/html
",1f4ed37c92271cd08d02326f6925d43be2378713c13ee9d00d3ba982ed747eb6ce299bb97757a54be6e62f7c749479cecc2280f68f9306ca1d9ccd8bacf09ee0,200
http://web/,GET,"Cookie:PHPSESSID=m9o391rld7ca71c4egotsbtel7
Accept:text/html,application/xhtml+xml,application/xml;q=0.9,image/avif,image/webp,image/apng,*/*;q=0.8,application/signed-exchange;v=b3;q=0.9
User-Agent:Mozilla/5.0 (X11; Linux x86_64) AppleWebKit/537.36 (KHTML, like Gecko) Chrome/85.0.4183.102 Safari/537.36
Upgrade-Insecure-Requests:1
",cf83e1357eefb8bdf1542850d66d8007d620e4050b5715dc83f4a921d36ce9ce47d0d13c5d85f2b0ff8318d2877eec2f63b931bd47417a81a538327af927da3e,"Keep-Alive:timeout=5, max=8
Server:Apache/2.4.7 (Ubuntu)
Connection:Keep-Alive
Pragma:no-cache
Date:Mon, 11 May 2026 20:20:30 GMT
Cache-Control:no-store, no-cache, must-revalidate, post-check=0, pre-check=0
Content-Encoding:gzip
Vary:Accept-Encoding
Expires:Thu, 19 Nov 1981 08:52:00 GMT
Content-Length:1283
X-Powered-By:PHP/5.5.9-1ubuntu4.29
Content-Type:text/html
",6e48e5e4ce941db8f2659281367814b684569be7a97ddb324363c72b6518a3427bdc5a41772d349a746f453653eedee732ab2e421f21a8fe858a0e76b3b482bf,200
http://web/users/login.php,GET,"Cookie:PHPSESSID=m9o391rld7ca71c4egotsbtel7
Accept:text/html,application/xhtml+xml,application/xml;q=0.9,image/avif,image/webp,image/apng,*/*;q=0.8,application/signed-exchange;v=b3;q=0.9
User-Agent:Mozilla/5.0 (X11; Linux x86_64) AppleWebKit/537.36 (KHTML, like Gecko) Chrome/85.0.4183.102 Safari/537.36
Referer:http://web/tos.php
Upgrade-Insecure-Requests:1
",cf83e1357eefb8bdf1542850d66d8007d620e4050b5715dc83f4a921d36ce9ce47d0d13c5d85f2b0ff8318d2877eec2f63b931bd47417a81a538327af927da3e,"Keep-Alive:timeout=5, max=20
Server:Apache/2.4.7 (Ubuntu)
Connection:Keep-Alive
Pragma:no-cache
Date:Mon, 11 May 2026 20:20:22 GMT
Cache-Control:no-store, no-cache, must-revalidate, post-check=0, pre-check=0
Content-Encoding:gzip
Vary:Accept-Encoding
Expires:Thu, 19 Nov 1981 08:52:00 GMT
Content-Length:976
X-Powered-By:PHP/5.5.9-1ubuntu4.29
Content-Type:text/html
",fbf0a362239ad410dc3f9e2dcf628205bb32c13eb36d75c398202f7a24a38cae50579651dbd92d04cbb777e96a8f632e3207e383621ddd9f8a0a2db19f528ba8,200
http://web/users/login.php,GET,"Cookie:PHPSESSID=m9o391rld7ca71c4egotsbtel7
Accept:text/html,application/xhtml+xml,application/xml;q=0.9,image/avif,image/webp,image/apng,*/*;q=0.8,application/signed-exchange;v=b3;q=0.9
User-Agent:Mozilla/5.0 (X11; Linux x86_64) AppleWebKit/537.36 (KHTML, like Gecko) Chrome/85.0.4183.102 Safari/537.36
Referer:http://web/users/register.php
Upgrade-Insecure-Requests:1
",cf83e1357eefb8bdf1542850d66d8007d620e4050b5715dc83f4a921d36ce9ce47d0d13c5d85f2b0ff8318d2877eec2f63b931bd47417a81a538327af927da3e,"Keep-Alive:timeout=5, max=82
Server:Apache/2.4.7 (Ubuntu)
Connection:Keep-Alive
Pragma:no-cache
Date:Mon, 11 May 2026 20:18:17 GMT
Cache-Control:no-store, no-cache, must-revalidate, post-check=0, pre-check=0
Content-Encoding:gzip
Vary:Accept-Encoding
Expires:Thu, 19 Nov 1981 08:52:00 GMT
Content-Length:976
X-Powered-By:PHP/5.5.9-1ubuntu4.29
Content-Type:text/html
",43a5e6079984321e6c66ed0d138471eea77e0b508df72213ecfd29980c737e283775e35269f7c4b368ca271727e918bbaf4fce48f999d4a473c2a0786784a558,200
http://web/pictures/upload.php,GET,"Cookie:PHPSESSID=m9o391rld7ca71c4egotsbtel7
Accept:text/html,application/xhtml+xml,application/xml;q=0.9,image/avif,image/webp,image/apng,*/*;q=0.8,application/signed-exchange;v=b3;q=0.9
User-Agent:Mozilla/5.0 (X11; Linux x86_64) AppleWebKit/537.36 (KHTML, like Gecko) Chrome/85.0.4183.102 Safari/537.36
Referer:http://web/calendar.php?date=1778790148
Upgrade-Insecure-Requests:1
",cf83e1357eefb8bdf1542850d66d8007d620e4050b5715dc83f4a921d36ce9ce47d0d13c5d85f2b0ff8318d2877eec2f63b931bd47417a81a538327af927da3e,"Keep-Alive:timeout=5, max=47
Server:Apache/2.4.7 (Ubuntu)
Connection:Keep-Alive
Pragma:no-cache
Date:Mon, 11 May 2026 20:22:30 GMT
Cache-Control:no-store, no-cache, must-revalidate, post-check=0, pre-check=0
Expires:Thu, 19 Nov 1981 08:52:00 GMT
Content-Length:41
X-Powered-By:PHP/5.5.9-1ubuntu4.29
Location:/users/login.php
Content-Type:text/html
",cf83e1357eefb8bdf1542850d66d8007d620e4050b5715dc83f4a921d36ce9ce47d0d13c5d85f2b0ff8318d2877eec2f63b931bd47417a81a538327af927da3e,303
http://web/users/register.php,POST,"Origin:http://web
Cookie:PHPSESSID=m9o391rld7ca71c4egotsbtel7
Accept:text/html,application/xhtml+xml,application/xml;q=0.9,image/avif,image/webp,image/apng,*/*;q=0.8,application/signed-exchange;v=b3;q=0.9
User-Agent:Mozilla/5.0 (X11; Linux x86_64) AppleWebKit/537.36 (KHTML, like Gecko) Chrome/85.0.4183.102 Safari/537.36
Referer:http://web/users/register.php
Upgrade-Insecure-Requests:1
Content-Type:application/x-www-form-urlencoded
",51068f4ca7eeff8ccc4f54c630b93491f5909ebfd3f97bf0eb195a84835364c63c7e5f37b76a75ac3f2130769bd859b1a98805f7df7b5fcdacf2e2be9001f2c3,"Keep-Alive:timeout=5, max=51
Server:Apache/2.4.7 (Ubuntu)
Connection:Keep-Alive
Pragma:no-cache
Date:Mon, 11 May 2026 20:19:59 GMT
Cache-Control:no-store, no-cache, must-revalidate, post-check=0, pre-check=0
Content-Encoding:gzip
Vary:Accept-Encoding
Expires:Thu, 19 Nov 1981 08:52:00 GMT
Content-Length:1100
X-Powered-By:PHP/5.5.9-1ubuntu4.29
Content-Type:text/html
",11222e0a44a87c0abfbbe353b76ad787161d1984ee127be6ef58b48714ad9b4f8f3e30af16d2c5b517026ef5945f09b96936d5e01fe19e65eb02e73d60850a4f,200
http://web/users/sample.php?userid=1,GET,"Cookie:PHPSESSID=m9o391rld7ca71c4egotsbtel7
Accept:text/html,application/xhtml+xml,application/xml;q=0.9,image/avif,image/webp,image/apng,*/*;q=0.8,application/signed-exchange;v=b3;q=0.9
User-Agent:Mozilla/5.0 (X11; Linux x86_64) AppleWebKit/537.36 (KHTML, like Gecko) Chrome/85.0.4183.102 Safari/537.36
Referer:http://web/
Upgrade-Insecure-Requests:1
",cf83e1357eefb8bdf1542850d66d8007d620e4050b5715dc83f4a921d36ce9ce47d0d13c5d85f2b0ff8318d2877eec2f63b931bd47417a81a538327af927da3e,"Keep-Alive:timeout=5, max=41
Server:Apache/2.4.7 (Ubuntu)
Connection:Keep-Alive
Pragma:no-cache
Date:Mon, 11 May 2026 20:20:06 GMT
Cache-Control:no-store, no-cache, must-revalidate, post-check=0, pre-check=0
Content-Encoding:gzip
Vary:Accept-Encoding
Expires:Thu, 19 Nov 1981 08:52:00 GMT
Content-Length:983
X-Powered-By:PHP/5.5.9-1ubuntu4.29
Content-Type:text/html
",14b35b0d41fbb2279900c649e034491e5442232adfe05f7fc1d6793e55e1f3a256871187310dfaf113f611eba47c40d9322e43faf4e49fc5a1a60d06c8df46ff,200
http://web/,GET,"Cookie:PHPSESSID=m9o391rld7ca71c4egotsbtel7
Accept:text/html,application/xhtml+xml,application/xml;q=0.9,image/avif,image/webp,image/apng,*/*;q=0.8,application/signed-exchange;v=b3;q=0.9
User-Agent:Mozilla/5.0 (X11; Linux x86_64) AppleWebKit/537.36 (KHTML, like Gecko) Chrome/85.0.4183.102 Safari/537.36
Referer:http://web/passcheck.php
Upgrade-Insecure-Requests:1
",cf83e1357eefb8bdf1542850d66d8007d620e4050b5715dc83f4a921d36ce9ce47d0d13c5d85f2b0ff8318d2877eec2f63b931bd47417a81a538327af927da3e,"Keep-Alive:timeout=5, max=58
Server:Apache/2.4.7 (Ubuntu)
Connection:Keep-Alive
Pragma:no-cache
Date:Mon, 11 May 2026 20:21:10 GMT
Cache-Control:no-store, no-cache, must-revalidate, post-check=0, pre-check=0
Content-Encoding:gzip
Vary:Accept-Encoding
Expires:Thu, 19 Nov 1981 08:52:00 GMT
Content-Length:1283
X-Powered-By:PHP/5.5.9-1ubuntu4.29
Content-Type:text/html
",58d6ac04c669a6ff0ee0d14ecbafce0cb1548148c91e44945e5d33c35bd56d2ae7c3bf43b5d39e51007c9650e87155b295819772ea305aef449199ff6f0c0645,200
http://web/,GET,"Cookie:PHPSESSID=m9o391rld7ca71c4egotsbtel7
Accept:text/html,application/xhtml+xml,application/xml;q=0.9,image/avif,image/webp,image/apng,*/*;q=0.8,application/signed-exchange;v=b3;q=0.9
User-Agent:Mozilla/5.0 (X11; Linux x86_64) AppleWebKit/537.36 (KHTML, like Gecko) Chrome/85.0.4183.102 Safari/537.36
Upgrade-Insecure-Requests:1
",cf83e1357eefb8bdf1542850d66d8007d620e4050b5715dc83f4a921d36ce9ce47d0d13c5d85f2b0ff8318d2877eec2f63b931bd47417a81a538327af927da3e,"Keep-Alive:timeout=5, max=71
Server:Apache/2.4.7 (Ubuntu)
Connection:Keep-Alive
Pragma:no-cache
Date:Mon, 11 May 2026 20:18:27 GMT
Cache-Control:no-store, no-cache, must-revalidate, post-check=0, pre-check=0
Content-Encoding:gzip
Vary:Accept-Encoding
Expires:Thu, 19 Nov 1981 08:52:00 GMT
Content-Length:1285
X-Powered-By:PHP/5.5.9-1ubuntu4.29
Content-Type:text/html
",6378df292f8bb6a019796eae5aa1225afb40758b3280917e73be601eb1bd907ed208eb0b41d3c14f36ffc8af5ff0d324cdc7179d3f2a1de0c3d09010a320507c,200
http://web/guestbook.php,GET,"Cookie:PHPSESSID=m9o391rld7ca71c4egotsbtel7
Accept:text/html,application/xhtml+xml,application/xml;q=0.9,image/avif,image/webp,image/apng,*/*;q=0.8,application/signed-exchange;v=b3;q=0.9
User-Agent:Mozilla/5.0 (X11; Linux x86_64) AppleWebKit/537.36 (KHTML, like Gecko) Chrome/85.0.4183.102 Safari/537.36
Referer:http://web/users/register.php
Upgrade-Insecure-Requests:1
",cf83e1357eefb8bdf1542850d66d8007d620e4050b5715dc83f4a921d36ce9ce47d0d13c5d85f2b0ff8318d2877eec2f63b931bd47417a81a538327af927da3e,"Keep-Alive:timeout=5, max=71
Server:Apache/2.4.7 (Ubuntu)
Connection:Keep-Alive
Pragma:no-cache
Date:Mon, 11 May 2026 20:19:41 GMT
Cache-Control:no-store, no-cache, must-revalidate, post-check=0, pre-check=0
Content-Encoding:gzip
Vary:Accept-Encoding
Expires:Thu, 19 Nov 1981 08:52:00 GMT
Content-Length:999
X-Powered-By:PHP/5.5.9-1ubuntu4.29
Content-Type:text/html
",f12a6dcc15586031b35030ef788ab627dc318f9e2b5699cd6e623dc4b908471de72ec444026bb282e4185f043d105e296a63e5830f422a56c0434bf8b165fa74,200
http://web/calendar.php,GET,"Cookie:PHPSESSID=m9o391rld7ca71c4egotsbtel7
Accept:text/html,application/xhtml+xml,application/xml;q=0.9,image/avif,image/webp,image/apng,*/*;q=0.8,application/signed-exchange;v=b3;q=0.9
User-Agent:Mozilla/5.0 (X11; Linux x86_64) AppleWebKit/537.36 (KHTML, like Gecko) Chrome/85.0.4183.102 Safari/537.36
Referer:http://web/
Upgrade-Insecure-Requests:1
",cf83e1357eefb8bdf1542850d66d8007d620e4050b5715dc83f4a921d36ce9ce47d0d13c5d85f2b0ff8318d2877eec2f63b931bd47417a81a538327af927da3e,"Keep-Alive:timeout=5, max=38
Server:Apache/2.4.7 (Ubuntu)
Connection:Keep-Alive
Pragma:no-cache
Date:Mon, 11 May 2026 20:22:37 GMT
Cache-Control:no-store, no-cache, must-revalidate, post-check=0, pre-check=0
Content-Encoding:gzip
Vary:Accept-Encoding
Expires:Thu, 19 Nov 1981 08:52:00 GMT
Content-Length:944
X-Powered-By:PHP/5.5.9-1ubuntu4.29
Content-Type:text/html
",9b59c9dab03d56ad50a40eb751052ba55231d9e565fa8e0640de5814b542181f8deb6806a8517bf90a58b90c0be449de5ce106914eeb42e55237cd22a5aa16f7,200
http://web/users/home.php,GET,"Cookie:PHPSESSID=m9o391rld7ca71c4egotsbtel7
Accept:text/html,application/xhtml+xml,application/xml;q=0.9,image/avif,image/webp,image/apng,*/*;q=0.8,application/signed-exchange;v=b3;q=0.9
User-Agent:Mozilla/5.0 (X11; Linux x86_64) AppleWebKit/537.36 (KHTML, like Gecko) Chrome/85.0.4183.102 Safari/537.36
Referer:http://web/passcheck.php
Upgrade-Insecure-Requests:1
",cf83e1357eefb8bdf1542850d66d8007d620e4050b5715dc83f4a921d36ce9ce47d0d13c5d85f2b0ff8318d2877eec2f63b931bd47417a81a538327af927da3e,"Keep-Alive:timeout=5, max=80
Server:Apache/2.4.7 (Ubuntu)
Connection:Keep-Alive
Pragma:no-cache
Date:Mon, 11 May 2026 20:20:53 GMT
Cache-Control:no-store, no-cache, must-revalidate, post-check=0, pre-check=0
Expires:Thu, 19 Nov 1981 08:52:00 GMT
Content-Length:41
X-Powered-By:PHP/5.5.9-1ubuntu4.29
Location:/users/login.php
Content-Type:text/html
",cf83e1357eefb8bdf1542850d66d8007d620e4050b5715dc83f4a921d36ce9ce47d0d13c5d85f2b0ff8318d2877eec2f63b931bd47417a81a538327af927da3e,303
http://web/,GET,"Cookie:PHPSESSID=m9o391rld7ca71c4egotsbtel7
Accept:text/html,application/xhtml+xml,application/xml;q=0.9,image/avif,image/webp,image/apng,*/*;q=0.8,application/signed-exchange;v=b3;q=0.9
User-Agent:Mozilla/5.0 (X11; Linux x86_64) AppleWebKit/537.36 (KHTML, like Gecko) Chrome/85.0.4183.102 Safari/537.36
Upgrade-Insecure-Requests:1
",cf83e1357eefb8bdf1542850d66d8007d620e4050b5715dc83f4a921d36ce9ce47d0d13c5d85f2b0ff8318d2877eec2f63b931bd47417a81a538327af927da3e,"Keep-Alive:timeout=5, max=59
Server:Apache/2.4.7 (Ubuntu)
Connection:Keep-Alive
Pragma:no-cache
Date:Mon, 11 May 2026 20:18:36 GMT
Cache-Control:no-store, no-cache, must-revalidate, post-check=0, pre-check=0
Content-Encoding:gzip
Vary:Accept-Encoding
Expires:Thu, 19 Nov 1981 08:52:00 GMT
Content-Length:1284
X-Powered-By:PHP/5.5.9-1ubuntu4.29
Content-Type:text/html
",ac01b0eb3018dc9b22817e8400156769266f69fa80d75bbc2d1bccf4030c87b46b8332cd87844d631cb5a258aebdcb18c2c1574a9e2eb9722968c20a968d2d41,200
http://web/users/login.php,GET,"Cookie:PHPSESSID=m9o391rld7ca71c4egotsbtel7
Accept:text/html,application/xhtml+xml,application/xml;q=0.9,image/avif,image/webp,image/apng,*/*;q=0.8,application/signed-exchange;v=b3;q=0.9
User-Agent:Mozilla/5.0 (X11; Linux x86_64) AppleWebKit/537.36 (KHTML, like Gecko) Chrome/85.0.4183.102 Safari/537.36
Referer:http://web/guestbook.php
Upgrade-Insecure-Requests:1
",cf83e1357eefb8bdf1542850d66d8007d620e4050b5715dc83f4a921d36ce9ce47d0d13c5d85f2b0ff8318d2877eec2f63b931bd47417a81a538327af927da3e,"Keep-Alive:timeout=5, max=50
Server:Apache/2.4.7 (Ubuntu)
Connection:Keep-Alive
Pragma:no-cache
Date:Mon, 11 May 2026 20:18:42 GMT
Cache-Control:no-store, no-cache, must-revalidate, post-check=0, pre-check=0
Content-Encoding:gzip
Vary:Accept-Encoding
Expires:Thu, 19 Nov 1981 08:52:00 GMT
Content-Length:977
X-Powered-By:PHP/5.5.9-1ubuntu4.29
Content-Type:text/html
",0d469a107e78d3aef8f6c1a42142b2f27c2ec51717d4c715202b08b1fc905e17560c357b1a1eff865db2afd414b29cab4631906cbf6817b4be1ac0e6b4baf8d1,200
http://web/tos.php,GET,"Cookie:PHPSESSID=m9o391rld7ca71c4egotsbtel7
Accept:text/html,application/xhtml+xml,application/xml;q=0.9,image/avif,image/webp,image/apng,*/*;q=0.8,application/signed-exchange;v=b3;q=0.9
User-Agent:Mozilla/5.0 (X11; Linux x86_64) AppleWebKit/537.36 (KHTML, like Gecko) Chrome/85.0.4183.102 Safari/537.36
Referer:http://web/pictures/recent.php
Upgrade-Insecure-Requests:1
",cf83e1357eefb8bdf1542850d66d8007d620e4050b5715dc83f4a921d36ce9ce47d0d13c5d85f2b0ff8318d2877eec2f63b931bd47417a81a538327af927da3e,"Keep-Alive:timeout=5, max=2
Server:Apache/2.4.7 (Ubuntu)
Connection:Keep-Alive
Pragma:no-cache
Date:Mon, 11 May 2026 20:19:15 GMT
Cache-Control:no-store, no-cache, must-revalidate, post-check=0, pre-check=0
Content-Encoding:gzip
Vary:Accept-Encoding
Expires:Thu, 19 Nov 1981 08:52:00 GMT
Content-Length:10228
X-Powered-By:PHP/5.5.9-1ubuntu4.29
Content-Type:text/html
",383c7731403f9ced603f7a448b7e4c157e2a07aed736a7f8cf7c8a07efe1549530ca61dde1c340fb1ef98b1d0ba6ea5e4f45270731ad76e0bd50714be63cb2c0,200
http://web/calendar.php,GET,"Cookie:PHPSESSID=m9o391rld7ca71c4egotsbtel7
Accept:text/html,application/xhtml+xml,application/xml;q=0.9,image/avif,image/webp,image/apng,*/*;q=0.8,application/signed-exchange;v=b3;q=0.9
User-Agent:Mozilla/5.0 (X11; Linux x86_64) AppleWebKit/537.36 (KHTML, like Gecko) Chrome/85.0.4183.102 Safari/537.36
Referer:http://web/
Upgrade-Insecure-Requests:1
",cf83e1357eefb8bdf1542850d66d8007d620e4050b5715dc83f4a921d36ce9ce47d0d13c5d85f2b0ff8318d2877eec2f63b931bd47417a81a538327af927da3e,"Keep-Alive:timeout=5, max=84
Server:Apache/2.4.7 (Ubuntu)
Connection:Keep-Alive
Pragma:no-cache
Date:Mon, 11 May 2026 20:22:04 GMT
Cache-Control:no-store, no-cache, must-revalidate, post-check=0, pre-check=0
Content-Encoding:gzip
Vary:Accept-Encoding
Expires:Thu, 19 Nov 1981 08:52:00 GMT
Content-Length:943
X-Powered-By:PHP/5.5.9-1ubuntu4.29
Content-Type:text/html
",e0c5aa18b61c41cbc0b8b2223e42e8e7376cefdd46c7ac3f0decd70bec6c1ba8e8326355c919ced930ac8be45470cbf8892da9663f5583eb99af99b892c94a13,200
http://web/,GET,"Cookie:PHPSESSID=m9o391rld7ca71c4egotsbtel7
Accept:text/html,application/xhtml+xml,application/xml;q=0.9,image/avif,image/webp,image/apng,*/*;q=0.8,application/signed-exchange;v=b3;q=0.9
User-Agent:Mozilla/5.0 (X11; Linux x86_64) AppleWebKit/537.36 (KHTML, like Gecko) Chrome/85.0.4183.102 Safari/537.36
Referer:http://web/calendar.php?date=1778790128
Upgrade-Insecure-Requests:1
",cf83e1357eefb8bdf1542850d66d8007d620e4050b5715dc83f4a921d36ce9ce47d0d13c5d85f2b0ff8318d2877eec2f63b931bd47417a81a538327af927da3e,"Keep-Alive:timeout=5, max=75
Server:Apache/2.4.7 (Ubuntu)
Connection:Keep-Alive
Pragma:no-cache
Date:Mon, 11 May 2026 20:22:11 GMT
Cache-Control:no-store, no-cache, must-revalidate, post-check=0, pre-check=0
Content-Encoding:gzip
Vary:Accept-Encoding
Expires:Thu, 19 Nov 1981 08:52:00 GMT
Content-Length:1284
X-Powered-By:PHP/5.5.9-1ubuntu4.29
Content-Type:text/html
",7f89354fd043a7cc026e7ea950812803a87f41f8637cd9abbc8968616bd0eff0b84e0462e24febb374e9591550cde424c6bb2dc1b356eed368429d03fefcdeff,200
http://web/css/stylings.css,GET,"Cookie:PHPSESSID=m9o391rld7ca71c4egotsbtel7
Accept:text/css,*/*;q=0.1
User-Agent:Mozilla/5.0 (X11; Linux x86_64) AppleWebKit/537.36 (KHTML, like Gecko) Chrome/85.0.4183.102 Safari/537.36
Referer:http://web/
",cf83e1357eefb8bdf1542850d66d8007d620e4050b5715dc83f4a921d36ce9ce47d0d13c5d85f2b0ff8318d2877eec2f63b931bd47417a81a538327af927da3e,"Server:Apache/2.4.7 (Ubuntu)
Last-Modified:Thu, 02 Feb 2017 22:24:09 GMT
Date:Mon, 11 May 2026 20:17:50 GMT
Accept-Ranges:bytes
ETag:""c29-547939fb8b440-gzip""
Content-Encoding:gzip
Vary:Accept-Encoding
Content-Length:838
Content-Type:text/css
",e6142d743628221ad60b6d12a0b444a077ed8ede2504b511ffffde908ffe459f09875b3901f9a63ec228906521c445248f9277e14f591205808d8dfc200df823,200
http://web/pictures/recent.php,GET,"Cookie:PHPSESSID=m9o391rld7ca71c4egotsbtel7
Accept:text/html,application/xhtml+xml,application/xml;q=0.9,image/avif,image/webp,image/apng,*/*;q=0.8,application/signed-exchange;v=b3;q=0.9
User-Agent:Mozilla/5.0 (X11; Linux x86_64) AppleWebKit/537.36 (KHTML, like Gecko) Chrome/85.0.4183.102 Safari/537.36
Referer:http://web/users/login.php
Upgrade-Insecure-Requests:1
",cf83e1357eefb8bdf1542850d66d8007d620e4050b5715dc83f4a921d36ce9ce47d0d13c5d85f2b0ff8318d2877eec2f63b931bd47417a81a538327af927da3e,"Keep-Alive:timeout=5, max=84
Server:Apache/2.4.7 (Ubuntu)
Connection:Keep-Alive
Pragma:no-cache
Date:Mon, 11 May 2026 20:18:01 GMT
Cache-Control:no-store, no-cache, must-revalidate, post-check=0, pre-check=0
Content-Encoding:gzip
Vary:Accept-Encoding
Expires:Thu, 19 Nov 1981 08:52:00 GMT
Content-Length:1088
X-Powered-By:PHP/5.5.9-1ubuntu4.29
Content-Type:text/html
",31e8c5d2830c428f144ff5c8d77debb5ccd7dc4469f008fe2ed02fe074fd73399f03b84d5bb5f9c79b1ae307a7a9c76330e11032e2fdffb10445556b17fd8f4c,200
http://web/pictures/view.php?picid=9,GET,"Cookie:PHPSESSID=m9o391rld7ca71c4egotsbtel7
Accept:text/html,application/xhtml+xml,application/xml;q=0.9,image/avif,image/webp,image/apng,*/*;q=0.8,application/signed-exchange;v=b3;q=0.9
User-Agent:Mozilla/5.0 (X11; Linux x86_64) AppleWebKit/537.36 (KHTML, like Gecko) Chrome/85.0.4183.102 Safari/537.36
Referer:http://web/pictures/recent.php
Upgrade-Insecure-Requests:1
",cf83e1357eefb8bdf1542850d66d8007d620e4050b5715dc83f4a921d36ce9ce47d0d13c5d85f2b0ff8318d2877eec2f63b931bd47417a81a538327af927da3e,"Keep-Alive:timeout=5, max=20
Server:Apache/2.4.7 (Ubuntu)
Connection:Keep-Alive
Pragma:no-cache
Date:Mon, 11 May 2026 20:19:02 GMT
Cache-Control:no-store, no-cache, must-revalidate, post-check=0, pre-check=0
Expires:Thu, 19 Nov 1981 08:52:00 GMT
Content-Length:41
X-Powered-By:PHP/5.5.9-1ubuntu4.29
Location:/users/login.php
Content-Type:text/html
",cf83e1357eefb8bdf1542850d66d8007d620e4050b5715dc83f4a921d36ce9ce47d0d13c5d85f2b0ff8318d2877eec2f63b931bd47417a81a538327af927da3e,303
http://web/calendar.php,GET,"Cookie:PHPSESSID=m9o391rld7ca71c4egotsbtel7
Accept:text/html,application/xhtml+xml,application/xml;q=0.9,image/avif,image/webp,image/apng,*/*;q=0.8,application/signed-exchange;v=b3;q=0.9
User-Agent:Mozilla/5.0 (X11; Linux x86_64) AppleWebKit/537.36 (KHTML, like Gecko) Chrome/85.0.4183.102 Safari/537.36
Referer:http://web/
Upgrade-Insecure-Requests:1
",cf83e1357eefb8bdf1542850d66d8007d620e4050b5715dc83f4a921d36ce9ce47d0d13c5d85f2b0ff8318d2877eec2f63b931bd47417a81a538327af927da3e,"Keep-Alive:timeout=5, max=26
Server:Apache/2.4.7 (Ubuntu)
Connection:Keep-Alive
Pragma:no-cache
Date:Mon, 11 May 2026 20:21:34 GMT
Cache-Control:no-store, no-cache, must-revalidate, post-check=0, pre-check=0
Content-Encoding:gzip
Vary:Accept-Encoding
Expires:Thu, 19 Nov 1981 08:52:00 GMT
Content-Length:944
X-Powered-By:PHP/5.5.9-1ubuntu4.29
Content-Type:text/html
",b2bbacb415c7bdc7b03dd8304f29d28c273b679328696086f6130b475de81ccd69c89c2a4b5a9105401421b54b5653b37eeb44fc4cc1529564f390b10fe3bf8a,200
http://web/calendar.php?date=1778703748,GET,"Cookie:PHPSESSID=m9o391rld7ca71c4egotsbtel7
Accept:text/html,application/xhtml+xml,application/xml;q=0.9,image/avif,image/webp,image/apng,*/*;q=0.8,application/signed-exchange;v=b3;q=0.9
User-Agent:Mozilla/5.0 (X11; Linux x86_64) AppleWebKit/537.36 (KHTML, like Gecko) Chrome/85.0.4183.102 Safari/537.36
Referer:http://web/calendar.php?date=1778617348
Upgrade-Insecure-Requests:1
",cf83e1357eefb8bdf1542850d66d8007d620e4050b5715dc83f4a921d36ce9ce47d0d13c5d85f2b0ff8318d2877eec2f63b931bd47417a81a538327af927da3e,"Keep-Alive:timeout=5, max=49
Server:Apache/2.4.7 (Ubuntu)
Connection:Keep-Alive
Pragma:no-cache
Date:Mon, 11 May 2026 20:22:29 GMT
Cache-Control:no-store, no-cache, must-revalidate, post-check=0, pre-check=0
Content-Encoding:gzip
Vary:Accept-Encoding
Expires:Thu, 19 Nov 1981 08:52:00 GMT
Content-Length:945
X-Powered-By:PHP/5.5.9-1ubuntu4.29
Content-Type:text/html
",926e9582ec5f40d83bcae9efd359465c4c06b397ff467c263009ae76bb95335f70a9eda404e7ea8c53efdc8971eccffd74677f2275d21e8d5fe8f7b187b576cd,200
http://web/calendar.php?date=1778617310,GET,"Cookie:PHPSESSID=m9o391rld7ca71c4egotsbtel7
Accept:text/html,application/xhtml+xml,application/xml;q=0.9,image/avif,image/webp,image/apng,*/*;q=0.8,application/signed-exchange;v=b3;q=0.9
User-Agent:Mozilla/5.0 (X11; Linux x86_64) AppleWebKit/537.36 (KHTML, like Gecko) Chrome/85.0.4183.102 Safari/537.36
Referer:http://web/calendar.php
Upgrade-Insecure-Requests:1
",cf83e1357eefb8bdf1542850d66d8007d620e4050b5715dc83f4a921d36ce9ce47d0d13c5d85f2b0ff8318d2877eec2f63b931bd47417a81a538327af927da3e,"Keep-Alive:timeout=5, max=4
Server:Apache/2.4.7 (Ubuntu)
Connection:Keep-Alive
Pragma:no-cache
Date:Mon, 11 May 2026 20:21:50 GMT
Cache-Control:no-store, no-cache, must-revalidate, post-check=0, pre-check=0
Content-Encoding:gzip
Vary:Accept-Encoding
Expires:Thu, 19 Nov 1981 08:52:00 GMT
Content-Length:944
X-Powered-By:PHP/5.5.9-1ubuntu4.29
Content-Type:text/html
",8381b4d57aa225a89c8a20c6a307b7688f406f09ee773954a2fe40f597e0630f80a83e5a7d99bdbe966a0e4278c9dae5d52592ce11fc39d87d16df8e97cce24c,200
http://web/calendar.php?date=1778703733,GET,"Cookie:PHPSESSID=m9o391rld7ca71c4egotsbtel7
Accept:text/html,application/xhtml+xml,application/xml;q=0.9,image/avif,image/webp,image/apng,*/*;q=0.8,application/signed-exchange;v=b3;q=0.9
User-Agent:Mozilla/5.0 (X11; Linux x86_64) AppleWebKit/537.36 (KHTML, like Gecko) Chrome/85.0.4183.102 Safari/537.36
Referer:http://web/calendar.php?date=1778617333
Upgrade-Insecure-Requests:1
",cf83e1357eefb8bdf1542850d66d8007d620e4050b5715dc83f4a921d36ce9ce47d0d13c5d85f2b0ff8318d2877eec2f63b931bd47417a81a538327af927da3e,"Keep-Alive:timeout=5, max=71
Server:Apache/2.4.7 (Ubuntu)
Connection:Keep-Alive
Pragma:no-cache
Date:Mon, 11 May 2026 20:22:14 GMT
Cache-Control:no-store, no-cache, must-revalidate, post-check=0, pre-check=0
Content-Encoding:gzip
Vary:Accept-Encoding
Expires:Thu, 19 Nov 1981 08:52:00 GMT
Content-Length:945
X-Powered-By:PHP/5.5.9-1ubuntu4.29
Content-Type:text/html
",9c92cd7601b4c14bfd2b985d1e027e2fe1365908edd0f4ea3f61905014c52805814778be15e5ca72d395972bc12160c064536fa436f9971a4d447eee682f2cf1,200
http://web/users/home.php,GET,"Cookie:PHPSESSID=m9o391rld7ca71c4egotsbtel7
Accept:text/html,application/xhtml+xml,application/xml;q=0.9,image/avif,image/webp,image/apng,*/*;q=0.8,application/signed-exchange;v=b3;q=0.9
User-Agent:Mozilla/5.0 (X11; Linux x86_64) AppleWebKit/537.36 (KHTML, like Gecko) Chrome/85.0.4183.102 Safari/537.36
Referer:http://web/tos.php
Upgrade-Insecure-Requests:1
",cf83e1357eefb8bdf1542850d66d8007d620e4050b5715dc83f4a921d36ce9ce47d0d13c5d85f2b0ff8318d2877eec2f63b931bd47417a81a538327af927da3e,"Keep-Alive:timeout=5, max=62
Server:Apache/2.4.7 (Ubuntu)
Connection:Keep-Alive
Pragma:no-cache
Date:Mon, 11 May 2026 20:18:34 GMT
Cache-Control:no-store, no-cache, must-revalidate, post-check=0, pre-check=0
Expires:Thu, 19 Nov 1981 08:52:00 GMT
Content-Length:41
X-Powered-By:PHP/5.5.9-1ubuntu4.29
Location:/users/login.php
Content-Type:text/html
",cf83e1357eefb8bdf1542850d66d8007d620e4050b5715dc83f4a921d36ce9ce47d0d13c5d85f2b0ff8318d2877eec2f63b931bd47417a81a538327af927da3e,303
http://web/css/stylings.css,GET,"Cookie:PHPSESSID=m9o391rld7ca71c4egotsbtel7
Accept:text/css,*/*;q=0.1
User-Agent:Mozilla/5.0 (X11; Linux x86_64) AppleWebKit/537.36 (KHTML, like Gecko) Chrome/85.0.4183.102 Safari/537.36
Referer:http://web/pictures/recent.php
",cf83e1357eefb8bdf1542850d66d8007d620e4050b5715dc83f4a921d36ce9ce47d0d13c5d85f2b0ff8318d2877eec2f63b931bd47417a81a538327af927da3e,"Server:Apache/2.4.7 (Ubuntu)
Last-Modified:Thu, 02 Feb 2017 22:24:09 GMT
Date:Mon, 11 May 2026 20:17:50 GMT
Accept-Ranges:bytes
ETag:""c29-547939fb8b440-gzip""
Content-Encoding:gzip
Vary:Accept-Encoding
Content-Length:838
Content-Type:text/css
",e6142d743628221ad60b6d12a0b444a077ed8ede2504b511ffffde908ffe459f09875b3901f9a63ec228906521c445248f9277e14f591205808d8dfc200df823,200
http://web/,GET,"Cookie:PHPSESSID=m9o391rld7ca71c4egotsbtel7
Accept:text/html,application/xhtml+xml,application/xml;q=0.9,image/avif,image/webp,image/apng,*/*;q=0.8,application/signed-exchange;v=b3;q=0.9
User-Agent:Mozilla/5.0 (X11; Linux x86_64) AppleWebKit/537.36 (KHTML, like Gecko) Chrome/85.0.4183.102 Safari/537.36
Upgrade-Insecure-Requests:1
",cf83e1357eefb8bdf1542850d66d8007d620e4050b5715dc83f4a921d36ce9ce47d0d13c5d85f2b0ff8318d2877eec2f63b931bd47417a81a538327af927da3e,"Keep-Alive:timeout=5, max=39
Server:Apache/2.4.7 (Ubuntu)
Connection:Keep-Alive
Pragma:no-cache
Date:Mon, 11 May 2026 20:20:07 GMT
Cache-Control:no-store, no-cache, must-revalidate, post-check=0, pre-check=0
Content-Encoding:gzip
Vary:Accept-Encoding
Expires:Thu, 19 Nov 1981 08:52:00 GMT
Content-Length:1285
X-Powered-By:PHP/5.5.9-1ubuntu4.29
Content-Type:text/html
",bfbd4e6df5ca5434e1ea494bcb52f028c99d36ae97987083d4e2ace54a8a0008a4ed1dfc27f9649e15f5aa7cd9bf290702c11bebaf9e8dae465ecba6d50bfb6b,200
http://web/,GET,"Cookie:PHPSESSID=m9o391rld7ca71c4egotsbtel7
Accept:text/html,application/xhtml+xml,application/xml;q=0.9,image/avif,image/webp,image/apng,*/*;q=0.8,application/signed-exchange;v=b3;q=0.9
User-Agent:Mozilla/5.0 (X11; Linux x86_64) AppleWebKit/537.36 (KHTML, like Gecko) Chrome/85.0.4183.102 Safari/537.36
Upgrade-Insecure-Requests:1
",cf83e1357eefb8bdf1542850d66d8007d620e4050b5715dc83f4a921d36ce9ce47d0d13c5d85f2b0ff8318d2877eec2f63b931bd47417a81a538327af927da3e,"Keep-Alive:timeout=5, max=26
Server:Apache/2.4.7 (Ubuntu)
Connection:Keep-Alive
Pragma:no-cache
Date:Mon, 11 May 2026 20:18:58 GMT
Cache-Control:no-store, no-cache, must-revalidate, post-check=0, pre-check=0
Content-Encoding:gzip
Vary:Accept-Encoding
Expires:Thu, 19 Nov 1981 08:52:00 GMT
Content-Length:1284
X-Powered-By:PHP/5.5.9-1ubuntu4.29
Content-Type:text/html
",e3dbd768fa86e63c8205ab9b42cc4df99bcb9206d95e68126fcae6214d31101c0d7e06b2ba9e3a2dc0c920b38498f55dcb9f80a7bfde3dbf91ecb4582ac097bc,200
http://web/pictures/view.php?picid=8,GET,"Cookie:PHPSESSID=m9o391rld7ca71c4egotsbtel7
Accept:text/html,application/xhtml+xml,application/xml;q=0.9,image/avif,image/webp,image/apng,*/*;q=0.8,application/signed-exchange;v=b3;q=0.9
User-Agent:Mozilla/5.0 (X11; Linux x86_64) AppleWebKit/537.36 (KHTML, like Gecko) Chrome/85.0.4183.102 Safari/537.36
Referer:http://web/pictures/recent.php
Upgrade-Insecure-Requests:1
",cf83e1357eefb8bdf1542850d66d8007d620e4050b5715dc83f4a921d36ce9ce47d0d13c5d85f2b0ff8318d2877eec2f63b931bd47417a81a538327af927da3e,"Keep-Alive:timeout=5, max=16
Server:Apache/2.4.7 (Ubuntu)
Connection:Keep-Alive
Pragma:no-cache
Date:Mon, 11 May 2026 20:19:05 GMT
Cache-Control:no-store, no-cache, must-revalidate, post-check=0, pre-check=0
Expires:Thu, 19 Nov 1981 08:52:00 GMT
Content-Length:41
X-Powered-By:PHP/5.5.9-1ubuntu4.29
Location:/users/login.php
Content-Type:text/html
",cf83e1357eefb8bdf1542850d66d8007d620e4050b5715dc83f4a921d36ce9ce47d0d13c5d85f2b0ff8318d2877eec2f63b931bd47417a81a538327af927da3e,303
http://web/calendar.php,GET,"Cookie:PHPSESSID=m9o391rld7ca71c4egotsbtel7
Accept:text/html,application/xhtml+xml,application/xml;q=0.9,image/avif,image/webp,image/apng,*/*;q=0.8,application/signed-exchange;v=b3;q=0.9
User-Agent:Mozilla/5.0 (X11; Linux x86_64) AppleWebKit/537.36 (KHTML, like Gecko) Chrome/85.0.4183.102 Safari/537.36
Referer:http://web/
Upgrade-Insecure-Requests:1
",cf83e1357eefb8bdf1542850d66d8007d620e4050b5715dc83f4a921d36ce9ce47d0d13c5d85f2b0ff8318d2877eec2f63b931bd47417a81a538327af927da3e,"Keep-Alive:timeout=5, max=17
Server:Apache/2.4.7 (Ubuntu)
Connection:Keep-Alive
Pragma:no-cache
Date:Mon, 11 May 2026 20:21:41 GMT
Cache-Control:no-store, no-cache, must-revalidate, post-check=0, pre-check=0
Content-Encoding:gzip
Vary:Accept-Encoding
Expires:Thu, 19 Nov 1981 08:52:00 GMT
Content-Length:943
X-Powered-By:PHP/5.5.9-1ubuntu4.29
Content-Type:text/html
",e23941c9371b3084e9498d73ce20563c888dbd43cb4112453ac99449781198fbbdd5e28535d81868a8fadec50239cc30bba08cfc1cbe8a488366785d678a6c3f,200
http://web/users/sample.php?userid=1,GET,"Cookie:PHPSESSID=m9o391rld7ca71c4egotsbtel7
Accept:text/html,application/xhtml+xml,application/xml;q=0.9,image/avif,image/webp,image/apng,*/*;q=0.8,application/signed-exchange;v=b3;q=0.9
User-Agent:Mozilla/5.0 (X11; Linux x86_64) AppleWebKit/537.36 (KHTML, like Gecko) Chrome/85.0.4183.102 Safari/537.36
Referer:http://web/
Upgrade-Insecure-Requests:1
",cf83e1357eefb8bdf1542850d66d8007d620e4050b5715dc83f4a921d36ce9ce47d0d13c5d85f2b0ff8318d2877eec2f63b931bd47417a81a538327af927da3e,"Keep-Alive:timeout=5, max=25
Server:Apache/2.4.7 (Ubuntu)
Connection:Keep-Alive
Pragma:no-cache
Date:Mon, 11 May 2026 20:20:18 GMT
Cache-Control:no-store, no-cache, must-revalidate, post-check=0, pre-check=0
Content-Encoding:gzip
Vary:Accept-Encoding
Expires:Thu, 19 Nov 1981 08:52:00 GMT
Content-Length:982
X-Powered-By:PHP/5.5.9-1ubuntu4.29
Content-Type:text/html
",7c938f7e25efcaf1635b22c3293564fceeba95688a5bfeebf5aea7774e062300ecf3dadad92cbbc4a594ba26a44183af270f3f9e9c962ae3b3f136365c65b5bf,200
http://web/,GET,"Cookie:PHPSESSID=m9o391rld7ca71c4egotsbtel7
Accept:text/html,application/xhtml+xml,application/xml;q=0.9,image/avif,image/webp,image/apng,*/*;q=0.8,application/signed-exchange;v=b3;q=0.9
User-Agent:Mozilla/5.0 (X11; Linux x86_64) AppleWebKit/537.36 (KHTML, like Gecko) Chrome/85.0.4183.102 Safari/537.36
Upgrade-Insecure-Requests:1
",cf83e1357eefb8bdf1542850d66d8007d620e4050b5715dc83f4a921d36ce9ce47d0d13c5d85f2b0ff8318d2877eec2f63b931bd47417a81a538327af927da3e,"Keep-Alive:timeout=5, max=93
Server:Apache/2.4.7 (Ubuntu)
Connection:Keep-Alive
Pragma:no-cache
Date:Mon, 11 May 2026 20:20:43 GMT
Cache-Control:no-store, no-cache, must-revalidate, post-check=0, pre-check=0
Content-Encoding:gzip
Vary:Accept-Encoding
Expires:Thu, 19 Nov 1981 08:52:00 GMT
Content-Length:1284
X-Powered-By:PHP/5.5.9-1ubuntu4.29
Content-Type:text/html
",76dc9aa856c82c3ec8ecb0f0b6583f35f4fe59854179fc0fbceb3faa143206cae136d900d9e49fc95e2684b654c7c6e788438d7b4515af21e6db8e76c0c369db,200
http://web/pictures/upload.php,GET,"Cookie:PHPSESSID=m9o391rld7ca71c4egotsbtel7
Accept:text/html,application/xhtml+xml,application/xml;q=0.9,image/avif,image/webp,image/apng,*/*;q=0.8,application/signed-exchange;v=b3;q=0.9
User-Agent:Mozilla/5.0 (X11; Linux x86_64) AppleWebKit/537.36 (KHTML, like Gecko) Chrome/85.0.4183.102 Safari/537.36
Referer:http://web/users/sample.php?userid=1
Upgrade-Insecure-Requests:1
",cf83e1357eefb8bdf1542850d66d8007d620e4050b5715dc83f4a921d36ce9ce47d0d13c5d85f2b0ff8318d2877eec2f63b931bd47417a81a538327af927da3e,"Keep-Alive:timeout=5, max=44
Server:Apache/2.4.7 (Ubuntu)
Connection:Keep-Alive
Pragma:no-cache
Date:Mon, 11 May 2026 20:20:04 GMT
Cache-Control:no-store, no-cache, must-revalidate, post-check=0, pre-check=0
Expires:Thu, 19 Nov 1981 08:52:00 GMT
Content-Length:41
X-Powered-By:PHP/5.5.9-1ubuntu4.29
Location:/users/login.php
Content-Type:text/html
",cf83e1357eefb8bdf1542850d66d8007d620e4050b5715dc83f4a921d36ce9ce47d0d13c5d85f2b0ff8318d2877eec2f63b931bd47417a81a538327af927da3e,303
http://web/piccheck.php,POST,"Origin:http://web
Cookie:PHPSESSID=m9o391rld7ca71c4egotsbtel7
Accept:text/html,application/xhtml+xml,application/xml;q=0.9,image/avif,image/webp,image/apng,*/*;q=0.8,application/signed-exchange;v=b3;q=0.9
User-Agent:Mozilla/5.0 (X11; Linux x86_64) AppleWebKit/537.36 (KHTML, like Gecko) Chrome/85.0.4183.102 Safari/537.36
Referer:http://web/
Upgrade-Insecure-Requests:1
Content-Type:multipart/form-data; boundary=----WebKitFormBoundaryBM4BvF4yiJfUEIJ6
",b799a9f6e5b929e6a5f04690019a9256957b229a3b4a34758f7e0c1618c4565b8b26036125e6be21f013292bdd837dd0950d634b87b34ea33a2d3f8903e07496,"Keep-Alive:timeout=5, max=68
Server:Apache/2.4.7 (Ubuntu)
Connection:Keep-Alive
Pragma:no-cache
Date:Mon, 11 May 2026 20:18:30 GMT
Cache-Control:no-store, no-cache, must-revalidate, post-check=0, pre-check=0
Expires:Thu, 19 Nov 1981 08:52:00 GMT
Content-Length:41
X-Powered-By:PHP/5.5.9-1ubuntu4.29
Location:/
Content-Type:text/html
",cf83e1357eefb8bdf1542850d66d8007d620e4050b5715dc83f4a921d36ce9ce47d0d13c5d85f2b0ff8318d2877eec2f63b931bd47417a81a538327af927da3e,303
http://web/users/login.php,GET,"Cookie:PHPSESSID=m9o391rld7ca71c4egotsbtel7
Accept:text/html,application/xhtml+xml,application/xml;q=0.9,image/avif,image/webp,image/apng,*/*;q=0.8,application/signed-exchange;v=b3;q=0.9
User-Agent:Mozilla/5.0 (X11; Linux x86_64) AppleWebKit/537.36 (KHTML, like Gecko) Chrome/85.0.4183.102 Safari/537.36
Referer:http://web/tos.php
Upgrade-Insecure-Requests:1
",cf83e1357eefb8bdf1542850d66d8007d620e4050b5715dc83f4a921d36ce9ce47d0d13c5d85f2b0ff8318d2877eec2f63b931bd47417a81a538327af927da3e,"Keep-Alive:timeout=5, max=61
Server:Apache/2.4.7 (Ubuntu)
Connection:Keep-Alive
Pragma:no-cache
Date:Mon, 11 May 2026 20:18:34 GMT
Cache-Control:no-store, no-cache, must-revalidate, post-check=0, pre-check=0
Content-Encoding:gzip
Vary:Accept-Encoding
Expires:Thu, 19 Nov 1981 08:52:00 GMT
Content-Length:976
X-Powered-By:PHP/5.5.9-1ubuntu4.29
Content-Type:text/html
",27e7171d211bcc4fbbe882e6440cd6d577801c1ebfe6c440aebe7d9ca534c8100f119d0a04aa5c860b6cd41c213c93a812f8362cf43bd7a9daa0c636a11db96d,200
http://web/pictures/upload.php,GET,"Cookie:PHPSESSID=m9o391rld7ca71c4egotsbtel7
Accept:text/html,application/xhtml+xml,application/xml;q=0.9,image/avif,image/webp,image/apng,*/*;q=0.8,application/signed-exchange;v=b3;q=0.9
User-Agent:Mozilla/5.0 (X11; Linux x86_64) AppleWebKit/537.36 (KHTML, like Gecko) Chrome/85.0.4183.102 Safari/537.36
Referer:http://web/passcheck.php
Upgrade-Insecure-Requests:1
",cf83e1357eefb8bdf1542850d66d8007d620e4050b5715dc83f4a921d36ce9ce47d0d13c5d85f2b0ff8318d2877eec2f63b931bd47417a81a538327af927da3e,"Keep-Alive:timeout=5, max=75
Server:Apache/2.4.7 (Ubuntu)
Connection:Keep-Alive
Pragma:no-cache
Date:Mon, 11 May 2026 20:20:57 GMT
Cache-Control:no-store, no-cache, must-revalidate, post-check=0, pre-check=0
Expires:Thu, 19 Nov 1981 08:52:00 GMT
Content-Length:41
X-Powered-By:PHP/5.5.9-1ubuntu4.29
Location:/users/login.php
Content-Type:text/html
",cf83e1357eefb8bdf1542850d66d8007d620e4050b5715dc83f4a921d36ce9ce47d0d13c5d85f2b0ff8318d2877eec2f63b931bd47417a81a538327af927da3e,303
http://web/upload/doggie/Dog.jpg.128_128.jpg,GET,"Cookie:PHPSESSID=m9o391rld7ca71c4egotsbtel7
Accept:image/avif,image/webp,image/apng,image/*,*/*;q=0.8
User-Agent:Mozilla/5.0 (X11; Linux x86_64) AppleWebKit/537.36 (KHTML, like Gecko) Chrome/85.0.4183.102 Safari/537.36
Referer:http://web/pictures/recent.php
",cf83e1357eefb8bdf1542850d66d8007d620e4050b5715dc83f4a921d36ce9ce47d0d13c5d85f2b0ff8318d2877eec2f63b931bd47417a81a538327af927da3e,"Keep-Alive:timeout=5, max=99
Server:Apache/2.4.7 (Ubuntu)
Connection:Keep-Alive
Last-Modified:Thu, 02 Feb 2017 22:24:09 GMT
Date:Mon, 11 May 2026 20:18:01 GMT
Accept-Ranges:bytes
ETag:""30b7-547939fb8b440""
Content-Length:12471
Content-Type:image/jpeg
",69d56f0425632e752413df2dedbeab35c78b04f88b4b5e0c3ff3c082644643ba0b4ecff40c05ff2c89177b1d27351cfad091a14195a74b8f1a0a38960c402f09,200
http://web/,GET,"Cookie:PHPSESSID=m9o391rld7ca71c4egotsbtel7
Accept:text/html,application/xhtml+xml,application/xml;q=0.9,image/avif,image/webp,image/apng,*/*;q=0.8,application/signed-exchange;v=b3;q=0.9
User-Agent:Mozilla/5.0 (X11; Linux x86_64) AppleWebKit/537.36 (KHTML, like Gecko) Chrome/85.0.4183.102 Safari/537.36
Upgrade-Insecure-Requests:1
",cf83e1357eefb8bdf1542850d66d8007d620e4050b5715dc83f4a921d36ce9ce47d0d13c5d85f2b0ff8318d2877eec2f63b931bd47417a81a538327af927da3e,"Keep-Alive:timeout=5, max=18
Server:Apache/2.4.7 (Ubuntu)
Connection:Keep-Alive
Pragma:no-cache
Date:Mon, 11 May 2026 20:21:40 GMT
Cache-Control:no-store, no-cache, must-revalidate, post-check=0, pre-check=0
Content-Encoding:gzip
Vary:Accept-Encoding
Expires:Thu, 19 Nov 1981 08:52:00 GMT
Content-Length:1284
X-Powered-By:PHP/5.5.9-1ubuntu4.29
Content-Type:text/html
",3d06429f9c322baa38ebb4f22dd6ef626ffc68fe34aa34c77b829edbd51a8e6c266beb0b751e42d369262d127b24794afe7d91ab2d80502cb53452cb8ed38a08,200
http://web/users/home.php,GET,"Cookie:PHPSESSID=m9o391rld7ca71c4egotsbtel7
Accept:text/html,application/xhtml+xml,application/xml;q=0.9,image/avif,image/webp,image/apng,*/*;q=0.8,application/signed-exchange;v=b3;q=0.9
User-Agent:Mozilla/5.0 (X11; Linux x86_64) AppleWebKit/537.36 (KHTML, like Gecko) Chrome/85.0.4183.102 Safari/537.36
Referer:http://web/pictures/recent.php
Upgrade-Insecure-Requests:1
",cf83e1357eefb8bdf1542850d66d8007d620e4050b5715dc83f4a921d36ce9ce47d0d13c5d85f2b0ff8318d2877eec2f63b931bd47417a81a538327af927da3e,"Keep-Alive:timeout=5, max=96
Server:Apache/2.4.7 (Ubuntu)
Connection:Keep-Alive
Pragma:no-cache
Date:Mon, 11 May 2026 20:18:04 GMT
Cache-Control:no-store, no-cache, must-revalidate, post-check=0, pre-check=0
Expires:Thu, 19 Nov 1981 08:52:00 GMT
Content-Length:41
X-Powered-By:PHP/5.5.9-1ubuntu4.29
Location:/users/login.php
Content-Type:text/html
",cf83e1357eefb8bdf1542850d66d8007d620e4050b5715dc83f4a921d36ce9ce47d0d13c5d85f2b0ff8318d2877eec2f63b931bd47417a81a538327af927da3e,303
http://web/pictures/upload.php,GET,"Cookie:PHPSESSID=m9o391rld7ca71c4egotsbtel7
Accept:text/html,application/xhtml+xml,application/xml;q=0.9,image/avif,image/webp,image/apng,*/*;q=0.8,application/signed-exchange;v=b3;q=0.9
User-Agent:Mozilla/5.0 (X11; Linux x86_64) AppleWebKit/537.36 (KHTML, like Gecko) Chrome/85.0.4183.102 Safari/537.36
Referer:http://web/users/login.php
Upgrade-Insecure-Requests:1
",cf83e1357eefb8bdf1542850d66d8007d620e4050b5715dc83f4a921d36ce9ce47d0d13c5d85f2b0ff8318d2877eec2f63b931bd47417a81a538327af927da3e,"Keep-Alive:timeout=5, max=86
Server:Apache/2.4.7 (Ubuntu)
Connection:Keep-Alive
Pragma:no-cache
Date:Mon, 11 May 2026 20:18:00 GMT
Cache-Control:no-store, no-cache, must-revalidate, post-check=0, pre-check=0
Expires:Thu, 19 Nov 1981 08:52:00 GMT
Content-Length:41
X-Powered-By:PHP/5.5.9-1ubuntu4.29
Location:/users/login.php
Content-Type:text/html
",cf83e1357eefb8bdf1542850d66d8007d620e4050b5715dc83f4a921d36ce9ce47d0d13c5d85f2b0ff8318d2877eec2f63b931bd47417a81a538327af927da3e,303
http://web/pictures/recent.php,GET,"Cookie:PHPSESSID=m9o391rld7ca71c4egotsbtel7
Accept:text/html,application/xhtml+xml,application/xml;q=0.9,image/avif,image/webp,image/apng,*/*;q=0.8,application/signed-exchange;v=b3;q=0.9
User-Agent:Mozilla/5.0 (X11; Linux x86_64) AppleWebKit/537.36 (KHTML, like Gecko) Chrome/85.0.4183.102 Safari/537.36
Referer:http://web/tos.php
Upgrade-Insecure-Requests:1
",cf83e1357eefb8bdf1542850d66d8007d620e4050b5715dc83f4a921d36ce9ce47d0d13c5d85f2b0ff8318d2877eec2f63b931bd47417a81a538327af927da3e,"Keep-Alive:timeout=5, max=84
Server:Apache/2.4.7 (Ubuntu)
Connection:Keep-Alive
Pragma:no-cache
Date:Mon, 11 May 2026 20:19:31 GMT
Cache-Control:no-store, no-cache, must-revalidate, post-check=0, pre-check=0
Content-Encoding:gzip
Vary:Accept-Encoding
Expires:Thu, 19 Nov 1981 08:52:00 GMT
Content-Length:1087
X-Powered-By:PHP/5.5.9-1ubuntu4.29
Content-Type:text/html
",ca876d8eb70708c0cfc55b8e41e641ef725748b0f2df0717bb169056c0fa3351fae987093cef10c7fec49786fa641fc407b34274d843865ffee8b25138c1c7f0,200
http://web/,GET,"Cookie:PHPSESSID=m9o391rld7ca71c4egotsbtel7
Accept:text/html,application/xhtml+xml,application/xml;q=0.9,image/avif,image/webp,image/apng,*/*;q=0.8,application/signed-exchange;v=b3;q=0.9
User-Agent:Mozilla/5.0 (X11; Linux x86_64) AppleWebKit/537.36 (KHTML, like Gecko) Chrome/85.0.4183.102 Safari/537.36
Referer:http://web/guestbook.php
Upgrade-Insecure-Requests:1
",cf83e1357eefb8bdf1542850d66d8007d620e4050b5715dc83f4a921d36ce9ce47d0d13c5d85f2b0ff8318d2877eec2f63b931bd47417a81a538327af927da3e,"Keep-Alive:timeout=5, max=93
Server:Apache/2.4.7 (Ubuntu)
Connection:Keep-Alive
Pragma:no-cache
Date:Mon, 11 May 2026 20:18:07 GMT
Cache-Control:no-store, no-cache, must-revalidate, post-check=0, pre-check=0
Content-Encoding:gzip
Vary:Accept-Encoding
Expires:Thu, 19 Nov 1981 08:52:00 GMT
Content-Length:1283
X-Powered-By:PHP/5.5.9-1ubuntu4.29
Content-Type:text/html
",d478b36eceecfb7b11ca90382ed35ed4e9d49ba2ee6361231b130cefecad0dc0d5c8f3e45992f65b0215f3b121b50492ae5707b0f31bc973870e40dfdec4e4ff,200
http://web/pictures/recent.php,GET,"Cookie:PHPSESSID=m9o391rld7ca71c4egotsbtel7
Accept:text/html,application/xhtml+xml,application/xml;q=0.9,image/avif,image/webp,image/apng,*/*;q=0.8,application/signed-exchange;v=b3;q=0.9
User-Agent:Mozilla/5.0 (X11; Linux x86_64) AppleWebKit/537.36 (KHTML, like Gecko) Chrome/85.0.4183.102 Safari/537.36
Referer:http://web/passcheck.php
Upgrade-Insecure-Requests:1
",cf83e1357eefb8bdf1542850d66d8007d620e4050b5715dc83f4a921d36ce9ce47d0d13c5d85f2b0ff8318d2877eec2f63b931bd47417a81a538327af927da3e,"Keep-Alive:timeout=5, max=70
Server:Apache/2.4.7 (Ubuntu)
Connection:Keep-Alive
Pragma:no-cache
Date:Mon, 11 May 2026 20:21:00 GMT
Cache-Control:no-store, no-cache, must-revalidate, post-check=0, pre-check=0
Content-Encoding:gzip
Vary:Accept-Encoding
Expires:Thu, 19 Nov 1981 08:52:00 GMT
Content-Length:1088
X-Powered-By:PHP/5.5.9-1ubuntu4.29
Content-Type:text/html
",919fe88afafea9d6abf74aab3a56db86905aed7f67f7dc17c91794c346a4e66060d2ca478c940a73e2463a9d209571a25c1852dd9ea1bb3fbd24087d133a38b2,200
http://web/calendar.php,GET,"Cookie:PHPSESSID=m9o391rld7ca71c4egotsbtel7
Accept:text/html,application/xhtml+xml,application/xml;q=0.9,image/avif,image/webp,image/apng,*/*;q=0.8,application/signed-exchange;v=b3;q=0.9
User-Agent:Mozilla/5.0 (X11; Linux x86_64) AppleWebKit/537.36 (KHTML, like Gecko) Chrome/85.0.4183.102 Safari/537.36
Referer:http://web/
Upgrade-Insecure-Requests:1
",cf83e1357eefb8bdf1542850d66d8007d620e4050b5715dc83f4a921d36ce9ce47d0d13c5d85f2b0ff8318d2877eec2f63b931bd47417a81a538327af927da3e,"Keep-Alive:timeout=5, max=75
Server:Apache/2.4.7 (Ubuntu)
Connection:Keep-Alive
Pragma:no-cache
Date:Mon, 11 May 2026 20:18:23 GMT
Cache-Control:no-store, no-cache, must-revalidate, post-check=0, pre-check=0
Content-Encoding:gzip
Vary:Accept-Encoding
Expires:Thu, 19 Nov 1981 08:52:00 GMT
Content-Length:944
X-Powered-By:PHP/5.5.9-1ubuntu4.29
Content-Type:text/html
",d80ccf1e14b58a41a5606fa1dd74c232a7370ee9554b80e67b06d38cd8ad23d51702540790f249f795f51acf69710ce1219184604b5648f3780a668378d194f1,200
http://web/users/home.php,GET,"Cookie:PHPSESSID=m9o391rld7ca71c4egotsbtel7
Accept:text/html,application/xhtml+xml,application/xml;q=0.9,image/avif,image/webp,image/apng,*/*;q=0.8,application/signed-exchange;v=b3;q=0.9
User-Agent:Mozilla/5.0 (X11; Linux x86_64) AppleWebKit/537.36 (KHTML, like Gecko) Chrome/85.0.4183.102 Safari/537.36
Referer:http://web/calendar.php?date=1778790144
Upgrade-Insecure-Requests:1
",cf83e1357eefb8bdf1542850d66d8007d620e4050b5715dc83f4a921d36ce9ce47d0d13c5d85f2b0ff8318d2877eec2f63b931bd47417a81a538327af927da3e,"Keep-Alive:timeout=5, max=54
Server:Apache/2.4.7 (Ubuntu)
Connection:Keep-Alive
Pragma:no-cache
Date:Mon, 11 May 2026 20:22:26 GMT
Cache-Control:no-store, no-cache, must-revalidate, post-check=0, pre-check=0
Expires:Thu, 19 Nov 1981 08:52:00 GMT
Content-Length:41
X-Powered-By:PHP/5.5.9-1ubuntu4.29
Location:/users/login.php
Content-Type:text/html
",cf83e1357eefb8bdf1542850d66d8007d620e4050b5715dc83f4a921d36ce9ce47d0d13c5d85f2b0ff8318d2877eec2f63b931bd47417a81a538327af927da3e,303
http://web/users/register.php,GET,"Cookie:PHPSESSID=m9o391rld7ca71c4egotsbtel7
Accept:text/html,application/xhtml+xml,application/xml;q=0.9,image/avif,image/webp,image/apng,*/*;q=0.8,application/signed-exchange;v=b3;q=0.9
User-Agent:Mozilla/5.0 (X11; Linux x86_64) AppleWebKit/537.36 (KHTML, like Gecko) Chrome/85.0.4183.102 Safari/537.36
Referer:http://web/
Upgrade-Insecure-Requests:1
",cf83e1357eefb8bdf1542850d66d8007d620e4050b5715dc83f4a921d36ce9ce47d0d13c5d85f2b0ff8318d2877eec2f63b931bd47417a81a538327af927da3e,"Keep-Alive:timeout=5, max=68
Server:Apache/2.4.7 (Ubuntu)
Connection:Keep-Alive
Pragma:no-cache
Date:Mon, 11 May 2026 20:21:02 GMT
Cache-Control:no-store, no-cache, must-revalidate, post-check=0, pre-check=0
Content-Encoding:gzip
Vary:Accept-Encoding
Expires:Thu, 19 Nov 1981 08:52:00 GMT
Content-Length:1100
X-Powered-By:PHP/5.5.9-1ubuntu4.29
Content-Type:text/html
",a1a1d32191a7bfc1639e91f13dfceb318014b9583851114c37e3716a7df3da9481169ca4d97074834f96214add54dd0c4bd0e48708bcd2652b55d07968e71c6e,200
http://web/users/login.php,GET,"Cookie:PHPSESSID=m9o391rld7ca71c4egotsbtel7
Accept:text/html,application/xhtml+xml,application/xml;q=0.9,image/avif,image/webp,image/apng,*/*;q=0.8,application/signed-exchange;v=b3;q=0.9
User-Agent:Mozilla/5.0 (X11; Linux x86_64) AppleWebKit/537.36 (KHTML, like Gecko) Chrome/85.0.4183.102 Safari/537.36
Referer:http://web/pictures/recent.php
Upgrade-Insecure-Requests:1
",cf83e1357eefb8bdf1542850d66d8007d620e4050b5715dc83f4a921d36ce9ce47d0d13c5d85f2b0ff8318d2877eec2f63b931bd47417a81a538327af927da3e,"Keep-Alive:timeout=5, max=23
Server:Apache/2.4.7 (Ubuntu)
Connection:Keep-Alive
Pragma:no-cache
Date:Mon, 11 May 2026 20:19:00 GMT
Cache-Control:no-store, no-cache, must-revalidate, post-check=0, pre-check=0
Content-Encoding:gzip
Vary:Accept-Encoding
Expires:Thu, 19 Nov 1981 08:52:00 GMT
Content-Length:977
X-Powered-By:PHP/5.5.9-1ubuntu4.29
Content-Type:text/html
",b74f2bd8ede678b66514870702ee46198ff387bbb1ca56fd4d0c1ba708a4d1ccdd468e2e02f566b5164f46c95418cf1b876a0f99bf9a5bb16a13117e7094bc21,200
http://web/users/login.php,GET,"Cookie:PHPSESSID=m9o391rld7ca71c4egotsbtel7
Accept:text/html,application/xhtml+xml,application/xml;q=0.9,image/avif,image/webp,image/apng,*/*;q=0.8,application/signed-exchange;v=b3;q=0.9
User-Agent:Mozilla/5.0 (X11; Linux x86_64) AppleWebKit/537.36 (KHTML, like Gecko) Chrome/85.0.4183.102 Safari/537.36
Referer:http://web/pictures/recent.php
Upgrade-Insecure-Requests:1
",cf83e1357eefb8bdf1542850d66d8007d620e4050b5715dc83f4a921d36ce9ce47d0d13c5d85f2b0ff8318d2877eec2f63b931bd47417a81a538327af927da3e,"Keep-Alive:timeout=5, max=95
Server:Apache/2.4.7 (Ubuntu)
Connection:Keep-Alive
Pragma:no-cache
Date:Mon, 11 May 2026 20:18:04 GMT
Cache-Control:no-store, no-cache, must-revalidate, post-check=0, pre-check=0
Content-Encoding:gzip
Vary:Accept-Encoding
Expires:Thu, 19 Nov 1981 08:52:00 GMT
Content-Length:977
X-Powered-By:PHP/5.5.9-1ubuntu4.29
Content-Type:text/html
",2895139c365d781b1ce3117d3c9291b3ec11250bb1404fdd7ac18cf5390d3f3a62efd16fb027b268c117fe76f25ab8c3dea72bf91a14a85aa78d992ed33a1aa9,200
http://web/,GET,"Cookie:PHPSESSID=m9o391rld7ca71c4egotsbtel7
Accept:text/html,application/xhtml+xml,application/xml;q=0.9,image/avif,image/webp,image/apng,*/*;q=0.8,application/signed-exchange;v=b3;q=0.9
User-Agent:Mozilla/5.0 (X11; Linux x86_64) AppleWebKit/537.36 (KHTML, like Gecko) Chrome/85.0.4183.102 Safari/537.36
Referer:http://web/
Upgrade-Insecure-Requests:1
",cf83e1357eefb8bdf1542850d66d8007d620e4050b5715dc83f4a921d36ce9ce47d0d13c5d85f2b0ff8318d2877eec2f63b931bd47417a81a538327af927da3e,"Keep-Alive:timeout=5, max=73
Server:Apache/2.4.7 (Ubuntu)
Connection:Keep-Alive
Pragma:no-cache
Date:Mon, 11 May 2026 20:18:25 GMT
Cache-Control:no-store, no-cache, must-revalidate, post-check=0, pre-check=0
Content-Encoding:gzip
Vary:Accept-Encoding
Expires:Thu, 19 Nov 1981 08:52:00 GMT
Content-Length:1284
X-Powered-By:PHP/5.5.9-1ubuntu4.29
Content-Type:text/html
",d5501266ecec33f1cbd6d196b08f98806e318a48ebbc3cf8ec24751c0abd528c70e243af6405a601ebc0fa4a314cb97a422255100d522c2be4599368f642927e,200
http://web/calendar.php,GET,"Cookie:PHPSESSID=m9o391rld7ca71c4egotsbtel7
Accept:text/html,application/xhtml+xml,application/xml;q=0.9,image/avif,image/webp,image/apng,*/*;q=0.8,application/signed-exchange;v=b3;q=0.9
User-Agent:Mozilla/5.0 (X11; Linux x86_64) AppleWebKit/537.36 (KHTML, like Gecko) Chrome/85.0.4183.102 Safari/537.36
Referer:http://web/
Upgrade-Insecure-Requests:1
",cf83e1357eefb8bdf1542850d66d8007d620e4050b5715dc83f4a921d36ce9ce47d0d13c5d85f2b0ff8318d2877eec2f63b931bd47417a81a538327af927da3e,"Keep-Alive:timeout=5, max=30
Server:Apache/2.4.7 (Ubuntu)
Connection:Keep-Alive
Pragma:no-cache
Date:Mon, 11 May 2026 20:21:30 GMT
Cache-Control:no-store, no-cache, must-revalidate, post-check=0, pre-check=0
Content-Encoding:gzip
Vary:Accept-Encoding
Expires:Thu, 19 Nov 1981 08:52:00 GMT
Content-Length:942
X-Powered-By:PHP/5.5.9-1ubuntu4.29
Content-Type:text/html
",89a1d8e48ae33d42d70b5a31166a38997bbea211a3ad79dccb6128703ec1526a5f5ce0ff68b5ab36671542aafbccd1c9249bc754a311a180378985fcdc998226,200
http://web/,GET,"Cookie:PHPSESSID=m9o391rld7ca71c4egotsbtel7
Accept:text/html,application/xhtml+xml,application/xml;q=0.9,image/avif,image/webp,image/apng,*/*;q=0.8,application/signed-exchange;v=b3;q=0.9
User-Agent:Mozilla/5.0 (X11; Linux x86_64) AppleWebKit/537.36 (KHTML, like Gecko) Chrome/85.0.4183.102 Safari/537.36
Upgrade-Insecure-Requests:1
",cf83e1357eefb8bdf1542850d66d8007d620e4050b5715dc83f4a921d36ce9ce47d0d13c5d85f2b0ff8318d2877eec2f63b931bd47417a81a538327af927da3e,"Keep-Alive:timeout=5, max=11
Server:Apache/2.4.7 (Ubuntu)
Connection:Keep-Alive
Pragma:no-cache
Date:Mon, 11 May 2026 20:20:28 GMT
Cache-Control:no-store, no-cache, must-revalidate, post-check=0, pre-check=0
Content-Encoding:gzip
Vary:Accept-Encoding
Expires:Thu, 19 Nov 1981 08:52:00 GMT
Content-Length:1283
X-Powered-By:PHP/5.5.9-1ubuntu4.29
Content-Type:text/html
",e20fa0d7a56f91b50dd626a74c3cb49c061f60ee4607a4ccd2c26c534aeacd101932c0a2269da2279252219ca6625458b7200508811dd847cea4df3cf3d3f7d1,200
http://web/users/login.php,GET,"Cookie:PHPSESSID=m9o391rld7ca71c4egotsbtel7
Accept:text/html,application/xhtml+xml,application/xml;q=0.9,image/avif,image/webp,image/apng,*/*;q=0.8,application/signed-exchange;v=b3;q=0.9
User-Agent:Mozilla/5.0 (X11; Linux x86_64) AppleWebKit/537.36 (KHTML, like Gecko) Chrome/85.0.4183.102 Safari/537.36
Referer:http://web/calendar.php?date=1778703724
Upgrade-Insecure-Requests:1
",cf83e1357eefb8bdf1542850d66d8007d620e4050b5715dc83f4a921d36ce9ce47d0d13c5d85f2b0ff8318d2877eec2f63b931bd47417a81a538327af927da3e,"Keep-Alive:timeout=5, max=81
Server:Apache/2.4.7 (Ubuntu)
Connection:Keep-Alive
Pragma:no-cache
Date:Mon, 11 May 2026 20:22:06 GMT
Cache-Control:no-store, no-cache, must-revalidate, post-check=0, pre-check=0
Content-Encoding:gzip
Vary:Accept-Encoding
Expires:Thu, 19 Nov 1981 08:52:00 GMT
Content-Length:976
X-Powered-By:PHP/5.5.9-1ubuntu4.29
Content-Type:text/html
",c166221dc5f20c9feb81d1bcc3e168da43de3c24bcf4cf4f928059ef3e50b3439eb3f9aa715d2dbc99dcba57368de6e4fb0be6dda4edf5087a8e8a3047d3edb6,200
http://web/calendar.php,GET,"Cookie:PHPSESSID=m9o391rld7ca71c4egotsbtel7
Accept:text/html,application/xhtml+xml,application/xml;q=0.9,image/avif,image/webp,image/apng,*/*;q=0.8,application/signed-exchange;v=b3;q=0.9
User-Agent:Mozilla/5.0 (X11; Linux x86_64) AppleWebKit/537.36 (KHTML, like Gecko) Chrome/85.0.4183.102 Safari/537.36
Referer:http://web/
Upgrade-Insecure-Requests:1
",cf83e1357eefb8bdf1542850d66d8007d620e4050b5715dc83f4a921d36ce9ce47d0d13c5d85f2b0ff8318d2877eec2f63b931bd47417a81a538327af927da3e,"Keep-Alive:timeout=5, max=94
Server:Apache/2.4.7 (Ubuntu)
Connection:Keep-Alive
Pragma:no-cache
Date:Mon, 11 May 2026 20:21:57 GMT
Cache-Control:no-store, no-cache, must-revalidate, post-check=0, pre-check=0
Content-Encoding:gzip
Vary:Accept-Encoding
Expires:Thu, 19 Nov 1981 08:52:00 GMT
Content-Length:944
X-Powered-By:PHP/5.5.9-1ubuntu4.29
Content-Type:text/html
",ee962d6d56203dff1ef01fda3b536eb01f444226b746da596abca50b44f9697bf7e1b3a5368cc0379e040b1d38a0a027d18810e422bdb7d38609f2c0c1ba4deb,200
http://web/calendar.php,GET,"Cookie:PHPSESSID=m9o391rld7ca71c4egotsbtel7
Accept:text/html,application/xhtml+xml,application/xml;q=0.9,image/avif,image/webp,image/apng,*/*;q=0.8,application/signed-exchange;v=b3;q=0.9
User-Agent:Mozilla/5.0 (X11; Linux x86_64) AppleWebKit/537.36 (KHTML, like Gecko) Chrome/85.0.4183.102 Safari/537.36
Referer:http://web/
Upgrade-Insecure-Requests:1
",cf83e1357eefb8bdf1542850d66d8007d620e4050b5715dc83f4a921d36ce9ce47d0d13c5d85f2b0ff8318d2877eec2f63b931bd47417a81a538327af927da3e,"Keep-Alive:timeout=5, max=100
Server:Apache/2.4.7 (Ubuntu)
Connection:Keep-Alive
Pragma:no-cache
Date:Mon, 11 May 2026 20:21:53 GMT
Cache-Control:no-store, no-cache, must-revalidate, post-check=0, pre-check=0
Content-Encoding:gzip
Vary:Accept-Encoding
Expires:Thu, 19 Nov 1981 08:52:00 GMT
Content-Length:942
X-Powered-By:PHP/5.5.9-1ubuntu4.29
Content-Type:text/html
",7702d8859ce0eff27406e24bafc60fe24666e0154b9972b95bc6f34757e6ddf894aea79e037678022fe7b3475cbe43c8c0968a41a17df31346d5e6e4a2f7a616,200
http://web/calendar.php?date=1778790157,GET,"Cookie:PHPSESSID=m9o391rld7ca71c4egotsbtel7
Accept:text/html,application/xhtml+xml,application/xml;q=0.9,image/avif,image/webp,image/apng,*/*;q=0.8,application/signed-exchange;v=b3;q=0.9
User-Agent:Mozilla/5.0 (X11; Linux x86_64) AppleWebKit/537.36 (KHTML, like Gecko) Chrome/85.0.4183.102 Safari/537.36
Referer:http://web/calendar.php?date=1778703757
Upgrade-Insecure-Requests:1
",cf83e1357eefb8bdf1542850d66d8007d620e4050b5715dc83f4a921d36ce9ce47d0d13c5d85f2b0ff8318d2877eec2f63b931bd47417a81a538327af927da3e,"Keep-Alive:timeout=5, max=35
Server:Apache/2.4.7 (Ubuntu)
Connection:Keep-Alive
Pragma:no-cache
Date:Mon, 11 May 2026 20:22:39 GMT
Cache-Control:no-store, no-cache, must-revalidate, post-check=0, pre-check=0
Content-Encoding:gzip
Vary:Accept-Encoding
Expires:Thu, 19 Nov 1981 08:52:00 GMT
Content-Length:945
X-Powered-By:PHP/5.5.9-1ubuntu4.29
Content-Type:text/html
",6a85346f040d0484f93d034eedb9b73fe6368f27f567d5dd592e9e2f73b3024722d6f64fa0a2838a2fbf5c38e390ca655771ae1d2cc1d14d7e3a77be4e2ecb53,200
http://web/guestbook.php,GET,"Cookie:PHPSESSID=m9o391rld7ca71c4egotsbtel7
Accept:text/html,application/xhtml+xml,application/xml;q=0.9,image/avif,image/webp,image/apng,*/*;q=0.8,application/signed-exchange;v=b3;q=0.9
User-Agent:Mozilla/5.0 (X11; Linux x86_64) AppleWebKit/537.36 (KHTML, like Gecko) Chrome/85.0.4183.102 Safari/537.36
Referer:http://web/calendar.php?date=1778703721
Upgrade-Insecure-Requests:1
",cf83e1357eefb8bdf1542850d66d8007d620e4050b5715dc83f4a921d36ce9ce47d0d13c5d85f2b0ff8318d2877eec2f63b931bd47417a81a538327af927da3e,"Keep-Alive:timeout=5, max=86
Server:Apache/2.4.7 (Ubuntu)
Connection:Keep-Alive
Pragma:no-cache
Date:Mon, 11 May 2026 20:22:03 GMT
Cache-Control:no-store, no-cache, must-revalidate, post-check=0, pre-check=0
Content-Encoding:gzip
Vary:Accept-Encoding
Expires:Thu, 19 Nov 1981 08:52:00 GMT
Content-Length:998
X-Powered-By:PHP/5.5.9-1ubuntu4.29
Content-Type:text/html
",5d9616069c99613afe71d5154b260f37db315ec0ceec1a283468a7e07c77965a6dcb5e7f90fd1eb26bee8a1f85afc3ecc1e9020a203507cab3a7848c9e59c61a,200
http://web/upload/waterfall/Waterfall.128_128.jpg,GET,"Cookie:PHPSESSID=m9o391rld7ca71c4egotsbtel7
Accept:image/avif,image/webp,image/apng,image/*,*/*;q=0.8
User-Agent:Mozilla/5.0 (X11; Linux x86_64) AppleWebKit/537.36 (KHTML, like Gecko) Chrome/85.0.4183.102 Safari/537.36
Referer:http://web/pictures/recent.php
",cf83e1357eefb8bdf1542850d66d8007d620e4050b5715dc83f4a921d36ce9ce47d0d13c5d85f2b0ff8318d2877eec2f63b931bd47417a81a538327af927da3e,"Server:Apache/2.4.7 (Ubuntu)
Last-Modified:Thu, 02 Feb 2017 22:24:09 GMT
Date:Mon, 11 May 2026 20:18:01 GMT
Accept-Ranges:bytes
ETag:""3950-547939fb8b440""
Content-Length:14672
Content-Type:image/jpeg
",b4cf82dbfa6dd1d66ab0e526149bcfb14444941e01c00d5afee0b0a79ee6168b00bc6969f9ad0fdf9b2b75a6ddf60da5fffbc01ffad4f107b0001c213260c858,200
http://web/,GET,"Cookie:PHPSESSID=m9o391rld7ca71c4egotsbtel7
Accept:text/html,application/xhtml+xml,application/xml;q=0.9,image/avif,image/webp,image/apng,*/*;q=0.8,application/signed-exchange;v=b3;q=0.9
User-Agent:Mozilla/5.0 (X11; Linux x86_64) AppleWebKit/537.36 (KHTML, like Gecko) Chrome/85.0.4183.102 Safari/537.36
Upgrade-Insecure-Requests:1
",cf83e1357eefb8bdf1542850d66d8007d620e4050b5715dc83f4a921d36ce9ce47d0d13c5d85f2b0ff8318d2877eec2f63b931bd47417a81a538327af927da3e,"Keep-Alive:timeout=5, max=50
Server:Apache/2.4.7 (Ubuntu)
Connection:Keep-Alive
Pragma:no-cache
Date:Mon, 11 May 2026 20:20:00 GMT
Cache-Control:no-store, no-cache, must-revalidate, post-check=0, pre-check=0
Content-Encoding:gzip
Vary:Accept-Encoding
Expires:Thu, 19 Nov 1981 08:52:00 GMT
Content-Length:1284
X-Powered-By:PHP/5.5.9-1ubuntu4.29
Content-Type:text/html
",231db68c926d27ee89dfd8380e37b74c67df21bf997c8db1c1152eefaba42bf6102cfd79a69e9f3385bb39dfa82de2e302c7932eb79271d9355a1882dd098526,200
http://web/passcheck.php,POST,"Origin:http://web
Cookie:PHPSESSID=m9o391rld7ca71c4egotsbtel7
Accept:text/html,application/xhtml+xml,application/xml;q=0.9,image/avif,image/webp,image/apng,*/*;q=0.8,application/signed-exchange;v=b3;q=0.9
User-Agent:Mozilla/5.0 (X11; Linux x86_64) AppleWebKit/537.36 (KHTML, like Gecko) Chrome/85.0.4183.102 Safari/537.36
Referer:http://web/passcheck.php
Upgrade-Insecure-Requests:1
Content-Type:application/x-www-form-urlencoded
",8a68908a87a6cdd8ee39f113bc666b4b002bf82ba2045008513c627578378460bec6bedb37c351dd1f67b86cab873490c708dfdd2b4d55e71dbaf0f05e4f2f32,"Keep-Alive:timeout=5, max=46
Server:Apache/2.4.7 (Ubuntu)
Connection:Keep-Alive
Pragma:no-cache
Date:Mon, 11 May 2026 20:21:20 GMT
Cache-Control:no-store, no-cache, must-revalidate, post-check=0, pre-check=0
Content-Encoding:gzip
Vary:Accept-Encoding
Expires:Thu, 19 Nov 1981 08:52:00 GMT
Content-Length:927
X-Powered-By:PHP/5.5.9-1ubuntu4.29
Content-Type:text/html
",b6028af6afbb83b4ead9209259e0be0654de774bc0b449435d862891ba7316e7423167ae55c356ce416a8572d721cb940211eb35a9d5b175f8dfad222ff233bb,200
http://web/,GET,"Cookie:PHPSESSID=m9o391rld7ca71c4egotsbtel7
Accept:text/html,application/xhtml+xml,application/xml;q=0.9,image/avif,image/webp,image/apng,*/*;q=0.8,application/signed-exchange;v=b3;q=0.9
User-Agent:Mozilla/5.0 (X11; Linux x86_64) AppleWebKit/537.36 (KHTML, like Gecko) Chrome/85.0.4183.102 Safari/537.36
Upgrade-Insecure-Requests:1
",cf83e1357eefb8bdf1542850d66d8007d620e4050b5715dc83f4a921d36ce9ce47d0d13c5d85f2b0ff8318d2877eec2f63b931bd47417a81a538327af927da3e,"Keep-Alive:timeout=5, max=31
Server:Apache/2.4.7 (Ubuntu)
Connection:Keep-Alive
Pragma:no-cache
Date:Mon, 11 May 2026 20:21:30 GMT
Cache-Control:no-store, no-cache, must-revalidate, post-check=0, pre-check=0
Content-Encoding:gzip
Vary:Accept-Encoding
Expires:Thu, 19 Nov 1981 08:52:00 GMT
Content-Length:1283
X-Powered-By:PHP/5.5.9-1ubuntu4.29
Content-Type:text/html
",f97f5a2a617c55dacb865e342802ccf7f78e39fcda5f3d1bd755ab9be4794747681c3ba2b0a0d67b948542e5751e683ccff38eabbe05806ee78d23c18689d7e0,200
http://web/calendar.php,GET,"Cookie:PHPSESSID=m9o391rld7ca71c4egotsbtel7
Accept:text/html,application/xhtml+xml,application/xml;q=0.9,image/avif,image/webp,image/apng,*/*;q=0.8,application/signed-exchange;v=b3;q=0.9
User-Agent:Mozilla/5.0 (X11; Linux x86_64) AppleWebKit/537.36 (KHTML, like Gecko) Chrome/85.0.4183.102 Safari/537.36
Referer:http://web/
Upgrade-Insecure-Requests:1
",cf83e1357eefb8bdf1542850d66d8007d620e4050b5715dc83f4a921d36ce9ce47d0d13c5d85f2b0ff8318d2877eec2f63b931bd47417a81a538327af927da3e,"Keep-Alive:timeout=5, max=39
Server:Apache/2.4.7 (Ubuntu)
Connection:Keep-Alive
Pragma:no-cache
Date:Mon, 11 May 2026 20:21:24 GMT
Cache-Control:no-store, no-cache, must-revalidate, post-check=0, pre-check=0
Content-Encoding:gzip
Vary:Accept-Encoding
Expires:Thu, 19 Nov 1981 08:52:00 GMT
Content-Length:941
X-Powered-By:PHP/5.5.9-1ubuntu4.29
Content-Type:text/html
",d95b029ff8b40daaac3d6edf367676e9ed7424a33fad20a15340b32c8e8293db48c581138972e1c04b25f5f570c28ecdc0a536aa142d644c6ffb951642fc1279,200
http://web/users/home.php,GET,"Cookie:PHPSESSID=m9o391rld7ca71c4egotsbtel7
Accept:text/html,application/xhtml+xml,application/xml;q=0.9,image/avif,image/webp,image/apng,*/*;q=0.8,application/signed-exchange;v=b3;q=0.9
User-Agent:Mozilla/5.0 (X11; Linux x86_64) AppleWebKit/537.36 (KHTML, like Gecko) Chrome/85.0.4183.102 Safari/537.36
Referer:http://web/calendar.php?date=1778703710
Upgrade-Insecure-Requests:1
",cf83e1357eefb8bdf1542850d66d8007d620e4050b5715dc83f4a921d36ce9ce47d0d13c5d85f2b0ff8318d2877eec2f63b931bd47417a81a538327af927da3e,"Keep-Alive:timeout=5, max=2
Server:Apache/2.4.7 (Ubuntu)
Connection:Keep-Alive
Pragma:no-cache
Date:Mon, 11 May 2026 20:21:51 GMT
Cache-Control:no-store, no-cache, must-revalidate, post-check=0, pre-check=0
Expires:Thu, 19 Nov 1981 08:52:00 GMT
Content-Length:41
X-Powered-By:PHP/5.5.9-1ubuntu4.29
Location:/users/login.php
Content-Type:text/html
",cf83e1357eefb8bdf1542850d66d8007d620e4050b5715dc83f4a921d36ce9ce47d0d13c5d85f2b0ff8318d2877eec2f63b931bd47417a81a538327af927da3e,303
http://web/,GET,"Cookie:PHPSESSID=m9o391rld7ca71c4egotsbtel7
Accept:text/html,application/xhtml+xml,application/xml;q=0.9,image/avif,image/webp,image/apng,*/*;q=0.8,application/signed-exchange;v=b3;q=0.9
User-Agent:Mozilla/5.0 (X11; Linux x86_64) AppleWebKit/537.36 (KHTML, like Gecko) Chrome/85.0.4183.102 Safari/537.36
Referer:http://web/users/sample.php?userid=1
Upgrade-Insecure-Requests:1
",cf83e1357eefb8bdf1542850d66d8007d620e4050b5715dc83f4a921d36ce9ce47d0d13c5d85f2b0ff8318d2877eec2f63b931bd47417a81a538327af927da3e,"Keep-Alive:timeout=5, max=27
Server:Apache/2.4.7 (Ubuntu)
Connection:Keep-Alive
Pragma:no-cache
Date:Mon, 11 May 2026 20:20:16 GMT
Cache-Control:no-store, no-cache, must-revalidate, post-check=0, pre-check=0
Content-Encoding:gzip
Vary:Accept-Encoding
Expires:Thu, 19 Nov 1981 08:52:00 GMT
Content-Length:1283
X-Powered-By:PHP/5.5.9-1ubuntu4.29
Content-Type:text/html
",ece0e09d55f922481f3abc5945517e1472dca3d5e0a03209c68d7b59f7de3feb9145cdd2c142df29ccd9f64413e7e7b65ea7baea02b8c7e4a44f203c705d91ab,200
http://web/,GET,"Cookie:PHPSESSID=m9o391rld7ca71c4egotsbtel7
Accept:text/html,application/xhtml+xml,application/xml;q=0.9,image/avif,image/webp,image/apng,*/*;q=0.8,application/signed-exchange;v=b3;q=0.9
User-Agent:Mozilla/5.0 (X11; Linux x86_64) AppleWebKit/537.36 (KHTML, like Gecko) Chrome/85.0.4183.102 Safari/537.36
Referer:http://web/users/register.php
Upgrade-Insecure-Requests:1
",cf83e1357eefb8bdf1542850d66d8007d620e4050b5715dc83f4a921d36ce9ce47d0d13c5d85f2b0ff8318d2877eec2f63b931bd47417a81a538327af927da3e,"Keep-Alive:timeout=5, max=87
Server:Apache/2.4.7 (Ubuntu)
Connection:Keep-Alive
Pragma:no-cache
Date:Mon, 11 May 2026 20:18:12 GMT
Cache-Control:no-store, no-cache, must-revalidate, post-check=0, pre-check=0
Content-Encoding:gzip
Vary:Accept-Encoding
Expires:Thu, 19 Nov 1981 08:52:00 GMT
Content-Length:1285
X-Powered-By:PHP/5.5.9-1ubuntu4.29
Content-Type:text/html
",29c3f64bef1e1d3fe55b2332404c45930d9ff15e116723023fd1ae7875b69b2aa6f0f63e3f2b37ca0b1659765b87f717b2ab62d78cc3eda1de8a9a30ad9eb387,200
http://web/users/login.php,GET,"Cookie:PHPSESSID=m9o391rld7ca71c4egotsbtel7
Accept:text/html,application/xhtml+xml,application/xml;q=0.9,image/avif,image/webp,image/apng,*/*;q=0.8,application/signed-exchange;v=b3;q=0.9
User-Agent:Mozilla/5.0 (X11; Linux x86_64) AppleWebKit/537.36 (KHTML, like Gecko) Chrome/85.0.4183.102 Safari/537.36
Referer:http://web/guestbook.php
Upgrade-Insecure-Requests:1
",cf83e1357eefb8bdf1542850d66d8007d620e4050b5715dc83f4a921d36ce9ce47d0d13c5d85f2b0ff8318d2877eec2f63b931bd47417a81a538327af927da3e,"Keep-Alive:timeout=5, max=90
Server:Apache/2.4.7 (Ubuntu)
Connection:Keep-Alive
Pragma:no-cache
Date:Mon, 11 May 2026 20:18:09 GMT
Cache-Control:no-store, no-cache, must-revalidate, post-check=0, pre-check=0
Content-Encoding:gzip
Vary:Accept-Encoding
Expires:Thu, 19 Nov 1981 08:52:00 GMT
Content-Length:976
X-Powered-By:PHP/5.5.9-1ubuntu4.29
Content-Type:text/html
",c2d0c5a679c0196e0c17807061ce2b29e3bcc9994df36139fb1acca9d88f0ad9cba31497d6a69a999deb084932af2a1fda9231f2c83a09a16f5b2b9f2b08aad3,200
http://web/users/register.php,GET,"Cookie:PHPSESSID=m9o391rld7ca71c4egotsbtel7
Accept:text/html,application/xhtml+xml,application/xml;q=0.9,image/avif,image/webp,image/apng,*/*;q=0.8,application/signed-exchange;v=b3;q=0.9
User-Agent:Mozilla/5.0 (X11; Linux x86_64) AppleWebKit/537.36 (KHTML, like Gecko) Chrome/85.0.4183.102 Safari/537.36
Referer:http://web/
Upgrade-Insecure-Requests:1
",cf83e1357eefb8bdf1542850d66d8007d620e4050b5715dc83f4a921d36ce9ce47d0d13c5d85f2b0ff8318d2877eec2f63b931bd47417a81a538327af927da3e,"Keep-Alive:timeout=5, max=79
Server:Apache/2.4.7 (Ubuntu)
Connection:Keep-Alive
Pragma:no-cache
Date:Mon, 11 May 2026 20:19:35 GMT
Cache-Control:no-store, no-cache, must-revalidate, post-check=0, pre-check=0
Content-Encoding:gzip
Vary:Accept-Encoding
Expires:Thu, 19 Nov 1981 08:52:00 GMT
Content-Length:1101
X-Powered-By:PHP/5.5.9-1ubuntu4.29
Content-Type:text/html
",4cd583f473269db4a68efa96e3f6b4e76ba35594724b8f251457390592462d83d294a218eec977e2d319a72e7f11107a77f11653287b21731a2dfe6ce394152e,200
http://web/pictures/recent.php,GET,"Cookie:PHPSESSID=m9o391rld7ca71c4egotsbtel7
Accept:text/html,application/xhtml+xml,application/xml;q=0.9,image/avif,image/webp,image/apng,*/*;q=0.8,application/signed-exchange;v=b3;q=0.9
User-Agent:Mozilla/5.0 (X11; Linux x86_64) AppleWebKit/537.36 (KHTML, like Gecko) Chrome/85.0.4183.102 Safari/537.36
Referer:http://web/
Upgrade-Insecure-Requests:1
",cf83e1357eefb8bdf1542850d66d8007d620e4050b5715dc83f4a921d36ce9ce47d0d13c5d85f2b0ff8318d2877eec2f63b931bd47417a81a538327af927da3e,"Keep-Alive:timeout=5, max=17
Server:Apache/2.4.7 (Ubuntu)
Connection:Keep-Alive
Pragma:no-cache
Date:Mon, 11 May 2026 20:19:04 GMT
Cache-Control:no-store, no-cache, must-revalidate, post-check=0, pre-check=0
Content-Encoding:gzip
Vary:Accept-Encoding
Expires:Thu, 19 Nov 1981 08:52:00 GMT
Content-Length:1088
X-Powered-By:PHP/5.5.9-1ubuntu4.29
Content-Type:text/html
",24c2358149e47ce220b84a385043a21b055c1c8691566d5004f42244559825d86a767994812c3013989312f28f60d52cf0eb139ccc05646ad6bf610c73fff13a,200
http://web/pictures/recent.php,GET,"Cookie:PHPSESSID=m9o391rld7ca71c4egotsbtel7
Accept:text/html,application/xhtml+xml,application/xml;q=0.9,image/avif,image/webp,image/apng,*/*;q=0.8,application/signed-exchange;v=b3;q=0.9
User-Agent:Mozilla/5.0 (X11; Linux x86_64) AppleWebKit/537.36 (KHTML, like Gecko) Chrome/85.0.4183.102 Safari/537.36
Referer:http://web/
Upgrade-Insecure-Requests:1
",cf83e1357eefb8bdf1542850d66d8007d620e4050b5715dc83f4a921d36ce9ce47d0d13c5d85f2b0ff8318d2877eec2f63b931bd47417a81a538327af927da3e,"Keep-Alive:timeout=5, max=41
Server:Apache/2.4.7 (Ubuntu)
Connection:Keep-Alive
Pragma:no-cache
Date:Mon, 11 May 2026 20:18:49 GMT
Cache-Control:no-store, no-cache, must-revalidate, post-check=0, pre-check=0
Content-Encoding:gzip
Vary:Accept-Encoding
Expires:Thu, 19 Nov 1981 08:52:00 GMT
Content-Length:1088
X-Powered-By:PHP/5.5.9-1ubuntu4.29
Content-Type:text/html
",281d1e59a7766332606e171cf0cb03c3f4b695ad7490d26caadf6a86b07d840f17d641582f7dd0ab3b966b35e608c79f6a633ec9793fc5743b957ab265dcf079,200
http://web/users/login.php,GET,"Cookie:PHPSESSID=m9o391rld7ca71c4egotsbtel7
Accept:text/html,application/xhtml+xml,application/xml;q=0.9,image/avif,image/webp,image/apng,*/*;q=0.8,application/signed-exchange;v=b3;q=0.9
User-Agent:Mozilla/5.0 (X11; Linux x86_64) AppleWebKit/537.36 (KHTML, like Gecko) Chrome/85.0.4183.102 Safari/537.36
Referer:http://web/pictures/recent.php
Upgrade-Insecure-Requests:1
",cf83e1357eefb8bdf1542850d66d8007d620e4050b5715dc83f4a921d36ce9ce47d0d13c5d85f2b0ff8318d2877eec2f63b931bd47417a81a538327af927da3e,"Keep-Alive:timeout=5, max=19
Server:Apache/2.4.7 (Ubuntu)
Connection:Keep-Alive
Pragma:no-cache
Date:Mon, 11 May 2026 20:19:03 GMT
Cache-Control:no-store, no-cache, must-revalidate, post-check=0, pre-check=0
Content-Encoding:gzip
Vary:Accept-Encoding
Expires:Thu, 19 Nov 1981 08:52:00 GMT
Content-Length:977
X-Powered-By:PHP/5.5.9-1ubuntu4.29
Content-Type:text/html
",6235a4b75579bd86183ea990cee39db1e8bd2155862907de1834886867f787e02b29b0aa382c868dea6b7e628f24bdd9244f3145d85cc70c869ab05afbafa44a,200
http://web/calendar.php,GET,"Cookie:PHPSESSID=m9o391rld7ca71c4egotsbtel7
Accept:text/html,application/xhtml+xml,application/xml;q=0.9,image/avif,image/webp,image/apng,*/*;q=0.8,application/signed-exchange;v=b3;q=0.9
User-Agent:Mozilla/5.0 (X11; Linux x86_64) AppleWebKit/537.36 (KHTML, like Gecko) Chrome/85.0.4183.102 Safari/537.36
Referer:http://web/
Upgrade-Insecure-Requests:1
",cf83e1357eefb8bdf1542850d66d8007d620e4050b5715dc83f4a921d36ce9ce47d0d13c5d85f2b0ff8318d2877eec2f63b931bd47417a81a538327af927da3e,"Keep-Alive:timeout=5, max=5
Server:Apache/2.4.7 (Ubuntu)
Connection:Keep-Alive
Pragma:no-cache
Date:Mon, 11 May 2026 20:21:50 GMT
Cache-Control:no-store, no-cache, must-revalidate, post-check=0, pre-check=0
Content-Encoding:gzip
Vary:Accept-Encoding
Expires:Thu, 19 Nov 1981 08:52:00 GMT
Content-Length:943
X-Powered-By:PHP/5.5.9-1ubuntu4.29
Content-Type:text/html
",fbfe92c581bf541e727ab8f9b097fb2b1bc60383ea018e21831e0540fce843b690ca7a7b956386cfded150c8ef0d607becb74062d3e1065f6b5fc0ed1668e9ac,200
http://web/,GET,"Cookie:PHPSESSID=m9o391rld7ca71c4egotsbtel7
Accept:text/html,application/xhtml+xml,application/xml;q=0.9,image/avif,image/webp,image/apng,*/*;q=0.8,application/signed-exchange;v=b3;q=0.9
User-Agent:Mozilla/5.0 (X11; Linux x86_64) AppleWebKit/537.36 (KHTML, like Gecko) Chrome/85.0.4183.102 Safari/537.36
Upgrade-Insecure-Requests:1
",cf83e1357eefb8bdf1542850d66d8007d620e4050b5715dc83f4a921d36ce9ce47d0d13c5d85f2b0ff8318d2877eec2f63b931bd47417a81a538327af927da3e,"Keep-Alive:timeout=5, max=59
Server:Apache/2.4.7 (Ubuntu)
Connection:Keep-Alive
Pragma:no-cache
Date:Mon, 11 May 2026 20:22:23 GMT
Cache-Control:no-store, no-cache, must-revalidate, post-check=0, pre-check=0
Content-Encoding:gzip
Vary:Accept-Encoding
Expires:Thu, 19 Nov 1981 08:52:00 GMT
Content-Length:1283
X-Powered-By:PHP/5.5.9-1ubuntu4.29
Content-Type:text/html
",b0bffe988a90239744f1feb331ddc281cfd04c67435686e70f0ec91c5da5306121cdeac7054783132c574d6eca3715a448a3cf22f0cb807c8e02b268a4f2c2de,200
