url,method,req_headers,req_hash,resp_headers,resp_hash,status
http://web/index.php,GET,"Accept:text/html,application/xhtml+xml,application/xml;q=0.9,image/avif,image/webp,image/apng,*/*;q=0.8,application/signed-exchange;v=b3;q=0.9
User-Agent:Mozilla/5.0 (X11; Linux x86_64) AppleWebKit/537.36 (KHTML, like Gecko) Chrome/85.0.4183.102 Safari/537.36
Upgrade-Insecure-Requests:1
",cf83e1357eefb8bdf1542850d66d8007d620e4050b5715dc83f4a921d36ce9ce47d0d13c5d85f2b0ff8318d2877eec2f63b931bd47417a81a538327af927da3e,"Keep-Alive:timeout=5, max=53
Server:Apache/2.4.38 (Debian)
Connection:Keep-Alive
Date:Mon, 11 May 2026 21:05:01 GMT
Cache-Control:max-age=0,must-revalidate,private
Content-Encoding:gzip
Vary:Accept-Encoding
Content-Length:1415
X-Powered-By:PHP/7.1.33
Content-Type:text/html; charset=UTF-8
",375cec7f81bb5b08d368697904a9864d311e57fe52de8d5bc220e07b2eda80996ecff9fa8d40da472c749e7f4b7741b2066e0d8c9d75b4ade9179dd66968bc66,200
http://web/?post=.empty,POST,"Origin:http://web
Accept:text/html,application/xhtml+xml,application/xml;q=0.9,image/avif,image/webp,image/apng,*/*;q=0.8,application/signed-exchange;v=b3;q=0.9
User-Agent:Mozilla/5.0 (X11; Linux x86_64) AppleWebKit/537.36 (KHTML, like Gecko) Chrome/85.0.4183.102 Safari/537.36
Referer:http://web/index.php
Upgrade-Insecure-Requests:1
Content-Type:multipart/form-data; boundary=----WebKitFormBoundaryiU0MCnGr4Sah0L7Y
",dd5376e5cc30b84798cf1b48996bd93b24cd707721e68d586b79fe05640e48ece4535ed53a9eb8db07ee22ae2d27718ce3ba2e2c7ecc6945e998d02d5f48ad70,"Keep-Alive:timeout=5, max=12
Server:Apache/2.4.38 (Debian)
Connection:Keep-Alive
Date:Mon, 11 May 2026 21:06:02 GMT
Cache-Control:max-age=0,must-revalidate,private
Content-Encoding:gzip
Vary:Accept-Encoding
Content-Length:1414
X-Powered-By:PHP/7.1.33
Content-Type:text/html; charset=UTF-8
",e554c350cf762547b35e2665defdffd2980b3d1d456bf0b4ccbc5e0e32f708ea7d3d1c9f081de191edc10f44908633b5aad7c066958d6f189c5cbcc222026afd,200
http://web/index.php,GET,"Accept:text/html,application/xhtml+xml,application/xml;q=0.9,image/avif,image/webp,image/apng,*/*;q=0.8,application/signed-exchange;v=b3;q=0.9
User-Agent:Mozilla/5.0 (X11; Linux x86_64) AppleWebKit/537.36 (KHTML, like Gecko) Chrome/85.0.4183.102 Safari/537.36
Upgrade-Insecure-Requests:1
",cf83e1357eefb8bdf1542850d66d8007d620e4050b5715dc83f4a921d36ce9ce47d0d13c5d85f2b0ff8318d2877eec2f63b931bd47417a81a538327af927da3e,"Keep-Alive:timeout=5, max=67
Server:Apache/2.4.38 (Debian)
Connection:Keep-Alive
Date:Mon, 11 May 2026 21:04:42 GMT
Cache-Control:max-age=0,must-revalidate,private
Content-Encoding:gzip
Vary:Accept-Encoding
Content-Length:1415
X-Powered-By:PHP/7.1.33
Content-Type:text/html; charset=UTF-8
",8d8f016fb92bc6b790b811bef07c35de35caf1a052f74c2d0fa2acbffeee578fa66f23916d1d37e7add4ddf077a20f1d3ec329a7a57114fe3affc6e076844d70,200
http://web/index.php?signin=1&action=new,POST,"Origin:http://web
Accept:text/html,application/xhtml+xml,application/xml;q=0.9,image/avif,image/webp,image/apng,*/*;q=0.8,application/signed-exchange;v=b3;q=0.9
User-Agent:Mozilla/5.0 (X11; Linux x86_64) AppleWebKit/537.36 (KHTML, like Gecko) Chrome/85.0.4183.102 Safari/537.36
Referer:http://web/index.php
Upgrade-Insecure-Requests:1
Content-Type:multipart/form-data; boundary=----WebKitFormBoundarylz8LhINxHHMFo296
",b43901ee603f668d113cbd6aabaeab725a791e647031cd2ea4472f584b441ebe096d0e65e5efb031c095b5e4fc7b30ad7d32bcf3da77b81174b374a7d284a843,"Keep-Alive:timeout=5, max=45
Server:Apache/2.4.38 (Debian)
Connection:Keep-Alive
Date:Mon, 11 May 2026 21:07:40 GMT
Cache-Control:max-age=0,must-revalidate,private
Content-Encoding:gzip
Vary:Accept-Encoding
Content-Length:1413
X-Powered-By:PHP/7.1.33
Content-Type:text/html; charset=UTF-8
",1eaa5adbeea11d5087ab893dacbd5cc33655b46319850e4b6ea8c8f1fdbe3a75368d76bc87d76c3a84e63cfe086dccdc7daa3c926b9f2d25172d04957f3dd3cd,200
http://web/index.php,GET,"Accept:text/html,application/xhtml+xml,application/xml;q=0.9,image/avif,image/webp,image/apng,*/*;q=0.8,application/signed-exchange;v=b3;q=0.9
User-Agent:Mozilla/5.0 (X11; Linux x86_64) AppleWebKit/537.36 (KHTML, like Gecko) Chrome/85.0.4183.102 Safari/537.36
Upgrade-Insecure-Requests:1
",cf83e1357eefb8bdf1542850d66d8007d620e4050b5715dc83f4a921d36ce9ce47d0d13c5d85f2b0ff8318d2877eec2f63b931bd47417a81a538327af927da3e,"Keep-Alive:timeout=5, max=24
Server:Apache/2.4.38 (Debian)
Connection:Keep-Alive
Date:Mon, 11 May 2026 21:08:14 GMT
Cache-Control:max-age=0,must-revalidate,private
Content-Encoding:gzip
Vary:Accept-Encoding
Content-Length:1415
X-Powered-By:PHP/7.1.33
Content-Type:text/html; charset=UTF-8
",b4e5b42d46ed7d06f9d29f835f10b66e9dcb98a5685200f138d1964066e7ae1b7fdf2e1f72a94f1b3678ceb4639cae67dea00fd61c5e5967c1fbb8a70811b285,200
http://web/,GET,"Accept:text/html,application/xhtml+xml,application/xml;q=0.9,image/avif,image/webp,image/apng,*/*;q=0.8,application/signed-exchange;v=b3;q=0.9
User-Agent:Mozilla/5.0 (X11; Linux x86_64) AppleWebKit/537.36 (KHTML, like Gecko) Chrome/85.0.4183.102 Safari/537.36
Upgrade-Insecure-Requests:1
",cf83e1357eefb8bdf1542850d66d8007d620e4050b5715dc83f4a921d36ce9ce47d0d13c5d85f2b0ff8318d2877eec2f63b931bd47417a81a538327af927da3e,"Keep-Alive:timeout=5, max=21
Server:Apache/2.4.38 (Debian)
Connection:Keep-Alive
Date:Mon, 11 May 2026 21:05:48 GMT
Cache-Control:max-age=0,must-revalidate,private
Content-Encoding:gzip
Vary:Accept-Encoding
Content-Length:1413
X-Powered-By:PHP/7.1.33
Content-Type:text/html; charset=UTF-8
",3b474873d48140470f06abf4d6c1baeebf77e128eca026e0053776a003cd8c1c19b13ded2a01ab33c69e278bad1029ec9ba50f292a82bd0d1cd1f7155aadb273,200
http://web/,GET,"Accept:text/html,application/xhtml+xml,application/xml;q=0.9,image/avif,image/webp,image/apng,*/*;q=0.8,application/signed-exchange;v=b3;q=0.9
User-Agent:Mozilla/5.0 (X11; Linux x86_64) AppleWebKit/537.36 (KHTML, like Gecko) Chrome/85.0.4183.102 Safari/537.36
Referer:http://web/index.php?signin=1&action=forgot
Upgrade-Insecure-Requests:1
",cf83e1357eefb8bdf1542850d66d8007d620e4050b5715dc83f4a921d36ce9ce47d0d13c5d85f2b0ff8318d2877eec2f63b931bd47417a81a538327af927da3e,"Keep-Alive:timeout=5, max=61
Server:Apache/2.4.38 (Debian)
Connection:Keep-Alive
Date:Mon, 11 May 2026 21:04:49 GMT
Cache-Control:max-age=0,must-revalidate,private
Content-Encoding:gzip
Vary:Accept-Encoding
Content-Length:1416
X-Powered-By:PHP/7.1.33
Content-Type:text/html; charset=UTF-8
",309522c83ec9012bb97279af804c3fedcbfcf67616a4a50855d04388fe2396b4ac5d92bc2f838118237d5468380d19075841d5cfe136ab4923fbe44a970c3852,200
http://web/users.php?t=pc,GET,"Accept:text/html,application/xhtml+xml,application/xml;q=0.9,image/avif,image/webp,image/apng,*/*;q=0.8,application/signed-exchange;v=b3;q=0.9
User-Agent:Mozilla/5.0 (X11; Linux x86_64) AppleWebKit/537.36 (KHTML, like Gecko) Chrome/85.0.4183.102 Safari/537.36
Upgrade-Insecure-Requests:1
",cf83e1357eefb8bdf1542850d66d8007d620e4050b5715dc83f4a921d36ce9ce47d0d13c5d85f2b0ff8318d2877eec2f63b931bd47417a81a538327af927da3e,"Keep-Alive:timeout=5, max=60
Server:Apache/2.4.38 (Debian)
Connection:Keep-Alive
Date:Mon, 11 May 2026 21:07:17 GMT
Cache-Control:max-age=0,must-revalidate,private
Content-Encoding:gzip
Vary:Accept-Encoding
Content-Length:1379
X-Powered-By:PHP/7.1.33
Content-Type:text/html; charset=UTF-8
",c2b34754724fefac2b6fc194fd71463b10c257df9fef73ebf81122cc9be227285076f7595883622882188dcd9787921587e73f1eb4623cc1474e023d46364348,200
http://web/users.php?t=pc,GET,"Accept:*/*
User-Agent:Mozilla/5.0 (X11; Linux x86_64) AppleWebKit/537.36 (KHTML, like Gecko) Chrome/85.0.4183.102 Safari/537.36
Referer:http://web/
",cf83e1357eefb8bdf1542850d66d8007d620e4050b5715dc83f4a921d36ce9ce47d0d13c5d85f2b0ff8318d2877eec2f63b931bd47417a81a538327af927da3e,"Server:Apache/2.4.38 (Debian)
Date:Mon, 11 May 2026 21:04:02 GMT
Cache-Control:max-age=0,must-revalidate,private
Content-Encoding:gzip
Vary:Accept-Encoding
Content-Length:1378
X-Powered-By:PHP/7.1.33
Content-Type:text/html; charset=UTF-8
",67205e9fca2d5c881817b1b0b6038f9ab1f3c874e5d91919c128737df41733b3a4b0b38083ce4239cf81a3227c4dca3d1a7fc6d5f7793fde565248f84715cae5,200
http://web/index.php,GET,"Accept:text/html,application/xhtml+xml,application/xml;q=0.9,image/avif,image/webp,image/apng,*/*;q=0.8,application/signed-exchange;v=b3;q=0.9
User-Agent:Mozilla/5.0 (X11; Linux x86_64) AppleWebKit/537.36 (KHTML, like Gecko) Chrome/85.0.4183.102 Safari/537.36
Upgrade-Insecure-Requests:1
",cf83e1357eefb8bdf1542850d66d8007d620e4050b5715dc83f4a921d36ce9ce47d0d13c5d85f2b0ff8318d2877eec2f63b931bd47417a81a538327af927da3e,"Keep-Alive:timeout=5, max=32
Server:Apache/2.4.38 (Debian)
Connection:Keep-Alive
Date:Mon, 11 May 2026 21:08:00 GMT
Cache-Control:max-age=0,must-revalidate,private
Content-Encoding:gzip
Vary:Accept-Encoding
Content-Length:1414
X-Powered-By:PHP/7.1.33
Content-Type:text/html; charset=UTF-8
",1b35c38a02f561add6765e0915bd25627cbeb3ec1960da6a1ab66e4ccae2d7a8b1dcc09898ea817ea698ea5afa61aa32325ab994d61a98055cd1b11c6729bf37,200
http://web/,GET,"Accept:text/html,application/xhtml+xml,application/xml;q=0.9,image/avif,image/webp,image/apng,*/*;q=0.8,application/signed-exchange;v=b3;q=0.9
User-Agent:Mozilla/5.0 (X11; Linux x86_64) AppleWebKit/537.36 (KHTML, like Gecko) Chrome/85.0.4183.102 Safari/537.36
Upgrade-Insecure-Requests:1
",cf83e1357eefb8bdf1542850d66d8007d620e4050b5715dc83f4a921d36ce9ce47d0d13c5d85f2b0ff8318d2877eec2f63b931bd47417a81a538327af927da3e,"Keep-Alive:timeout=5, max=92
Server:Apache/2.4.38 (Debian)
Connection:Keep-Alive
Date:Mon, 11 May 2026 21:06:33 GMT
Cache-Control:max-age=0,must-revalidate,private
Content-Encoding:gzip
Vary:Accept-Encoding
Content-Length:1416
X-Powered-By:PHP/7.1.33
Content-Type:text/html; charset=UTF-8
",22e38ac1e703bc6e8a804b7874f7572d838f40236944a259e0d062dbcf9785abbbe6ba62631a760e505bb02c6a4dacc328aa2967702f8f3ba0418d5f7be5e7bf,200
http://web/users.php?t=pc,GET,"Accept:text/html,application/xhtml+xml,application/xml;q=0.9,image/avif,image/webp,image/apng,*/*;q=0.8,application/signed-exchange;v=b3;q=0.9
User-Agent:Mozilla/5.0 (X11; Linux x86_64) AppleWebKit/537.36 (KHTML, like Gecko) Chrome/85.0.4183.102 Safari/537.36
Referer:http://web/
Upgrade-Insecure-Requests:1
",cf83e1357eefb8bdf1542850d66d8007d620e4050b5715dc83f4a921d36ce9ce47d0d13c5d85f2b0ff8318d2877eec2f63b931bd47417a81a538327af927da3e,"Keep-Alive:timeout=5, max=95
Server:Apache/2.4.38 (Debian)
Connection:Keep-Alive
Date:Mon, 11 May 2026 21:04:02 GMT
Cache-Control:max-age=0,must-revalidate,private
Content-Encoding:gzip
Vary:Accept-Encoding
Content-Length:1378
X-Powered-By:PHP/7.1.33
Content-Type:text/html; charset=UTF-8
",67205e9fca2d5c881817b1b0b6038f9ab1f3c874e5d91919c128737df41733b3a4b0b38083ce4239cf81a3227c4dca3d1a7fc6d5f7793fde565248f84715cae5,200
http://web/index.php,GET,"Accept:text/html,application/xhtml+xml,application/xml;q=0.9,image/avif,image/webp,image/apng,*/*;q=0.8,application/signed-exchange;v=b3;q=0.9
User-Agent:Mozilla/5.0 (X11; Linux x86_64) AppleWebKit/537.36 (KHTML, like Gecko) Chrome/85.0.4183.102 Safari/537.36
Upgrade-Insecure-Requests:1
",cf83e1357eefb8bdf1542850d66d8007d620e4050b5715dc83f4a921d36ce9ce47d0d13c5d85f2b0ff8318d2877eec2f63b931bd47417a81a538327af927da3e,"Keep-Alive:timeout=5, max=22
Server:Apache/2.4.38 (Debian)
Connection:Keep-Alive
Date:Mon, 11 May 2026 21:05:45 GMT
Cache-Control:max-age=0,must-revalidate,private
Content-Encoding:gzip
Vary:Accept-Encoding
Content-Length:1415
X-Powered-By:PHP/7.1.33
Content-Type:text/html; charset=UTF-8
",e1dbcadbeed7d47d1ad13472beab8e05afe17284d7d055147a3942e7b13d0fa1d788a7c248d3e1187ed1b6d7e5889a2b57803684af77cb41cbaa3704c05765d5,200
http://web/users.php?t=pc,GET,"Accept:text/html,application/xhtml+xml,application/xml;q=0.9,image/avif,image/webp,image/apng,*/*;q=0.8,application/signed-exchange;v=b3;q=0.9
User-Agent:Mozilla/5.0 (X11; Linux x86_64) AppleWebKit/537.36 (KHTML, like Gecko) Chrome/85.0.4183.102 Safari/537.36
Upgrade-Insecure-Requests:1
",cf83e1357eefb8bdf1542850d66d8007d620e4050b5715dc83f4a921d36ce9ce47d0d13c5d85f2b0ff8318d2877eec2f63b931bd47417a81a538327af927da3e,"Keep-Alive:timeout=5, max=23
Server:Apache/2.4.38 (Debian)
Connection:Keep-Alive
Date:Mon, 11 May 2026 21:05:44 GMT
Cache-Control:max-age=0,must-revalidate,private
Content-Encoding:gzip
Vary:Accept-Encoding
Content-Length:1377
X-Powered-By:PHP/7.1.33
Content-Type:text/html; charset=UTF-8
",5b22499396ca7f9f6a393dcba7e9987edb38cd3f8a6af648807adb75c3c35fce30cee0c9be33c994f8bc8666c2dbd4d527b6464b8f6164f804034cde563dd289,200
http://web/,GET,"Accept:text/html,application/xhtml+xml,application/xml;q=0.9,image/avif,image/webp,image/apng,*/*;q=0.8,application/signed-exchange;v=b3;q=0.9
User-Agent:Mozilla/5.0 (X11; Linux x86_64) AppleWebKit/537.36 (KHTML, like Gecko) Chrome/85.0.4183.102 Safari/537.36
Upgrade-Insecure-Requests:1
",cf83e1357eefb8bdf1542850d66d8007d620e4050b5715dc83f4a921d36ce9ce47d0d13c5d85f2b0ff8318d2877eec2f63b931bd47417a81a538327af927da3e,"Keep-Alive:timeout=5, max=89
Server:Apache/2.4.38 (Debian)
Connection:Keep-Alive
Date:Mon, 11 May 2026 21:06:37 GMT
Cache-Control:max-age=0,must-revalidate,private
Content-Encoding:gzip
Vary:Accept-Encoding
Content-Length:1416
X-Powered-By:PHP/7.1.33
Content-Type:text/html; charset=UTF-8
",f041817570ea5e2d0e3eff5a23903aead766580a4ffc9d8cd20f5e2ee460a64cde98ae86a4d258dd4d15d91cc67237062874912143dd9faf983570553366b20d,200
http://web/index.php?signin=1&action=forgot,POST,"Origin:http://web
Accept:text/html,application/xhtml+xml,application/xml;q=0.9,image/avif,image/webp,image/apng,*/*;q=0.8,application/signed-exchange;v=b3;q=0.9
User-Agent:Mozilla/5.0 (X11; Linux x86_64) AppleWebKit/537.36 (KHTML, like Gecko) Chrome/85.0.4183.102 Safari/537.36
Referer:http://web/index.php
Upgrade-Insecure-Requests:1
Content-Type:multipart/form-data; boundary=----WebKitFormBoundaryAN54a70Sw7407YBa
",5ac72a310fd3a39ccb6da6af9b2862918bb67ddb4dba9ade5f96cb0477af29aa2d521916657afe70c635f9d014595470f30e549f1f3a6fceb93632633a2423fb,"Keep-Alive:timeout=5, max=58
Server:Apache/2.4.38 (Debian)
Connection:Keep-Alive
Date:Mon, 11 May 2026 21:07:19 GMT
Cache-Control:max-age=0,must-revalidate,private
Content-Encoding:gzip
Vary:Accept-Encoding
Content-Length:1416
X-Powered-By:PHP/7.1.33
Content-Type:text/html; charset=UTF-8
",84503b6f7f46c7ff2ef0b20769ea9153943e779963f94c6fb41955f9e13762dc85e39fefae414e7360c69a676e89f3277b07861fa43c65416bb3a4bd8e59c9f8,200
http://web/index.php,GET,"Accept:text/html,application/xhtml+xml,application/xml;q=0.9,image/avif,image/webp,image/apng,*/*;q=0.8,application/signed-exchange;v=b3;q=0.9
User-Agent:Mozilla/5.0 (X11; Linux x86_64) AppleWebKit/537.36 (KHTML, like Gecko) Chrome/85.0.4183.102 Safari/537.36
Upgrade-Insecure-Requests:1
",cf83e1357eefb8bdf1542850d66d8007d620e4050b5715dc83f4a921d36ce9ce47d0d13c5d85f2b0ff8318d2877eec2f63b931bd47417a81a538327af927da3e,"Keep-Alive:timeout=5, max=31
Server:Apache/2.4.38 (Debian)
Connection:Keep-Alive
Date:Mon, 11 May 2026 21:05:29 GMT
Cache-Control:max-age=0,must-revalidate,private
Content-Encoding:gzip
Vary:Accept-Encoding
Content-Length:1416
X-Powered-By:PHP/7.1.33
Content-Type:text/html; charset=UTF-8
",ca7db205dad7a9a6648fd0a2e16c78dc8b0627b32dae390d6f58a409beac27e3c41e699afbb944d2b384e5a434dd80845b2461bee3007d2a3c66b53b1ee637f1,200
http://web/index.php,GET,"Accept:text/html,application/xhtml+xml,application/xml;q=0.9,image/avif,image/webp,image/apng,*/*;q=0.8,application/signed-exchange;v=b3;q=0.9
User-Agent:Mozilla/5.0 (X11; Linux x86_64) AppleWebKit/537.36 (KHTML, like Gecko) Chrome/85.0.4183.102 Safari/537.36
Upgrade-Insecure-Requests:1
",cf83e1357eefb8bdf1542850d66d8007d620e4050b5715dc83f4a921d36ce9ce47d0d13c5d85f2b0ff8318d2877eec2f63b931bd47417a81a538327af927da3e,"Keep-Alive:timeout=5, max=53
Server:Apache/2.4.38 (Debian)
Connection:Keep-Alive
Date:Mon, 11 May 2026 21:07:26 GMT
Cache-Control:max-age=0,must-revalidate,private
Content-Encoding:gzip
Vary:Accept-Encoding
Content-Length:1415
X-Powered-By:PHP/7.1.33
Content-Type:text/html; charset=UTF-8
",e795d9e259c8fe89a76bf79ceb92858cb3bf06e1491257a1af388b9ebabdb69e4f6614805ade990f3498120e7742e6f167a146aff165f2c0834ad9976bbac1a4,200
http://web/index.php,GET,"Accept:text/html,application/xhtml+xml,application/xml;q=0.9,image/avif,image/webp,image/apng,*/*;q=0.8,application/signed-exchange;v=b3;q=0.9
User-Agent:Mozilla/5.0 (X11; Linux x86_64) AppleWebKit/537.36 (KHTML, like Gecko) Chrome/85.0.4183.102 Safari/537.36
Upgrade-Insecure-Requests:1
",cf83e1357eefb8bdf1542850d66d8007d620e4050b5715dc83f4a921d36ce9ce47d0d13c5d85f2b0ff8318d2877eec2f63b931bd47417a81a538327af927da3e,"Keep-Alive:timeout=5, max=40
Server:Apache/2.4.38 (Debian)
Connection:Keep-Alive
Date:Mon, 11 May 2026 21:07:48 GMT
Cache-Control:max-age=0,must-revalidate,private
Content-Encoding:gzip
Vary:Accept-Encoding
Content-Length:1416
X-Powered-By:PHP/7.1.33
Content-Type:text/html; charset=UTF-8
",6ad459eb016648b4526b9f191d6e38ff2f0a7f429fbdbe5f9ae18142feb166675c0f9893cf12dd0b5fdc27a199c85f92854171b9ec47e8d7d9a903744414b614,200
http://web/index.php,GET,"Accept:text/html,application/xhtml+xml,application/xml;q=0.9,image/avif,image/webp,image/apng,*/*;q=0.8,application/signed-exchange;v=b3;q=0.9
User-Agent:Mozilla/5.0 (X11; Linux x86_64) AppleWebKit/537.36 (KHTML, like Gecko) Chrome/85.0.4183.102 Safari/537.36
Upgrade-Insecure-Requests:1
",cf83e1357eefb8bdf1542850d66d8007d620e4050b5715dc83f4a921d36ce9ce47d0d13c5d85f2b0ff8318d2877eec2f63b931bd47417a81a538327af927da3e,"Keep-Alive:timeout=5, max=20
Server:Apache/2.4.38 (Debian)
Connection:Keep-Alive
Date:Mon, 11 May 2026 21:05:49 GMT
Cache-Control:max-age=0,must-revalidate,private
Content-Encoding:gzip
Vary:Accept-Encoding
Content-Length:1415
X-Powered-By:PHP/7.1.33
Content-Type:text/html; charset=UTF-8
",726b3d779f0b8e8db58fd75d0443860dfb5a5ed887fa346fc097c73622470670b22f3afa5fd462e47c64cd5850480f9a6249298dfadfe2e453674955dfcef28f,200
http://web/index.php,GET,"Accept:text/html,application/xhtml+xml,application/xml;q=0.9,image/avif,image/webp,image/apng,*/*;q=0.8,application/signed-exchange;v=b3;q=0.9
User-Agent:Mozilla/5.0 (X11; Linux x86_64) AppleWebKit/537.36 (KHTML, like Gecko) Chrome/85.0.4183.102 Safari/537.36
Upgrade-Insecure-Requests:1
",cf83e1357eefb8bdf1542850d66d8007d620e4050b5715dc83f4a921d36ce9ce47d0d13c5d85f2b0ff8318d2877eec2f63b931bd47417a81a538327af927da3e,"Keep-Alive:timeout=5, max=21
Server:Apache/2.4.38 (Debian)
Connection:Keep-Alive
Date:Mon, 11 May 2026 21:08:19 GMT
Cache-Control:max-age=0,must-revalidate,private
Content-Encoding:gzip
Vary:Accept-Encoding
Content-Length:1416
X-Powered-By:PHP/7.1.33
Content-Type:text/html; charset=UTF-8
",2eb3a75dc04da233ff4159fddf1170771db8a950a14cada97b2916437148d0c2e980d2061082f59169c91420cddea54022d1b71ed02b2bcf2f5ae3a85a3b36ef,200
http://web/,GET,"Accept:text/html,application/xhtml+xml,application/xml;q=0.9,image/avif,image/webp,image/apng,*/*;q=0.8,application/signed-exchange;v=b3;q=0.9
User-Agent:Mozilla/5.0 (X11; Linux x86_64) AppleWebKit/537.36 (KHTML, like Gecko) Chrome/85.0.4183.102 Safari/537.36
Referer:http://web/index.php
Upgrade-Insecure-Requests:1
",cf83e1357eefb8bdf1542850d66d8007d620e4050b5715dc83f4a921d36ce9ce47d0d13c5d85f2b0ff8318d2877eec2f63b931bd47417a81a538327af927da3e,"Keep-Alive:timeout=5, max=40
Server:Apache/2.4.38 (Debian)
Connection:Keep-Alive
Date:Mon, 11 May 2026 21:05:16 GMT
Cache-Control:max-age=0,must-revalidate,private
Content-Encoding:gzip
Vary:Accept-Encoding
Content-Length:1413
X-Powered-By:PHP/7.1.33
Content-Type:text/html; charset=UTF-8
",4575cdfd1343ea30214161edcf701930298db80c29823eb1c671691c94557d7616060a34538886259b810c553962118c4d9bdcc1fb02b0ae50d08c881f7600fe,200
http://web/index.php?signin=1&action=forgot,POST,"Origin:http://web
Accept:text/html,application/xhtml+xml,application/xml;q=0.9,image/avif,image/webp,image/apng,*/*;q=0.8,application/signed-exchange;v=b3;q=0.9
User-Agent:Mozilla/5.0 (X11; Linux x86_64) AppleWebKit/537.36 (KHTML, like Gecko) Chrome/85.0.4183.102 Safari/537.36
Referer:http://web/index.php
Upgrade-Insecure-Requests:1
Content-Type:multipart/form-data; boundary=----WebKitFormBoundaryMDEhHBbBJb8LHxca
",801c397ed603965c41f2621a3193ad59ecb3532404aa0372493fce6dcc8e57a34d60f18ac9278578775caea75f0965a46cbf8059275908b9e153f36899458bb0,"Keep-Alive:timeout=5, max=52
Server:Apache/2.4.38 (Debian)
Connection:Keep-Alive
Date:Mon, 11 May 2026 21:07:28 GMT
Cache-Control:max-age=0,must-revalidate,private
Content-Encoding:gzip
Vary:Accept-Encoding
Content-Length:1415
X-Powered-By:PHP/7.1.33
Content-Type:text/html; charset=UTF-8
",bf49af96b804be99e7b856349a6dabcca72620a48083ee8b29cc9e8799d40b200ebee5c1415071020665811e7744ee43764d6ad2ccd00c49f5b3c1b6769fdb25,200
http://web/index.php?signin=1&action=new,POST,"Origin:http://web
Accept:text/html,application/xhtml+xml,application/xml;q=0.9,image/avif,image/webp,image/apng,*/*;q=0.8,application/signed-exchange;v=b3;q=0.9
User-Agent:Mozilla/5.0 (X11; Linux x86_64) AppleWebKit/537.36 (KHTML, like Gecko) Chrome/85.0.4183.102 Safari/537.36
Referer:http://web/index.php?signin=1&action=forgot
Upgrade-Insecure-Requests:1
Content-Type:multipart/form-data; boundary=----WebKitFormBoundaryBTfYlUalWIqwQIXe
",1ebb1d86264af4395ffae58bb0f9dcd81ba1c72988f7864c37ad4269cd1a1c46b7bd9d5205e1e5c4fba78c1a76f5f0608b720b608a050275d18220c5234b5d1e,"Keep-Alive:timeout=5, max=19
Server:Apache/2.4.38 (Debian)
Connection:Keep-Alive
Date:Mon, 11 May 2026 21:08:21 GMT
Cache-Control:max-age=0,must-revalidate,private
Content-Encoding:gzip
Vary:Accept-Encoding
Content-Length:1414
X-Powered-By:PHP/7.1.33
Content-Type:text/html; charset=UTF-8
",355c5fff5116b95e12c4dd93e302599ce5f506b30cd62a669e86a52e9332ba2a0b5fd89605a97e6fffbd54baa4a29d09366c49a61f0012b0bb379ab41d1a84c8,200
http://web/index.php,GET,"Accept:text/html,application/xhtml+xml,application/xml;q=0.9,image/avif,image/webp,image/apng,*/*;q=0.8,application/signed-exchange;v=b3;q=0.9
User-Agent:Mozilla/5.0 (X11; Linux x86_64) AppleWebKit/537.36 (KHTML, like Gecko) Chrome/85.0.4183.102 Safari/537.36
Upgrade-Insecure-Requests:1
",cf83e1357eefb8bdf1542850d66d8007d620e4050b5715dc83f4a921d36ce9ce47d0d13c5d85f2b0ff8318d2877eec2f63b931bd47417a81a538327af927da3e,"Keep-Alive:timeout=5, max=83
Server:Apache/2.4.38 (Debian)
Connection:Keep-Alive
Date:Mon, 11 May 2026 21:04:17 GMT
Cache-Control:max-age=0,must-revalidate,private
Content-Encoding:gzip
Vary:Accept-Encoding
Content-Length:1415
X-Powered-By:PHP/7.1.33
Content-Type:text/html; charset=UTF-8
",d72497a88ac2eb71255febe46a6e3f02e0978a9bdc7c7aa82211aca6a50947533b852cb70ce98c525e3459792876fd1a631cfc566afa5c4ebf67a3f448babcdd,200
http://web/index.php,GET,"Accept:text/html,application/xhtml+xml,application/xml;q=0.9,image/avif,image/webp,image/apng,*/*;q=0.8,application/signed-exchange;v=b3;q=0.9
User-Agent:Mozilla/5.0 (X11; Linux x86_64) AppleWebKit/537.36 (KHTML, like Gecko) Chrome/85.0.4183.102 Safari/537.36
Upgrade-Insecure-Requests:1
",cf83e1357eefb8bdf1542850d66d8007d620e4050b5715dc83f4a921d36ce9ce47d0d13c5d85f2b0ff8318d2877eec2f63b931bd47417a81a538327af927da3e,"Keep-Alive:timeout=5, max=33
Server:Apache/2.4.38 (Debian)
Connection:Keep-Alive
Date:Mon, 11 May 2026 21:05:26 GMT
Cache-Control:max-age=0,must-revalidate,private
Content-Encoding:gzip
Vary:Accept-Encoding
Content-Length:1415
X-Powered-By:PHP/7.1.33
Content-Type:text/html; charset=UTF-8
",d9465ac434232a549bab40d0c69ac6b6824ab8ae10a77d9ec90e9cce6612630aad018c778b417dfc2938aeeec0068402615ad7c97946829a39d4751666856c4c,200
http://web/,GET,"Accept:text/html,application/xhtml+xml,application/xml;q=0.9,image/avif,image/webp,image/apng,*/*;q=0.8,application/signed-exchange;v=b3;q=0.9
User-Agent:Mozilla/5.0 (X11; Linux x86_64) AppleWebKit/537.36 (KHTML, like Gecko) Chrome/85.0.4183.102 Safari/537.36
Referer:http://web/index.php
Upgrade-Insecure-Requests:1
",cf83e1357eefb8bdf1542850d66d8007d620e4050b5715dc83f4a921d36ce9ce47d0d13c5d85f2b0ff8318d2877eec2f63b931bd47417a81a538327af927da3e,"Keep-Alive:timeout=5, max=55
Server:Apache/2.4.38 (Debian)
Connection:Keep-Alive
Date:Mon, 11 May 2026 21:04:58 GMT
Cache-Control:max-age=0,must-revalidate,private
Content-Encoding:gzip
Vary:Accept-Encoding
Content-Length:1416
X-Powered-By:PHP/7.1.33
Content-Type:text/html; charset=UTF-8
",2cd433dd31227b46b3006a56af59e97e92759eb5b10af4eca6ba9d900005cd877ca278ea490bf78af2cd5d42920615d84b3bf011f2886d18e855dc5d895bd413,200
http://web/?post=.empty,POST,"Origin:http://web
Accept:text/html,application/xhtml+xml,application/xml;q=0.9,image/avif,image/webp,image/apng,*/*;q=0.8,application/signed-exchange;v=b3;q=0.9
User-Agent:Mozilla/5.0 (X11; Linux x86_64) AppleWebKit/537.36 (KHTML, like Gecko) Chrome/85.0.4183.102 Safari/537.36
Referer:http://web/index.php
Upgrade-Insecure-Requests:1
Content-Type:multipart/form-data; boundary=----WebKitFormBoundary96EASOTi1AHEMftO
",14724b96c967e5fd69b26366db5bdc8e0d3970d6ab85945ae113f0cfce67c7d955057bc4a173bc3897bc4c0113ebde8a540573a9aa9b078ad16ad6e14478edad,"Keep-Alive:timeout=5, max=75
Server:Apache/2.4.38 (Debian)
Connection:Keep-Alive
Date:Mon, 11 May 2026 21:04:30 GMT
Cache-Control:max-age=0,must-revalidate,private
Content-Encoding:gzip
Vary:Accept-Encoding
Content-Length:1414
X-Powered-By:PHP/7.1.33
Content-Type:text/html; charset=UTF-8
",6ec41c97e8dfa8233e92b6a71ad58f92cc7b4abeff38084861e8d11b1838de5e49f45d84279af18121b4a028d6cf8a999a84549d8bb5e908f0e3dba23a7a52e1,200
http://web/index.php,GET,"Accept:*/*
User-Agent:Mozilla/5.0 (X11; Linux x86_64) AppleWebKit/537.36 (KHTML, like Gecko) Chrome/85.0.4183.102 Safari/537.36
",cf83e1357eefb8bdf1542850d66d8007d620e4050b5715dc83f4a921d36ce9ce47d0d13c5d85f2b0ff8318d2877eec2f63b931bd47417a81a538327af927da3e,"Server:Apache/2.4.38 (Debian)
Date:Mon, 11 May 2026 21:03:45 GMT
Cache-Control:max-age=0,must-revalidate,private
Content-Encoding:gzip
Vary:Accept-Encoding
Content-Length:1415
X-Powered-By:PHP/7.1.33
Content-Type:text/html; charset=UTF-8
",62ff1fb9fd0d9302705ee22429081c016e4900c3ab457dc0224ce5e037982c5e057fd70bc9960d9a0c7829cac2df0c7c7d66fdfdface10f862168d938f81d2de,200
http://web/index.php,GET,"Accept:text/html,application/xhtml+xml,application/xml;q=0.9,image/avif,image/webp,image/apng,*/*;q=0.8,application/signed-exchange;v=b3;q=0.9
User-Agent:Mozilla/5.0 (X11; Linux x86_64) AppleWebKit/537.36 (KHTML, like Gecko) Chrome/85.0.4183.102 Safari/537.36
Upgrade-Insecure-Requests:1
",cf83e1357eefb8bdf1542850d66d8007d620e4050b5715dc83f4a921d36ce9ce47d0d13c5d85f2b0ff8318d2877eec2f63b931bd47417a81a538327af927da3e,"Keep-Alive:timeout=5, max=84
Server:Apache/2.4.38 (Debian)
Connection:Keep-Alive
Date:Mon, 11 May 2026 21:06:44 GMT
Cache-Control:max-age=0,must-revalidate,private
Content-Encoding:gzip
Vary:Accept-Encoding
Content-Length:1415
X-Powered-By:PHP/7.1.33
Content-Type:text/html; charset=UTF-8
",652e01d580b906218e6d7c7409a12af6ae80280a66d9be17b187d2caa55dbaa26504ec24d326070e6f73d1a0fe31918bbb36d6cee3963379766aa7ac4211fe52,200
http://web/index.php?signin=1&action=forgot,POST,"Origin:http://web
Accept:text/html,application/xhtml+xml,application/xml;q=0.9,image/avif,image/webp,image/apng,*/*;q=0.8,application/signed-exchange;v=b3;q=0.9
User-Agent:Mozilla/5.0 (X11; Linux x86_64) AppleWebKit/537.36 (KHTML, like Gecko) Chrome/85.0.4183.102 Safari/537.36
Referer:http://web/index.php
Upgrade-Insecure-Requests:1
Content-Type:multipart/form-data; boundary=----WebKitFormBoundaryL7YLJpZrLj3dBQcC
",d5ccca7656920be756e99eaee14f98bc1042984424b8154885e83260dd143feb63013569e133b0e106e55f335a634e66bc40e9f42f46c7b3f951f7b9d8d4bd51,"Keep-Alive:timeout=5, max=26
Server:Apache/2.4.38 (Debian)
Connection:Keep-Alive
Date:Mon, 11 May 2026 21:08:11 GMT
Cache-Control:max-age=0,must-revalidate,private
Content-Encoding:gzip
Vary:Accept-Encoding
Content-Length:1416
X-Powered-By:PHP/7.1.33
Content-Type:text/html; charset=UTF-8
",af0af76ef3b8293f5ea97d1ea2eced44706da0412f8d19d471fb5c858fba54a8f1d9bc507feb7a27148449c5af444eb326dd3a457e3fa8f4c1eb26dbb41a0ea1,200
http://web/index.php,GET,"Accept:text/html,application/xhtml+xml,application/xml;q=0.9,image/avif,image/webp,image/apng,*/*;q=0.8,application/signed-exchange;v=b3;q=0.9
User-Agent:Mozilla/5.0 (X11; Linux x86_64) AppleWebKit/537.36 (KHTML, like Gecko) Chrome/85.0.4183.102 Safari/537.36
Upgrade-Insecure-Requests:1
",cf83e1357eefb8bdf1542850d66d8007d620e4050b5715dc83f4a921d36ce9ce47d0d13c5d85f2b0ff8318d2877eec2f63b931bd47417a81a538327af927da3e,"Keep-Alive:timeout=5, max=79
Server:Apache/2.4.38 (Debian)
Connection:Keep-Alive
Date:Mon, 11 May 2026 21:04:25 GMT
Cache-Control:max-age=0,must-revalidate,private
Content-Encoding:gzip
Vary:Accept-Encoding
Content-Length:1416
X-Powered-By:PHP/7.1.33
Content-Type:text/html; charset=UTF-8
",9c373ae824de4da35af1dd06bd5c24ba985e08322a915e03a4339310e6e15d73cdb51b72ad21dd61bb9525aebb41b3beaa414eb724d3bfc65767562e7adc7da7,200
http://web/index.php?signin=1&action=new,POST,"Origin:http://web
Accept:text/html,application/xhtml+xml,application/xml;q=0.9,image/avif,image/webp,image/apng,*/*;q=0.8,application/signed-exchange;v=b3;q=0.9
User-Agent:Mozilla/5.0 (X11; Linux x86_64) AppleWebKit/537.36 (KHTML, like Gecko) Chrome/85.0.4183.102 Safari/537.36
Referer:http://web/index.php
Upgrade-Insecure-Requests:1
Content-Type:multipart/form-data; boundary=----WebKitFormBoundarykJhysQB2vwGhkxh5
",d6dc365b6495dec831ca394799f6382bde004acd6097c5ee6725fbb223ef6ce031d2b8ef61be2a0a33a11102b0d6bbedb9fc8ee4b6c897ab2e2af583c5def443,"Keep-Alive:timeout=5, max=33
Server:Apache/2.4.38 (Debian)
Connection:Keep-Alive
Date:Mon, 11 May 2026 21:07:58 GMT
Cache-Control:max-age=0,must-revalidate,private
Content-Encoding:gzip
Vary:Accept-Encoding
Content-Length:1414
X-Powered-By:PHP/7.1.33
Content-Type:text/html; charset=UTF-8
",6df08f6a7f4a1699ac2344bb4934a69973bf4ed23c498dde32486bb2f289e63d87c668b1aa3af00684599e585362cc304bba76d60f6e8625ba308911ae36e98a,200
http://web/,GET,"Accept:text/html,application/xhtml+xml,application/xml;q=0.9,image/avif,image/webp,image/apng,*/*;q=0.8,application/signed-exchange;v=b3;q=0.9
User-Agent:Mozilla/5.0 (X11; Linux x86_64) AppleWebKit/537.36 (KHTML, like Gecko) Chrome/85.0.4183.102 Safari/537.36
Referer:http://web/index.php
Upgrade-Insecure-Requests:1
",cf83e1357eefb8bdf1542850d66d8007d620e4050b5715dc83f4a921d36ce9ce47d0d13c5d85f2b0ff8318d2877eec2f63b931bd47417a81a538327af927da3e,"Keep-Alive:timeout=5, max=59
Server:Apache/2.4.38 (Debian)
Connection:Keep-Alive
Date:Mon, 11 May 2026 21:04:51 GMT
Cache-Control:max-age=0,must-revalidate,private
Content-Encoding:gzip
Vary:Accept-Encoding
Content-Length:1415
X-Powered-By:PHP/7.1.33
Content-Type:text/html; charset=UTF-8
",863d12d4b7f20359d41a7f9564210bd4c1092c942590af2784573a69903f8d6326b2c9d8be20bae47acb0b95ad0a6fe0fc1474d3a8d7648e5622a7956a7cad3c,200
http://web/index.php?signin=1&action=new,POST,"Origin:http://web
Accept:text/html,application/xhtml+xml,application/xml;q=0.9,image/avif,image/webp,image/apng,*/*;q=0.8,application/signed-exchange;v=b3;q=0.9
User-Agent:Mozilla/5.0 (X11; Linux x86_64) AppleWebKit/537.36 (KHTML, like Gecko) Chrome/85.0.4183.102 Safari/537.36
Referer:http://web/index.php
Upgrade-Insecure-Requests:1
Content-Type:multipart/form-data; boundary=----WebKitFormBoundaryi7tDjDSyAetmTQQt
",a52cae22573260d9a2fe1cf33fdc7a75b144f53b60ce55a66cabc25bd474b640ab80986ab33a0e76d1838edbe0b4057cce0e6b41cc086a3dc8609632f6a3ac67,"Keep-Alive:timeout=5, max=17
Server:Apache/2.4.38 (Debian)
Connection:Keep-Alive
Date:Mon, 11 May 2026 21:05:54 GMT
Cache-Control:max-age=0,must-revalidate,private
Content-Encoding:gzip
Vary:Accept-Encoding
Content-Length:1415
X-Powered-By:PHP/7.1.33
Content-Type:text/html; charset=UTF-8
",c9b81bc84c414c95da15fd1cd0becefd5f68d83fba25fffea4ce5db130e30dd51348cff0e622aae6a60d678704966a6c721268b0ad68b9ddd2e373e445d53650,200
http://web/?post=.empty,POST,"Origin:http://web
Accept:text/html,application/xhtml+xml,application/xml;q=0.9,image/avif,image/webp,image/apng,*/*;q=0.8,application/signed-exchange;v=b3;q=0.9
User-Agent:Mozilla/5.0 (X11; Linux x86_64) AppleWebKit/537.36 (KHTML, like Gecko) Chrome/85.0.4183.102 Safari/537.36
Referer:http://web/index.php
Upgrade-Insecure-Requests:1
Content-Type:multipart/form-data; boundary=----WebKitFormBoundary5hRkOtIcUbfz2SoA
",202998b925e049b99ee79244c90468a86ee2becd1f7aad1afd99a1140f450e0fa9a5b8f47e1b912d1ffe426cc77c020726aafc19190df764020fc2c05906a4dd,"Keep-Alive:timeout=5, max=38
Server:Apache/2.4.38 (Debian)
Connection:Keep-Alive
Date:Mon, 11 May 2026 21:05:21 GMT
Cache-Control:max-age=0,must-revalidate,private
Content-Encoding:gzip
Vary:Accept-Encoding
Content-Length:1415
X-Powered-By:PHP/7.1.33
Content-Type:text/html; charset=UTF-8
",0575c5afe98b8fb9159eadc21b879e8e41cbb7ddd33a15201b2d561be70bf9c83d0525bfdc8b16275a80bf79e0159f6272a198ffcec3264a2b3f95dfa773018d,200
http://web/index.php?signin=1&action=forgot,POST,"Origin:http://web
Accept:text/html,application/xhtml+xml,application/xml;q=0.9,image/avif,image/webp,image/apng,*/*;q=0.8,application/signed-exchange;v=b3;q=0.9
User-Agent:Mozilla/5.0 (X11; Linux x86_64) AppleWebKit/537.36 (KHTML, like Gecko) Chrome/85.0.4183.102 Safari/537.36
Referer:http://web/
Upgrade-Insecure-Requests:1
Content-Type:multipart/form-data; boundary=----WebKitFormBoundaryryApP17ItZWW1sLI
",3ab04a629b2933685227a6905b1229716cb54c409f2ca7b7c172e3664c2622768f1c2cb235cce3323c1abf6f7d7be662e845fbe5f4a3631834a37795a0c97726,"Keep-Alive:timeout=5, max=62
Server:Apache/2.4.38 (Debian)
Connection:Keep-Alive
Date:Mon, 11 May 2026 21:04:48 GMT
Cache-Control:max-age=0,must-revalidate,private
Content-Encoding:gzip
Vary:Accept-Encoding
Content-Length:1414
X-Powered-By:PHP/7.1.33
Content-Type:text/html; charset=UTF-8
",fd72e0a950ab47fa7f64b961faa2d91abddadc354b9b5f0cac749a07a29e8f25bd0cccacba19e708c99beb5ade8e188869541ddf8837db2891367234d91894a9,200
http://web/,GET,"Accept:text/html,application/xhtml+xml,application/xml;q=0.9,image/avif,image/webp,image/apng,*/*;q=0.8,application/signed-exchange;v=b3;q=0.9
User-Agent:Mozilla/5.0 (X11; Linux x86_64) AppleWebKit/537.36 (KHTML, like Gecko) Chrome/85.0.4183.102 Safari/537.36
Upgrade-Insecure-Requests:1
",cf83e1357eefb8bdf1542850d66d8007d620e4050b5715dc83f4a921d36ce9ce47d0d13c5d85f2b0ff8318d2877eec2f63b931bd47417a81a538327af927da3e,"Keep-Alive:timeout=5, max=82
Server:Apache/2.4.38 (Debian)
Connection:Keep-Alive
Date:Mon, 11 May 2026 21:04:20 GMT
Cache-Control:max-age=0,must-revalidate,private
Content-Encoding:gzip
Vary:Accept-Encoding
Content-Length:1414
X-Powered-By:PHP/7.1.33
Content-Type:text/html; charset=UTF-8
",810e14854eba7fb526c76b15dcb45c7f6ecde0f23f361526b4f7aee718c95380855fbda0772937c8c30af85a2cf8c6df5f7c437309eff974ebb11bada41a86e8,200
http://web/users.php?t=pc,GET,"Accept:text/html,application/xhtml+xml,application/xml;q=0.9,image/avif,image/webp,image/apng,*/*;q=0.8,application/signed-exchange;v=b3;q=0.9
User-Agent:Mozilla/5.0 (X11; Linux x86_64) AppleWebKit/537.36 (KHTML, like Gecko) Chrome/85.0.4183.102 Safari/537.36
Upgrade-Insecure-Requests:1
",cf83e1357eefb8bdf1542850d66d8007d620e4050b5715dc83f4a921d36ce9ce47d0d13c5d85f2b0ff8318d2877eec2f63b931bd47417a81a538327af927da3e,"Keep-Alive:timeout=5, max=44
Server:Apache/2.4.38 (Debian)
Connection:Keep-Alive
Date:Mon, 11 May 2026 21:07:43 GMT
Cache-Control:max-age=0,must-revalidate,private
Content-Encoding:gzip
Vary:Accept-Encoding
Content-Length:1379
X-Powered-By:PHP/7.1.33
Content-Type:text/html; charset=UTF-8
",f6217c15bfa4b3297ee05823a6c0914ffade8286613c1f1b72d61a04c49ac190318fc1d6540a0239a234e057ae6bdb434aa0c5773df73c80125d4bfc9de85232,200
http://web/users.php?t=pc,GET,"Accept:text/html,application/xhtml+xml,application/xml;q=0.9,image/avif,image/webp,image/apng,*/*;q=0.8,application/signed-exchange;v=b3;q=0.9
User-Agent:Mozilla/5.0 (X11; Linux x86_64) AppleWebKit/537.36 (KHTML, like Gecko) Chrome/85.0.4183.102 Safari/537.36
Upgrade-Insecure-Requests:1
",cf83e1357eefb8bdf1542850d66d8007d620e4050b5715dc83f4a921d36ce9ce47d0d13c5d85f2b0ff8318d2877eec2f63b931bd47417a81a538327af927da3e,"Keep-Alive:timeout=5, max=34
Server:Apache/2.4.38 (Debian)
Connection:Keep-Alive
Date:Mon, 11 May 2026 21:05:26 GMT
Cache-Control:max-age=0,must-revalidate,private
Content-Encoding:gzip
Vary:Accept-Encoding
Content-Length:1379
X-Powered-By:PHP/7.1.33
Content-Type:text/html; charset=UTF-8
",b41cf363d3f7af21a7b0084f270e86d7dddd541aa4a717844daf9fe59e28434c3265fa46e72b6fb926e1f8d0248b7235aaf8e7497d808ebc39e13ee772c943cc,200
http://web/index.php,GET,"Accept:text/html,application/xhtml+xml,application/xml;q=0.9,image/avif,image/webp,image/apng,*/*;q=0.8,application/signed-exchange;v=b3;q=0.9
User-Agent:Mozilla/5.0 (X11; Linux x86_64) AppleWebKit/537.36 (KHTML, like Gecko) Chrome/85.0.4183.102 Safari/537.36
Upgrade-Insecure-Requests:1
",cf83e1357eefb8bdf1542850d66d8007d620e4050b5715dc83f4a921d36ce9ce47d0d13c5d85f2b0ff8318d2877eec2f63b931bd47417a81a538327af927da3e,"Keep-Alive:timeout=5, max=29
Server:Apache/2.4.38 (Debian)
Connection:Keep-Alive
Date:Mon, 11 May 2026 21:05:33 GMT
Cache-Control:max-age=0,must-revalidate,private
Content-Encoding:gzip
Vary:Accept-Encoding
Content-Length:1413
X-Powered-By:PHP/7.1.33
Content-Type:text/html; charset=UTF-8
",70b24ad56fe5fb6f3b8cfab71a460142332e676c568e989c1ee11798ca11d7e9e81cdc56695702758b3746cb4f5bde110be3faab195e8f2e0d31b4e0e5507f3b,200
http://web/index.php?signin=1&action=forgot,POST,"Origin:http://web
Accept:text/html,application/xhtml+xml,application/xml;q=0.9,image/avif,image/webp,image/apng,*/*;q=0.8,application/signed-exchange;v=b3;q=0.9
User-Agent:Mozilla/5.0 (X11; Linux x86_64) AppleWebKit/537.36 (KHTML, like Gecko) Chrome/85.0.4183.102 Safari/537.36
Referer:http://web/index.php
Upgrade-Insecure-Requests:1
Content-Type:multipart/form-data; boundary=----WebKitFormBoundaryng8PBIRtjWV6dve5
",0cbef0b59e40829c0ef828b743e641fcbac627cffbd336e143bea6c40748d98f4ad77c01d86386ccacbe7724381553a0c935d38bdefaf80133c8a9abf46012b6,"Keep-Alive:timeout=5, max=23
Server:Apache/2.4.38 (Debian)
Connection:Keep-Alive
Date:Mon, 11 May 2026 21:08:16 GMT
Cache-Control:max-age=0,must-revalidate,private
Content-Encoding:gzip
Vary:Accept-Encoding
Content-Length:1416
X-Powered-By:PHP/7.1.33
Content-Type:text/html; charset=UTF-8
",ce40699226644c6d94061c41d2942cb2881cd3d19c9ad169ab7588d3403ee5da3c2158c5ab1f442ce402ec1e2438db88c47fef838e18b4fb4da5f7b2d3cf164e,200
http://web/index.php?signin=1&action=forgot,POST,"Origin:http://web
Accept:text/html,application/xhtml+xml,application/xml;q=0.9,image/avif,image/webp,image/apng,*/*;q=0.8,application/signed-exchange;v=b3;q=0.9
User-Agent:Mozilla/5.0 (X11; Linux x86_64) AppleWebKit/537.36 (KHTML, like Gecko) Chrome/85.0.4183.102 Safari/537.36
Referer:http://web/index.php
Upgrade-Insecure-Requests:1
Content-Type:multipart/form-data; boundary=----WebKitFormBoundaryBOYPlVoD1AEhnN4i
",679b0753886d213c72cdfac7cc0fcc50371e217a8b34e0e1e93a0b4b7d6e548b0e320efc6a65f4e6713f3be915721f13b92784b7f8b61a1eb6bccef7d405b1c9,"Keep-Alive:timeout=5, max=20
Server:Apache/2.4.38 (Debian)
Connection:Keep-Alive
Date:Mon, 11 May 2026 21:08:20 GMT
Cache-Control:max-age=0,must-revalidate,private
Content-Encoding:gzip
Vary:Accept-Encoding
Content-Length:1414
X-Powered-By:PHP/7.1.33
Content-Type:text/html; charset=UTF-8
",754d92e483512f3eb43d7d172e797fc1d60258397f26549c6445683cfa57253e69747b177f5df8f4d95bfb442a7cf0ce819d7f267e645d336fc030f4d9a2b1ea,200
http://web/index.php,GET,"Accept:text/html,application/xhtml+xml,application/xml;q=0.9,image/avif,image/webp,image/apng,*/*;q=0.8,application/signed-exchange;v=b3;q=0.9
User-Agent:Mozilla/5.0 (X11; Linux x86_64) AppleWebKit/537.36 (KHTML, like Gecko) Chrome/85.0.4183.102 Safari/537.36
Upgrade-Insecure-Requests:1
",cf83e1357eefb8bdf1542850d66d8007d620e4050b5715dc83f4a921d36ce9ce47d0d13c5d85f2b0ff8318d2877eec2f63b931bd47417a81a538327af927da3e,"Keep-Alive:timeout=5, max=18
Server:Apache/2.4.38 (Debian)
Connection:Keep-Alive
Date:Mon, 11 May 2026 21:08:22 GMT
Cache-Control:max-age=0,must-revalidate,private
Content-Encoding:gzip
Vary:Accept-Encoding
Content-Length:1415
X-Powered-By:PHP/7.1.33
Content-Type:text/html; charset=UTF-8
",52bb4a6654079ca184aa2c6f86357476f7e0032fcdd8984ccf4867fce9d1be1ea34f88149eecd46dc6d2c96416c49024088b2d5705c7d2dcc16124fe27dae2f6,200
http://web/,GET,"Accept:text/html,application/xhtml+xml,application/xml;q=0.9,image/avif,image/webp,image/apng,*/*;q=0.8,application/signed-exchange;v=b3;q=0.9
User-Agent:Mozilla/5.0 (X11; Linux x86_64) AppleWebKit/537.36 (KHTML, like Gecko) Chrome/85.0.4183.102 Safari/537.36
Upgrade-Insecure-Requests:1
",cf83e1357eefb8bdf1542850d66d8007d620e4050b5715dc83f4a921d36ce9ce47d0d13c5d85f2b0ff8318d2877eec2f63b931bd47417a81a538327af927da3e,"Keep-Alive:timeout=5, max=80
Server:Apache/2.4.38 (Debian)
Connection:Keep-Alive
Date:Mon, 11 May 2026 21:04:24 GMT
Cache-Control:max-age=0,must-revalidate,private
Content-Encoding:gzip
Vary:Accept-Encoding
Content-Length:1414
X-Powered-By:PHP/7.1.33
Content-Type:text/html; charset=UTF-8
",d0e217596f0d5e4b36668537956e69d89414b7cf1d1da498e5fb72ea142af0e12495726dc08909a124f3bbda2571c60bc9387dfab4d8c1c88044416e0f2d2160,200
http://web/?post=.empty,POST,"Origin:http://web
Accept:text/html,application/xhtml+xml,application/xml;q=0.9,image/avif,image/webp,image/apng,*/*;q=0.8,application/signed-exchange;v=b3;q=0.9
User-Agent:Mozilla/5.0 (X11; Linux x86_64) AppleWebKit/537.36 (KHTML, like Gecko) Chrome/85.0.4183.102 Safari/537.36
Referer:http://web/index.php?signin=1&action=forgot
Upgrade-Insecure-Requests:1
Content-Type:multipart/form-data; boundary=----WebKitFormBoundaryd1rYuLIuGnzqnuhA
",ccc0493c1205b98c9f04228db647ee87e138b9830a8b395bd78539d8e2ce1cbdb33bbdb5a799ec422bbd7cb323fe4613c8c36fec6130fda52a2920197658ab64,"Keep-Alive:timeout=5, max=75
Server:Apache/2.4.38 (Debian)
Connection:Keep-Alive
Date:Mon, 11 May 2026 21:06:58 GMT
Cache-Control:max-age=0,must-revalidate,private
Content-Encoding:gzip
Vary:Accept-Encoding
Content-Length:1416
X-Powered-By:PHP/7.1.33
Content-Type:text/html; charset=UTF-8
",7d45961f9eb25bf83e31b76ee2cd4c21efe8cebc276f00defe52ec7554b52e02b3c2055b111ea5b689241ec57eb91952264461e2466c60f8d503b48349f54f4c,200
http://web/index.php?signin=1&action=new,POST,"Origin:http://web
Accept:text/html,application/xhtml+xml,application/xml;q=0.9,image/avif,image/webp,image/apng,*/*;q=0.8,application/signed-exchange;v=b3;q=0.9
User-Agent:Mozilla/5.0 (X11; Linux x86_64) AppleWebKit/537.36 (KHTML, like Gecko) Chrome/85.0.4183.102 Safari/537.36
Referer:http://web/
Upgrade-Insecure-Requests:1
Content-Type:multipart/form-data; boundary=----WebKitFormBoundaryu3jVsNX3ik3KcyfA
",e59efbc65fba8d44049e3cce13c5b0b658794e513b608a43f83360144ab0ddff582730a4f6f926d542394b073ca5579e7854dc3e6af7008fbf50425043d02a93,"Keep-Alive:timeout=5, max=45
Server:Apache/2.4.38 (Debian)
Connection:Keep-Alive
Date:Mon, 11 May 2026 21:05:11 GMT
Cache-Control:max-age=0,must-revalidate,private
Content-Encoding:gzip
Vary:Accept-Encoding
Content-Length:1415
X-Powered-By:PHP/7.1.33
Content-Type:text/html; charset=UTF-8
",3b901c705b3327e383d639a788ffb194c57b4579fcb31fa593b2e21ebe8501fa6125a51a7d284bf6b870984d5730a241e7cffd1d8ff268abaf9aa256f5402ecd,200
http://web/?post=.empty,POST,"Origin:http://web
Accept:text/html,application/xhtml+xml,application/xml;q=0.9,image/avif,image/webp,image/apng,*/*;q=0.8,application/signed-exchange;v=b3;q=0.9
User-Agent:Mozilla/5.0 (X11; Linux x86_64) AppleWebKit/537.36 (KHTML, like Gecko) Chrome/85.0.4183.102 Safari/537.36
Referer:http://web/index.php
Upgrade-Insecure-Requests:1
Content-Type:multipart/form-data; boundary=----WebKitFormBoundaryYFVgwW3qE69X2z53
",5f284eb5c48aa6e6816951af772583eb906167d166db87c4d3bf833ddd87b7febefaf12c754d999328b7db4eb81615b0cd817cf8f7a9638abd46262e6fdbd6cc,"Keep-Alive:timeout=5, max=90
Server:Apache/2.4.38 (Debian)
Connection:Keep-Alive
Date:Mon, 11 May 2026 21:06:35 GMT
Cache-Control:max-age=0,must-revalidate,private
Content-Encoding:gzip
Vary:Accept-Encoding
Content-Length:1415
X-Powered-By:PHP/7.1.33
Content-Type:text/html; charset=UTF-8
",76165ef9d1741c40e54063588ec18d48c75cdec3dc9d60f988ce29fbc8372596994ddeb13ec2d107272610c345df3958cb5c04a80d5edf86762f29d5c8a651d6,200
http://web/index.php,GET,"Accept:text/html,application/xhtml+xml,application/xml;q=0.9,image/avif,image/webp,image/apng,*/*;q=0.8,application/signed-exchange;v=b3;q=0.9
User-Agent:Mozilla/5.0 (X11; Linux x86_64) AppleWebKit/537.36 (KHTML, like Gecko) Chrome/85.0.4183.102 Safari/537.36
Upgrade-Insecure-Requests:1
",cf83e1357eefb8bdf1542850d66d8007d620e4050b5715dc83f4a921d36ce9ce47d0d13c5d85f2b0ff8318d2877eec2f63b931bd47417a81a538327af927da3e,"Keep-Alive:timeout=5, max=62
Server:Apache/2.4.38 (Debian)
Connection:Keep-Alive
Date:Mon, 11 May 2026 21:07:13 GMT
Cache-Control:max-age=0,must-revalidate,private
Content-Encoding:gzip
Vary:Accept-Encoding
Content-Length:1415
X-Powered-By:PHP/7.1.33
Content-Type:text/html; charset=UTF-8
",20bbbeb0e2caae608a283ecb168349c5c88958e50442948faa779b637a5ce227d988aa55ab3c183e76d2cab0ef3c5a284689753d0a32289addeca48611ce3f8e,200
http://web/index.php,GET,"Accept:text/html,application/xhtml+xml,application/xml;q=0.9,image/avif,image/webp,image/apng,*/*;q=0.8,application/signed-exchange;v=b3;q=0.9
User-Agent:Mozilla/5.0 (X11; Linux x86_64) AppleWebKit/537.36 (KHTML, like Gecko) Chrome/85.0.4183.102 Safari/537.36
Upgrade-Insecure-Requests:1
",cf83e1357eefb8bdf1542850d66d8007d620e4050b5715dc83f4a921d36ce9ce47d0d13c5d85f2b0ff8318d2877eec2f63b931bd47417a81a538327af927da3e,"Keep-Alive:timeout=5, max=94
Server:Apache/2.4.38 (Debian)
Connection:Keep-Alive
Date:Mon, 11 May 2026 21:06:30 GMT
Cache-Control:max-age=0,must-revalidate,private
Content-Encoding:gzip
Vary:Accept-Encoding
Content-Length:1415
X-Powered-By:PHP/7.1.33
Content-Type:text/html; charset=UTF-8
",d6051d207aa539c43b296c95016c339fe9fc71036ab3e6dec3a8bd247167360634849b5d4b5ba53906988a28bf250dfdab6c32e266cdd2310e3582a80af977c0,200
http://web/index.php,GET,"Accept:text/html,application/xhtml+xml,application/xml;q=0.9,image/avif,image/webp,image/apng,*/*;q=0.8,application/signed-exchange;v=b3;q=0.9
User-Agent:Mozilla/5.0 (X11; Linux x86_64) AppleWebKit/537.36 (KHTML, like Gecko) Chrome/85.0.4183.102 Safari/537.36
Upgrade-Insecure-Requests:1
",cf83e1357eefb8bdf1542850d66d8007d620e4050b5715dc83f4a921d36ce9ce47d0d13c5d85f2b0ff8318d2877eec2f63b931bd47417a81a538327af927da3e,"Keep-Alive:timeout=5, max=27
Server:Apache/2.4.38 (Debian)
Connection:Keep-Alive
Date:Mon, 11 May 2026 21:08:09 GMT
Cache-Control:max-age=0,must-revalidate,private
Content-Encoding:gzip
Vary:Accept-Encoding
Content-Length:1416
X-Powered-By:PHP/7.1.33
Content-Type:text/html; charset=UTF-8
",3b17941a160f1789524708088527f14958acbd2ccf6fb81baecfaf8e886409f6c11daa547378678fa686f22660a0b21a7a0586f740996aa5d2e8d5b814ec10e4,200
http://web/index.php?signin=1&action=forgot,POST,"Origin:http://web
Accept:text/html,application/xhtml+xml,application/xml;q=0.9,image/avif,image/webp,image/apng,*/*;q=0.8,application/signed-exchange;v=b3;q=0.9
User-Agent:Mozilla/5.0 (X11; Linux x86_64) AppleWebKit/537.36 (KHTML, like Gecko) Chrome/85.0.4183.102 Safari/537.36
Referer:http://web/index.php
Upgrade-Insecure-Requests:1
Content-Type:multipart/form-data; boundary=----WebKitFormBoundarymbjc6XY2FczdoGdv
",df77c4bb8128784c1a19da5a0a75bf469c987587e02964eaf2c4c38900fbf4c063d94fb5ac31bcaf564146526b408e350fcf39c100a95ba42a2c5c0e0d576560,"Keep-Alive:timeout=5, max=15
Server:Apache/2.4.38 (Debian)
Connection:Keep-Alive
Date:Mon, 11 May 2026 21:08:27 GMT
Cache-Control:max-age=0,must-revalidate,private
Content-Encoding:gzip
Vary:Accept-Encoding
Content-Length:1416
X-Powered-By:PHP/7.1.33
Content-Type:text/html; charset=UTF-8
",15bd3314175d97da3cd1e24115c73ec3f7ed72161f641ee1b927767fa9f51a592d3149486af036596f76dbd806af8dd495707c68342d7e24b314c7840b8b55df,200
http://web/,GET,"Accept:text/html,application/xhtml+xml,application/xml;q=0.9,image/avif,image/webp,image/apng,*/*;q=0.8,application/signed-exchange;v=b3;q=0.9
User-Agent:Mozilla/5.0 (X11; Linux x86_64) AppleWebKit/537.36 (KHTML, like Gecko) Chrome/85.0.4183.102 Safari/537.36
Referer:http://web/index.php
Upgrade-Insecure-Requests:1
",cf83e1357eefb8bdf1542850d66d8007d620e4050b5715dc83f4a921d36ce9ce47d0d13c5d85f2b0ff8318d2877eec2f63b931bd47417a81a538327af927da3e,"Keep-Alive:timeout=5, max=72
Server:Apache/2.4.38 (Debian)
Connection:Keep-Alive
Date:Mon, 11 May 2026 21:04:35 GMT
Cache-Control:max-age=0,must-revalidate,private
Content-Encoding:gzip
Vary:Accept-Encoding
Content-Length:1416
X-Powered-By:PHP/7.1.33
Content-Type:text/html; charset=UTF-8
",babc8b1f37f34ab277d62c82a25f09b115451fea60ebda6def5fcbad048e4eef6400bc62c8e94e86659505c950882ee64849c375fa591a4c07d320414b2bec8e,200
http://web/,GET,"Accept:text/html,application/xhtml+xml,application/xml;q=0.9,image/avif,image/webp,image/apng,*/*;q=0.8,application/signed-exchange;v=b3;q=0.9
User-Agent:Mozilla/5.0 (X11; Linux x86_64) AppleWebKit/537.36 (KHTML, like Gecko) Chrome/85.0.4183.102 Safari/537.36
Upgrade-Insecure-Requests:1
",cf83e1357eefb8bdf1542850d66d8007d620e4050b5715dc83f4a921d36ce9ce47d0d13c5d85f2b0ff8318d2877eec2f63b931bd47417a81a538327af927da3e,"Keep-Alive:timeout=5, max=78
Server:Apache/2.4.38 (Debian)
Connection:Keep-Alive
Date:Mon, 11 May 2026 21:06:55 GMT
Cache-Control:max-age=0,must-revalidate,private
Content-Encoding:gzip
Vary:Accept-Encoding
Content-Length:1414
X-Powered-By:PHP/7.1.33
Content-Type:text/html; charset=UTF-8
",866fbd7b13ca2e05af14110c84d27330b3944318408bb41e640c5d87cf8b4cb69c0d6cf59eeb5dda13198d1e84af4cac4c95e7897816e2e0a498360e9672b6e3,200
http://web/,GET,"Accept:text/html,application/xhtml+xml,application/xml;q=0.9,image/avif,image/webp,image/apng,*/*;q=0.8,application/signed-exchange;v=b3;q=0.9
User-Agent:Mozilla/5.0 (X11; Linux x86_64) AppleWebKit/537.36 (KHTML, like Gecko) Chrome/85.0.4183.102 Safari/537.36
Upgrade-Insecure-Requests:1
",cf83e1357eefb8bdf1542850d66d8007d620e4050b5715dc83f4a921d36ce9ce47d0d13c5d85f2b0ff8318d2877eec2f63b931bd47417a81a538327af927da3e,"Keep-Alive:timeout=5, max=65
Server:Apache/2.4.38 (Debian)
Connection:Keep-Alive
Date:Mon, 11 May 2026 21:04:45 GMT
Cache-Control:max-age=0,must-revalidate,private
Content-Encoding:gzip
Vary:Accept-Encoding
Content-Length:1415
X-Powered-By:PHP/7.1.33
Content-Type:text/html; charset=UTF-8
",0c30494089ebe5b2ea71e416a0c8d821e9ccf7b4cf0982755c2d9fef3f0b3950c4de98c23cccd3a5496ee047b3e86f9ecd35062df39a97e6ccc7be903047030f,200
http://web/index.php?signin=1&action=new,POST,"Origin:http://web
Accept:text/html,application/xhtml+xml,application/xml;q=0.9,image/avif,image/webp,image/apng,*/*;q=0.8,application/signed-exchange;v=b3;q=0.9
User-Agent:Mozilla/5.0 (X11; Linux x86_64) AppleWebKit/537.36 (KHTML, like Gecko) Chrome/85.0.4183.102 Safari/537.36
Referer:http://web/index.php
Upgrade-Insecure-Requests:1
Content-Type:multipart/form-data; boundary=----WebKitFormBoundaryggPDwXBesEAGbI4H
",05d1c8a21e86452ad25f117b6c4b308e770e5572718d8a0876dde2150529a4731a843308fd27fe11f6d553efc109fe139d6c4734463229c81f749288337579b1,"Keep-Alive:timeout=5, max=10
Server:Apache/2.4.38 (Debian)
Connection:Keep-Alive
Date:Mon, 11 May 2026 21:08:37 GMT
Cache-Control:max-age=0,must-revalidate,private
Content-Encoding:gzip
Vary:Accept-Encoding
Content-Length:1416
X-Powered-By:PHP/7.1.33
Content-Type:text/html; charset=UTF-8
",a2ba0b18f5e0a29605e7882284298a8efee5e5688f43550fe76baa7135042748755b03e8e2df7ccd69259a298202d501ae10b6b430709793663dd01389535580,200
http://web/index.php,GET,"Accept:*/*
User-Agent:Mozilla/5.0 (X11; Linux x86_64) AppleWebKit/537.36 (KHTML, like Gecko) Chrome/85.0.4183.102 Safari/537.36
",cf83e1357eefb8bdf1542850d66d8007d620e4050b5715dc83f4a921d36ce9ce47d0d13c5d85f2b0ff8318d2877eec2f63b931bd47417a81a538327af927da3e,"Server:Apache/2.4.38 (Debian)
Date:Mon, 11 May 2026 21:04:17 GMT
Cache-Control:max-age=0,must-revalidate,private
Content-Encoding:gzip
Vary:Accept-Encoding
Content-Length:1415
X-Powered-By:PHP/7.1.33
Content-Type:text/html; charset=UTF-8
",d72497a88ac2eb71255febe46a6e3f02e0978a9bdc7c7aa82211aca6a50947533b852cb70ce98c525e3459792876fd1a631cfc566afa5c4ebf67a3f448babcdd,200
http://web/index.php,GET,"Accept:text/html,application/xhtml+xml,application/xml;q=0.9,image/avif,image/webp,image/apng,*/*;q=0.8,application/signed-exchange;v=b3;q=0.9
User-Agent:Mozilla/5.0 (X11; Linux x86_64) AppleWebKit/537.36 (KHTML, like Gecko) Chrome/85.0.4183.102 Safari/537.36
Upgrade-Insecure-Requests:1
",cf83e1357eefb8bdf1542850d66d8007d620e4050b5715dc83f4a921d36ce9ce47d0d13c5d85f2b0ff8318d2877eec2f63b931bd47417a81a538327af927da3e,"Keep-Alive:timeout=5, max=14
Server:Apache/2.4.38 (Debian)
Connection:Keep-Alive
Date:Mon, 11 May 2026 21:05:57 GMT
Cache-Control:max-age=0,must-revalidate,private
Content-Encoding:gzip
Vary:Accept-Encoding
Content-Length:1416
X-Powered-By:PHP/7.1.33
Content-Type:text/html; charset=UTF-8
",60200172b3d0df14a65fd190a02b9392176f0c3a907909b94a139068e11a991c25df3b411edc7e96367d484979edc2a0eda204c5a058e57e5b1501a8443aa27b,200
http://web/,GET,"Accept:text/html,application/xhtml+xml,application/xml;q=0.9,image/avif,image/webp,image/apng,*/*;q=0.8,application/signed-exchange;v=b3;q=0.9
User-Agent:Mozilla/5.0 (X11; Linux x86_64) AppleWebKit/537.36 (KHTML, like Gecko) Chrome/85.0.4183.102 Safari/537.36
Upgrade-Insecure-Requests:1
",cf83e1357eefb8bdf1542850d66d8007d620e4050b5715dc83f4a921d36ce9ce47d0d13c5d85f2b0ff8318d2877eec2f63b931bd47417a81a538327af927da3e,"Keep-Alive:timeout=5, max=22
Server:Apache/2.4.38 (Debian)
Connection:Keep-Alive
Date:Mon, 11 May 2026 21:08:18 GMT
Cache-Control:max-age=0,must-revalidate,private
Content-Encoding:gzip
Vary:Accept-Encoding
Content-Length:1416
X-Powered-By:PHP/7.1.33
Content-Type:text/html; charset=UTF-8
",b6e2473989939d144cef22e8bbd7d581f3f4f8a0b315a750434abded1779fe5e16859928cc764998ccb62632d9db870e6e8ea5c6cb7c6ede1adea994b9b22224,200
http://web/index.php,GET,"Accept:text/html,application/xhtml+xml,application/xml;q=0.9,image/avif,image/webp,image/apng,*/*;q=0.8,application/signed-exchange;v=b3;q=0.9
User-Agent:Mozilla/5.0 (X11; Linux x86_64) AppleWebKit/537.36 (KHTML, like Gecko) Chrome/85.0.4183.102 Safari/537.36
Upgrade-Insecure-Requests:1
",cf83e1357eefb8bdf1542850d66d8007d620e4050b5715dc83f4a921d36ce9ce47d0d13c5d85f2b0ff8318d2877eec2f63b931bd47417a81a538327af927da3e,"Keep-Alive:timeout=5, max=11
Server:Apache/2.4.38 (Debian)
Connection:Keep-Alive
Date:Mon, 11 May 2026 21:08:35 GMT
Cache-Control:max-age=0,must-revalidate,private
Content-Encoding:gzip
Vary:Accept-Encoding
Content-Length:1414
X-Powered-By:PHP/7.1.33
Content-Type:text/html; charset=UTF-8
",5b10274af2edc68675f741f586d1d31826bf855e59accbe50545779220fbba2459d654a43cf5b9dd941f0e64ecc581c9753712210ea5f6cf17949b7529d3104a,200
http://web/,GET,"Accept:text/html,application/xhtml+xml,application/xml;q=0.9,image/avif,image/webp,image/apng,*/*;q=0.8,application/signed-exchange;v=b3;q=0.9
User-Agent:Mozilla/5.0 (X11; Linux x86_64) AppleWebKit/537.36 (KHTML, like Gecko) Chrome/85.0.4183.102 Safari/537.36
Referer:http://web/index.php?signin=1&action=new
Upgrade-Insecure-Requests:1
",cf83e1357eefb8bdf1542850d66d8007d620e4050b5715dc83f4a921d36ce9ce47d0d13c5d85f2b0ff8318d2877eec2f63b931bd47417a81a538327af927da3e,"Keep-Alive:timeout=5, max=44
Server:Apache/2.4.38 (Debian)
Connection:Keep-Alive
Date:Mon, 11 May 2026 21:05:12 GMT
Cache-Control:max-age=0,must-revalidate,private
Content-Encoding:gzip
Vary:Accept-Encoding
Content-Length:1416
X-Powered-By:PHP/7.1.33
Content-Type:text/html; charset=UTF-8
",70e2cd00ddb486afc12e16264d74e6504b642ad88a7f04cc60bfc54398c14a3c2dbb4081498cffc50a246fd59342aac4b24572d1a3879faf10a7fcd56e087a31,200
http://web/index.php?signin=1&action=forgot,POST,"Origin:http://web
Accept:text/html,application/xhtml+xml,application/xml;q=0.9,image/avif,image/webp,image/apng,*/*;q=0.8,application/signed-exchange;v=b3;q=0.9
User-Agent:Mozilla/5.0 (X11; Linux x86_64) AppleWebKit/537.36 (KHTML, like Gecko) Chrome/85.0.4183.102 Safari/537.36
Referer:http://web/index.php
Upgrade-Insecure-Requests:1
Content-Type:multipart/form-data; boundary=----WebKitFormBoundarykZmuQPF50x6KAzw4
",d354c9d8dfe211c2a20202ae459488703425ac7c8953c84fef1291f9766a6ae2daae685fd54e04073fe69f1244e00feb394aa297ba669d5f1628930881043f29,"Keep-Alive:timeout=5, max=49
Server:Apache/2.4.38 (Debian)
Connection:Keep-Alive
Date:Mon, 11 May 2026 21:07:32 GMT
Cache-Control:max-age=0,must-revalidate,private
Content-Encoding:gzip
Vary:Accept-Encoding
Content-Length:1416
X-Powered-By:PHP/7.1.33
Content-Type:text/html; charset=UTF-8
",4b4ec3bdb3dcf7b21fba3d256b2ccf3681a6c2a9af4c8c136a44cf3f869e1b505902b0d211bdbd96128b8e3e0c08e06144046c8c5cecee658119106eff575573,200
http://web/index.php,GET,"Accept:text/html,application/xhtml+xml,application/xml;q=0.9,image/avif,image/webp,image/apng,*/*;q=0.8,application/signed-exchange;v=b3;q=0.9
User-Agent:Mozilla/5.0 (X11; Linux x86_64) AppleWebKit/537.36 (KHTML, like Gecko) Chrome/85.0.4183.102 Safari/537.36
Upgrade-Insecure-Requests:1
",cf83e1357eefb8bdf1542850d66d8007d620e4050b5715dc83f4a921d36ce9ce47d0d13c5d85f2b0ff8318d2877eec2f63b931bd47417a81a538327af927da3e,"Server:Apache/2.4.38 (Debian)
Connection:close
Date:Mon, 11 May 2026 21:06:19 GMT
Cache-Control:max-age=0,must-revalidate,private
Content-Encoding:gzip
Vary:Accept-Encoding
Content-Length:1415
X-Powered-By:PHP/7.1.33
Content-Type:text/html; charset=UTF-8
",626aae278f58ca4ecdbfd42fcb48689a1c6be6a108d89337982e98b14976e128b1c7b974dc38642360e197183809868b54b02e87cb3e54b7b4efd47a2958b4a7,200
http://web/users.php?t=pc,GET,"Accept:text/html,application/xhtml+xml,application/xml;q=0.9,image/avif,image/webp,image/apng,*/*;q=0.8,application/signed-exchange;v=b3;q=0.9
User-Agent:Mozilla/5.0 (X11; Linux x86_64) AppleWebKit/537.36 (KHTML, like Gecko) Chrome/85.0.4183.102 Safari/537.36
Referer:http://web/?post=.empty
Upgrade-Insecure-Requests:1
",cf83e1357eefb8bdf1542850d66d8007d620e4050b5715dc83f4a921d36ce9ce47d0d13c5d85f2b0ff8318d2877eec2f63b931bd47417a81a538327af927da3e,"Keep-Alive:timeout=5, max=88
Server:Apache/2.4.38 (Debian)
Connection:Keep-Alive
Date:Mon, 11 May 2026 21:04:14 GMT
Cache-Control:max-age=0,must-revalidate,private
Content-Encoding:gzip
Vary:Accept-Encoding
Content-Length:1377
X-Powered-By:PHP/7.1.33
Content-Type:text/html; charset=UTF-8
",089feb4e4a7609dd64cc228c89f8bbd5c76200fd5fb79a9ab6ce525aff755aceeb0c03961d7148ee3f59c97e9d6a25d30e90627cf69cf0a5a08a87670c1b05ef,200
http://web/,GET,"Accept:*/*
User-Agent:Mozilla/5.0 (X11; Linux x86_64) AppleWebKit/537.36 (KHTML, like Gecko) Chrome/85.0.4183.102 Safari/537.36
Referer:http://web/users.php?t=pc
",cf83e1357eefb8bdf1542850d66d8007d620e4050b5715dc83f4a921d36ce9ce47d0d13c5d85f2b0ff8318d2877eec2f63b931bd47417a81a538327af927da3e,"Server:Apache/2.4.38 (Debian)
Date:Mon, 11 May 2026 21:04:03 GMT
Cache-Control:max-age=0,must-revalidate,private
Content-Encoding:gzip
Vary:Accept-Encoding
Content-Length:1414
X-Powered-By:PHP/7.1.33
Content-Type:text/html; charset=UTF-8
",0e3b3687c8891b774db0558a75eecdff1aef0c96fcca56ad6ad7c1019a74452c861f296c0f47b90f1a5eeb0702b7485a16844d5d8bb1051bc5acff2570905885,200
http://web/index.php?signin=1&action=forgot,POST,"Origin:http://web
Accept:text/html,application/xhtml+xml,application/xml;q=0.9,image/avif,image/webp,image/apng,*/*;q=0.8,application/signed-exchange;v=b3;q=0.9
User-Agent:Mozilla/5.0 (X11; Linux x86_64) AppleWebKit/537.36 (KHTML, like Gecko) Chrome/85.0.4183.102 Safari/537.36
Referer:http://web/index.php
Upgrade-Insecure-Requests:1
Content-Type:multipart/form-data; boundary=----WebKitFormBoundaryzABylQIYjLDjzoPJ
",4a1999827e43fe992715a934ce5583f2ff024b749030e270d78ce1df1b00be227f3fafe5f3ca9ca94aaf0ee5c9822ab5b32c2ef548cba199d54f8f1eae48374c,"Keep-Alive:timeout=5, max=76
Server:Apache/2.4.38 (Debian)
Connection:Keep-Alive
Date:Mon, 11 May 2026 21:06:57 GMT
Cache-Control:max-age=0,must-revalidate,private
Content-Encoding:gzip
Vary:Accept-Encoding
Content-Length:1415
X-Powered-By:PHP/7.1.33
Content-Type:text/html; charset=UTF-8
",eac96884005288ca077f9febaf4718113ee4d92a9046915db64198829f025ca0f41a82d7a380ae76f3774e6cc0ee979a27a73bd71194e6bedaf1dbe22e4495ce,200
http://web/index.php,GET,"Accept:text/html,application/xhtml+xml,application/xml;q=0.9,image/avif,image/webp,image/apng,*/*;q=0.8,application/signed-exchange;v=b3;q=0.9
User-Agent:Mozilla/5.0 (X11; Linux x86_64) AppleWebKit/537.36 (KHTML, like Gecko) Chrome/85.0.4183.102 Safari/537.36
Upgrade-Insecure-Requests:1
",cf83e1357eefb8bdf1542850d66d8007d620e4050b5715dc83f4a921d36ce9ce47d0d13c5d85f2b0ff8318d2877eec2f63b931bd47417a81a538327af927da3e,"Keep-Alive:timeout=5, max=8
Server:Apache/2.4.38 (Debian)
Connection:Keep-Alive
Date:Mon, 11 May 2026 21:08:40 GMT
Cache-Control:max-age=0,must-revalidate,private
Content-Encoding:gzip
Vary:Accept-Encoding
Content-Length:1413
X-Powered-By:PHP/7.1.33
Content-Type:text/html; charset=UTF-8
",f0580aa3aa7d072a37d82366948901753800fb965edc064832216a9d7ebd3d1e1e1adf692c0378e75eb7e201d7ac6be16ed5f05f65b491fe36383297abea1e4e,200
http://web/,GET,"Accept:text/html,application/xhtml+xml,application/xml;q=0.9,image/avif,image/webp,image/apng,*/*;q=0.8,application/signed-exchange;v=b3;q=0.9
User-Agent:Mozilla/5.0 (X11; Linux x86_64) AppleWebKit/537.36 (KHTML, like Gecko) Chrome/85.0.4183.102 Safari/537.36
Upgrade-Insecure-Requests:1
",cf83e1357eefb8bdf1542850d66d8007d620e4050b5715dc83f4a921d36ce9ce47d0d13c5d85f2b0ff8318d2877eec2f63b931bd47417a81a538327af927da3e,"Keep-Alive:timeout=5, max=1
Server:Apache/2.4.38 (Debian)
Connection:Keep-Alive
Date:Mon, 11 May 2026 21:06:18 GMT
Cache-Control:max-age=0,must-revalidate,private
Content-Encoding:gzip
Vary:Accept-Encoding
Content-Length:1415
X-Powered-By:PHP/7.1.33
Content-Type:text/html; charset=UTF-8
",5ed787a3702938a616bced3857641756277243f7e85a58cf101f916f3e3da2a5db4dfa362f452995d75d8ff3f5ebb6376ea5cda1a171ecb9a9715a4ef0bab7b4,200
http://web/scripts/jquery-3.3.1.min.js?mtime=1778089704,GET,"Accept:*/*
User-Agent:Mozilla/5.0 (X11; Linux x86_64) AppleWebKit/537.36 (KHTML, like Gecko) Chrome/85.0.4183.102 Safari/537.36
Referer:http://web/index.php
",cf83e1357eefb8bdf1542850d66d8007d620e4050b5715dc83f4a921d36ce9ce47d0d13c5d85f2b0ff8318d2877eec2f63b931bd47417a81a538327af927da3e,"Keep-Alive:timeout=5, max=100
Server:Apache/2.4.38 (Debian)
Connection:Keep-Alive
Last-Modified:Wed, 06 May 2026 17:48:24 GMT
Date:Mon, 11 May 2026 21:03:51 GMT
Accept-Ranges:bytes
Content-Encoding:gzip
Vary:Accept-Encoding
Content-Length:30307
Content-Type:application/javascript
",f8da8f95b6ed33542a88af19028e18ae3d9ce25350a06bfc3fbf433ed2b38fefa5e639cddfdac703fc6caa7f3313d974b92a3168276b3a016ceb28f27db0714a,200
http://web/index.php,GET,"Accept:text/html,application/xhtml+xml,application/xml;q=0.9,image/avif,image/webp,image/apng,*/*;q=0.8,application/signed-exchange;v=b3;q=0.9
User-Agent:Mozilla/5.0 (X11; Linux x86_64) AppleWebKit/537.36 (KHTML, like Gecko) Chrome/85.0.4183.102 Safari/537.36
Upgrade-Insecure-Requests:1
",cf83e1357eefb8bdf1542850d66d8007d620e4050b5715dc83f4a921d36ce9ce47d0d13c5d85f2b0ff8318d2877eec2f63b931bd47417a81a538327af927da3e,"Keep-Alive:timeout=5, max=15
Server:Apache/2.4.38 (Debian)
Connection:Keep-Alive
Date:Mon, 11 May 2026 21:05:55 GMT
Cache-Control:max-age=0,must-revalidate,private
Content-Encoding:gzip
Vary:Accept-Encoding
Content-Length:1416
X-Powered-By:PHP/7.1.33
Content-Type:text/html; charset=UTF-8
",8776e0019f43a8b199ccb89181a96a966222ab09f1d2683695c9553b27c9ecea8ec326ad32e2c1f19e6ec9569ccac7404f8fe4de40268ecb4514df4edff58ec3,200
http://web/?post=.empty,POST,"Origin:http://web
Accept:text/html,application/xhtml+xml,application/xml;q=0.9,image/avif,image/webp,image/apng,*/*;q=0.8,application/signed-exchange;v=b3;q=0.9
User-Agent:Mozilla/5.0 (X11; Linux x86_64) AppleWebKit/537.36 (KHTML, like Gecko) Chrome/85.0.4183.102 Safari/537.36
Referer:http://web/
Upgrade-Insecure-Requests:1
Content-Type:multipart/form-data; boundary=----WebKitFormBoundary7gmGZZITDUKPgJTE
",048f82e6aea03571a1c4d1c9543864b8ddb0da252096dc897522b325f81525c7752f5337889b4a88e5ded8929a4c870de74401a9b8056c5ba8a03014aabf0d75,"Keep-Alive:timeout=5, max=91
Server:Apache/2.4.38 (Debian)
Connection:Keep-Alive
Date:Mon, 11 May 2026 21:04:11 GMT
Cache-Control:max-age=0,must-revalidate,private
Content-Encoding:gzip
Vary:Accept-Encoding
Content-Length:1416
X-Powered-By:PHP/7.1.33
Content-Type:text/html; charset=UTF-8
",a01ec4e78fa3b458d7316cba974f13795581cec24fc9f59a3cb02f27b7e705bfd348d7e3e558259f42e42f4fc4342a61fdeefad84d37eefe9bd1750910cd06e8,200
http://web/index.php,GET,"Accept:text/html,application/xhtml+xml,application/xml;q=0.9,image/avif,image/webp,image/apng,*/*;q=0.8,application/signed-exchange;v=b3;q=0.9
User-Agent:Mozilla/5.0 (X11; Linux x86_64) AppleWebKit/537.36 (KHTML, like Gecko) Chrome/85.0.4183.102 Safari/537.36
Upgrade-Insecure-Requests:1
",cf83e1357eefb8bdf1542850d66d8007d620e4050b5715dc83f4a921d36ce9ce47d0d13c5d85f2b0ff8318d2877eec2f63b931bd47417a81a538327af927da3e,"Keep-Alive:timeout=5, max=56
Server:Apache/2.4.38 (Debian)
Connection:Keep-Alive
Date:Mon, 11 May 2026 21:04:57 GMT
Cache-Control:max-age=0,must-revalidate,private
Content-Encoding:gzip
Vary:Accept-Encoding
Content-Length:1415
X-Powered-By:PHP/7.1.33
Content-Type:text/html; charset=UTF-8
",28019b14c631e4d7792ce966b2bc9de28b9504e70255f88d4d68f738241505ef60595dc3f206eb47f261dbc618ab08a211656de6e058698a2a07d719bef50e33,200
http://web/,GET,"Accept:text/html,application/xhtml+xml,application/xml;q=0.9,image/avif,image/webp,image/apng,*/*;q=0.8,application/signed-exchange;v=b3;q=0.9
User-Agent:Mozilla/5.0 (X11; Linux x86_64) AppleWebKit/537.36 (KHTML, like Gecko) Chrome/85.0.4183.102 Safari/537.36
Upgrade-Insecure-Requests:1
",cf83e1357eefb8bdf1542850d66d8007d620e4050b5715dc83f4a921d36ce9ce47d0d13c5d85f2b0ff8318d2877eec2f63b931bd47417a81a538327af927da3e,"Keep-Alive:timeout=5, max=9
Server:Apache/2.4.38 (Debian)
Connection:Keep-Alive
Date:Mon, 11 May 2026 21:08:39 GMT
Cache-Control:max-age=0,must-revalidate,private
Content-Encoding:gzip
Vary:Accept-Encoding
Content-Length:1416
X-Powered-By:PHP/7.1.33
Content-Type:text/html; charset=UTF-8
",1155a067172366d7a7fba6d1ccf1061b495d32f725c885ff34f3a757879a5f13d2e3c4c3a6abd925705b973297aa8c58e85143e18204bb726595bc2090d50327,200
http://web/,GET,"Accept:text/html,application/xhtml+xml,application/xml;q=0.9,image/avif,image/webp,image/apng,*/*;q=0.8,application/signed-exchange;v=b3;q=0.9
User-Agent:Mozilla/5.0 (X11; Linux x86_64) AppleWebKit/537.36 (KHTML, like Gecko) Chrome/85.0.4183.102 Safari/537.36
Upgrade-Insecure-Requests:1
",cf83e1357eefb8bdf1542850d66d8007d620e4050b5715dc83f4a921d36ce9ce47d0d13c5d85f2b0ff8318d2877eec2f63b931bd47417a81a538327af927da3e,"Keep-Alive:timeout=5, max=57
Server:Apache/2.4.38 (Debian)
Connection:Keep-Alive
Date:Mon, 11 May 2026 21:07:21 GMT
Cache-Control:max-age=0,must-revalidate,private
Content-Encoding:gzip
Vary:Accept-Encoding
Content-Length:1415
X-Powered-By:PHP/7.1.33
Content-Type:text/html; charset=UTF-8
",92228c9cbe9b4a67cd2b9d78e321cd75f6d355b55ea5feb0628657521360acf010015204e35d86c97e5b60014bdf43fe52434e2c63a4d9ac495e56ccc25e4739,200
http://web/index.php,GET,"Accept:text/html,application/xhtml+xml,application/xml;q=0.9,image/avif,image/webp,image/apng,*/*;q=0.8,application/signed-exchange;v=b3;q=0.9
User-Agent:Mozilla/5.0 (X11; Linux x86_64) AppleWebKit/537.36 (KHTML, like Gecko) Chrome/85.0.4183.102 Safari/537.36
Upgrade-Insecure-Requests:1
",cf83e1357eefb8bdf1542850d66d8007d620e4050b5715dc83f4a921d36ce9ce47d0d13c5d85f2b0ff8318d2877eec2f63b931bd47417a81a538327af927da3e,"Keep-Alive:timeout=5, max=82
Server:Apache/2.4.38 (Debian)
Connection:Keep-Alive
Date:Mon, 11 May 2026 21:06:46 GMT
Cache-Control:max-age=0,must-revalidate,private
Content-Encoding:gzip
Vary:Accept-Encoding
Content-Length:1415
X-Powered-By:PHP/7.1.33
Content-Type:text/html; charset=UTF-8
",24a2a8efe28d4469bb204b6754ba342742c899bde86c82344bde737aa77204d27facfdc759a21448abad94e52e1415566b2420bfe4fef474ac7ff215c1d7a3c3,200
http://web/,GET,"Accept:text/html,application/xhtml+xml,application/xml;q=0.9,image/avif,image/webp,image/apng,*/*;q=0.8,application/signed-exchange;v=b3;q=0.9
User-Agent:Mozilla/5.0 (X11; Linux x86_64) AppleWebKit/537.36 (KHTML, like Gecko) Chrome/85.0.4183.102 Safari/537.36
Upgrade-Insecure-Requests:1
",cf83e1357eefb8bdf1542850d66d8007d620e4050b5715dc83f4a921d36ce9ce47d0d13c5d85f2b0ff8318d2877eec2f63b931bd47417a81a538327af927da3e,"Keep-Alive:timeout=5, max=48
Server:Apache/2.4.38 (Debian)
Connection:Keep-Alive
Date:Mon, 11 May 2026 21:05:08 GMT
Cache-Control:max-age=0,must-revalidate,private
Content-Encoding:gzip
Vary:Accept-Encoding
Content-Length:1415
X-Powered-By:PHP/7.1.33
Content-Type:text/html; charset=UTF-8
",aba478704b7bae6c6fc59afc823b8d395e34092500e8e91a82a6ad0afd12efa3e8632b88f48bacf7005da72978cc17ffbf7e6ff7be023ae848dc6db70d522d9d,200
http://web/,GET,"Accept:text/html,application/xhtml+xml,application/xml;q=0.9,image/avif,image/webp,image/apng,*/*;q=0.8,application/signed-exchange;v=b3;q=0.9
User-Agent:Mozilla/5.0 (X11; Linux x86_64) AppleWebKit/537.36 (KHTML, like Gecko) Chrome/85.0.4183.102 Safari/537.36
Upgrade-Insecure-Requests:1
",cf83e1357eefb8bdf1542850d66d8007d620e4050b5715dc83f4a921d36ce9ce47d0d13c5d85f2b0ff8318d2877eec2f63b931bd47417a81a538327af927da3e,"Keep-Alive:timeout=5, max=5
Server:Apache/2.4.38 (Debian)
Connection:Keep-Alive
Date:Mon, 11 May 2026 21:06:12 GMT
Cache-Control:max-age=0,must-revalidate,private
Content-Encoding:gzip
Vary:Accept-Encoding
Content-Length:1415
X-Powered-By:PHP/7.1.33
Content-Type:text/html; charset=UTF-8
",56a075f8213c177b10629273a598654697cb687024fa064527fc1fa37762a9969556b2a0bc4dcfe315a00a0feec01f37910cac351fd0acc83786d2e04badf145,200
http://web/index.php,GET,"Accept:text/html,application/xhtml+xml,application/xml;q=0.9,image/avif,image/webp,image/apng,*/*;q=0.8,application/signed-exchange;v=b3;q=0.9
User-Agent:Mozilla/5.0 (X11; Linux x86_64) AppleWebKit/537.36 (KHTML, like Gecko) Chrome/85.0.4183.102 Safari/537.36
Upgrade-Insecure-Requests:1
",cf83e1357eefb8bdf1542850d66d8007d620e4050b5715dc83f4a921d36ce9ce47d0d13c5d85f2b0ff8318d2877eec2f63b931bd47417a81a538327af927da3e,"Keep-Alive:timeout=5, max=50
Server:Apache/2.4.38 (Debian)
Connection:Keep-Alive
Date:Mon, 11 May 2026 21:07:30 GMT
Cache-Control:max-age=0,must-revalidate,private
Content-Encoding:gzip
Vary:Accept-Encoding
Content-Length:1415
X-Powered-By:PHP/7.1.33
Content-Type:text/html; charset=UTF-8
",10297c7c7c6e4c5425211f41706eae2e21f717128536b63db3f3f357c943cc115fecf19eb7c90e30109eed30e7ad0c846254b09aee5e96321b029dfd0ea987d7,200
http://web/users.php?t=pc&sort=3,GET,"Accept:text/html,application/xhtml+xml,application/xml;q=0.9,image/avif,image/webp,image/apng,*/*;q=0.8,application/signed-exchange;v=b3;q=0.9
User-Agent:Mozilla/5.0 (X11; Linux x86_64) AppleWebKit/537.36 (KHTML, like Gecko) Chrome/85.0.4183.102 Safari/537.36
Referer:http://web/users.php?t=pc&sort=1R
Upgrade-Insecure-Requests:1
",cf83e1357eefb8bdf1542850d66d8007d620e4050b5715dc83f4a921d36ce9ce47d0d13c5d85f2b0ff8318d2877eec2f63b931bd47417a81a538327af927da3e,"Keep-Alive:timeout=5, max=86
Server:Apache/2.4.38 (Debian)
Connection:Keep-Alive
Date:Mon, 11 May 2026 21:04:15 GMT
Cache-Control:max-age=0,must-revalidate,private
Content-Encoding:gzip
Vary:Accept-Encoding
Content-Length:1376
X-Powered-By:PHP/7.1.33
Content-Type:text/html; charset=UTF-8
",fee32a5a743ae84b814e5da7e802293a5bd8f8f15e3f1043ead62076cd142224cbb8b558062636a0c67ed49ce13c627357bd378680c33f8d6310781ce20f5023,200
http://web/users.php?t=pc,GET,"Accept:text/html,application/xhtml+xml,application/xml;q=0.9,image/avif,image/webp,image/apng,*/*;q=0.8,application/signed-exchange;v=b3;q=0.9
User-Agent:Mozilla/5.0 (X11; Linux x86_64) AppleWebKit/537.36 (KHTML, like Gecko) Chrome/85.0.4183.102 Safari/537.36
Referer:http://web/index.php?signin=1&action=forgot
Upgrade-Insecure-Requests:1
",cf83e1357eefb8bdf1542850d66d8007d620e4050b5715dc83f4a921d36ce9ce47d0d13c5d85f2b0ff8318d2877eec2f63b931bd47417a81a538327af927da3e,"Keep-Alive:timeout=5, max=27
Server:Apache/2.4.38 (Debian)
Connection:Keep-Alive
Date:Mon, 11 May 2026 21:05:35 GMT
Cache-Control:max-age=0,must-revalidate,private
Content-Encoding:gzip
Vary:Accept-Encoding
Content-Length:1379
X-Powered-By:PHP/7.1.33
Content-Type:text/html; charset=UTF-8
",8622ac31e69fd93acd767c148cb5405b94836df312de4452d4871120af3ff3987bdf77fdf12487d5825040f2272bd559dee671f6f123d40d1b2a49c9663367f1,200
http://web/index.php?signin=1&action=forgot,POST,"Origin:http://web
Accept:text/html,application/xhtml+xml,application/xml;q=0.9,image/avif,image/webp,image/apng,*/*;q=0.8,application/signed-exchange;v=b3;q=0.9
User-Agent:Mozilla/5.0 (X11; Linux x86_64) AppleWebKit/537.36 (KHTML, like Gecko) Chrome/85.0.4183.102 Safari/537.36
Referer:http://web/index.php
Upgrade-Insecure-Requests:1
Content-Type:multipart/form-data; boundary=----WebKitFormBoundaryAjFhZgpYCJLqkrsm
",bb57a37d383cf0833004b9e1817360c402507a70999bb5ecc9e4922def76e51b3f24909ccf7b9b96b03ca224a034d74a89453e46210ddcb06f98af3a1c90d5f8,"Keep-Alive:timeout=5, max=29
Server:Apache/2.4.38 (Debian)
Connection:Keep-Alive
Date:Mon, 11 May 2026 21:08:06 GMT
Cache-Control:max-age=0,must-revalidate,private
Content-Encoding:gzip
Vary:Accept-Encoding
Content-Length:1416
X-Powered-By:PHP/7.1.33
Content-Type:text/html; charset=UTF-8
",bba3995e033e634eec4275489a3090211623e69a6df63bf333844d7297ba732a6ddf857b0ede23c9ebdd98b1da04015b4e12138493c02c7bc519661e6d5416be,200
http://web/index.php,GET,"Accept:text/html,application/xhtml+xml,application/xml;q=0.9,image/avif,image/webp,image/apng,*/*;q=0.8,application/signed-exchange;v=b3;q=0.9
User-Agent:Mozilla/5.0 (X11; Linux x86_64) AppleWebKit/537.36 (KHTML, like Gecko) Chrome/85.0.4183.102 Safari/537.36
Upgrade-Insecure-Requests:1
",cf83e1357eefb8bdf1542850d66d8007d620e4050b5715dc83f4a921d36ce9ce47d0d13c5d85f2b0ff8318d2877eec2f63b931bd47417a81a538327af927da3e,"Keep-Alive:timeout=5, max=73
Server:Apache/2.4.38 (Debian)
Connection:Keep-Alive
Date:Mon, 11 May 2026 21:04:34 GMT
Cache-Control:max-age=0,must-revalidate,private
Content-Encoding:gzip
Vary:Accept-Encoding
Content-Length:1415
X-Powered-By:PHP/7.1.33
Content-Type:text/html; charset=UTF-8
",10826b4213d63f79596a3fe72bf88b719ffb9d3e3050c62dcfb639c8b85a29f8d75a0cdf65eb6d1b0a3e617cadc87aad006497e3550d0a68ce83a049191137c1,200
http://web/,GET,"Accept:text/html,application/xhtml+xml,application/xml;q=0.9,image/avif,image/webp,image/apng,*/*;q=0.8,application/signed-exchange;v=b3;q=0.9
User-Agent:Mozilla/5.0 (X11; Linux x86_64) AppleWebKit/537.36 (KHTML, like Gecko) Chrome/85.0.4183.102 Safari/537.36
Referer:http://web/
Upgrade-Insecure-Requests:1
",cf83e1357eefb8bdf1542850d66d8007d620e4050b5715dc83f4a921d36ce9ce47d0d13c5d85f2b0ff8318d2877eec2f63b931bd47417a81a538327af927da3e,"Keep-Alive:timeout=5, max=96
Server:Apache/2.4.38 (Debian)
Connection:Keep-Alive
Date:Mon, 11 May 2026 21:04:01 GMT
Cache-Control:max-age=0,must-revalidate,private
Content-Encoding:gzip
Vary:Accept-Encoding
Content-Length:1414
X-Powered-By:PHP/7.1.33
Content-Type:text/html; charset=UTF-8
",f360ec9f968d06658028f69722426cb1ff32fb1b7c99c2a2ec5e717b095d34fe876656dda779a227aef1d5f6827065f47b2ac7786e91acd80ab122951d9fa3f5,200
http://web/index.php,GET,"Accept:text/html,application/xhtml+xml,application/xml;q=0.9,image/avif,image/webp,image/apng,*/*;q=0.8,application/signed-exchange;v=b3;q=0.9
User-Agent:Mozilla/5.0 (X11; Linux x86_64) AppleWebKit/537.36 (KHTML, like Gecko) Chrome/85.0.4183.102 Safari/537.36
Upgrade-Insecure-Requests:1
",cf83e1357eefb8bdf1542850d66d8007d620e4050b5715dc83f4a921d36ce9ce47d0d13c5d85f2b0ff8318d2877eec2f63b931bd47417a81a538327af927da3e,"Keep-Alive:timeout=5, max=24
Server:Apache/2.4.38 (Debian)
Connection:Keep-Alive
Date:Mon, 11 May 2026 21:05:42 GMT
Cache-Control:max-age=0,must-revalidate,private
Content-Encoding:gzip
Vary:Accept-Encoding
Content-Length:1416
X-Powered-By:PHP/7.1.33
Content-Type:text/html; charset=UTF-8
",63a1be35ac3027b3915cf4d5f7f20753fa1c5af31a7e33ba1e8d9d1845414d91f6b88721115d6f2fa058fffe0e38d5714c2680d2f1b0f92fd59818a1232228b8,200
http://web/index.php,GET,"Accept:text/html,application/xhtml+xml,application/xml;q=0.9,image/avif,image/webp,image/apng,*/*;q=0.8,application/signed-exchange;v=b3;q=0.9
User-Agent:Mozilla/5.0 (X11; Linux x86_64) AppleWebKit/537.36 (KHTML, like Gecko) Chrome/85.0.4183.102 Safari/537.36
Upgrade-Insecure-Requests:1
",cf83e1357eefb8bdf1542850d66d8007d620e4050b5715dc83f4a921d36ce9ce47d0d13c5d85f2b0ff8318d2877eec2f63b931bd47417a81a538327af927da3e,"Keep-Alive:timeout=5, max=71
Server:Apache/2.4.38 (Debian)
Connection:Keep-Alive
Date:Mon, 11 May 2026 21:07:02 GMT
Cache-Control:max-age=0,must-revalidate,private
Content-Encoding:gzip
Vary:Accept-Encoding
Content-Length:1415
X-Powered-By:PHP/7.1.33
Content-Type:text/html; charset=UTF-8
",4e1d8fd032be3abbbf092eb30aab6058a645993f2d71e466aaa35ec73c5d084c309a4c0cef6e79ba1c548c5fe4a8fe4edc6dea73dee795c795b46da84cfd9d5d,200
http://web/index.php,GET,"Accept:text/html,application/xhtml+xml,application/xml;q=0.9,image/avif,image/webp,image/apng,*/*;q=0.8,application/signed-exchange;v=b3;q=0.9
User-Agent:Mozilla/5.0 (X11; Linux x86_64) AppleWebKit/537.36 (KHTML, like Gecko) Chrome/85.0.4183.102 Safari/537.36
Upgrade-Insecure-Requests:1
",cf83e1357eefb8bdf1542850d66d8007d620e4050b5715dc83f4a921d36ce9ce47d0d13c5d85f2b0ff8318d2877eec2f63b931bd47417a81a538327af927da3e,"Keep-Alive:timeout=5, max=25
Server:Apache/2.4.38 (Debian)
Connection:Keep-Alive
Date:Mon, 11 May 2026 21:05:38 GMT
Cache-Control:max-age=0,must-revalidate,private
Content-Encoding:gzip
Vary:Accept-Encoding
Content-Length:1415
X-Powered-By:PHP/7.1.33
Content-Type:text/html; charset=UTF-8
",e9ec18240a62eaa28d7b65084e05c2cc898bc6b28b1b6620fa8b8e41820bbd1fe0561e54eee5da8f4299a1ee5d1d55c0954672f3a6e0e69ef30efec004ce6f65,200
http://web/,GET,"Accept:text/html,application/xhtml+xml,application/xml;q=0.9,image/avif,image/webp,image/apng,*/*;q=0.8,application/signed-exchange;v=b3;q=0.9
User-Agent:Mozilla/5.0 (X11; Linux x86_64) AppleWebKit/537.36 (KHTML, like Gecko) Chrome/85.0.4183.102 Safari/537.36
Upgrade-Insecure-Requests:1
",cf83e1357eefb8bdf1542850d66d8007d620e4050b5715dc83f4a921d36ce9ce47d0d13c5d85f2b0ff8318d2877eec2f63b931bd47417a81a538327af927da3e,"Keep-Alive:timeout=5, max=77
Server:Apache/2.4.38 (Debian)
Connection:Keep-Alive
Date:Mon, 11 May 2026 21:04:29 GMT
Cache-Control:max-age=0,must-revalidate,private
Content-Encoding:gzip
Vary:Accept-Encoding
Content-Length:1415
X-Powered-By:PHP/7.1.33
Content-Type:text/html; charset=UTF-8
",97a2f535ed03efd3cb0e9ddf59d8022c10c60e82114a2b3651bffc93f912bf5d2ef2df70d388fd3dcf3276c868e6a53ff0a3adfcb64af1c9972d04dd461d2708,200
http://web/index.php,GET,"Accept:text/html,application/xhtml+xml,application/xml;q=0.9,image/avif,image/webp,image/apng,*/*;q=0.8,application/signed-exchange;v=b3;q=0.9
User-Agent:Mozilla/5.0 (X11; Linux x86_64) AppleWebKit/537.36 (KHTML, like Gecko) Chrome/85.0.4183.102 Safari/537.36
Upgrade-Insecure-Requests:1
",cf83e1357eefb8bdf1542850d66d8007d620e4050b5715dc83f4a921d36ce9ce47d0d13c5d85f2b0ff8318d2877eec2f63b931bd47417a81a538327af927da3e,"Keep-Alive:timeout=5, max=68
Server:Apache/2.4.38 (Debian)
Connection:Keep-Alive
Date:Mon, 11 May 2026 21:07:07 GMT
Cache-Control:max-age=0,must-revalidate,private
Content-Encoding:gzip
Vary:Accept-Encoding
Content-Length:1415
X-Powered-By:PHP/7.1.33
Content-Type:text/html; charset=UTF-8
",29ebf5b587180825bfa5e07ff7b522817a864f14bf262d7e81a5203dadac9c07e5aed323129b46914c1ed43167fabf240f4d1fa4086b446175b669d2bcf16aa5,200
http://web/?post=.empty,POST,"Origin:http://web
Accept:text/html,application/xhtml+xml,application/xml;q=0.9,image/avif,image/webp,image/apng,*/*;q=0.8,application/signed-exchange;v=b3;q=0.9
User-Agent:Mozilla/5.0 (X11; Linux x86_64) AppleWebKit/537.36 (KHTML, like Gecko) Chrome/85.0.4183.102 Safari/537.36
Referer:http://web/index.php
Upgrade-Insecure-Requests:1
Content-Type:multipart/form-data; boundary=----WebKitFormBoundaryIDAoqZToNPnKbbM3
",ddf90c082206e4282ee3174d3bbd6bd37f506164ca949e4c6d1c318ff11db60b7d8b21b8ebcf9ec769bdf7f43b71a203d8cc21c616bcdb2ec80b0d4999d3f6f4,"Keep-Alive:timeout=5, max=3
Server:Apache/2.4.38 (Debian)
Connection:Keep-Alive
Date:Mon, 11 May 2026 21:06:14 GMT
Cache-Control:max-age=0,must-revalidate,private
Content-Encoding:gzip
Vary:Accept-Encoding
Content-Length:1414
X-Powered-By:PHP/7.1.33
Content-Type:text/html; charset=UTF-8
",e73984a71e26369b8c3d4db5afb9789295f254339c077e45b9b9e5eb02918fcaf95369c3d698a2cd868b8671c59f287510e6a8a3dd3f9236e8544d38687d8746,200
http://web/users.php?t=pc,GET,"Accept:text/html,application/xhtml+xml,application/xml;q=0.9,image/avif,image/webp,image/apng,*/*;q=0.8,application/signed-exchange;v=b3;q=0.9
User-Agent:Mozilla/5.0 (X11; Linux x86_64) AppleWebKit/537.36 (KHTML, like Gecko) Chrome/85.0.4183.102 Safari/537.36
Upgrade-Insecure-Requests:1
",cf83e1357eefb8bdf1542850d66d8007d620e4050b5715dc83f4a921d36ce9ce47d0d13c5d85f2b0ff8318d2877eec2f63b931bd47417a81a538327af927da3e,"Keep-Alive:timeout=5, max=28
Server:Apache/2.4.38 (Debian)
Connection:Keep-Alive
Date:Mon, 11 May 2026 21:08:09 GMT
Cache-Control:max-age=0,must-revalidate,private
Content-Encoding:gzip
Vary:Accept-Encoding
Content-Length:1378
X-Powered-By:PHP/7.1.33
Content-Type:text/html; charset=UTF-8
",697a6f7a83baf533e49e49baf8af74170aea7a90b8dc681c79e6a3e3f90afbdaa7c3c7007f90e459425ed84b7610f05c6909624506fb629bb70d67bed46a2cf0,200
http://web/index.php,GET,"Accept:text/html,application/xhtml+xml,application/xml;q=0.9,image/avif,image/webp,image/apng,*/*;q=0.8,application/signed-exchange;v=b3;q=0.9
User-Agent:Mozilla/5.0 (X11; Linux x86_64) AppleWebKit/537.36 (KHTML, like Gecko) Chrome/85.0.4183.102 Safari/537.36
Upgrade-Insecure-Requests:1
",cf83e1357eefb8bdf1542850d66d8007d620e4050b5715dc83f4a921d36ce9ce47d0d13c5d85f2b0ff8318d2877eec2f63b931bd47417a81a538327af927da3e,"Keep-Alive:timeout=5, max=46
Server:Apache/2.4.38 (Debian)
Connection:Keep-Alive
Date:Mon, 11 May 2026 21:07:39 GMT
Cache-Control:max-age=0,must-revalidate,private
Content-Encoding:gzip
Vary:Accept-Encoding
Content-Length:1416
X-Powered-By:PHP/7.1.33
Content-Type:text/html; charset=UTF-8
",86d91b05da0c6e432788dfef5de30fa4c08ccce6611d47691958d997ce88eb8ff22ffe5eae13382804c8890aa2408c3327f1c91049930e1d77418bb9fdde2e22,200
http://web/,GET,"Accept:text/html,application/xhtml+xml,application/xml;q=0.9,image/avif,image/webp,image/apng,*/*;q=0.8,application/signed-exchange;v=b3;q=0.9
User-Agent:Mozilla/5.0 (X11; Linux x86_64) AppleWebKit/537.36 (KHTML, like Gecko) Chrome/85.0.4183.102 Safari/537.36
Referer:http://web/index.php
Upgrade-Insecure-Requests:1
",cf83e1357eefb8bdf1542850d66d8007d620e4050b5715dc83f4a921d36ce9ce47d0d13c5d85f2b0ff8318d2877eec2f63b931bd47417a81a538327af927da3e,"Keep-Alive:timeout=5, max=42
Server:Apache/2.4.38 (Debian)
Connection:Keep-Alive
Date:Mon, 11 May 2026 21:05:14 GMT
Cache-Control:max-age=0,must-revalidate,private
Content-Encoding:gzip
Vary:Accept-Encoding
Content-Length:1414
X-Powered-By:PHP/7.1.33
Content-Type:text/html; charset=UTF-8
",9d674a17ecefeeebc4f31693e167d17851ff028b38d2f0e05193e966c9de06ae8dbca81d29d5ae07ae6e3b25bc6794a99a989c1002b9fd307ce3f8c79cf7cbe1,200
http://web/index.php,GET,"Accept:text/html,application/xhtml+xml,application/xml;q=0.9,image/avif,image/webp,image/apng,*/*;q=0.8,application/signed-exchange;v=b3;q=0.9
User-Agent:Mozilla/5.0 (X11; Linux x86_64) AppleWebKit/537.36 (KHTML, like Gecko) Chrome/85.0.4183.102 Safari/537.36
Upgrade-Insecure-Requests:1
",cf83e1357eefb8bdf1542850d66d8007d620e4050b5715dc83f4a921d36ce9ce47d0d13c5d85f2b0ff8318d2877eec2f63b931bd47417a81a538327af927da3e,"Keep-Alive:timeout=5, max=60
Server:Apache/2.4.38 (Debian)
Connection:Keep-Alive
Date:Mon, 11 May 2026 21:04:50 GMT
Cache-Control:max-age=0,must-revalidate,private
Content-Encoding:gzip
Vary:Accept-Encoding
Content-Length:1412
X-Powered-By:PHP/7.1.33
Content-Type:text/html; charset=UTF-8
",1c4a37aaed4c1eb533abd128e3e4238e594888ceafdc88af2d436fb20a93ca03f39fe91ecdeaaf8c94cb989549c2943f72af9e1928a725f56e8fcd66d42b162e,200
http://web/,GET,"Accept:text/html,application/xhtml+xml,application/xml;q=0.9,image/avif,image/webp,image/apng,*/*;q=0.8,application/signed-exchange;v=b3;q=0.9
User-Agent:Mozilla/5.0 (X11; Linux x86_64) AppleWebKit/537.36 (KHTML, like Gecko) Chrome/85.0.4183.102 Safari/537.36
Referer:http://web/index.php
Upgrade-Insecure-Requests:1
",cf83e1357eefb8bdf1542850d66d8007d620e4050b5715dc83f4a921d36ce9ce47d0d13c5d85f2b0ff8318d2877eec2f63b931bd47417a81a538327af927da3e,"Keep-Alive:timeout=5, max=46
Server:Apache/2.4.38 (Debian)
Connection:Keep-Alive
Date:Mon, 11 May 2026 21:05:10 GMT
Cache-Control:max-age=0,must-revalidate,private
Content-Encoding:gzip
Vary:Accept-Encoding
Content-Length:1415
X-Powered-By:PHP/7.1.33
Content-Type:text/html; charset=UTF-8
",c9da975a0c1fd1574fc4f6c532df23bca8aec93d5f4fe6f5d08b5f66a36b9ac7138d4d18ee8e2a55dde56b72a9a5511b99332b31304fd8b611ede8ba58260e00,200
http://web/?post=.empty,POST,"Origin:http://web
Accept:text/html,application/xhtml+xml,application/xml;q=0.9,image/avif,image/webp,image/apng,*/*;q=0.8,application/signed-exchange;v=b3;q=0.9
User-Agent:Mozilla/5.0 (X11; Linux x86_64) AppleWebKit/537.36 (KHTML, like Gecko) Chrome/85.0.4183.102 Safari/537.36
Referer:http://web/index.php
Upgrade-Insecure-Requests:1
Content-Type:multipart/form-data; boundary=----WebKitFormBoundary6MuW4QaYtYCjDmwc
",4d6376e4830b6a3365c1ba0f48fd04450c2106aeca98d7c6539d216371d315ba7faaca22f061006dffc29e31512040e83f5e9147ef8d9f415a3496e1b71bfc64,"Keep-Alive:timeout=5, max=9
Server:Apache/2.4.38 (Debian)
Connection:Keep-Alive
Date:Mon, 11 May 2026 21:06:06 GMT
Cache-Control:max-age=0,must-revalidate,private
Content-Encoding:gzip
Vary:Accept-Encoding
Content-Length:1415
X-Powered-By:PHP/7.1.33
Content-Type:text/html; charset=UTF-8
",df08dc9ac38aaf09a24ba22bdf4f6085bf2d0c0a19ad49ebc93dee229f977c742bfcbe1c45ec083f2dcf3f2309978cf6163130f52b1c5142989cf188f54a16fe,200
http://web/index.php,GET,"Accept:text/html,application/xhtml+xml,application/xml;q=0.9,image/avif,image/webp,image/apng,*/*;q=0.8,application/signed-exchange;v=b3;q=0.9
User-Agent:Mozilla/5.0 (X11; Linux x86_64) AppleWebKit/537.36 (KHTML, like Gecko) Chrome/85.0.4183.102 Safari/537.36
Upgrade-Insecure-Requests:1
",cf83e1357eefb8bdf1542850d66d8007d620e4050b5715dc83f4a921d36ce9ce47d0d13c5d85f2b0ff8318d2877eec2f63b931bd47417a81a538327af927da3e,"Keep-Alive:timeout=5, max=81
Server:Apache/2.4.38 (Debian)
Connection:Keep-Alive
Date:Mon, 11 May 2026 21:04:21 GMT
Cache-Control:max-age=0,must-revalidate,private
Content-Encoding:gzip
Vary:Accept-Encoding
Content-Length:1416
X-Powered-By:PHP/7.1.33
Content-Type:text/html; charset=UTF-8
",d40710f92c2967ec9dbeb89d25f14075795b5c7395051e9480d598dac7ab0cdd1fb511c4445fd1c78cab70fe121246be398d14dae3d386a48577dcb6c6e62c7f,200
http://web/?post=.empty,POST,"Origin:http://web
Accept:text/html,application/xhtml+xml,application/xml;q=0.9,image/avif,image/webp,image/apng,*/*;q=0.8,application/signed-exchange;v=b3;q=0.9
User-Agent:Mozilla/5.0 (X11; Linux x86_64) AppleWebKit/537.36 (KHTML, like Gecko) Chrome/85.0.4183.102 Safari/537.36
Referer:http://web/index.php?signin=1&action=new
Upgrade-Insecure-Requests:1
Content-Type:multipart/form-data; boundary=----WebKitFormBoundaryox0URjzALe19rOMF
",3aaae2b20a8a5832b10663d036c0dedb00677f8f2e3a6e2efc97a3448b1d67a2e66674b25e29982a127137d748711de8c01dceef850dff2f1e1078c3e2920388,"Keep-Alive:timeout=5, max=63
Server:Apache/2.4.38 (Debian)
Connection:Keep-Alive
Date:Mon, 11 May 2026 21:07:12 GMT
Cache-Control:max-age=0,must-revalidate,private
Content-Encoding:gzip
Vary:Accept-Encoding
Content-Length:1416
X-Powered-By:PHP/7.1.33
Content-Type:text/html; charset=UTF-8
",38fc8a0a184b41976b07784d3947b5511a35eefb91d815e89e37c41cd20e203274f3618e1ae9cf5737716328a7333a16915f7b0616a05ff38f1856d909487526,200
http://web/?post=.empty,POST,"Origin:http://web
Accept:text/html,application/xhtml+xml,application/xml;q=0.9,image/avif,image/webp,image/apng,*/*;q=0.8,application/signed-exchange;v=b3;q=0.9
User-Agent:Mozilla/5.0 (X11; Linux x86_64) AppleWebKit/537.36 (KHTML, like Gecko) Chrome/85.0.4183.102 Safari/537.36
Referer:http://web/
Upgrade-Insecure-Requests:1
Content-Type:multipart/form-data; boundary=----WebKitFormBoundaryLOHIpwsibqTW9AdX
",a352661db8811d56e2b9360d4188e81222905329a96047c2e5c686a19d2ba0db7ace781263c86dfaea19581c782496146fc3f33b06a87a726c8512b12084668e,"Keep-Alive:timeout=5, max=89
Server:Apache/2.4.38 (Debian)
Connection:Keep-Alive
Date:Mon, 11 May 2026 21:04:13 GMT
Cache-Control:max-age=0,must-revalidate,private
Content-Encoding:gzip
Vary:Accept-Encoding
Content-Length:1414
X-Powered-By:PHP/7.1.33
Content-Type:text/html; charset=UTF-8
",dbe37aae56911f7d65036b77a77b15ce7509e6de5df57d1597983ec0d18ce1082998afa2967f93dbdabe83437e504702d08328808798e59cee1a3fb48897770a,200
http://web/index.php?signin=1&action=forgot,POST,"Origin:http://web
Accept:text/html,application/xhtml+xml,application/xml;q=0.9,image/avif,image/webp,image/apng,*/*;q=0.8,application/signed-exchange;v=b3;q=0.9
User-Agent:Mozilla/5.0 (X11; Linux x86_64) AppleWebKit/537.36 (KHTML, like Gecko) Chrome/85.0.4183.102 Safari/537.36
Referer:http://web/index.php?signin=1&action=forgot
Upgrade-Insecure-Requests:1
Content-Type:multipart/form-data; boundary=----WebKitFormBoundarya673La885YcGAbWj
",689da214964c11691c0a5065be12cfc3c98c1589bdf30240dec20e58a97b9ced37c3c31e05e74d5c5610b57e93dc07b4a179c5059549d4b0072af8eb3bc19b04,"Keep-Alive:timeout=5, max=51
Server:Apache/2.4.38 (Debian)
Connection:Keep-Alive
Date:Mon, 11 May 2026 21:07:29 GMT
Cache-Control:max-age=0,must-revalidate,private
Content-Encoding:gzip
Vary:Accept-Encoding
Content-Length:1416
X-Powered-By:PHP/7.1.33
Content-Type:text/html; charset=UTF-8
",a3282bf440a1342739796d4a62f9c21eb9cc1cc9f270831f178c6eab6d8f535a75a307e7fd078c757ee1cc3141efb37e8cd391a9cdc9b6cae8eac801c6c20f10,200
http://web/index.php,GET,"Accept:text/html,application/xhtml+xml,application/xml;q=0.9,image/avif,image/webp,image/apng,*/*;q=0.8,application/signed-exchange;v=b3;q=0.9
User-Agent:Mozilla/5.0 (X11; Linux x86_64) AppleWebKit/537.36 (KHTML, like Gecko) Chrome/85.0.4183.102 Safari/537.36
Upgrade-Insecure-Requests:1
",cf83e1357eefb8bdf1542850d66d8007d620e4050b5715dc83f4a921d36ce9ce47d0d13c5d85f2b0ff8318d2877eec2f63b931bd47417a81a538327af927da3e,"Keep-Alive:timeout=5, max=34
Server:Apache/2.4.38 (Debian)
Connection:Keep-Alive
Date:Mon, 11 May 2026 21:07:56 GMT
Cache-Control:max-age=0,must-revalidate,private
Content-Encoding:gzip
Vary:Accept-Encoding
Content-Length:1414
X-Powered-By:PHP/7.1.33
Content-Type:text/html; charset=UTF-8
",d3b3c7f6865b77afff3bdd3a74e9d5bd0633e351f7521d55027d8a7f39aced4a4e8f2c9855dc54fe767895f0e626724a98b1c315a3e2f36fbc853070e1abe0b2,200
http://web/?post=.empty,POST,"Origin:http://web
Accept:text/html,application/xhtml+xml,application/xml;q=0.9,image/avif,image/webp,image/apng,*/*;q=0.8,application/signed-exchange;v=b3;q=0.9
User-Agent:Mozilla/5.0 (X11; Linux x86_64) AppleWebKit/537.36 (KHTML, like Gecko) Chrome/85.0.4183.102 Safari/537.36
Referer:http://web/index.php
Upgrade-Insecure-Requests:1
Content-Type:multipart/form-data; boundary=----WebKitFormBoundaryOVBuYT7GBaKacv2g
",41ff09e75cb392b7f3ab905cdd393f4293273e6ce30e365a1d16255bc351184402c3705e6d411937cea362bf2a1f6afc20f857f931b5cebd17b5f3a829a8b56e,"Keep-Alive:timeout=5, max=87
Server:Apache/2.4.38 (Debian)
Connection:Keep-Alive
Date:Mon, 11 May 2026 21:06:39 GMT
Cache-Control:max-age=0,must-revalidate,private
Content-Encoding:gzip
Vary:Accept-Encoding
Content-Length:1414
X-Powered-By:PHP/7.1.33
Content-Type:text/html; charset=UTF-8
",e8da91c8cddf6eab1611bed0e5c574ff2533f8083146c2142cd3492e55fb5f21d52e73b5721453c92cc9db2dca6181a05056a51fa7196e6f72110335cb595c6c,200
http://web/index.php,GET,"Accept:text/html,application/xhtml+xml,application/xml;q=0.9,image/avif,image/webp,image/apng,*/*;q=0.8,application/signed-exchange;v=b3;q=0.9
User-Agent:Mozilla/5.0 (X11; Linux x86_64) AppleWebKit/537.36 (KHTML, like Gecko) Chrome/85.0.4183.102 Safari/537.36
Upgrade-Insecure-Requests:1
",cf83e1357eefb8bdf1542850d66d8007d620e4050b5715dc83f4a921d36ce9ce47d0d13c5d85f2b0ff8318d2877eec2f63b931bd47417a81a538327af927da3e,"Keep-Alive:timeout=5, max=4
Server:Apache/2.4.38 (Debian)
Connection:Keep-Alive
Date:Mon, 11 May 2026 21:06:13 GMT
Cache-Control:max-age=0,must-revalidate,private
Content-Encoding:gzip
Vary:Accept-Encoding
Content-Length:1416
X-Powered-By:PHP/7.1.33
Content-Type:text/html; charset=UTF-8
",9a37b9d617a9b299e729bbe8b24c5708d3cb0f0b9d9bf6c896d12a716a2edf7b8b9d8cf78375ff92b1d2dc5210c7e35380984bbb2afbd14437df0f36a65653f5,200
http://web/index.php,GET,"Accept:text/html,application/xhtml+xml,application/xml;q=0.9,image/avif,image/webp,image/apng,*/*;q=0.8,application/signed-exchange;v=b3;q=0.9
User-Agent:Mozilla/5.0 (X11; Linux x86_64) AppleWebKit/537.36 (KHTML, like Gecko) Chrome/85.0.4183.102 Safari/537.36
Upgrade-Insecure-Requests:1
",cf83e1357eefb8bdf1542850d66d8007d620e4050b5715dc83f4a921d36ce9ce47d0d13c5d85f2b0ff8318d2877eec2f63b931bd47417a81a538327af927da3e,"Keep-Alive:timeout=5, max=99
Server:Apache/2.4.38 (Debian)
Connection:Keep-Alive
Date:Mon, 11 May 2026 21:06:21 GMT
Cache-Control:max-age=0,must-revalidate,private
Content-Encoding:gzip
Vary:Accept-Encoding
Content-Length:1413
X-Powered-By:PHP/7.1.33
Content-Type:text/html; charset=UTF-8
",15b9273439279cae1b6a98de4e72c5363476e1623a2376e6d2340552048e7bfed488ff3aedb1a5ea2860aa0b86c207d4fbe12874076e8d127b9b3c01f50a5f18,200
http://web/,GET,"Accept:text/html,application/xhtml+xml,application/xml;q=0.9,image/avif,image/webp,image/apng,*/*;q=0.8,application/signed-exchange;v=b3;q=0.9
User-Agent:Mozilla/5.0 (X11; Linux x86_64) AppleWebKit/537.36 (KHTML, like Gecko) Chrome/85.0.4183.102 Safari/537.36
Upgrade-Insecure-Requests:1
",cf83e1357eefb8bdf1542850d66d8007d620e4050b5715dc83f4a921d36ce9ce47d0d13c5d85f2b0ff8318d2877eec2f63b931bd47417a81a538327af927da3e,"Keep-Alive:timeout=5, max=19
Server:Apache/2.4.38 (Debian)
Connection:Keep-Alive
Date:Mon, 11 May 2026 21:05:51 GMT
Cache-Control:max-age=0,must-revalidate,private
Content-Encoding:gzip
Vary:Accept-Encoding
Content-Length:1413
X-Powered-By:PHP/7.1.33
Content-Type:text/html; charset=UTF-8
",715c529d7c5fb33164ec53882486ba0e1f89ac8218f6ea9f4c9233b6d60877dff0c70d2a9a7c54d69037ebfb5e4b06a6cdc03d8f72362d48a169c6108e867bec,200
http://web/index.php,GET,"Accept:text/html,application/xhtml+xml,application/xml;q=0.9,image/avif,image/webp,image/apng,*/*;q=0.8,application/signed-exchange;v=b3;q=0.9
User-Agent:Mozilla/5.0 (X11; Linux x86_64) AppleWebKit/537.36 (KHTML, like Gecko) Chrome/85.0.4183.102 Safari/537.36
Upgrade-Insecure-Requests:1
",cf83e1357eefb8bdf1542850d66d8007d620e4050b5715dc83f4a921d36ce9ce47d0d13c5d85f2b0ff8318d2877eec2f63b931bd47417a81a538327af927da3e,"Keep-Alive:timeout=5, max=7
Server:Apache/2.4.38 (Debian)
Connection:Keep-Alive
Date:Mon, 11 May 2026 21:06:09 GMT
Cache-Control:max-age=0,must-revalidate,private
Content-Encoding:gzip
Vary:Accept-Encoding
Content-Length:1414
X-Powered-By:PHP/7.1.33
Content-Type:text/html; charset=UTF-8
",51717acace2b3a498d76c2398349cd093eb5a33fd38e5fba4281347693429979d62db6f4344c39a018e971741f817c5aa4572b0e46ce04dd0a4920ed181aaac6,200
http://web/index.php,GET,"Accept:text/html,application/xhtml+xml,application/xml;q=0.9,image/avif,image/webp,image/apng,*/*;q=0.8,application/signed-exchange;v=b3;q=0.9
User-Agent:Mozilla/5.0 (X11; Linux x86_64) AppleWebKit/537.36 (KHTML, like Gecko) Chrome/85.0.4183.102 Safari/537.36
Upgrade-Insecure-Requests:1
",cf83e1357eefb8bdf1542850d66d8007d620e4050b5715dc83f4a921d36ce9ce47d0d13c5d85f2b0ff8318d2877eec2f63b931bd47417a81a538327af927da3e,"Keep-Alive:timeout=5, max=18
Server:Apache/2.4.38 (Debian)
Connection:Keep-Alive
Date:Mon, 11 May 2026 21:05:52 GMT
Cache-Control:max-age=0,must-revalidate,private
Content-Encoding:gzip
Vary:Accept-Encoding
Content-Length:1415
X-Powered-By:PHP/7.1.33
Content-Type:text/html; charset=UTF-8
",6fa4fb70468af8ddd5fb91fab3eea3c30a89f3b46a046904aac5ce1dca0ab84549421b98b24205b931af3d3ee923d83cc65a97a3050e7200b78794446b7740bc,200
http://web/,GET,"Accept:text/html,application/xhtml+xml,application/xml;q=0.9,image/avif,image/webp,image/apng,*/*;q=0.8,application/signed-exchange;v=b3;q=0.9
User-Agent:Mozilla/5.0 (X11; Linux x86_64) AppleWebKit/537.36 (KHTML, like Gecko) Chrome/85.0.4183.102 Safari/537.36
Upgrade-Insecure-Requests:1
",cf83e1357eefb8bdf1542850d66d8007d620e4050b5715dc83f4a921d36ce9ce47d0d13c5d85f2b0ff8318d2877eec2f63b931bd47417a81a538327af927da3e,"Keep-Alive:timeout=5, max=74
Server:Apache/2.4.38 (Debian)
Connection:Keep-Alive
Date:Mon, 11 May 2026 21:04:33 GMT
Cache-Control:max-age=0,must-revalidate,private
Content-Encoding:gzip
Vary:Accept-Encoding
Content-Length:1413
X-Powered-By:PHP/7.1.33
Content-Type:text/html; charset=UTF-8
",3357830cce2d34cf34c4007ccc02751bfebbde043da2ee931d34b93d14b55bcc9ba350695a3a36d860e2d1964d93a38ea6dbd0a7c0e117c83309e26f7ad4ca26,200
http://web/index.php,GET,"Accept:text/html,application/xhtml+xml,application/xml;q=0.9,image/avif,image/webp,image/apng,*/*;q=0.8,application/signed-exchange;v=b3;q=0.9
User-Agent:Mozilla/5.0 (X11; Linux x86_64) AppleWebKit/537.36 (KHTML, like Gecko) Chrome/85.0.4183.102 Safari/537.36
Upgrade-Insecure-Requests:1
",cf83e1357eefb8bdf1542850d66d8007d620e4050b5715dc83f4a921d36ce9ce47d0d13c5d85f2b0ff8318d2877eec2f63b931bd47417a81a538327af927da3e,"Keep-Alive:timeout=5, max=70
Server:Apache/2.4.38 (Debian)
Connection:Keep-Alive
Date:Mon, 11 May 2026 21:04:38 GMT
Cache-Control:max-age=0,must-revalidate,private
Content-Encoding:gzip
Vary:Accept-Encoding
Content-Length:1415
X-Powered-By:PHP/7.1.33
Content-Type:text/html; charset=UTF-8
",9c841e971521dd4e8d572db4efa262badd000c44f5085eafac4b49687e91a5899e25dc44f64805364b36666fc85638fe4e9782b09a621697e830173427878a3b,200
http://web/?post=.empty,POST,"Origin:http://web
Accept:text/html,application/xhtml+xml,application/xml;q=0.9,image/avif,image/webp,image/apng,*/*;q=0.8,application/signed-exchange;v=b3;q=0.9
User-Agent:Mozilla/5.0 (X11; Linux x86_64) AppleWebKit/537.36 (KHTML, like Gecko) Chrome/85.0.4183.102 Safari/537.36
Referer:http://web/index.php
Upgrade-Insecure-Requests:1
Content-Type:multipart/form-data; boundary=----WebKitFormBoundaryDHX6J4doqO4herBS
",0d88173fdf60016d2b4276df8e1762a4fc6ad179187886f2338b3bf7bb1073ae85f3672e087002af0d79e672e953f4367ad9db4bf478605c0079e7b604c21d3b,"Keep-Alive:timeout=5, max=100
Server:Apache/2.4.38 (Debian)
Connection:Keep-Alive
Date:Mon, 11 May 2026 21:06:19 GMT
Cache-Control:max-age=0,must-revalidate,private
Content-Encoding:gzip
Vary:Accept-Encoding
Content-Length:1415
X-Powered-By:PHP/7.1.33
Content-Type:text/html; charset=UTF-8
",1df8a0a44312806ebff0c0d46e5b5c2679c9afa0daef17738564a7436e8b3d21a9962ba73e1162033f46d4dd56dc6318c3ed4dd891175db5469cbe9ac597092d,200
http://web/index.php,GET,"Accept:text/html,application/xhtml+xml,application/xml;q=0.9,image/avif,image/webp,image/apng,*/*;q=0.8,application/signed-exchange;v=b3;q=0.9
User-Agent:Mozilla/5.0 (X11; Linux x86_64) AppleWebKit/537.36 (KHTML, like Gecko) Chrome/85.0.4183.102 Safari/537.36
Upgrade-Insecure-Requests:1
",cf83e1357eefb8bdf1542850d66d8007d620e4050b5715dc83f4a921d36ce9ce47d0d13c5d85f2b0ff8318d2877eec2f63b931bd47417a81a538327af927da3e,"Keep-Alive:timeout=5, max=85
Server:Apache/2.4.38 (Debian)
Connection:Keep-Alive
Date:Mon, 11 May 2026 21:04:16 GMT
Cache-Control:max-age=0,must-revalidate,private
Content-Encoding:gzip
Vary:Accept-Encoding
Content-Length:1415
X-Powered-By:PHP/7.1.33
Content-Type:text/html; charset=UTF-8
",b17cb264764d777beb4004bbda824d0637a9d6989453c4cc6df7238cae7528a3b6eaf16d3af17b054cb1ab4bb1e54993b1db563e2b9173ab8cd670dfd5e203f5,200
http://web/index.php?signin=1&action=forgot,POST,"Origin:http://web
Accept:text/html,application/xhtml+xml,application/xml;q=0.9,image/avif,image/webp,image/apng,*/*;q=0.8,application/signed-exchange;v=b3;q=0.9
User-Agent:Mozilla/5.0 (X11; Linux x86_64) AppleWebKit/537.36 (KHTML, like Gecko) Chrome/85.0.4183.102 Safari/537.36
Referer:http://web/?post=.empty
Upgrade-Insecure-Requests:1
Content-Type:multipart/form-data; boundary=----WebKitFormBoundaryYUXngBX0UHayK01v
",7b8b58e74ab23bb1ea1adc7b1e5ba489960845cdc6ed8b67e59fd2daa59e0d419be791ba786a6f0e5c3727dc0a83a7670d8a3b048e03340bed180849d1016e30,"Keep-Alive:timeout=5, max=2
Server:Apache/2.4.38 (Debian)
Connection:Keep-Alive
Date:Mon, 11 May 2026 21:06:15 GMT
Cache-Control:max-age=0,must-revalidate,private
Content-Encoding:gzip
Vary:Accept-Encoding
Content-Length:1415
X-Powered-By:PHP/7.1.33
Content-Type:text/html; charset=UTF-8
",66c88087557409dcec245f3d3fd37386b5fb1d40d6bb81548b9c7e0e4c8e66538fd552f9996e022bbb12c80cf841f07f966352fd454045a719b98a0d808748c7,200
http://web/index.php?signin=1&action=forgot,POST,"Origin:http://web
Accept:text/html,application/xhtml+xml,application/xml;q=0.9,image/avif,image/webp,image/apng,*/*;q=0.8,application/signed-exchange;v=b3;q=0.9
User-Agent:Mozilla/5.0 (X11; Linux x86_64) AppleWebKit/537.36 (KHTML, like Gecko) Chrome/85.0.4183.102 Safari/537.36
Referer:http://web/index.php?signin=1&action=new
Upgrade-Insecure-Requests:1
Content-Type:multipart/form-data; boundary=----WebKitFormBoundary5By6axovpzZqJnW3
",4ece7d75365bd242dab6d60e01cc483223a58989033303e206eb7527d6f171f54b417a6e1b851d8859904ef2fa807f0e05807ba9462dff5cff1adf9032b36871,"Keep-Alive:timeout=5, max=35
Server:Apache/2.4.38 (Debian)
Connection:Keep-Alive
Date:Mon, 11 May 2026 21:07:55 GMT
Cache-Control:max-age=0,must-revalidate,private
Content-Encoding:gzip
Vary:Accept-Encoding
Content-Length:1413
X-Powered-By:PHP/7.1.33
Content-Type:text/html; charset=UTF-8
",a8ba7b2daac9637b15db341798d3a587fa19158fa668971cea8d8ae41db5438794cdf1bf7991b117afbf03830006e2fa43d3a42bf08c51b1ef0ee95cb9ec9100,200
http://web/?post=.empty,POST,"Origin:http://web
Accept:text/html,application/xhtml+xml,application/xml;q=0.9,image/avif,image/webp,image/apng,*/*;q=0.8,application/signed-exchange;v=b3;q=0.9
User-Agent:Mozilla/5.0 (X11; Linux x86_64) AppleWebKit/537.36 (KHTML, like Gecko) Chrome/85.0.4183.102 Safari/537.36
Referer:http://web/index.php
Upgrade-Insecure-Requests:1
Content-Type:multipart/form-data; boundary=----WebKitFormBoundaryCxn2GYyKBlTpfzQ5
",0ba3f747add205b84702e8623350eb2c0714637344616a162026da2da2cf1c78e3daa3075745f933c28a737b741de13dd66bcef2177c27c639ad80681d69fe5b,"Keep-Alive:timeout=5, max=98
Server:Apache/2.4.38 (Debian)
Connection:Keep-Alive
Date:Mon, 11 May 2026 21:06:22 GMT
Cache-Control:max-age=0,must-revalidate,private
Content-Encoding:gzip
Vary:Accept-Encoding
Content-Length:1414
X-Powered-By:PHP/7.1.33
Content-Type:text/html; charset=UTF-8
",97161c40723b7e3f22f621b6bb27ed7ca7ff1883b93cf9056694bfff7f6f619ed6bcf654fb6db8b8e05d47f8e38361a7cc7272251b2930645498b9e4b24849f2,200
http://web/,GET,"Accept:text/html,application/xhtml+xml,application/xml;q=0.9,image/avif,image/webp,image/apng,*/*;q=0.8,application/signed-exchange;v=b3;q=0.9
User-Agent:Mozilla/5.0 (X11; Linux x86_64) AppleWebKit/537.36 (KHTML, like Gecko) Chrome/85.0.4183.102 Safari/537.36
Upgrade-Insecure-Requests:1
",cf83e1357eefb8bdf1542850d66d8007d620e4050b5715dc83f4a921d36ce9ce47d0d13c5d85f2b0ff8318d2877eec2f63b931bd47417a81a538327af927da3e,"Keep-Alive:timeout=5, max=41
Server:Apache/2.4.38 (Debian)
Connection:Keep-Alive
Date:Mon, 11 May 2026 21:07:47 GMT
Cache-Control:max-age=0,must-revalidate,private
Content-Encoding:gzip
Vary:Accept-Encoding
Content-Length:1416
X-Powered-By:PHP/7.1.33
Content-Type:text/html; charset=UTF-8
",81b3d70727b003b8e34c96e461be5a59bbf1fc2622538c852f8d7ce35000554a28f54f494047df37b46b6c80f98cb2ca5b9c375a498d45ec0448bfb43ce09fbe,200
http://web/index.php?signin=1&action=forgot,POST,"Origin:http://web
Accept:text/html,application/xhtml+xml,application/xml;q=0.9,image/avif,image/webp,image/apng,*/*;q=0.8,application/signed-exchange;v=b3;q=0.9
User-Agent:Mozilla/5.0 (X11; Linux x86_64) AppleWebKit/537.36 (KHTML, like Gecko) Chrome/85.0.4183.102 Safari/537.36
Referer:http://web/index.php
Upgrade-Insecure-Requests:1
Content-Type:multipart/form-data; boundary=----WebKitFormBoundaryAAwQBiWW6AMa79yp
",5d1f1e65194a0ec603a44d045776f7dea8e36f9b3ec9bf1aee65b9034ec06216bc340977263720f32584d83cea13fb94b90c33c908d9849e2d08ab94a1fa9d18,"Keep-Alive:timeout=5, max=17
Server:Apache/2.4.38 (Debian)
Connection:Keep-Alive
Date:Mon, 11 May 2026 21:08:24 GMT
Cache-Control:max-age=0,must-revalidate,private
Content-Encoding:gzip
Vary:Accept-Encoding
Content-Length:1414
X-Powered-By:PHP/7.1.33
Content-Type:text/html; charset=UTF-8
",3ea4aa30c7d1c7cae8153ae3d084973ba7022f62f2a1673df358257c3f71fd8eb2f3e3302b781a08727b0f6748ec4297775bfa5aff15435aed5779e8d12f8081,200
http://web/,GET,"Accept:text/html,application/xhtml+xml,application/xml;q=0.9,image/avif,image/webp,image/apng,*/*;q=0.8,application/signed-exchange;v=b3;q=0.9
User-Agent:Mozilla/5.0 (X11; Linux x86_64) AppleWebKit/537.36 (KHTML, like Gecko) Chrome/85.0.4183.102 Safari/537.36
Referer:http://web/index.php
Upgrade-Insecure-Requests:1
",cf83e1357eefb8bdf1542850d66d8007d620e4050b5715dc83f4a921d36ce9ce47d0d13c5d85f2b0ff8318d2877eec2f63b931bd47417a81a538327af927da3e,"Keep-Alive:timeout=5, max=63
Server:Apache/2.4.38 (Debian)
Connection:Keep-Alive
Date:Mon, 11 May 2026 21:04:47 GMT
Cache-Control:max-age=0,must-revalidate,private
Content-Encoding:gzip
Vary:Accept-Encoding
Content-Length:1416
X-Powered-By:PHP/7.1.33
Content-Type:text/html; charset=UTF-8
",bea6061bff3eb959d87de0eac1623ea32bfd3eeb5bd6e91165977f4e6c4b7d25de955e713891c305e898c2ffef957345f0782e7955be954c6999d52b93fff990,200
http://web/index.php?signin=1&action=forgot,POST,"Origin:http://web
Accept:text/html,application/xhtml+xml,application/xml;q=0.9,image/avif,image/webp,image/apng,*/*;q=0.8,application/signed-exchange;v=b3;q=0.9
User-Agent:Mozilla/5.0 (X11; Linux x86_64) AppleWebKit/537.36 (KHTML, like Gecko) Chrome/85.0.4183.102 Safari/537.36
Referer:http://web/index.php
Upgrade-Insecure-Requests:1
Content-Type:multipart/form-data; boundary=----WebKitFormBoundaryawKt9Z5R0ffd5Dk0
",1f03c80af59ad1c05690473fc2956822b789a7ed282b5f4558e953c79fa41f51368ca5d3176dc1b96c528ac3cb42083db864c6953fba85b4886c5cb816335353,"Keep-Alive:timeout=5, max=28
Server:Apache/2.4.38 (Debian)
Connection:Keep-Alive
Date:Mon, 11 May 2026 21:05:34 GMT
Cache-Control:max-age=0,must-revalidate,private
Content-Encoding:gzip
Vary:Accept-Encoding
Content-Length:1414
X-Powered-By:PHP/7.1.33
Content-Type:text/html; charset=UTF-8
",daf5114ffd70eb617998d593d8db2fa0a1ab4c3a46dc24f840e42ed825d3747b6246f94de43bc09cb5c13ca0988f9b0b0815911b2b61b42f112e73602a797f13,200
http://web/users.php?t=pc,GET,"Accept:text/html,application/xhtml+xml,application/xml;q=0.9,image/avif,image/webp,image/apng,*/*;q=0.8,application/signed-exchange;v=b3;q=0.9
User-Agent:Mozilla/5.0 (X11; Linux x86_64) AppleWebKit/537.36 (KHTML, like Gecko) Chrome/85.0.4183.102 Safari/537.36
Upgrade-Insecure-Requests:1
",cf83e1357eefb8bdf1542850d66d8007d620e4050b5715dc83f4a921d36ce9ce47d0d13c5d85f2b0ff8318d2877eec2f63b931bd47417a81a538327af927da3e,"Keep-Alive:timeout=5, max=95
Server:Apache/2.4.38 (Debian)
Connection:Keep-Alive
Date:Mon, 11 May 2026 21:06:29 GMT
Cache-Control:max-age=0,must-revalidate,private
Content-Encoding:gzip
Vary:Accept-Encoding
Content-Length:1379
X-Powered-By:PHP/7.1.33
Content-Type:text/html; charset=UTF-8
",067ad0252b4d0c65357567cba01839c62ecc3a958395deed541d4697385a14c91bff9a2084913ca3428db1f35b795c95461cf8369ede2d9d429321c9bbb6ba94,200
http://web/scripts/script.js?mtime=1778089704,GET,"Accept:*/*
User-Agent:Mozilla/5.0 (X11; Linux x86_64) AppleWebKit/537.36 (KHTML, like Gecko) Chrome/85.0.4183.102 Safari/537.36
Referer:http://web/index.php
",cf83e1357eefb8bdf1542850d66d8007d620e4050b5715dc83f4a921d36ce9ce47d0d13c5d85f2b0ff8318d2877eec2f63b931bd47417a81a538327af927da3e,"Keep-Alive:timeout=5, max=100
Transfer-Encoding:chunked
Server:Apache/2.4.38 (Debian)
Connection:Keep-Alive
Last-Modified:Wed, 06 May 2026 17:48:24 GMT
Date:Mon, 11 May 2026 21:03:51 GMT
Accept-Ranges:bytes
Content-Encoding:gzip
Vary:Accept-Encoding
Content-Type:application/javascript
",b330fb9da88f943f963435312b5e00e7ef6bfbf8b304bbcc6b23d1a9a3bbd3810cd7c1b6c98b97b3efff59929ce7920a430a6ab2294cfc4cf0bf26c9d35bc3d5,200
http://web/index.php,GET,"Accept:text/html,application/xhtml+xml,application/xml;q=0.9,image/avif,image/webp,image/apng,*/*;q=0.8,application/signed-exchange;v=b3;q=0.9
User-Agent:Mozilla/5.0 (X11; Linux x86_64) AppleWebKit/537.36 (KHTML, like Gecko) Chrome/85.0.4183.102 Safari/537.36
Upgrade-Insecure-Requests:1
",cf83e1357eefb8bdf1542850d66d8007d620e4050b5715dc83f4a921d36ce9ce47d0d13c5d85f2b0ff8318d2877eec2f63b931bd47417a81a538327af927da3e,"Keep-Alive:timeout=5, max=98
Server:Apache/2.4.38 (Debian)
Connection:Keep-Alive
Date:Mon, 11 May 2026 21:03:53 GMT
Cache-Control:max-age=0,must-revalidate,private
Content-Encoding:gzip
Vary:Accept-Encoding
Content-Length:1415
X-Powered-By:PHP/7.1.33
Content-Type:text/html; charset=UTF-8
",6012e19280eb40066f26a36666fed694c5184ec2bf67fe2b73b180e701c9079eecda4d1b44b5efa7a2b3ec79cedeb8163a8bfb3d50c53e472f6d6e1cbd631dd7,200
http://web/,GET,"Accept:text/html,application/xhtml+xml,application/xml;q=0.9,image/avif,image/webp,image/apng,*/*;q=0.8,application/signed-exchange;v=b3;q=0.9
User-Agent:Mozilla/5.0 (X11; Linux x86_64) AppleWebKit/537.36 (KHTML, like Gecko) Chrome/85.0.4183.102 Safari/537.36
Upgrade-Insecure-Requests:1
",cf83e1357eefb8bdf1542850d66d8007d620e4050b5715dc83f4a921d36ce9ce47d0d13c5d85f2b0ff8318d2877eec2f63b931bd47417a81a538327af927da3e,"Keep-Alive:timeout=5, max=92
Server:Apache/2.4.38 (Debian)
Connection:Keep-Alive
Date:Mon, 11 May 2026 21:04:10 GMT
Cache-Control:max-age=0,must-revalidate,private
Content-Encoding:gzip
Vary:Accept-Encoding
Content-Length:1413
X-Powered-By:PHP/7.1.33
Content-Type:text/html; charset=UTF-8
",8d3006959a08395710ec21c8ca8f443f2e693aabdf758cc8b74dff881739e1cb1e17991e739e45665cdbfe805ed33e9d756136e1a8a8baa93c1d31c422c2a9db,200
http://web/index.php?signin=1&action=new,POST,"Origin:http://web
Accept:text/html,application/xhtml+xml,application/xml;q=0.9,image/avif,image/webp,image/apng,*/*;q=0.8,application/signed-exchange;v=b3;q=0.9
User-Agent:Mozilla/5.0 (X11; Linux x86_64) AppleWebKit/537.36 (KHTML, like Gecko) Chrome/85.0.4183.102 Safari/537.36
Referer:http://web/index.php
Upgrade-Insecure-Requests:1
Content-Type:multipart/form-data; boundary=----WebKitFormBoundarypp83uRF79XvzBaNI
",9d6d7b6a1cb75f68a48b2d32c4eeb3b986f749539f611c4d23a11e9373e17fbe889f93bcb5660f7578bd1185a3d7785df833a830ef9fa2ee3f1e0ca268dcc41a,"Keep-Alive:timeout=5, max=39
Server:Apache/2.4.38 (Debian)
Connection:Keep-Alive
Date:Mon, 11 May 2026 21:07:49 GMT
Cache-Control:max-age=0,must-revalidate,private
Content-Encoding:gzip
Vary:Accept-Encoding
Content-Length:1416
X-Powered-By:PHP/7.1.33
Content-Type:text/html; charset=UTF-8
",d5c8c4070fd584875d73402fbd9ac473e71cbf520ad3b6ca95c880bbc3630322b301cee7c9f4487fe9bf84e85f317a8d1cc5ea78b030747cae6bade426c26911,200
http://web/index.php,GET,"Accept:text/html,application/xhtml+xml,application/xml;q=0.9,image/avif,image/webp,image/apng,*/*;q=0.8,application/signed-exchange;v=b3;q=0.9
User-Agent:Mozilla/5.0 (X11; Linux x86_64) AppleWebKit/537.36 (KHTML, like Gecko) Chrome/85.0.4183.102 Safari/537.36
Upgrade-Insecure-Requests:1
",cf83e1357eefb8bdf1542850d66d8007d620e4050b5715dc83f4a921d36ce9ce47d0d13c5d85f2b0ff8318d2877eec2f63b931bd47417a81a538327af927da3e,"Keep-Alive:timeout=5, max=30
Server:Apache/2.4.38 (Debian)
Connection:Keep-Alive
Date:Mon, 11 May 2026 21:08:05 GMT
Cache-Control:max-age=0,must-revalidate,private
Content-Encoding:gzip
Vary:Accept-Encoding
Content-Length:1416
X-Powered-By:PHP/7.1.33
Content-Type:text/html; charset=UTF-8
",423bc7ad5be59ee286071f169dbce7a642bc5e4d74b693d6d2c524946f4c6cacc3511f3d67010b84a890b3ea139289581c14de10a110d2d33ace27cf46f3b873,200
http://web/index.php?signin=1&action=new,POST,"Origin:http://web
Accept:text/html,application/xhtml+xml,application/xml;q=0.9,image/avif,image/webp,image/apng,*/*;q=0.8,application/signed-exchange;v=b3;q=0.9
User-Agent:Mozilla/5.0 (X11; Linux x86_64) AppleWebKit/537.36 (KHTML, like Gecko) Chrome/85.0.4183.102 Safari/537.36
Referer:http://web/?post=.empty
Upgrade-Insecure-Requests:1
Content-Type:multipart/form-data; boundary=----WebKitFormBoundarywC7BuAqjj940cbco
",f7db9755ec4a0d8b79e7072f40116c71a7009bb5c393f67f190920f3bab5f69767dc6af4fd3b6abce9a582637db607cc5089a3ac9c8a9d2ed9b2f4fa0e91fcf7,"Keep-Alive:timeout=5, max=86
Server:Apache/2.4.38 (Debian)
Connection:Keep-Alive
Date:Mon, 11 May 2026 21:06:40 GMT
Cache-Control:max-age=0,must-revalidate,private
Content-Encoding:gzip
Vary:Accept-Encoding
Content-Length:1414
X-Powered-By:PHP/7.1.33
Content-Type:text/html; charset=UTF-8
",d315f339ef2499f45511856903bc8c18a1cba2c561fcd4622a3f0700c6152daf44e6e7dbb7b8a2ab09470be791f4bb48989d88928f58e9c9fae82235e53feff9,200
http://web/index.php?signin=1&action=new,POST,"Origin:http://web
Accept:text/html,application/xhtml+xml,application/xml;q=0.9,image/avif,image/webp,image/apng,*/*;q=0.8,application/signed-exchange;v=b3;q=0.9
User-Agent:Mozilla/5.0 (X11; Linux x86_64) AppleWebKit/537.36 (KHTML, like Gecko) Chrome/85.0.4183.102 Safari/537.36
Referer:http://web/index.php
Upgrade-Insecure-Requests:1
Content-Type:multipart/form-data; boundary=----WebKitFormBoundary6QXO2YD84XdS06PE
",937daaf411d598ea5d85ed7472de725c81259560941e98e0a0a96e5bdfa48400592dec6b159113bcf355c250fbadf9a727926ee75ca045a09109f0e93b15defa,"Keep-Alive:timeout=5, max=31
Server:Apache/2.4.38 (Debian)
Connection:Keep-Alive
Date:Mon, 11 May 2026 21:08:01 GMT
Cache-Control:max-age=0,must-revalidate,private
Content-Encoding:gzip
Vary:Accept-Encoding
Content-Length:1416
X-Powered-By:PHP/7.1.33
Content-Type:text/html; charset=UTF-8
",19bc13611e3425b131c370277e5f1246ca97c6ce3e1f9773cf12acc89fab38d5b04c3ef92caaa4cf15ac0867c3f79bd217e540243091f48b66d47a2ed5c7b246,200
http://web/,GET,"Accept:text/html,application/xhtml+xml,application/xml;q=0.9,image/avif,image/webp,image/apng,*/*;q=0.8,application/signed-exchange;v=b3;q=0.9
User-Agent:Mozilla/5.0 (X11; Linux x86_64) AppleWebKit/537.36 (KHTML, like Gecko) Chrome/85.0.4183.102 Safari/537.36
Upgrade-Insecure-Requests:1
",cf83e1357eefb8bdf1542850d66d8007d620e4050b5715dc83f4a921d36ce9ce47d0d13c5d85f2b0ff8318d2877eec2f63b931bd47417a81a538327af927da3e,"Keep-Alive:timeout=5, max=30
Server:Apache/2.4.38 (Debian)
Connection:Keep-Alive
Date:Mon, 11 May 2026 21:05:32 GMT
Cache-Control:max-age=0,must-revalidate,private
Content-Encoding:gzip
Vary:Accept-Encoding
Content-Length:1415
X-Powered-By:PHP/7.1.33
Content-Type:text/html; charset=UTF-8
",6b9f7d16199b425ab4a2ea4dd9a9a624dc9a337d8b7cb8346def36eb800c23e35a4719ca8d1fad7376e0441b2914d63200bbe1cd9240dfc1d9343b72853761f2,200
http://web/,GET,"Accept:*/*
User-Agent:Mozilla/5.0 (X11; Linux x86_64) AppleWebKit/537.36 (KHTML, like Gecko) Chrome/85.0.4183.102 Safari/537.36
",cf83e1357eefb8bdf1542850d66d8007d620e4050b5715dc83f4a921d36ce9ce47d0d13c5d85f2b0ff8318d2877eec2f63b931bd47417a81a538327af927da3e,"Server:Apache/2.4.38 (Debian)
Date:Mon, 11 May 2026 21:04:07 GMT
Cache-Control:max-age=0,must-revalidate,private
Content-Encoding:gzip
Vary:Accept-Encoding
Content-Length:1413
X-Powered-By:PHP/7.1.33
Content-Type:text/html; charset=UTF-8
",3ba0063e29eed7f9c4defae976949330d436387896d4427bb5059ef8a183f6b0e7780c465c6981eda1fbf9e94edc701c19db7978c8d3cd4253ec4d2a209b5b4f,200
http://web/index.php?signin=1&action=forgot,POST,"Origin:http://web
Accept:text/html,application/xhtml+xml,application/xml;q=0.9,image/avif,image/webp,image/apng,*/*;q=0.8,application/signed-exchange;v=b3;q=0.9
User-Agent:Mozilla/5.0 (X11; Linux x86_64) AppleWebKit/537.36 (KHTML, like Gecko) Chrome/85.0.4183.102 Safari/537.36
Referer:http://web/index.php
Upgrade-Insecure-Requests:1
Content-Type:multipart/form-data; boundary=----WebKitFormBoundaryjWwAFy29P4K64VQT
",dd970e99b94d9406b4593e7c1178776176066351ee2c52c7f985d28f306122dfa8cff8c709c878bf91b8c29c4697ea67cfea1f8ec5f5b937e15f95289ce379af,"Keep-Alive:timeout=5, max=73
Server:Apache/2.4.38 (Debian)
Connection:Keep-Alive
Date:Mon, 11 May 2026 21:07:00 GMT
Cache-Control:max-age=0,must-revalidate,private
Content-Encoding:gzip
Vary:Accept-Encoding
Content-Length:1414
X-Powered-By:PHP/7.1.33
Content-Type:text/html; charset=UTF-8
",c07ef0074b073f87580c97205692819fe435d8dc17031217d32a5f6ff43a0280737b64b6cb5254eb881e040b6523167768b570844866fab12c757b9132028a38,200
http://web/index.php,GET,"Accept:text/html,application/xhtml+xml,application/xml;q=0.9,image/avif,image/webp,image/apng,*/*;q=0.8,application/signed-exchange;v=b3;q=0.9
User-Agent:Mozilla/5.0 (X11; Linux x86_64) AppleWebKit/537.36 (KHTML, like Gecko) Chrome/85.0.4183.102 Safari/537.36
Upgrade-Insecure-Requests:1
",cf83e1357eefb8bdf1542850d66d8007d620e4050b5715dc83f4a921d36ce9ce47d0d13c5d85f2b0ff8318d2877eec2f63b931bd47417a81a538327af927da3e,"Keep-Alive:timeout=5, max=14
Server:Apache/2.4.38 (Debian)
Connection:Keep-Alive
Date:Mon, 11 May 2026 21:08:31 GMT
Cache-Control:max-age=0,must-revalidate,private
Content-Encoding:gzip
Vary:Accept-Encoding
Content-Length:1416
X-Powered-By:PHP/7.1.33
Content-Type:text/html; charset=UTF-8
",540f983bf93c80f3742816a499f0246a74cbbc8a6351413461e061afcc4908d94b464d20db2faf7b254b31af764978a6a84159253f64560d36705e6af9880505,200
http://web/?post=.empty,POST,"Origin:http://web
Accept:text/html,application/xhtml+xml,application/xml;q=0.9,image/avif,image/webp,image/apng,*/*;q=0.8,application/signed-exchange;v=b3;q=0.9
User-Agent:Mozilla/5.0 (X11; Linux x86_64) AppleWebKit/537.36 (KHTML, like Gecko) Chrome/85.0.4183.102 Safari/537.36
Referer:http://web/index.php?signin=1&action=new
Upgrade-Insecure-Requests:1
Content-Type:multipart/form-data; boundary=----WebKitFormBoundaryfHzdMmJAUB1xo8ME
",b026dfb8dadf41b4ea82dc4fa7c3442effc89243940f35720ec8c50576ad9bbf83f48f9fe4c41915b4ff4d6dc7498f7f7ad38f7eb46e4f977e4c0aaa11acf837,"Keep-Alive:timeout=5, max=66
Server:Apache/2.4.38 (Debian)
Connection:Keep-Alive
Date:Mon, 11 May 2026 21:07:09 GMT
Cache-Control:max-age=0,must-revalidate,private
Content-Encoding:gzip
Vary:Accept-Encoding
Content-Length:1416
X-Powered-By:PHP/7.1.33
Content-Type:text/html; charset=UTF-8
",d6a74dde7e42d76fedcd7242f5831c24be4406854c91d6cbceb2f8d34a3848ebff6c451e8bd94eddf55bf2dfc1abc26084464b191dbbd7202687ec38bafae84a,200
http://web/users.php?t=pc,GET,"Accept:text/html,application/xhtml+xml,application/xml;q=0.9,image/avif,image/webp,image/apng,*/*;q=0.8,application/signed-exchange;v=b3;q=0.9
User-Agent:Mozilla/5.0 (X11; Linux x86_64) AppleWebKit/537.36 (KHTML, like Gecko) Chrome/85.0.4183.102 Safari/537.36
Referer:http://web/index.php?signin=1&action=new
Upgrade-Insecure-Requests:1
",cf83e1357eefb8bdf1542850d66d8007d620e4050b5715dc83f4a921d36ce9ce47d0d13c5d85f2b0ff8318d2877eec2f63b931bd47417a81a538327af927da3e,"Keep-Alive:timeout=5, max=16
Server:Apache/2.4.38 (Debian)
Connection:Keep-Alive
Date:Mon, 11 May 2026 21:05:54 GMT
Cache-Control:max-age=0,must-revalidate,private
Content-Encoding:gzip
Vary:Accept-Encoding
Content-Length:1378
X-Powered-By:PHP/7.1.33
Content-Type:text/html; charset=UTF-8
",a23882aa2816b8a10b1773e0017b7c00d356e703a04493e9e8a698bc1f2eb3b5692e33feb7f2f87002ff8492c1584ad03fe6136d8025c33b389962f1c524be01,200
http://web/index.php,GET,"Accept:text/html,application/xhtml+xml,application/xml;q=0.9,image/avif,image/webp,image/apng,*/*;q=0.8,application/signed-exchange;v=b3;q=0.9
User-Agent:Mozilla/5.0 (X11; Linux x86_64) AppleWebKit/537.36 (KHTML, like Gecko) Chrome/85.0.4183.102 Safari/537.36
Upgrade-Insecure-Requests:1
",cf83e1357eefb8bdf1542850d66d8007d620e4050b5715dc83f4a921d36ce9ce47d0d13c5d85f2b0ff8318d2877eec2f63b931bd47417a81a538327af927da3e,"Keep-Alive:timeout=5, max=50
Server:Apache/2.4.38 (Debian)
Connection:Keep-Alive
Date:Mon, 11 May 2026 21:05:05 GMT
Cache-Control:max-age=0,must-revalidate,private
Content-Encoding:gzip
Vary:Accept-Encoding
Content-Length:1415
X-Powered-By:PHP/7.1.33
Content-Type:text/html; charset=UTF-8
",dd358a240e056e2250d4c8351f1f8b5dde206bba09814c378ae2d3f2b6544e2dce5346e24b920cbb52bed92c0c17c4c182eb3a68358579603e7f0295fdad6427,200
http://web/index.php?signin=1&action=new,POST,"Origin:http://web
Accept:text/html,application/xhtml+xml,application/xml;q=0.9,image/avif,image/webp,image/apng,*/*;q=0.8,application/signed-exchange;v=b3;q=0.9
User-Agent:Mozilla/5.0 (X11; Linux x86_64) AppleWebKit/537.36 (KHTML, like Gecko) Chrome/85.0.4183.102 Safari/537.36
Referer:http://web/index.php
Upgrade-Insecure-Requests:1
Content-Type:multipart/form-data; boundary=----WebKitFormBoundaryTxUpHgHfVEOLTLBl
",d5e094f1f7b213591520c21a245b009909f63902329a2b0920bc91c47de8569a8ae86f0ba9d8e1f37f341daa8bcd46a43de6cfa903c4e9bd7af3b73f227522ae,"Keep-Alive:timeout=5, max=64
Server:Apache/2.4.38 (Debian)
Connection:Keep-Alive
Date:Mon, 11 May 2026 21:07:11 GMT
Cache-Control:max-age=0,must-revalidate,private
Content-Encoding:gzip
Vary:Accept-Encoding
Content-Length:1414
X-Powered-By:PHP/7.1.33
Content-Type:text/html; charset=UTF-8
",102838ab03d3885e4e8cef96b33610e06046bd9bffe3ebc0daa580b0fbd6afdf93a4903c797fe82409d3db6a772440de5b173506af3e0020ad4e77293336df09,200
http://web/index.php,GET,"Accept:text/html,application/xhtml+xml,application/xml;q=0.9,image/avif,image/webp,image/apng,*/*;q=0.8,application/signed-exchange;v=b3;q=0.9
User-Agent:Mozilla/5.0 (X11; Linux x86_64) AppleWebKit/537.36 (KHTML, like Gecko) Chrome/85.0.4183.102 Safari/537.36
Upgrade-Insecure-Requests:1
",cf83e1357eefb8bdf1542850d66d8007d620e4050b5715dc83f4a921d36ce9ce47d0d13c5d85f2b0ff8318d2877eec2f63b931bd47417a81a538327af927da3e,"Keep-Alive:timeout=5, max=39
Server:Apache/2.4.38 (Debian)
Connection:Keep-Alive
Date:Mon, 11 May 2026 21:05:20 GMT
Cache-Control:max-age=0,must-revalidate,private
Content-Encoding:gzip
Vary:Accept-Encoding
Content-Length:1413
X-Powered-By:PHP/7.1.33
Content-Type:text/html; charset=UTF-8
",546b4f9524483a0d9ee369b6d0a393f257b07d84a6022f3ad4cfe5276ce397272cdd8a3e5a66683d52a6d13960700be12be3d9c09da8f4271d101f33f0a7c783,200
http://web/index.php,GET,"Accept:text/html,application/xhtml+xml,application/xml;q=0.9,image/avif,image/webp,image/apng,*/*;q=0.8,application/signed-exchange;v=b3;q=0.9
User-Agent:Mozilla/5.0 (X11; Linux x86_64) AppleWebKit/537.36 (KHTML, like Gecko) Chrome/85.0.4183.102 Safari/537.36
Upgrade-Insecure-Requests:1
",cf83e1357eefb8bdf1542850d66d8007d620e4050b5715dc83f4a921d36ce9ce47d0d13c5d85f2b0ff8318d2877eec2f63b931bd47417a81a538327af927da3e,"Keep-Alive:timeout=5, max=13
Server:Apache/2.4.38 (Debian)
Connection:Keep-Alive
Date:Mon, 11 May 2026 21:06:01 GMT
Cache-Control:max-age=0,must-revalidate,private
Content-Encoding:gzip
Vary:Accept-Encoding
Content-Length:1416
X-Powered-By:PHP/7.1.33
Content-Type:text/html; charset=UTF-8
",472e9c17fec70d594859d17e9f08e97bcabb4415576e984654b12ab565eb2c43857b6956db8cdd357b2cbfd70d48a2b2273611b79fdc16999e0e122371773ad2,200
http://web/index.php,GET,"Accept:text/html,application/xhtml+xml,application/xml;q=0.9,image/avif,image/webp,image/apng,*/*;q=0.8,application/signed-exchange;v=b3;q=0.9
User-Agent:Mozilla/5.0 (X11; Linux x86_64) AppleWebKit/537.36 (KHTML, like Gecko) Chrome/85.0.4183.102 Safari/537.36
Upgrade-Insecure-Requests:1
",cf83e1357eefb8bdf1542850d66d8007d620e4050b5715dc83f4a921d36ce9ce47d0d13c5d85f2b0ff8318d2877eec2f63b931bd47417a81a538327af927da3e,"Keep-Alive:timeout=5, max=100
Server:Apache/2.4.38 (Debian)
Connection:Keep-Alive
Date:Mon, 11 May 2026 21:03:45 GMT
Cache-Control:max-age=0,must-revalidate,private
Content-Encoding:gzip
Vary:Accept-Encoding
Content-Length:1415
X-Powered-By:PHP/7.1.33
Content-Type:text/html; charset=UTF-8
",62ff1fb9fd0d9302705ee22429081c016e4900c3ab457dc0224ce5e037982c5e057fd70bc9960d9a0c7829cac2df0c7c7d66fdfdface10f862168d938f81d2de,200
http://web/,GET,"Accept:text/html,application/xhtml+xml,application/xml;q=0.9,image/avif,image/webp,image/apng,*/*;q=0.8,application/signed-exchange;v=b3;q=0.9
User-Agent:Mozilla/5.0 (X11; Linux x86_64) AppleWebKit/537.36 (KHTML, like Gecko) Chrome/85.0.4183.102 Safari/537.36
Upgrade-Insecure-Requests:1
",cf83e1357eefb8bdf1542850d66d8007d620e4050b5715dc83f4a921d36ce9ce47d0d13c5d85f2b0ff8318d2877eec2f63b931bd47417a81a538327af927da3e,"Keep-Alive:timeout=5, max=68
Server:Apache/2.4.38 (Debian)
Connection:Keep-Alive
Date:Mon, 11 May 2026 21:04:41 GMT
Cache-Control:max-age=0,must-revalidate,private
Content-Encoding:gzip
Vary:Accept-Encoding
Content-Length:1415
X-Powered-By:PHP/7.1.33
Content-Type:text/html; charset=UTF-8
",9cebcb00ee90ba38a8ebb55eac9d5f5d46f2e771f95d946b019eb90624d68c6dd22811ed4089ba492196e9411aeaf3ad8d92100684c88c09ffb4546302dbdc82,200
http://web/index.php,GET,"Accept:text/html,application/xhtml+xml,application/xml;q=0.9,image/avif,image/webp,image/apng,*/*;q=0.8,application/signed-exchange;v=b3;q=0.9
User-Agent:Mozilla/5.0 (X11; Linux x86_64) AppleWebKit/537.36 (KHTML, like Gecko) Chrome/85.0.4183.102 Safari/537.36
Upgrade-Insecure-Requests:1
",cf83e1357eefb8bdf1542850d66d8007d620e4050b5715dc83f4a921d36ce9ce47d0d13c5d85f2b0ff8318d2877eec2f63b931bd47417a81a538327af927da3e,"Keep-Alive:timeout=5, max=64
Server:Apache/2.4.38 (Debian)
Connection:Keep-Alive
Date:Mon, 11 May 2026 21:04:46 GMT
Cache-Control:max-age=0,must-revalidate,private
Content-Encoding:gzip
Vary:Accept-Encoding
Content-Length:1415
X-Powered-By:PHP/7.1.33
Content-Type:text/html; charset=UTF-8
",346671e1f16b6065922db7e057c6167e44ff62eca7ba3a7b7b83cb790266078768259586397306dc2b1123b504866336fe9558dd39b3665bf57527373a0ddd80,200
http://web/index.php?signin=1&action=forgot,POST,"Origin:http://web
Accept:text/html,application/xhtml+xml,application/xml;q=0.9,image/avif,image/webp,image/apng,*/*;q=0.8,application/signed-exchange;v=b3;q=0.9
User-Agent:Mozilla/5.0 (X11; Linux x86_64) AppleWebKit/537.36 (KHTML, like Gecko) Chrome/85.0.4183.102 Safari/537.36
Referer:http://web/index.php
Upgrade-Insecure-Requests:1
Content-Type:multipart/form-data; boundary=----WebKitFormBoundaryCSuJciWQ7HvpvB7w
",6afb8f52cd93b3b6c32a8a8ef092975a2b17946560db2b9f17015e2758eb06c42d3b6c32895f7c0071ccb8b934e116290e41753f63accf100fe12c3d04954d21,"Keep-Alive:timeout=5, max=47
Server:Apache/2.4.38 (Debian)
Connection:Keep-Alive
Date:Mon, 11 May 2026 21:07:35 GMT
Cache-Control:max-age=0,must-revalidate,private
Content-Encoding:gzip
Vary:Accept-Encoding
Content-Length:1415
X-Powered-By:PHP/7.1.33
Content-Type:text/html; charset=UTF-8
",0b31bd54406049d595acb00bc23b04389d709cf2d21c0c40448557366b17706f00fb78ed2e7f7764846e00e5a7a02619a17ed1f56be077a2d02bcf86a5684d0a,200
http://web/index.php,GET,"Accept:text/html,application/xhtml+xml,application/xml;q=0.9,image/avif,image/webp,image/apng,*/*;q=0.8,application/signed-exchange;v=b3;q=0.9
User-Agent:Mozilla/5.0 (X11; Linux x86_64) AppleWebKit/537.36 (KHTML, like Gecko) Chrome/85.0.4183.102 Safari/537.36
Upgrade-Insecure-Requests:1
",cf83e1357eefb8bdf1542850d66d8007d620e4050b5715dc83f4a921d36ce9ce47d0d13c5d85f2b0ff8318d2877eec2f63b931bd47417a81a538327af927da3e,"Keep-Alive:timeout=5, max=43
Server:Apache/2.4.38 (Debian)
Connection:Keep-Alive
Date:Mon, 11 May 2026 21:05:13 GMT
Cache-Control:max-age=0,must-revalidate,private
Content-Encoding:gzip
Vary:Accept-Encoding
Content-Length:1415
X-Powered-By:PHP/7.1.33
Content-Type:text/html; charset=UTF-8
",589a60e8efc65ee058440a5151e28a8733f216b7c22567a34bdca386cd1f115f32fa7e46379bff292ec05a4a63045a1735702cf01266cdb5cadb0dbd5454cce9,200
http://web/,GET,"Accept:text/html,application/xhtml+xml,application/xml;q=0.9,image/avif,image/webp,image/apng,*/*;q=0.8,application/signed-exchange;v=b3;q=0.9
User-Agent:Mozilla/5.0 (X11; Linux x86_64) AppleWebKit/537.36 (KHTML, like Gecko) Chrome/85.0.4183.102 Safari/537.36
Upgrade-Insecure-Requests:1
",cf83e1357eefb8bdf1542850d66d8007d620e4050b5715dc83f4a921d36ce9ce47d0d13c5d85f2b0ff8318d2877eec2f63b931bd47417a81a538327af927da3e,"Keep-Alive:timeout=5, max=8
Server:Apache/2.4.38 (Debian)
Connection:Keep-Alive
Date:Mon, 11 May 2026 21:06:08 GMT
Cache-Control:max-age=0,must-revalidate,private
Content-Encoding:gzip
Vary:Accept-Encoding
Content-Length:1415
X-Powered-By:PHP/7.1.33
Content-Type:text/html; charset=UTF-8
",ef0e505da9c6f8002d1aa66d9d8afbcd2c7b46b51d7174079b51dd8888e86baf4e5a76b46ba1b3b9a680d806485ae0f43af6a19a583aeef11f13823eb76e9dfc,200
http://web/index.php?signin=1&action=new,POST,"Origin:http://web
Accept:text/html,application/xhtml+xml,application/xml;q=0.9,image/avif,image/webp,image/apng,*/*;q=0.8,application/signed-exchange;v=b3;q=0.9
User-Agent:Mozilla/5.0 (X11; Linux x86_64) AppleWebKit/537.36 (KHTML, like Gecko) Chrome/85.0.4183.102 Safari/537.36
Referer:http://web/index.php
Upgrade-Insecure-Requests:1
Content-Type:multipart/form-data; boundary=----WebKitFormBoundary6BseYBytKBbvRTg6
",5d7285d6f9c89e36bf71795804f725c7f921271c9148afba3d3696bbd9b60f3e58bc1e80b6b4dc3eb965f82b54d5dd1fe48b3fd450759dbb0272d2fab71e1925,"Keep-Alive:timeout=5, max=13
Server:Apache/2.4.38 (Debian)
Connection:Keep-Alive
Date:Mon, 11 May 2026 21:08:32 GMT
Cache-Control:max-age=0,must-revalidate,private
Content-Encoding:gzip
Vary:Accept-Encoding
Content-Length:1415
X-Powered-By:PHP/7.1.33
Content-Type:text/html; charset=UTF-8
",36340ef5dbd84a35d40cb982fcd69176a39fb4d50f75129da55823332f019507e24454526286c886c18b26aab440ea401c1e317b39cc2ed2681c1750c9bb8a36,200
http://web/index.php,GET,"Accept:*/*
User-Agent:Mozilla/5.0 (X11; Linux x86_64) AppleWebKit/537.36 (KHTML, like Gecko) Chrome/85.0.4183.102 Safari/537.36
",cf83e1357eefb8bdf1542850d66d8007d620e4050b5715dc83f4a921d36ce9ce47d0d13c5d85f2b0ff8318d2877eec2f63b931bd47417a81a538327af927da3e,"Server:Apache/2.4.38 (Debian)
Date:Mon, 11 May 2026 21:04:21 GMT
Cache-Control:max-age=0,must-revalidate,private
Content-Encoding:gzip
Vary:Accept-Encoding
Content-Length:1416
X-Powered-By:PHP/7.1.33
Content-Type:text/html; charset=UTF-8
",d40710f92c2967ec9dbeb89d25f14075795b5c7395051e9480d598dac7ab0cdd1fb511c4445fd1c78cab70fe121246be398d14dae3d386a48577dcb6c6e62c7f,200
http://web/index.php,GET,"Accept:text/html,application/xhtml+xml,application/xml;q=0.9,image/avif,image/webp,image/apng,*/*;q=0.8,application/signed-exchange;v=b3;q=0.9
User-Agent:Mozilla/5.0 (X11; Linux x86_64) AppleWebKit/537.36 (KHTML, like Gecko) Chrome/85.0.4183.102 Safari/537.36
Upgrade-Insecure-Requests:1
",cf83e1357eefb8bdf1542850d66d8007d620e4050b5715dc83f4a921d36ce9ce47d0d13c5d85f2b0ff8318d2877eec2f63b931bd47417a81a538327af927da3e,"Keep-Alive:timeout=5, max=35
Server:Apache/2.4.38 (Debian)
Connection:Keep-Alive
Date:Mon, 11 May 2026 21:05:23 GMT
Cache-Control:max-age=0,must-revalidate,private
Content-Encoding:gzip
Vary:Accept-Encoding
Content-Length:1416
X-Powered-By:PHP/7.1.33
Content-Type:text/html; charset=UTF-8
",bc005c625c80a916c536cd097bf69e19cbc4b6956ddb443ecb1e375feae79d5651d1b88297671d5ab840ac100c39edc4dc815260aaed14c5c78ce58d218c3163,200
http://web/users.php?t=pc&sort=1R,GET,"Accept:text/html,application/xhtml+xml,application/xml;q=0.9,image/avif,image/webp,image/apng,*/*;q=0.8,application/signed-exchange;v=b3;q=0.9
User-Agent:Mozilla/5.0 (X11; Linux x86_64) AppleWebKit/537.36 (KHTML, like Gecko) Chrome/85.0.4183.102 Safari/537.36
Referer:http://web/users.php?t=pc
Upgrade-Insecure-Requests:1
",cf83e1357eefb8bdf1542850d66d8007d620e4050b5715dc83f4a921d36ce9ce47d0d13c5d85f2b0ff8318d2877eec2f63b931bd47417a81a538327af927da3e,"Keep-Alive:timeout=5, max=87
Server:Apache/2.4.38 (Debian)
Connection:Keep-Alive
Date:Mon, 11 May 2026 21:04:15 GMT
Cache-Control:max-age=0,must-revalidate,private
Content-Encoding:gzip
Vary:Accept-Encoding
Content-Length:1379
X-Powered-By:PHP/7.1.33
Content-Type:text/html; charset=UTF-8
",28231667f500b424707ea8ddd9cff6a5369970b6501e7f00dc35e4004fef8379bf0774d822a7a17af7b3bcd958c2cdcd270f7ec4fd4df96c5fbe5d8877644128,200
http://web/,GET,"Accept:text/html,application/xhtml+xml,application/xml;q=0.9,image/avif,image/webp,image/apng,*/*;q=0.8,application/signed-exchange;v=b3;q=0.9
User-Agent:Mozilla/5.0 (X11; Linux x86_64) AppleWebKit/537.36 (KHTML, like Gecko) Chrome/85.0.4183.102 Safari/537.36
Upgrade-Insecure-Requests:1
",cf83e1357eefb8bdf1542850d66d8007d620e4050b5715dc83f4a921d36ce9ce47d0d13c5d85f2b0ff8318d2877eec2f63b931bd47417a81a538327af927da3e,"Keep-Alive:timeout=5, max=51
Server:Apache/2.4.38 (Debian)
Connection:Keep-Alive
Date:Mon, 11 May 2026 21:05:04 GMT
Cache-Control:max-age=0,must-revalidate,private
Content-Encoding:gzip
Vary:Accept-Encoding
Content-Length:1415
X-Powered-By:PHP/7.1.33
Content-Type:text/html; charset=UTF-8
",784d5a6844961ad560b3312346d067a22dfcbd5dec5d6b3bc8810c5915557647387a84aa1b32149f9245aecbb69aee4100dc7d2308d3631a8c77be33d252df1b,200
http://web/index.php,GET,"Accept:text/html,application/xhtml+xml,application/xml;q=0.9,image/avif,image/webp,image/apng,*/*;q=0.8,application/signed-exchange;v=b3;q=0.9
User-Agent:Mozilla/5.0 (X11; Linux x86_64) AppleWebKit/537.36 (KHTML, like Gecko) Chrome/85.0.4183.102 Safari/537.36
Upgrade-Insecure-Requests:1
",cf83e1357eefb8bdf1542850d66d8007d620e4050b5715dc83f4a921d36ce9ce47d0d13c5d85f2b0ff8318d2877eec2f63b931bd47417a81a538327af927da3e,"Keep-Alive:timeout=5, max=41
Server:Apache/2.4.38 (Debian)
Connection:Keep-Alive
Date:Mon, 11 May 2026 21:05:16 GMT
Cache-Control:max-age=0,must-revalidate,private
Content-Encoding:gzip
Vary:Accept-Encoding
Content-Length:1416
X-Powered-By:PHP/7.1.33
Content-Type:text/html; charset=UTF-8
",39ac88e256a6431c0374b1c88145ef7e55fe90b54486c597590b9a821d92b48e9e33ddddc48bcde65fc69a20999cd72eba67e72c9c4922946bdfa30d24528784,200
http://web/?post=.empty,POST,"Origin:http://web
Accept:text/html,application/xhtml+xml,application/xml;q=0.9,image/avif,image/webp,image/apng,*/*;q=0.8,application/signed-exchange;v=b3;q=0.9
User-Agent:Mozilla/5.0 (X11; Linux x86_64) AppleWebKit/537.36 (KHTML, like Gecko) Chrome/85.0.4183.102 Safari/537.36
Referer:http://web/index.php
Upgrade-Insecure-Requests:1
Content-Type:multipart/form-data; boundary=----WebKitFormBoundarycRWnaHKnJEBQXEL4
",44ed71ea610d3506c742fa521a8c20170c7106666e9318d3786c0b804bb9ec260208eebb9aa7e20d19113e01739a36a25c9dac9f088ad86a9dcbf539d050d4a6,"Keep-Alive:timeout=5, max=93
Server:Apache/2.4.38 (Debian)
Connection:Keep-Alive
Date:Mon, 11 May 2026 21:06:31 GMT
Cache-Control:max-age=0,must-revalidate,private
Content-Encoding:gzip
Vary:Accept-Encoding
Content-Length:1416
X-Powered-By:PHP/7.1.33
Content-Type:text/html; charset=UTF-8
",2d8361dbe913384991ded6115116d619f4deee81fdaccdf73bf067c37ec9670f68a53f945402a821dbd2dfe4beb53345e95b7cf41483a76d26b03b760195daf9,200
http://web/users.php?t=pc,GET,"Accept:text/html,application/xhtml+xml,application/xml;q=0.9,image/avif,image/webp,image/apng,*/*;q=0.8,application/signed-exchange;v=b3;q=0.9
User-Agent:Mozilla/5.0 (X11; Linux x86_64) AppleWebKit/537.36 (KHTML, like Gecko) Chrome/85.0.4183.102 Safari/537.36
Upgrade-Insecure-Requests:1
",cf83e1357eefb8bdf1542850d66d8007d620e4050b5715dc83f4a921d36ce9ce47d0d13c5d85f2b0ff8318d2877eec2f63b931bd47417a81a538327af927da3e,"Keep-Alive:timeout=5, max=54
Server:Apache/2.4.38 (Debian)
Connection:Keep-Alive
Date:Mon, 11 May 2026 21:05:01 GMT
Cache-Control:max-age=0,must-revalidate,private
Content-Encoding:gzip
Vary:Accept-Encoding
Content-Length:1379
X-Powered-By:PHP/7.1.33
Content-Type:text/html; charset=UTF-8
",33b685da345e2061313ea29fb4fdeb54991587fd6ed3aee8f7ac3dbb72c3a8a0fff751474b73b6682023e519f51e28988807d023c48c59c670846934d59f1ccf,200
http://web/,GET,"Accept:text/html,application/xhtml+xml,application/xml;q=0.9,image/avif,image/webp,image/apng,*/*;q=0.8,application/signed-exchange;v=b3;q=0.9
User-Agent:Mozilla/5.0 (X11; Linux x86_64) AppleWebKit/537.36 (KHTML, like Gecko) Chrome/85.0.4183.102 Safari/537.36
Referer:http://web/index.php
Upgrade-Insecure-Requests:1
",cf83e1357eefb8bdf1542850d66d8007d620e4050b5715dc83f4a921d36ce9ce47d0d13c5d85f2b0ff8318d2877eec2f63b931bd47417a81a538327af927da3e,"Keep-Alive:timeout=5, max=66
Server:Apache/2.4.38 (Debian)
Connection:Keep-Alive
Date:Mon, 11 May 2026 21:04:43 GMT
Cache-Control:max-age=0,must-revalidate,private
Content-Encoding:gzip
Vary:Accept-Encoding
Content-Length:1415
X-Powered-By:PHP/7.1.33
Content-Type:text/html; charset=UTF-8
",225a2f761e45b29beb20587c601ea7f0f150fe710928dbef30b4a9d20cbbd6ca29c8825806368d9759f73db6f527a46b74d1eed0fc016206709516941428be68,200
http://web/index.php,GET,"Accept:text/html,application/xhtml+xml,application/xml;q=0.9,image/avif,image/webp,image/apng,*/*;q=0.8,application/signed-exchange;v=b3;q=0.9
User-Agent:Mozilla/5.0 (X11; Linux x86_64) AppleWebKit/537.36 (KHTML, like Gecko) Chrome/85.0.4183.102 Safari/537.36
Upgrade-Insecure-Requests:1
",cf83e1357eefb8bdf1542850d66d8007d620e4050b5715dc83f4a921d36ce9ce47d0d13c5d85f2b0ff8318d2877eec2f63b931bd47417a81a538327af927da3e,"Keep-Alive:timeout=5, max=97
Server:Apache/2.4.38 (Debian)
Connection:Keep-Alive
Date:Mon, 11 May 2026 21:06:26 GMT
Cache-Control:max-age=0,must-revalidate,private
Content-Encoding:gzip
Vary:Accept-Encoding
Content-Length:1416
X-Powered-By:PHP/7.1.33
Content-Type:text/html; charset=UTF-8
",250242c5bc28e5ab3d7e064bc7366b7f1259b86c34f2765a97c0a54e47e4221cb627680336fa17a5ac72f5864f06a500955a1cf8e9ecc3ef8b0a726238e25514,200
http://web/images/review24.png,GET,"Accept:image/avif,image/webp,image/apng,image/*,*/*;q=0.8
User-Agent:Mozilla/5.0 (X11; Linux x86_64) AppleWebKit/537.36 (KHTML, like Gecko) Chrome/85.0.4183.102 Safari/537.36
Referer:http://web/index.php
",cf83e1357eefb8bdf1542850d66d8007d620e4050b5715dc83f4a921d36ce9ce47d0d13c5d85f2b0ff8318d2877eec2f63b931bd47417a81a538327af927da3e,"Keep-Alive:timeout=5, max=99
Server:Apache/2.4.38 (Debian)
Connection:Keep-Alive
Last-Modified:Wed, 06 May 2026 17:48:24 GMT
Date:Mon, 11 May 2026 21:03:51 GMT
Accept-Ranges:bytes
Content-Length:1380
Content-Type:image/png
",1a9cf4376769373e2852c42a94de884de3640491167633572af66c3aae07b5448ce68c6965a43c0aea127bdadcd721e98419a07861a131133feb54d1aeee7ed3,200
http://web/index.php,GET,"Accept:text/html,application/xhtml+xml,application/xml;q=0.9,image/avif,image/webp,image/apng,*/*;q=0.8,application/signed-exchange;v=b3;q=0.9
User-Agent:Mozilla/5.0 (X11; Linux x86_64) AppleWebKit/537.36 (KHTML, like Gecko) Chrome/85.0.4183.102 Safari/537.36
Upgrade-Insecure-Requests:1
",cf83e1357eefb8bdf1542850d66d8007d620e4050b5715dc83f4a921d36ce9ce47d0d13c5d85f2b0ff8318d2877eec2f63b931bd47417a81a538327af927da3e,"Keep-Alive:timeout=5, max=88
Server:Apache/2.4.38 (Debian)
Connection:Keep-Alive
Date:Mon, 11 May 2026 21:06:38 GMT
Cache-Control:max-age=0,must-revalidate,private
Content-Encoding:gzip
Vary:Accept-Encoding
Content-Length:1414
X-Powered-By:PHP/7.1.33
Content-Type:text/html; charset=UTF-8
",7a40ed7cf8bc7ff0464ec6e2a59ce1026e77cca1d50f87bf6ee1ca23de6f8ec1e16d5c92ba95966a64e084556c3f9e5bd5ae1690f7a525a05a0e4676d6c5dafa,200
http://web/index.php?signin=1&action=forgot,POST,"Origin:http://web
Accept:text/html,application/xhtml+xml,application/xml;q=0.9,image/avif,image/webp,image/apng,*/*;q=0.8,application/signed-exchange;v=b3;q=0.9
User-Agent:Mozilla/5.0 (X11; Linux x86_64) AppleWebKit/537.36 (KHTML, like Gecko) Chrome/85.0.4183.102 Safari/537.36
Referer:http://web/index.php
Upgrade-Insecure-Requests:1
Content-Type:multipart/form-data; boundary=----WebKitFormBoundaryPnio1hAlADeNM3le
",c8a1bdc7bd49641c3c4c570f3865bbae94c2bce9698d01f1bde009cb232596fd62af1696ee5358ea18df3b87218f2da0dd59de454a4bc0c2dddf2f087642dbd4,"Keep-Alive:timeout=5, max=55
Server:Apache/2.4.38 (Debian)
Connection:Keep-Alive
Date:Mon, 11 May 2026 21:07:23 GMT
Cache-Control:max-age=0,must-revalidate,private
Content-Encoding:gzip
Vary:Accept-Encoding
Content-Length:1415
X-Powered-By:PHP/7.1.33
Content-Type:text/html; charset=UTF-8
",d2321f4a9b48b1c121906e478c4d9b31667eae3e759358a7614144c656800823c59e1a7a2498fa20724b9d93c3461ab80bb795fe2bdfca5143d1e311074783ee,200
http://web/index.php,GET,"Accept:text/html,application/xhtml+xml,application/xml;q=0.9,image/avif,image/webp,image/apng,*/*;q=0.8,application/signed-exchange;v=b3;q=0.9
User-Agent:Mozilla/5.0 (X11; Linux x86_64) AppleWebKit/537.36 (KHTML, like Gecko) Chrome/85.0.4183.102 Safari/537.36
Upgrade-Insecure-Requests:1
",cf83e1357eefb8bdf1542850d66d8007d620e4050b5715dc83f4a921d36ce9ce47d0d13c5d85f2b0ff8318d2877eec2f63b931bd47417a81a538327af927da3e,"Keep-Alive:timeout=5, max=59
Server:Apache/2.4.38 (Debian)
Connection:Keep-Alive
Date:Mon, 11 May 2026 21:07:17 GMT
Cache-Control:max-age=0,must-revalidate,private
Content-Encoding:gzip
Vary:Accept-Encoding
Content-Length:1416
X-Powered-By:PHP/7.1.33
Content-Type:text/html; charset=UTF-8
",97a4f2f9dfe86a821c5bb07febc1b531e9e6d2eb3447cbe0a78d6ba19a0a6612ea0c0a9ba08d5b552ea59e2bd4069e0ccf02968a69c26ef32b434fef195ccc80,200
http://web/users.php?t=pc,GET,"Accept:text/html,application/xhtml+xml,application/xml;q=0.9,image/avif,image/webp,image/apng,*/*;q=0.8,application/signed-exchange;v=b3;q=0.9
User-Agent:Mozilla/5.0 (X11; Linux x86_64) AppleWebKit/537.36 (KHTML, like Gecko) Chrome/85.0.4183.102 Safari/537.36
Upgrade-Insecure-Requests:1
",cf83e1357eefb8bdf1542850d66d8007d620e4050b5715dc83f4a921d36ce9ce47d0d13c5d85f2b0ff8318d2877eec2f63b931bd47417a81a538327af927da3e,"Keep-Alive:timeout=5, max=71
Server:Apache/2.4.38 (Debian)
Connection:Keep-Alive
Date:Mon, 11 May 2026 21:04:37 GMT
Cache-Control:max-age=0,must-revalidate,private
Content-Encoding:gzip
Vary:Accept-Encoding
Content-Length:1379
X-Powered-By:PHP/7.1.33
Content-Type:text/html; charset=UTF-8
",56b30bb940d7240a0afc6f09d8255df255045a2589841d285e843d2f354576ba40e24f25ad3626cc1982c5bef3fc1af1db434790e3b198e7774889f0e8a11b71,200
http://web/,GET,"Accept:text/html,application/xhtml+xml,application/xml;q=0.9,image/avif,image/webp,image/apng,*/*;q=0.8,application/signed-exchange;v=b3;q=0.9
User-Agent:Mozilla/5.0 (X11; Linux x86_64) AppleWebKit/537.36 (KHTML, like Gecko) Chrome/85.0.4183.102 Safari/537.36
Upgrade-Insecure-Requests:1
",cf83e1357eefb8bdf1542850d66d8007d620e4050b5715dc83f4a921d36ce9ce47d0d13c5d85f2b0ff8318d2877eec2f63b931bd47417a81a538327af927da3e,"Keep-Alive:timeout=5, max=54
Server:Apache/2.4.38 (Debian)
Connection:Keep-Alive
Date:Mon, 11 May 2026 21:07:26 GMT
Cache-Control:max-age=0,must-revalidate,private
Content-Encoding:gzip
Vary:Accept-Encoding
Content-Length:1415
X-Powered-By:PHP/7.1.33
Content-Type:text/html; charset=UTF-8
",41f769aece1c533ab4869032309051f45fa0d43c0a7ea5354f1815897d44667a61ae2c18f1efa90a571aff3bf6b094c2cfce1eb4a897827ff9e4fa7929941996,200
http://web/index.php,GET,"Accept:text/html,application/xhtml+xml,application/xml;q=0.9,image/avif,image/webp,image/apng,*/*;q=0.8,application/signed-exchange;v=b3;q=0.9
User-Agent:Mozilla/5.0 (X11; Linux x86_64) AppleWebKit/537.36 (KHTML, like Gecko) Chrome/85.0.4183.102 Safari/537.36
Upgrade-Insecure-Requests:1
",cf83e1357eefb8bdf1542850d66d8007d620e4050b5715dc83f4a921d36ce9ce47d0d13c5d85f2b0ff8318d2877eec2f63b931bd47417a81a538327af927da3e,"Keep-Alive:timeout=5, max=74
Server:Apache/2.4.38 (Debian)
Connection:Keep-Alive
Date:Mon, 11 May 2026 21:06:59 GMT
Cache-Control:max-age=0,must-revalidate,private
Content-Encoding:gzip
Vary:Accept-Encoding
Content-Length:1415
X-Powered-By:PHP/7.1.33
Content-Type:text/html; charset=UTF-8
",a48b4a1fc4fc97944a98f8a96e667f07b2e839c66dedd398454f3508e083dd78acc3d98c5963a2f60cdc53fd0a403d3746523a53e7bb01817642a1cf80887128,200
http://web/users.php?t=pc,GET,"Accept:text/html,application/xhtml+xml,application/xml;q=0.9,image/avif,image/webp,image/apng,*/*;q=0.8,application/signed-exchange;v=b3;q=0.9
User-Agent:Mozilla/5.0 (X11; Linux x86_64) AppleWebKit/537.36 (KHTML, like Gecko) Chrome/85.0.4183.102 Safari/537.36
Upgrade-Insecure-Requests:1
",cf83e1357eefb8bdf1542850d66d8007d620e4050b5715dc83f4a921d36ce9ce47d0d13c5d85f2b0ff8318d2877eec2f63b931bd47417a81a538327af927da3e,"Keep-Alive:timeout=5, max=12
Server:Apache/2.4.38 (Debian)
Connection:Keep-Alive
Date:Mon, 11 May 2026 21:08:35 GMT
Cache-Control:max-age=0,must-revalidate,private
Content-Encoding:gzip
Vary:Accept-Encoding
Content-Length:1379
X-Powered-By:PHP/7.1.33
Content-Type:text/html; charset=UTF-8
",2e51aa7995aee3b283cdbe4f28614df194cc73138d670ddbab5c210a59f3e0239bc81a9f968088b6ee01c2809f39fea7b392a322e275f42de2abd8fc5bbe9729,200
http://web/?post=.empty,POST,"Origin:http://web
Accept:text/html,application/xhtml+xml,application/xml;q=0.9,image/avif,image/webp,image/apng,*/*;q=0.8,application/signed-exchange;v=b3;q=0.9
User-Agent:Mozilla/5.0 (X11; Linux x86_64) AppleWebKit/537.36 (KHTML, like Gecko) Chrome/85.0.4183.102 Safari/537.36
Referer:http://web/index.php
Upgrade-Insecure-Requests:1
Content-Type:multipart/form-data; boundary=----WebKitFormBoundaryP14E4MhRL2EAWBFD
",2489e31c587bc94cc69d0adbf76c3a45c27caeaf80b5d1678ae701745cb3f589dd5bb0c857d09454ebd38fb387c3599ace69b91de704ad769cea4fcbd983b7a8,"Keep-Alive:timeout=5, max=83
Server:Apache/2.4.38 (Debian)
Connection:Keep-Alive
Date:Mon, 11 May 2026 21:06:44 GMT
Cache-Control:max-age=0,must-revalidate,private
Content-Encoding:gzip
Vary:Accept-Encoding
Content-Length:1414
X-Powered-By:PHP/7.1.33
Content-Type:text/html; charset=UTF-8
",020f7c0c32b08aeab0cba950859742a61e2f55dfac4bb631bdf52e6f32597b38ab09d7382794e2ebe9ad2885458ceb95f7154d9a980e5945eaa6061c80100faf,200
http://web/,GET,"Accept:text/html,application/xhtml+xml,application/xml;q=0.9,image/avif,image/webp,image/apng,*/*;q=0.8,application/signed-exchange;v=b3;q=0.9
User-Agent:Mozilla/5.0 (X11; Linux x86_64) AppleWebKit/537.36 (KHTML, like Gecko) Chrome/85.0.4183.102 Safari/537.36
Referer:http://web/?post=.empty
Upgrade-Insecure-Requests:1
",cf83e1357eefb8bdf1542850d66d8007d620e4050b5715dc83f4a921d36ce9ce47d0d13c5d85f2b0ff8318d2877eec2f63b931bd47417a81a538327af927da3e,"Keep-Alive:timeout=5, max=90
Server:Apache/2.4.38 (Debian)
Connection:Keep-Alive
Date:Mon, 11 May 2026 21:04:12 GMT
Cache-Control:max-age=0,must-revalidate,private
Content-Encoding:gzip
Vary:Accept-Encoding
Content-Length:1414
X-Powered-By:PHP/7.1.33
Content-Type:text/html; charset=UTF-8
",8a0468195a8e144a88d1f141bd8baa239f12116911d8b500a84f09c605fa91244ac2ed147b79558877b4bed7b4a411907783a5a8529f7460b75af646356ac6e7,200
http://web/index.php?signin=1&action=new,POST,"Origin:http://web
Accept:text/html,application/xhtml+xml,application/xml;q=0.9,image/avif,image/webp,image/apng,*/*;q=0.8,application/signed-exchange;v=b3;q=0.9
User-Agent:Mozilla/5.0 (X11; Linux x86_64) AppleWebKit/537.36 (KHTML, like Gecko) Chrome/85.0.4183.102 Safari/537.36
Referer:http://web/index.php
Upgrade-Insecure-Requests:1
Content-Type:multipart/form-data; boundary=----WebKitFormBoundaryA1MRhQAwYlW4kEZC
",2ca9be13b1dd72ee58f6c935fc91378d6b3102ee4626de267c2736729e60d92a6979c1e70a106fa44f30fcf3b0d2fcc5214d70dce455de0e9f52974afaacdb0c,"Keep-Alive:timeout=5, max=36
Server:Apache/2.4.38 (Debian)
Connection:Keep-Alive
Date:Mon, 11 May 2026 21:07:54 GMT
Cache-Control:max-age=0,must-revalidate,private
Content-Encoding:gzip
Vary:Accept-Encoding
Content-Length:1416
X-Powered-By:PHP/7.1.33
Content-Type:text/html; charset=UTF-8
",0663992107cd1bc0b4fda0ce7e6ed9ff3ec696e2a017d2ac0436850aab8a78f83f97d18e85f2675ddcdcb89ab2ef8ce0c4ee5e01b64e4df5c9d3b289ab52054c,200
http://web/?post=.empty,POST,"Origin:http://web
Accept:text/html,application/xhtml+xml,application/xml;q=0.9,image/avif,image/webp,image/apng,*/*;q=0.8,application/signed-exchange;v=b3;q=0.9
User-Agent:Mozilla/5.0 (X11; Linux x86_64) AppleWebKit/537.36 (KHTML, like Gecko) Chrome/85.0.4183.102 Safari/537.36
Referer:http://web/index.php
Upgrade-Insecure-Requests:1
Content-Type:multipart/form-data; boundary=----WebKitFormBoundary9BczLyqFkABBDkAD
",7fc4629e0cfc112929ce7453bada9674e250deb08d80f4cfaa03c2f298d5e539dd23f9b6fa8aa0527310aea652b17bb542e5511ecf981fcbd62af6c68a16a199,"Keep-Alive:timeout=5, max=96
Server:Apache/2.4.38 (Debian)
Connection:Keep-Alive
Date:Mon, 11 May 2026 21:06:27 GMT
Cache-Control:max-age=0,must-revalidate,private
Content-Encoding:gzip
Vary:Accept-Encoding
Content-Length:1416
X-Powered-By:PHP/7.1.33
Content-Type:text/html; charset=UTF-8
",3f75169bdf9913a092e2c731dad58b82bca6d6694e7d7d6c19c27eaf417d5d220bdd89ea6a532c68789c58138ce5b13229b6b1a7343973e7e58ceb64985f3abd,200
http://web/?post=.empty,POST,"Origin:http://web
Accept:text/html,application/xhtml+xml,application/xml;q=0.9,image/avif,image/webp,image/apng,*/*;q=0.8,application/signed-exchange;v=b3;q=0.9
User-Agent:Mozilla/5.0 (X11; Linux x86_64) AppleWebKit/537.36 (KHTML, like Gecko) Chrome/85.0.4183.102 Safari/537.36
Referer:http://web/?post=.empty
Upgrade-Insecure-Requests:1
Content-Type:multipart/form-data; boundary=----WebKitFormBoundaryykvkgiwBiu4D3umr
",5e6b0fe5f6dc7697ae0ed3534cab0c15fbfba73b8d5012d1c9c511d849891a71ca1734b56329da40786d1b543b6add602b620e3cb4077c81b43a77957eb5ed00,"Keep-Alive:timeout=5, max=36
Server:Apache/2.4.38 (Debian)
Connection:Keep-Alive
Date:Mon, 11 May 2026 21:05:22 GMT
Cache-Control:max-age=0,must-revalidate,private
Content-Encoding:gzip
Vary:Accept-Encoding
Content-Length:1415
X-Powered-By:PHP/7.1.33
Content-Type:text/html; charset=UTF-8
",1fb4659ba5314b0bd38fe9bf7e0c8a6d0c8effc3a59ece2de3b7c8343ced5353ea462400b9429dc4abe90eb5e255f352869299ffbc1389f929a1f38c6806b06d,200
http://web/index.php,GET,"Accept:text/html,application/xhtml+xml,application/xml;q=0.9,image/avif,image/webp,image/apng,*/*;q=0.8,application/signed-exchange;v=b3;q=0.9
User-Agent:Mozilla/5.0 (X11; Linux x86_64) AppleWebKit/537.36 (KHTML, like Gecko) Chrome/85.0.4183.102 Safari/537.36
Upgrade-Insecure-Requests:1
",cf83e1357eefb8bdf1542850d66d8007d620e4050b5715dc83f4a921d36ce9ce47d0d13c5d85f2b0ff8318d2877eec2f63b931bd47417a81a538327af927da3e,"Keep-Alive:timeout=5, max=65
Server:Apache/2.4.38 (Debian)
Connection:Keep-Alive
Date:Mon, 11 May 2026 21:07:10 GMT
Cache-Control:max-age=0,must-revalidate,private
Content-Encoding:gzip
Vary:Accept-Encoding
Content-Length:1414
X-Powered-By:PHP/7.1.33
Content-Type:text/html; charset=UTF-8
",48a1938cd7f99eab6bba49633d40b94c5c1a98c23dee6c909502ec5b6c128bbe1ddc0dbe423837e5c95e418cf36187c4b14ef59440913d85edec223aff8f8327,200
http://web/index.php,GET,"Accept:text/html,application/xhtml+xml,application/xml;q=0.9,image/avif,image/webp,image/apng,*/*;q=0.8,application/signed-exchange;v=b3;q=0.9
User-Agent:Mozilla/5.0 (X11; Linux x86_64) AppleWebKit/537.36 (KHTML, like Gecko) Chrome/85.0.4183.102 Safari/537.36
Upgrade-Insecure-Requests:1
",cf83e1357eefb8bdf1542850d66d8007d620e4050b5715dc83f4a921d36ce9ce47d0d13c5d85f2b0ff8318d2877eec2f63b931bd47417a81a538327af927da3e,"Keep-Alive:timeout=5, max=47
Server:Apache/2.4.38 (Debian)
Connection:Keep-Alive
Date:Mon, 11 May 2026 21:05:09 GMT
Cache-Control:max-age=0,must-revalidate,private
Content-Encoding:gzip
Vary:Accept-Encoding
Content-Length:1416
X-Powered-By:PHP/7.1.33
Content-Type:text/html; charset=UTF-8
",7671a302264511e7fe3fab5214650cea7f42aef92bae8843ad76ac05220a5b4a8aba283a4a7959a9ed0dd39b66d4f07536e9700de2f3933ceb4e8acfbb63010a,200
http://web/?post=.empty,POST,"Origin:http://web
Accept:text/html,application/xhtml+xml,application/xml;q=0.9,image/avif,image/webp,image/apng,*/*;q=0.8,application/signed-exchange;v=b3;q=0.9
User-Agent:Mozilla/5.0 (X11; Linux x86_64) AppleWebKit/537.36 (KHTML, like Gecko) Chrome/85.0.4183.102 Safari/537.36
Referer:http://web/index.php
Upgrade-Insecure-Requests:1
Content-Type:multipart/form-data; boundary=----WebKitFormBoundary7PHQS5YKpWLAeY0s
",02586f0a61d69e4ec49c402ba0ec44d33f57c5469098db63bee3e48e17e117aa9edaa74c2ba538b8ce4527faf6fb27bf2cfb1678247d119f3da095c5bc2bad98,"Keep-Alive:timeout=5, max=81
Server:Apache/2.4.38 (Debian)
Connection:Keep-Alive
Date:Mon, 11 May 2026 21:06:47 GMT
Cache-Control:max-age=0,must-revalidate,private
Content-Encoding:gzip
Vary:Accept-Encoding
Content-Length:1414
X-Powered-By:PHP/7.1.33
Content-Type:text/html; charset=UTF-8
",1dd8e92c0615b5f8109858292fbbdbc5f5f9d6afb596550327ef8a91939ed90f505257bfa269625611ff1f6b696608bb3e7f406680a527e9b644659baaa9b9e6,200
http://web/index.php,GET,"Accept:text/html,application/xhtml+xml,application/xml;q=0.9,image/avif,image/webp,image/apng,*/*;q=0.8,application/signed-exchange;v=b3;q=0.9
User-Agent:Mozilla/5.0 (X11; Linux x86_64) AppleWebKit/537.36 (KHTML, like Gecko) Chrome/85.0.4183.102 Safari/537.36
Upgrade-Insecure-Requests:1
",cf83e1357eefb8bdf1542850d66d8007d620e4050b5715dc83f4a921d36ce9ce47d0d13c5d85f2b0ff8318d2877eec2f63b931bd47417a81a538327af927da3e,"Keep-Alive:timeout=5, max=26
Server:Apache/2.4.38 (Debian)
Connection:Keep-Alive
Date:Mon, 11 May 2026 21:05:36 GMT
Cache-Control:max-age=0,must-revalidate,private
Content-Encoding:gzip
Vary:Accept-Encoding
Content-Length:1416
X-Powered-By:PHP/7.1.33
Content-Type:text/html; charset=UTF-8
",a32e0f928ac29f6d01afe78ff0672f46b447b4b41a21c7b961259dfdbec9de7eca04fdfb78d4008411db5bada449c71d359cc643a20bc8290e39c3ecd026f88d,200
http://web/index.php,GET,"Accept:text/html,application/xhtml+xml,application/xml;q=0.9,image/avif,image/webp,image/apng,*/*;q=0.8,application/signed-exchange;v=b3;q=0.9
User-Agent:Mozilla/5.0 (X11; Linux x86_64) AppleWebKit/537.36 (KHTML, like Gecko) Chrome/85.0.4183.102 Safari/537.36
Upgrade-Insecure-Requests:1
",cf83e1357eefb8bdf1542850d66d8007d620e4050b5715dc83f4a921d36ce9ce47d0d13c5d85f2b0ff8318d2877eec2f63b931bd47417a81a538327af927da3e,"Keep-Alive:timeout=5, max=91
Server:Apache/2.4.38 (Debian)
Connection:Keep-Alive
Date:Mon, 11 May 2026 21:06:34 GMT
Cache-Control:max-age=0,must-revalidate,private
Content-Encoding:gzip
Vary:Accept-Encoding
Content-Length:1414
X-Powered-By:PHP/7.1.33
Content-Type:text/html; charset=UTF-8
",7cfb743e5f5723e1165beded7fa126e7e6d0521d2bf5907fe5f6b9664dcb3fe38efc025686541117910ee504faac2a46ef1cc5c4895bc0dfca8028f251e05970,200
http://web/,GET,"Accept:text/html,application/xhtml+xml,application/xml;q=0.9,image/avif,image/webp,image/apng,*/*;q=0.8,application/signed-exchange;v=b3;q=0.9
User-Agent:Mozilla/5.0 (X11; Linux x86_64) AppleWebKit/537.36 (KHTML, like Gecko) Chrome/85.0.4183.102 Safari/537.36
Upgrade-Insecure-Requests:1
",cf83e1357eefb8bdf1542850d66d8007d620e4050b5715dc83f4a921d36ce9ce47d0d13c5d85f2b0ff8318d2877eec2f63b931bd47417a81a538327af927da3e,"Keep-Alive:timeout=5, max=93
Server:Apache/2.4.38 (Debian)
Connection:Keep-Alive
Date:Mon, 11 May 2026 21:04:07 GMT
Cache-Control:max-age=0,must-revalidate,private
Content-Encoding:gzip
Vary:Accept-Encoding
Content-Length:1413
X-Powered-By:PHP/7.1.33
Content-Type:text/html; charset=UTF-8
",3ba0063e29eed7f9c4defae976949330d436387896d4427bb5059ef8a183f6b0e7780c465c6981eda1fbf9e94edc701c19db7978c8d3cd4253ec4d2a209b5b4f,200
http://web/index.php,GET,"Accept:text/html,application/xhtml+xml,application/xml;q=0.9,image/avif,image/webp,image/apng,*/*;q=0.8,application/signed-exchange;v=b3;q=0.9
User-Agent:Mozilla/5.0 (X11; Linux x86_64) AppleWebKit/537.36 (KHTML, like Gecko) Chrome/85.0.4183.102 Safari/537.36
Upgrade-Insecure-Requests:1
",cf83e1357eefb8bdf1542850d66d8007d620e4050b5715dc83f4a921d36ce9ce47d0d13c5d85f2b0ff8318d2877eec2f63b931bd47417a81a538327af927da3e,"Keep-Alive:timeout=5, max=77
Server:Apache/2.4.38 (Debian)
Connection:Keep-Alive
Date:Mon, 11 May 2026 21:06:56 GMT
Cache-Control:max-age=0,must-revalidate,private
Content-Encoding:gzip
Vary:Accept-Encoding
Content-Length:1414
X-Powered-By:PHP/7.1.33
Content-Type:text/html; charset=UTF-8
",975d4d8d470d7e5235b46823a03f5e7dfa6d7451fe070714485e4ea76ba45455194e9595d900cd69605c3cff223cdbff91a29b327aab6f2738096615f18e25f8,200
http://web/stylesheets/style.css?mtime=1778089704,GET,"Accept:text/css,*/*;q=0.1
User-Agent:Mozilla/5.0 (X11; Linux x86_64) AppleWebKit/537.36 (KHTML, like Gecko) Chrome/85.0.4183.102 Safari/537.36
Referer:http://web/index.php
",cf83e1357eefb8bdf1542850d66d8007d620e4050b5715dc83f4a921d36ce9ce47d0d13c5d85f2b0ff8318d2877eec2f63b931bd47417a81a538327af927da3e,"Keep-Alive:timeout=5, max=99
Server:Apache/2.4.38 (Debian)
Connection:Keep-Alive
Last-Modified:Wed, 06 May 2026 17:48:24 GMT
Date:Mon, 11 May 2026 21:03:51 GMT
Accept-Ranges:bytes
Content-Encoding:gzip
Vary:Accept-Encoding
Content-Length:16371
Content-Type:text/css
",8760dc4858ff5600c9ddf8f0c3af14dbcb34f3454175b7fecae255c4ec1cdc1090af843b6efbabb0d1b8a38a6428803c86a327cfb7f9cb65dcb58f07460cef68,200
http://web/index.php,GET,"Accept:text/html,application/xhtml+xml,application/xml;q=0.9,image/avif,image/webp,image/apng,*/*;q=0.8,application/signed-exchange;v=b3;q=0.9
User-Agent:Mozilla/5.0 (X11; Linux x86_64) AppleWebKit/537.36 (KHTML, like Gecko) Chrome/85.0.4183.102 Safari/537.36
Upgrade-Insecure-Requests:1
",cf83e1357eefb8bdf1542850d66d8007d620e4050b5715dc83f4a921d36ce9ce47d0d13c5d85f2b0ff8318d2877eec2f63b931bd47417a81a538327af927da3e,"Keep-Alive:timeout=5, max=76
Server:Apache/2.4.38 (Debian)
Connection:Keep-Alive
Date:Mon, 11 May 2026 21:04:30 GMT
Cache-Control:max-age=0,must-revalidate,private
Content-Encoding:gzip
Vary:Accept-Encoding
Content-Length:1414
X-Powered-By:PHP/7.1.33
Content-Type:text/html; charset=UTF-8
",3fa5097fb09c1a2b8728b77d8accb6c690f900ba3cd4258f8f9b37a226f8084596a61fd09706c194cef906910168f359023aaa653c62ae36c9381c22801071fc,200
http://web/index.php,GET,"Accept:text/html,application/xhtml+xml,application/xml;q=0.9,image/avif,image/webp,image/apng,*/*;q=0.8,application/signed-exchange;v=b3;q=0.9
User-Agent:Mozilla/5.0 (X11; Linux x86_64) AppleWebKit/537.36 (KHTML, like Gecko) Chrome/85.0.4183.102 Safari/537.36
Upgrade-Insecure-Requests:1
",cf83e1357eefb8bdf1542850d66d8007d620e4050b5715dc83f4a921d36ce9ce47d0d13c5d85f2b0ff8318d2877eec2f63b931bd47417a81a538327af927da3e,"Keep-Alive:timeout=5, max=58
Server:Apache/2.4.38 (Debian)
Connection:Keep-Alive
Date:Mon, 11 May 2026 21:04:53 GMT
Cache-Control:max-age=0,must-revalidate,private
Content-Encoding:gzip
Vary:Accept-Encoding
Content-Length:1416
X-Powered-By:PHP/7.1.33
Content-Type:text/html; charset=UTF-8
",ba077dcf5c0dfc5f3781b1c2a4dbaaf762bc46b0dacd14f524e7a7001e2ee58908cd942eb0301068e5143ad5b5cd2c57cb4ee2e14a4de736a96652a03464126c,200
http://web/?post=.empty,POST,"Origin:http://web
Accept:text/html,application/xhtml+xml,application/xml;q=0.9,image/avif,image/webp,image/apng,*/*;q=0.8,application/signed-exchange;v=b3;q=0.9
User-Agent:Mozilla/5.0 (X11; Linux x86_64) AppleWebKit/537.36 (KHTML, like Gecko) Chrome/85.0.4183.102 Safari/537.36
Referer:http://web/index.php?signin=1&action=forgot
Upgrade-Insecure-Requests:1
Content-Type:multipart/form-data; boundary=----WebKitFormBoundaryZI3yTAugEk3HnETo
",ceb82c76979699d362976852c9b9fd9e7634740073f675be5474ba19644b856ecbc0c6008211e98a56faf2db5135deb8049a257f239358e956cde03dc08c446d,"Keep-Alive:timeout=5, max=72
Server:Apache/2.4.38 (Debian)
Connection:Keep-Alive
Date:Mon, 11 May 2026 21:07:01 GMT
Cache-Control:max-age=0,must-revalidate,private
Content-Encoding:gzip
Vary:Accept-Encoding
Content-Length:1415
X-Powered-By:PHP/7.1.33
Content-Type:text/html; charset=UTF-8
",ec92c82e8100da43621dd46143e78d5c7a6a0dbce863f2913bf5ec19ff920cee6373d32550a551e0e7a2deebdd93ffb7a84c286909b55cb02b4304eaf7f0e21f,200
http://web/index.php,GET,"Accept:text/html,application/xhtml+xml,application/xml;q=0.9,image/avif,image/webp,image/apng,*/*;q=0.8,application/signed-exchange;v=b3;q=0.9
User-Agent:Mozilla/5.0 (X11; Linux x86_64) AppleWebKit/537.36 (KHTML, like Gecko) Chrome/85.0.4183.102 Safari/537.36
Upgrade-Insecure-Requests:1
",cf83e1357eefb8bdf1542850d66d8007d620e4050b5715dc83f4a921d36ce9ce47d0d13c5d85f2b0ff8318d2877eec2f63b931bd47417a81a538327af927da3e,"Keep-Alive:timeout=5, max=37
Server:Apache/2.4.38 (Debian)
Connection:Keep-Alive
Date:Mon, 11 May 2026 21:07:53 GMT
Cache-Control:max-age=0,must-revalidate,private
Content-Encoding:gzip
Vary:Accept-Encoding
Content-Length:1415
X-Powered-By:PHP/7.1.33
Content-Type:text/html; charset=UTF-8
",81bd3a4f08bfa5e728d7874a446650d2f7166e41eec005f8b48b71588e273565c0a7f18951af05346d2df71a01575941794fd71e771cc4e1663eefdc6a3cbd33,200
http://web/index.php?signin=1&action=forgot,POST,"Origin:http://web
Accept:text/html,application/xhtml+xml,application/xml;q=0.9,image/avif,image/webp,image/apng,*/*;q=0.8,application/signed-exchange;v=b3;q=0.9
User-Agent:Mozilla/5.0 (X11; Linux x86_64) AppleWebKit/537.36 (KHTML, like Gecko) Chrome/85.0.4183.102 Safari/537.36
Referer:http://web/index.php
Upgrade-Insecure-Requests:1
Content-Type:multipart/form-data; boundary=----WebKitFormBoundaryrjFKIZLznLnhQr04
",3c621be11cd8150d19b82860f924c3910643a6f503471231970a63d95fe7a3c3637aa98740b6a8966b574a65d2bb4f0ca86a5ac1ce8605cd58cca52acccb9e1c,"Keep-Alive:timeout=5, max=79
Server:Apache/2.4.38 (Debian)
Connection:Keep-Alive
Date:Mon, 11 May 2026 21:06:52 GMT
Cache-Control:max-age=0,must-revalidate,private
Content-Encoding:gzip
Vary:Accept-Encoding
Content-Length:1413
X-Powered-By:PHP/7.1.33
Content-Type:text/html; charset=UTF-8
",83a143dfa72f5ec578354031bdd2e31c5746fefbd5ebf4028d6d0d18aad473b639dfc2156a7176c4626e0fc39925f889fca0d8b07143265face62a15f26790db,200
http://web/index.php,GET,"Accept:text/html,application/xhtml+xml,application/xml;q=0.9,image/avif,image/webp,image/apng,*/*;q=0.8,application/signed-exchange;v=b3;q=0.9
User-Agent:Mozilla/5.0 (X11; Linux x86_64) AppleWebKit/537.36 (KHTML, like Gecko) Chrome/85.0.4183.102 Safari/537.36
Upgrade-Insecure-Requests:1
",cf83e1357eefb8bdf1542850d66d8007d620e4050b5715dc83f4a921d36ce9ce47d0d13c5d85f2b0ff8318d2877eec2f63b931bd47417a81a538327af927da3e,"Keep-Alive:timeout=5, max=80
Server:Apache/2.4.38 (Debian)
Connection:Keep-Alive
Date:Mon, 11 May 2026 21:06:51 GMT
Cache-Control:max-age=0,must-revalidate,private
Content-Encoding:gzip
Vary:Accept-Encoding
Content-Length:1413
X-Powered-By:PHP/7.1.33
Content-Type:text/html; charset=UTF-8
",bdd1e7e1bad293bb334c2e35cca46ce28aeafbbe64a5ac5622db02e5f2860b7d79300a2df90ea2cc8212dd50f6420485e029316bcbbd2b8f0c0f7124bb2f5837,200
http://web/index.php,GET,"Accept:text/html,application/xhtml+xml,application/xml;q=0.9,image/avif,image/webp,image/apng,*/*;q=0.8,application/signed-exchange;v=b3;q=0.9
User-Agent:Mozilla/5.0 (X11; Linux x86_64) AppleWebKit/537.36 (KHTML, like Gecko) Chrome/85.0.4183.102 Safari/537.36
Upgrade-Insecure-Requests:1
",cf83e1357eefb8bdf1542850d66d8007d620e4050b5715dc83f4a921d36ce9ce47d0d13c5d85f2b0ff8318d2877eec2f63b931bd47417a81a538327af927da3e,"Keep-Alive:timeout=5, max=16
Server:Apache/2.4.38 (Debian)
Connection:Keep-Alive
Date:Mon, 11 May 2026 21:08:26 GMT
Cache-Control:max-age=0,must-revalidate,private
Content-Encoding:gzip
Vary:Accept-Encoding
Content-Length:1415
X-Powered-By:PHP/7.1.33
Content-Type:text/html; charset=UTF-8
",3a9674ac65ee0575ddc501d3057c1c4a1a6a0d51903049d7c1c6d0b548c7ab42ce174bee034895e46d4a5274b3184198b7af0288a6725ae13350d8c5ebbb0886,200
http://web/,GET,"Accept:text/html,application/xhtml+xml,application/xml;q=0.9,image/avif,image/webp,image/apng,*/*;q=0.8,application/signed-exchange;v=b3;q=0.9
User-Agent:Mozilla/5.0 (X11; Linux x86_64) AppleWebKit/537.36 (KHTML, like Gecko) Chrome/85.0.4183.102 Safari/537.36
Referer:http://web/index.php
Upgrade-Insecure-Requests:1
",cf83e1357eefb8bdf1542850d66d8007d620e4050b5715dc83f4a921d36ce9ce47d0d13c5d85f2b0ff8318d2877eec2f63b931bd47417a81a538327af927da3e,"Keep-Alive:timeout=5, max=52
Server:Apache/2.4.38 (Debian)
Connection:Keep-Alive
Date:Mon, 11 May 2026 21:05:02 GMT
Cache-Control:max-age=0,must-revalidate,private
Content-Encoding:gzip
Vary:Accept-Encoding
Content-Length:1415
X-Powered-By:PHP/7.1.33
Content-Type:text/html; charset=UTF-8
",5044fc4efa5d02b21486e8bd28cd7654dfceb90f55ea80598352ee1e6bc8fc32062c5024a32d3d444f2e8fc6556fffbd1b90f63848464381c474b0f5fb14e8d7,200
http://web/?post=.empty,POST,"Origin:http://web
Accept:text/html,application/xhtml+xml,application/xml;q=0.9,image/avif,image/webp,image/apng,*/*;q=0.8,application/signed-exchange;v=b3;q=0.9
User-Agent:Mozilla/5.0 (X11; Linux x86_64) AppleWebKit/537.36 (KHTML, like Gecko) Chrome/85.0.4183.102 Safari/537.36
Referer:http://web/index.php
Upgrade-Insecure-Requests:1
Content-Type:multipart/form-data; boundary=----WebKitFormBoundary9F29ortqTe7leASt
",66a1a8f70588fb0d73fb8182ab9c24e235bb19b52e16062fab05d35b7ed4280ffa49299435f0e441776ae069e2b27d77c9932a336bed4f1cd706f1c4038b4c35,"Keep-Alive:timeout=5, max=6
Server:Apache/2.4.38 (Debian)
Connection:Keep-Alive
Date:Mon, 11 May 2026 21:06:10 GMT
Cache-Control:max-age=0,must-revalidate,private
Content-Encoding:gzip
Vary:Accept-Encoding
Content-Length:1414
X-Powered-By:PHP/7.1.33
Content-Type:text/html; charset=UTF-8
",e42711bb470c05b05ac4bd19ab547d2e8498fe42f70f44a69f1d3a046a6c22aa631cc1c747a7de3abc974883b78221f869d071225ac294f9bc1aa99e852cb74c,200
http://web/index.php,GET,"Accept:text/html,application/xhtml+xml,application/xml;q=0.9,image/avif,image/webp,image/apng,*/*;q=0.8,application/signed-exchange;v=b3;q=0.9
User-Agent:Mozilla/5.0 (X11; Linux x86_64) AppleWebKit/537.36 (KHTML, like Gecko) Chrome/85.0.4183.102 Safari/537.36
Upgrade-Insecure-Requests:1
",cf83e1357eefb8bdf1542850d66d8007d620e4050b5715dc83f4a921d36ce9ce47d0d13c5d85f2b0ff8318d2877eec2f63b931bd47417a81a538327af927da3e,"Keep-Alive:timeout=5, max=48
Server:Apache/2.4.38 (Debian)
Connection:Keep-Alive
Date:Mon, 11 May 2026 21:07:34 GMT
Cache-Control:max-age=0,must-revalidate,private
Content-Encoding:gzip
Vary:Accept-Encoding
Content-Length:1416
X-Powered-By:PHP/7.1.33
Content-Type:text/html; charset=UTF-8
",3a1762be136f4ca249cad1c42e4d0e1f3d52d4e4da38e3e942e6a4de77c8cc29b1ffa24ecf8941e3b9d6ed5861abea4692952d4ec0664fec1f1c624506bdca6f,200
http://web/,GET,"Accept:text/html,application/xhtml+xml,application/xml;q=0.9,image/avif,image/webp,image/apng,*/*;q=0.8,application/signed-exchange;v=b3;q=0.9
User-Agent:Mozilla/5.0 (X11; Linux x86_64) AppleWebKit/537.36 (KHTML, like Gecko) Chrome/85.0.4183.102 Safari/537.36
Upgrade-Insecure-Requests:1
",cf83e1357eefb8bdf1542850d66d8007d620e4050b5715dc83f4a921d36ce9ce47d0d13c5d85f2b0ff8318d2877eec2f63b931bd47417a81a538327af927da3e,"Keep-Alive:timeout=5, max=25
Server:Apache/2.4.38 (Debian)
Connection:Keep-Alive
Date:Mon, 11 May 2026 21:08:13 GMT
Cache-Control:max-age=0,must-revalidate,private
Content-Encoding:gzip
Vary:Accept-Encoding
Content-Length:1414
X-Powered-By:PHP/7.1.33
Content-Type:text/html; charset=UTF-8
",818165dcbca02c02065e49300041252e500d579cbfad462fb06e6a5ca91cd766f3f073f7e77f70c0b74cf02ca56cef78001b630fcffacdb68170e4e5c8e90292,200
http://web/index.php,GET,"Accept:text/html,application/xhtml+xml,application/xml;q=0.9,image/avif,image/webp,image/apng,*/*;q=0.8,application/signed-exchange;v=b3;q=0.9
User-Agent:Mozilla/5.0 (X11; Linux x86_64) AppleWebKit/537.36 (KHTML, like Gecko) Chrome/85.0.4183.102 Safari/537.36
Upgrade-Insecure-Requests:1
",cf83e1357eefb8bdf1542850d66d8007d620e4050b5715dc83f4a921d36ce9ce47d0d13c5d85f2b0ff8318d2877eec2f63b931bd47417a81a538327af927da3e,"Keep-Alive:timeout=5, max=10
Server:Apache/2.4.38 (Debian)
Connection:Keep-Alive
Date:Mon, 11 May 2026 21:06:05 GMT
Cache-Control:max-age=0,must-revalidate,private
Content-Encoding:gzip
Vary:Accept-Encoding
Content-Length:1416
X-Powered-By:PHP/7.1.33
Content-Type:text/html; charset=UTF-8
",2f58d425c802f62c1956900aaef3957c101ac6b164353da81925705521dd2f57f6b5ec1e8fabc5575fc6cff6e2f0af4e419a5397b21ace6f7e50fa9c53cffd4e,200
http://web/index.php,GET,"Accept:text/html,application/xhtml+xml,application/xml;q=0.9,image/avif,image/webp,image/apng,*/*;q=0.8,application/signed-exchange;v=b3;q=0.9
User-Agent:Mozilla/5.0 (X11; Linux x86_64) AppleWebKit/537.36 (KHTML, like Gecko) Chrome/85.0.4183.102 Safari/537.36
Upgrade-Insecure-Requests:1
",cf83e1357eefb8bdf1542850d66d8007d620e4050b5715dc83f4a921d36ce9ce47d0d13c5d85f2b0ff8318d2877eec2f63b931bd47417a81a538327af927da3e,"Keep-Alive:timeout=5, max=43
Server:Apache/2.4.38 (Debian)
Connection:Keep-Alive
Date:Mon, 11 May 2026 21:07:43 GMT
Cache-Control:max-age=0,must-revalidate,private
Content-Encoding:gzip
Vary:Accept-Encoding
Content-Length:1415
X-Powered-By:PHP/7.1.33
Content-Type:text/html; charset=UTF-8
",fc77376dbcffdcf2591fa6003f496106fb820e12c1357de45ac0ce07db61e15c544a8918b63da05ef8abeb9a97456d702136da970916ef7fc52e8dcb884e6283,200
http://web/?post=.empty,POST,"Origin:http://web
Accept:text/html,application/xhtml+xml,application/xml;q=0.9,image/avif,image/webp,image/apng,*/*;q=0.8,application/signed-exchange;v=b3;q=0.9
User-Agent:Mozilla/5.0 (X11; Linux x86_64) AppleWebKit/537.36 (KHTML, like Gecko) Chrome/85.0.4183.102 Safari/537.36
Referer:http://web/?post=.empty
Upgrade-Insecure-Requests:1
Content-Type:multipart/form-data; boundary=----WebKitFormBoundaryLsmNPBVsKmOZ2IGA
",c6f16480dc6db9d78c207f2bdd9a851894dd585071e6af6836e7280afe5bdd8630dffbcbd8024e1dd495a3fc78f3d5cf8c14532cbe7835004d54fa754dd27e12,"Keep-Alive:timeout=5, max=37
Server:Apache/2.4.38 (Debian)
Connection:Keep-Alive
Date:Mon, 11 May 2026 21:05:21 GMT
Cache-Control:max-age=0,must-revalidate,private
Content-Encoding:gzip
Vary:Accept-Encoding
Content-Length:1415
X-Powered-By:PHP/7.1.33
Content-Type:text/html; charset=UTF-8
",97d79bb188b08cadde4f763f00bda8edb09aef773de0e7b5ba18c19f22f3f2f3ada3c6edd6d4943e4a51d6020f920f389f915d1f59db50b3187507d61a393987,200
http://web/index.php?signin=1&action=new,POST,"Origin:http://web
Accept:text/html,application/xhtml+xml,application/xml;q=0.9,image/avif,image/webp,image/apng,*/*;q=0.8,application/signed-exchange;v=b3;q=0.9
User-Agent:Mozilla/5.0 (X11; Linux x86_64) AppleWebKit/537.36 (KHTML, like Gecko) Chrome/85.0.4183.102 Safari/537.36
Referer:http://web/index.php
Upgrade-Insecure-Requests:1
Content-Type:multipart/form-data; boundary=----WebKitFormBoundaryfvXr07XjBsMAAkdI
",e6cdaeea9f9498d0e8f1da9d4983cb961503531a699b7815a58f010f17be3db11e4ed56cdb8ab040e6e2067b8a83939eecb137ac9dc28c69cdb5e1b9a55722d2,"Keep-Alive:timeout=5, max=70
Server:Apache/2.4.38 (Debian)
Connection:Keep-Alive
Date:Mon, 11 May 2026 21:07:03 GMT
Cache-Control:max-age=0,must-revalidate,private
Content-Encoding:gzip
Vary:Accept-Encoding
Content-Length:1413
X-Powered-By:PHP/7.1.33
Content-Type:text/html; charset=UTF-8
",8287df5d2c3005f4cd765de72210456beb8aa1560b617f573920cf9e378d5348b08e7f14f93b197c5a47943dcf176340e0af69c6579e761186006febd17b5513,200
http://web/,GET,"Accept:text/html,application/xhtml+xml,application/xml;q=0.9,image/avif,image/webp,image/apng,*/*;q=0.8,application/signed-exchange;v=b3;q=0.9
User-Agent:Mozilla/5.0 (X11; Linux x86_64) AppleWebKit/537.36 (KHTML, like Gecko) Chrome/85.0.4183.102 Safari/537.36
Referer:http://web/index.php
Upgrade-Insecure-Requests:1
",cf83e1357eefb8bdf1542850d66d8007d620e4050b5715dc83f4a921d36ce9ce47d0d13c5d85f2b0ff8318d2877eec2f63b931bd47417a81a538327af927da3e,"Keep-Alive:timeout=5, max=97
Server:Apache/2.4.38 (Debian)
Connection:Keep-Alive
Date:Mon, 11 May 2026 21:04:00 GMT
Cache-Control:max-age=0,must-revalidate,private
Content-Encoding:gzip
Vary:Accept-Encoding
Content-Length:1411
X-Powered-By:PHP/7.1.33
Content-Type:text/html; charset=UTF-8
",5a10060c6313e89fef8d516261450236d24492aef774267828f8e3231eb675f90999004823dce096f15096d69c3106ea65b0de9e3589c08ca3b81779864872a8,200
http://web/,GET,"Accept:*/*
User-Agent:Mozilla/5.0 (X11; Linux x86_64) AppleWebKit/537.36 (KHTML, like Gecko) Chrome/85.0.4183.102 Safari/537.36
Referer:http://web/index.php
",cf83e1357eefb8bdf1542850d66d8007d620e4050b5715dc83f4a921d36ce9ce47d0d13c5d85f2b0ff8318d2877eec2f63b931bd47417a81a538327af927da3e,"Server:Apache/2.4.38 (Debian)
Date:Mon, 11 May 2026 21:04:00 GMT
Cache-Control:max-age=0,must-revalidate,private
Content-Encoding:gzip
Vary:Accept-Encoding
Content-Length:1411
X-Powered-By:PHP/7.1.33
Content-Type:text/html; charset=UTF-8
",5a10060c6313e89fef8d516261450236d24492aef774267828f8e3231eb675f90999004823dce096f15096d69c3106ea65b0de9e3589c08ca3b81779864872a8,200
http://web/,GET,"Accept:text/html,application/xhtml+xml,application/xml;q=0.9,image/avif,image/webp,image/apng,*/*;q=0.8,application/signed-exchange;v=b3;q=0.9
User-Agent:Mozilla/5.0 (X11; Linux x86_64) AppleWebKit/537.36 (KHTML, like Gecko) Chrome/85.0.4183.102 Safari/537.36
Upgrade-Insecure-Requests:1
",cf83e1357eefb8bdf1542850d66d8007d620e4050b5715dc83f4a921d36ce9ce47d0d13c5d85f2b0ff8318d2877eec2f63b931bd47417a81a538327af927da3e,"Keep-Alive:timeout=5, max=85
Server:Apache/2.4.38 (Debian)
Connection:Keep-Alive
Date:Mon, 11 May 2026 21:06:43 GMT
Cache-Control:max-age=0,must-revalidate,private
Content-Encoding:gzip
Vary:Accept-Encoding
Content-Length:1415
X-Powered-By:PHP/7.1.33
Content-Type:text/html; charset=UTF-8
",635583ef686198589fa1fa2e73f351d3dbb3ca75f2ee27a216d7c62e044148f9ff7153e69b2cecbc6bdfa0d14b0fc9fe3e568cb3001796c77a4d8df6cb174d53,200
http://web/,GET,"Accept:text/html,application/xhtml+xml,application/xml;q=0.9,image/avif,image/webp,image/apng,*/*;q=0.8,application/signed-exchange;v=b3;q=0.9
User-Agent:Mozilla/5.0 (X11; Linux x86_64) AppleWebKit/537.36 (KHTML, like Gecko) Chrome/85.0.4183.102 Safari/537.36
Referer:http://web/index.php
Upgrade-Insecure-Requests:1
",cf83e1357eefb8bdf1542850d66d8007d620e4050b5715dc83f4a921d36ce9ce47d0d13c5d85f2b0ff8318d2877eec2f63b931bd47417a81a538327af927da3e,"Keep-Alive:timeout=5, max=49
Server:Apache/2.4.38 (Debian)
Connection:Keep-Alive
Date:Mon, 11 May 2026 21:05:06 GMT
Cache-Control:max-age=0,must-revalidate,private
Content-Encoding:gzip
Vary:Accept-Encoding
Content-Length:1415
X-Powered-By:PHP/7.1.33
Content-Type:text/html; charset=UTF-8
",06a0254c8cbe409fc438bd984457be110dbb63a8614b93703a7a62a918458ea9f2e9069d414528fbda55323cb744b265ba278aa5efe5b24552ae2c0fb4b13322,200
http://web/?post=.empty,POST,"Origin:http://web
Accept:text/html,application/xhtml+xml,application/xml;q=0.9,image/avif,image/webp,image/apng,*/*;q=0.8,application/signed-exchange;v=b3;q=0.9
User-Agent:Mozilla/5.0 (X11; Linux x86_64) AppleWebKit/537.36 (KHTML, like Gecko) Chrome/85.0.4183.102 Safari/537.36
Referer:http://web/index.php
Upgrade-Insecure-Requests:1
Content-Type:multipart/form-data; boundary=----WebKitFormBoundaryG2igbmDMbM0Iurv9
",ecacca17ac12234e03b28b1ae6d06dd975d7cff6f077514c768241f06996e6e5253aa09d32cd41ec482db616de702a2ba3dd608b308cc673be9470a49615d47b,"Keep-Alive:timeout=5, max=78
Server:Apache/2.4.38 (Debian)
Connection:Keep-Alive
Date:Mon, 11 May 2026 21:04:26 GMT
Cache-Control:max-age=0,must-revalidate,private
Content-Encoding:gzip
Vary:Accept-Encoding
Content-Length:1415
X-Powered-By:PHP/7.1.33
Content-Type:text/html; charset=UTF-8
",d0c15256cd8d8f1a82b766944d62b64c7acf92e7d2085a620aee246902a144fa03399973c591c3257e0f343217833c97af8eea8bf1c56abea2fc804ffbb2a720,200
http://web/,GET,"Accept:text/html,application/xhtml+xml,application/xml;q=0.9,image/avif,image/webp,image/apng,*/*;q=0.8,application/signed-exchange;v=b3;q=0.9
User-Agent:Mozilla/5.0 (X11; Linux x86_64) AppleWebKit/537.36 (KHTML, like Gecko) Chrome/85.0.4183.102 Safari/537.36
Referer:http://web/users.php?t=pc
Upgrade-Insecure-Requests:1
",cf83e1357eefb8bdf1542850d66d8007d620e4050b5715dc83f4a921d36ce9ce47d0d13c5d85f2b0ff8318d2877eec2f63b931bd47417a81a538327af927da3e,"Keep-Alive:timeout=5, max=94
Server:Apache/2.4.38 (Debian)
Connection:Keep-Alive
Date:Mon, 11 May 2026 21:04:03 GMT
Cache-Control:max-age=0,must-revalidate,private
Content-Encoding:gzip
Vary:Accept-Encoding
Content-Length:1414
X-Powered-By:PHP/7.1.33
Content-Type:text/html; charset=UTF-8
",0e3b3687c8891b774db0558a75eecdff1aef0c96fcca56ad6ad7c1019a74452c861f296c0f47b90f1a5eeb0702b7485a16844d5d8bb1051bc5acff2570905885,200
http://web/,GET,"Accept:text/html,application/xhtml+xml,application/xml;q=0.9,image/avif,image/webp,image/apng,*/*;q=0.8,application/signed-exchange;v=b3;q=0.9
User-Agent:Mozilla/5.0 (X11; Linux x86_64) AppleWebKit/537.36 (KHTML, like Gecko) Chrome/85.0.4183.102 Safari/537.36
Referer:http://web/index.php
Upgrade-Insecure-Requests:1
",cf83e1357eefb8bdf1542850d66d8007d620e4050b5715dc83f4a921d36ce9ce47d0d13c5d85f2b0ff8318d2877eec2f63b931bd47417a81a538327af927da3e,"Keep-Alive:timeout=5, max=69
Server:Apache/2.4.38 (Debian)
Connection:Keep-Alive
Date:Mon, 11 May 2026 21:04:39 GMT
Cache-Control:max-age=0,must-revalidate,private
Content-Encoding:gzip
Vary:Accept-Encoding
Content-Length:1416
X-Powered-By:PHP/7.1.33
Content-Type:text/html; charset=UTF-8
",9504550e6b41ac79d816cf0e32dd02ab717e367edac89424a78a35ea2e5a34ebcbc05d7893d1f3609651a291a272dd1630688ce6fbbb66c06004b8d409ff5749,200
http://web/index.php?signin=1&action=new,POST,"Origin:http://web
Accept:text/html,application/xhtml+xml,application/xml;q=0.9,image/avif,image/webp,image/apng,*/*;q=0.8,application/signed-exchange;v=b3;q=0.9
User-Agent:Mozilla/5.0 (X11; Linux x86_64) AppleWebKit/537.36 (KHTML, like Gecko) Chrome/85.0.4183.102 Safari/537.36
Referer:http://web/index.php
Upgrade-Insecure-Requests:1
Content-Type:multipart/form-data; boundary=----WebKitFormBoundaryn4NHEMfYt0bohvRR
",bfc1f5a410d48501e7e2976a9488c9a3c9eddd825c05cdb38f14cfef75997cb25d023767fdd50618db79561f32c575dc52521e30bb27dca89c55d2795ccc781c,"Keep-Alive:timeout=5, max=42
Server:Apache/2.4.38 (Debian)
Connection:Keep-Alive
Date:Mon, 11 May 2026 21:07:45 GMT
Cache-Control:max-age=0,must-revalidate,private
Content-Encoding:gzip
Vary:Accept-Encoding
Content-Length:1415
X-Powered-By:PHP/7.1.33
Content-Type:text/html; charset=UTF-8
",56df3f3548512eec44b78678198e0cb2667a43b79d0239ac4a15f58c9932b0b2e968fc045539cf0cf867a0eaf7fb562ecf157df59585918892918dbb9dee8d55,200
http://web/,GET,"Accept:text/html,application/xhtml+xml,application/xml;q=0.9,image/avif,image/webp,image/apng,*/*;q=0.8,application/signed-exchange;v=b3;q=0.9
User-Agent:Mozilla/5.0 (X11; Linux x86_64) AppleWebKit/537.36 (KHTML, like Gecko) Chrome/85.0.4183.102 Safari/537.36
Upgrade-Insecure-Requests:1
",cf83e1357eefb8bdf1542850d66d8007d620e4050b5715dc83f4a921d36ce9ce47d0d13c5d85f2b0ff8318d2877eec2f63b931bd47417a81a538327af927da3e,"Keep-Alive:timeout=5, max=32
Server:Apache/2.4.38 (Debian)
Connection:Keep-Alive
Date:Mon, 11 May 2026 21:05:29 GMT
Cache-Control:max-age=0,must-revalidate,private
Content-Encoding:gzip
Vary:Accept-Encoding
Content-Length:1415
X-Powered-By:PHP/7.1.33
Content-Type:text/html; charset=UTF-8
",6a7d59e17892f6f50ab35908bdf3d6045369f7d5c8a3f986955aeb5861b3c4a5b144599b9047936f1656135c537659b910dbccf72f1bdf6d5ace8c7d5f60160d,200
http://web/index.php?signin=1&action=forgot,POST,"Origin:http://web
Accept:text/html,application/xhtml+xml,application/xml;q=0.9,image/avif,image/webp,image/apng,*/*;q=0.8,application/signed-exchange;v=b3;q=0.9
User-Agent:Mozilla/5.0 (X11; Linux x86_64) AppleWebKit/537.36 (KHTML, like Gecko) Chrome/85.0.4183.102 Safari/537.36
Referer:http://web/index.php
Upgrade-Insecure-Requests:1
Content-Type:multipart/form-data; boundary=----WebKitFormBoundaryz6uK1IBLvozXmoo3
",5009de5a14693f6ddf66b6d95dad5ce5bcf1b8e8135fc9a0f6d935da96c71b009e7a4e2a4edd4fd2b44d4a83f2877af27f6687c94893b1ce4b87548f062a13d0,"Keep-Alive:timeout=5, max=61
Server:Apache/2.4.38 (Debian)
Connection:Keep-Alive
Date:Mon, 11 May 2026 21:07:14 GMT
Cache-Control:max-age=0,must-revalidate,private
Content-Encoding:gzip
Vary:Accept-Encoding
Content-Length:1414
X-Powered-By:PHP/7.1.33
Content-Type:text/html; charset=UTF-8
",3089167f51aef3f1529f28714e0cc532990649a125539c8daea3242211dfc17b6a6987e76f0d02c99420424583e9677ba86b350d06da572ecaa859bd0ef8bf5d,200
http://web/users.php?t=pc,GET,"Accept:text/html,application/xhtml+xml,application/xml;q=0.9,image/avif,image/webp,image/apng,*/*;q=0.8,application/signed-exchange;v=b3;q=0.9
User-Agent:Mozilla/5.0 (X11; Linux x86_64) AppleWebKit/537.36 (KHTML, like Gecko) Chrome/85.0.4183.102 Safari/537.36
Referer:http://web/index.php
Upgrade-Insecure-Requests:1
",cf83e1357eefb8bdf1542850d66d8007d620e4050b5715dc83f4a921d36ce9ce47d0d13c5d85f2b0ff8318d2877eec2f63b931bd47417a81a538327af927da3e,"Keep-Alive:timeout=5, max=84
Server:Apache/2.4.38 (Debian)
Connection:Keep-Alive
Date:Mon, 11 May 2026 21:04:17 GMT
Cache-Control:max-age=0,must-revalidate,private
Content-Encoding:gzip
Vary:Accept-Encoding
Content-Length:1379
X-Powered-By:PHP/7.1.33
Content-Type:text/html; charset=UTF-8
",a8fba30e252c5085a2ff0bc1d0a691bdac3211e67d283d7f2786cf8f5eb96dc22c5b800d09525d173b1473eb23aa3c0a836d7b6c1107950a84c15828bae33496,200
http://web/,GET,"Accept:text/html,application/xhtml+xml,application/xml;q=0.9,image/avif,image/webp,image/apng,*/*;q=0.8,application/signed-exchange;v=b3;q=0.9
User-Agent:Mozilla/5.0 (X11; Linux x86_64) AppleWebKit/537.36 (KHTML, like Gecko) Chrome/85.0.4183.102 Safari/537.36
Upgrade-Insecure-Requests:1
",cf83e1357eefb8bdf1542850d66d8007d620e4050b5715dc83f4a921d36ce9ce47d0d13c5d85f2b0ff8318d2877eec2f63b931bd47417a81a538327af927da3e,"Keep-Alive:timeout=5, max=69
Server:Apache/2.4.38 (Debian)
Connection:Keep-Alive
Date:Mon, 11 May 2026 21:07:06 GMT
Cache-Control:max-age=0,must-revalidate,private
Content-Encoding:gzip
Vary:Accept-Encoding
Content-Length:1415
X-Powered-By:PHP/7.1.33
Content-Type:text/html; charset=UTF-8
",fd4b28f5b44422877f2eb2f31ca44d00865054dc0b4eedd029aad1e284723a591014a03e1a3d6538cb0ec7a413ec920dfc8f0ead87efe723f8bf5852319e5ea0,200
http://web/index.php?signin=1&action=new,POST,"Origin:http://web
Accept:text/html,application/xhtml+xml,application/xml;q=0.9,image/avif,image/webp,image/apng,*/*;q=0.8,application/signed-exchange;v=b3;q=0.9
User-Agent:Mozilla/5.0 (X11; Linux x86_64) AppleWebKit/537.36 (KHTML, like Gecko) Chrome/85.0.4183.102 Safari/537.36
Referer:http://web/index.php
Upgrade-Insecure-Requests:1
Content-Type:multipart/form-data; boundary=----WebKitFormBoundary1746cu5zlvWWsF3x
",85d239d45b219394f95bdc1f34664d7c2849e167006131a510bb1ded41efbf139fe07529e69373d3e2ded754b6d5f5b1bdd8d999de78d6acd51cbbde094b50ab,"Keep-Alive:timeout=5, max=67
Server:Apache/2.4.38 (Debian)
Connection:Keep-Alive
Date:Mon, 11 May 2026 21:07:08 GMT
Cache-Control:max-age=0,must-revalidate,private
Content-Encoding:gzip
Vary:Accept-Encoding
Content-Length:1415
X-Powered-By:PHP/7.1.33
Content-Type:text/html; charset=UTF-8
",a0833c258f6d5515910192a42f955ee823f5d2995e6ae5a9cfb9f116e26bb578418eb48c250fb189193f8171abc5bb83e556a5e62726c84ab8da8ff66d036142,200
http://web/users.php?t=pc,GET,"Accept:text/html,application/xhtml+xml,application/xml;q=0.9,image/avif,image/webp,image/apng,*/*;q=0.8,application/signed-exchange;v=b3;q=0.9
User-Agent:Mozilla/5.0 (X11; Linux x86_64) AppleWebKit/537.36 (KHTML, like Gecko) Chrome/85.0.4183.102 Safari/537.36
Upgrade-Insecure-Requests:1
",cf83e1357eefb8bdf1542850d66d8007d620e4050b5715dc83f4a921d36ce9ce47d0d13c5d85f2b0ff8318d2877eec2f63b931bd47417a81a538327af927da3e,"Keep-Alive:timeout=5, max=11
Server:Apache/2.4.38 (Debian)
Connection:Keep-Alive
Date:Mon, 11 May 2026 21:06:04 GMT
Cache-Control:max-age=0,must-revalidate,private
Content-Encoding:gzip
Vary:Accept-Encoding
Content-Length:1378
X-Powered-By:PHP/7.1.33
Content-Type:text/html; charset=UTF-8
",db160ca4f2e4806e141bfc678efaf14976e18bee57e1e05fc5189de1f38c0ffa563fa1694d916911c032d8d2a61667427f176fc44ac1ce1bba61adc5a6a112e8,200
http://web/,GET,"Accept:text/html,application/xhtml+xml,application/xml;q=0.9,image/avif,image/webp,image/apng,*/*;q=0.8,application/signed-exchange;v=b3;q=0.9
User-Agent:Mozilla/5.0 (X11; Linux x86_64) AppleWebKit/537.36 (KHTML, like Gecko) Chrome/85.0.4183.102 Safari/537.36
Upgrade-Insecure-Requests:1
",cf83e1357eefb8bdf1542850d66d8007d620e4050b5715dc83f4a921d36ce9ce47d0d13c5d85f2b0ff8318d2877eec2f63b931bd47417a81a538327af927da3e,"Keep-Alive:timeout=5, max=38
Server:Apache/2.4.38 (Debian)
Connection:Keep-Alive
Date:Mon, 11 May 2026 21:07:52 GMT
Cache-Control:max-age=0,must-revalidate,private
Content-Encoding:gzip
Vary:Accept-Encoding
Content-Length:1416
X-Powered-By:PHP/7.1.33
Content-Type:text/html; charset=UTF-8
",2b49451b47dae88f996f1fa66c3f15282e081fc7d707fcdf427e1806696272ad414c39d816a76f0322fda238fc67861c2b380a2bfe12e702241885f775a93d82,200
http://web/index.php,GET,"Accept:text/html,application/xhtml+xml,application/xml;q=0.9,image/avif,image/webp,image/apng,*/*;q=0.8,application/signed-exchange;v=b3;q=0.9
User-Agent:Mozilla/5.0 (X11; Linux x86_64) AppleWebKit/537.36 (KHTML, like Gecko) Chrome/85.0.4183.102 Safari/537.36
Upgrade-Insecure-Requests:1
",cf83e1357eefb8bdf1542850d66d8007d620e4050b5715dc83f4a921d36ce9ce47d0d13c5d85f2b0ff8318d2877eec2f63b931bd47417a81a538327af927da3e,"Keep-Alive:timeout=5, max=56
Server:Apache/2.4.38 (Debian)
Connection:Keep-Alive
Date:Mon, 11 May 2026 21:07:22 GMT
Cache-Control:max-age=0,must-revalidate,private
Content-Encoding:gzip
Vary:Accept-Encoding
Content-Length:1414
X-Powered-By:PHP/7.1.33
Content-Type:text/html; charset=UTF-8
",b519609f00e56779da725c8c7d7cfdfee4e1da480f1c40d7c7b3aa2e3f5d488111510aa28e02d8d5bf0bcd81ab95ae8bf1b0aa22ab0cdb5cdcce1d25268b2ed9,200
http://web/,GET,"Accept:text/html,application/xhtml+xml,application/xml;q=0.9,image/avif,image/webp,image/apng,*/*;q=0.8,application/signed-exchange;v=b3;q=0.9
User-Agent:Mozilla/5.0 (X11; Linux x86_64) AppleWebKit/537.36 (KHTML, like Gecko) Chrome/85.0.4183.102 Safari/537.36
Referer:http://web/index.php
Upgrade-Insecure-Requests:1
",cf83e1357eefb8bdf1542850d66d8007d620e4050b5715dc83f4a921d36ce9ce47d0d13c5d85f2b0ff8318d2877eec2f63b931bd47417a81a538327af927da3e,"Keep-Alive:timeout=5, max=57
Server:Apache/2.4.38 (Debian)
Connection:Keep-Alive
Date:Mon, 11 May 2026 21:04:54 GMT
Cache-Control:max-age=0,must-revalidate,private
Content-Encoding:gzip
Vary:Accept-Encoding
Content-Length:1416
X-Powered-By:PHP/7.1.33
Content-Type:text/html; charset=UTF-8
",109fa228092c0ca0fd8e36b044c987d53e950bc2878c2f10847238852211555f17a8746270cb8a923fd4fe69733e97d612adab2b60d74bad8bfcf304e8ff22ec,200
