url,method,req_headers,req_hash,resp_headers,resp_hash,status
http://web/media/system/js/punycode.js?0fbacbbcd2ffda475076daa7d8d1373f,GET,"Cookie:9d4bb4a09f511681369671a08beff228=e1cd05c0536e110d3896145117f19b57
Accept:*/*
User-Agent:Mozilla/5.0 (X11; Linux x86_64) AppleWebKit/537.36 (KHTML, like Gecko) Chrome/85.0.4183.102 Safari/537.36
Referer:http://web/installation/index.php
",cf83e1357eefb8bdf1542850d66d8007d620e4050b5715dc83f4a921d36ce9ce47d0d13c5d85f2b0ff8318d2877eec2f63b931bd47417a81a538327af927da3e,"Keep-Alive:timeout=5, max=100
Server:Apache/2.4.25 (Debian)
Connection:Keep-Alive
Last-Modified:Mon, 06 May 2019 20:34:16 GMT
Date:Mon, 11 May 2026 22:15:02 GMT
Accept-Ranges:bytes
ETag:""b0c-5883e06252200-gzip""
Content-Encoding:gzip
Vary:Accept-Encoding
Content-Length:1522
Content-Type:application/javascript
",95d6c4af80c4ac32ee784fcc1f4502ddc0bf0cc0cd190e7a00ed36648aafb419c150f0f85adf5a29e88a85e36f639a209a8b4e9a158300a1f522b3a8dae4f640,200
http://web/media/jui/css/bootstrap-extended.css?28bdf9aa17138f961389d908dc5c3cbe,GET,"Cookie:9d4bb4a09f511681369671a08beff228=e1cd05c0536e110d3896145117f19b57
Accept:text/css,*/*;q=0.1
User-Agent:Mozilla/5.0 (X11; Linux x86_64) AppleWebKit/537.36 (KHTML, like Gecko) Chrome/85.0.4183.102 Safari/537.36
Referer:http://web/installation/index.php
",cf83e1357eefb8bdf1542850d66d8007d620e4050b5715dc83f4a921d36ce9ce47d0d13c5d85f2b0ff8318d2877eec2f63b931bd47417a81a538327af927da3e,"Server:Apache/2.4.25 (Debian)
Last-Modified:Mon, 06 May 2019 20:34:16 GMT
Date:Mon, 11 May 2026 22:41:07 GMT
Accept-Ranges:bytes
ETag:""2386-5883e06252200-gzip""
Content-Encoding:gzip
Vary:Accept-Encoding
Content-Length:2217
Content-Type:text/css
",f9172062f164f5d88a28d10b09e77fa1e668489523273ee187185bf6e2a73a2fbd3cdc9665ada844856099b9490c4a61835555c96934888d1eb9a9620f36a38c,200
http://web/media/jui/css/bootstrap-responsive.min.css?68be82d891257286afd40aa6194cd899,GET,"Cookie:9d4bb4a09f511681369671a08beff228=e1cd05c0536e110d3896145117f19b57
Accept:text/css,*/*;q=0.1
User-Agent:Mozilla/5.0 (X11; Linux x86_64) AppleWebKit/537.36 (KHTML, like Gecko) Chrome/85.0.4183.102 Safari/537.36
Referer:http://web/installation/index.php
",cf83e1357eefb8bdf1542850d66d8007d620e4050b5715dc83f4a921d36ce9ce47d0d13c5d85f2b0ff8318d2877eec2f63b931bd47417a81a538327af927da3e,"Server:Apache/2.4.25 (Debian)
Last-Modified:Mon, 06 May 2019 20:34:16 GMT
Date:Mon, 11 May 2026 22:42:02 GMT
Accept-Ranges:bytes
ETag:""4135-5883e06252200-gzip""
Content-Encoding:gzip
Vary:Accept-Encoding
Content-Length:3947
Content-Type:text/css
",25c42bb76fe0a571ae6412ba205f473b1dcab20add2358a16f74537bd4dbd4255f199961f3c5dae9ee07c9991df2413d9cb2e896361bc153e7988b1416753e11,200
http://web/media/system/js/validate.js?59f35d200ba4bc3985c6a416f91ef038,GET,"Cookie:9d4bb4a09f511681369671a08beff228=e1cd05c0536e110d3896145117f19b57
Accept:*/*
User-Agent:Mozilla/5.0 (X11; Linux x86_64) AppleWebKit/537.36 (KHTML, like Gecko) Chrome/85.0.4183.102 Safari/537.36
Referer:http://web/installation/index.php
",cf83e1357eefb8bdf1542850d66d8007d620e4050b5715dc83f4a921d36ce9ce47d0d13c5d85f2b0ff8318d2877eec2f63b931bd47417a81a538327af927da3e,"Keep-Alive:timeout=5, max=98
Server:Apache/2.4.25 (Debian)
Connection:Keep-Alive
Last-Modified:Mon, 06 May 2019 20:34:16 GMT
Date:Mon, 11 May 2026 22:31:05 GMT
Accept-Ranges:bytes
ETag:""c2e-5883e06252200-gzip""
Content-Encoding:gzip
Vary:Accept-Encoding
Content-Length:1369
Content-Type:application/javascript
",ad1cd5392f1a34be74ef5c102d2dc356123b89fe8610d9bcc1946f3906374b604b9d9947dbe732a69833a64f3707a4381b85b2f0d8ab6261aa50795ca836baf6,200
http://web/installation/index.php,GET,"Cookie:9d4bb4a09f511681369671a08beff228=e1cd05c0536e110d3896145117f19b57
Accept:text/html,application/xhtml+xml,application/xml;q=0.9,image/avif,image/webp,image/apng,*/*;q=0.8,application/signed-exchange;v=b3;q=0.9
User-Agent:Mozilla/5.0 (X11; Linux x86_64) AppleWebKit/537.36 (KHTML, like Gecko) Chrome/85.0.4183.102 Safari/537.36
Upgrade-Insecure-Requests:1
",cf83e1357eefb8bdf1542850d66d8007d620e4050b5715dc83f4a921d36ce9ce47d0d13c5d85f2b0ff8318d2877eec2f63b931bd47417a81a538327af927da3e,"Keep-Alive:timeout=5, max=71
Server:Apache/2.4.25 (Debian)
Connection:Keep-Alive
Last-Modified:Mon, 11 May 2026 22:14:53 GMT
Pragma:no-cache
Date:Mon, 11 May 2026 22:14:53 GMT
Cache-Control:no-store, no-cache, must-revalidate, post-check=0, pre-check=0
Content-Encoding:gzip
Vary:Accept-Encoding
Expires:Wed, 17 Aug 2005 00:00:00 GMT
Content-Length:4824
X-Powered-By:PHP/7.1.29
Content-Type:text/html; charset=utf-8
",a17b1ba0344306f1d4425beb54fa090b444015a13b42245b8f75496207f32a83e9d9b7125b3450f2896afb385fbf5df4cf96c17fca0dc069be12aa0d8dfc300c,200
http://web/media/jui/js/jquery-noconflict.js?0fbacbbcd2ffda475076daa7d8d1373f,GET,"Cookie:9d4bb4a09f511681369671a08beff228=e1cd05c0536e110d3896145117f19b57
Accept:*/*
User-Agent:Mozilla/5.0 (X11; Linux x86_64) AppleWebKit/537.36 (KHTML, like Gecko) Chrome/85.0.4183.102 Safari/537.36
Referer:http://web/installation/index.php
",cf83e1357eefb8bdf1542850d66d8007d620e4050b5715dc83f4a921d36ce9ce47d0d13c5d85f2b0ff8318d2877eec2f63b931bd47417a81a538327af927da3e,"Keep-Alive:timeout=5, max=99
Server:Apache/2.4.25 (Debian)
Connection:Keep-Alive
Last-Modified:Mon, 06 May 2019 20:34:16 GMT
Date:Mon, 11 May 2026 22:15:02 GMT
Accept-Ranges:bytes
ETag:""15-5883e06252200""
Content-Length:21
Content-Type:application/javascript
",dcc2117e42859d51017047b468a99f65d74d45ac2e86ae1cc5605e39041ff2164e562756d93a89fa1f71cbd331f958b351c5afe952a47a560120e080d63bd623,200
http://web/,GET,"Cookie:9d4bb4a09f511681369671a08beff228=e1cd05c0536e110d3896145117f19b57
Accept:text/html,application/xhtml+xml,application/xml;q=0.9,image/avif,image/webp,image/apng,*/*;q=0.8,application/signed-exchange;v=b3;q=0.9
User-Agent:Mozilla/5.0 (X11; Linux x86_64) AppleWebKit/537.36 (KHTML, like Gecko) Chrome/85.0.4183.102 Safari/537.36
Upgrade-Insecure-Requests:1
",cf83e1357eefb8bdf1542850d66d8007d620e4050b5715dc83f4a921d36ce9ce47d0d13c5d85f2b0ff8318d2877eec2f63b931bd47417a81a538327af927da3e,"Keep-Alive:timeout=5, max=100
Server:Apache/2.4.25 (Debian)
Connection:Keep-Alive
Date:Mon, 11 May 2026 22:36:08 GMT
Content-Length:52
X-Powered-By:PHP/7.1.29
Location:installation/index.php
Content-Type:text/html; charset=UTF-8
",cf83e1357eefb8bdf1542850d66d8007d620e4050b5715dc83f4a921d36ce9ce47d0d13c5d85f2b0ff8318d2877eec2f63b931bd47417a81a538327af927da3e,302
http://web/installation/index.php,POST,"Origin:http://web
Cookie:9d4bb4a09f511681369671a08beff228=e1cd05c0536e110d3896145117f19b57
Accept:application/json, text/javascript, */*; q=0.01
X-Requested-With:XMLHttpRequest
User-Agent:Mozilla/5.0 (X11; Linux x86_64) AppleWebKit/537.36 (KHTML, like Gecko) Chrome/85.0.4183.102 Safari/537.36
Referer:http://web/installation/index.php
Content-Type:application/x-www-form-urlencoded; charset=UTF-8
",4b9f3fb9297a592c2117ba06601eaffb69116e62bc8b8aa515cd4497f8f9da4234836941de5effeea4d94b41fee82739edf3da5a6d7811780924f97b3c4bf8a8,"Keep-Alive:timeout=5, max=90
Server:Apache/2.4.25 (Debian)
Connection:Keep-Alive
Last-Modified:Mon, 11 May 2026 22:41:15 GMT
Pragma:no-cache
Date:Mon, 11 May 2026 22:41:15 GMT
Cache-Control:no-store, no-cache, must-revalidate, post-check=0, pre-check=0
Content-Encoding:gzip
Vary:Accept-Encoding
Expires:Wed, 17 Aug 2005 00:00:00 GMT
Content-Length:4827
X-Powered-By:PHP/7.1.29
Content-Type:text/html; charset=utf-8
",22635feef7722e1e7728cf67a23965776b146cff47c24110a52079b888ccccedcf2281bf57a9149030963b1fbd08728df22f57c57504dfe86d4fa5ea3e062527,200
http://web/installation/index.php?tmpl=body&view=site,GET,"Cookie:9d4bb4a09f511681369671a08beff228=e1cd05c0536e110d3896145117f19b57
Accept:text/html, */*; q=0.01
X-Requested-With:XMLHttpRequest
User-Agent:Mozilla/5.0 (X11; Linux x86_64) AppleWebKit/537.36 (KHTML, like Gecko) Chrome/85.0.4183.102 Safari/537.36
Referer:http://web/installation/index.php
",cf83e1357eefb8bdf1542850d66d8007d620e4050b5715dc83f4a921d36ce9ce47d0d13c5d85f2b0ff8318d2877eec2f63b931bd47417a81a538327af927da3e,"Keep-Alive:timeout=5, max=41
Server:Apache/2.4.25 (Debian)
Connection:Keep-Alive
Last-Modified:Mon, 11 May 2026 22:15:19 GMT
Pragma:no-cache
Date:Mon, 11 May 2026 22:15:19 GMT
Cache-Control:no-store, no-cache, must-revalidate, post-check=0, pre-check=0
Content-Encoding:gzip
Vary:Accept-Encoding
Expires:Wed, 17 Aug 2005 00:00:00 GMT
Content-Length:3244
X-Powered-By:PHP/7.1.29
Content-Type:text/html; charset=utf-8
",d4d7fdf23e713226c1828db77027543ff193e85547188f5c90aa146b43911f8e7ad06707f0cca5a0a547f34e474951b2ce9698b41054de74a4614042968f502f,200
http://web/,GET,"Cookie:9d4bb4a09f511681369671a08beff228=e1cd05c0536e110d3896145117f19b57
Accept:text/html,application/xhtml+xml,application/xml;q=0.9,image/avif,image/webp,image/apng,*/*;q=0.8,application/signed-exchange;v=b3;q=0.9
User-Agent:Mozilla/5.0 (X11; Linux x86_64) AppleWebKit/537.36 (KHTML, like Gecko) Chrome/85.0.4183.102 Safari/537.36
Upgrade-Insecure-Requests:1
",cf83e1357eefb8bdf1542850d66d8007d620e4050b5715dc83f4a921d36ce9ce47d0d13c5d85f2b0ff8318d2877eec2f63b931bd47417a81a538327af927da3e,"Keep-Alive:timeout=5, max=49
Server:Apache/2.4.25 (Debian)
Connection:Keep-Alive
Date:Mon, 11 May 2026 22:15:11 GMT
Content-Length:52
X-Powered-By:PHP/7.1.29
Location:installation/index.php
Content-Type:text/html; charset=UTF-8
",cf83e1357eefb8bdf1542850d66d8007d620e4050b5715dc83f4a921d36ce9ce47d0d13c5d85f2b0ff8318d2877eec2f63b931bd47417a81a538327af927da3e,302
http://web/installation/index.php,GET,"Cookie:9d4bb4a09f511681369671a08beff228=e1cd05c0536e110d3896145117f19b57
Accept:text/html,application/xhtml+xml,application/xml;q=0.9,image/avif,image/webp,image/apng,*/*;q=0.8,application/signed-exchange;v=b3;q=0.9
User-Agent:Mozilla/5.0 (X11; Linux x86_64) AppleWebKit/537.36 (KHTML, like Gecko) Chrome/85.0.4183.102 Safari/537.36
Upgrade-Insecure-Requests:1
",cf83e1357eefb8bdf1542850d66d8007d620e4050b5715dc83f4a921d36ce9ce47d0d13c5d85f2b0ff8318d2877eec2f63b931bd47417a81a538327af927da3e,"Keep-Alive:timeout=5, max=48
Server:Apache/2.4.25 (Debian)
Connection:Keep-Alive
Last-Modified:Mon, 11 May 2026 22:15:11 GMT
Pragma:no-cache
Date:Mon, 11 May 2026 22:15:11 GMT
Cache-Control:no-store, no-cache, must-revalidate, post-check=0, pre-check=0
Content-Encoding:gzip
Vary:Accept-Encoding
Expires:Wed, 17 Aug 2005 00:00:00 GMT
Content-Length:4827
X-Powered-By:PHP/7.1.29
Content-Type:text/html; charset=utf-8
",12e5d97381a429fb2446456abf16498157d74d51527277eda94953c9074563764a8cabef50db0c885bf613b3d1d678dc3e96efb918a120336dac0c6d3adba507,200
http://web/installation/index.php,POST,"Origin:http://web
Cookie:9d4bb4a09f511681369671a08beff228=e1cd05c0536e110d3896145117f19b57
Accept:application/json, text/javascript, */*; q=0.01
X-Requested-With:XMLHttpRequest
User-Agent:Mozilla/5.0 (X11; Linux x86_64) AppleWebKit/537.36 (KHTML, like Gecko) Chrome/85.0.4183.102 Safari/537.36
Referer:http://web/installation/index.php
Content-Type:application/x-www-form-urlencoded; charset=UTF-8
",b0d99e1d76784ddbb46460d47d41196cbbce31a9ab04acd662a6b12a0bab79b80f4883f8665077e3b9ca2af089a0a69444c2e90253927f1113bdac071d4f31ca,"Keep-Alive:timeout=5, max=6
Server:Apache/2.4.25 (Debian)
Connection:Keep-Alive
Last-Modified:Mon, 11 May 2026 22:30:48 GMT
Pragma:no-cache
Date:Mon, 11 May 2026 22:30:48 GMT
Cache-Control:no-store, no-cache, must-revalidate, post-check=0, pre-check=0
Content-Encoding:gzip
Vary:Accept-Encoding
Expires:Wed, 17 Aug 2005 00:00:00 GMT
Content-Length:4829
X-Powered-By:PHP/7.1.29
Content-Type:text/html; charset=utf-8
",e7fddd173a104a26672352dfd2f39d2c989ddfa4177a82fba3ea96dffe1e0eef3233d9971d1c0ed83cb3fa47c8380a477a093548facab81037d7630e737dea61,200
http://web/installation/template/images/joomla.png,GET,"Cookie:9d4bb4a09f511681369671a08beff228=e1cd05c0536e110d3896145117f19b57
Accept:image/avif,image/webp,image/apng,image/*,*/*;q=0.8
User-Agent:Mozilla/5.0 (X11; Linux x86_64) AppleWebKit/537.36 (KHTML, like Gecko) Chrome/85.0.4183.102 Safari/537.36
Referer:http://web/installation/index.php
",cf83e1357eefb8bdf1542850d66d8007d620e4050b5715dc83f4a921d36ce9ce47d0d13c5d85f2b0ff8318d2877eec2f63b931bd47417a81a538327af927da3e,"Keep-Alive:timeout=5, max=95
Server:Apache/2.4.25 (Debian)
Connection:Keep-Alive
Last-Modified:Mon, 06 May 2019 20:34:16 GMT
Date:Mon, 11 May 2026 22:14:21 GMT
Accept-Ranges:bytes
ETag:""2373-5883e06252200""
Content-Length:9075
Content-Type:image/png
",87b5379b35edc2bbd35b093c6bb9df6aac7b0843379fcc4ab9ad865e373a6e2627df76249341d4b19f9c201ea0a69cc51e6d1252239a47e9968db6238d24ef2b,200
http://web/media/jui/js/bootstrap.min.js?0fbacbbcd2ffda475076daa7d8d1373f,GET,"Cookie:9d4bb4a09f511681369671a08beff228=e1cd05c0536e110d3896145117f19b57
Accept:*/*
User-Agent:Mozilla/5.0 (X11; Linux x86_64) AppleWebKit/537.36 (KHTML, like Gecko) Chrome/85.0.4183.102 Safari/537.36
Referer:http://web/installation/index.php
",cf83e1357eefb8bdf1542850d66d8007d620e4050b5715dc83f4a921d36ce9ce47d0d13c5d85f2b0ff8318d2877eec2f63b931bd47417a81a538327af927da3e,"Keep-Alive:timeout=5, max=99
Server:Apache/2.4.25 (Debian)
Connection:Keep-Alive
Last-Modified:Mon, 06 May 2019 20:34:16 GMT
Date:Mon, 11 May 2026 22:15:02 GMT
Accept-Ranges:bytes
ETag:""71c6-5883e06252200-gzip""
Content-Encoding:gzip
Vary:Accept-Encoding
Content-Length:7747
Content-Type:application/javascript
",6e8c4c30f5b7f6b25309763f5442f50cc427f846955fbdb700f84354961a26adee892ec8b923d3e0284eda5bf49879ba7776cc50d38315ac5adb4ce38d9bf173,200
http://web/media/system/js/core.js?72f2362f0d5d36c85ec842267bdd70d2,GET,"Cookie:9d4bb4a09f511681369671a08beff228=e1cd05c0536e110d3896145117f19b57
Accept:*/*
User-Agent:Mozilla/5.0 (X11; Linux x86_64) AppleWebKit/537.36 (KHTML, like Gecko) Chrome/85.0.4183.102 Safari/537.36
Referer:http://web/installation/index.php
",cf83e1357eefb8bdf1542850d66d8007d620e4050b5715dc83f4a921d36ce9ce47d0d13c5d85f2b0ff8318d2877eec2f63b931bd47417a81a538327af927da3e,"Keep-Alive:timeout=5, max=100
Server:Apache/2.4.25 (Debian)
Connection:Keep-Alive
Last-Modified:Mon, 06 May 2019 20:34:16 GMT
Date:Mon, 11 May 2026 22:35:59 GMT
Accept-Ranges:bytes
ETag:""2268-5883e06252200-gzip""
Content-Encoding:gzip
Vary:Accept-Encoding
Content-Length:3367
Content-Type:application/javascript
",44c15f0837480cf8997584be8c62f5198a53b4b8d0561158102e1489884f7bb7d8741062085acd46ca4451cbd3d0a9657366615789d457329b709eff24c1398d,200
http://web/,GET,"Cookie:9d4bb4a09f511681369671a08beff228=e1cd05c0536e110d3896145117f19b57
Accept:text/html,application/xhtml+xml,application/xml;q=0.9,image/avif,image/webp,image/apng,*/*;q=0.8,application/signed-exchange;v=b3;q=0.9
User-Agent:Mozilla/5.0 (X11; Linux x86_64) AppleWebKit/537.36 (KHTML, like Gecko) Chrome/85.0.4183.102 Safari/537.36
Upgrade-Insecure-Requests:1
",cf83e1357eefb8bdf1542850d66d8007d620e4050b5715dc83f4a921d36ce9ce47d0d13c5d85f2b0ff8318d2877eec2f63b931bd47417a81a538327af927da3e,"Keep-Alive:timeout=5, max=94
Server:Apache/2.4.25 (Debian)
Connection:Keep-Alive
Date:Mon, 11 May 2026 22:14:35 GMT
Content-Length:52
X-Powered-By:PHP/7.1.29
Location:installation/index.php
Content-Type:text/html; charset=UTF-8
",cf83e1357eefb8bdf1542850d66d8007d620e4050b5715dc83f4a921d36ce9ce47d0d13c5d85f2b0ff8318d2877eec2f63b931bd47417a81a538327af927da3e,302
http://web/installation/template/js/installation.js?59f35d200ba4bc3985c6a416f91ef038,GET,"Cookie:9d4bb4a09f511681369671a08beff228=e1cd05c0536e110d3896145117f19b57
Accept:*/*
User-Agent:Mozilla/5.0 (X11; Linux x86_64) AppleWebKit/537.36 (KHTML, like Gecko) Chrome/85.0.4183.102 Safari/537.36
Referer:http://web/installation/index.php
",cf83e1357eefb8bdf1542850d66d8007d620e4050b5715dc83f4a921d36ce9ce47d0d13c5d85f2b0ff8318d2877eec2f63b931bd47417a81a538327af927da3e,"Keep-Alive:timeout=5, max=99
Server:Apache/2.4.25 (Debian)
Connection:Keep-Alive
Last-Modified:Mon, 06 May 2019 20:34:16 GMT
Date:Mon, 11 May 2026 22:31:05 GMT
Accept-Ranges:bytes
ETag:""3657-5883e06252200-gzip""
Content-Encoding:gzip
Vary:Accept-Encoding
Content-Length:3036
Content-Type:application/javascript
",4bc534ee97c6d297009b8af0972919d02462ed8e90fefa3ae21556611a7befc7d72f3c617d75edae8b76108a78e4f8797596067acce27ed916d5a41a871e6f87,200
http://web/media/system/js/keepalive.js?72f2362f0d5d36c85ec842267bdd70d2,GET,"Cookie:9d4bb4a09f511681369671a08beff228=e1cd05c0536e110d3896145117f19b57
Accept:*/*
User-Agent:Mozilla/5.0 (X11; Linux x86_64) AppleWebKit/537.36 (KHTML, like Gecko) Chrome/85.0.4183.102 Safari/537.36
Referer:http://web/installation/index.php
",cf83e1357eefb8bdf1542850d66d8007d620e4050b5715dc83f4a921d36ce9ce47d0d13c5d85f2b0ff8318d2877eec2f63b931bd47417a81a538327af927da3e,"Keep-Alive:timeout=5, max=97
Server:Apache/2.4.25 (Debian)
Connection:Keep-Alive
Last-Modified:Mon, 06 May 2019 20:34:16 GMT
Date:Mon, 11 May 2026 22:35:59 GMT
Accept-Ranges:bytes
ETag:""1ce-5883e06252200-gzip""
Content-Encoding:gzip
Vary:Accept-Encoding
Content-Length:306
Content-Type:application/javascript
",ec603e5bf179c66d60c1eb1077830c852ddc19a39eb6b3e5e2496abbb2af154c0179c65055b850afbb40c8702ced682e796a1fc99c9d0e7fab97f0a11d9281c1,200
http://web/,GET,"Cookie:9d4bb4a09f511681369671a08beff228=e1cd05c0536e110d3896145117f19b57
Accept:text/html,application/xhtml+xml,application/xml;q=0.9,image/avif,image/webp,image/apng,*/*;q=0.8,application/signed-exchange;v=b3;q=0.9
User-Agent:Mozilla/5.0 (X11; Linux x86_64) AppleWebKit/537.36 (KHTML, like Gecko) Chrome/85.0.4183.102 Safari/537.36
Upgrade-Insecure-Requests:1
",cf83e1357eefb8bdf1542850d66d8007d620e4050b5715dc83f4a921d36ce9ce47d0d13c5d85f2b0ff8318d2877eec2f63b931bd47417a81a538327af927da3e,"Keep-Alive:timeout=5, max=90
Server:Apache/2.4.25 (Debian)
Connection:Keep-Alive
Date:Mon, 11 May 2026 22:31:04 GMT
Content-Length:52
X-Powered-By:PHP/7.1.29
Location:installation/index.php
Content-Type:text/html; charset=UTF-8
",cf83e1357eefb8bdf1542850d66d8007d620e4050b5715dc83f4a921d36ce9ce47d0d13c5d85f2b0ff8318d2877eec2f63b931bd47417a81a538327af927da3e,302
http://web/,GET,"Cookie:9d4bb4a09f511681369671a08beff228=e1cd05c0536e110d3896145117f19b57
Accept:text/html,application/xhtml+xml,application/xml;q=0.9,image/avif,image/webp,image/apng,*/*;q=0.8,application/signed-exchange;v=b3;q=0.9
User-Agent:Mozilla/5.0 (X11; Linux x86_64) AppleWebKit/537.36 (KHTML, like Gecko) Chrome/85.0.4183.102 Safari/537.36
Upgrade-Insecure-Requests:1
",cf83e1357eefb8bdf1542850d66d8007d620e4050b5715dc83f4a921d36ce9ce47d0d13c5d85f2b0ff8318d2877eec2f63b931bd47417a81a538327af927da3e,"Keep-Alive:timeout=5, max=67
Server:Apache/2.4.25 (Debian)
Connection:Keep-Alive
Date:Mon, 11 May 2026 22:35:58 GMT
Content-Length:52
X-Powered-By:PHP/7.1.29
Location:installation/index.php
Content-Type:text/html; charset=UTF-8
",cf83e1357eefb8bdf1542850d66d8007d620e4050b5715dc83f4a921d36ce9ce47d0d13c5d85f2b0ff8318d2877eec2f63b931bd47417a81a538327af927da3e,302
http://web/,GET,"Cookie:9d4bb4a09f511681369671a08beff228=e1cd05c0536e110d3896145117f19b57
Accept:text/html,application/xhtml+xml,application/xml;q=0.9,image/avif,image/webp,image/apng,*/*;q=0.8,application/signed-exchange;v=b3;q=0.9
User-Agent:Mozilla/5.0 (X11; Linux x86_64) AppleWebKit/537.36 (KHTML, like Gecko) Chrome/85.0.4183.102 Safari/537.36
Upgrade-Insecure-Requests:1
",cf83e1357eefb8bdf1542850d66d8007d620e4050b5715dc83f4a921d36ce9ce47d0d13c5d85f2b0ff8318d2877eec2f63b931bd47417a81a538327af927da3e,"Keep-Alive:timeout=5, max=97
Server:Apache/2.4.25 (Debian)
Connection:Keep-Alive
Date:Mon, 11 May 2026 22:42:06 GMT
Content-Length:52
X-Powered-By:PHP/7.1.29
Location:installation/index.php
Content-Type:text/html; charset=UTF-8
",cf83e1357eefb8bdf1542850d66d8007d620e4050b5715dc83f4a921d36ce9ce47d0d13c5d85f2b0ff8318d2877eec2f63b931bd47417a81a538327af927da3e,302
http://web/,GET,"Cookie:9d4bb4a09f511681369671a08beff228=e1cd05c0536e110d3896145117f19b57
Accept:text/html,application/xhtml+xml,application/xml;q=0.9,image/avif,image/webp,image/apng,*/*;q=0.8,application/signed-exchange;v=b3;q=0.9
User-Agent:Mozilla/5.0 (X11; Linux x86_64) AppleWebKit/537.36 (KHTML, like Gecko) Chrome/85.0.4183.102 Safari/537.36
Upgrade-Insecure-Requests:1
",cf83e1357eefb8bdf1542850d66d8007d620e4050b5715dc83f4a921d36ce9ce47d0d13c5d85f2b0ff8318d2877eec2f63b931bd47417a81a538327af927da3e,"Keep-Alive:timeout=5, max=72
Server:Apache/2.4.25 (Debian)
Connection:Keep-Alive
Date:Mon, 11 May 2026 22:14:53 GMT
Content-Length:52
X-Powered-By:PHP/7.1.29
Location:installation/index.php
Content-Type:text/html; charset=UTF-8
",cf83e1357eefb8bdf1542850d66d8007d620e4050b5715dc83f4a921d36ce9ce47d0d13c5d85f2b0ff8318d2877eec2f63b931bd47417a81a538327af927da3e,302
http://web/media/jui/css/bootstrap-responsive.min.css?72f2362f0d5d36c85ec842267bdd70d2,GET,"Cookie:9d4bb4a09f511681369671a08beff228=e1cd05c0536e110d3896145117f19b57
Accept:text/css,*/*;q=0.1
User-Agent:Mozilla/5.0 (X11; Linux x86_64) AppleWebKit/537.36 (KHTML, like Gecko) Chrome/85.0.4183.102 Safari/537.36
Referer:http://web/installation/index.php
",cf83e1357eefb8bdf1542850d66d8007d620e4050b5715dc83f4a921d36ce9ce47d0d13c5d85f2b0ff8318d2877eec2f63b931bd47417a81a538327af927da3e,"Keep-Alive:timeout=5, max=99
Server:Apache/2.4.25 (Debian)
Connection:Keep-Alive
Last-Modified:Mon, 06 May 2019 20:34:16 GMT
Date:Mon, 11 May 2026 22:35:59 GMT
Accept-Ranges:bytes
ETag:""4135-5883e06252200-gzip""
Content-Encoding:gzip
Vary:Accept-Encoding
Content-Length:3947
Content-Type:text/css
",25c42bb76fe0a571ae6412ba205f473b1dcab20add2358a16f74537bd4dbd4255f199961f3c5dae9ee07c9991df2413d9cb2e896361bc153e7988b1416753e11,200
http://web/media/jui/css/chosen.css?28bdf9aa17138f961389d908dc5c3cbe,GET,"Cookie:9d4bb4a09f511681369671a08beff228=e1cd05c0536e110d3896145117f19b57
Accept:text/css,*/*;q=0.1
User-Agent:Mozilla/5.0 (X11; Linux x86_64) AppleWebKit/537.36 (KHTML, like Gecko) Chrome/85.0.4183.102 Safari/537.36
Referer:http://web/installation/index.php
",cf83e1357eefb8bdf1542850d66d8007d620e4050b5715dc83f4a921d36ce9ce47d0d13c5d85f2b0ff8318d2877eec2f63b931bd47417a81a538327af927da3e,"Keep-Alive:timeout=5, max=100
Server:Apache/2.4.25 (Debian)
Connection:Keep-Alive
Last-Modified:Mon, 06 May 2019 20:34:16 GMT
Date:Mon, 11 May 2026 22:41:07 GMT
Accept-Ranges:bytes
ETag:""2fea-5883e06252200-gzip""
Content-Encoding:gzip
Vary:Accept-Encoding
Content-Length:2407
Content-Type:text/css
",d0e168c2df9ecc29d8525bb30e84630af16c68eeaeec790a6166c183eaa7e7432b02b7937abb7670aafd1755ac038b5f049a9ca21a03e953f7d9dae845fc25ca,200
http://web/media/jui/js/chosen.jquery.min.js?282cb11b10ec2d37010ea2ea050acabb,GET,"Cookie:9d4bb4a09f511681369671a08beff228=e1cd05c0536e110d3896145117f19b57
Accept:*/*
User-Agent:Mozilla/5.0 (X11; Linux x86_64) AppleWebKit/537.36 (KHTML, like Gecko) Chrome/85.0.4183.102 Safari/537.36
Referer:http://web/installation/index.php
",cf83e1357eefb8bdf1542850d66d8007d620e4050b5715dc83f4a921d36ce9ce47d0d13c5d85f2b0ff8318d2877eec2f63b931bd47417a81a538327af927da3e,"Keep-Alive:timeout=5, max=100
Server:Apache/2.4.25 (Debian)
Connection:Keep-Alive
Last-Modified:Mon, 06 May 2019 20:34:16 GMT
Date:Mon, 11 May 2026 22:14:20 GMT
Accept-Ranges:bytes
ETag:""84da-5883e06252200-gzip""
Content-Encoding:gzip
Vary:Accept-Encoding
Content-Length:7609
Content-Type:application/javascript
",afa89c11ab018fc3cf1bbb2cf72b4467f4987428e5cb5f65a32d55353763db6fdcb998daa56335b556310b7460617a460d6c6f062bd1919129311245cfe79803,200
http://web/media/jui/js/chosen.jquery.min.js?72f2362f0d5d36c85ec842267bdd70d2,GET,"Cookie:9d4bb4a09f511681369671a08beff228=e1cd05c0536e110d3896145117f19b57
Accept:*/*
User-Agent:Mozilla/5.0 (X11; Linux x86_64) AppleWebKit/537.36 (KHTML, like Gecko) Chrome/85.0.4183.102 Safari/537.36
Referer:http://web/installation/index.php
",cf83e1357eefb8bdf1542850d66d8007d620e4050b5715dc83f4a921d36ce9ce47d0d13c5d85f2b0ff8318d2877eec2f63b931bd47417a81a538327af927da3e,"Keep-Alive:timeout=5, max=100
Server:Apache/2.4.25 (Debian)
Connection:Keep-Alive
Last-Modified:Mon, 06 May 2019 20:34:16 GMT
Date:Mon, 11 May 2026 22:35:59 GMT
Accept-Ranges:bytes
ETag:""84da-5883e06252200-gzip""
Content-Encoding:gzip
Vary:Accept-Encoding
Content-Length:7609
Content-Type:application/javascript
",afa89c11ab018fc3cf1bbb2cf72b4467f4987428e5cb5f65a32d55353763db6fdcb998daa56335b556310b7460617a460d6c6f062bd1919129311245cfe79803,200
http://web/,GET,"Cookie:9d4bb4a09f511681369671a08beff228=e1cd05c0536e110d3896145117f19b57
Accept:text/html,application/xhtml+xml,application/xml;q=0.9,image/avif,image/webp,image/apng,*/*;q=0.8,application/signed-exchange;v=b3;q=0.9
User-Agent:Mozilla/5.0 (X11; Linux x86_64) AppleWebKit/537.36 (KHTML, like Gecko) Chrome/85.0.4183.102 Safari/537.36
Upgrade-Insecure-Requests:1
",cf83e1357eefb8bdf1542850d66d8007d620e4050b5715dc83f4a921d36ce9ce47d0d13c5d85f2b0ff8318d2877eec2f63b931bd47417a81a538327af927da3e,"Keep-Alive:timeout=5, max=20
Server:Apache/2.4.25 (Debian)
Connection:Keep-Alive
Date:Mon, 11 May 2026 22:15:40 GMT
Content-Length:52
X-Powered-By:PHP/7.1.29
Location:installation/index.php
Content-Type:text/html; charset=UTF-8
",cf83e1357eefb8bdf1542850d66d8007d620e4050b5715dc83f4a921d36ce9ce47d0d13c5d85f2b0ff8318d2877eec2f63b931bd47417a81a538327af927da3e,302
http://web/installation/index.php?tmpl=body&view=site,GET,"Cookie:9d4bb4a09f511681369671a08beff228=e1cd05c0536e110d3896145117f19b57
Accept:text/html, */*; q=0.01
X-Requested-With:XMLHttpRequest
User-Agent:Mozilla/5.0 (X11; Linux x86_64) AppleWebKit/537.36 (KHTML, like Gecko) Chrome/85.0.4183.102 Safari/537.36
Referer:http://web/installation/index.php
",cf83e1357eefb8bdf1542850d66d8007d620e4050b5715dc83f4a921d36ce9ce47d0d13c5d85f2b0ff8318d2877eec2f63b931bd47417a81a538327af927da3e,"Keep-Alive:timeout=5, max=98
Server:Apache/2.4.25 (Debian)
Connection:Keep-Alive
Last-Modified:Mon, 11 May 2026 22:30:56 GMT
Pragma:no-cache
Date:Mon, 11 May 2026 22:30:55 GMT
Cache-Control:no-store, no-cache, must-revalidate, post-check=0, pre-check=0
Content-Encoding:gzip
Vary:Accept-Encoding
Expires:Wed, 17 Aug 2005 00:00:00 GMT
Content-Length:3247
X-Powered-By:PHP/7.1.29
Content-Type:text/html; charset=utf-8
",f04b3a2cfa4c17a505d7cb35acc984c5c8e007e34082a40315dee1472dfd99b668abe5ea0efbbf7ef245637597972eb3bbe777d0aa36d1f2400819aa7cde41ce,200
http://web/installation/index.php,GET,"Cookie:9d4bb4a09f511681369671a08beff228=e1cd05c0536e110d3896145117f19b57
Accept:text/html,application/xhtml+xml,application/xml;q=0.9,image/avif,image/webp,image/apng,*/*;q=0.8,application/signed-exchange;v=b3;q=0.9
User-Agent:Mozilla/5.0 (X11; Linux x86_64) AppleWebKit/537.36 (KHTML, like Gecko) Chrome/85.0.4183.102 Safari/537.36
Upgrade-Insecure-Requests:1
",cf83e1357eefb8bdf1542850d66d8007d620e4050b5715dc83f4a921d36ce9ce47d0d13c5d85f2b0ff8318d2877eec2f63b931bd47417a81a538327af927da3e,"Keep-Alive:timeout=5, max=94
Server:Apache/2.4.25 (Debian)
Connection:Keep-Alive
Last-Modified:Mon, 11 May 2026 22:30:59 GMT
Pragma:no-cache
Date:Mon, 11 May 2026 22:30:59 GMT
Cache-Control:no-store, no-cache, must-revalidate, post-check=0, pre-check=0
Content-Encoding:gzip
Vary:Accept-Encoding
Expires:Wed, 17 Aug 2005 00:00:00 GMT
Content-Length:4829
X-Powered-By:PHP/7.1.29
Content-Type:text/html; charset=utf-8
",05aa5dbd80db92855ce57fca95d489e8448e68c5f71a6e091d899c55d49fa5fdc13f78740babe9c32861fdd0597b8daf373ec439434c560e5c73f3c92869ecb6,200
http://web/installation/index.php,GET,"Cookie:9d4bb4a09f511681369671a08beff228=e1cd05c0536e110d3896145117f19b57
Accept:text/html,application/xhtml+xml,application/xml;q=0.9,image/avif,image/webp,image/apng,*/*;q=0.8,application/signed-exchange;v=b3;q=0.9
User-Agent:Mozilla/5.0 (X11; Linux x86_64) AppleWebKit/537.36 (KHTML, like Gecko) Chrome/85.0.4183.102 Safari/537.36
Upgrade-Insecure-Requests:1
",cf83e1357eefb8bdf1542850d66d8007d620e4050b5715dc83f4a921d36ce9ce47d0d13c5d85f2b0ff8318d2877eec2f63b931bd47417a81a538327af927da3e,"Keep-Alive:timeout=5, max=91
Server:Apache/2.4.25 (Debian)
Connection:Keep-Alive
Last-Modified:Mon, 11 May 2026 22:41:07 GMT
Pragma:no-cache
Date:Mon, 11 May 2026 22:41:07 GMT
Cache-Control:no-store, no-cache, must-revalidate, post-check=0, pre-check=0
Content-Encoding:gzip
Vary:Accept-Encoding
Expires:Wed, 17 Aug 2005 00:00:00 GMT
Content-Length:4827
X-Powered-By:PHP/7.1.29
Content-Type:text/html; charset=utf-8
",8bc3a38dfbe9a995617d42bf0fd7bc996942b2671bce8ea4b6d76c010cb1377f42dcfe7003dd3413a5789575626ccca9575cc1c8ab783a8c56581afd36402501,200
http://web/installation/index.php,POST,"Origin:http://web
Cookie:9d4bb4a09f511681369671a08beff228=e1cd05c0536e110d3896145117f19b57
Accept:application/json, text/javascript, */*; q=0.01
X-Requested-With:XMLHttpRequest
User-Agent:Mozilla/5.0 (X11; Linux x86_64) AppleWebKit/537.36 (KHTML, like Gecko) Chrome/85.0.4183.102 Safari/537.36
Referer:http://web/installation/index.php
Content-Type:application/x-www-form-urlencoded; charset=UTF-8
",6888858303e489736e3a6b0f08ca4a948d22f35a2d1c9e02dce9227daa74054c84d2013d4b230d6e9f98a95e162d2c3ca3034ac23677e6653c66b5a1e4b1bafe,"Keep-Alive:timeout=5, max=74
Server:Apache/2.4.25 (Debian)
Connection:Keep-Alive
Last-Modified:Mon, 11 May 2026 22:41:30 GMT
Pragma:no-cache
Date:Mon, 11 May 2026 22:41:30 GMT
Cache-Control:no-store, no-cache, must-revalidate, post-check=0, pre-check=0
Content-Encoding:gzip
Vary:Accept-Encoding
Expires:Wed, 17 Aug 2005 00:00:00 GMT
Content-Length:4827
X-Powered-By:PHP/7.1.29
Content-Type:text/html; charset=utf-8
",a57849e8020f1c98f94b468a209a70ae69b219a20a3b064c422015ea770938ee8e0452f4943a41142454e8460e5025ef257c9aa04a21c21af9c6fa437f6c6852,200
http://web/media/jui/js/jquery-noconflict.js?68be82d891257286afd40aa6194cd899,GET,"Cookie:9d4bb4a09f511681369671a08beff228=e1cd05c0536e110d3896145117f19b57
Accept:*/*
User-Agent:Mozilla/5.0 (X11; Linux x86_64) AppleWebKit/537.36 (KHTML, like Gecko) Chrome/85.0.4183.102 Safari/537.36
Referer:http://web/installation/index.php
",cf83e1357eefb8bdf1542850d66d8007d620e4050b5715dc83f4a921d36ce9ce47d0d13c5d85f2b0ff8318d2877eec2f63b931bd47417a81a538327af927da3e,"Keep-Alive:timeout=5, max=99
Server:Apache/2.4.25 (Debian)
Connection:Keep-Alive
Last-Modified:Mon, 06 May 2019 20:34:16 GMT
Date:Mon, 11 May 2026 22:42:02 GMT
Accept-Ranges:bytes
ETag:""15-5883e06252200""
Content-Length:21
Content-Type:application/javascript
",dcc2117e42859d51017047b468a99f65d74d45ac2e86ae1cc5605e39041ff2164e562756d93a89fa1f71cbd331f958b351c5afe952a47a560120e080d63bd623,200
http://web/installation/template/js/installation.js?282cb11b10ec2d37010ea2ea050acabb,GET,"Cookie:9d4bb4a09f511681369671a08beff228=e1cd05c0536e110d3896145117f19b57
Accept:*/*
User-Agent:Mozilla/5.0 (X11; Linux x86_64) AppleWebKit/537.36 (KHTML, like Gecko) Chrome/85.0.4183.102 Safari/537.36
Referer:http://web/installation/index.php
",cf83e1357eefb8bdf1542850d66d8007d620e4050b5715dc83f4a921d36ce9ce47d0d13c5d85f2b0ff8318d2877eec2f63b931bd47417a81a538327af927da3e,"Keep-Alive:timeout=5, max=99
Server:Apache/2.4.25 (Debian)
Connection:Keep-Alive
Last-Modified:Mon, 06 May 2019 20:34:16 GMT
Date:Mon, 11 May 2026 22:14:21 GMT
Accept-Ranges:bytes
ETag:""3657-5883e06252200-gzip""
Content-Encoding:gzip
Vary:Accept-Encoding
Content-Length:3036
Content-Type:application/javascript
",4bc534ee97c6d297009b8af0972919d02462ed8e90fefa3ae21556611a7befc7d72f3c617d75edae8b76108a78e4f8797596067acce27ed916d5a41a871e6f87,200
http://web/installation/index.php,POST,"Origin:http://web
Cookie:9d4bb4a09f511681369671a08beff228=e1cd05c0536e110d3896145117f19b57
Accept:application/json, text/javascript, */*; q=0.01
X-Requested-With:XMLHttpRequest
User-Agent:Mozilla/5.0 (X11; Linux x86_64) AppleWebKit/537.36 (KHTML, like Gecko) Chrome/85.0.4183.102 Safari/537.36
Referer:http://web/installation/index.php
Content-Type:application/x-www-form-urlencoded; charset=UTF-8
",aafce36226197a8fff17c478e9711fbd56800aceff8aa0184fc2808969cb6c79b9b66f50f32eb98a35ab601d4cad0933fb7d5061a0268b6a18d4f584a56e9687,"Keep-Alive:timeout=5, max=81
Server:Apache/2.4.25 (Debian)
Connection:Keep-Alive
Last-Modified:Mon, 11 May 2026 22:41:23 GMT
Pragma:no-cache
Date:Mon, 11 May 2026 22:41:23 GMT
Cache-Control:no-store, no-cache, must-revalidate, post-check=0, pre-check=0
Content-Encoding:gzip
Vary:Accept-Encoding
Expires:Wed, 17 Aug 2005 00:00:00 GMT
Content-Length:4827
X-Powered-By:PHP/7.1.29
Content-Type:text/html; charset=utf-8
",278e2abc3c6b19e3026c0022d23c479fba760c124538d3a7c9d2b4b0cc123a6d3e77c9f34df5ca24667d67c99ea243bd8ec2220e7ed71b30610b6e5e41534956,200
http://web/installation/index.php,POST,"Origin:http://web
Cookie:9d4bb4a09f511681369671a08beff228=e1cd05c0536e110d3896145117f19b57
Accept:application/json, text/javascript, */*; q=0.01
X-Requested-With:XMLHttpRequest
User-Agent:Mozilla/5.0 (X11; Linux x86_64) AppleWebKit/537.36 (KHTML, like Gecko) Chrome/85.0.4183.102 Safari/537.36
Referer:http://web/installation/index.php
Content-Type:application/x-www-form-urlencoded; charset=UTF-8
",697c76094c738498a9f206e560a8f378de9943e019782bdf179bf4248e4fd1d5bd87d9df19826754b4fbf83149de05b82a9c77b69308ba8a7df61aa4239302c6,"Keep-Alive:timeout=5, max=99
Server:Apache/2.4.25 (Debian)
Connection:Keep-Alive
Last-Modified:Mon, 11 May 2026 22:36:47 GMT
Pragma:no-cache
Date:Mon, 11 May 2026 22:36:47 GMT
Cache-Control:no-store, no-cache, must-revalidate, post-check=0, pre-check=0
Content-Encoding:gzip
Vary:Accept-Encoding
Expires:Wed, 17 Aug 2005 00:00:00 GMT
Content-Length:4826
X-Powered-By:PHP/7.1.29
Content-Type:text/html; charset=utf-8
",b68360cc46e4b03520a3595f8db80104dc6021c4d45d8afbf22b99b49f6bbf17fd17d5b2ba36b891bb284d8d52b5d3e9c865fc2b91b0f06c1d861b4379e921c0,200
http://web/media/system/js/keepalive.js?282cb11b10ec2d37010ea2ea050acabb,GET,"Cookie:9d4bb4a09f511681369671a08beff228=e1cd05c0536e110d3896145117f19b57
Accept:*/*
User-Agent:Mozilla/5.0 (X11; Linux x86_64) AppleWebKit/537.36 (KHTML, like Gecko) Chrome/85.0.4183.102 Safari/537.36
Referer:http://web/installation/index.php
",cf83e1357eefb8bdf1542850d66d8007d620e4050b5715dc83f4a921d36ce9ce47d0d13c5d85f2b0ff8318d2877eec2f63b931bd47417a81a538327af927da3e,"Keep-Alive:timeout=5, max=99
Server:Apache/2.4.25 (Debian)
Connection:Keep-Alive
Last-Modified:Mon, 06 May 2019 20:34:16 GMT
Date:Mon, 11 May 2026 22:14:21 GMT
Accept-Ranges:bytes
ETag:""1ce-5883e06252200-gzip""
Content-Encoding:gzip
Vary:Accept-Encoding
Content-Length:306
Content-Type:application/javascript
",ec603e5bf179c66d60c1eb1077830c852ddc19a39eb6b3e5e2496abbb2af154c0179c65055b850afbb40c8702ced682e796a1fc99c9d0e7fab97f0a11d9281c1,200
http://web/,GET,"Cookie:9d4bb4a09f511681369671a08beff228=e1cd05c0536e110d3896145117f19b57
Accept:text/html,application/xhtml+xml,application/xml;q=0.9,image/avif,image/webp,image/apng,*/*;q=0.8,application/signed-exchange;v=b3;q=0.9
User-Agent:Mozilla/5.0 (X11; Linux x86_64) AppleWebKit/537.36 (KHTML, like Gecko) Chrome/85.0.4183.102 Safari/537.36
Upgrade-Insecure-Requests:1
",cf83e1357eefb8bdf1542850d66d8007d620e4050b5715dc83f4a921d36ce9ce47d0d13c5d85f2b0ff8318d2877eec2f63b931bd47417a81a538327af927da3e,"Keep-Alive:timeout=5, max=73
Server:Apache/2.4.25 (Debian)
Connection:Keep-Alive
Date:Mon, 11 May 2026 22:31:35 GMT
Content-Length:52
X-Powered-By:PHP/7.1.29
Location:installation/index.php
Content-Type:text/html; charset=UTF-8
",cf83e1357eefb8bdf1542850d66d8007d620e4050b5715dc83f4a921d36ce9ce47d0d13c5d85f2b0ff8318d2877eec2f63b931bd47417a81a538327af927da3e,302
http://web/installation/index.php,POST,"Origin:http://web
Cookie:9d4bb4a09f511681369671a08beff228=e1cd05c0536e110d3896145117f19b57
Accept:application/json, text/javascript, */*; q=0.01
X-Requested-With:XMLHttpRequest
User-Agent:Mozilla/5.0 (X11; Linux x86_64) AppleWebKit/537.36 (KHTML, like Gecko) Chrome/85.0.4183.102 Safari/537.36
Referer:http://web/installation/index.php
Content-Type:application/x-www-form-urlencoded; charset=UTF-8
",6de9eb1bbff2b5b5b58b67bc79282279d4a2788771ef332f4bb36877761dc279ab1cc1576334ca3a454a62276f41e69feecfed253f1e8d264695c1e9d32cb81b,"Keep-Alive:timeout=5, max=92
Server:Apache/2.4.25 (Debian)
Connection:Keep-Alive
Last-Modified:Mon, 11 May 2026 22:31:13 GMT
Pragma:no-cache
Date:Mon, 11 May 2026 22:31:13 GMT
Cache-Control:no-store, no-cache, must-revalidate, post-check=0, pre-check=0
Content-Encoding:gzip
Vary:Accept-Encoding
Expires:Wed, 17 Aug 2005 00:00:00 GMT
Content-Length:4830
X-Powered-By:PHP/7.1.29
Content-Type:text/html; charset=utf-8
",5f7912d6ef0dd61e57957fe354efc4d977b9d81862886c1af5403f8f2e8424410d2a6c42481e1da2954accf7127ce5b24a96b987607c92f957b080d0675c1901,200
http://web/installation/index.php,POST,"Origin:http://web
Cookie:9d4bb4a09f511681369671a08beff228=e1cd05c0536e110d3896145117f19b57
Accept:application/json, text/javascript, */*; q=0.01
X-Requested-With:XMLHttpRequest
User-Agent:Mozilla/5.0 (X11; Linux x86_64) AppleWebKit/537.36 (KHTML, like Gecko) Chrome/85.0.4183.102 Safari/537.36
Referer:http://web/installation/index.php
Content-Type:application/x-www-form-urlencoded; charset=UTF-8
",f9daf01bf297ba3b5aabb5742b94fac3dcd6af3dd998681641e8844e5fe9ffdc3e12aa501d64a9524d25433bb45a4358fce5712ba3703db7ff90ecb478a7a331,"Keep-Alive:timeout=5, max=56
Server:Apache/2.4.25 (Debian)
Connection:Keep-Alive
Last-Modified:Mon, 11 May 2026 22:41:48 GMT
Pragma:no-cache
Date:Mon, 11 May 2026 22:41:48 GMT
Cache-Control:no-store, no-cache, must-revalidate, post-check=0, pre-check=0
Content-Encoding:gzip
Vary:Accept-Encoding
Expires:Wed, 17 Aug 2005 00:00:00 GMT
Content-Length:4826
X-Powered-By:PHP/7.1.29
Content-Type:text/html; charset=utf-8
",d58b904f316a4382eae9c7ed1822f89e1bf1ca588cec26d388e01a33d7b9e02a43d449c0b6f6561bc31d7bf4901f801bab19ae2d564c8e14228de832105a171b,200
http://web/installation/template/css/template.css?0fbacbbcd2ffda475076daa7d8d1373f,GET,"Cookie:9d4bb4a09f511681369671a08beff228=e1cd05c0536e110d3896145117f19b57
Accept:text/css,*/*;q=0.1
User-Agent:Mozilla/5.0 (X11; Linux x86_64) AppleWebKit/537.36 (KHTML, like Gecko) Chrome/85.0.4183.102 Safari/537.36
Referer:http://web/installation/index.php
",cf83e1357eefb8bdf1542850d66d8007d620e4050b5715dc83f4a921d36ce9ce47d0d13c5d85f2b0ff8318d2877eec2f63b931bd47417a81a538327af927da3e,"Server:Apache/2.4.25 (Debian)
Last-Modified:Mon, 06 May 2019 20:34:16 GMT
Date:Mon, 11 May 2026 22:15:02 GMT
Accept-Ranges:bytes
ETag:""15f2-5883e06252200-gzip""
Content-Encoding:gzip
Vary:Accept-Encoding
Content-Length:1722
Content-Type:text/css
",1519c822f513baa110c731fd3babe0719c1d75cc57a4cae4acc38075f1af3f9f842ba5979d24735049971fa6fb3022dfa1ebbdd3c7861111f4506ba3517cf77e,200
http://web/installation/index.php?tmpl=body&view=site,GET,"Cookie:9d4bb4a09f511681369671a08beff228=e1cd05c0536e110d3896145117f19b57
Accept:text/html, */*; q=0.01
X-Requested-With:XMLHttpRequest
User-Agent:Mozilla/5.0 (X11; Linux x86_64) AppleWebKit/537.36 (KHTML, like Gecko) Chrome/85.0.4183.102 Safari/537.36
Referer:http://web/installation/index.php
",cf83e1357eefb8bdf1542850d66d8007d620e4050b5715dc83f4a921d36ce9ce47d0d13c5d85f2b0ff8318d2877eec2f63b931bd47417a81a538327af927da3e,"Keep-Alive:timeout=5, max=73
Server:Apache/2.4.25 (Debian)
Connection:Keep-Alive
Last-Modified:Mon, 11 May 2026 22:41:31 GMT
Pragma:no-cache
Date:Mon, 11 May 2026 22:41:31 GMT
Cache-Control:no-store, no-cache, must-revalidate, post-check=0, pre-check=0
Content-Encoding:gzip
Vary:Accept-Encoding
Expires:Wed, 17 Aug 2005 00:00:00 GMT
Content-Length:3246
X-Powered-By:PHP/7.1.29
Content-Type:text/html; charset=utf-8
",1c66126321251a745de604aea87099ac4e01de06a97a5f6cbbb3f4cab3aa17c0ae4adf7c41292edd8a0d83e0c60ff2e3fe08bd3d5d1bade71d6f821e1c1db2e4,200
http://web/,GET,"Cookie:9d4bb4a09f511681369671a08beff228=e1cd05c0536e110d3896145117f19b57
Accept:text/html,application/xhtml+xml,application/xml;q=0.9,image/avif,image/webp,image/apng,*/*;q=0.8,application/signed-exchange;v=b3;q=0.9
User-Agent:Mozilla/5.0 (X11; Linux x86_64) AppleWebKit/537.36 (KHTML, like Gecko) Chrome/85.0.4183.102 Safari/537.36
Upgrade-Insecure-Requests:1
",cf83e1357eefb8bdf1542850d66d8007d620e4050b5715dc83f4a921d36ce9ce47d0d13c5d85f2b0ff8318d2877eec2f63b931bd47417a81a538327af927da3e,"Keep-Alive:timeout=5, max=81
Server:Apache/2.4.25 (Debian)
Connection:Keep-Alive
Date:Mon, 11 May 2026 22:14:47 GMT
Content-Length:52
X-Powered-By:PHP/7.1.29
Location:installation/index.php
Content-Type:text/html; charset=UTF-8
",cf83e1357eefb8bdf1542850d66d8007d620e4050b5715dc83f4a921d36ce9ce47d0d13c5d85f2b0ff8318d2877eec2f63b931bd47417a81a538327af927da3e,302
http://web/media/jui/css/bootstrap-extended.css?0fbacbbcd2ffda475076daa7d8d1373f,GET,"Cookie:9d4bb4a09f511681369671a08beff228=e1cd05c0536e110d3896145117f19b57
Accept:text/css,*/*;q=0.1
User-Agent:Mozilla/5.0 (X11; Linux x86_64) AppleWebKit/537.36 (KHTML, like Gecko) Chrome/85.0.4183.102 Safari/537.36
Referer:http://web/installation/index.php
",cf83e1357eefb8bdf1542850d66d8007d620e4050b5715dc83f4a921d36ce9ce47d0d13c5d85f2b0ff8318d2877eec2f63b931bd47417a81a538327af927da3e,"Keep-Alive:timeout=5, max=99
Server:Apache/2.4.25 (Debian)
Connection:Keep-Alive
Last-Modified:Mon, 06 May 2019 20:34:16 GMT
Date:Mon, 11 May 2026 22:15:02 GMT
Accept-Ranges:bytes
ETag:""2386-5883e06252200-gzip""
Content-Encoding:gzip
Vary:Accept-Encoding
Content-Length:2217
Content-Type:text/css
",f9172062f164f5d88a28d10b09e77fa1e668489523273ee187185bf6e2a73a2fbd3cdc9665ada844856099b9490c4a61835555c96934888d1eb9a9620f36a38c,200
http://web/installation/index.php?tmpl=body&view=site,GET,"Cookie:9d4bb4a09f511681369671a08beff228=e1cd05c0536e110d3896145117f19b57
Accept:text/html, */*; q=0.01
X-Requested-With:XMLHttpRequest
User-Agent:Mozilla/5.0 (X11; Linux x86_64) AppleWebKit/537.36 (KHTML, like Gecko) Chrome/85.0.4183.102 Safari/537.36
Referer:http://web/installation/index.php
",cf83e1357eefb8bdf1542850d66d8007d620e4050b5715dc83f4a921d36ce9ce47d0d13c5d85f2b0ff8318d2877eec2f63b931bd47417a81a538327af927da3e,"Keep-Alive:timeout=5, max=50
Server:Apache/2.4.25 (Debian)
Connection:Keep-Alive
Last-Modified:Mon, 11 May 2026 22:15:10 GMT
Pragma:no-cache
Date:Mon, 11 May 2026 22:15:10 GMT
Cache-Control:no-store, no-cache, must-revalidate, post-check=0, pre-check=0
Content-Encoding:gzip
Vary:Accept-Encoding
Expires:Wed, 17 Aug 2005 00:00:00 GMT
Content-Length:3246
X-Powered-By:PHP/7.1.29
Content-Type:text/html; charset=utf-8
",2e7692811d8f0705ed0ff5d87300c4e0ba75be17d13258ea5c30814df177945cb38f4947d4d9476c3ad04254d11ea8f05fdec70d461b875f781676d18067aa60,200
http://web/installation/index.php,GET,"Cookie:9d4bb4a09f511681369671a08beff228=e1cd05c0536e110d3896145117f19b57
Accept:text/html,application/xhtml+xml,application/xml;q=0.9,image/avif,image/webp,image/apng,*/*;q=0.8,application/signed-exchange;v=b3;q=0.9
User-Agent:Mozilla/5.0 (X11; Linux x86_64) AppleWebKit/537.36 (KHTML, like Gecko) Chrome/85.0.4183.102 Safari/537.36
Upgrade-Insecure-Requests:1
",cf83e1357eefb8bdf1542850d66d8007d620e4050b5715dc83f4a921d36ce9ce47d0d13c5d85f2b0ff8318d2877eec2f63b931bd47417a81a538327af927da3e,"Keep-Alive:timeout=5, max=84
Server:Apache/2.4.25 (Debian)
Connection:Keep-Alive
Last-Modified:Mon, 11 May 2026 22:41:20 GMT
Pragma:no-cache
Date:Mon, 11 May 2026 22:41:19 GMT
Cache-Control:no-store, no-cache, must-revalidate, post-check=0, pre-check=0
Content-Encoding:gzip
Vary:Accept-Encoding
Expires:Wed, 17 Aug 2005 00:00:00 GMT
Content-Length:4826
X-Powered-By:PHP/7.1.29
Content-Type:text/html; charset=utf-8
",aa5ddcb4e022a9a6e9526a90629ba6e6c57f23293df2519c5df970db6375de4a6b53e9266a0d49115cc8ab8cc60663373b1698cdc18442abfc6af7bf551b7460,200
http://web/installation/index.php,GET,"Cookie:9d4bb4a09f511681369671a08beff228=e1cd05c0536e110d3896145117f19b57
Accept:text/html,application/xhtml+xml,application/xml;q=0.9,image/avif,image/webp,image/apng,*/*;q=0.8,application/signed-exchange;v=b3;q=0.9
User-Agent:Mozilla/5.0 (X11; Linux x86_64) AppleWebKit/537.36 (KHTML, like Gecko) Chrome/85.0.4183.102 Safari/537.36
Upgrade-Insecure-Requests:1
",cf83e1357eefb8bdf1542850d66d8007d620e4050b5715dc83f4a921d36ce9ce47d0d13c5d85f2b0ff8318d2877eec2f63b931bd47417a81a538327af927da3e,"Keep-Alive:timeout=5, max=93
Server:Apache/2.4.25 (Debian)
Connection:Keep-Alive
Last-Modified:Mon, 11 May 2026 22:14:35 GMT
Pragma:no-cache
Date:Mon, 11 May 2026 22:14:35 GMT
Cache-Control:no-store, no-cache, must-revalidate, post-check=0, pre-check=0
Content-Encoding:gzip
Vary:Accept-Encoding
Expires:Wed, 17 Aug 2005 00:00:00 GMT
Content-Length:4825
X-Powered-By:PHP/7.1.29
Content-Type:text/html; charset=utf-8
",c83a56c38f7c7ca9bd5c75efd99af42d691603d64f0211195b9a80ffe4ac5547a654dd40b92746fa79188c79e309c76a6fad8c94dc4e66274526ffa092d7d55d,200
http://web/installation/index.php?tmpl=body&view=site,GET,"Cookie:9d4bb4a09f511681369671a08beff228=e1cd05c0536e110d3896145117f19b57
Accept:text/html, */*; q=0.01
X-Requested-With:XMLHttpRequest
User-Agent:Mozilla/5.0 (X11; Linux x86_64) AppleWebKit/537.36 (KHTML, like Gecko) Chrome/85.0.4183.102 Safari/537.36
Referer:http://web/installation/index.php
",cf83e1357eefb8bdf1542850d66d8007d620e4050b5715dc83f4a921d36ce9ce47d0d13c5d85f2b0ff8318d2877eec2f63b931bd47417a81a538327af927da3e,"Keep-Alive:timeout=5, max=91
Server:Apache/2.4.25 (Debian)
Connection:Keep-Alive
Last-Modified:Mon, 11 May 2026 22:14:38 GMT
Pragma:no-cache
Date:Mon, 11 May 2026 22:14:38 GMT
Cache-Control:no-store, no-cache, must-revalidate, post-check=0, pre-check=0
Content-Encoding:gzip
Vary:Accept-Encoding
Expires:Wed, 17 Aug 2005 00:00:00 GMT
Content-Length:3246
X-Powered-By:PHP/7.1.29
Content-Type:text/html; charset=utf-8
",95b013a1c5e52673cd36a136cdc78d9a62b5f70964efe160c85800106c78c4bd5b92fede376d54f4d899eccbf71da12b43906bad8312986971b8bdfb738e7043,200
http://web/media/system/js/keepalive.js?28bdf9aa17138f961389d908dc5c3cbe,GET,"Cookie:9d4bb4a09f511681369671a08beff228=e1cd05c0536e110d3896145117f19b57
Accept:*/*
User-Agent:Mozilla/5.0 (X11; Linux x86_64) AppleWebKit/537.36 (KHTML, like Gecko) Chrome/85.0.4183.102 Safari/537.36
Referer:http://web/installation/index.php
",cf83e1357eefb8bdf1542850d66d8007d620e4050b5715dc83f4a921d36ce9ce47d0d13c5d85f2b0ff8318d2877eec2f63b931bd47417a81a538327af927da3e,"Keep-Alive:timeout=5, max=99
Server:Apache/2.4.25 (Debian)
Connection:Keep-Alive
Last-Modified:Mon, 06 May 2019 20:34:16 GMT
Date:Mon, 11 May 2026 22:41:07 GMT
Accept-Ranges:bytes
ETag:""1ce-5883e06252200-gzip""
Content-Encoding:gzip
Vary:Accept-Encoding
Content-Length:306
Content-Type:application/javascript
",ec603e5bf179c66d60c1eb1077830c852ddc19a39eb6b3e5e2496abbb2af154c0179c65055b850afbb40c8702ced682e796a1fc99c9d0e7fab97f0a11d9281c1,200
http://web/,GET,"Cookie:9d4bb4a09f511681369671a08beff228=e1cd05c0536e110d3896145117f19b57
Accept:text/html,application/xhtml+xml,application/xml;q=0.9,image/avif,image/webp,image/apng,*/*;q=0.8,application/signed-exchange;v=b3;q=0.9
User-Agent:Mozilla/5.0 (X11; Linux x86_64) AppleWebKit/537.36 (KHTML, like Gecko) Chrome/85.0.4183.102 Safari/537.36
Upgrade-Insecure-Requests:1
",cf83e1357eefb8bdf1542850d66d8007d620e4050b5715dc83f4a921d36ce9ce47d0d13c5d85f2b0ff8318d2877eec2f63b931bd47417a81a538327af927da3e,"Keep-Alive:timeout=5, max=78
Server:Apache/2.4.25 (Debian)
Connection:Keep-Alive
Date:Mon, 11 May 2026 22:31:28 GMT
Content-Length:52
X-Powered-By:PHP/7.1.29
Location:installation/index.php
Content-Type:text/html; charset=UTF-8
",cf83e1357eefb8bdf1542850d66d8007d620e4050b5715dc83f4a921d36ce9ce47d0d13c5d85f2b0ff8318d2877eec2f63b931bd47417a81a538327af927da3e,302
http://web/media/jui/js/jquery-migrate.min.js?59f35d200ba4bc3985c6a416f91ef038,GET,"Cookie:9d4bb4a09f511681369671a08beff228=e1cd05c0536e110d3896145117f19b57
Accept:*/*
User-Agent:Mozilla/5.0 (X11; Linux x86_64) AppleWebKit/537.36 (KHTML, like Gecko) Chrome/85.0.4183.102 Safari/537.36
Referer:http://web/installation/index.php
",cf83e1357eefb8bdf1542850d66d8007d620e4050b5715dc83f4a921d36ce9ce47d0d13c5d85f2b0ff8318d2877eec2f63b931bd47417a81a538327af927da3e,"Keep-Alive:timeout=5, max=86
Server:Apache/2.4.25 (Debian)
Connection:Keep-Alive
Last-Modified:Mon, 06 May 2019 20:34:16 GMT
Date:Mon, 11 May 2026 22:31:05 GMT
Accept-Ranges:bytes
ETag:""2748-5883e06252200-gzip""
Content-Encoding:gzip
Vary:Accept-Encoding
Content-Length:4014
Content-Type:application/javascript
",b74a2f03c64e883b9a34de43690429327dfb4aa230a7a6afca8150a16e3d84e98461245ff264c26368d9904562cc34fe219f71f951d364fa5c68c039b76776cd,200
http://web/media/jui/js/jquery-noconflict.js?59f35d200ba4bc3985c6a416f91ef038,GET,"Cookie:9d4bb4a09f511681369671a08beff228=e1cd05c0536e110d3896145117f19b57
Accept:*/*
User-Agent:Mozilla/5.0 (X11; Linux x86_64) AppleWebKit/537.36 (KHTML, like Gecko) Chrome/85.0.4183.102 Safari/537.36
Referer:http://web/installation/index.php
",cf83e1357eefb8bdf1542850d66d8007d620e4050b5715dc83f4a921d36ce9ce47d0d13c5d85f2b0ff8318d2877eec2f63b931bd47417a81a538327af927da3e,"Keep-Alive:timeout=5, max=100
Server:Apache/2.4.25 (Debian)
Connection:Keep-Alive
Last-Modified:Mon, 06 May 2019 20:34:16 GMT
Date:Mon, 11 May 2026 22:31:04 GMT
Accept-Ranges:bytes
ETag:""15-5883e06252200""
Content-Length:21
Content-Type:application/javascript
",dcc2117e42859d51017047b468a99f65d74d45ac2e86ae1cc5605e39041ff2164e562756d93a89fa1f71cbd331f958b351c5afe952a47a560120e080d63bd623,200
http://web/media/jui/js/jquery-noconflict.js?bb6ce90dbb74fabedd2d70ffa4d390e3,GET,"Cookie:9d4bb4a09f511681369671a08beff228=e1cd05c0536e110d3896145117f19b57
Accept:*/*
User-Agent:Mozilla/5.0 (X11; Linux x86_64) AppleWebKit/537.36 (KHTML, like Gecko) Chrome/85.0.4183.102 Safari/537.36
Referer:http://web/installation/index.php
",cf83e1357eefb8bdf1542850d66d8007d620e4050b5715dc83f4a921d36ce9ce47d0d13c5d85f2b0ff8318d2877eec2f63b931bd47417a81a538327af927da3e,"Keep-Alive:timeout=5, max=99
Server:Apache/2.4.25 (Debian)
Connection:Keep-Alive
Last-Modified:Mon, 06 May 2019 20:34:16 GMT
Date:Mon, 11 May 2026 22:36:10 GMT
Accept-Ranges:bytes
ETag:""15-5883e06252200""
Content-Length:21
Content-Type:application/javascript
",dcc2117e42859d51017047b468a99f65d74d45ac2e86ae1cc5605e39041ff2164e562756d93a89fa1f71cbd331f958b351c5afe952a47a560120e080d63bd623,200
http://web/installation/index.php,POST,"Origin:http://web
Cookie:9d4bb4a09f511681369671a08beff228=e1cd05c0536e110d3896145117f19b57
Accept:application/json, text/javascript, */*; q=0.01
X-Requested-With:XMLHttpRequest
User-Agent:Mozilla/5.0 (X11; Linux x86_64) AppleWebKit/537.36 (KHTML, like Gecko) Chrome/85.0.4183.102 Safari/537.36
Referer:http://web/installation/index.php
Content-Type:application/x-www-form-urlencoded; charset=UTF-8
",ccfc20bb60bb73eadc1bdbc84ae83e5539527b5e1998e0d7108968302d69568634f64c0742652357ec2219d27261d9e3918d41904a52f449902515ad89799ff0,"Keep-Alive:timeout=5, max=96
Server:Apache/2.4.25 (Debian)
Connection:Keep-Alive
Last-Modified:Mon, 11 May 2026 22:30:58 GMT
Pragma:no-cache
Date:Mon, 11 May 2026 22:30:58 GMT
Cache-Control:no-store, no-cache, must-revalidate, post-check=0, pre-check=0
Content-Encoding:gzip
Vary:Accept-Encoding
Expires:Wed, 17 Aug 2005 00:00:00 GMT
Content-Length:4829
X-Powered-By:PHP/7.1.29
Content-Type:text/html; charset=utf-8
",b36515fea539cdaa99250a8de4c621448c3661a6078069e80ce7b701df44a3279ecabcc9d71dd34daca1e85f20904329fa4ac0ec04d6b3f69336fe3e12885341,200
http://web/installation/index.php,POST,"Origin:http://web
Cookie:9d4bb4a09f511681369671a08beff228=e1cd05c0536e110d3896145117f19b57
Accept:application/json, text/javascript, */*; q=0.01
X-Requested-With:XMLHttpRequest
User-Agent:Mozilla/5.0 (X11; Linux x86_64) AppleWebKit/537.36 (KHTML, like Gecko) Chrome/85.0.4183.102 Safari/537.36
Referer:http://web/installation/index.php
Content-Type:application/x-www-form-urlencoded; charset=UTF-8
",8a24db1c073e5521cd60a87e53676708533d0880f56ccdce0f847287fdf5bbfbcd39cee8a1c4dda3e5d9f6fbf464706a1abbbb38210b574ffee7ae534c12b095,"Keep-Alive:timeout=5, max=100
Server:Apache/2.4.25 (Debian)
Connection:Keep-Alive
Last-Modified:Mon, 11 May 2026 22:36:16 GMT
Pragma:no-cache
Date:Mon, 11 May 2026 22:36:15 GMT
Cache-Control:no-store, no-cache, must-revalidate, post-check=0, pre-check=0
Content-Encoding:gzip
Vary:Accept-Encoding
Expires:Wed, 17 Aug 2005 00:00:00 GMT
Content-Length:4827
X-Powered-By:PHP/7.1.29
Content-Type:text/html; charset=utf-8
",206bb2c73566d22292965bf2519b93cd0ef8a80587f9c383bf4a87bab6f02abe215e38f6e578265445175561c9de2399e43c704bd3c8e2c32208fc3c7df53502,200
http://web/installation/index.php,POST,"Origin:http://web
Cookie:9d4bb4a09f511681369671a08beff228=e1cd05c0536e110d3896145117f19b57
Accept:application/json, text/javascript, */*; q=0.01
X-Requested-With:XMLHttpRequest
User-Agent:Mozilla/5.0 (X11; Linux x86_64) AppleWebKit/537.36 (KHTML, like Gecko) Chrome/85.0.4183.102 Safari/537.36
Referer:http://web/installation/index.php
Content-Type:application/x-www-form-urlencoded; charset=UTF-8
",8a24db1c073e5521cd60a87e53676708533d0880f56ccdce0f847287fdf5bbfbcd39cee8a1c4dda3e5d9f6fbf464706a1abbbb38210b574ffee7ae534c12b095,"Keep-Alive:timeout=5, max=100
Server:Apache/2.4.25 (Debian)
Connection:Keep-Alive
Last-Modified:Mon, 11 May 2026 22:36:45 GMT
Pragma:no-cache
Date:Mon, 11 May 2026 22:36:45 GMT
Cache-Control:no-store, no-cache, must-revalidate, post-check=0, pre-check=0
Content-Encoding:gzip
Vary:Accept-Encoding
Expires:Wed, 17 Aug 2005 00:00:00 GMT
Content-Length:4826
X-Powered-By:PHP/7.1.29
Content-Type:text/html; charset=utf-8
",f5143b107e9ca7875e72c3af0987fbfe2453fe5fdce6e5c6f384ed9f662b85f934eba825e5fd033625488ca9dc7586ac836d05f8f67b4398374dc1b11db4619c,200
http://web/installation/index.php,GET,"Cookie:9d4bb4a09f511681369671a08beff228=e1cd05c0536e110d3896145117f19b57
Accept:text/html,application/xhtml+xml,application/xml;q=0.9,image/avif,image/webp,image/apng,*/*;q=0.8,application/signed-exchange;v=b3;q=0.9
User-Agent:Mozilla/5.0 (X11; Linux x86_64) AppleWebKit/537.36 (KHTML, like Gecko) Chrome/85.0.4183.102 Safari/537.36
Upgrade-Insecure-Requests:1
",cf83e1357eefb8bdf1542850d66d8007d620e4050b5715dc83f4a921d36ce9ce47d0d13c5d85f2b0ff8318d2877eec2f63b931bd47417a81a538327af927da3e,"Keep-Alive:timeout=5, max=79
Server:Apache/2.4.25 (Debian)
Connection:Keep-Alive
Last-Modified:Mon, 11 May 2026 22:41:24 GMT
Pragma:no-cache
Date:Mon, 11 May 2026 22:41:24 GMT
Cache-Control:no-store, no-cache, must-revalidate, post-check=0, pre-check=0
Content-Encoding:gzip
Vary:Accept-Encoding
Expires:Wed, 17 Aug 2005 00:00:00 GMT
Content-Length:4827
X-Powered-By:PHP/7.1.29
Content-Type:text/html; charset=utf-8
",a541cbc88278a17094ef886f4ad33a4ea89b3ba7931bec22b978c090c809becca24af40a7c732076a862fa68a6d165e25216a21ee0a377abc7c670b566b74bf4,200
http://web/installation/index.php,POST,"Origin:http://web
Cookie:9d4bb4a09f511681369671a08beff228=e1cd05c0536e110d3896145117f19b57
Accept:application/json, text/javascript, */*; q=0.01
X-Requested-With:XMLHttpRequest
User-Agent:Mozilla/5.0 (X11; Linux x86_64) AppleWebKit/537.36 (KHTML, like Gecko) Chrome/85.0.4183.102 Safari/537.36
Referer:http://web/installation/index.php
Content-Type:application/x-www-form-urlencoded; charset=UTF-8
",f9daf01bf297ba3b5aabb5742b94fac3dcd6af3dd998681641e8844e5fe9ffdc3e12aa501d64a9524d25433bb45a4358fce5712ba3703db7ff90ecb478a7a331,"Keep-Alive:timeout=5, max=61
Server:Apache/2.4.25 (Debian)
Connection:Keep-Alive
Last-Modified:Mon, 11 May 2026 22:41:44 GMT
Pragma:no-cache
Date:Mon, 11 May 2026 22:41:44 GMT
Cache-Control:no-store, no-cache, must-revalidate, post-check=0, pre-check=0
Content-Encoding:gzip
Vary:Accept-Encoding
Expires:Wed, 17 Aug 2005 00:00:00 GMT
Content-Length:4829
X-Powered-By:PHP/7.1.29
Content-Type:text/html; charset=utf-8
",001bf9aa1fa6266de6d10c77d23e0ebda180045e795520fc5cce4aa1561ddfcef9ec19408f753db51547760de87843663cae376b503acb52de3d89441649ee18,200
http://web/installation/index.php,POST,"Origin:http://web
Cookie:9d4bb4a09f511681369671a08beff228=e1cd05c0536e110d3896145117f19b57
Accept:application/json, text/javascript, */*; q=0.01
X-Requested-With:XMLHttpRequest
User-Agent:Mozilla/5.0 (X11; Linux x86_64) AppleWebKit/537.36 (KHTML, like Gecko) Chrome/85.0.4183.102 Safari/537.36
Referer:http://web/installation/index.php
Content-Type:application/x-www-form-urlencoded; charset=UTF-8
",a9a8138a4a93cc12cb69d150db6b9e19a4adeb91de4350f6333dc4e93647899d238d2f6116acb191c4dabfe2fb0ee5dd892d02a7c38d78d3887c7bb3bcb9c724,"Keep-Alive:timeout=5, max=70
Server:Apache/2.4.25 (Debian)
Connection:Keep-Alive
Last-Modified:Mon, 11 May 2026 22:41:34 GMT
Pragma:no-cache
Date:Mon, 11 May 2026 22:41:34 GMT
Cache-Control:no-store, no-cache, must-revalidate, post-check=0, pre-check=0
Content-Encoding:gzip
Vary:Accept-Encoding
Expires:Wed, 17 Aug 2005 00:00:00 GMT
Content-Length:4825
X-Powered-By:PHP/7.1.29
Content-Type:text/html; charset=utf-8
",f0812bbda011ae31a42514ae528128f016e6be8d8fcfc366137a95c7a8b8099e5fb4fec52cb946be4338d71f6cae8d7f560e6e86d0c7b274d6bf359f4b2148ea,200
http://web/media/jui/js/chosen.jquery.min.js?bfa15b87d418dce64311672b084cf71b,GET,"Cookie:9d4bb4a09f511681369671a08beff228=e1cd05c0536e110d3896145117f19b57
Accept:*/*
User-Agent:Mozilla/5.0 (X11; Linux x86_64) AppleWebKit/537.36 (KHTML, like Gecko) Chrome/85.0.4183.102 Safari/537.36
Referer:http://web/installation/index.php
",cf83e1357eefb8bdf1542850d66d8007d620e4050b5715dc83f4a921d36ce9ce47d0d13c5d85f2b0ff8318d2877eec2f63b931bd47417a81a538327af927da3e,"Keep-Alive:timeout=5, max=11
Server:Apache/2.4.25 (Debian)
Connection:Keep-Alive
Last-Modified:Mon, 06 May 2019 20:34:16 GMT
Date:Mon, 11 May 2026 22:30:44 GMT
Accept-Ranges:bytes
ETag:""84da-5883e06252200-gzip""
Content-Encoding:gzip
Vary:Accept-Encoding
Content-Length:7609
Content-Type:application/javascript
",afa89c11ab018fc3cf1bbb2cf72b4467f4987428e5cb5f65a32d55353763db6fdcb998daa56335b556310b7460617a460d6c6f062bd1919129311245cfe79803,200
http://web/installation/index.php,POST,"Origin:http://web
Cookie:9d4bb4a09f511681369671a08beff228=e1cd05c0536e110d3896145117f19b57
Accept:application/json, text/javascript, */*; q=0.01
X-Requested-With:XMLHttpRequest
User-Agent:Mozilla/5.0 (X11; Linux x86_64) AppleWebKit/537.36 (KHTML, like Gecko) Chrome/85.0.4183.102 Safari/537.36
Referer:http://web/installation/index.php
Content-Type:application/x-www-form-urlencoded; charset=UTF-8
",8a24db1c073e5521cd60a87e53676708533d0880f56ccdce0f847287fdf5bbfbcd39cee8a1c4dda3e5d9f6fbf464706a1abbbb38210b574ffee7ae534c12b095,"Keep-Alive:timeout=5, max=97
Server:Apache/2.4.25 (Debian)
Connection:Keep-Alive
Last-Modified:Mon, 11 May 2026 22:41:08 GMT
Pragma:no-cache
Date:Mon, 11 May 2026 22:41:08 GMT
Cache-Control:no-store, no-cache, must-revalidate, post-check=0, pre-check=0
Content-Encoding:gzip
Vary:Accept-Encoding
Expires:Wed, 17 Aug 2005 00:00:00 GMT
Content-Length:4827
X-Powered-By:PHP/7.1.29
Content-Type:text/html; charset=utf-8
",2f945a85ed5a1642c1e4f8425f7e372457e0f7cc1f0b74b40d10a368d6450eeb6520001ab6f0b634c51c96ef4c9173d7b0e4b87d010896dfd3b4bc9b63caee8e,200
http://web/,GET,"Cookie:9d4bb4a09f511681369671a08beff228=e1cd05c0536e110d3896145117f19b57
Accept:text/html,application/xhtml+xml,application/xml;q=0.9,image/avif,image/webp,image/apng,*/*;q=0.8,application/signed-exchange;v=b3;q=0.9
User-Agent:Mozilla/5.0 (X11; Linux x86_64) AppleWebKit/537.36 (KHTML, like Gecko) Chrome/85.0.4183.102 Safari/537.36
Upgrade-Insecure-Requests:1
",cf83e1357eefb8bdf1542850d66d8007d620e4050b5715dc83f4a921d36ce9ce47d0d13c5d85f2b0ff8318d2877eec2f63b931bd47417a81a538327af927da3e,"Keep-Alive:timeout=5, max=67
Server:Apache/2.4.25 (Debian)
Connection:Keep-Alive
Date:Mon, 11 May 2026 22:41:37 GMT
Content-Length:52
X-Powered-By:PHP/7.1.29
Location:installation/index.php
Content-Type:text/html; charset=UTF-8
",cf83e1357eefb8bdf1542850d66d8007d620e4050b5715dc83f4a921d36ce9ce47d0d13c5d85f2b0ff8318d2877eec2f63b931bd47417a81a538327af927da3e,302
http://web/media/jui/js/jquery-noconflict.js?bfa15b87d418dce64311672b084cf71b,GET,"Cookie:9d4bb4a09f511681369671a08beff228=e1cd05c0536e110d3896145117f19b57
Accept:*/*
User-Agent:Mozilla/5.0 (X11; Linux x86_64) AppleWebKit/537.36 (KHTML, like Gecko) Chrome/85.0.4183.102 Safari/537.36
Referer:http://web/installation/index.php
",cf83e1357eefb8bdf1542850d66d8007d620e4050b5715dc83f4a921d36ce9ce47d0d13c5d85f2b0ff8318d2877eec2f63b931bd47417a81a538327af927da3e,"Keep-Alive:timeout=5, max=99
Server:Apache/2.4.25 (Debian)
Connection:Keep-Alive
Last-Modified:Mon, 06 May 2019 20:34:16 GMT
Date:Mon, 11 May 2026 22:30:44 GMT
Accept-Ranges:bytes
ETag:""15-5883e06252200""
Content-Length:21
Content-Type:application/javascript
",dcc2117e42859d51017047b468a99f65d74d45ac2e86ae1cc5605e39041ff2164e562756d93a89fa1f71cbd331f958b351c5afe952a47a560120e080d63bd623,200
http://web/installation/index.php,POST,"Origin:http://web
Cookie:9d4bb4a09f511681369671a08beff228=e1cd05c0536e110d3896145117f19b57
Accept:application/json, text/javascript, */*; q=0.01
X-Requested-With:XMLHttpRequest
User-Agent:Mozilla/5.0 (X11; Linux x86_64) AppleWebKit/537.36 (KHTML, like Gecko) Chrome/85.0.4183.102 Safari/537.36
Referer:http://web/installation/index.php
Content-Type:application/x-www-form-urlencoded; charset=UTF-8
",8a24db1c073e5521cd60a87e53676708533d0880f56ccdce0f847287fdf5bbfbcd39cee8a1c4dda3e5d9f6fbf464706a1abbbb38210b574ffee7ae534c12b095,"Keep-Alive:timeout=5, max=52
Server:Apache/2.4.25 (Debian)
Connection:Keep-Alive
Last-Modified:Mon, 11 May 2026 22:15:08 GMT
Pragma:no-cache
Date:Mon, 11 May 2026 22:15:08 GMT
Cache-Control:no-store, no-cache, must-revalidate, post-check=0, pre-check=0
Content-Encoding:gzip
Vary:Accept-Encoding
Expires:Wed, 17 Aug 2005 00:00:00 GMT
Content-Length:4827
X-Powered-By:PHP/7.1.29
Content-Type:text/html; charset=utf-8
",79404da8067e62e6926a1d31f828117dbcd46903f052e11e22748f4501800b92f6c00060662a6b712a4e21e9e6a42a4b552d4fb64f3ace22432e2b746d66323c,200
http://web/media/jui/css/bootstrap-responsive.min.css?bb6ce90dbb74fabedd2d70ffa4d390e3,GET,"Cookie:9d4bb4a09f511681369671a08beff228=e1cd05c0536e110d3896145117f19b57
Accept:text/css,*/*;q=0.1
User-Agent:Mozilla/5.0 (X11; Linux x86_64) AppleWebKit/537.36 (KHTML, like Gecko) Chrome/85.0.4183.102 Safari/537.36
Referer:http://web/installation/index.php
",cf83e1357eefb8bdf1542850d66d8007d620e4050b5715dc83f4a921d36ce9ce47d0d13c5d85f2b0ff8318d2877eec2f63b931bd47417a81a538327af927da3e,"Server:Apache/2.4.25 (Debian)
Last-Modified:Mon, 06 May 2019 20:34:16 GMT
Date:Mon, 11 May 2026 22:36:10 GMT
Accept-Ranges:bytes
ETag:""4135-5883e06252200-gzip""
Content-Encoding:gzip
Vary:Accept-Encoding
Content-Length:3947
Content-Type:text/css
",25c42bb76fe0a571ae6412ba205f473b1dcab20add2358a16f74537bd4dbd4255f199961f3c5dae9ee07c9991df2413d9cb2e896361bc153e7988b1416753e11,200
http://web/installation/template/css/template.css?72f2362f0d5d36c85ec842267bdd70d2,GET,"Cookie:9d4bb4a09f511681369671a08beff228=e1cd05c0536e110d3896145117f19b57
Accept:text/css,*/*;q=0.1
User-Agent:Mozilla/5.0 (X11; Linux x86_64) AppleWebKit/537.36 (KHTML, like Gecko) Chrome/85.0.4183.102 Safari/537.36
Referer:http://web/installation/index.php
",cf83e1357eefb8bdf1542850d66d8007d620e4050b5715dc83f4a921d36ce9ce47d0d13c5d85f2b0ff8318d2877eec2f63b931bd47417a81a538327af927da3e,"Keep-Alive:timeout=5, max=100
Server:Apache/2.4.25 (Debian)
Connection:Keep-Alive
Last-Modified:Mon, 06 May 2019 20:34:16 GMT
Date:Mon, 11 May 2026 22:35:59 GMT
Accept-Ranges:bytes
ETag:""15f2-5883e06252200-gzip""
Content-Encoding:gzip
Vary:Accept-Encoding
Content-Length:1722
Content-Type:text/css
",1519c822f513baa110c731fd3babe0719c1d75cc57a4cae4acc38075f1af3f9f842ba5979d24735049971fa6fb3022dfa1ebbdd3c7861111f4506ba3517cf77e,200
http://web/media/jui/js/jquery-migrate.min.js?0fbacbbcd2ffda475076daa7d8d1373f,GET,"Cookie:9d4bb4a09f511681369671a08beff228=e1cd05c0536e110d3896145117f19b57
Accept:*/*
User-Agent:Mozilla/5.0 (X11; Linux x86_64) AppleWebKit/537.36 (KHTML, like Gecko) Chrome/85.0.4183.102 Safari/537.36
Referer:http://web/installation/index.php
",cf83e1357eefb8bdf1542850d66d8007d620e4050b5715dc83f4a921d36ce9ce47d0d13c5d85f2b0ff8318d2877eec2f63b931bd47417a81a538327af927da3e,"Keep-Alive:timeout=5, max=100
Server:Apache/2.4.25 (Debian)
Connection:Keep-Alive
Last-Modified:Mon, 06 May 2019 20:34:16 GMT
Date:Mon, 11 May 2026 22:15:02 GMT
Accept-Ranges:bytes
ETag:""2748-5883e06252200-gzip""
Content-Encoding:gzip
Vary:Accept-Encoding
Content-Length:4014
Content-Type:application/javascript
",b74a2f03c64e883b9a34de43690429327dfb4aa230a7a6afca8150a16e3d84e98461245ff264c26368d9904562cc34fe219f71f951d364fa5c68c039b76776cd,200
http://web/installation/index.php,GET,"Cookie:9d4bb4a09f511681369671a08beff228=e1cd05c0536e110d3896145117f19b57
Accept:text/html,application/xhtml+xml,application/xml;q=0.9,image/avif,image/webp,image/apng,*/*;q=0.8,application/signed-exchange;v=b3;q=0.9
User-Agent:Mozilla/5.0 (X11; Linux x86_64) AppleWebKit/537.36 (KHTML, like Gecko) Chrome/85.0.4183.102 Safari/537.36
Upgrade-Insecure-Requests:1
",cf83e1357eefb8bdf1542850d66d8007d620e4050b5715dc83f4a921d36ce9ce47d0d13c5d85f2b0ff8318d2877eec2f63b931bd47417a81a538327af927da3e,"Keep-Alive:timeout=5, max=93
Server:Apache/2.4.25 (Debian)
Connection:Keep-Alive
Last-Modified:Mon, 11 May 2026 22:41:11 GMT
Pragma:no-cache
Date:Mon, 11 May 2026 22:41:11 GMT
Cache-Control:no-store, no-cache, must-revalidate, post-check=0, pre-check=0
Content-Encoding:gzip
Vary:Accept-Encoding
Expires:Wed, 17 Aug 2005 00:00:00 GMT
Content-Length:4826
X-Powered-By:PHP/7.1.29
Content-Type:text/html; charset=utf-8
",7365a087c363bdb77b6e4aa516d998269036e8179ef4a57b1a545ee3ac3661bb3820660107658b751cd692af99b82935c217bdba8d091a8ecd7978506e6c8fe6,200
http://web/installation/index.php,POST,"Origin:http://web
Cookie:9d4bb4a09f511681369671a08beff228=e1cd05c0536e110d3896145117f19b57
Accept:application/json, text/javascript, */*; q=0.01
X-Requested-With:XMLHttpRequest
User-Agent:Mozilla/5.0 (X11; Linux x86_64) AppleWebKit/537.36 (KHTML, like Gecko) Chrome/85.0.4183.102 Safari/537.36
Referer:http://web/installation/index.php
Content-Type:application/x-www-form-urlencoded; charset=UTF-8
",4e24cdcd9e4b9d0d9448ab0a11f5bca70ae80be2d8904296730237e67c371a59d272b3d66f9b65814e4fa624f93492e42a313b6fe1ad9c541928fafe9af9077a,"Keep-Alive:timeout=5, max=92
Server:Apache/2.4.25 (Debian)
Connection:Keep-Alive
Last-Modified:Mon, 11 May 2026 22:41:13 GMT
Pragma:no-cache
Date:Mon, 11 May 2026 22:41:13 GMT
Cache-Control:no-store, no-cache, must-revalidate, post-check=0, pre-check=0
Content-Encoding:gzip
Vary:Accept-Encoding
Expires:Wed, 17 Aug 2005 00:00:00 GMT
Content-Length:4827
X-Powered-By:PHP/7.1.29
Content-Type:text/html; charset=utf-8
",9d4916ea7af10fedbd3e7b170741f2acdbe8d259d3e78874433ddf58f1afa07b1b56dc91b34d581600eed3a5d447b53ca021f6b27aa057fd13014a835f91aedd,200
http://web/,GET,"Cookie:9d4bb4a09f511681369671a08beff228=e1cd05c0536e110d3896145117f19b57
Accept:text/html,application/xhtml+xml,application/xml;q=0.9,image/avif,image/webp,image/apng,*/*;q=0.8,application/signed-exchange;v=b3;q=0.9
User-Agent:Mozilla/5.0 (X11; Linux x86_64) AppleWebKit/537.36 (KHTML, like Gecko) Chrome/85.0.4183.102 Safari/537.36
Upgrade-Insecure-Requests:1
",cf83e1357eefb8bdf1542850d66d8007d620e4050b5715dc83f4a921d36ce9ce47d0d13c5d85f2b0ff8318d2877eec2f63b931bd47417a81a538327af927da3e,"Keep-Alive:timeout=5, max=35
Server:Apache/2.4.25 (Debian)
Connection:Keep-Alive
Date:Mon, 11 May 2026 22:15:24 GMT
Content-Length:52
X-Powered-By:PHP/7.1.29
Location:installation/index.php
Content-Type:text/html; charset=UTF-8
",cf83e1357eefb8bdf1542850d66d8007d620e4050b5715dc83f4a921d36ce9ce47d0d13c5d85f2b0ff8318d2877eec2f63b931bd47417a81a538327af927da3e,302
http://web/installation/index.php?tmpl=body&view=site,GET,"Cookie:9d4bb4a09f511681369671a08beff228=e1cd05c0536e110d3896145117f19b57
Accept:text/html, */*; q=0.01
X-Requested-With:XMLHttpRequest
User-Agent:Mozilla/5.0 (X11; Linux x86_64) AppleWebKit/537.36 (KHTML, like Gecko) Chrome/85.0.4183.102 Safari/537.36
Referer:http://web/installation/index.php
",cf83e1357eefb8bdf1542850d66d8007d620e4050b5715dc83f4a921d36ce9ce47d0d13c5d85f2b0ff8318d2877eec2f63b931bd47417a81a538327af927da3e,"Keep-Alive:timeout=5, max=55
Server:Apache/2.4.25 (Debian)
Connection:Keep-Alive
Last-Modified:Mon, 11 May 2026 22:15:06 GMT
Pragma:no-cache
Date:Mon, 11 May 2026 22:15:06 GMT
Cache-Control:no-store, no-cache, must-revalidate, post-check=0, pre-check=0
Content-Encoding:gzip
Vary:Accept-Encoding
Expires:Wed, 17 Aug 2005 00:00:00 GMT
Content-Length:3246
X-Powered-By:PHP/7.1.29
Content-Type:text/html; charset=utf-8
",d212f31fcaa87b0148567bffa609bc0ea6a7198be8b8f3c4ce9991ad29f778d53a13845d16bd7514191e1f0b0aba5795371a0dbf2982add004da81671b32f970,200
http://web/installation/index.php,GET,"Cookie:9d4bb4a09f511681369671a08beff228=e1cd05c0536e110d3896145117f19b57
Accept:text/html,application/xhtml+xml,application/xml;q=0.9,image/avif,image/webp,image/apng,*/*;q=0.8,application/signed-exchange;v=b3;q=0.9
User-Agent:Mozilla/5.0 (X11; Linux x86_64) AppleWebKit/537.36 (KHTML, like Gecko) Chrome/85.0.4183.102 Safari/537.36
Upgrade-Insecure-Requests:1
",cf83e1357eefb8bdf1542850d66d8007d620e4050b5715dc83f4a921d36ce9ce47d0d13c5d85f2b0ff8318d2877eec2f63b931bd47417a81a538327af927da3e,"Keep-Alive:timeout=5, max=88
Server:Apache/2.4.25 (Debian)
Connection:Keep-Alive
Last-Modified:Mon, 11 May 2026 22:41:16 GMT
Pragma:no-cache
Date:Mon, 11 May 2026 22:41:16 GMT
Cache-Control:no-store, no-cache, must-revalidate, post-check=0, pre-check=0
Content-Encoding:gzip
Vary:Accept-Encoding
Expires:Wed, 17 Aug 2005 00:00:00 GMT
Content-Length:4825
X-Powered-By:PHP/7.1.29
Content-Type:text/html; charset=utf-8
",38942d8a81bd0071416836b6aee32882d054c13c131efbc368aba606ba1e60a7d08bd5c61a3f34a21d81089433861bc764ebeb9d3bca68045a2a23c943b39438,200
http://web/installation/index.php,GET,"Cookie:9d4bb4a09f511681369671a08beff228=e1cd05c0536e110d3896145117f19b57
Accept:text/html,application/xhtml+xml,application/xml;q=0.9,image/avif,image/webp,image/apng,*/*;q=0.8,application/signed-exchange;v=b3;q=0.9
User-Agent:Mozilla/5.0 (X11; Linux x86_64) AppleWebKit/537.36 (KHTML, like Gecko) Chrome/85.0.4183.102 Safari/537.36
Upgrade-Insecure-Requests:1
",cf83e1357eefb8bdf1542850d66d8007d620e4050b5715dc83f4a921d36ce9ce47d0d13c5d85f2b0ff8318d2877eec2f63b931bd47417a81a538327af927da3e,"Keep-Alive:timeout=5, max=62
Server:Apache/2.4.25 (Debian)
Connection:Keep-Alive
Last-Modified:Mon, 11 May 2026 22:15:02 GMT
Pragma:no-cache
Date:Mon, 11 May 2026 22:15:02 GMT
Cache-Control:no-store, no-cache, must-revalidate, post-check=0, pre-check=0
Content-Encoding:gzip
Vary:Accept-Encoding
Expires:Wed, 17 Aug 2005 00:00:00 GMT
Content-Length:4827
X-Powered-By:PHP/7.1.29
Content-Type:text/html; charset=utf-8
",926c0dfc95f31469279c72e2c818fcc3c0a8556c3672e98abef973f26ebfd46c62c15c50531ce3349504c4dc657da8862d0ed24f190934086dc302e3485e79d8,200
http://web/installation/index.php,POST,"Origin:http://web
Cookie:9d4bb4a09f511681369671a08beff228=e1cd05c0536e110d3896145117f19b57
Accept:application/json, text/javascript, */*; q=0.01
X-Requested-With:XMLHttpRequest
User-Agent:Mozilla/5.0 (X11; Linux x86_64) AppleWebKit/537.36 (KHTML, like Gecko) Chrome/85.0.4183.102 Safari/537.36
Referer:http://web/installation/index.php
Content-Type:application/x-www-form-urlencoded; charset=UTF-8
",6de9eb1bbff2b5b5b58b67bc79282279d4a2788771ef332f4bb36877761dc279ab1cc1576334ca3a454a62276f41e69feecfed253f1e8d264695c1e9d32cb81b,"Keep-Alive:timeout=5, max=86
Server:Apache/2.4.25 (Debian)
Connection:Keep-Alive
Last-Modified:Mon, 11 May 2026 22:31:19 GMT
Pragma:no-cache
Date:Mon, 11 May 2026 22:31:19 GMT
Cache-Control:no-store, no-cache, must-revalidate, post-check=0, pre-check=0
Content-Encoding:gzip
Vary:Accept-Encoding
Expires:Wed, 17 Aug 2005 00:00:00 GMT
Content-Length:4830
X-Powered-By:PHP/7.1.29
Content-Type:text/html; charset=utf-8
",42e544dc276383d983116b95a8e97d99af254bf76787b68296d37eef8e11c537e6908c9e8176c82b38f0014bfd6ba0acd795f7becfb649a59bc460c07419c07c,200
http://web/media/jui/js/bootstrap.min.js?bfa15b87d418dce64311672b084cf71b,GET,"Cookie:9d4bb4a09f511681369671a08beff228=e1cd05c0536e110d3896145117f19b57
Accept:*/*
User-Agent:Mozilla/5.0 (X11; Linux x86_64) AppleWebKit/537.36 (KHTML, like Gecko) Chrome/85.0.4183.102 Safari/537.36
Referer:http://web/installation/index.php
",cf83e1357eefb8bdf1542850d66d8007d620e4050b5715dc83f4a921d36ce9ce47d0d13c5d85f2b0ff8318d2877eec2f63b931bd47417a81a538327af927da3e,"Keep-Alive:timeout=5, max=99
Server:Apache/2.4.25 (Debian)
Connection:Keep-Alive
Last-Modified:Mon, 06 May 2019 20:34:16 GMT
Date:Mon, 11 May 2026 22:30:44 GMT
Accept-Ranges:bytes
ETag:""71c6-5883e06252200-gzip""
Content-Encoding:gzip
Vary:Accept-Encoding
Content-Length:7747
Content-Type:application/javascript
",6e8c4c30f5b7f6b25309763f5442f50cc427f846955fbdb700f84354961a26adee892ec8b923d3e0284eda5bf49879ba7776cc50d38315ac5adb4ce38d9bf173,200
http://web/media/jui/js/jquery-migrate.min.js?72f2362f0d5d36c85ec842267bdd70d2,GET,"Cookie:9d4bb4a09f511681369671a08beff228=e1cd05c0536e110d3896145117f19b57
Accept:*/*
User-Agent:Mozilla/5.0 (X11; Linux x86_64) AppleWebKit/537.36 (KHTML, like Gecko) Chrome/85.0.4183.102 Safari/537.36
Referer:http://web/installation/index.php
",cf83e1357eefb8bdf1542850d66d8007d620e4050b5715dc83f4a921d36ce9ce47d0d13c5d85f2b0ff8318d2877eec2f63b931bd47417a81a538327af927da3e,"Keep-Alive:timeout=5, max=99
Server:Apache/2.4.25 (Debian)
Connection:Keep-Alive
Last-Modified:Mon, 06 May 2019 20:34:16 GMT
Date:Mon, 11 May 2026 22:35:59 GMT
Accept-Ranges:bytes
ETag:""2748-5883e06252200-gzip""
Content-Encoding:gzip
Vary:Accept-Encoding
Content-Length:4014
Content-Type:application/javascript
",b74a2f03c64e883b9a34de43690429327dfb4aa230a7a6afca8150a16e3d84e98461245ff264c26368d9904562cc34fe219f71f951d364fa5c68c039b76776cd,200
http://web/media/jui/js/jquery.min.js?72f2362f0d5d36c85ec842267bdd70d2,GET,"Cookie:9d4bb4a09f511681369671a08beff228=e1cd05c0536e110d3896145117f19b57
Accept:*/*
User-Agent:Mozilla/5.0 (X11; Linux x86_64) AppleWebKit/537.36 (KHTML, like Gecko) Chrome/85.0.4183.102 Safari/537.36
Referer:http://web/installation/index.php
",cf83e1357eefb8bdf1542850d66d8007d620e4050b5715dc83f4a921d36ce9ce47d0d13c5d85f2b0ff8318d2877eec2f63b931bd47417a81a538327af927da3e,"Keep-Alive:timeout=5, max=100
Server:Apache/2.4.25 (Debian)
Connection:Keep-Alive
Last-Modified:Mon, 06 May 2019 20:34:16 GMT
Date:Mon, 11 May 2026 22:35:59 GMT
Accept-Ranges:bytes
ETag:""1795e-5883e06252200-gzip""
Content-Encoding:gzip
Vary:Accept-Encoding
Content-Length:33659
Content-Type:application/javascript
",c504c83f430ae03000216d7b189b9d0e72f67fcb66c4434837b566fa9eea722607a1b18241f277385ff4a116dfd03c467279def6993805e5e823ed54b7a48fcf,200
http://web/installation/index.php,POST,"Origin:http://web
Cookie:9d4bb4a09f511681369671a08beff228=e1cd05c0536e110d3896145117f19b57
Accept:application/json, text/javascript, */*; q=0.01
X-Requested-With:XMLHttpRequest
User-Agent:Mozilla/5.0 (X11; Linux x86_64) AppleWebKit/537.36 (KHTML, like Gecko) Chrome/85.0.4183.102 Safari/537.36
Referer:http://web/installation/index.php
Content-Type:application/x-www-form-urlencoded; charset=UTF-8
",2930f0e670d06df957c6489e0acf6c3c0ae2768547a1ad77575df1929dc750065ba18b2ee76c3d091f18aba5fdf2fb1e2e6bcbccabad5d1a49e59b956a7826a1,"Keep-Alive:timeout=5, max=68
Server:Apache/2.4.25 (Debian)
Connection:Keep-Alive
Last-Modified:Mon, 11 May 2026 22:35:55 GMT
Pragma:no-cache
Date:Mon, 11 May 2026 22:35:54 GMT
Cache-Control:no-store, no-cache, must-revalidate, post-check=0, pre-check=0
Content-Encoding:gzip
Vary:Accept-Encoding
Expires:Wed, 17 Aug 2005 00:00:00 GMT
Content-Length:4828
X-Powered-By:PHP/7.1.29
Content-Type:text/html; charset=utf-8
",36da238370403caafe98e5fcb52abf3d0bbc668f50cfb0ac3913c5d7b3be543cd15c251cf0717b1ec2adb8711e0fca12049268a9870ca7f11dd10419707f22de,200
http://web/installation/index.php?tmpl=body&view=site,GET,"Cookie:9d4bb4a09f511681369671a08beff228=e1cd05c0536e110d3896145117f19b57
Accept:text/html, */*; q=0.01
X-Requested-With:XMLHttpRequest
User-Agent:Mozilla/5.0 (X11; Linux x86_64) AppleWebKit/537.36 (KHTML, like Gecko) Chrome/85.0.4183.102 Safari/537.36
Referer:http://web/installation/index.php
",cf83e1357eefb8bdf1542850d66d8007d620e4050b5715dc83f4a921d36ce9ce47d0d13c5d85f2b0ff8318d2877eec2f63b931bd47417a81a538327af927da3e,"Keep-Alive:timeout=5, max=97
Server:Apache/2.4.25 (Debian)
Connection:Keep-Alive
Last-Modified:Mon, 11 May 2026 22:31:06 GMT
Pragma:no-cache
Date:Mon, 11 May 2026 22:31:06 GMT
Cache-Control:no-store, no-cache, must-revalidate, post-check=0, pre-check=0
Content-Encoding:gzip
Vary:Accept-Encoding
Expires:Wed, 17 Aug 2005 00:00:00 GMT
Content-Length:3246
X-Powered-By:PHP/7.1.29
Content-Type:text/html; charset=utf-8
",92873a2783d97fc7494315d33c85ea17d32ebd2ede19ddaa25a839a5fe1e152ad0099a0109dcf808c110735ec0fb996698baeb7ff1d0cc1e5346398da057089d,200
http://web/,GET,"Cookie:9d4bb4a09f511681369671a08beff228=e1cd05c0536e110d3896145117f19b57
Accept:text/html,application/xhtml+xml,application/xml;q=0.9,image/avif,image/webp,image/apng,*/*;q=0.8,application/signed-exchange;v=b3;q=0.9
User-Agent:Mozilla/5.0 (X11; Linux x86_64) AppleWebKit/537.36 (KHTML, like Gecko) Chrome/85.0.4183.102 Safari/537.36
Upgrade-Insecure-Requests:1
",cf83e1357eefb8bdf1542850d66d8007d620e4050b5715dc83f4a921d36ce9ce47d0d13c5d85f2b0ff8318d2877eec2f63b931bd47417a81a538327af927da3e,"Keep-Alive:timeout=5, max=76
Server:Apache/2.4.25 (Debian)
Connection:Keep-Alive
Date:Mon, 11 May 2026 22:41:27 GMT
Content-Length:52
X-Powered-By:PHP/7.1.29
Location:installation/index.php
Content-Type:text/html; charset=UTF-8
",cf83e1357eefb8bdf1542850d66d8007d620e4050b5715dc83f4a921d36ce9ce47d0d13c5d85f2b0ff8318d2877eec2f63b931bd47417a81a538327af927da3e,302
http://web/media/jui/js/jquery.min.js?68be82d891257286afd40aa6194cd899,GET,"Cookie:9d4bb4a09f511681369671a08beff228=e1cd05c0536e110d3896145117f19b57
Accept:*/*
User-Agent:Mozilla/5.0 (X11; Linux x86_64) AppleWebKit/537.36 (KHTML, like Gecko) Chrome/85.0.4183.102 Safari/537.36
Referer:http://web/installation/index.php
",cf83e1357eefb8bdf1542850d66d8007d620e4050b5715dc83f4a921d36ce9ce47d0d13c5d85f2b0ff8318d2877eec2f63b931bd47417a81a538327af927da3e,"Keep-Alive:timeout=5, max=99
Server:Apache/2.4.25 (Debian)
Connection:Keep-Alive
Last-Modified:Mon, 06 May 2019 20:34:16 GMT
Date:Mon, 11 May 2026 22:42:02 GMT
Accept-Ranges:bytes
ETag:""1795e-5883e06252200-gzip""
Content-Encoding:gzip
Vary:Accept-Encoding
Content-Length:33659
Content-Type:application/javascript
",c504c83f430ae03000216d7b189b9d0e72f67fcb66c4434837b566fa9eea722607a1b18241f277385ff4a116dfd03c467279def6993805e5e823ed54b7a48fcf,200
http://web/installation/index.php,GET,"Cookie:9d4bb4a09f511681369671a08beff228=e1cd05c0536e110d3896145117f19b57
Accept:text/html,application/xhtml+xml,application/xml;q=0.9,image/avif,image/webp,image/apng,*/*;q=0.8,application/signed-exchange;v=b3;q=0.9
User-Agent:Mozilla/5.0 (X11; Linux x86_64) AppleWebKit/537.36 (KHTML, like Gecko) Chrome/85.0.4183.102 Safari/537.36
Upgrade-Insecure-Requests:1
",cf83e1357eefb8bdf1542850d66d8007d620e4050b5715dc83f4a921d36ce9ce47d0d13c5d85f2b0ff8318d2877eec2f63b931bd47417a81a538327af927da3e,"Keep-Alive:timeout=5, max=80
Server:Apache/2.4.25 (Debian)
Connection:Keep-Alive
Last-Modified:Mon, 11 May 2026 22:14:47 GMT
Pragma:no-cache
Date:Mon, 11 May 2026 22:14:47 GMT
Cache-Control:no-store, no-cache, must-revalidate, post-check=0, pre-check=0
Content-Encoding:gzip
Vary:Accept-Encoding
Expires:Wed, 17 Aug 2005 00:00:00 GMT
Content-Length:4824
X-Powered-By:PHP/7.1.29
Content-Type:text/html; charset=utf-8
",e86a348fd1414641782bbbedca801e0c8aaee91577fc39de47f468f08fe80e489824faae3156a26bc83b220110133ca5f47f5ee5c2893112473f1e543735ead3,200
http://web/,GET,"Cookie:9d4bb4a09f511681369671a08beff228=e1cd05c0536e110d3896145117f19b57
Accept:text/html,application/xhtml+xml,application/xml;q=0.9,image/avif,image/webp,image/apng,*/*;q=0.8,application/signed-exchange;v=b3;q=0.9
User-Agent:Mozilla/5.0 (X11; Linux x86_64) AppleWebKit/537.36 (KHTML, like Gecko) Chrome/85.0.4183.102 Safari/537.36
Upgrade-Insecure-Requests:1
",cf83e1357eefb8bdf1542850d66d8007d620e4050b5715dc83f4a921d36ce9ce47d0d13c5d85f2b0ff8318d2877eec2f63b931bd47417a81a538327af927da3e,"Keep-Alive:timeout=5, max=42
Server:Apache/2.4.25 (Debian)
Connection:Keep-Alive
Date:Mon, 11 May 2026 22:42:02 GMT
Content-Length:52
X-Powered-By:PHP/7.1.29
Location:installation/index.php
Content-Type:text/html; charset=UTF-8
",cf83e1357eefb8bdf1542850d66d8007d620e4050b5715dc83f4a921d36ce9ce47d0d13c5d85f2b0ff8318d2877eec2f63b931bd47417a81a538327af927da3e,302
http://web/media/jui/css/chosen.css?0fbacbbcd2ffda475076daa7d8d1373f,GET,"Cookie:9d4bb4a09f511681369671a08beff228=e1cd05c0536e110d3896145117f19b57
Accept:text/css,*/*;q=0.1
User-Agent:Mozilla/5.0 (X11; Linux x86_64) AppleWebKit/537.36 (KHTML, like Gecko) Chrome/85.0.4183.102 Safari/537.36
Referer:http://web/installation/index.php
",cf83e1357eefb8bdf1542850d66d8007d620e4050b5715dc83f4a921d36ce9ce47d0d13c5d85f2b0ff8318d2877eec2f63b931bd47417a81a538327af927da3e,"Server:Apache/2.4.25 (Debian)
Last-Modified:Mon, 06 May 2019 20:34:16 GMT
Date:Mon, 11 May 2026 22:15:02 GMT
Accept-Ranges:bytes
ETag:""2fea-5883e06252200-gzip""
Content-Encoding:gzip
Vary:Accept-Encoding
Content-Length:2407
Content-Type:text/css
",d0e168c2df9ecc29d8525bb30e84630af16c68eeaeec790a6166c183eaa7e7432b02b7937abb7670aafd1755ac038b5f049a9ca21a03e953f7d9dae845fc25ca,200
http://web/media/jui/js/jquery-migrate.min.js?28bdf9aa17138f961389d908dc5c3cbe,GET,"Cookie:9d4bb4a09f511681369671a08beff228=e1cd05c0536e110d3896145117f19b57
Accept:*/*
User-Agent:Mozilla/5.0 (X11; Linux x86_64) AppleWebKit/537.36 (KHTML, like Gecko) Chrome/85.0.4183.102 Safari/537.36
Referer:http://web/installation/index.php
",cf83e1357eefb8bdf1542850d66d8007d620e4050b5715dc83f4a921d36ce9ce47d0d13c5d85f2b0ff8318d2877eec2f63b931bd47417a81a538327af927da3e,"Keep-Alive:timeout=5, max=100
Server:Apache/2.4.25 (Debian)
Connection:Keep-Alive
Last-Modified:Mon, 06 May 2019 20:34:16 GMT
Date:Mon, 11 May 2026 22:41:07 GMT
Accept-Ranges:bytes
ETag:""2748-5883e06252200-gzip""
Content-Encoding:gzip
Vary:Accept-Encoding
Content-Length:4014
Content-Type:application/javascript
",b74a2f03c64e883b9a34de43690429327dfb4aa230a7a6afca8150a16e3d84e98461245ff264c26368d9904562cc34fe219f71f951d364fa5c68c039b76776cd,200
http://web/,GET,"Cookie:9d4bb4a09f511681369671a08beff228=e1cd05c0536e110d3896145117f19b57
Accept:text/html,application/xhtml+xml,application/xml;q=0.9,image/avif,image/webp,image/apng,*/*;q=0.8,application/signed-exchange;v=b3;q=0.9
User-Agent:Mozilla/5.0 (X11; Linux x86_64) AppleWebKit/537.36 (KHTML, like Gecko) Chrome/85.0.4183.102 Safari/537.36
Upgrade-Insecure-Requests:1
",cf83e1357eefb8bdf1542850d66d8007d620e4050b5715dc83f4a921d36ce9ce47d0d13c5d85f2b0ff8318d2877eec2f63b931bd47417a81a538327af927da3e,"Keep-Alive:timeout=5, max=84
Server:Apache/2.4.25 (Debian)
Connection:Keep-Alive
Date:Mon, 11 May 2026 22:14:44 GMT
Content-Length:52
X-Powered-By:PHP/7.1.29
Location:installation/index.php
Content-Type:text/html; charset=UTF-8
",cf83e1357eefb8bdf1542850d66d8007d620e4050b5715dc83f4a921d36ce9ce47d0d13c5d85f2b0ff8318d2877eec2f63b931bd47417a81a538327af927da3e,302
http://web/installation/index.php?tmpl=body&view=site,GET,"Cookie:9d4bb4a09f511681369671a08beff228=e1cd05c0536e110d3896145117f19b57
Accept:text/html, */*; q=0.01
X-Requested-With:XMLHttpRequest
User-Agent:Mozilla/5.0 (X11; Linux x86_64) AppleWebKit/537.36 (KHTML, like Gecko) Chrome/85.0.4183.102 Safari/537.36
Referer:http://web/installation/index.php
",cf83e1357eefb8bdf1542850d66d8007d620e4050b5715dc83f4a921d36ce9ce47d0d13c5d85f2b0ff8318d2877eec2f63b931bd47417a81a538327af927da3e,"Keep-Alive:timeout=5, max=96
Server:Apache/2.4.25 (Debian)
Connection:Keep-Alive
Last-Modified:Mon, 11 May 2026 22:14:34 GMT
Pragma:no-cache
Date:Mon, 11 May 2026 22:14:34 GMT
Cache-Control:no-store, no-cache, must-revalidate, post-check=0, pre-check=0
Content-Encoding:gzip
Vary:Accept-Encoding
Expires:Wed, 17 Aug 2005 00:00:00 GMT
Content-Length:3246
X-Powered-By:PHP/7.1.29
Content-Type:text/html; charset=utf-8
",15c0c8c2f6d102561cafdd04bad4af5f8186f9e326226b1d46d2a86cc5d59b340e9371f5ebc7ead08d204d9b6e4b9e64bcde7322a5a3f6aa9f4676342d13e544,200
http://web/installation/index.php,POST,"Origin:http://web
Cookie:9d4bb4a09f511681369671a08beff228=e1cd05c0536e110d3896145117f19b57
Accept:application/json, text/javascript, */*; q=0.01
X-Requested-With:XMLHttpRequest
User-Agent:Mozilla/5.0 (X11; Linux x86_64) AppleWebKit/537.36 (KHTML, like Gecko) Chrome/85.0.4183.102 Safari/537.36
Referer:http://web/installation/index.php
Content-Type:application/x-www-form-urlencoded; charset=UTF-8
",98dfc791b21dfb35e23a6e073126799dd8e0a805cc3c71b02ebc78c9361524f2a86004d3681c6fd41acf97737d303fa41bb278e2052b54dab1fd82cec6e27f79,"Keep-Alive:timeout=5, max=29
Server:Apache/2.4.25 (Debian)
Connection:Keep-Alive
Last-Modified:Mon, 11 May 2026 22:15:31 GMT
Pragma:no-cache
Date:Mon, 11 May 2026 22:15:31 GMT
Cache-Control:no-store, no-cache, must-revalidate, post-check=0, pre-check=0
Content-Encoding:gzip
Vary:Accept-Encoding
Expires:Wed, 17 Aug 2005 00:00:00 GMT
Content-Length:4827
X-Powered-By:PHP/7.1.29
Content-Type:text/html; charset=utf-8
",ae6f7e9947380559b5543591904177e506175443927e2273c0c6e4dda22e176e4f1afb0d64ad3dc683846e891d6d4a0e3eb99247b9108491aea21fdba9c27315,200
http://web/media/jui/css/chosen.css?59f35d200ba4bc3985c6a416f91ef038,GET,"Cookie:9d4bb4a09f511681369671a08beff228=e1cd05c0536e110d3896145117f19b57
Accept:text/css,*/*;q=0.1
User-Agent:Mozilla/5.0 (X11; Linux x86_64) AppleWebKit/537.36 (KHTML, like Gecko) Chrome/85.0.4183.102 Safari/537.36
Referer:http://web/installation/index.php
",cf83e1357eefb8bdf1542850d66d8007d620e4050b5715dc83f4a921d36ce9ce47d0d13c5d85f2b0ff8318d2877eec2f63b931bd47417a81a538327af927da3e,"Server:Apache/2.4.25 (Debian)
Last-Modified:Mon, 06 May 2019 20:34:16 GMT
Date:Mon, 11 May 2026 22:31:04 GMT
Accept-Ranges:bytes
ETag:""2fea-5883e06252200-gzip""
Content-Encoding:gzip
Vary:Accept-Encoding
Content-Length:2407
Content-Type:text/css
",d0e168c2df9ecc29d8525bb30e84630af16c68eeaeec790a6166c183eaa7e7432b02b7937abb7670aafd1755ac038b5f049a9ca21a03e953f7d9dae845fc25ca,200
http://web/installation/index.php,GET,"Cookie:9d4bb4a09f511681369671a08beff228=e1cd05c0536e110d3896145117f19b57
Accept:text/html,application/xhtml+xml,application/xml;q=0.9,image/avif,image/webp,image/apng,*/*;q=0.8,application/signed-exchange;v=b3;q=0.9
User-Agent:Mozilla/5.0 (X11; Linux x86_64) AppleWebKit/537.36 (KHTML, like Gecko) Chrome/85.0.4183.102 Safari/537.36
Upgrade-Insecure-Requests:1
",cf83e1357eefb8bdf1542850d66d8007d620e4050b5715dc83f4a921d36ce9ce47d0d13c5d85f2b0ff8318d2877eec2f63b931bd47417a81a538327af927da3e,"Keep-Alive:timeout=5, max=83
Server:Apache/2.4.25 (Debian)
Connection:Keep-Alive
Last-Modified:Mon, 11 May 2026 22:14:44 GMT
Pragma:no-cache
Date:Mon, 11 May 2026 22:14:44 GMT
Cache-Control:no-store, no-cache, must-revalidate, post-check=0, pre-check=0
Content-Encoding:gzip
Vary:Accept-Encoding
Expires:Wed, 17 Aug 2005 00:00:00 GMT
Content-Length:4824
X-Powered-By:PHP/7.1.29
Content-Type:text/html; charset=utf-8
",1134f94ab54baf1918175406af39adf45cf5f319669014929415aa79019218eeccc6e8b8f81c59f99a309a4e5db07b1f86cdc98932adb7a0a38e4206d6efe34a,200
http://web/installation/index.php,GET,"Cookie:9d4bb4a09f511681369671a08beff228=e1cd05c0536e110d3896145117f19b57
Accept:text/html,application/xhtml+xml,application/xml;q=0.9,image/avif,image/webp,image/apng,*/*;q=0.8,application/signed-exchange;v=b3;q=0.9
User-Agent:Mozilla/5.0 (X11; Linux x86_64) AppleWebKit/537.36 (KHTML, like Gecko) Chrome/85.0.4183.102 Safari/537.36
Upgrade-Insecure-Requests:1
",cf83e1357eefb8bdf1542850d66d8007d620e4050b5715dc83f4a921d36ce9ce47d0d13c5d85f2b0ff8318d2877eec2f63b931bd47417a81a538327af927da3e,"Keep-Alive:timeout=5, max=97
Server:Apache/2.4.25 (Debian)
Connection:Keep-Alive
Last-Modified:Mon, 11 May 2026 22:36:39 GMT
Pragma:no-cache
Date:Mon, 11 May 2026 22:36:36 GMT
Cache-Control:no-store, no-cache, must-revalidate, post-check=0, pre-check=0
Content-Encoding:gzip
Vary:Accept-Encoding
Expires:Wed, 17 Aug 2005 00:00:00 GMT
Content-Length:4828
X-Powered-By:PHP/7.1.29
Content-Type:text/html; charset=utf-8
",b1e900d24ecda778d2ea2c890b94fbf50530208c237b252407b92b3eefab42956967561cd7fd516ffaa2529cb37f520651d5c09a898ab69e275dd71f00cc4236,200
http://web/installation/index.php,POST,"Origin:http://web
Cookie:9d4bb4a09f511681369671a08beff228=e1cd05c0536e110d3896145117f19b57
Accept:application/json, text/javascript, */*; q=0.01
X-Requested-With:XMLHttpRequest
User-Agent:Mozilla/5.0 (X11; Linux x86_64) AppleWebKit/537.36 (KHTML, like Gecko) Chrome/85.0.4183.102 Safari/537.36
Referer:http://web/installation/index.php
Content-Type:application/x-www-form-urlencoded; charset=UTF-8
",c6a97cf252178198b2d83cf25fa7381c2a579eb82a695ee2ca8d0e1037fbbd75a2c77e60c5cc3442151be575fcefc9c4aafe39687b639fcc3cb7fb9b91d11604,"Keep-Alive:timeout=5, max=69
Server:Apache/2.4.25 (Debian)
Connection:Keep-Alive
Last-Modified:Mon, 11 May 2026 22:14:56 GMT
Pragma:no-cache
Date:Mon, 11 May 2026 22:14:56 GMT
Cache-Control:no-store, no-cache, must-revalidate, post-check=0, pre-check=0
Content-Encoding:gzip
Vary:Accept-Encoding
Expires:Wed, 17 Aug 2005 00:00:00 GMT
Content-Length:4822
X-Powered-By:PHP/7.1.29
Content-Type:text/html; charset=utf-8
",e12fa2c87666edadea05f14f9245260613d92e07bc82b189dd9c63031c555be341b887da23f84b0cd7c6882167b5c5fe64cc85e58f3c92fdd2aa996e7dd92008,200
http://web/installation/index.php,POST,"Origin:http://web
Cookie:9d4bb4a09f511681369671a08beff228=e1cd05c0536e110d3896145117f19b57
Accept:application/json, text/javascript, */*; q=0.01
X-Requested-With:XMLHttpRequest
User-Agent:Mozilla/5.0 (X11; Linux x86_64) AppleWebKit/537.36 (KHTML, like Gecko) Chrome/85.0.4183.102 Safari/537.36
Referer:http://web/installation/index.php
Content-Type:application/x-www-form-urlencoded; charset=UTF-8
",c2b731a58a8af008f81ca1d306bb82c5ca52bb1dff36a16dab362fa9ec6ffd9592bcf4b32ca29a89351b5b3451ebc1b1d29ccbb7294a2b7737098e1b1eeefc27,"Keep-Alive:timeout=5, max=37
Server:Apache/2.4.25 (Debian)
Connection:Keep-Alive
Last-Modified:Mon, 11 May 2026 22:15:22 GMT
Pragma:no-cache
Date:Mon, 11 May 2026 22:15:22 GMT
Cache-Control:no-store, no-cache, must-revalidate, post-check=0, pre-check=0
Content-Encoding:gzip
Vary:Accept-Encoding
Expires:Wed, 17 Aug 2005 00:00:00 GMT
Content-Length:4826
X-Powered-By:PHP/7.1.29
Content-Type:text/html; charset=utf-8
",31d130dfd1189de967e4d2615bb696da589f8cff83e60228feb8d51b12f56278714082f2c5b180e1c3f4364bf971b0b115ae3173b15fc4a884f139d889980f9b,200
http://web/media/system/js/punycode.js?28bdf9aa17138f961389d908dc5c3cbe,GET,"Cookie:9d4bb4a09f511681369671a08beff228=e1cd05c0536e110d3896145117f19b57
Accept:*/*
User-Agent:Mozilla/5.0 (X11; Linux x86_64) AppleWebKit/537.36 (KHTML, like Gecko) Chrome/85.0.4183.102 Safari/537.36
Referer:http://web/installation/index.php
",cf83e1357eefb8bdf1542850d66d8007d620e4050b5715dc83f4a921d36ce9ce47d0d13c5d85f2b0ff8318d2877eec2f63b931bd47417a81a538327af927da3e,"Keep-Alive:timeout=5, max=99
Server:Apache/2.4.25 (Debian)
Connection:Keep-Alive
Last-Modified:Mon, 06 May 2019 20:34:16 GMT
Date:Mon, 11 May 2026 22:41:07 GMT
Accept-Ranges:bytes
ETag:""b0c-5883e06252200-gzip""
Content-Encoding:gzip
Vary:Accept-Encoding
Content-Length:1522
Content-Type:application/javascript
",95d6c4af80c4ac32ee784fcc1f4502ddc0bf0cc0cd190e7a00ed36648aafb419c150f0f85adf5a29e88a85e36f639a209a8b4e9a158300a1f522b3a8dae4f640,200
http://web/installation/index.php,GET,"Accept:text/html,application/xhtml+xml,application/xml;q=0.9,image/avif,image/webp,image/apng,*/*;q=0.8,application/signed-exchange;v=b3;q=0.9
User-Agent:Mozilla/5.0 (X11; Linux x86_64) AppleWebKit/537.36 (KHTML, like Gecko) Chrome/85.0.4183.102 Safari/537.36
Upgrade-Insecure-Requests:1
",cf83e1357eefb8bdf1542850d66d8007d620e4050b5715dc83f4a921d36ce9ce47d0d13c5d85f2b0ff8318d2877eec2f63b931bd47417a81a538327af927da3e,"Keep-Alive:timeout=5, max=99
Server:Apache/2.4.25 (Debian)
Connection:Keep-Alive
Last-Modified:Mon, 11 May 2026 22:14:20 GMT
Pragma:no-cache
Date:Mon, 11 May 2026 22:14:19 GMT
Cache-Control:no-store, no-cache, must-revalidate, post-check=0, pre-check=0
Content-Encoding:gzip
Vary:Accept-Encoding
Expires:Wed, 17 Aug 2005 00:00:00 GMT
Content-Length:4823
X-Powered-By:PHP/7.1.29
Content-Type:text/html; charset=utf-8
",074bfa2bbb13cfaf9824c0c9f87fa08e93af13f408d4d5113a71cc3749ec3ba191dd5cc61d63ba3544d231c70a61621ec19eb5850015bda606dfc8ae312c9b5e,200
http://web/installation/index.php,GET,"Cookie:9d4bb4a09f511681369671a08beff228=e1cd05c0536e110d3896145117f19b57
Accept:text/html,application/xhtml+xml,application/xml;q=0.9,image/avif,image/webp,image/apng,*/*;q=0.8,application/signed-exchange;v=b3;q=0.9
User-Agent:Mozilla/5.0 (X11; Linux x86_64) AppleWebKit/537.36 (KHTML, like Gecko) Chrome/85.0.4183.102 Safari/537.36
Upgrade-Insecure-Requests:1
",cf83e1357eefb8bdf1542850d66d8007d620e4050b5715dc83f4a921d36ce9ce47d0d13c5d85f2b0ff8318d2877eec2f63b931bd47417a81a538327af927da3e,"Keep-Alive:timeout=5, max=34
Server:Apache/2.4.25 (Debian)
Connection:Keep-Alive
Last-Modified:Mon, 11 May 2026 22:15:24 GMT
Pragma:no-cache
Date:Mon, 11 May 2026 22:15:24 GMT
Cache-Control:no-store, no-cache, must-revalidate, post-check=0, pre-check=0
Content-Encoding:gzip
Vary:Accept-Encoding
Expires:Wed, 17 Aug 2005 00:00:00 GMT
Content-Length:4827
X-Powered-By:PHP/7.1.29
Content-Type:text/html; charset=utf-8
",5649a342fed39a2c97062a9acec7ac810ebbb30f707260b6db0f948487f6cb1994cf8d5f0b1476f7ae3491a6d1b74b1290849fcb2d65c1c62a37e142232ef7fa,200
http://web/installation/index.php,POST,"Origin:http://web
Cookie:9d4bb4a09f511681369671a08beff228=e1cd05c0536e110d3896145117f19b57
Accept:application/json, text/javascript, */*; q=0.01
X-Requested-With:XMLHttpRequest
User-Agent:Mozilla/5.0 (X11; Linux x86_64) AppleWebKit/537.36 (KHTML, like Gecko) Chrome/85.0.4183.102 Safari/537.36
Referer:http://web/installation/index.php
Content-Type:application/x-www-form-urlencoded; charset=UTF-8
",614a326a3dbe3455b76e1093eed3a7253bbf572c84d52547306431a09b5ebce5cec2e4045f02fecf154e299295f78977578a657a5dfadf1cf804c727a1e7d1f8,"Keep-Alive:timeout=5, max=1
Server:Apache/2.4.25 (Debian)
Connection:Keep-Alive
Last-Modified:Mon, 11 May 2026 22:30:52 GMT
Pragma:no-cache
Date:Mon, 11 May 2026 22:30:52 GMT
Cache-Control:no-store, no-cache, must-revalidate, post-check=0, pre-check=0
Content-Encoding:gzip
Vary:Accept-Encoding
Expires:Wed, 17 Aug 2005 00:00:00 GMT
Content-Length:4827
X-Powered-By:PHP/7.1.29
Content-Type:text/html; charset=utf-8
",0d0b1cf7f6542cbd947edbe6716d31e1b7d4657716cf85c3a17e76dc32adf5c124e02e2412d8a022d5f49813d9bf1f88939334865d1933a331b1903831b20cff,200
http://web/media/jui/css/bootstrap.min.css?28bdf9aa17138f961389d908dc5c3cbe,GET,"Cookie:9d4bb4a09f511681369671a08beff228=e1cd05c0536e110d3896145117f19b57
Accept:text/css,*/*;q=0.1
User-Agent:Mozilla/5.0 (X11; Linux x86_64) AppleWebKit/537.36 (KHTML, like Gecko) Chrome/85.0.4183.102 Safari/537.36
Referer:http://web/installation/index.php
",cf83e1357eefb8bdf1542850d66d8007d620e4050b5715dc83f4a921d36ce9ce47d0d13c5d85f2b0ff8318d2877eec2f63b931bd47417a81a538327af927da3e,"Server:Apache/2.4.25 (Debian)
Last-Modified:Mon, 06 May 2019 20:34:16 GMT
Date:Mon, 11 May 2026 22:41:07 GMT
Accept-Ranges:bytes
ETag:""19f02-5883e06252200-gzip""
Content-Encoding:gzip
Vary:Accept-Encoding
Content-Length:17143
Content-Type:text/css
",2756547abc65d82ca19886ad8a81e904d324bb933b774cf8a9c3df4972fad4e0257dd4a4b9006e0c475ca86f3ac9f40604b0af1833578e20f36753316e91982d,200
http://web/installation/favicon.ico,GET,"Cookie:9d4bb4a09f511681369671a08beff228=e1cd05c0536e110d3896145117f19b57
Accept:image/avif,image/webp,image/apng,image/*,*/*;q=0.8
User-Agent:Mozilla/5.0 (X11; Linux x86_64) AppleWebKit/537.36 (KHTML, like Gecko) Chrome/85.0.4183.102 Safari/537.36
Referer:http://web/installation/index.php
",cf83e1357eefb8bdf1542850d66d8007d620e4050b5715dc83f4a921d36ce9ce47d0d13c5d85f2b0ff8318d2877eec2f63b931bd47417a81a538327af927da3e,"Keep-Alive:timeout=5, max=92
Server:Apache/2.4.25 (Debian)
Connection:Keep-Alive
Last-Modified:Mon, 06 May 2019 20:34:16 GMT
Date:Mon, 11 May 2026 22:14:22 GMT
Accept-Ranges:bytes
ETag:""7e3-5883e06252200""
Content-Length:2019
Content-Type:image/vnd.microsoft.icon
",4c0f1c006849f5639a717465c4b706d50f72fc3b342d1e220d6bb343ac436b357f77e07be130b58005c793ef04b5793e508633eb7aa77955249aa66f6fde9a04,200
http://web/,GET,"Cookie:9d4bb4a09f511681369671a08beff228=e1cd05c0536e110d3896145117f19b57
Accept:text/html,application/xhtml+xml,application/xml;q=0.9,image/avif,image/webp,image/apng,*/*;q=0.8,application/signed-exchange;v=b3;q=0.9
User-Agent:Mozilla/5.0 (X11; Linux x86_64) AppleWebKit/537.36 (KHTML, like Gecko) Chrome/85.0.4183.102 Safari/537.36
Upgrade-Insecure-Requests:1
",cf83e1357eefb8bdf1542850d66d8007d620e4050b5715dc83f4a921d36ce9ce47d0d13c5d85f2b0ff8318d2877eec2f63b931bd47417a81a538327af927da3e,"Keep-Alive:timeout=5, max=31
Server:Apache/2.4.25 (Debian)
Connection:Keep-Alive
Date:Mon, 11 May 2026 22:15:29 GMT
Content-Length:52
X-Powered-By:PHP/7.1.29
Location:installation/index.php
Content-Type:text/html; charset=UTF-8
",cf83e1357eefb8bdf1542850d66d8007d620e4050b5715dc83f4a921d36ce9ce47d0d13c5d85f2b0ff8318d2877eec2f63b931bd47417a81a538327af927da3e,302
http://web/,GET,"Cookie:9d4bb4a09f511681369671a08beff228=e1cd05c0536e110d3896145117f19b57
Accept:text/html,application/xhtml+xml,application/xml;q=0.9,image/avif,image/webp,image/apng,*/*;q=0.8,application/signed-exchange;v=b3;q=0.9
User-Agent:Mozilla/5.0 (X11; Linux x86_64) AppleWebKit/537.36 (KHTML, like Gecko) Chrome/85.0.4183.102 Safari/537.36
Upgrade-Insecure-Requests:1
",cf83e1357eefb8bdf1542850d66d8007d620e4050b5715dc83f4a921d36ce9ce47d0d13c5d85f2b0ff8318d2877eec2f63b931bd47417a81a538327af927da3e,"Keep-Alive:timeout=5, max=44
Server:Apache/2.4.25 (Debian)
Connection:Keep-Alive
Date:Mon, 11 May 2026 22:15:15 GMT
Content-Length:52
X-Powered-By:PHP/7.1.29
Location:installation/index.php
Content-Type:text/html; charset=UTF-8
",cf83e1357eefb8bdf1542850d66d8007d620e4050b5715dc83f4a921d36ce9ce47d0d13c5d85f2b0ff8318d2877eec2f63b931bd47417a81a538327af927da3e,302
http://web/media/system/js/validate.js?bfa15b87d418dce64311672b084cf71b,GET,"Cookie:9d4bb4a09f511681369671a08beff228=e1cd05c0536e110d3896145117f19b57
Accept:*/*
User-Agent:Mozilla/5.0 (X11; Linux x86_64) AppleWebKit/537.36 (KHTML, like Gecko) Chrome/85.0.4183.102 Safari/537.36
Referer:http://web/installation/index.php
",cf83e1357eefb8bdf1542850d66d8007d620e4050b5715dc83f4a921d36ce9ce47d0d13c5d85f2b0ff8318d2877eec2f63b931bd47417a81a538327af927da3e,"Keep-Alive:timeout=5, max=98
Server:Apache/2.4.25 (Debian)
Connection:Keep-Alive
Last-Modified:Mon, 06 May 2019 20:34:16 GMT
Date:Mon, 11 May 2026 22:30:44 GMT
Accept-Ranges:bytes
ETag:""c2e-5883e06252200-gzip""
Content-Encoding:gzip
Vary:Accept-Encoding
Content-Length:1369
Content-Type:application/javascript
",ad1cd5392f1a34be74ef5c102d2dc356123b89fe8610d9bcc1946f3906374b604b9d9947dbe732a69833a64f3707a4381b85b2f0d8ab6261aa50795ca836baf6,200
http://web/installation/index.php,GET,"Cookie:9d4bb4a09f511681369671a08beff228=e1cd05c0536e110d3896145117f19b57
Accept:text/html,application/xhtml+xml,application/xml;q=0.9,image/avif,image/webp,image/apng,*/*;q=0.8,application/signed-exchange;v=b3;q=0.9
User-Agent:Mozilla/5.0 (X11; Linux x86_64) AppleWebKit/537.36 (KHTML, like Gecko) Chrome/85.0.4183.102 Safari/537.36
Upgrade-Insecure-Requests:1
",cf83e1357eefb8bdf1542850d66d8007d620e4050b5715dc83f4a921d36ce9ce47d0d13c5d85f2b0ff8318d2877eec2f63b931bd47417a81a538327af927da3e,"Keep-Alive:timeout=5, max=39
Server:Apache/2.4.25 (Debian)
Connection:Keep-Alive
Last-Modified:Mon, 11 May 2026 22:15:20 GMT
Pragma:no-cache
Date:Mon, 11 May 2026 22:15:19 GMT
Cache-Control:no-store, no-cache, must-revalidate, post-check=0, pre-check=0
Content-Encoding:gzip
Vary:Accept-Encoding
Expires:Wed, 17 Aug 2005 00:00:00 GMT
Content-Length:4828
X-Powered-By:PHP/7.1.29
Content-Type:text/html; charset=utf-8
",cf310e61b0bbd2f3962b4dbb28fe36c480a3edf14c751864cad51e1b02297778849f7dffca89e82abd3ec6c06fc942d39ba7d642877a5416e39e19dd9a22333d,200
http://web/media/jui/css/chosen.css?68be82d891257286afd40aa6194cd899,GET,"Cookie:9d4bb4a09f511681369671a08beff228=e1cd05c0536e110d3896145117f19b57
Accept:text/css,*/*;q=0.1
User-Agent:Mozilla/5.0 (X11; Linux x86_64) AppleWebKit/537.36 (KHTML, like Gecko) Chrome/85.0.4183.102 Safari/537.36
Referer:http://web/installation/index.php
",cf83e1357eefb8bdf1542850d66d8007d620e4050b5715dc83f4a921d36ce9ce47d0d13c5d85f2b0ff8318d2877eec2f63b931bd47417a81a538327af927da3e,"Keep-Alive:timeout=5, max=100
Server:Apache/2.4.25 (Debian)
Connection:Keep-Alive
Last-Modified:Mon, 06 May 2019 20:34:16 GMT
Date:Mon, 11 May 2026 22:42:02 GMT
Accept-Ranges:bytes
ETag:""2fea-5883e06252200-gzip""
Content-Encoding:gzip
Vary:Accept-Encoding
Content-Length:2407
Content-Type:text/css
",d0e168c2df9ecc29d8525bb30e84630af16c68eeaeec790a6166c183eaa7e7432b02b7937abb7670aafd1755ac038b5f049a9ca21a03e953f7d9dae845fc25ca,200
http://web/installation/index.php?tmpl=body&view=site,GET,"Cookie:9d4bb4a09f511681369671a08beff228=e1cd05c0536e110d3896145117f19b57
Accept:text/html, */*; q=0.01
X-Requested-With:XMLHttpRequest
User-Agent:Mozilla/5.0 (X11; Linux x86_64) AppleWebKit/537.36 (KHTML, like Gecko) Chrome/85.0.4183.102 Safari/537.36
Referer:http://web/installation/index.php
",cf83e1357eefb8bdf1542850d66d8007d620e4050b5715dc83f4a921d36ce9ce47d0d13c5d85f2b0ff8318d2877eec2f63b931bd47417a81a538327af927da3e,"Keep-Alive:timeout=5, max=65
Server:Apache/2.4.25 (Debian)
Connection:Keep-Alive
Last-Modified:Mon, 11 May 2026 22:14:59 GMT
Pragma:no-cache
Date:Mon, 11 May 2026 22:14:59 GMT
Cache-Control:no-store, no-cache, must-revalidate, post-check=0, pre-check=0
Content-Encoding:gzip
Vary:Accept-Encoding
Expires:Wed, 17 Aug 2005 00:00:00 GMT
Content-Length:3246
X-Powered-By:PHP/7.1.29
Content-Type:text/html; charset=utf-8
",481238c60b907c7b379bf6c3f4688a07ac565af3f6edd7741b9e3dda54498f3d6faa3d7c850bd8728925d43250fe629cdbc10efa2657a79ec5d984876edb309f,200
http://web/installation/index.php,POST,"Origin:http://web
Cookie:9d4bb4a09f511681369671a08beff228=e1cd05c0536e110d3896145117f19b57
Accept:application/json, text/javascript, */*; q=0.01
X-Requested-With:XMLHttpRequest
User-Agent:Mozilla/5.0 (X11; Linux x86_64) AppleWebKit/537.36 (KHTML, like Gecko) Chrome/85.0.4183.102 Safari/537.36
Referer:http://web/installation/index.php
Content-Type:application/x-www-form-urlencoded; charset=UTF-8
",8a24db1c073e5521cd60a87e53676708533d0880f56ccdce0f847287fdf5bbfbcd39cee8a1c4dda3e5d9f6fbf464706a1abbbb38210b574ffee7ae534c12b095,"Keep-Alive:timeout=5, max=71
Server:Apache/2.4.25 (Debian)
Connection:Keep-Alive
Last-Modified:Mon, 11 May 2026 22:31:37 GMT
Pragma:no-cache
Date:Mon, 11 May 2026 22:31:37 GMT
Cache-Control:no-store, no-cache, must-revalidate, post-check=0, pre-check=0
Content-Encoding:gzip
Vary:Accept-Encoding
Expires:Wed, 17 Aug 2005 00:00:00 GMT
Content-Length:4828
X-Powered-By:PHP/7.1.29
Content-Type:text/html; charset=utf-8
",db544be151ea5084606f1fe39db4b39a686d18f5572aea98dd7ca5a0a5f2aa21b4657d3901686cbedb0d34017c6789eec74c4a98cc9437e489dce9d24037a9dd,200
http://web/,GET,"Accept:text/html,application/xhtml+xml,application/xml;q=0.9,image/avif,image/webp,image/apng,*/*;q=0.8,application/signed-exchange;v=b3;q=0.9
User-Agent:Mozilla/5.0 (X11; Linux x86_64) AppleWebKit/537.36 (KHTML, like Gecko) Chrome/85.0.4183.102 Safari/537.36
Upgrade-Insecure-Requests:1
",cf83e1357eefb8bdf1542850d66d8007d620e4050b5715dc83f4a921d36ce9ce47d0d13c5d85f2b0ff8318d2877eec2f63b931bd47417a81a538327af927da3e,"Keep-Alive:timeout=5, max=100
Server:Apache/2.4.25 (Debian)
Connection:Keep-Alive
Date:Mon, 11 May 2026 22:14:19 GMT
Content-Length:52
X-Powered-By:PHP/7.1.29
Location:installation/index.php
Content-Type:text/html; charset=UTF-8
",cf83e1357eefb8bdf1542850d66d8007d620e4050b5715dc83f4a921d36ce9ce47d0d13c5d85f2b0ff8318d2877eec2f63b931bd47417a81a538327af927da3e,302
http://web/media/jui/css/bootstrap-extended.css?59f35d200ba4bc3985c6a416f91ef038,GET,"Cookie:9d4bb4a09f511681369671a08beff228=e1cd05c0536e110d3896145117f19b57
Accept:text/css,*/*;q=0.1
User-Agent:Mozilla/5.0 (X11; Linux x86_64) AppleWebKit/537.36 (KHTML, like Gecko) Chrome/85.0.4183.102 Safari/537.36
Referer:http://web/installation/index.php
",cf83e1357eefb8bdf1542850d66d8007d620e4050b5715dc83f4a921d36ce9ce47d0d13c5d85f2b0ff8318d2877eec2f63b931bd47417a81a538327af927da3e,"Keep-Alive:timeout=5, max=87
Server:Apache/2.4.25 (Debian)
Connection:Keep-Alive
Last-Modified:Mon, 06 May 2019 20:34:16 GMT
Date:Mon, 11 May 2026 22:31:04 GMT
Accept-Ranges:bytes
ETag:""2386-5883e06252200-gzip""
Content-Encoding:gzip
Vary:Accept-Encoding
Content-Length:2217
Content-Type:text/css
",f9172062f164f5d88a28d10b09e77fa1e668489523273ee187185bf6e2a73a2fbd3cdc9665ada844856099b9490c4a61835555c96934888d1eb9a9620f36a38c,200
http://web/installation/index.php,POST,"Origin:http://web
Cookie:9d4bb4a09f511681369671a08beff228=e1cd05c0536e110d3896145117f19b57
Accept:application/json, text/javascript, */*; q=0.01
X-Requested-With:XMLHttpRequest
User-Agent:Mozilla/5.0 (X11; Linux x86_64) AppleWebKit/537.36 (KHTML, like Gecko) Chrome/85.0.4183.102 Safari/537.36
Referer:http://web/installation/index.php
Content-Type:application/x-www-form-urlencoded; charset=UTF-8
",8a24db1c073e5521cd60a87e53676708533d0880f56ccdce0f847287fdf5bbfbcd39cee8a1c4dda3e5d9f6fbf464706a1abbbb38210b574ffee7ae534c12b095,"Keep-Alive:timeout=5, max=47
Server:Apache/2.4.25 (Debian)
Connection:Keep-Alive
Last-Modified:Mon, 11 May 2026 22:15:12 GMT
Pragma:no-cache
Date:Mon, 11 May 2026 22:15:12 GMT
Cache-Control:no-store, no-cache, must-revalidate, post-check=0, pre-check=0
Content-Encoding:gzip
Vary:Accept-Encoding
Expires:Wed, 17 Aug 2005 00:00:00 GMT
Content-Length:4825
X-Powered-By:PHP/7.1.29
Content-Type:text/html; charset=utf-8
",23b52a0679eb4e725fdf07fe34b105085c7a7693fc6889a94bf2471839a9584f79c006638409936b3f3158e959329d26f3c1af67a674b345f2b90e01be4af2d1,200
http://web/installation/index.php?tmpl=body&view=site,GET,"Cookie:9d4bb4a09f511681369671a08beff228=e1cd05c0536e110d3896145117f19b57
Accept:text/html, */*; q=0.01
X-Requested-With:XMLHttpRequest
User-Agent:Mozilla/5.0 (X11; Linux x86_64) AppleWebKit/537.36 (KHTML, like Gecko) Chrome/85.0.4183.102 Safari/537.36
Referer:http://web/installation/index.php
",cf83e1357eefb8bdf1542850d66d8007d620e4050b5715dc83f4a921d36ce9ce47d0d13c5d85f2b0ff8318d2877eec2f63b931bd47417a81a538327af927da3e,"Keep-Alive:timeout=5, max=93
Server:Apache/2.4.25 (Debian)
Connection:Keep-Alive
Last-Modified:Mon, 11 May 2026 22:31:00 GMT
Pragma:no-cache
Date:Mon, 11 May 2026 22:31:00 GMT
Cache-Control:no-store, no-cache, must-revalidate, post-check=0, pre-check=0
Content-Encoding:gzip
Vary:Accept-Encoding
Expires:Wed, 17 Aug 2005 00:00:00 GMT
Content-Length:3246
X-Powered-By:PHP/7.1.29
Content-Type:text/html; charset=utf-8
",0b13098c1758de73ad99acf9f1f82912408217fc1c1eeea1822defe9ae16d8ee69e9686caee290b5e0dcad5a6957a2d51102ed18bbbfd9a2f19df0ce1bd9a286,200
http://web/installation/index.php,POST,"Origin:http://web
Cookie:9d4bb4a09f511681369671a08beff228=e1cd05c0536e110d3896145117f19b57
Accept:application/json, text/javascript, */*; q=0.01
X-Requested-With:XMLHttpRequest
User-Agent:Mozilla/5.0 (X11; Linux x86_64) AppleWebKit/537.36 (KHTML, like Gecko) Chrome/85.0.4183.102 Safari/537.36
Referer:http://web/installation/index.php
Content-Type:application/x-www-form-urlencoded; charset=UTF-8
",8a24db1c073e5521cd60a87e53676708533d0880f56ccdce0f847287fdf5bbfbcd39cee8a1c4dda3e5d9f6fbf464706a1abbbb38210b574ffee7ae534c12b095,"Keep-Alive:timeout=5, max=92
Server:Apache/2.4.25 (Debian)
Connection:Keep-Alive
Last-Modified:Mon, 11 May 2026 22:14:37 GMT
Pragma:no-cache
Date:Mon, 11 May 2026 22:14:36 GMT
Cache-Control:no-store, no-cache, must-revalidate, post-check=0, pre-check=0
Content-Encoding:gzip
Vary:Accept-Encoding
Expires:Wed, 17 Aug 2005 00:00:00 GMT
Content-Length:4824
X-Powered-By:PHP/7.1.29
Content-Type:text/html; charset=utf-8
",36e83186ac00d1d488bcba84531afd2e9028c5396f7831d82bef4bd47ebbf56f9602327c4ca81e3047acd1f2415b45bd60b6424de48bf9b865cff7a6498806be,200
http://web/,GET,"Cookie:9d4bb4a09f511681369671a08beff228=e1cd05c0536e110d3896145117f19b57
Accept:text/html,application/xhtml+xml,application/xml;q=0.9,image/avif,image/webp,image/apng,*/*;q=0.8,application/signed-exchange;v=b3;q=0.9
User-Agent:Mozilla/5.0 (X11; Linux x86_64) AppleWebKit/537.36 (KHTML, like Gecko) Chrome/85.0.4183.102 Safari/537.36
Upgrade-Insecure-Requests:1
",cf83e1357eefb8bdf1542850d66d8007d620e4050b5715dc83f4a921d36ce9ce47d0d13c5d85f2b0ff8318d2877eec2f63b931bd47417a81a538327af927da3e,"Keep-Alive:timeout=5, max=14
Server:Apache/2.4.25 (Debian)
Connection:Keep-Alive
Date:Mon, 11 May 2026 22:30:44 GMT
Content-Length:52
X-Powered-By:PHP/7.1.29
Location:installation/index.php
Content-Type:text/html; charset=UTF-8
",cf83e1357eefb8bdf1542850d66d8007d620e4050b5715dc83f4a921d36ce9ce47d0d13c5d85f2b0ff8318d2877eec2f63b931bd47417a81a538327af927da3e,302
http://web/installation/index.php,GET,"Cookie:9d4bb4a09f511681369671a08beff228=e1cd05c0536e110d3896145117f19b57
Accept:text/html,application/xhtml+xml,application/xml;q=0.9,image/avif,image/webp,image/apng,*/*;q=0.8,application/signed-exchange;v=b3;q=0.9
User-Agent:Mozilla/5.0 (X11; Linux x86_64) AppleWebKit/537.36 (KHTML, like Gecko) Chrome/85.0.4183.102 Safari/537.36
Upgrade-Insecure-Requests:1
",cf83e1357eefb8bdf1542850d66d8007d620e4050b5715dc83f4a921d36ce9ce47d0d13c5d85f2b0ff8318d2877eec2f63b931bd47417a81a538327af927da3e,"Keep-Alive:timeout=5, max=66
Server:Apache/2.4.25 (Debian)
Connection:Keep-Alive
Last-Modified:Mon, 11 May 2026 22:35:58 GMT
Pragma:no-cache
Date:Mon, 11 May 2026 22:35:58 GMT
Cache-Control:no-store, no-cache, must-revalidate, post-check=0, pre-check=0
Content-Encoding:gzip
Vary:Accept-Encoding
Expires:Wed, 17 Aug 2005 00:00:00 GMT
Content-Length:4828
X-Powered-By:PHP/7.1.29
Content-Type:text/html; charset=utf-8
",82f3a0523d7e374402cb828b0a4241cd335f1c78a5ad0e830be2ef4cfd9b0c8b4c480254677727e3f44720bbd4a3bc5fed97afd9c15a0ecc1de9f404924ed853,200
http://web/installation/template/css/template.css?282cb11b10ec2d37010ea2ea050acabb,GET,"Cookie:9d4bb4a09f511681369671a08beff228=e1cd05c0536e110d3896145117f19b57
Accept:text/css,*/*;q=0.1
User-Agent:Mozilla/5.0 (X11; Linux x86_64) AppleWebKit/537.36 (KHTML, like Gecko) Chrome/85.0.4183.102 Safari/537.36
Referer:http://web/installation/index.php
",cf83e1357eefb8bdf1542850d66d8007d620e4050b5715dc83f4a921d36ce9ce47d0d13c5d85f2b0ff8318d2877eec2f63b931bd47417a81a538327af927da3e,"Keep-Alive:timeout=5, max=100
Server:Apache/2.4.25 (Debian)
Connection:Keep-Alive
Last-Modified:Mon, 06 May 2019 20:34:16 GMT
Date:Mon, 11 May 2026 22:14:20 GMT
Accept-Ranges:bytes
ETag:""15f2-5883e06252200-gzip""
Content-Encoding:gzip
Vary:Accept-Encoding
Content-Length:1722
Content-Type:text/css
",1519c822f513baa110c731fd3babe0719c1d75cc57a4cae4acc38075f1af3f9f842ba5979d24735049971fa6fb3022dfa1ebbdd3c7861111f4506ba3517cf77e,200
http://web/installation/index.php,POST,"Origin:http://web
Cookie:9d4bb4a09f511681369671a08beff228=e1cd05c0536e110d3896145117f19b57
Accept:application/json, text/javascript, */*; q=0.01
X-Requested-With:XMLHttpRequest
User-Agent:Mozilla/5.0 (X11; Linux x86_64) AppleWebKit/537.36 (KHTML, like Gecko) Chrome/85.0.4183.102 Safari/537.36
Referer:http://web/installation/index.php
Content-Type:application/x-www-form-urlencoded; charset=UTF-8
",762326c9235e8e0faa8dd8d017da02957cd16009ae42550eee2c5b050ced724ac7fc9542f8d52edd87d833667620abb5c39e057a9166f2cbed627f4a1911350f,"Keep-Alive:timeout=5, max=68
Server:Apache/2.4.25 (Debian)
Connection:Keep-Alive
Last-Modified:Mon, 11 May 2026 22:41:36 GMT
Pragma:no-cache
Date:Mon, 11 May 2026 22:41:36 GMT
Cache-Control:no-store, no-cache, must-revalidate, post-check=0, pre-check=0
Content-Encoding:gzip
Vary:Accept-Encoding
Expires:Wed, 17 Aug 2005 00:00:00 GMT
Content-Length:4827
X-Powered-By:PHP/7.1.29
Content-Type:text/html; charset=utf-8
",54cd8263700435f91f8a70c7ca0f9b0659e710a042770e1e24da2e453a8263993c62a289777328a8babd06b7da26dc1cc682e9e143c7c63b93508c47ac19ec35,200
http://web/media/jui/js/jquery-noconflict.js?28bdf9aa17138f961389d908dc5c3cbe,GET,"Cookie:9d4bb4a09f511681369671a08beff228=e1cd05c0536e110d3896145117f19b57
Accept:*/*
User-Agent:Mozilla/5.0 (X11; Linux x86_64) AppleWebKit/537.36 (KHTML, like Gecko) Chrome/85.0.4183.102 Safari/537.36
Referer:http://web/installation/index.php
",cf83e1357eefb8bdf1542850d66d8007d620e4050b5715dc83f4a921d36ce9ce47d0d13c5d85f2b0ff8318d2877eec2f63b931bd47417a81a538327af927da3e,"Keep-Alive:timeout=5, max=100
Server:Apache/2.4.25 (Debian)
Connection:Keep-Alive
Last-Modified:Mon, 06 May 2019 20:34:16 GMT
Date:Mon, 11 May 2026 22:41:07 GMT
Accept-Ranges:bytes
ETag:""15-5883e06252200""
Content-Length:21
Content-Type:application/javascript
",dcc2117e42859d51017047b468a99f65d74d45ac2e86ae1cc5605e39041ff2164e562756d93a89fa1f71cbd331f958b351c5afe952a47a560120e080d63bd623,200
http://web/media/jui/css/chosen.css?0fbacbbcd2ffda475076daa7d8d1373f,GET,"Cookie:9d4bb4a09f511681369671a08beff228=e1cd05c0536e110d3896145117f19b57
Accept:text/css,*/*;q=0.1
User-Agent:Mozilla/5.0 (X11; Linux x86_64) AppleWebKit/537.36 (KHTML, like Gecko) Chrome/85.0.4183.102 Safari/537.36
Referer:http://web/installation/index.php
",cf83e1357eefb8bdf1542850d66d8007d620e4050b5715dc83f4a921d36ce9ce47d0d13c5d85f2b0ff8318d2877eec2f63b931bd47417a81a538327af927da3e,"Keep-Alive:timeout=5, max=61
Server:Apache/2.4.25 (Debian)
Connection:Keep-Alive
Last-Modified:Mon, 06 May 2019 20:34:16 GMT
Date:Mon, 11 May 2026 22:15:02 GMT
Accept-Ranges:bytes
ETag:""2fea-5883e06252200-gzip""
Content-Encoding:gzip
Vary:Accept-Encoding
Content-Length:2407
Content-Type:text/css
",d0e168c2df9ecc29d8525bb30e84630af16c68eeaeec790a6166c183eaa7e7432b02b7937abb7670aafd1755ac038b5f049a9ca21a03e953f7d9dae845fc25ca,200
http://web/media/system/js/validate.js?28bdf9aa17138f961389d908dc5c3cbe,GET,"Cookie:9d4bb4a09f511681369671a08beff228=e1cd05c0536e110d3896145117f19b57
Accept:*/*
User-Agent:Mozilla/5.0 (X11; Linux x86_64) AppleWebKit/537.36 (KHTML, like Gecko) Chrome/85.0.4183.102 Safari/537.36
Referer:http://web/installation/index.php
",cf83e1357eefb8bdf1542850d66d8007d620e4050b5715dc83f4a921d36ce9ce47d0d13c5d85f2b0ff8318d2877eec2f63b931bd47417a81a538327af927da3e,"Keep-Alive:timeout=5, max=100
Server:Apache/2.4.25 (Debian)
Connection:Keep-Alive
Last-Modified:Mon, 06 May 2019 20:34:16 GMT
Date:Mon, 11 May 2026 22:41:07 GMT
Accept-Ranges:bytes
ETag:""c2e-5883e06252200-gzip""
Content-Encoding:gzip
Vary:Accept-Encoding
Content-Length:1369
Content-Type:application/javascript
",ad1cd5392f1a34be74ef5c102d2dc356123b89fe8610d9bcc1946f3906374b604b9d9947dbe732a69833a64f3707a4381b85b2f0d8ab6261aa50795ca836baf6,200
http://web/media/jui/js/chosen.jquery.min.js?0fbacbbcd2ffda475076daa7d8d1373f,GET,"Cookie:9d4bb4a09f511681369671a08beff228=e1cd05c0536e110d3896145117f19b57
Accept:*/*
User-Agent:Mozilla/5.0 (X11; Linux x86_64) AppleWebKit/537.36 (KHTML, like Gecko) Chrome/85.0.4183.102 Safari/537.36
Referer:http://web/installation/index.php
",cf83e1357eefb8bdf1542850d66d8007d620e4050b5715dc83f4a921d36ce9ce47d0d13c5d85f2b0ff8318d2877eec2f63b931bd47417a81a538327af927da3e,"Keep-Alive:timeout=5, max=98
Server:Apache/2.4.25 (Debian)
Connection:Keep-Alive
Last-Modified:Mon, 06 May 2019 20:34:16 GMT
Date:Mon, 11 May 2026 22:15:02 GMT
Accept-Ranges:bytes
ETag:""84da-5883e06252200-gzip""
Content-Encoding:gzip
Vary:Accept-Encoding
Content-Length:7609
Content-Type:application/javascript
",afa89c11ab018fc3cf1bbb2cf72b4467f4987428e5cb5f65a32d55353763db6fdcb998daa56335b556310b7460617a460d6c6f062bd1919129311245cfe79803,200
http://web/installation/index.php?tmpl=body&view=site,GET,"Cookie:9d4bb4a09f511681369671a08beff228=e1cd05c0536e110d3896145117f19b57
Accept:text/html, */*; q=0.01
X-Requested-With:XMLHttpRequest
User-Agent:Mozilla/5.0 (X11; Linux x86_64) AppleWebKit/537.36 (KHTML, like Gecko) Chrome/85.0.4183.102 Safari/537.36
Referer:http://web/installation/index.php
",cf83e1357eefb8bdf1542850d66d8007d620e4050b5715dc83f4a921d36ce9ce47d0d13c5d85f2b0ff8318d2877eec2f63b931bd47417a81a538327af927da3e,"Keep-Alive:timeout=5, max=70
Server:Apache/2.4.25 (Debian)
Connection:Keep-Alive
Last-Modified:Mon, 11 May 2026 22:14:54 GMT
Pragma:no-cache
Date:Mon, 11 May 2026 22:14:54 GMT
Cache-Control:no-store, no-cache, must-revalidate, post-check=0, pre-check=0
Content-Encoding:gzip
Vary:Accept-Encoding
Expires:Wed, 17 Aug 2005 00:00:00 GMT
Content-Length:3246
X-Powered-By:PHP/7.1.29
Content-Type:text/html; charset=utf-8
",fae2d4e9f7223ee3235fac0dc003f8db5851953ce037d65818ade52fdd2ba6c25ed0bc4c41caca23880948ea2a29b0b192ac99fdcef83305521482c55e0db579,200
http://web/installation/template/css/template.css?bfa15b87d418dce64311672b084cf71b,GET,"Cookie:9d4bb4a09f511681369671a08beff228=e1cd05c0536e110d3896145117f19b57
Accept:text/css,*/*;q=0.1
User-Agent:Mozilla/5.0 (X11; Linux x86_64) AppleWebKit/537.36 (KHTML, like Gecko) Chrome/85.0.4183.102 Safari/537.36
Referer:http://web/installation/index.php
",cf83e1357eefb8bdf1542850d66d8007d620e4050b5715dc83f4a921d36ce9ce47d0d13c5d85f2b0ff8318d2877eec2f63b931bd47417a81a538327af927da3e,"Server:Apache/2.4.25 (Debian)
Last-Modified:Mon, 06 May 2019 20:34:16 GMT
Date:Mon, 11 May 2026 22:30:44 GMT
Accept-Ranges:bytes
ETag:""15f2-5883e06252200-gzip""
Content-Encoding:gzip
Vary:Accept-Encoding
Content-Length:1722
Content-Type:text/css
",1519c822f513baa110c731fd3babe0719c1d75cc57a4cae4acc38075f1af3f9f842ba5979d24735049971fa6fb3022dfa1ebbdd3c7861111f4506ba3517cf77e,200
http://web/installation/template/css/template.css?59f35d200ba4bc3985c6a416f91ef038,GET,"Cookie:9d4bb4a09f511681369671a08beff228=e1cd05c0536e110d3896145117f19b57
Accept:text/css,*/*;q=0.1
User-Agent:Mozilla/5.0 (X11; Linux x86_64) AppleWebKit/537.36 (KHTML, like Gecko) Chrome/85.0.4183.102 Safari/537.36
Referer:http://web/installation/index.php
",cf83e1357eefb8bdf1542850d66d8007d620e4050b5715dc83f4a921d36ce9ce47d0d13c5d85f2b0ff8318d2877eec2f63b931bd47417a81a538327af927da3e,"Server:Apache/2.4.25 (Debian)
Last-Modified:Mon, 06 May 2019 20:34:16 GMT
Date:Mon, 11 May 2026 22:31:04 GMT
Accept-Ranges:bytes
ETag:""15f2-5883e06252200-gzip""
Content-Encoding:gzip
Vary:Accept-Encoding
Content-Length:1722
Content-Type:text/css
",1519c822f513baa110c731fd3babe0719c1d75cc57a4cae4acc38075f1af3f9f842ba5979d24735049971fa6fb3022dfa1ebbdd3c7861111f4506ba3517cf77e,200
http://web/,GET,"Cookie:9d4bb4a09f511681369671a08beff228=e1cd05c0536e110d3896145117f19b57
Accept:text/html,application/xhtml+xml,application/xml;q=0.9,image/avif,image/webp,image/apng,*/*;q=0.8,application/signed-exchange;v=b3;q=0.9
User-Agent:Mozilla/5.0 (X11; Linux x86_64) AppleWebKit/537.36 (KHTML, like Gecko) Chrome/85.0.4183.102 Safari/537.36
Upgrade-Insecure-Requests:1
",cf83e1357eefb8bdf1542850d66d8007d620e4050b5715dc83f4a921d36ce9ce47d0d13c5d85f2b0ff8318d2877eec2f63b931bd47417a81a538327af927da3e,"Keep-Alive:timeout=5, max=85
Server:Apache/2.4.25 (Debian)
Connection:Keep-Alive
Date:Mon, 11 May 2026 22:41:19 GMT
Content-Length:52
X-Powered-By:PHP/7.1.29
Location:installation/index.php
Content-Type:text/html; charset=UTF-8
",cf83e1357eefb8bdf1542850d66d8007d620e4050b5715dc83f4a921d36ce9ce47d0d13c5d85f2b0ff8318d2877eec2f63b931bd47417a81a538327af927da3e,302
http://web/installation/index.php,POST,"Origin:http://web
Cookie:9d4bb4a09f511681369671a08beff228=e1cd05c0536e110d3896145117f19b57
Accept:application/json, text/javascript, */*; q=0.01
X-Requested-With:XMLHttpRequest
User-Agent:Mozilla/5.0 (X11; Linux x86_64) AppleWebKit/537.36 (KHTML, like Gecko) Chrome/85.0.4183.102 Safari/537.36
Referer:http://web/installation/index.php
Content-Type:application/x-www-form-urlencoded; charset=UTF-8
",165b412831688ebb5cc1d530c2ada281d97af97a08a9faa8df1c1bc3e6b0e8f8d029f0b3417fd90388e37132f6c391447e84a814f70b84a3ceba80e44cca76b3,"Keep-Alive:timeout=5, max=88
Server:Apache/2.4.25 (Debian)
Connection:Keep-Alive
Last-Modified:Mon, 11 May 2026 22:14:40 GMT
Pragma:no-cache
Date:Mon, 11 May 2026 22:14:40 GMT
Cache-Control:no-store, no-cache, must-revalidate, post-check=0, pre-check=0
Content-Encoding:gzip
Vary:Accept-Encoding
Expires:Wed, 17 Aug 2005 00:00:00 GMT
Content-Length:4822
X-Powered-By:PHP/7.1.29
Content-Type:text/html; charset=utf-8
",b12113e97dc647572ad559c6f348b6aced08096c7d457ea179ec811388724f905830d810a4d1068e124e0bceac76b2c41d5bb6b53685ce698c199426740ce820,200
http://web/media/jui/js/chosen.jquery.min.js?28bdf9aa17138f961389d908dc5c3cbe,GET,"Cookie:9d4bb4a09f511681369671a08beff228=e1cd05c0536e110d3896145117f19b57
Accept:*/*
User-Agent:Mozilla/5.0 (X11; Linux x86_64) AppleWebKit/537.36 (KHTML, like Gecko) Chrome/85.0.4183.102 Safari/537.36
Referer:http://web/installation/index.php
",cf83e1357eefb8bdf1542850d66d8007d620e4050b5715dc83f4a921d36ce9ce47d0d13c5d85f2b0ff8318d2877eec2f63b931bd47417a81a538327af927da3e,"Keep-Alive:timeout=5, max=98
Server:Apache/2.4.25 (Debian)
Connection:Keep-Alive
Last-Modified:Mon, 06 May 2019 20:34:16 GMT
Date:Mon, 11 May 2026 22:41:07 GMT
Accept-Ranges:bytes
ETag:""84da-5883e06252200-gzip""
Content-Encoding:gzip
Vary:Accept-Encoding
Content-Length:7609
Content-Type:application/javascript
",afa89c11ab018fc3cf1bbb2cf72b4467f4987428e5cb5f65a32d55353763db6fdcb998daa56335b556310b7460617a460d6c6f062bd1919129311245cfe79803,200
http://web/,GET,"Cookie:9d4bb4a09f511681369671a08beff228=e1cd05c0536e110d3896145117f19b57
Accept:text/html,application/xhtml+xml,application/xml;q=0.9,image/avif,image/webp,image/apng,*/*;q=0.8,application/signed-exchange;v=b3;q=0.9
User-Agent:Mozilla/5.0 (X11; Linux x86_64) AppleWebKit/537.36 (KHTML, like Gecko) Chrome/85.0.4183.102 Safari/537.36
Upgrade-Insecure-Requests:1
",cf83e1357eefb8bdf1542850d66d8007d620e4050b5715dc83f4a921d36ce9ce47d0d13c5d85f2b0ff8318d2877eec2f63b931bd47417a81a538327af927da3e,"Keep-Alive:timeout=5, max=58
Server:Apache/2.4.25 (Debian)
Connection:Keep-Alive
Date:Mon, 11 May 2026 22:41:47 GMT
Content-Length:52
X-Powered-By:PHP/7.1.29
Location:installation/index.php
Content-Type:text/html; charset=UTF-8
",cf83e1357eefb8bdf1542850d66d8007d620e4050b5715dc83f4a921d36ce9ce47d0d13c5d85f2b0ff8318d2877eec2f63b931bd47417a81a538327af927da3e,302
http://web/media/jui/js/jquery-migrate.min.js?68be82d891257286afd40aa6194cd899,GET,"Cookie:9d4bb4a09f511681369671a08beff228=e1cd05c0536e110d3896145117f19b57
Accept:*/*
User-Agent:Mozilla/5.0 (X11; Linux x86_64) AppleWebKit/537.36 (KHTML, like Gecko) Chrome/85.0.4183.102 Safari/537.36
Referer:http://web/installation/index.php
",cf83e1357eefb8bdf1542850d66d8007d620e4050b5715dc83f4a921d36ce9ce47d0d13c5d85f2b0ff8318d2877eec2f63b931bd47417a81a538327af927da3e,"Keep-Alive:timeout=5, max=100
Server:Apache/2.4.25 (Debian)
Connection:Keep-Alive
Last-Modified:Mon, 06 May 2019 20:34:16 GMT
Date:Mon, 11 May 2026 22:42:02 GMT
Accept-Ranges:bytes
ETag:""2748-5883e06252200-gzip""
Content-Encoding:gzip
Vary:Accept-Encoding
Content-Length:4014
Content-Type:application/javascript
",b74a2f03c64e883b9a34de43690429327dfb4aa230a7a6afca8150a16e3d84e98461245ff264c26368d9904562cc34fe219f71f951d364fa5c68c039b76776cd,200
http://web/installation/index.php,POST,"Origin:http://web
Cookie:9d4bb4a09f511681369671a08beff228=e1cd05c0536e110d3896145117f19b57
Accept:application/json, text/javascript, */*; q=0.01
X-Requested-With:XMLHttpRequest
User-Agent:Mozilla/5.0 (X11; Linux x86_64) AppleWebKit/537.36 (KHTML, like Gecko) Chrome/85.0.4183.102 Safari/537.36
Referer:http://web/installation/index.php
Content-Type:application/x-www-form-urlencoded; charset=UTF-8
",1475747c0524c4b79a98e47bbee0f48e5139bf813c53c7d7eb0bb7e6b18ddbcab22350a4b7eb04b3b133a87335faab3cd55438bf8affe263d29fae6069264e1c,"Keep-Alive:timeout=5, max=15
Server:Apache/2.4.25 (Debian)
Connection:Keep-Alive
Last-Modified:Mon, 11 May 2026 22:30:43 GMT
Pragma:no-cache
Date:Mon, 11 May 2026 22:30:43 GMT
Cache-Control:no-store, no-cache, must-revalidate, post-check=0, pre-check=0
Content-Encoding:gzip
Vary:Accept-Encoding
Expires:Wed, 17 Aug 2005 00:00:00 GMT
Content-Length:4829
X-Powered-By:PHP/7.1.29
Content-Type:text/html; charset=utf-8
",3f646d1fdfd7ed00a3d8ef736033c821cd8256ff846155d0cd8799fecd519a9c767a0fd6cde8ff4951d7b2a2a36d429e87c852e462f39fa2309fecd968a4596e,200
http://web/installation/index.php,POST,"Origin:http://web
Cookie:9d4bb4a09f511681369671a08beff228=e1cd05c0536e110d3896145117f19b57
Accept:application/json, text/javascript, */*; q=0.01
X-Requested-With:XMLHttpRequest
User-Agent:Mozilla/5.0 (X11; Linux x86_64) AppleWebKit/537.36 (KHTML, like Gecko) Chrome/85.0.4183.102 Safari/537.36
Referer:http://web/installation/index.php
Content-Type:application/x-www-form-urlencoded; charset=UTF-8
",74500e109c45bc0e504ef664fa95794455d82e8475c2fb8ddcf8b07bdd3bfa72abe20334822a3a8b7dc3d2c29486ac03984f1ffd496d75675d41c644abfee5ed,"Keep-Alive:timeout=5, max=47
Server:Apache/2.4.25 (Debian)
Connection:Keep-Alive
Last-Modified:Mon, 11 May 2026 22:41:57 GMT
Pragma:no-cache
Date:Mon, 11 May 2026 22:41:57 GMT
Cache-Control:no-store, no-cache, must-revalidate, post-check=0, pre-check=0
Content-Encoding:gzip
Vary:Accept-Encoding
Expires:Wed, 17 Aug 2005 00:00:00 GMT
Content-Length:4827
X-Powered-By:PHP/7.1.29
Content-Type:text/html; charset=utf-8
",6bfbecf0418034642206858b87bc7246f426d279260c358ec4943c9d0d5409cfe48beda0ba18aa13edbfa4e4b488c919b5cef33740342b8b9ca9f4bdfa01e635,200
http://web/media/jui/css/chosen.css?68be82d891257286afd40aa6194cd899,GET,"Cookie:9d4bb4a09f511681369671a08beff228=e1cd05c0536e110d3896145117f19b57
Accept:text/css,*/*;q=0.1
User-Agent:Mozilla/5.0 (X11; Linux x86_64) AppleWebKit/537.36 (KHTML, like Gecko) Chrome/85.0.4183.102 Safari/537.36
Referer:http://web/installation/index.php
",cf83e1357eefb8bdf1542850d66d8007d620e4050b5715dc83f4a921d36ce9ce47d0d13c5d85f2b0ff8318d2877eec2f63b931bd47417a81a538327af927da3e,"Server:Apache/2.4.25 (Debian)
Last-Modified:Mon, 06 May 2019 20:34:16 GMT
Date:Mon, 11 May 2026 22:42:02 GMT
Accept-Ranges:bytes
ETag:""2fea-5883e06252200-gzip""
Content-Encoding:gzip
Vary:Accept-Encoding
Content-Length:2407
Content-Type:text/css
",d0e168c2df9ecc29d8525bb30e84630af16c68eeaeec790a6166c183eaa7e7432b02b7937abb7670aafd1755ac038b5f049a9ca21a03e953f7d9dae845fc25ca,200
http://web/media/system/js/punycode.js?bb6ce90dbb74fabedd2d70ffa4d390e3,GET,"Cookie:9d4bb4a09f511681369671a08beff228=e1cd05c0536e110d3896145117f19b57
Accept:*/*
User-Agent:Mozilla/5.0 (X11; Linux x86_64) AppleWebKit/537.36 (KHTML, like Gecko) Chrome/85.0.4183.102 Safari/537.36
Referer:http://web/installation/index.php
",cf83e1357eefb8bdf1542850d66d8007d620e4050b5715dc83f4a921d36ce9ce47d0d13c5d85f2b0ff8318d2877eec2f63b931bd47417a81a538327af927da3e,"Keep-Alive:timeout=5, max=97
Server:Apache/2.4.25 (Debian)
Connection:Keep-Alive
Last-Modified:Mon, 06 May 2019 20:34:16 GMT
Date:Mon, 11 May 2026 22:36:10 GMT
Accept-Ranges:bytes
ETag:""b0c-5883e06252200-gzip""
Content-Encoding:gzip
Vary:Accept-Encoding
Content-Length:1522
Content-Type:application/javascript
",95d6c4af80c4ac32ee784fcc1f4502ddc0bf0cc0cd190e7a00ed36648aafb419c150f0f85adf5a29e88a85e36f639a209a8b4e9a158300a1f522b3a8dae4f640,200
http://web/media/system/js/keepalive.js?bb6ce90dbb74fabedd2d70ffa4d390e3,GET,"Cookie:9d4bb4a09f511681369671a08beff228=e1cd05c0536e110d3896145117f19b57
Accept:*/*
User-Agent:Mozilla/5.0 (X11; Linux x86_64) AppleWebKit/537.36 (KHTML, like Gecko) Chrome/85.0.4183.102 Safari/537.36
Referer:http://web/installation/index.php
",cf83e1357eefb8bdf1542850d66d8007d620e4050b5715dc83f4a921d36ce9ce47d0d13c5d85f2b0ff8318d2877eec2f63b931bd47417a81a538327af927da3e,"Keep-Alive:timeout=5, max=58
Server:Apache/2.4.25 (Debian)
Connection:Keep-Alive
Last-Modified:Mon, 06 May 2019 20:34:16 GMT
Date:Mon, 11 May 2026 22:36:10 GMT
Accept-Ranges:bytes
ETag:""1ce-5883e06252200-gzip""
Content-Encoding:gzip
Vary:Accept-Encoding
Content-Length:306
Content-Type:application/javascript
",ec603e5bf179c66d60c1eb1077830c852ddc19a39eb6b3e5e2496abbb2af154c0179c65055b850afbb40c8702ced682e796a1fc99c9d0e7fab97f0a11d9281c1,200
http://web/installation/index.php?tmpl=body&view=site,GET,"Cookie:9d4bb4a09f511681369671a08beff228=e1cd05c0536e110d3896145117f19b57
Accept:text/html, */*; q=0.01
X-Requested-With:XMLHttpRequest
User-Agent:Mozilla/5.0 (X11; Linux x86_64) AppleWebKit/537.36 (KHTML, like Gecko) Chrome/85.0.4183.102 Safari/537.36
Referer:http://web/installation/index.php
",cf83e1357eefb8bdf1542850d66d8007d620e4050b5715dc83f4a921d36ce9ce47d0d13c5d85f2b0ff8318d2877eec2f63b931bd47417a81a538327af927da3e,"Keep-Alive:timeout=5, max=45
Server:Apache/2.4.25 (Debian)
Connection:Keep-Alive
Last-Modified:Mon, 11 May 2026 22:15:15 GMT
Pragma:no-cache
Date:Mon, 11 May 2026 22:15:15 GMT
Cache-Control:no-store, no-cache, must-revalidate, post-check=0, pre-check=0
Content-Encoding:gzip
Vary:Accept-Encoding
Expires:Wed, 17 Aug 2005 00:00:00 GMT
Content-Length:3246
X-Powered-By:PHP/7.1.29
Content-Type:text/html; charset=utf-8
",56c9964555a5b8751f181f6cc778108b032d686f285442a2319bc0f0d68476c3132856dfe73b51312858fa5c16775595cefd1ab3d91cf824e1cda85ad8960492,200
http://web/,GET,"Cookie:9d4bb4a09f511681369671a08beff228=e1cd05c0536e110d3896145117f19b57
Accept:text/html,application/xhtml+xml,application/xml;q=0.9,image/avif,image/webp,image/apng,*/*;q=0.8,application/signed-exchange;v=b3;q=0.9
User-Agent:Mozilla/5.0 (X11; Linux x86_64) AppleWebKit/537.36 (KHTML, like Gecko) Chrome/85.0.4183.102 Safari/537.36
Upgrade-Insecure-Requests:1
",cf83e1357eefb8bdf1542850d66d8007d620e4050b5715dc83f4a921d36ce9ce47d0d13c5d85f2b0ff8318d2877eec2f63b931bd47417a81a538327af927da3e,"Keep-Alive:timeout=5, max=46
Server:Apache/2.4.25 (Debian)
Connection:Keep-Alive
Date:Mon, 11 May 2026 22:41:58 GMT
Content-Length:52
X-Powered-By:PHP/7.1.29
Location:installation/index.php
Content-Type:text/html; charset=UTF-8
",cf83e1357eefb8bdf1542850d66d8007d620e4050b5715dc83f4a921d36ce9ce47d0d13c5d85f2b0ff8318d2877eec2f63b931bd47417a81a538327af927da3e,302
http://web/media/jui/js/jquery.min.js?282cb11b10ec2d37010ea2ea050acabb,GET,"Cookie:9d4bb4a09f511681369671a08beff228=e1cd05c0536e110d3896145117f19b57
Accept:*/*
User-Agent:Mozilla/5.0 (X11; Linux x86_64) AppleWebKit/537.36 (KHTML, like Gecko) Chrome/85.0.4183.102 Safari/537.36
Referer:http://web/installation/index.php
",cf83e1357eefb8bdf1542850d66d8007d620e4050b5715dc83f4a921d36ce9ce47d0d13c5d85f2b0ff8318d2877eec2f63b931bd47417a81a538327af927da3e,"Keep-Alive:timeout=5, max=98
Server:Apache/2.4.25 (Debian)
Connection:Keep-Alive
Last-Modified:Mon, 06 May 2019 20:34:16 GMT
Date:Mon, 11 May 2026 22:14:21 GMT
Accept-Ranges:bytes
ETag:""1795e-5883e06252200-gzip""
Content-Encoding:gzip
Vary:Accept-Encoding
Content-Length:33659
Content-Type:application/javascript
",c504c83f430ae03000216d7b189b9d0e72f67fcb66c4434837b566fa9eea722607a1b18241f277385ff4a116dfd03c467279def6993805e5e823ed54b7a48fcf,200
http://web/installation/index.php,POST,"Origin:http://web
Cookie:9d4bb4a09f511681369671a08beff228=e1cd05c0536e110d3896145117f19b57
Accept:application/json, text/javascript, */*; q=0.01
X-Requested-With:XMLHttpRequest
User-Agent:Mozilla/5.0 (X11; Linux x86_64) AppleWebKit/537.36 (KHTML, like Gecko) Chrome/85.0.4183.102 Safari/537.36
Referer:http://web/installation/index.php
Content-Type:application/x-www-form-urlencoded; charset=UTF-8
",5ca76efe2100d974f34eb7e0898148bb0504ddcb78838fb566cc0ff960fd01663cd1341dc98f3d42f0bc2c038968438aa51fc43d146f0599c58184eadc1d6e08,"Keep-Alive:timeout=5, max=87
Server:Apache/2.4.25 (Debian)
Connection:Keep-Alive
Last-Modified:Mon, 11 May 2026 22:14:40 GMT
Pragma:no-cache
Date:Mon, 11 May 2026 22:14:40 GMT
Cache-Control:no-store, no-cache, must-revalidate, post-check=0, pre-check=0
Content-Encoding:gzip
Vary:Accept-Encoding
Expires:Wed, 17 Aug 2005 00:00:00 GMT
Content-Length:4825
X-Powered-By:PHP/7.1.29
Content-Type:text/html; charset=utf-8
",936507ddea80b955001bd8e4960a845b7233a6ec8be7d98212c1d3ad47045f54bb529d5f9b54fd971543db1bb295c2974a4a38112099eccc8c87f6fac5d87629,200
http://web/installation/index.php?tmpl=body&view=site,GET,"Cookie:9d4bb4a09f511681369671a08beff228=e1cd05c0536e110d3896145117f19b57
Accept:text/html, */*; q=0.01
X-Requested-With:XMLHttpRequest
User-Agent:Mozilla/5.0 (X11; Linux x86_64) AppleWebKit/537.36 (KHTML, like Gecko) Chrome/85.0.4183.102 Safari/537.36
Referer:http://web/installation/index.php
",cf83e1357eefb8bdf1542850d66d8007d620e4050b5715dc83f4a921d36ce9ce47d0d13c5d85f2b0ff8318d2877eec2f63b931bd47417a81a538327af927da3e,"Keep-Alive:timeout=5, max=82
Server:Apache/2.4.25 (Debian)
Connection:Keep-Alive
Last-Modified:Mon, 11 May 2026 22:14:46 GMT
Pragma:no-cache
Date:Mon, 11 May 2026 22:14:46 GMT
Cache-Control:no-store, no-cache, must-revalidate, post-check=0, pre-check=0
Content-Encoding:gzip
Vary:Accept-Encoding
Expires:Wed, 17 Aug 2005 00:00:00 GMT
Content-Length:3247
X-Powered-By:PHP/7.1.29
Content-Type:text/html; charset=utf-8
",67f63e3c6ed665a413be1b0c7bbaf4e95ea190288fefb8ea80c60ffd3c37ba0db0a7aadf211e189a116909e14933608bfe81bc1b84bbed16ea2079cfa22d4ac9,200
http://web/media/jui/css/bootstrap-responsive.min.css?bfa15b87d418dce64311672b084cf71b,GET,"Cookie:9d4bb4a09f511681369671a08beff228=e1cd05c0536e110d3896145117f19b57
Accept:text/css,*/*;q=0.1
User-Agent:Mozilla/5.0 (X11; Linux x86_64) AppleWebKit/537.36 (KHTML, like Gecko) Chrome/85.0.4183.102 Safari/537.36
Referer:http://web/installation/index.php
",cf83e1357eefb8bdf1542850d66d8007d620e4050b5715dc83f4a921d36ce9ce47d0d13c5d85f2b0ff8318d2877eec2f63b931bd47417a81a538327af927da3e,"Server:Apache/2.4.25 (Debian)
Last-Modified:Mon, 06 May 2019 20:34:16 GMT
Date:Mon, 11 May 2026 22:30:44 GMT
Accept-Ranges:bytes
ETag:""4135-5883e06252200-gzip""
Content-Encoding:gzip
Vary:Accept-Encoding
Content-Length:3947
Content-Type:text/css
",25c42bb76fe0a571ae6412ba205f473b1dcab20add2358a16f74537bd4dbd4255f199961f3c5dae9ee07c9991df2413d9cb2e896361bc153e7988b1416753e11,200
http://web/media/jui/js/jquery-migrate.min.js?282cb11b10ec2d37010ea2ea050acabb,GET,"Cookie:9d4bb4a09f511681369671a08beff228=e1cd05c0536e110d3896145117f19b57
Accept:*/*
User-Agent:Mozilla/5.0 (X11; Linux x86_64) AppleWebKit/537.36 (KHTML, like Gecko) Chrome/85.0.4183.102 Safari/537.36
Referer:http://web/installation/index.php
",cf83e1357eefb8bdf1542850d66d8007d620e4050b5715dc83f4a921d36ce9ce47d0d13c5d85f2b0ff8318d2877eec2f63b931bd47417a81a538327af927da3e,"Keep-Alive:timeout=5, max=98
Server:Apache/2.4.25 (Debian)
Connection:Keep-Alive
Last-Modified:Mon, 06 May 2019 20:34:16 GMT
Date:Mon, 11 May 2026 22:14:21 GMT
Accept-Ranges:bytes
ETag:""2748-5883e06252200-gzip""
Content-Encoding:gzip
Vary:Accept-Encoding
Content-Length:4014
Content-Type:application/javascript
",b74a2f03c64e883b9a34de43690429327dfb4aa230a7a6afca8150a16e3d84e98461245ff264c26368d9904562cc34fe219f71f951d364fa5c68c039b76776cd,200
http://web/media/jui/css/chosen.css?bb6ce90dbb74fabedd2d70ffa4d390e3,GET,"Cookie:9d4bb4a09f511681369671a08beff228=e1cd05c0536e110d3896145117f19b57
Accept:text/css,*/*;q=0.1
User-Agent:Mozilla/5.0 (X11; Linux x86_64) AppleWebKit/537.36 (KHTML, like Gecko) Chrome/85.0.4183.102 Safari/537.36
Referer:http://web/installation/index.php
",cf83e1357eefb8bdf1542850d66d8007d620e4050b5715dc83f4a921d36ce9ce47d0d13c5d85f2b0ff8318d2877eec2f63b931bd47417a81a538327af927da3e,"Server:Apache/2.4.25 (Debian)
Last-Modified:Mon, 06 May 2019 20:34:16 GMT
Date:Mon, 11 May 2026 22:36:10 GMT
Accept-Ranges:bytes
ETag:""2fea-5883e06252200-gzip""
Content-Encoding:gzip
Vary:Accept-Encoding
Content-Length:2407
Content-Type:text/css
",d0e168c2df9ecc29d8525bb30e84630af16c68eeaeec790a6166c183eaa7e7432b02b7937abb7670aafd1755ac038b5f049a9ca21a03e953f7d9dae845fc25ca,200
http://web/media/system/js/punycode.js?59f35d200ba4bc3985c6a416f91ef038,GET,"Cookie:9d4bb4a09f511681369671a08beff228=e1cd05c0536e110d3896145117f19b57
Accept:*/*
User-Agent:Mozilla/5.0 (X11; Linux x86_64) AppleWebKit/537.36 (KHTML, like Gecko) Chrome/85.0.4183.102 Safari/537.36
Referer:http://web/installation/index.php
",cf83e1357eefb8bdf1542850d66d8007d620e4050b5715dc83f4a921d36ce9ce47d0d13c5d85f2b0ff8318d2877eec2f63b931bd47417a81a538327af927da3e,"Keep-Alive:timeout=5, max=99
Server:Apache/2.4.25 (Debian)
Connection:Keep-Alive
Last-Modified:Mon, 06 May 2019 20:34:16 GMT
Date:Mon, 11 May 2026 22:31:05 GMT
Accept-Ranges:bytes
ETag:""b0c-5883e06252200-gzip""
Content-Encoding:gzip
Vary:Accept-Encoding
Content-Length:1522
Content-Type:application/javascript
",95d6c4af80c4ac32ee784fcc1f4502ddc0bf0cc0cd190e7a00ed36648aafb419c150f0f85adf5a29e88a85e36f639a209a8b4e9a158300a1f522b3a8dae4f640,200
http://web/installation/index.php,POST,"Origin:http://web
Cookie:9d4bb4a09f511681369671a08beff228=e1cd05c0536e110d3896145117f19b57
Accept:application/json, text/javascript, */*; q=0.01
X-Requested-With:XMLHttpRequest
User-Agent:Mozilla/5.0 (X11; Linux x86_64) AppleWebKit/537.36 (KHTML, like Gecko) Chrome/85.0.4183.102 Safari/537.36
Referer:http://web/installation/index.php
Content-Type:application/x-www-form-urlencoded; charset=UTF-8
",13f8341bb932fda8979d389d7665c78665425837784de5f2b189e2650503549898e79e0d77dbec9e5f9bad1937a0ad294110a3d69d27b1d52f875d9502d27fc4,"Keep-Alive:timeout=5, max=80
Server:Apache/2.4.25 (Debian)
Connection:Keep-Alive
Last-Modified:Mon, 11 May 2026 22:31:26 GMT
Pragma:no-cache
Date:Mon, 11 May 2026 22:31:26 GMT
Cache-Control:no-store, no-cache, must-revalidate, post-check=0, pre-check=0
Content-Encoding:gzip
Vary:Accept-Encoding
Expires:Wed, 17 Aug 2005 00:00:00 GMT
Content-Length:4829
X-Powered-By:PHP/7.1.29
Content-Type:text/html; charset=utf-8
",cd65446fffe3f44b883ce86ec3d98bfd9e5cfe23cbee6a181eed793d1385e877a1e602ecd51a01f4a1c7cd6ca282fb8507bfbd5191307e0aca851ab235447db5,200
http://web/media/jui/css/bootstrap-extended.css?72f2362f0d5d36c85ec842267bdd70d2,GET,"Cookie:9d4bb4a09f511681369671a08beff228=e1cd05c0536e110d3896145117f19b57
Accept:text/css,*/*;q=0.1
User-Agent:Mozilla/5.0 (X11; Linux x86_64) AppleWebKit/537.36 (KHTML, like Gecko) Chrome/85.0.4183.102 Safari/537.36
Referer:http://web/installation/index.php
",cf83e1357eefb8bdf1542850d66d8007d620e4050b5715dc83f4a921d36ce9ce47d0d13c5d85f2b0ff8318d2877eec2f63b931bd47417a81a538327af927da3e,"Keep-Alive:timeout=5, max=99
Server:Apache/2.4.25 (Debian)
Connection:Keep-Alive
Last-Modified:Mon, 06 May 2019 20:34:16 GMT
Date:Mon, 11 May 2026 22:35:59 GMT
Accept-Ranges:bytes
ETag:""2386-5883e06252200-gzip""
Content-Encoding:gzip
Vary:Accept-Encoding
Content-Length:2217
Content-Type:text/css
",f9172062f164f5d88a28d10b09e77fa1e668489523273ee187185bf6e2a73a2fbd3cdc9665ada844856099b9490c4a61835555c96934888d1eb9a9620f36a38c,200
http://web/installation/index.php,POST,"Origin:http://web
Cookie:9d4bb4a09f511681369671a08beff228=e1cd05c0536e110d3896145117f19b57
Accept:application/json, text/javascript, */*; q=0.01
X-Requested-With:XMLHttpRequest
User-Agent:Mozilla/5.0 (X11; Linux x86_64) AppleWebKit/537.36 (KHTML, like Gecko) Chrome/85.0.4183.102 Safari/537.36
Referer:http://web/installation/index.php
Content-Type:application/x-www-form-urlencoded; charset=UTF-8
",d36c14b792b32c48781f2a3e3777f78a943622eec9df82dd5d22427826f8f2442bd2d02834d1943268fc3311ee2ee4528123e39f3f393c6c47604270fcdc1048,"Keep-Alive:timeout=5, max=86
Server:Apache/2.4.25 (Debian)
Connection:Keep-Alive
Last-Modified:Mon, 11 May 2026 22:41:19 GMT
Pragma:no-cache
Date:Mon, 11 May 2026 22:41:19 GMT
Cache-Control:no-store, no-cache, must-revalidate, post-check=0, pre-check=0
Content-Encoding:gzip
Vary:Accept-Encoding
Expires:Wed, 17 Aug 2005 00:00:00 GMT
Content-Length:4826
X-Powered-By:PHP/7.1.29
Content-Type:text/html; charset=utf-8
",e269d91e56874d4a37bf45f30e3fbc0df05ddbe760b7ad80c49020caefe6be43fc0cf3c6c0d7527e322943f415853cd9fab89d2ba24aee56db08f44ce1a6877c,200
http://web/media/jui/css/bootstrap.min.css?282cb11b10ec2d37010ea2ea050acabb,GET,"Cookie:9d4bb4a09f511681369671a08beff228=e1cd05c0536e110d3896145117f19b57
Accept:text/css,*/*;q=0.1
User-Agent:Mozilla/5.0 (X11; Linux x86_64) AppleWebKit/537.36 (KHTML, like Gecko) Chrome/85.0.4183.102 Safari/537.36
Referer:http://web/installation/index.php
",cf83e1357eefb8bdf1542850d66d8007d620e4050b5715dc83f4a921d36ce9ce47d0d13c5d85f2b0ff8318d2877eec2f63b931bd47417a81a538327af927da3e,"Keep-Alive:timeout=5, max=98
Server:Apache/2.4.25 (Debian)
Connection:Keep-Alive
Last-Modified:Mon, 06 May 2019 20:34:16 GMT
Date:Mon, 11 May 2026 22:14:20 GMT
Accept-Ranges:bytes
ETag:""19f02-5883e06252200-gzip""
Content-Encoding:gzip
Vary:Accept-Encoding
Content-Length:17143
Content-Type:text/css
",2756547abc65d82ca19886ad8a81e904d324bb933b774cf8a9c3df4972fad4e0257dd4a4b9006e0c475ca86f3ac9f40604b0af1833578e20f36753316e91982d,200
http://web/installation/index.php?tmpl=body&view=site,GET,"Cookie:9d4bb4a09f511681369671a08beff228=e1cd05c0536e110d3896145117f19b57
Accept:text/html, */*; q=0.01
X-Requested-With:XMLHttpRequest
User-Agent:Mozilla/5.0 (X11; Linux x86_64) AppleWebKit/537.36 (KHTML, like Gecko) Chrome/85.0.4183.102 Safari/537.36
Referer:http://web/installation/index.php
",cf83e1357eefb8bdf1542850d66d8007d620e4050b5715dc83f4a921d36ce9ce47d0d13c5d85f2b0ff8318d2877eec2f63b931bd47417a81a538327af927da3e,"Keep-Alive:timeout=5, max=21
Server:Apache/2.4.25 (Debian)
Connection:Keep-Alive
Last-Modified:Mon, 11 May 2026 22:15:39 GMT
Pragma:no-cache
Date:Mon, 11 May 2026 22:15:39 GMT
Cache-Control:no-store, no-cache, must-revalidate, post-check=0, pre-check=0
Content-Encoding:gzip
Vary:Accept-Encoding
Expires:Wed, 17 Aug 2005 00:00:00 GMT
Content-Length:3246
X-Powered-By:PHP/7.1.29
Content-Type:text/html; charset=utf-8
",7159c061d4b2616694b786613c225aa57b736a1f80c5eeaa5b9a23eb981e38e8be351182331243b66dc454a4f02dbc54b0ac43cbb2874848c13d03473c8e4092,200
http://web/media/jui/js/jquery.min.js?0fbacbbcd2ffda475076daa7d8d1373f,GET,"Cookie:9d4bb4a09f511681369671a08beff228=e1cd05c0536e110d3896145117f19b57
Accept:*/*
User-Agent:Mozilla/5.0 (X11; Linux x86_64) AppleWebKit/537.36 (KHTML, like Gecko) Chrome/85.0.4183.102 Safari/537.36
Referer:http://web/installation/index.php
",cf83e1357eefb8bdf1542850d66d8007d620e4050b5715dc83f4a921d36ce9ce47d0d13c5d85f2b0ff8318d2877eec2f63b931bd47417a81a538327af927da3e,"Keep-Alive:timeout=5, max=99
Server:Apache/2.4.25 (Debian)
Connection:Keep-Alive
Last-Modified:Mon, 06 May 2019 20:34:16 GMT
Date:Mon, 11 May 2026 22:15:02 GMT
Accept-Ranges:bytes
ETag:""1795e-5883e06252200-gzip""
Content-Encoding:gzip
Vary:Accept-Encoding
Content-Length:33659
Content-Type:application/javascript
",c504c83f430ae03000216d7b189b9d0e72f67fcb66c4434837b566fa9eea722607a1b18241f277385ff4a116dfd03c467279def6993805e5e823ed54b7a48fcf,200
http://web/installation/index.php,POST,"Origin:http://web
Cookie:9d4bb4a09f511681369671a08beff228=e1cd05c0536e110d3896145117f19b57
Accept:application/json, text/javascript, */*; q=0.01
X-Requested-With:XMLHttpRequest
User-Agent:Mozilla/5.0 (X11; Linux x86_64) AppleWebKit/537.36 (KHTML, like Gecko) Chrome/85.0.4183.102 Safari/537.36
Referer:http://web/installation/index.php
Content-Type:application/x-www-form-urlencoded; charset=UTF-8
",7adf30a192040d1bd46a90909bf743565111b5381f536c05bb8dbfe557148c451c2c084154eefb19b98cc68f5b2508a3f8f2d35e316e2045e18a74ea5e2699ba,"Keep-Alive:timeout=5, max=81
Server:Apache/2.4.25 (Debian)
Connection:Keep-Alive
Last-Modified:Mon, 11 May 2026 22:31:25 GMT
Pragma:no-cache
Date:Mon, 11 May 2026 22:31:25 GMT
Cache-Control:no-store, no-cache, must-revalidate, post-check=0, pre-check=0
Content-Encoding:gzip
Vary:Accept-Encoding
Expires:Wed, 17 Aug 2005 00:00:00 GMT
Content-Length:4829
X-Powered-By:PHP/7.1.29
Content-Type:text/html; charset=utf-8
",921d77ccc1a3ebca59399f610acd1611418178e8c1549e575c84fbcf95dd2fab26ee5a01de5a0252d8bea88848e18ca6acfa6405fd6a18e8983ee372b9350ca1,200
http://web/installation/index.php,GET,"Cookie:9d4bb4a09f511681369671a08beff228=e1cd05c0536e110d3896145117f19b57
Accept:text/html,application/xhtml+xml,application/xml;q=0.9,image/avif,image/webp,image/apng,*/*;q=0.8,application/signed-exchange;v=b3;q=0.9
User-Agent:Mozilla/5.0 (X11; Linux x86_64) AppleWebKit/537.36 (KHTML, like Gecko) Chrome/85.0.4183.102 Safari/537.36
Upgrade-Insecure-Requests:1
",cf83e1357eefb8bdf1542850d66d8007d620e4050b5715dc83f4a921d36ce9ce47d0d13c5d85f2b0ff8318d2877eec2f63b931bd47417a81a538327af927da3e,"Keep-Alive:timeout=5, max=19
Server:Apache/2.4.25 (Debian)
Connection:Keep-Alive
Last-Modified:Mon, 11 May 2026 22:15:40 GMT
Pragma:no-cache
Date:Mon, 11 May 2026 22:15:40 GMT
Cache-Control:no-store, no-cache, must-revalidate, post-check=0, pre-check=0
Content-Encoding:gzip
Vary:Accept-Encoding
Expires:Wed, 17 Aug 2005 00:00:00 GMT
Content-Length:4827
X-Powered-By:PHP/7.1.29
Content-Type:text/html; charset=utf-8
",67e900f22a87ceeba7c11f8563b0f205e0c9c6329083a177dbe1f17ee0dcc1d13f62e792902fc8661380fadd60e7ef594e9493dbe246b16cd4ef92ef6e0bcebd,200
http://web/,GET,"Cookie:9d4bb4a09f511681369671a08beff228=e1cd05c0536e110d3896145117f19b57
Accept:text/html,application/xhtml+xml,application/xml;q=0.9,image/avif,image/webp,image/apng,*/*;q=0.8,application/signed-exchange;v=b3;q=0.9
User-Agent:Mozilla/5.0 (X11; Linux x86_64) AppleWebKit/537.36 (KHTML, like Gecko) Chrome/85.0.4183.102 Safari/537.36
Upgrade-Insecure-Requests:1
",cf83e1357eefb8bdf1542850d66d8007d620e4050b5715dc83f4a921d36ce9ce47d0d13c5d85f2b0ff8318d2877eec2f63b931bd47417a81a538327af927da3e,"Keep-Alive:timeout=5, max=27
Server:Apache/2.4.25 (Debian)
Connection:Keep-Alive
Date:Mon, 11 May 2026 22:15:33 GMT
Content-Length:52
X-Powered-By:PHP/7.1.29
Location:installation/index.php
Content-Type:text/html; charset=UTF-8
",cf83e1357eefb8bdf1542850d66d8007d620e4050b5715dc83f4a921d36ce9ce47d0d13c5d85f2b0ff8318d2877eec2f63b931bd47417a81a538327af927da3e,302
http://web/media/jui/js/jquery.min.js?59f35d200ba4bc3985c6a416f91ef038,GET,"Cookie:9d4bb4a09f511681369671a08beff228=e1cd05c0536e110d3896145117f19b57
Accept:*/*
User-Agent:Mozilla/5.0 (X11; Linux x86_64) AppleWebKit/537.36 (KHTML, like Gecko) Chrome/85.0.4183.102 Safari/537.36
Referer:http://web/installation/index.php
",cf83e1357eefb8bdf1542850d66d8007d620e4050b5715dc83f4a921d36ce9ce47d0d13c5d85f2b0ff8318d2877eec2f63b931bd47417a81a538327af927da3e,"Keep-Alive:timeout=5, max=100
Server:Apache/2.4.25 (Debian)
Connection:Keep-Alive
Last-Modified:Mon, 06 May 2019 20:34:16 GMT
Date:Mon, 11 May 2026 22:31:04 GMT
Accept-Ranges:bytes
ETag:""1795e-5883e06252200-gzip""
Content-Encoding:gzip
Vary:Accept-Encoding
Content-Length:33659
Content-Type:application/javascript
",c504c83f430ae03000216d7b189b9d0e72f67fcb66c4434837b566fa9eea722607a1b18241f277385ff4a116dfd03c467279def6993805e5e823ed54b7a48fcf,200
http://web/media/system/js/validate.js?72f2362f0d5d36c85ec842267bdd70d2,GET,"Cookie:9d4bb4a09f511681369671a08beff228=e1cd05c0536e110d3896145117f19b57
Accept:*/*
User-Agent:Mozilla/5.0 (X11; Linux x86_64) AppleWebKit/537.36 (KHTML, like Gecko) Chrome/85.0.4183.102 Safari/537.36
Referer:http://web/installation/index.php
",cf83e1357eefb8bdf1542850d66d8007d620e4050b5715dc83f4a921d36ce9ce47d0d13c5d85f2b0ff8318d2877eec2f63b931bd47417a81a538327af927da3e,"Keep-Alive:timeout=5, max=99
Server:Apache/2.4.25 (Debian)
Connection:Keep-Alive
Last-Modified:Mon, 06 May 2019 20:34:16 GMT
Date:Mon, 11 May 2026 22:35:59 GMT
Accept-Ranges:bytes
ETag:""c2e-5883e06252200-gzip""
Content-Encoding:gzip
Vary:Accept-Encoding
Content-Length:1369
Content-Type:application/javascript
",ad1cd5392f1a34be74ef5c102d2dc356123b89fe8610d9bcc1946f3906374b604b9d9947dbe732a69833a64f3707a4381b85b2f0d8ab6261aa50795ca836baf6,200
http://web/installation/index.php,GET,"Cookie:9d4bb4a09f511681369671a08beff228=e1cd05c0536e110d3896145117f19b57
Accept:text/html,application/xhtml+xml,application/xml;q=0.9,image/avif,image/webp,image/apng,*/*;q=0.8,application/signed-exchange;v=b3;q=0.9
User-Agent:Mozilla/5.0 (X11; Linux x86_64) AppleWebKit/537.36 (KHTML, like Gecko) Chrome/85.0.4183.102 Safari/537.36
Upgrade-Insecure-Requests:1
",cf83e1357eefb8bdf1542850d66d8007d620e4050b5715dc83f4a921d36ce9ce47d0d13c5d85f2b0ff8318d2877eec2f63b931bd47417a81a538327af927da3e,"Keep-Alive:timeout=5, max=97
Server:Apache/2.4.25 (Debian)
Connection:Keep-Alive
Last-Modified:Mon, 11 May 2026 22:36:48 GMT
Pragma:no-cache
Date:Mon, 11 May 2026 22:36:48 GMT
Cache-Control:no-store, no-cache, must-revalidate, post-check=0, pre-check=0
Content-Encoding:gzip
Vary:Accept-Encoding
Expires:Wed, 17 Aug 2005 00:00:00 GMT
Content-Length:4828
X-Powered-By:PHP/7.1.29
Content-Type:text/html; charset=utf-8
",2a859706df08a053ab14be6691355686cb2bee691709caa60408c68719b787600413e9fea598acf69aa9d918df961a6235b11ea5bc774c0ce023641faf7a910e,200
http://web/media/system/js/core.js?0fbacbbcd2ffda475076daa7d8d1373f,GET,"Cookie:9d4bb4a09f511681369671a08beff228=e1cd05c0536e110d3896145117f19b57
Accept:*/*
User-Agent:Mozilla/5.0 (X11; Linux x86_64) AppleWebKit/537.36 (KHTML, like Gecko) Chrome/85.0.4183.102 Safari/537.36
Referer:http://web/installation/index.php
",cf83e1357eefb8bdf1542850d66d8007d620e4050b5715dc83f4a921d36ce9ce47d0d13c5d85f2b0ff8318d2877eec2f63b931bd47417a81a538327af927da3e,"Keep-Alive:timeout=5, max=100
Server:Apache/2.4.25 (Debian)
Connection:Keep-Alive
Last-Modified:Mon, 06 May 2019 20:34:16 GMT
Date:Mon, 11 May 2026 22:15:02 GMT
Accept-Ranges:bytes
ETag:""2268-5883e06252200-gzip""
Content-Encoding:gzip
Vary:Accept-Encoding
Content-Length:3367
Content-Type:application/javascript
",44c15f0837480cf8997584be8c62f5198a53b4b8d0561158102e1489884f7bb7d8741062085acd46ca4451cbd3d0a9657366615789d457329b709eff24c1398d,200
http://web/media/system/js/punycode.js?282cb11b10ec2d37010ea2ea050acabb,GET,"Cookie:9d4bb4a09f511681369671a08beff228=e1cd05c0536e110d3896145117f19b57
Accept:*/*
User-Agent:Mozilla/5.0 (X11; Linux x86_64) AppleWebKit/537.36 (KHTML, like Gecko) Chrome/85.0.4183.102 Safari/537.36
Referer:http://web/installation/index.php
",cf83e1357eefb8bdf1542850d66d8007d620e4050b5715dc83f4a921d36ce9ce47d0d13c5d85f2b0ff8318d2877eec2f63b931bd47417a81a538327af927da3e,"Keep-Alive:timeout=5, max=99
Server:Apache/2.4.25 (Debian)
Connection:Keep-Alive
Last-Modified:Mon, 06 May 2019 20:34:16 GMT
Date:Mon, 11 May 2026 22:14:20 GMT
Accept-Ranges:bytes
ETag:""b0c-5883e06252200-gzip""
Content-Encoding:gzip
Vary:Accept-Encoding
Content-Length:1522
Content-Type:application/javascript
",95d6c4af80c4ac32ee784fcc1f4502ddc0bf0cc0cd190e7a00ed36648aafb419c150f0f85adf5a29e88a85e36f639a209a8b4e9a158300a1f522b3a8dae4f640,200
http://web/,GET,"Cookie:9d4bb4a09f511681369671a08beff228=e1cd05c0536e110d3896145117f19b57
Accept:text/html,application/xhtml+xml,application/xml;q=0.9,image/avif,image/webp,image/apng,*/*;q=0.8,application/signed-exchange;v=b3;q=0.9
User-Agent:Mozilla/5.0 (X11; Linux x86_64) AppleWebKit/537.36 (KHTML, like Gecko) Chrome/85.0.4183.102 Safari/537.36
Upgrade-Insecure-Requests:1
",cf83e1357eefb8bdf1542850d66d8007d620e4050b5715dc83f4a921d36ce9ce47d0d13c5d85f2b0ff8318d2877eec2f63b931bd47417a81a538327af927da3e,"Keep-Alive:timeout=5, max=94
Server:Apache/2.4.25 (Debian)
Connection:Keep-Alive
Date:Mon, 11 May 2026 22:41:11 GMT
Content-Length:52
X-Powered-By:PHP/7.1.29
Location:installation/index.php
Content-Type:text/html; charset=UTF-8
",cf83e1357eefb8bdf1542850d66d8007d620e4050b5715dc83f4a921d36ce9ce47d0d13c5d85f2b0ff8318d2877eec2f63b931bd47417a81a538327af927da3e,302
http://web/installation/index.php?tmpl=body&view=site,GET,"Cookie:9d4bb4a09f511681369671a08beff228=e1cd05c0536e110d3896145117f19b57
Accept:text/html, */*; q=0.01
X-Requested-With:XMLHttpRequest
User-Agent:Mozilla/5.0 (X11; Linux x86_64) AppleWebKit/537.36 (KHTML, like Gecko) Chrome/85.0.4183.102 Safari/537.36
Referer:http://web/installation/index.php
",cf83e1357eefb8bdf1542850d66d8007d620e4050b5715dc83f4a921d36ce9ce47d0d13c5d85f2b0ff8318d2877eec2f63b931bd47417a81a538327af927da3e,"Keep-Alive:timeout=5, max=57
Server:Apache/2.4.25 (Debian)
Connection:Keep-Alive
Last-Modified:Mon, 11 May 2026 22:15:03 GMT
Pragma:no-cache
Date:Mon, 11 May 2026 22:15:03 GMT
Cache-Control:no-store, no-cache, must-revalidate, post-check=0, pre-check=0
Content-Encoding:gzip
Vary:Accept-Encoding
Expires:Wed, 17 Aug 2005 00:00:00 GMT
Content-Length:3245
X-Powered-By:PHP/7.1.29
Content-Type:text/html; charset=utf-8
",aec92312b64fa2cd26250429f8df15ec281baa0d8ded1e3e5deb977c66b07fa8bfce0135eb2f3aa88dd5e81497b6c0d837b5c8d4894f4db5a32bac892013b422,200
http://web/installation/template/css/template.css?68be82d891257286afd40aa6194cd899,GET,"Cookie:9d4bb4a09f511681369671a08beff228=e1cd05c0536e110d3896145117f19b57
Accept:text/css,*/*;q=0.1
User-Agent:Mozilla/5.0 (X11; Linux x86_64) AppleWebKit/537.36 (KHTML, like Gecko) Chrome/85.0.4183.102 Safari/537.36
Referer:http://web/installation/index.php
",cf83e1357eefb8bdf1542850d66d8007d620e4050b5715dc83f4a921d36ce9ce47d0d13c5d85f2b0ff8318d2877eec2f63b931bd47417a81a538327af927da3e,"Keep-Alive:timeout=5, max=100
Server:Apache/2.4.25 (Debian)
Connection:Keep-Alive
Last-Modified:Mon, 06 May 2019 20:34:16 GMT
Date:Mon, 11 May 2026 22:42:02 GMT
Accept-Ranges:bytes
ETag:""15f2-5883e06252200-gzip""
Content-Encoding:gzip
Vary:Accept-Encoding
Content-Length:1722
Content-Type:text/css
",1519c822f513baa110c731fd3babe0719c1d75cc57a4cae4acc38075f1af3f9f842ba5979d24735049971fa6fb3022dfa1ebbdd3c7861111f4506ba3517cf77e,200
http://web/media/system/js/keepalive.js?59f35d200ba4bc3985c6a416f91ef038,GET,"Cookie:9d4bb4a09f511681369671a08beff228=e1cd05c0536e110d3896145117f19b57
Accept:*/*
User-Agent:Mozilla/5.0 (X11; Linux x86_64) AppleWebKit/537.36 (KHTML, like Gecko) Chrome/85.0.4183.102 Safari/537.36
Referer:http://web/installation/index.php
",cf83e1357eefb8bdf1542850d66d8007d620e4050b5715dc83f4a921d36ce9ce47d0d13c5d85f2b0ff8318d2877eec2f63b931bd47417a81a538327af927da3e,"Keep-Alive:timeout=5, max=99
Server:Apache/2.4.25 (Debian)
Connection:Keep-Alive
Last-Modified:Mon, 06 May 2019 20:34:16 GMT
Date:Mon, 11 May 2026 22:31:05 GMT
Accept-Ranges:bytes
ETag:""1ce-5883e06252200-gzip""
Content-Encoding:gzip
Vary:Accept-Encoding
Content-Length:306
Content-Type:application/javascript
",ec603e5bf179c66d60c1eb1077830c852ddc19a39eb6b3e5e2496abbb2af154c0179c65055b850afbb40c8702ced682e796a1fc99c9d0e7fab97f0a11d9281c1,200
http://web/installation/index.php,POST,"Origin:http://web
Cookie:9d4bb4a09f511681369671a08beff228=e1cd05c0536e110d3896145117f19b57
Accept:application/json, text/javascript, */*; q=0.01
X-Requested-With:XMLHttpRequest
User-Agent:Mozilla/5.0 (X11; Linux x86_64) AppleWebKit/537.36 (KHTML, like Gecko) Chrome/85.0.4183.102 Safari/537.36
Referer:http://web/installation/index.php
Content-Type:application/x-www-form-urlencoded; charset=UTF-8
",9ba34f47e12112c3b647a7b0f30389c74209e20b47a09324aa98d4a1680109ddfe0bcf7586a447d196fdaf35441fa19195d1ba6c19986c24922f3742d27a1a59,"Keep-Alive:timeout=5, max=95
Server:Apache/2.4.25 (Debian)
Connection:Keep-Alive
Last-Modified:Mon, 11 May 2026 22:41:10 GMT
Pragma:no-cache
Date:Mon, 11 May 2026 22:41:10 GMT
Cache-Control:no-store, no-cache, must-revalidate, post-check=0, pre-check=0
Content-Encoding:gzip
Vary:Accept-Encoding
Expires:Wed, 17 Aug 2005 00:00:00 GMT
Content-Length:4828
X-Powered-By:PHP/7.1.29
Content-Type:text/html; charset=utf-8
",73ab88c9abd288db32a02f981033fdffb8244708843af6cffdbb0f217190af1bd107d311d89b3543fb921d54083182a176c81370730871661169438fe0433e4e,200
http://web/installation/index.php,POST,"Origin:http://web
Cookie:9d4bb4a09f511681369671a08beff228=e1cd05c0536e110d3896145117f19b57
Accept:application/json, text/javascript, */*; q=0.01
X-Requested-With:XMLHttpRequest
User-Agent:Mozilla/5.0 (X11; Linux x86_64) AppleWebKit/537.36 (KHTML, like Gecko) Chrome/85.0.4183.102 Safari/537.36
Referer:http://web/installation/index.php
Content-Type:application/x-www-form-urlencoded; charset=UTF-8
",b1fbe0942e4f7614aad6d2d58fe8f3e444293a11dce002d49386086fed6c3af4b641afaa3f937dd4167c157b14f4dbd336c71a4059e18b8e0ef3b8a4c1104f60,"Keep-Alive:timeout=5, max=98
Server:Apache/2.4.25 (Debian)
Connection:Keep-Alive
Last-Modified:Mon, 11 May 2026 22:42:04 GMT
Pragma:no-cache
Date:Mon, 11 May 2026 22:42:04 GMT
Cache-Control:no-store, no-cache, must-revalidate, post-check=0, pre-check=0
Content-Encoding:gzip
Vary:Accept-Encoding
Expires:Wed, 17 Aug 2005 00:00:00 GMT
Content-Length:4828
X-Powered-By:PHP/7.1.29
Content-Type:text/html; charset=utf-8
",353f0d439ec23a4ea483da639732fcc089d29ba8ba7a097a08e7ec60a3fb963b001bfba45b5b353d87c59a9374593e3b2b8611e49ee8123faf88606a1d5c0581,200
http://web/installation/index.php,POST,"Origin:http://web
Cookie:9d4bb4a09f511681369671a08beff228=e1cd05c0536e110d3896145117f19b57
Accept:application/json, text/javascript, */*; q=0.01
X-Requested-With:XMLHttpRequest
User-Agent:Mozilla/5.0 (X11; Linux x86_64) AppleWebKit/537.36 (KHTML, like Gecko) Chrome/85.0.4183.102 Safari/537.36
Referer:http://web/installation/index.php
Content-Type:application/x-www-form-urlencoded; charset=UTF-8
",c2b731a58a8af008f81ca1d306bb82c5ca52bb1dff36a16dab362fa9ec6ffd9592bcf4b32ca29a89351b5b3451ebc1b1d29ccbb7294a2b7737098e1b1eeefc27,"Keep-Alive:timeout=5, max=95
Server:Apache/2.4.25 (Debian)
Connection:Keep-Alive
Last-Modified:Mon, 11 May 2026 22:36:51 GMT
Pragma:no-cache
Date:Mon, 11 May 2026 22:36:50 GMT
Cache-Control:no-store, no-cache, must-revalidate, post-check=0, pre-check=0
Content-Encoding:gzip
Vary:Accept-Encoding
Expires:Wed, 17 Aug 2005 00:00:00 GMT
Content-Length:4827
X-Powered-By:PHP/7.1.29
Content-Type:text/html; charset=utf-8
",2948a1161311053e5abe7eaf0482a09e4d1535745388735eeb382e4be44f5439649c6a1505fbda6f0ab02415ab264befae61f9fcb0ce97153fba372ce3c1a1a8,200
http://web/media/system/js/validate.js?68be82d891257286afd40aa6194cd899,GET,"Cookie:9d4bb4a09f511681369671a08beff228=e1cd05c0536e110d3896145117f19b57
Accept:*/*
User-Agent:Mozilla/5.0 (X11; Linux x86_64) AppleWebKit/537.36 (KHTML, like Gecko) Chrome/85.0.4183.102 Safari/537.36
Referer:http://web/installation/index.php
",cf83e1357eefb8bdf1542850d66d8007d620e4050b5715dc83f4a921d36ce9ce47d0d13c5d85f2b0ff8318d2877eec2f63b931bd47417a81a538327af927da3e,"Keep-Alive:timeout=5, max=98
Server:Apache/2.4.25 (Debian)
Connection:Keep-Alive
Last-Modified:Mon, 06 May 2019 20:34:16 GMT
Date:Mon, 11 May 2026 22:42:02 GMT
Accept-Ranges:bytes
ETag:""c2e-5883e06252200-gzip""
Content-Encoding:gzip
Vary:Accept-Encoding
Content-Length:1369
Content-Type:application/javascript
",ad1cd5392f1a34be74ef5c102d2dc356123b89fe8610d9bcc1946f3906374b604b9d9947dbe732a69833a64f3707a4381b85b2f0d8ab6261aa50795ca836baf6,200
http://web/,GET,"Cookie:9d4bb4a09f511681369671a08beff228=e1cd05c0536e110d3896145117f19b57
Accept:text/html,application/xhtml+xml,application/xml;q=0.9,image/avif,image/webp,image/apng,*/*;q=0.8,application/signed-exchange;v=b3;q=0.9
User-Agent:Mozilla/5.0 (X11; Linux x86_64) AppleWebKit/537.36 (KHTML, like Gecko) Chrome/85.0.4183.102 Safari/537.36
Upgrade-Insecure-Requests:1
",cf83e1357eefb8bdf1542850d66d8007d620e4050b5715dc83f4a921d36ce9ce47d0d13c5d85f2b0ff8318d2877eec2f63b931bd47417a81a538327af927da3e,"Keep-Alive:timeout=5, max=98
Server:Apache/2.4.25 (Debian)
Connection:Keep-Alive
Date:Mon, 11 May 2026 22:36:48 GMT
Content-Length:52
X-Powered-By:PHP/7.1.29
Location:installation/index.php
Content-Type:text/html; charset=UTF-8
",cf83e1357eefb8bdf1542850d66d8007d620e4050b5715dc83f4a921d36ce9ce47d0d13c5d85f2b0ff8318d2877eec2f63b931bd47417a81a538327af927da3e,302
http://web/installation/index.php,GET,"Cookie:9d4bb4a09f511681369671a08beff228=e1cd05c0536e110d3896145117f19b57
Accept:text/html,application/xhtml+xml,application/xml;q=0.9,image/avif,image/webp,image/apng,*/*;q=0.8,application/signed-exchange;v=b3;q=0.9
User-Agent:Mozilla/5.0 (X11; Linux x86_64) AppleWebKit/537.36 (KHTML, like Gecko) Chrome/85.0.4183.102 Safari/537.36
Upgrade-Insecure-Requests:1
",cf83e1357eefb8bdf1542850d66d8007d620e4050b5715dc83f4a921d36ce9ce47d0d13c5d85f2b0ff8318d2877eec2f63b931bd47417a81a538327af927da3e,"Keep-Alive:timeout=5, max=71
Server:Apache/2.4.25 (Debian)
Connection:Keep-Alive
Last-Modified:Mon, 11 May 2026 22:41:32 GMT
Pragma:no-cache
Date:Mon, 11 May 2026 22:41:32 GMT
Cache-Control:no-store, no-cache, must-revalidate, post-check=0, pre-check=0
Content-Encoding:gzip
Vary:Accept-Encoding
Expires:Wed, 17 Aug 2005 00:00:00 GMT
Content-Length:4827
X-Powered-By:PHP/7.1.29
Content-Type:text/html; charset=utf-8
",fddf433fe3c06a8bf18aef79d05e55b6858c92efce24a4cb40e563a0d83b7ea840868f72549be84f0aebff4086d878f4f8d8e049372ce2cfc62b72fff282d806,200
http://web/media/jui/images/ajax-loader.gif,GET,"Cookie:9d4bb4a09f511681369671a08beff228=e1cd05c0536e110d3896145117f19b57
Accept:image/avif,image/webp,image/apng,image/*,*/*;q=0.8
User-Agent:Mozilla/5.0 (X11; Linux x86_64) AppleWebKit/537.36 (KHTML, like Gecko) Chrome/85.0.4183.102 Safari/537.36
Referer:http://web/installation/index.php
",cf83e1357eefb8bdf1542850d66d8007d620e4050b5715dc83f4a921d36ce9ce47d0d13c5d85f2b0ff8318d2877eec2f63b931bd47417a81a538327af927da3e,"Server:Apache/2.4.25 (Debian)
Last-Modified:Mon, 06 May 2019 20:34:16 GMT
Date:Mon, 11 May 2026 22:14:27 GMT
Accept-Ranges:bytes
ETag:""26cd-5883e06252200""
Content-Length:9933
Content-Type:image/gif
",30f5d889918467fc4415c1b8d62ed1141de045be3a429d9b1e596e416d0a8f0f0923c8be765d877bdf91fd3b75c4538a777f309dbd5025e968a3c40fb131e114,200
http://web/installation/index.php,POST,"Origin:http://web
Cookie:9d4bb4a09f511681369671a08beff228=e1cd05c0536e110d3896145117f19b57
Accept:application/json, text/javascript, */*; q=0.01
X-Requested-With:XMLHttpRequest
User-Agent:Mozilla/5.0 (X11; Linux x86_64) AppleWebKit/537.36 (KHTML, like Gecko) Chrome/85.0.4183.102 Safari/537.36
Referer:http://web/installation/index.php
Content-Type:application/x-www-form-urlencoded; charset=UTF-8
",98dfc791b21dfb35e23a6e073126799dd8e0a805cc3c71b02ebc78c9361524f2a86004d3681c6fd41acf97737d303fa41bb278e2052b54dab1fd82cec6e27f79,"Keep-Alive:timeout=5, max=78
Server:Apache/2.4.25 (Debian)
Connection:Keep-Alive
Last-Modified:Mon, 11 May 2026 22:41:26 GMT
Pragma:no-cache
Date:Mon, 11 May 2026 22:41:26 GMT
Cache-Control:no-store, no-cache, must-revalidate, post-check=0, pre-check=0
Content-Encoding:gzip
Vary:Accept-Encoding
Expires:Wed, 17 Aug 2005 00:00:00 GMT
Content-Length:4828
X-Powered-By:PHP/7.1.29
Content-Type:text/html; charset=utf-8
",b697d1c7271a14ca574812fa58b781d817cf247cd984d7bd337d017f44a8afebbffe99bc5da41272ce485ebfbcb11539e38fbc8434152bcd5b6554cd926dc0c7,200
http://web/,GET,"Cookie:9d4bb4a09f511681369671a08beff228=e1cd05c0536e110d3896145117f19b57
Accept:text/html,application/xhtml+xml,application/xml;q=0.9,image/avif,image/webp,image/apng,*/*;q=0.8,application/signed-exchange;v=b3;q=0.9
User-Agent:Mozilla/5.0 (X11; Linux x86_64) AppleWebKit/537.36 (KHTML, like Gecko) Chrome/85.0.4183.102 Safari/537.36
Upgrade-Insecure-Requests:1
",cf83e1357eefb8bdf1542850d66d8007d620e4050b5715dc83f4a921d36ce9ce47d0d13c5d85f2b0ff8318d2877eec2f63b931bd47417a81a538327af927da3e,"Keep-Alive:timeout=5, max=84
Server:Apache/2.4.25 (Debian)
Connection:Keep-Alive
Date:Mon, 11 May 2026 22:31:21 GMT
Content-Length:52
X-Powered-By:PHP/7.1.29
Location:installation/index.php
Content-Type:text/html; charset=UTF-8
",cf83e1357eefb8bdf1542850d66d8007d620e4050b5715dc83f4a921d36ce9ce47d0d13c5d85f2b0ff8318d2877eec2f63b931bd47417a81a538327af927da3e,302
http://web/media/jui/css/bootstrap-extended.css?282cb11b10ec2d37010ea2ea050acabb,GET,"Cookie:9d4bb4a09f511681369671a08beff228=e1cd05c0536e110d3896145117f19b57
Accept:text/css,*/*;q=0.1
User-Agent:Mozilla/5.0 (X11; Linux x86_64) AppleWebKit/537.36 (KHTML, like Gecko) Chrome/85.0.4183.102 Safari/537.36
Referer:http://web/installation/index.php
",cf83e1357eefb8bdf1542850d66d8007d620e4050b5715dc83f4a921d36ce9ce47d0d13c5d85f2b0ff8318d2877eec2f63b931bd47417a81a538327af927da3e,"Keep-Alive:timeout=5, max=99
Server:Apache/2.4.25 (Debian)
Connection:Keep-Alive
Last-Modified:Mon, 06 May 2019 20:34:16 GMT
Date:Mon, 11 May 2026 22:14:21 GMT
Accept-Ranges:bytes
ETag:""2386-5883e06252200-gzip""
Content-Encoding:gzip
Vary:Accept-Encoding
Content-Length:2217
Content-Type:text/css
",f9172062f164f5d88a28d10b09e77fa1e668489523273ee187185bf6e2a73a2fbd3cdc9665ada844856099b9490c4a61835555c96934888d1eb9a9620f36a38c,200
http://web/media/jui/css/chosen.css?59f35d200ba4bc3985c6a416f91ef038,GET,"Cookie:9d4bb4a09f511681369671a08beff228=e1cd05c0536e110d3896145117f19b57
Accept:text/css,*/*;q=0.1
User-Agent:Mozilla/5.0 (X11; Linux x86_64) AppleWebKit/537.36 (KHTML, like Gecko) Chrome/85.0.4183.102 Safari/537.36
Referer:http://web/installation/index.php
",cf83e1357eefb8bdf1542850d66d8007d620e4050b5715dc83f4a921d36ce9ce47d0d13c5d85f2b0ff8318d2877eec2f63b931bd47417a81a538327af927da3e,"Keep-Alive:timeout=5, max=88
Server:Apache/2.4.25 (Debian)
Connection:Keep-Alive
Last-Modified:Mon, 06 May 2019 20:34:16 GMT
Date:Mon, 11 May 2026 22:31:04 GMT
Accept-Ranges:bytes
ETag:""2fea-5883e06252200-gzip""
Content-Encoding:gzip
Vary:Accept-Encoding
Content-Length:2407
Content-Type:text/css
",d0e168c2df9ecc29d8525bb30e84630af16c68eeaeec790a6166c183eaa7e7432b02b7937abb7670aafd1755ac038b5f049a9ca21a03e953f7d9dae845fc25ca,200
http://web/media/system/js/validate.js?282cb11b10ec2d37010ea2ea050acabb,GET,"Cookie:9d4bb4a09f511681369671a08beff228=e1cd05c0536e110d3896145117f19b57
Accept:*/*
User-Agent:Mozilla/5.0 (X11; Linux x86_64) AppleWebKit/537.36 (KHTML, like Gecko) Chrome/85.0.4183.102 Safari/537.36
Referer:http://web/installation/index.php
",cf83e1357eefb8bdf1542850d66d8007d620e4050b5715dc83f4a921d36ce9ce47d0d13c5d85f2b0ff8318d2877eec2f63b931bd47417a81a538327af927da3e,"Keep-Alive:timeout=5, max=99
Server:Apache/2.4.25 (Debian)
Connection:Keep-Alive
Last-Modified:Mon, 06 May 2019 20:34:16 GMT
Date:Mon, 11 May 2026 22:14:21 GMT
Accept-Ranges:bytes
ETag:""c2e-5883e06252200-gzip""
Content-Encoding:gzip
Vary:Accept-Encoding
Content-Length:1369
Content-Type:application/javascript
",ad1cd5392f1a34be74ef5c102d2dc356123b89fe8610d9bcc1946f3906374b604b9d9947dbe732a69833a64f3707a4381b85b2f0d8ab6261aa50795ca836baf6,200
http://web/installation/template/css/template.css?bfa15b87d418dce64311672b084cf71b,GET,"Cookie:9d4bb4a09f511681369671a08beff228=e1cd05c0536e110d3896145117f19b57
Accept:text/css,*/*;q=0.1
User-Agent:Mozilla/5.0 (X11; Linux x86_64) AppleWebKit/537.36 (KHTML, like Gecko) Chrome/85.0.4183.102 Safari/537.36
Referer:http://web/installation/index.php
",cf83e1357eefb8bdf1542850d66d8007d620e4050b5715dc83f4a921d36ce9ce47d0d13c5d85f2b0ff8318d2877eec2f63b931bd47417a81a538327af927da3e,"Keep-Alive:timeout=5, max=10
Server:Apache/2.4.25 (Debian)
Connection:Keep-Alive
Last-Modified:Mon, 06 May 2019 20:34:16 GMT
Date:Mon, 11 May 2026 22:30:44 GMT
Accept-Ranges:bytes
ETag:""15f2-5883e06252200-gzip""
Content-Encoding:gzip
Vary:Accept-Encoding
Content-Length:1722
Content-Type:text/css
",1519c822f513baa110c731fd3babe0719c1d75cc57a4cae4acc38075f1af3f9f842ba5979d24735049971fa6fb3022dfa1ebbdd3c7861111f4506ba3517cf77e,200
http://web/installation/index.php,GET,"Cookie:9d4bb4a09f511681369671a08beff228=e1cd05c0536e110d3896145117f19b57
Accept:text/html,application/xhtml+xml,application/xml;q=0.9,image/avif,image/webp,image/apng,*/*;q=0.8,application/signed-exchange;v=b3;q=0.9
User-Agent:Mozilla/5.0 (X11; Linux x86_64) AppleWebKit/537.36 (KHTML, like Gecko) Chrome/85.0.4183.102 Safari/537.36
Upgrade-Insecure-Requests:1
",cf83e1357eefb8bdf1542850d66d8007d620e4050b5715dc83f4a921d36ce9ce47d0d13c5d85f2b0ff8318d2877eec2f63b931bd47417a81a538327af927da3e,"Keep-Alive:timeout=5, max=89
Server:Apache/2.4.25 (Debian)
Connection:Keep-Alive
Last-Modified:Mon, 11 May 2026 22:31:04 GMT
Pragma:no-cache
Date:Mon, 11 May 2026 22:31:04 GMT
Cache-Control:no-store, no-cache, must-revalidate, post-check=0, pre-check=0
Content-Encoding:gzip
Vary:Accept-Encoding
Expires:Wed, 17 Aug 2005 00:00:00 GMT
Content-Length:4829
X-Powered-By:PHP/7.1.29
Content-Type:text/html; charset=utf-8
",7ea04238b36a63488b63e98a23a98cdb390b50812ef9aa6f2c4663e4444468ca31049b942fe249e4451f4888c30275ddc398478e1d01aeccb95f51be316cefdc,200
http://web/installation/index.php,GET,"Cookie:9d4bb4a09f511681369671a08beff228=e1cd05c0536e110d3896145117f19b57
Accept:text/html,application/xhtml+xml,application/xml;q=0.9,image/avif,image/webp,image/apng,*/*;q=0.8,application/signed-exchange;v=b3;q=0.9
User-Agent:Mozilla/5.0 (X11; Linux x86_64) AppleWebKit/537.36 (KHTML, like Gecko) Chrome/85.0.4183.102 Safari/537.36
Upgrade-Insecure-Requests:1
",cf83e1357eefb8bdf1542850d66d8007d620e4050b5715dc83f4a921d36ce9ce47d0d13c5d85f2b0ff8318d2877eec2f63b931bd47417a81a538327af927da3e,"Keep-Alive:timeout=5, max=75
Server:Apache/2.4.25 (Debian)
Connection:Keep-Alive
Last-Modified:Mon, 11 May 2026 22:41:27 GMT
Pragma:no-cache
Date:Mon, 11 May 2026 22:41:27 GMT
Cache-Control:no-store, no-cache, must-revalidate, post-check=0, pre-check=0
Content-Encoding:gzip
Vary:Accept-Encoding
Expires:Wed, 17 Aug 2005 00:00:00 GMT
Content-Length:4827
X-Powered-By:PHP/7.1.29
Content-Type:text/html; charset=utf-8
",ac9e7deff4a1b852aa2a726c5f4b7cf7e9699a1b8fda9bae30b256559a2e2679dfdcdaa8f315cdb8652a5129246263ba02f96895756eece8370121fc0ec4862b,200
http://web/media/jui/css/chosen.css?72f2362f0d5d36c85ec842267bdd70d2,GET,"Cookie:9d4bb4a09f511681369671a08beff228=e1cd05c0536e110d3896145117f19b57
Accept:text/css,*/*;q=0.1
User-Agent:Mozilla/5.0 (X11; Linux x86_64) AppleWebKit/537.36 (KHTML, like Gecko) Chrome/85.0.4183.102 Safari/537.36
Referer:http://web/installation/index.php
",cf83e1357eefb8bdf1542850d66d8007d620e4050b5715dc83f4a921d36ce9ce47d0d13c5d85f2b0ff8318d2877eec2f63b931bd47417a81a538327af927da3e,"Keep-Alive:timeout=5, max=65
Server:Apache/2.4.25 (Debian)
Connection:Keep-Alive
Last-Modified:Mon, 06 May 2019 20:34:16 GMT
Date:Mon, 11 May 2026 22:35:59 GMT
Accept-Ranges:bytes
ETag:""2fea-5883e06252200-gzip""
Content-Encoding:gzip
Vary:Accept-Encoding
Content-Length:2407
Content-Type:text/css
",d0e168c2df9ecc29d8525bb30e84630af16c68eeaeec790a6166c183eaa7e7432b02b7937abb7670aafd1755ac038b5f049a9ca21a03e953f7d9dae845fc25ca,200
http://web/installation/index.php,POST,"Origin:http://web
Cookie:9d4bb4a09f511681369671a08beff228=e1cd05c0536e110d3896145117f19b57
Accept:application/json, text/javascript, */*; q=0.01
X-Requested-With:XMLHttpRequest
User-Agent:Mozilla/5.0 (X11; Linux x86_64) AppleWebKit/537.36 (KHTML, like Gecko) Chrome/85.0.4183.102 Safari/537.36
Referer:http://web/installation/index.php
Content-Type:application/x-www-form-urlencoded; charset=UTF-8
",27c94e9f0e2c5f362daeb503a2968e9a9dbf747a73a3d6130f4c8438ca7b29c244fe152bf83de981bc9b05bdfbb7562a92023b80015a2e5df136a12e0019b260,"Keep-Alive:timeout=5, max=95
Server:Apache/2.4.25 (Debian)
Connection:Keep-Alive
Last-Modified:Mon, 11 May 2026 22:14:35 GMT
Pragma:no-cache
Date:Mon, 11 May 2026 22:14:35 GMT
Cache-Control:no-store, no-cache, must-revalidate, post-check=0, pre-check=0
Content-Encoding:gzip
Vary:Accept-Encoding
Expires:Wed, 17 Aug 2005 00:00:00 GMT
Content-Length:4825
X-Powered-By:PHP/7.1.29
Content-Type:text/html; charset=utf-8
",f2d8690d9112cbc283578763560ca6223fcaa437d9ab2bc0ed6cb32b6e5f0e63868c0afc46bcc98fb101cde0b0dff4ec3060f9d1ccde730f412e8c7bd2de62fa,200
http://web/installation/index.php?tmpl=body&view=site,GET,"Cookie:9d4bb4a09f511681369671a08beff228=e1cd05c0536e110d3896145117f19b57
Accept:text/html, */*; q=0.01
X-Requested-With:XMLHttpRequest
User-Agent:Mozilla/5.0 (X11; Linux x86_64) AppleWebKit/537.36 (KHTML, like Gecko) Chrome/85.0.4183.102 Safari/537.36
Referer:http://web/installation/index.php
",cf83e1357eefb8bdf1542850d66d8007d620e4050b5715dc83f4a921d36ce9ce47d0d13c5d85f2b0ff8318d2877eec2f63b931bd47417a81a538327af927da3e,"Keep-Alive:timeout=5, max=73
Server:Apache/2.4.25 (Debian)
Connection:Keep-Alive
Last-Modified:Mon, 11 May 2026 22:14:53 GMT
Pragma:no-cache
Date:Mon, 11 May 2026 22:14:53 GMT
Cache-Control:no-store, no-cache, must-revalidate, post-check=0, pre-check=0
Content-Encoding:gzip
Vary:Accept-Encoding
Expires:Wed, 17 Aug 2005 00:00:00 GMT
Content-Length:3246
X-Powered-By:PHP/7.1.29
Content-Type:text/html; charset=utf-8
",58198d4112cafde3bacc17035eb939328699c92f12ff40290ebcbdaca3dd14b9c435d9ca643511233e86a80da4ffe3f2d31bccd9fac54c898bf8408eaf818877,200
http://web/,GET,"Cookie:9d4bb4a09f511681369671a08beff228=e1cd05c0536e110d3896145117f19b57
Accept:text/html,application/xhtml+xml,application/xml;q=0.9,image/avif,image/webp,image/apng,*/*;q=0.8,application/signed-exchange;v=b3;q=0.9
User-Agent:Mozilla/5.0 (X11; Linux x86_64) AppleWebKit/537.36 (KHTML, like Gecko) Chrome/85.0.4183.102 Safari/537.36
Upgrade-Insecure-Requests:1
",cf83e1357eefb8bdf1542850d66d8007d620e4050b5715dc83f4a921d36ce9ce47d0d13c5d85f2b0ff8318d2877eec2f63b931bd47417a81a538327af927da3e,"Keep-Alive:timeout=5, max=40
Server:Apache/2.4.25 (Debian)
Connection:Keep-Alive
Date:Mon, 11 May 2026 22:15:19 GMT
Content-Length:52
X-Powered-By:PHP/7.1.29
Location:installation/index.php
Content-Type:text/html; charset=UTF-8
",cf83e1357eefb8bdf1542850d66d8007d620e4050b5715dc83f4a921d36ce9ce47d0d13c5d85f2b0ff8318d2877eec2f63b931bd47417a81a538327af927da3e,302
http://web/media/jui/js/chosen.jquery.min.js?68be82d891257286afd40aa6194cd899,GET,"Cookie:9d4bb4a09f511681369671a08beff228=e1cd05c0536e110d3896145117f19b57
Accept:*/*
User-Agent:Mozilla/5.0 (X11; Linux x86_64) AppleWebKit/537.36 (KHTML, like Gecko) Chrome/85.0.4183.102 Safari/537.36
Referer:http://web/installation/index.php
",cf83e1357eefb8bdf1542850d66d8007d620e4050b5715dc83f4a921d36ce9ce47d0d13c5d85f2b0ff8318d2877eec2f63b931bd47417a81a538327af927da3e,"Keep-Alive:timeout=5, max=38
Server:Apache/2.4.25 (Debian)
Connection:Keep-Alive
Last-Modified:Mon, 06 May 2019 20:34:16 GMT
Date:Mon, 11 May 2026 22:42:02 GMT
Accept-Ranges:bytes
ETag:""84da-5883e06252200-gzip""
Content-Encoding:gzip
Vary:Accept-Encoding
Content-Length:7609
Content-Type:application/javascript
",afa89c11ab018fc3cf1bbb2cf72b4467f4987428e5cb5f65a32d55353763db6fdcb998daa56335b556310b7460617a460d6c6f062bd1919129311245cfe79803,200
http://web/media/jui/img/glyphicons-halflings-white.png,GET,"Cookie:9d4bb4a09f511681369671a08beff228=e1cd05c0536e110d3896145117f19b57
Accept:image/avif,image/webp,image/apng,image/*,*/*;q=0.8
User-Agent:Mozilla/5.0 (X11; Linux x86_64) AppleWebKit/537.36 (KHTML, like Gecko) Chrome/85.0.4183.102 Safari/537.36
Referer:http://web/media/jui/css/bootstrap.min.css?282cb11b10ec2d37010ea2ea050acabb
",cf83e1357eefb8bdf1542850d66d8007d620e4050b5715dc83f4a921d36ce9ce47d0d13c5d85f2b0ff8318d2877eec2f63b931bd47417a81a538327af927da3e,"Keep-Alive:timeout=5, max=94
Server:Apache/2.4.25 (Debian)
Connection:Keep-Alive
Last-Modified:Mon, 06 May 2019 20:34:16 GMT
Date:Mon, 11 May 2026 22:14:22 GMT
Accept-Ranges:bytes
ETag:""2227-5883e06252200""
Content-Length:8743
Content-Type:image/png
",6a10cc9b9dfaf1fa32850f3dc618d04f1364fc7d4d8f82cfbb1e921b5f506330d853098aa7f707d05bbd251f1893ecc603458314375be81d99a23eaea8f956b2,200
http://web/installation/index.php?tmpl=body&view=site,GET,"Cookie:9d4bb4a09f511681369671a08beff228=e1cd05c0536e110d3896145117f19b57
Accept:text/html, */*; q=0.01
X-Requested-With:XMLHttpRequest
User-Agent:Mozilla/5.0 (X11; Linux x86_64) AppleWebKit/537.36 (KHTML, like Gecko) Chrome/85.0.4183.102 Safari/537.36
Referer:http://web/installation/index.php
",cf83e1357eefb8bdf1542850d66d8007d620e4050b5715dc83f4a921d36ce9ce47d0d13c5d85f2b0ff8318d2877eec2f63b931bd47417a81a538327af927da3e,"Keep-Alive:timeout=5, max=28
Server:Apache/2.4.25 (Debian)
Connection:Keep-Alive
Last-Modified:Mon, 11 May 2026 22:15:33 GMT
Pragma:no-cache
Date:Mon, 11 May 2026 22:15:32 GMT
Cache-Control:no-store, no-cache, must-revalidate, post-check=0, pre-check=0
Content-Encoding:gzip
Vary:Accept-Encoding
Expires:Wed, 17 Aug 2005 00:00:00 GMT
Content-Length:3245
X-Powered-By:PHP/7.1.29
Content-Type:text/html; charset=utf-8
",55ddf523d8c5074702d22d2d980ab8d1f62c2c5ec67687e3538e5a0afb096f0b7899d7d961af0fce783e5c912ff037d25ffa03a45529d8a78e8bec8e49d6a2a5,200
http://web/media/jui/js/jquery.min.js?bfa15b87d418dce64311672b084cf71b,GET,"Cookie:9d4bb4a09f511681369671a08beff228=e1cd05c0536e110d3896145117f19b57
Accept:*/*
User-Agent:Mozilla/5.0 (X11; Linux x86_64) AppleWebKit/537.36 (KHTML, like Gecko) Chrome/85.0.4183.102 Safari/537.36
Referer:http://web/installation/index.php
",cf83e1357eefb8bdf1542850d66d8007d620e4050b5715dc83f4a921d36ce9ce47d0d13c5d85f2b0ff8318d2877eec2f63b931bd47417a81a538327af927da3e,"Keep-Alive:timeout=5, max=9
Server:Apache/2.4.25 (Debian)
Connection:Keep-Alive
Last-Modified:Mon, 06 May 2019 20:34:16 GMT
Date:Mon, 11 May 2026 22:30:44 GMT
Accept-Ranges:bytes
ETag:""1795e-5883e06252200-gzip""
Content-Encoding:gzip
Vary:Accept-Encoding
Content-Length:33659
Content-Type:application/javascript
",c504c83f430ae03000216d7b189b9d0e72f67fcb66c4434837b566fa9eea722607a1b18241f277385ff4a116dfd03c467279def6993805e5e823ed54b7a48fcf,200
http://web/media/jui/css/bootstrap.min.css?bb6ce90dbb74fabedd2d70ffa4d390e3,GET,"Cookie:9d4bb4a09f511681369671a08beff228=e1cd05c0536e110d3896145117f19b57
Accept:text/css,*/*;q=0.1
User-Agent:Mozilla/5.0 (X11; Linux x86_64) AppleWebKit/537.36 (KHTML, like Gecko) Chrome/85.0.4183.102 Safari/537.36
Referer:http://web/installation/index.php
",cf83e1357eefb8bdf1542850d66d8007d620e4050b5715dc83f4a921d36ce9ce47d0d13c5d85f2b0ff8318d2877eec2f63b931bd47417a81a538327af927da3e,"Keep-Alive:timeout=5, max=100
Server:Apache/2.4.25 (Debian)
Connection:Keep-Alive
Last-Modified:Mon, 06 May 2019 20:34:16 GMT
Date:Mon, 11 May 2026 22:36:10 GMT
Accept-Ranges:bytes
ETag:""19f02-5883e06252200-gzip""
Content-Encoding:gzip
Vary:Accept-Encoding
Content-Length:17143
Content-Type:text/css
",2756547abc65d82ca19886ad8a81e904d324bb933b774cf8a9c3df4972fad4e0257dd4a4b9006e0c475ca86f3ac9f40604b0af1833578e20f36753316e91982d,200
http://web/installation/index.php,GET,"Cookie:9d4bb4a09f511681369671a08beff228=e1cd05c0536e110d3896145117f19b57
Accept:text/html,application/xhtml+xml,application/xml;q=0.9,image/avif,image/webp,image/apng,*/*;q=0.8,application/signed-exchange;v=b3;q=0.9
User-Agent:Mozilla/5.0 (X11; Linux x86_64) AppleWebKit/537.36 (KHTML, like Gecko) Chrome/85.0.4183.102 Safari/537.36
Upgrade-Insecure-Requests:1
",cf83e1357eefb8bdf1542850d66d8007d620e4050b5715dc83f4a921d36ce9ce47d0d13c5d85f2b0ff8318d2877eec2f63b931bd47417a81a538327af927da3e,"Keep-Alive:timeout=5, max=4
Server:Apache/2.4.25 (Debian)
Connection:Keep-Alive
Last-Modified:Mon, 11 May 2026 22:30:48 GMT
Pragma:no-cache
Date:Mon, 11 May 2026 22:30:48 GMT
Cache-Control:no-store, no-cache, must-revalidate, post-check=0, pre-check=0
Content-Encoding:gzip
Vary:Accept-Encoding
Expires:Wed, 17 Aug 2005 00:00:00 GMT
Content-Length:4830
X-Powered-By:PHP/7.1.29
Content-Type:text/html; charset=utf-8
",4b0d64bdd53e8160592adbcb9062a8cf2f8eebfec4de3b5fccd13befcc25b4393f605a22ad3a46ff0724fb5b3145ef7bcf98eb3b4f6773e15f0593ec41c36b52,200
http://web/media/jui/css/bootstrap.min.css?bb6ce90dbb74fabedd2d70ffa4d390e3,GET,"Cookie:9d4bb4a09f511681369671a08beff228=e1cd05c0536e110d3896145117f19b57
Accept:text/css,*/*;q=0.1
User-Agent:Mozilla/5.0 (X11; Linux x86_64) AppleWebKit/537.36 (KHTML, like Gecko) Chrome/85.0.4183.102 Safari/537.36
Referer:http://web/installation/index.php
",cf83e1357eefb8bdf1542850d66d8007d620e4050b5715dc83f4a921d36ce9ce47d0d13c5d85f2b0ff8318d2877eec2f63b931bd47417a81a538327af927da3e,"Server:Apache/2.4.25 (Debian)
Last-Modified:Mon, 06 May 2019 20:34:16 GMT
Date:Mon, 11 May 2026 22:36:10 GMT
Accept-Ranges:bytes
ETag:""19f02-5883e06252200-gzip""
Content-Encoding:gzip
Vary:Accept-Encoding
Content-Length:17143
Content-Type:text/css
",2756547abc65d82ca19886ad8a81e904d324bb933b774cf8a9c3df4972fad4e0257dd4a4b9006e0c475ca86f3ac9f40604b0af1833578e20f36753316e91982d,200
http://web/media/system/js/keepalive.js?68be82d891257286afd40aa6194cd899,GET,"Cookie:9d4bb4a09f511681369671a08beff228=e1cd05c0536e110d3896145117f19b57
Accept:*/*
User-Agent:Mozilla/5.0 (X11; Linux x86_64) AppleWebKit/537.36 (KHTML, like Gecko) Chrome/85.0.4183.102 Safari/537.36
Referer:http://web/installation/index.php
",cf83e1357eefb8bdf1542850d66d8007d620e4050b5715dc83f4a921d36ce9ce47d0d13c5d85f2b0ff8318d2877eec2f63b931bd47417a81a538327af927da3e,"Keep-Alive:timeout=5, max=99
Server:Apache/2.4.25 (Debian)
Connection:Keep-Alive
Last-Modified:Mon, 06 May 2019 20:34:16 GMT
Date:Mon, 11 May 2026 22:42:02 GMT
Accept-Ranges:bytes
ETag:""1ce-5883e06252200-gzip""
Content-Encoding:gzip
Vary:Accept-Encoding
Content-Length:306
Content-Type:application/javascript
",ec603e5bf179c66d60c1eb1077830c852ddc19a39eb6b3e5e2496abbb2af154c0179c65055b850afbb40c8702ced682e796a1fc99c9d0e7fab97f0a11d9281c1,200
http://web/installation/index.php?tmpl=body&view=site,GET,"Cookie:9d4bb4a09f511681369671a08beff228=e1cd05c0536e110d3896145117f19b57
Accept:text/html, */*; q=0.01
X-Requested-With:XMLHttpRequest
User-Agent:Mozilla/5.0 (X11; Linux x86_64) AppleWebKit/537.36 (KHTML, like Gecko) Chrome/85.0.4183.102 Safari/537.36
Referer:http://web/installation/index.php
",cf83e1357eefb8bdf1542850d66d8007d620e4050b5715dc83f4a921d36ce9ce47d0d13c5d85f2b0ff8318d2877eec2f63b931bd47417a81a538327af927da3e,"Keep-Alive:timeout=5, max=87
Server:Apache/2.4.25 (Debian)
Connection:Keep-Alive
Last-Modified:Mon, 11 May 2026 22:31:17 GMT
Pragma:no-cache
Date:Mon, 11 May 2026 22:31:17 GMT
Cache-Control:no-store, no-cache, must-revalidate, post-check=0, pre-check=0
Content-Encoding:gzip
Vary:Accept-Encoding
Expires:Wed, 17 Aug 2005 00:00:00 GMT
Content-Length:3247
X-Powered-By:PHP/7.1.29
Content-Type:text/html; charset=utf-8
",2123168f1fbeaf5a48dcd8744fdc5a28e86703242b8202172eca381039f978e5cf2b1c3b8cf16b635fed30daf06275b906dd6f7083c0a235116b8d893d048915,200
http://web/installation/index.php?tmpl=body&view=site,GET,"Cookie:9d4bb4a09f511681369671a08beff228=e1cd05c0536e110d3896145117f19b57
Accept:text/html, */*; q=0.01
X-Requested-With:XMLHttpRequest
User-Agent:Mozilla/5.0 (X11; Linux x86_64) AppleWebKit/537.36 (KHTML, like Gecko) Chrome/85.0.4183.102 Safari/537.36
Referer:http://web/installation/index.php
",cf83e1357eefb8bdf1542850d66d8007d620e4050b5715dc83f4a921d36ce9ce47d0d13c5d85f2b0ff8318d2877eec2f63b931bd47417a81a538327af927da3e,"Keep-Alive:timeout=5, max=64
Server:Apache/2.4.25 (Debian)
Connection:Keep-Alive
Last-Modified:Mon, 11 May 2026 22:41:41 GMT
Pragma:no-cache
Date:Mon, 11 May 2026 22:41:41 GMT
Cache-Control:no-store, no-cache, must-revalidate, post-check=0, pre-check=0
Content-Encoding:gzip
Vary:Accept-Encoding
Expires:Wed, 17 Aug 2005 00:00:00 GMT
Content-Length:3247
X-Powered-By:PHP/7.1.29
Content-Type:text/html; charset=utf-8
",db38933da66b66b622e2876f071f8579b4800330090236d400228c1f800fdb3fb551911e577aa00cc7c9b7551dfaea6e3cf489fa809f7074688fdffe5c90befa,200
http://web/installation/index.php,POST,"Origin:http://web
Cookie:9d4bb4a09f511681369671a08beff228=e1cd05c0536e110d3896145117f19b57
Accept:application/json, text/javascript, */*; q=0.01
X-Requested-With:XMLHttpRequest
User-Agent:Mozilla/5.0 (X11; Linux x86_64) AppleWebKit/537.36 (KHTML, like Gecko) Chrome/85.0.4183.102 Safari/537.36
Referer:http://web/installation/index.php
Content-Type:application/x-www-form-urlencoded; charset=UTF-8
",d395a280abb5f8166dbd70167a0ec7d45ebe603089bd79a948f4a1df4205fd36354197897f09fc30fcd29257f546f167608f4da739dfeea20b1b6d579c5eba60,"Keep-Alive:timeout=5, max=94
Server:Apache/2.4.25 (Debian)
Connection:Keep-Alive
Last-Modified:Mon, 11 May 2026 22:42:09 GMT
Pragma:no-cache
Date:Mon, 11 May 2026 22:42:09 GMT
Cache-Control:no-store, no-cache, must-revalidate, post-check=0, pre-check=0
Content-Encoding:gzip
Vary:Accept-Encoding
Expires:Wed, 17 Aug 2005 00:00:00 GMT
Content-Length:4828
X-Powered-By:PHP/7.1.29
Content-Type:text/html; charset=utf-8
",62706924992f0bb4157302f48dbab89e0520717b780ab4295af272584bc00b2f6fe2b929c0cc989c6062ac99805160307e900ad4474655ada34b8f1dbdfb5dfa,200
http://web/installation/index.php,POST,"Origin:http://web
Cookie:9d4bb4a09f511681369671a08beff228=e1cd05c0536e110d3896145117f19b57
Accept:application/json, text/javascript, */*; q=0.01
X-Requested-With:XMLHttpRequest
User-Agent:Mozilla/5.0 (X11; Linux x86_64) AppleWebKit/537.36 (KHTML, like Gecko) Chrome/85.0.4183.102 Safari/537.36
Referer:http://web/installation/index.php
Content-Type:application/x-www-form-urlencoded; charset=UTF-8
",0ffe9aa2300a37e20a224579b8519213c94dcda8ffc6e197e67f69e0c2e238d5415d12bb5852530d0e28513b05daaea2a98b205b8d9898b40ec8e7c41ed45618,"Keep-Alive:timeout=5, max=100
Server:Apache/2.4.25 (Debian)
Connection:Keep-Alive
Last-Modified:Mon, 11 May 2026 22:36:23 GMT
Pragma:no-cache
Date:Mon, 11 May 2026 22:36:23 GMT
Cache-Control:no-store, no-cache, must-revalidate, post-check=0, pre-check=0
Content-Encoding:gzip
Vary:Accept-Encoding
Expires:Wed, 17 Aug 2005 00:00:00 GMT
Content-Length:4828
X-Powered-By:PHP/7.1.29
Content-Type:text/html; charset=utf-8
",fbc33519dd7f43c451ac787132736336f52e079b4e38a31ef6902897a7f18875ad5a8371e3f94c7a9f3347f0e087113c36a6d435a782bf93b54a551e60892a88,200
http://web/media/jui/css/chosen.css?282cb11b10ec2d37010ea2ea050acabb,GET,"Cookie:9d4bb4a09f511681369671a08beff228=e1cd05c0536e110d3896145117f19b57
Accept:text/css,*/*;q=0.1
User-Agent:Mozilla/5.0 (X11; Linux x86_64) AppleWebKit/537.36 (KHTML, like Gecko) Chrome/85.0.4183.102 Safari/537.36
Referer:http://web/installation/index.php
",cf83e1357eefb8bdf1542850d66d8007d620e4050b5715dc83f4a921d36ce9ce47d0d13c5d85f2b0ff8318d2877eec2f63b931bd47417a81a538327af927da3e,"Keep-Alive:timeout=5, max=100
Server:Apache/2.4.25 (Debian)
Connection:Keep-Alive
Last-Modified:Mon, 06 May 2019 20:34:16 GMT
Date:Mon, 11 May 2026 22:14:20 GMT
Accept-Ranges:bytes
ETag:""2fea-5883e06252200-gzip""
Content-Encoding:gzip
Vary:Accept-Encoding
Content-Length:2407
Content-Type:text/css
",d0e168c2df9ecc29d8525bb30e84630af16c68eeaeec790a6166c183eaa7e7432b02b7937abb7670aafd1755ac038b5f049a9ca21a03e953f7d9dae845fc25ca,200
http://web/installation/index.php?tmpl=body&view=site,GET,"Cookie:9d4bb4a09f511681369671a08beff228=e1cd05c0536e110d3896145117f19b57
Accept:text/html, */*; q=0.01
X-Requested-With:XMLHttpRequest
User-Agent:Mozilla/5.0 (X11; Linux x86_64) AppleWebKit/537.36 (KHTML, like Gecko) Chrome/85.0.4183.102 Safari/537.36
Referer:http://web/installation/index.php
",cf83e1357eefb8bdf1542850d66d8007d620e4050b5715dc83f4a921d36ce9ce47d0d13c5d85f2b0ff8318d2877eec2f63b931bd47417a81a538327af927da3e,"Keep-Alive:timeout=5, max=36
Server:Apache/2.4.25 (Debian)
Connection:Keep-Alive
Last-Modified:Mon, 11 May 2026 22:15:23 GMT
Pragma:no-cache
Date:Mon, 11 May 2026 22:15:23 GMT
Cache-Control:no-store, no-cache, must-revalidate, post-check=0, pre-check=0
Content-Encoding:gzip
Vary:Accept-Encoding
Expires:Wed, 17 Aug 2005 00:00:00 GMT
Content-Length:3245
X-Powered-By:PHP/7.1.29
Content-Type:text/html; charset=utf-8
",bd431c711df3203517986b682092aa5a70b37f629c9318ae09b98f1a935b4f387abc3dfaaafeabb32a5368bd3dc95d2105161074c0ce497242c409e9caca3335,200
http://web/media/jui/css/bootstrap-extended.css?bb6ce90dbb74fabedd2d70ffa4d390e3,GET,"Cookie:9d4bb4a09f511681369671a08beff228=e1cd05c0536e110d3896145117f19b57
Accept:text/css,*/*;q=0.1
User-Agent:Mozilla/5.0 (X11; Linux x86_64) AppleWebKit/537.36 (KHTML, like Gecko) Chrome/85.0.4183.102 Safari/537.36
Referer:http://web/installation/index.php
",cf83e1357eefb8bdf1542850d66d8007d620e4050b5715dc83f4a921d36ce9ce47d0d13c5d85f2b0ff8318d2877eec2f63b931bd47417a81a538327af927da3e,"Keep-Alive:timeout=5, max=99
Server:Apache/2.4.25 (Debian)
Connection:Keep-Alive
Last-Modified:Mon, 06 May 2019 20:34:16 GMT
Date:Mon, 11 May 2026 22:36:10 GMT
Accept-Ranges:bytes
ETag:""2386-5883e06252200-gzip""
Content-Encoding:gzip
Vary:Accept-Encoding
Content-Length:2217
Content-Type:text/css
",f9172062f164f5d88a28d10b09e77fa1e668489523273ee187185bf6e2a73a2fbd3cdc9665ada844856099b9490c4a61835555c96934888d1eb9a9620f36a38c,200
http://web/installation/index.php,POST,"Origin:http://web
Cookie:9d4bb4a09f511681369671a08beff228=e1cd05c0536e110d3896145117f19b57
Accept:application/json, text/javascript, */*; q=0.01
X-Requested-With:XMLHttpRequest
User-Agent:Mozilla/5.0 (X11; Linux x86_64) AppleWebKit/537.36 (KHTML, like Gecko) Chrome/85.0.4183.102 Safari/537.36
Referer:http://web/installation/index.php
Content-Type:application/x-www-form-urlencoded; charset=UTF-8
",5cac03bb05aa35f4f9157b488fd04b8f16bf18d81512acf8cb26d9e9c864b8cc9f80b8e97d8950ea2214b8f463328cda45645e9e2dc4d5e0c3648e27bf67ecd9,"Keep-Alive:timeout=5, max=74
Server:Apache/2.4.25 (Debian)
Connection:Keep-Alive
Last-Modified:Mon, 11 May 2026 22:14:52 GMT
Pragma:no-cache
Date:Mon, 11 May 2026 22:14:52 GMT
Cache-Control:no-store, no-cache, must-revalidate, post-check=0, pre-check=0
Content-Encoding:gzip
Vary:Accept-Encoding
Expires:Wed, 17 Aug 2005 00:00:00 GMT
Content-Length:4825
X-Powered-By:PHP/7.1.29
Content-Type:text/html; charset=utf-8
",c98ab474382de6be9f9bbd6b05403c68b02f74f4ec9eeea6c036813780d0f4d243f3a593a0a407939792fda504a8e577f7db5fd5d2a7ea2bb6783569cb75b320,200
http://web/installation/index.php,POST,"Origin:http://web
Cookie:9d4bb4a09f511681369671a08beff228=e1cd05c0536e110d3896145117f19b57
Accept:application/json, text/javascript, */*; q=0.01
X-Requested-With:XMLHttpRequest
User-Agent:Mozilla/5.0 (X11; Linux x86_64) AppleWebKit/537.36 (KHTML, like Gecko) Chrome/85.0.4183.102 Safari/537.36
Referer:http://web/installation/index.php
Content-Type:application/x-www-form-urlencoded; charset=UTF-8
",53ae405cadaa54f2ac1f61679bda91073cfee4216fc053cacef5b6e66166272a5285202f772c729bc9ceaed355a477ebd1a1acc98dd90ee164ef59016fda4d2f,"Keep-Alive:timeout=5, max=70
Server:Apache/2.4.25 (Debian)
Connection:Keep-Alive
Last-Modified:Mon, 11 May 2026 22:31:40 GMT
Pragma:no-cache
Date:Mon, 11 May 2026 22:31:39 GMT
Cache-Control:no-store, no-cache, must-revalidate, post-check=0, pre-check=0
Content-Encoding:gzip
Vary:Accept-Encoding
Expires:Wed, 17 Aug 2005 00:00:00 GMT
Content-Length:4830
X-Powered-By:PHP/7.1.29
Content-Type:text/html; charset=utf-8
",4ca41eb73b719c40ba902786aba33646a544f3dec95599119a0c141e9f2c38d4ec49ffd0d55f3231a84fb025e775efebb0316e2996aeb8573714aed3085ccace,200
http://web/installation/index.php,GET,"Cookie:9d4bb4a09f511681369671a08beff228=e1cd05c0536e110d3896145117f19b57
Accept:text/html,application/xhtml+xml,application/xml;q=0.9,image/avif,image/webp,image/apng,*/*;q=0.8,application/signed-exchange;v=b3;q=0.9
User-Agent:Mozilla/5.0 (X11; Linux x86_64) AppleWebKit/537.36 (KHTML, like Gecko) Chrome/85.0.4183.102 Safari/537.36
Upgrade-Insecure-Requests:1
",cf83e1357eefb8bdf1542850d66d8007d620e4050b5715dc83f4a921d36ce9ce47d0d13c5d85f2b0ff8318d2877eec2f63b931bd47417a81a538327af927da3e,"Keep-Alive:timeout=5, max=77
Server:Apache/2.4.25 (Debian)
Connection:Keep-Alive
Last-Modified:Mon, 11 May 2026 22:31:29 GMT
Pragma:no-cache
Date:Mon, 11 May 2026 22:31:29 GMT
Cache-Control:no-store, no-cache, must-revalidate, post-check=0, pre-check=0
Content-Encoding:gzip
Vary:Accept-Encoding
Expires:Wed, 17 Aug 2005 00:00:00 GMT
Content-Length:4830
X-Powered-By:PHP/7.1.29
Content-Type:text/html; charset=utf-8
",8036dd7ff5f8c13765effde10e62beaed11c38e3ec3da9ff4dfaca213a61fbd36000d462942a0e0d81d82648e8f02c5ebd7c3e6180f7b06a229732c56f0fd882,200
http://web/installation/index.php,GET,"Cookie:9d4bb4a09f511681369671a08beff228=e1cd05c0536e110d3896145117f19b57
Accept:text/html,application/xhtml+xml,application/xml;q=0.9,image/avif,image/webp,image/apng,*/*;q=0.8,application/signed-exchange;v=b3;q=0.9
User-Agent:Mozilla/5.0 (X11; Linux x86_64) AppleWebKit/537.36 (KHTML, like Gecko) Chrome/85.0.4183.102 Safari/537.36
Upgrade-Insecure-Requests:1
",cf83e1357eefb8bdf1542850d66d8007d620e4050b5715dc83f4a921d36ce9ce47d0d13c5d85f2b0ff8318d2877eec2f63b931bd47417a81a538327af927da3e,"Keep-Alive:timeout=5, max=30
Server:Apache/2.4.25 (Debian)
Connection:Keep-Alive
Last-Modified:Mon, 11 May 2026 22:15:29 GMT
Pragma:no-cache
Date:Mon, 11 May 2026 22:15:29 GMT
Cache-Control:no-store, no-cache, must-revalidate, post-check=0, pre-check=0
Content-Encoding:gzip
Vary:Accept-Encoding
Expires:Wed, 17 Aug 2005 00:00:00 GMT
Content-Length:4828
X-Powered-By:PHP/7.1.29
Content-Type:text/html; charset=utf-8
",6e8cdcc1a734d5fc36211edc5d0840664f411da59da3382328436d4a9e49077bf16fd99cfa5cfb74ff989d1ad59e47a6520b27c2351e86543d69946565500a99,200
http://web/media/jui/css/bootstrap-extended.css?28bdf9aa17138f961389d908dc5c3cbe,GET,"Cookie:9d4bb4a09f511681369671a08beff228=e1cd05c0536e110d3896145117f19b57
Accept:text/css,*/*;q=0.1
User-Agent:Mozilla/5.0 (X11; Linux x86_64) AppleWebKit/537.36 (KHTML, like Gecko) Chrome/85.0.4183.102 Safari/537.36
Referer:http://web/installation/index.php
",cf83e1357eefb8bdf1542850d66d8007d620e4050b5715dc83f4a921d36ce9ce47d0d13c5d85f2b0ff8318d2877eec2f63b931bd47417a81a538327af927da3e,"Keep-Alive:timeout=5, max=100
Server:Apache/2.4.25 (Debian)
Connection:Keep-Alive
Last-Modified:Mon, 06 May 2019 20:34:16 GMT
Date:Mon, 11 May 2026 22:41:07 GMT
Accept-Ranges:bytes
ETag:""2386-5883e06252200-gzip""
Content-Encoding:gzip
Vary:Accept-Encoding
Content-Length:2217
Content-Type:text/css
",f9172062f164f5d88a28d10b09e77fa1e668489523273ee187185bf6e2a73a2fbd3cdc9665ada844856099b9490c4a61835555c96934888d1eb9a9620f36a38c,200
http://web/installation/template/css/template.css?0fbacbbcd2ffda475076daa7d8d1373f,GET,"Cookie:9d4bb4a09f511681369671a08beff228=e1cd05c0536e110d3896145117f19b57
Accept:text/css,*/*;q=0.1
User-Agent:Mozilla/5.0 (X11; Linux x86_64) AppleWebKit/537.36 (KHTML, like Gecko) Chrome/85.0.4183.102 Safari/537.36
Referer:http://web/installation/index.php
",cf83e1357eefb8bdf1542850d66d8007d620e4050b5715dc83f4a921d36ce9ce47d0d13c5d85f2b0ff8318d2877eec2f63b931bd47417a81a538327af927da3e,"Keep-Alive:timeout=5, max=100
Server:Apache/2.4.25 (Debian)
Connection:Keep-Alive
Last-Modified:Mon, 06 May 2019 20:34:16 GMT
Date:Mon, 11 May 2026 22:15:02 GMT
Accept-Ranges:bytes
ETag:""15f2-5883e06252200-gzip""
Content-Encoding:gzip
Vary:Accept-Encoding
Content-Length:1722
Content-Type:text/css
",1519c822f513baa110c731fd3babe0719c1d75cc57a4cae4acc38075f1af3f9f842ba5979d24735049971fa6fb3022dfa1ebbdd3c7861111f4506ba3517cf77e,200
http://web/installation/index.php,POST,"Origin:http://web
Cookie:9d4bb4a09f511681369671a08beff228=e1cd05c0536e110d3896145117f19b57
Accept:application/json, text/javascript, */*; q=0.01
X-Requested-With:XMLHttpRequest
User-Agent:Mozilla/5.0 (X11; Linux x86_64) AppleWebKit/537.36 (KHTML, like Gecko) Chrome/85.0.4183.102 Safari/537.36
Referer:http://web/installation/index.php
Content-Type:application/x-www-form-urlencoded; charset=UTF-8
",b1fbe0942e4f7614aad6d2d58fe8f3e444293a11dce002d49386086fed6c3af4b641afaa3f937dd4167c157b14f4dbd336c71a4059e18b8e0ef3b8a4c1104f60,"Keep-Alive:timeout=5, max=44
Server:Apache/2.4.25 (Debian)
Connection:Keep-Alive
Last-Modified:Mon, 11 May 2026 22:42:00 GMT
Pragma:no-cache
Date:Mon, 11 May 2026 22:42:00 GMT
Cache-Control:no-store, no-cache, must-revalidate, post-check=0, pre-check=0
Content-Encoding:gzip
Vary:Accept-Encoding
Expires:Wed, 17 Aug 2005 00:00:00 GMT
Content-Length:4827
X-Powered-By:PHP/7.1.29
Content-Type:text/html; charset=utf-8
",e5b9d578e13e5748742206b12bd007332de37a1d8c7d05f3a72c4c43ae46af85b4909f759023b1d9e9db365d282f403c4bce9a5de571280d3f1965dae33c36de,200
http://web/media/system/js/core.js?59f35d200ba4bc3985c6a416f91ef038,GET,"Cookie:9d4bb4a09f511681369671a08beff228=e1cd05c0536e110d3896145117f19b57
Accept:*/*
User-Agent:Mozilla/5.0 (X11; Linux x86_64) AppleWebKit/537.36 (KHTML, like Gecko) Chrome/85.0.4183.102 Safari/537.36
Referer:http://web/installation/index.php
",cf83e1357eefb8bdf1542850d66d8007d620e4050b5715dc83f4a921d36ce9ce47d0d13c5d85f2b0ff8318d2877eec2f63b931bd47417a81a538327af927da3e,"Keep-Alive:timeout=5, max=99
Server:Apache/2.4.25 (Debian)
Connection:Keep-Alive
Last-Modified:Mon, 06 May 2019 20:34:16 GMT
Date:Mon, 11 May 2026 22:31:05 GMT
Accept-Ranges:bytes
ETag:""2268-5883e06252200-gzip""
Content-Encoding:gzip
Vary:Accept-Encoding
Content-Length:3367
Content-Type:application/javascript
",44c15f0837480cf8997584be8c62f5198a53b4b8d0561158102e1489884f7bb7d8741062085acd46ca4451cbd3d0a9657366615789d457329b709eff24c1398d,200
http://web/media/system/js/punycode.js?bfa15b87d418dce64311672b084cf71b,GET,"Cookie:9d4bb4a09f511681369671a08beff228=e1cd05c0536e110d3896145117f19b57
Accept:*/*
User-Agent:Mozilla/5.0 (X11; Linux x86_64) AppleWebKit/537.36 (KHTML, like Gecko) Chrome/85.0.4183.102 Safari/537.36
Referer:http://web/installation/index.php
",cf83e1357eefb8bdf1542850d66d8007d620e4050b5715dc83f4a921d36ce9ce47d0d13c5d85f2b0ff8318d2877eec2f63b931bd47417a81a538327af927da3e,"Keep-Alive:timeout=5, max=100
Server:Apache/2.4.25 (Debian)
Connection:Keep-Alive
Last-Modified:Mon, 06 May 2019 20:34:16 GMT
Date:Mon, 11 May 2026 22:30:44 GMT
Accept-Ranges:bytes
ETag:""b0c-5883e06252200-gzip""
Content-Encoding:gzip
Vary:Accept-Encoding
Content-Length:1522
Content-Type:application/javascript
",95d6c4af80c4ac32ee784fcc1f4502ddc0bf0cc0cd190e7a00ed36648aafb419c150f0f85adf5a29e88a85e36f639a209a8b4e9a158300a1f522b3a8dae4f640,200
http://web/installation/template/css/template.css?bb6ce90dbb74fabedd2d70ffa4d390e3,GET,"Cookie:9d4bb4a09f511681369671a08beff228=e1cd05c0536e110d3896145117f19b57
Accept:text/css,*/*;q=0.1
User-Agent:Mozilla/5.0 (X11; Linux x86_64) AppleWebKit/537.36 (KHTML, like Gecko) Chrome/85.0.4183.102 Safari/537.36
Referer:http://web/installation/index.php
",cf83e1357eefb8bdf1542850d66d8007d620e4050b5715dc83f4a921d36ce9ce47d0d13c5d85f2b0ff8318d2877eec2f63b931bd47417a81a538327af927da3e,"Server:Apache/2.4.25 (Debian)
Last-Modified:Mon, 06 May 2019 20:34:16 GMT
Date:Mon, 11 May 2026 22:36:10 GMT
Accept-Ranges:bytes
ETag:""15f2-5883e06252200-gzip""
Content-Encoding:gzip
Vary:Accept-Encoding
Content-Length:1722
Content-Type:text/css
",1519c822f513baa110c731fd3babe0719c1d75cc57a4cae4acc38075f1af3f9f842ba5979d24735049971fa6fb3022dfa1ebbdd3c7861111f4506ba3517cf77e,200
http://web/media/jui/css/bootstrap-responsive.min.css?68be82d891257286afd40aa6194cd899,GET,"Cookie:9d4bb4a09f511681369671a08beff228=e1cd05c0536e110d3896145117f19b57
Accept:text/css,*/*;q=0.1
User-Agent:Mozilla/5.0 (X11; Linux x86_64) AppleWebKit/537.36 (KHTML, like Gecko) Chrome/85.0.4183.102 Safari/537.36
Referer:http://web/installation/index.php
",cf83e1357eefb8bdf1542850d66d8007d620e4050b5715dc83f4a921d36ce9ce47d0d13c5d85f2b0ff8318d2877eec2f63b931bd47417a81a538327af927da3e,"Keep-Alive:timeout=5, max=100
Server:Apache/2.4.25 (Debian)
Connection:Keep-Alive
Last-Modified:Mon, 06 May 2019 20:34:16 GMT
Date:Mon, 11 May 2026 22:42:02 GMT
Accept-Ranges:bytes
ETag:""4135-5883e06252200-gzip""
Content-Encoding:gzip
Vary:Accept-Encoding
Content-Length:3947
Content-Type:text/css
",25c42bb76fe0a571ae6412ba205f473b1dcab20add2358a16f74537bd4dbd4255f199961f3c5dae9ee07c9991df2413d9cb2e896361bc153e7988b1416753e11,200
http://web/media/jui/css/chosen.css?bfa15b87d418dce64311672b084cf71b,GET,"Cookie:9d4bb4a09f511681369671a08beff228=e1cd05c0536e110d3896145117f19b57
Accept:text/css,*/*;q=0.1
User-Agent:Mozilla/5.0 (X11; Linux x86_64) AppleWebKit/537.36 (KHTML, like Gecko) Chrome/85.0.4183.102 Safari/537.36
Referer:http://web/installation/index.php
",cf83e1357eefb8bdf1542850d66d8007d620e4050b5715dc83f4a921d36ce9ce47d0d13c5d85f2b0ff8318d2877eec2f63b931bd47417a81a538327af927da3e,"Server:Apache/2.4.25 (Debian)
Last-Modified:Mon, 06 May 2019 20:34:16 GMT
Date:Mon, 11 May 2026 22:30:44 GMT
Accept-Ranges:bytes
ETag:""2fea-5883e06252200-gzip""
Content-Encoding:gzip
Vary:Accept-Encoding
Content-Length:2407
Content-Type:text/css
",d0e168c2df9ecc29d8525bb30e84630af16c68eeaeec790a6166c183eaa7e7432b02b7937abb7670aafd1755ac038b5f049a9ca21a03e953f7d9dae845fc25ca,200
http://web/media/jui/css/chosen-sprite.png,GET,"Cookie:9d4bb4a09f511681369671a08beff228=e1cd05c0536e110d3896145117f19b57
Accept:image/avif,image/webp,image/apng,image/*,*/*;q=0.8
User-Agent:Mozilla/5.0 (X11; Linux x86_64) AppleWebKit/537.36 (KHTML, like Gecko) Chrome/85.0.4183.102 Safari/537.36
Referer:http://web/media/jui/css/chosen.css?282cb11b10ec2d37010ea2ea050acabb
",cf83e1357eefb8bdf1542850d66d8007d620e4050b5715dc83f4a921d36ce9ce47d0d13c5d85f2b0ff8318d2877eec2f63b931bd47417a81a538327af927da3e,"Keep-Alive:timeout=5, max=93
Server:Apache/2.4.25 (Debian)
Connection:Keep-Alive
Last-Modified:Mon, 06 May 2019 20:34:16 GMT
Date:Mon, 11 May 2026 22:14:22 GMT
Accept-Ranges:bytes
ETag:""21a-5883e06252200""
Content-Length:538
Content-Type:image/png
",4970abcf8c68ea16f76c5a6612a4fafb791f5ed95cd01186eb49bd6000fa5c09daf769a5bf298b86b52a2fe4961efb0d4173a067cf85488be0bc9f3eac41e088,200
http://web/installation/index.php?tmpl=body&view=site,GET,"Cookie:9d4bb4a09f511681369671a08beff228=e1cd05c0536e110d3896145117f19b57
Accept:text/html, */*; q=0.01
X-Requested-With:XMLHttpRequest
User-Agent:Mozilla/5.0 (X11; Linux x86_64) AppleWebKit/537.36 (KHTML, like Gecko) Chrome/85.0.4183.102 Safari/537.36
Referer:http://web/installation/index.php
",cf83e1357eefb8bdf1542850d66d8007d620e4050b5715dc83f4a921d36ce9ce47d0d13c5d85f2b0ff8318d2877eec2f63b931bd47417a81a538327af927da3e,"Keep-Alive:timeout=5, max=18
Server:Apache/2.4.25 (Debian)
Connection:Keep-Alive
Last-Modified:Mon, 11 May 2026 22:15:41 GMT
Pragma:no-cache
Date:Mon, 11 May 2026 22:15:41 GMT
Cache-Control:no-store, no-cache, must-revalidate, post-check=0, pre-check=0
Content-Encoding:gzip
Vary:Accept-Encoding
Expires:Wed, 17 Aug 2005 00:00:00 GMT
Content-Length:3247
X-Powered-By:PHP/7.1.29
Content-Type:text/html; charset=utf-8
",1241a2755d89949b4f61e32d31bdc2d4126cbbedc20468bc83e01622ed875ab7b527162f1542ee6967795673a0db92e58d82d77b064435a82bbfff718ebcc1ec,200
http://web/media/jui/js/jquery-noconflict.js?72f2362f0d5d36c85ec842267bdd70d2,GET,"Cookie:9d4bb4a09f511681369671a08beff228=e1cd05c0536e110d3896145117f19b57
Accept:*/*
User-Agent:Mozilla/5.0 (X11; Linux x86_64) AppleWebKit/537.36 (KHTML, like Gecko) Chrome/85.0.4183.102 Safari/537.36
Referer:http://web/installation/index.php
",cf83e1357eefb8bdf1542850d66d8007d620e4050b5715dc83f4a921d36ce9ce47d0d13c5d85f2b0ff8318d2877eec2f63b931bd47417a81a538327af927da3e,"Keep-Alive:timeout=5, max=98
Server:Apache/2.4.25 (Debian)
Connection:Keep-Alive
Last-Modified:Mon, 06 May 2019 20:34:16 GMT
Date:Mon, 11 May 2026 22:35:59 GMT
Accept-Ranges:bytes
ETag:""15-5883e06252200""
Content-Length:21
Content-Type:application/javascript
",dcc2117e42859d51017047b468a99f65d74d45ac2e86ae1cc5605e39041ff2164e562756d93a89fa1f71cbd331f958b351c5afe952a47a560120e080d63bd623,200
http://web/,GET,"Cookie:9d4bb4a09f511681369671a08beff228=e1cd05c0536e110d3896145117f19b57
Accept:text/html,application/xhtml+xml,application/xml;q=0.9,image/avif,image/webp,image/apng,*/*;q=0.8,application/signed-exchange;v=b3;q=0.9
User-Agent:Mozilla/5.0 (X11; Linux x86_64) AppleWebKit/537.36 (KHTML, like Gecko) Chrome/85.0.4183.102 Safari/537.36
Upgrade-Insecure-Requests:1
",cf83e1357eefb8bdf1542850d66d8007d620e4050b5715dc83f4a921d36ce9ce47d0d13c5d85f2b0ff8318d2877eec2f63b931bd47417a81a538327af927da3e,"Keep-Alive:timeout=5, max=100
Server:Apache/2.4.25 (Debian)
Connection:Keep-Alive
Date:Mon, 11 May 2026 22:30:54 GMT
Content-Length:52
X-Powered-By:PHP/7.1.29
Location:installation/index.php
Content-Type:text/html; charset=UTF-8
",cf83e1357eefb8bdf1542850d66d8007d620e4050b5715dc83f4a921d36ce9ce47d0d13c5d85f2b0ff8318d2877eec2f63b931bd47417a81a538327af927da3e,302
http://web/installation/template/js/installation.js?bb6ce90dbb74fabedd2d70ffa4d390e3,GET,"Cookie:9d4bb4a09f511681369671a08beff228=e1cd05c0536e110d3896145117f19b57
Accept:*/*
User-Agent:Mozilla/5.0 (X11; Linux x86_64) AppleWebKit/537.36 (KHTML, like Gecko) Chrome/85.0.4183.102 Safari/537.36
Referer:http://web/installation/index.php
",cf83e1357eefb8bdf1542850d66d8007d620e4050b5715dc83f4a921d36ce9ce47d0d13c5d85f2b0ff8318d2877eec2f63b931bd47417a81a538327af927da3e,"Keep-Alive:timeout=5, max=98
Server:Apache/2.4.25 (Debian)
Connection:Keep-Alive
Last-Modified:Mon, 06 May 2019 20:34:16 GMT
Date:Mon, 11 May 2026 22:36:10 GMT
Accept-Ranges:bytes
ETag:""3657-5883e06252200-gzip""
Content-Encoding:gzip
Vary:Accept-Encoding
Content-Length:3036
Content-Type:application/javascript
",4bc534ee97c6d297009b8af0972919d02462ed8e90fefa3ae21556611a7befc7d72f3c617d75edae8b76108a78e4f8797596067acce27ed916d5a41a871e6f87,200
http://web/,GET,"Cookie:9d4bb4a09f511681369671a08beff228=e1cd05c0536e110d3896145117f19b57
Accept:text/html,application/xhtml+xml,application/xml;q=0.9,image/avif,image/webp,image/apng,*/*;q=0.8,application/signed-exchange;v=b3;q=0.9
User-Agent:Mozilla/5.0 (X11; Linux x86_64) AppleWebKit/537.36 (KHTML, like Gecko) Chrome/85.0.4183.102 Safari/537.36
Upgrade-Insecure-Requests:1
",cf83e1357eefb8bdf1542850d66d8007d620e4050b5715dc83f4a921d36ce9ce47d0d13c5d85f2b0ff8318d2877eec2f63b931bd47417a81a538327af927da3e,"Keep-Alive:timeout=5, max=77
Server:Apache/2.4.25 (Debian)
Connection:Keep-Alive
Date:Mon, 11 May 2026 22:14:49 GMT
Content-Length:52
X-Powered-By:PHP/7.1.29
Location:installation/index.php
Content-Type:text/html; charset=UTF-8
",cf83e1357eefb8bdf1542850d66d8007d620e4050b5715dc83f4a921d36ce9ce47d0d13c5d85f2b0ff8318d2877eec2f63b931bd47417a81a538327af927da3e,302
http://web/installation/index.php,POST,"Origin:http://web
Cookie:9d4bb4a09f511681369671a08beff228=e1cd05c0536e110d3896145117f19b57
Accept:application/json, text/javascript, */*; q=0.01
X-Requested-With:XMLHttpRequest
User-Agent:Mozilla/5.0 (X11; Linux x86_64) AppleWebKit/537.36 (KHTML, like Gecko) Chrome/85.0.4183.102 Safari/537.36
Referer:http://web/installation/index.php
Content-Type:application/x-www-form-urlencoded; charset=UTF-8
",24f7c55df77ce350c5d4195669512291d17e03605d01496b512cb3c18f1aa9bf27adb5b7e68cbd16ca493799d67cf1c981eafbb54e15400aa67fe39779676a78,"Keep-Alive:timeout=5, max=91
Server:Apache/2.4.25 (Debian)
Connection:Keep-Alive
Last-Modified:Mon, 11 May 2026 22:41:14 GMT
Pragma:no-cache
Date:Mon, 11 May 2026 22:41:14 GMT
Cache-Control:no-store, no-cache, must-revalidate, post-check=0, pre-check=0
Content-Encoding:gzip
Vary:Accept-Encoding
Expires:Wed, 17 Aug 2005 00:00:00 GMT
Content-Length:4827
X-Powered-By:PHP/7.1.29
Content-Type:text/html; charset=utf-8
",fb80db2eee7e8dd51e6d3af315f894eabc292202abc4c2a971e790fae8b4e3b65ceb7ae7eff4ee76899e0812e6ff01198218fbf3b38e77411a19e80c2e0e2ec5,200
http://web/,GET,"Cookie:9d4bb4a09f511681369671a08beff228=e1cd05c0536e110d3896145117f19b57
Accept:text/html,application/xhtml+xml,application/xml;q=0.9,image/avif,image/webp,image/apng,*/*;q=0.8,application/signed-exchange;v=b3;q=0.9
User-Agent:Mozilla/5.0 (X11; Linux x86_64) AppleWebKit/537.36 (KHTML, like Gecko) Chrome/85.0.4183.102 Safari/537.36
Upgrade-Insecure-Requests:1
",cf83e1357eefb8bdf1542850d66d8007d620e4050b5715dc83f4a921d36ce9ce47d0d13c5d85f2b0ff8318d2877eec2f63b931bd47417a81a538327af927da3e,"Keep-Alive:timeout=5, max=24
Server:Apache/2.4.25 (Debian)
Connection:Keep-Alive
Date:Mon, 11 May 2026 22:15:37 GMT
Content-Length:52
X-Powered-By:PHP/7.1.29
Location:installation/index.php
Content-Type:text/html; charset=UTF-8
",cf83e1357eefb8bdf1542850d66d8007d620e4050b5715dc83f4a921d36ce9ce47d0d13c5d85f2b0ff8318d2877eec2f63b931bd47417a81a538327af927da3e,302
http://web/installation/index.php,GET,"Cookie:9d4bb4a09f511681369671a08beff228=e1cd05c0536e110d3896145117f19b57
Accept:text/html,application/xhtml+xml,application/xml;q=0.9,image/avif,image/webp,image/apng,*/*;q=0.8,application/signed-exchange;v=b3;q=0.9
User-Agent:Mozilla/5.0 (X11; Linux x86_64) AppleWebKit/537.36 (KHTML, like Gecko) Chrome/85.0.4183.102 Safari/537.36
Upgrade-Insecure-Requests:1
",cf83e1357eefb8bdf1542850d66d8007d620e4050b5715dc83f4a921d36ce9ce47d0d13c5d85f2b0ff8318d2877eec2f63b931bd47417a81a538327af927da3e,"Keep-Alive:timeout=5, max=90
Server:Apache/2.4.25 (Debian)
Connection:Keep-Alive
Last-Modified:Mon, 11 May 2026 22:14:25 GMT
Pragma:no-cache
Date:Mon, 11 May 2026 22:14:24 GMT
Cache-Control:no-store, no-cache, must-revalidate, post-check=0, pre-check=0
Content-Encoding:gzip
Vary:Accept-Encoding
Expires:Wed, 17 Aug 2005 00:00:00 GMT
Content-Length:4822
X-Powered-By:PHP/7.1.29
Content-Type:text/html; charset=utf-8
",664abcc5f4b0ef89917712323a2811e5bcd0431b882ef62d3bb5e2124151cb63b889740957fa8ca84ef10ceb67a92bce269076c1363d203c566a9fad3022a587,200
http://web/media/system/js/core.js?282cb11b10ec2d37010ea2ea050acabb,GET,"Cookie:9d4bb4a09f511681369671a08beff228=e1cd05c0536e110d3896145117f19b57
Accept:*/*
User-Agent:Mozilla/5.0 (X11; Linux x86_64) AppleWebKit/537.36 (KHTML, like Gecko) Chrome/85.0.4183.102 Safari/537.36
Referer:http://web/installation/index.php
",cf83e1357eefb8bdf1542850d66d8007d620e4050b5715dc83f4a921d36ce9ce47d0d13c5d85f2b0ff8318d2877eec2f63b931bd47417a81a538327af927da3e,"Keep-Alive:timeout=5, max=96
Server:Apache/2.4.25 (Debian)
Connection:Keep-Alive
Last-Modified:Mon, 06 May 2019 20:34:16 GMT
Date:Mon, 11 May 2026 22:14:21 GMT
Accept-Ranges:bytes
ETag:""2268-5883e06252200-gzip""
Content-Encoding:gzip
Vary:Accept-Encoding
Content-Length:3367
Content-Type:application/javascript
",44c15f0837480cf8997584be8c62f5198a53b4b8d0561158102e1489884f7bb7d8741062085acd46ca4451cbd3d0a9657366615789d457329b709eff24c1398d,200
http://web/installation/index.php?tmpl=body&view=site,GET,"Cookie:9d4bb4a09f511681369671a08beff228=e1cd05c0536e110d3896145117f19b57
Accept:text/html, */*; q=0.01
X-Requested-With:XMLHttpRequest
User-Agent:Mozilla/5.0 (X11; Linux x86_64) AppleWebKit/537.36 (KHTML, like Gecko) Chrome/85.0.4183.102 Safari/537.36
Referer:http://web/installation/index.php
",cf83e1357eefb8bdf1542850d66d8007d620e4050b5715dc83f4a921d36ce9ce47d0d13c5d85f2b0ff8318d2877eec2f63b931bd47417a81a538327af927da3e,"Keep-Alive:timeout=5, max=85
Server:Apache/2.4.25 (Debian)
Connection:Keep-Alive
Last-Modified:Mon, 11 May 2026 22:14:43 GMT
Pragma:no-cache
Date:Mon, 11 May 2026 22:14:43 GMT
Cache-Control:no-store, no-cache, must-revalidate, post-check=0, pre-check=0
Content-Encoding:gzip
Vary:Accept-Encoding
Expires:Wed, 17 Aug 2005 00:00:00 GMT
Content-Length:3247
X-Powered-By:PHP/7.1.29
Content-Type:text/html; charset=utf-8
",eddacb3c194a51b98398d3049657eab3494974cd12c69bb5dc15c06d2d85a494dd92d463fde0a3c39c7aae337975e7d353e0f5a0adb5ba68d679558e7a4fae3b,200
http://web/installation/index.php,POST,"Origin:http://web
Cookie:9d4bb4a09f511681369671a08beff228=e1cd05c0536e110d3896145117f19b57
Accept:application/json, text/javascript, */*; q=0.01
X-Requested-With:XMLHttpRequest
User-Agent:Mozilla/5.0 (X11; Linux x86_64) AppleWebKit/537.36 (KHTML, like Gecko) Chrome/85.0.4183.102 Safari/537.36
Referer:http://web/installation/index.php
Content-Type:application/x-www-form-urlencoded; charset=UTF-8
",49af7e6b0361f4a5cd82511fb75aaf3da2ca92ce612330ad1e59efb1b727b547a30ba0e45806a82799fd003ab86df2f9442a35b4f9972be890edfbf9ae8739b0,"Keep-Alive:timeout=5, max=91
Server:Apache/2.4.25 (Debian)
Connection:Keep-Alive
Last-Modified:Mon, 11 May 2026 22:31:14 GMT
Pragma:no-cache
Date:Mon, 11 May 2026 22:31:14 GMT
Cache-Control:no-store, no-cache, must-revalidate, post-check=0, pre-check=0
Content-Encoding:gzip
Vary:Accept-Encoding
Expires:Wed, 17 Aug 2005 00:00:00 GMT
Content-Length:4828
X-Powered-By:PHP/7.1.29
Content-Type:text/html; charset=utf-8
",5b8a894034772c971389a5d5e14ddc5125f2ae4caa9891e9e8383af015c8fa2f8a3d64491269368c778a0fd7821a754e430720313aef5f33cae4376003b11a9b,200
http://web/installation/index.php,GET,"Cookie:9d4bb4a09f511681369671a08beff228=e1cd05c0536e110d3896145117f19b57
Accept:text/html,application/xhtml+xml,application/xml;q=0.9,image/avif,image/webp,image/apng,*/*;q=0.8,application/signed-exchange;v=b3;q=0.9
User-Agent:Mozilla/5.0 (X11; Linux x86_64) AppleWebKit/537.36 (KHTML, like Gecko) Chrome/85.0.4183.102 Safari/537.36
Upgrade-Insecure-Requests:1
",cf83e1357eefb8bdf1542850d66d8007d620e4050b5715dc83f4a921d36ce9ce47d0d13c5d85f2b0ff8318d2877eec2f63b931bd47417a81a538327af927da3e,"Keep-Alive:timeout=5, max=66
Server:Apache/2.4.25 (Debian)
Connection:Keep-Alive
Last-Modified:Mon, 11 May 2026 22:41:37 GMT
Pragma:no-cache
Date:Mon, 11 May 2026 22:41:37 GMT
Cache-Control:no-store, no-cache, must-revalidate, post-check=0, pre-check=0
Content-Encoding:gzip
Vary:Accept-Encoding
Expires:Wed, 17 Aug 2005 00:00:00 GMT
Content-Length:4826
X-Powered-By:PHP/7.1.29
Content-Type:text/html; charset=utf-8
",b8f57165695f6955a3b71dd4a140dcd687582d1fe8dd32fbcda471cca63b7a5aa1e46b720b8ba12a2c31df3303dd834f74cb6921464e0a16afe209fb63bf8b7c,200
http://web/media/jui/js/jquery-noconflict.js?282cb11b10ec2d37010ea2ea050acabb,GET,"Cookie:9d4bb4a09f511681369671a08beff228=e1cd05c0536e110d3896145117f19b57
Accept:*/*
User-Agent:Mozilla/5.0 (X11; Linux x86_64) AppleWebKit/537.36 (KHTML, like Gecko) Chrome/85.0.4183.102 Safari/537.36
Referer:http://web/installation/index.php
",cf83e1357eefb8bdf1542850d66d8007d620e4050b5715dc83f4a921d36ce9ce47d0d13c5d85f2b0ff8318d2877eec2f63b931bd47417a81a538327af927da3e,"Keep-Alive:timeout=5, max=100
Server:Apache/2.4.25 (Debian)
Connection:Keep-Alive
Last-Modified:Mon, 06 May 2019 20:34:16 GMT
Date:Mon, 11 May 2026 22:14:20 GMT
Accept-Ranges:bytes
ETag:""15-5883e06252200""
Content-Length:21
Content-Type:application/javascript
",dcc2117e42859d51017047b468a99f65d74d45ac2e86ae1cc5605e39041ff2164e562756d93a89fa1f71cbd331f958b351c5afe952a47a560120e080d63bd623,200
http://web/installation/index.php?tmpl=body&view=site,GET,"Cookie:9d4bb4a09f511681369671a08beff228=e1cd05c0536e110d3896145117f19b57
Accept:text/html, */*; q=0.01
X-Requested-With:XMLHttpRequest
User-Agent:Mozilla/5.0 (X11; Linux x86_64) AppleWebKit/537.36 (KHTML, like Gecko) Chrome/85.0.4183.102 Safari/537.36
Referer:http://web/installation/index.php
",cf83e1357eefb8bdf1542850d66d8007d620e4050b5715dc83f4a921d36ce9ce47d0d13c5d85f2b0ff8318d2877eec2f63b931bd47417a81a538327af927da3e,"Keep-Alive:timeout=5, max=75
Server:Apache/2.4.25 (Debian)
Connection:Keep-Alive
Last-Modified:Mon, 11 May 2026 22:14:50 GMT
Pragma:no-cache
Date:Mon, 11 May 2026 22:14:50 GMT
Cache-Control:no-store, no-cache, must-revalidate, post-check=0, pre-check=0
Content-Encoding:gzip
Vary:Accept-Encoding
Expires:Wed, 17 Aug 2005 00:00:00 GMT
Content-Length:3245
X-Powered-By:PHP/7.1.29
Content-Type:text/html; charset=utf-8
",f3e2763f678993d5dfc94d39364d098068f29420d7cd1a7040d9d3284066333221215dc10333ae29922c2bb1bd3b390316b7c597b448a19ee2e7a36707f4aac2,200
http://web/installation/index.php,POST,"Origin:http://web
Cookie:9d4bb4a09f511681369671a08beff228=e1cd05c0536e110d3896145117f19b57
Accept:application/json, text/javascript, */*; q=0.01
X-Requested-With:XMLHttpRequest
User-Agent:Mozilla/5.0 (X11; Linux x86_64) AppleWebKit/537.36 (KHTML, like Gecko) Chrome/85.0.4183.102 Safari/537.36
Referer:http://web/installation/index.php
Content-Type:application/x-www-form-urlencoded; charset=UTF-8
",dfc419a0bb752caaf6595eab93c2da4982e763ad330d97be76ba4a5f1cae1d8ee934e9fd65e0b37dc438c2470553d6a330063bf032cee054931c677ef7ac8b4d,"Keep-Alive:timeout=5, max=51
Server:Apache/2.4.25 (Debian)
Connection:Keep-Alive
Last-Modified:Mon, 11 May 2026 22:41:53 GMT
Pragma:no-cache
Date:Mon, 11 May 2026 22:41:53 GMT
Cache-Control:no-store, no-cache, must-revalidate, post-check=0, pre-check=0
Content-Encoding:gzip
Vary:Accept-Encoding
Expires:Wed, 17 Aug 2005 00:00:00 GMT
Content-Length:4827
X-Powered-By:PHP/7.1.29
Content-Type:text/html; charset=utf-8
",e2988aea11601b5af3c04d260d06785429628e704234db35fc0c6cd274fa39bd51eb2f46592994523777fe7aa3f8aaaedcde709bd84a3f53d43d960ac5044bf3,200
http://web/installation/index.php,GET,"Cookie:9d4bb4a09f511681369671a08beff228=e1cd05c0536e110d3896145117f19b57
Accept:text/html,application/xhtml+xml,application/xml;q=0.9,image/avif,image/webp,image/apng,*/*;q=0.8,application/signed-exchange;v=b3;q=0.9
User-Agent:Mozilla/5.0 (X11; Linux x86_64) AppleWebKit/537.36 (KHTML, like Gecko) Chrome/85.0.4183.102 Safari/537.36
Upgrade-Insecure-Requests:1
",cf83e1357eefb8bdf1542850d66d8007d620e4050b5715dc83f4a921d36ce9ce47d0d13c5d85f2b0ff8318d2877eec2f63b931bd47417a81a538327af927da3e,"Keep-Alive:timeout=5, max=49
Server:Apache/2.4.25 (Debian)
Connection:Keep-Alive
Last-Modified:Mon, 11 May 2026 22:41:54 GMT
Pragma:no-cache
Date:Mon, 11 May 2026 22:41:54 GMT
Cache-Control:no-store, no-cache, must-revalidate, post-check=0, pre-check=0
Content-Encoding:gzip
Vary:Accept-Encoding
Expires:Wed, 17 Aug 2005 00:00:00 GMT
Content-Length:4827
X-Powered-By:PHP/7.1.29
Content-Type:text/html; charset=utf-8
",c8671cc935276072555149f3d23b0c3f37b85ef9161f1c18c1b1762d274c18767589c067d78c74460e04a9ae896dd49e5468092e8ff235ac9040a98ef8289662,200
http://web/media/system/js/keepalive.js?0fbacbbcd2ffda475076daa7d8d1373f,GET,"Cookie:9d4bb4a09f511681369671a08beff228=e1cd05c0536e110d3896145117f19b57
Accept:*/*
User-Agent:Mozilla/5.0 (X11; Linux x86_64) AppleWebKit/537.36 (KHTML, like Gecko) Chrome/85.0.4183.102 Safari/537.36
Referer:http://web/installation/index.php
",cf83e1357eefb8bdf1542850d66d8007d620e4050b5715dc83f4a921d36ce9ce47d0d13c5d85f2b0ff8318d2877eec2f63b931bd47417a81a538327af927da3e,"Keep-Alive:timeout=5, max=59
Server:Apache/2.4.25 (Debian)
Connection:Keep-Alive
Last-Modified:Mon, 06 May 2019 20:34:16 GMT
Date:Mon, 11 May 2026 22:15:02 GMT
Accept-Ranges:bytes
ETag:""1ce-5883e06252200-gzip""
Content-Encoding:gzip
Vary:Accept-Encoding
Content-Length:306
Content-Type:application/javascript
",ec603e5bf179c66d60c1eb1077830c852ddc19a39eb6b3e5e2496abbb2af154c0179c65055b850afbb40c8702ced682e796a1fc99c9d0e7fab97f0a11d9281c1,200
http://web/media/jui/css/bootstrap-responsive.min.css?282cb11b10ec2d37010ea2ea050acabb,GET,"Cookie:9d4bb4a09f511681369671a08beff228=e1cd05c0536e110d3896145117f19b57
Accept:text/css,*/*;q=0.1
User-Agent:Mozilla/5.0 (X11; Linux x86_64) AppleWebKit/537.36 (KHTML, like Gecko) Chrome/85.0.4183.102 Safari/537.36
Referer:http://web/installation/index.php
",cf83e1357eefb8bdf1542850d66d8007d620e4050b5715dc83f4a921d36ce9ce47d0d13c5d85f2b0ff8318d2877eec2f63b931bd47417a81a538327af927da3e,"Keep-Alive:timeout=5, max=100
Server:Apache/2.4.25 (Debian)
Connection:Keep-Alive
Last-Modified:Mon, 06 May 2019 20:34:16 GMT
Date:Mon, 11 May 2026 22:14:20 GMT
Accept-Ranges:bytes
ETag:""4135-5883e06252200-gzip""
Content-Encoding:gzip
Vary:Accept-Encoding
Content-Length:3947
Content-Type:text/css
",25c42bb76fe0a571ae6412ba205f473b1dcab20add2358a16f74537bd4dbd4255f199961f3c5dae9ee07c9991df2413d9cb2e896361bc153e7988b1416753e11,200
http://web/installation/index.php,POST,"Origin:http://web
Cookie:9d4bb4a09f511681369671a08beff228=e1cd05c0536e110d3896145117f19b57
Accept:application/json, text/javascript, */*; q=0.01
X-Requested-With:XMLHttpRequest
User-Agent:Mozilla/5.0 (X11; Linux x86_64) AppleWebKit/537.36 (KHTML, like Gecko) Chrome/85.0.4183.102 Safari/537.36
Referer:http://web/installation/index.php
Content-Type:application/x-www-form-urlencoded; charset=UTF-8
",c0438b0b3e6dfc3dff682520e07194d574ee6746da97a90f123399de83df675dc7eff133fe24d4445c858e7c2c7a42447fc87369a2cf8dc968a67169640b7336,"Keep-Alive:timeout=5, max=16
Server:Apache/2.4.25 (Debian)
Connection:Keep-Alive
Last-Modified:Mon, 11 May 2026 22:30:42 GMT
Pragma:no-cache
Date:Mon, 11 May 2026 22:30:42 GMT
Cache-Control:no-store, no-cache, must-revalidate, post-check=0, pre-check=0
Content-Encoding:gzip
Vary:Accept-Encoding
Expires:Wed, 17 Aug 2005 00:00:00 GMT
Content-Length:4831
X-Powered-By:PHP/7.1.29
Content-Type:text/html; charset=utf-8
",3ece2d3d24106b5b76a14201bd1402be376a76dd7848eb710a9a41354c97c5fb5b695fcb70265cf6a01dd064e23c7fe3bfd230c67444498d451525e2c8fe7d9f,200
http://web/installation/index.php,GET,"Cookie:9d4bb4a09f511681369671a08beff228=e1cd05c0536e110d3896145117f19b57
Accept:text/html,application/xhtml+xml,application/xml;q=0.9,image/avif,image/webp,image/apng,*/*;q=0.8,application/signed-exchange;v=b3;q=0.9
User-Agent:Mozilla/5.0 (X11; Linux x86_64) AppleWebKit/537.36 (KHTML, like Gecko) Chrome/85.0.4183.102 Safari/537.36
Upgrade-Insecure-Requests:1
",cf83e1357eefb8bdf1542850d66d8007d620e4050b5715dc83f4a921d36ce9ce47d0d13c5d85f2b0ff8318d2877eec2f63b931bd47417a81a538327af927da3e,"Keep-Alive:timeout=5, max=45
Server:Apache/2.4.25 (Debian)
Connection:Keep-Alive
Last-Modified:Mon, 11 May 2026 22:41:58 GMT
Pragma:no-cache
Date:Mon, 11 May 2026 22:41:58 GMT
Cache-Control:no-store, no-cache, must-revalidate, post-check=0, pre-check=0
Content-Encoding:gzip
Vary:Accept-Encoding
Expires:Wed, 17 Aug 2005 00:00:00 GMT
Content-Length:4828
X-Powered-By:PHP/7.1.29
Content-Type:text/html; charset=utf-8
",1163aafaf7385c6bfb2025efd1dafd3eba2f9199147aabb3f3eb6b97ee64fe32c60d8406b223ab5decffef67c9d804f89a6c848a70be635c076676bb9db13c30,200
http://web/installation/index.php,GET,"Cookie:9d4bb4a09f511681369671a08beff228=e1cd05c0536e110d3896145117f19b57
Accept:text/html,application/xhtml+xml,application/xml;q=0.9,image/avif,image/webp,image/apng,*/*;q=0.8,application/signed-exchange;v=b3;q=0.9
User-Agent:Mozilla/5.0 (X11; Linux x86_64) AppleWebKit/537.36 (KHTML, like Gecko) Chrome/85.0.4183.102 Safari/537.36
Upgrade-Insecure-Requests:1
",cf83e1357eefb8bdf1542850d66d8007d620e4050b5715dc83f4a921d36ce9ce47d0d13c5d85f2b0ff8318d2877eec2f63b931bd47417a81a538327af927da3e,"Keep-Alive:timeout=5, max=89
Server:Apache/2.4.25 (Debian)
Connection:Keep-Alive
Last-Modified:Mon, 11 May 2026 22:14:38 GMT
Pragma:no-cache
Date:Mon, 11 May 2026 22:14:38 GMT
Cache-Control:no-store, no-cache, must-revalidate, post-check=0, pre-check=0
Content-Encoding:gzip
Vary:Accept-Encoding
Expires:Wed, 17 Aug 2005 00:00:00 GMT
Content-Length:4824
X-Powered-By:PHP/7.1.29
Content-Type:text/html; charset=utf-8
",09a7bb182929828b826e2fe4f5d9599eb5508f4cf906ee0d7df6161e5410c71b35650654fab46f09065f7cac0f9dc7ec5fe8106b57bbbcc2ab245227c2455afe,200
http://web/media/jui/js/jquery-migrate.min.js?bb6ce90dbb74fabedd2d70ffa4d390e3,GET,"Cookie:9d4bb4a09f511681369671a08beff228=e1cd05c0536e110d3896145117f19b57
Accept:*/*
User-Agent:Mozilla/5.0 (X11; Linux x86_64) AppleWebKit/537.36 (KHTML, like Gecko) Chrome/85.0.4183.102 Safari/537.36
Referer:http://web/installation/index.php
",cf83e1357eefb8bdf1542850d66d8007d620e4050b5715dc83f4a921d36ce9ce47d0d13c5d85f2b0ff8318d2877eec2f63b931bd47417a81a538327af927da3e,"Keep-Alive:timeout=5, max=99
Server:Apache/2.4.25 (Debian)
Connection:Keep-Alive
Last-Modified:Mon, 06 May 2019 20:34:16 GMT
Date:Mon, 11 May 2026 22:36:10 GMT
Accept-Ranges:bytes
ETag:""2748-5883e06252200-gzip""
Content-Encoding:gzip
Vary:Accept-Encoding
Content-Length:4014
Content-Type:application/javascript
",b74a2f03c64e883b9a34de43690429327dfb4aa230a7a6afca8150a16e3d84e98461245ff264c26368d9904562cc34fe219f71f951d364fa5c68c039b76776cd,200
http://web/installation/index.php,POST,"Origin:http://web
Cookie:9d4bb4a09f511681369671a08beff228=e1cd05c0536e110d3896145117f19b57
Accept:application/json, text/javascript, */*; q=0.01
X-Requested-With:XMLHttpRequest
User-Agent:Mozilla/5.0 (X11; Linux x86_64) AppleWebKit/537.36 (KHTML, like Gecko) Chrome/85.0.4183.102 Safari/537.36
Referer:http://web/installation/index.php
Content-Type:application/x-www-form-urlencoded; charset=UTF-8
",1c614dfe11f744e67f4965c24b4e0076e9af52969ef98bf163e33c24e6bd0dc492e8cbfd92950d49b5de29acd4d5efd74e57ca57ea90ac53098f5721d20a5c4d,"Keep-Alive:timeout=5, max=82
Server:Apache/2.4.25 (Debian)
Connection:Keep-Alive
Last-Modified:Mon, 11 May 2026 22:41:22 GMT
Pragma:no-cache
Date:Mon, 11 May 2026 22:41:22 GMT
Cache-Control:no-store, no-cache, must-revalidate, post-check=0, pre-check=0
Content-Encoding:gzip
Vary:Accept-Encoding
Expires:Wed, 17 Aug 2005 00:00:00 GMT
Content-Length:4826
X-Powered-By:PHP/7.1.29
Content-Type:text/html; charset=utf-8
",5febb9a34d2e4cd663061b702d1eaa47a19890a6426004436e9fab29f50997b0cc297e8370b87766a41b1c4f8d585513800c21aa660bd7d3a9d10f0e8cb99d08,200
http://web/installation/index.php,GET,"Cookie:9d4bb4a09f511681369671a08beff228=e1cd05c0536e110d3896145117f19b57
Accept:text/html,application/xhtml+xml,application/xml;q=0.9,image/avif,image/webp,image/apng,*/*;q=0.8,application/signed-exchange;v=b3;q=0.9
User-Agent:Mozilla/5.0 (X11; Linux x86_64) AppleWebKit/537.36 (KHTML, like Gecko) Chrome/85.0.4183.102 Safari/537.36
Upgrade-Insecure-Requests:1
",cf83e1357eefb8bdf1542850d66d8007d620e4050b5715dc83f4a921d36ce9ce47d0d13c5d85f2b0ff8318d2877eec2f63b931bd47417a81a538327af927da3e,"Keep-Alive:timeout=5, max=43
Server:Apache/2.4.25 (Debian)
Connection:Keep-Alive
Last-Modified:Mon, 11 May 2026 22:15:15 GMT
Pragma:no-cache
Date:Mon, 11 May 2026 22:15:15 GMT
Cache-Control:no-store, no-cache, must-revalidate, post-check=0, pre-check=0
Content-Encoding:gzip
Vary:Accept-Encoding
Expires:Wed, 17 Aug 2005 00:00:00 GMT
Content-Length:4828
X-Powered-By:PHP/7.1.29
Content-Type:text/html; charset=utf-8
",78d424e6df7fc2a205e694d5a77f8910b827eecb5706b442f1f4bc062f00fb0ecab5e026ca5e42d1af1cc1d05fc75b516017f819e652c655787c554d4519fc62,200
http://web/,GET,"Cookie:9d4bb4a09f511681369671a08beff228=e1cd05c0536e110d3896145117f19b57
Accept:text/html,application/xhtml+xml,application/xml;q=0.9,image/avif,image/webp,image/apng,*/*;q=0.8,application/signed-exchange;v=b3;q=0.9
User-Agent:Mozilla/5.0 (X11; Linux x86_64) AppleWebKit/537.36 (KHTML, like Gecko) Chrome/85.0.4183.102 Safari/537.36
Upgrade-Insecure-Requests:1
",cf83e1357eefb8bdf1542850d66d8007d620e4050b5715dc83f4a921d36ce9ce47d0d13c5d85f2b0ff8318d2877eec2f63b931bd47417a81a538327af927da3e,"Keep-Alive:timeout=5, max=98
Server:Apache/2.4.25 (Debian)
Connection:Keep-Alive
Date:Mon, 11 May 2026 22:36:34 GMT
Content-Length:52
X-Powered-By:PHP/7.1.29
Location:installation/index.php
Content-Type:text/html; charset=UTF-8
",cf83e1357eefb8bdf1542850d66d8007d620e4050b5715dc83f4a921d36ce9ce47d0d13c5d85f2b0ff8318d2877eec2f63b931bd47417a81a538327af927da3e,302
http://web/media/system/js/validate.js?0fbacbbcd2ffda475076daa7d8d1373f,GET,"Cookie:9d4bb4a09f511681369671a08beff228=e1cd05c0536e110d3896145117f19b57
Accept:*/*
User-Agent:Mozilla/5.0 (X11; Linux x86_64) AppleWebKit/537.36 (KHTML, like Gecko) Chrome/85.0.4183.102 Safari/537.36
Referer:http://web/installation/index.php
",cf83e1357eefb8bdf1542850d66d8007d620e4050b5715dc83f4a921d36ce9ce47d0d13c5d85f2b0ff8318d2877eec2f63b931bd47417a81a538327af927da3e,"Keep-Alive:timeout=5, max=100
Server:Apache/2.4.25 (Debian)
Connection:Keep-Alive
Last-Modified:Mon, 06 May 2019 20:34:16 GMT
Date:Mon, 11 May 2026 22:15:02 GMT
Accept-Ranges:bytes
ETag:""c2e-5883e06252200-gzip""
Content-Encoding:gzip
Vary:Accept-Encoding
Content-Length:1369
Content-Type:application/javascript
",ad1cd5392f1a34be74ef5c102d2dc356123b89fe8610d9bcc1946f3906374b604b9d9947dbe732a69833a64f3707a4381b85b2f0d8ab6261aa50795ca836baf6,200
http://web/installation/index.php,POST,"Origin:http://web
Cookie:9d4bb4a09f511681369671a08beff228=e1cd05c0536e110d3896145117f19b57
Accept:application/json, text/javascript, */*; q=0.01
X-Requested-With:XMLHttpRequest
User-Agent:Mozilla/5.0 (X11; Linux x86_64) AppleWebKit/537.36 (KHTML, like Gecko) Chrome/85.0.4183.102 Safari/537.36
Referer:http://web/installation/index.php
Content-Type:application/x-www-form-urlencoded; charset=UTF-8
",c2b731a58a8af008f81ca1d306bb82c5ca52bb1dff36a16dab362fa9ec6ffd9592bcf4b32ca29a89351b5b3451ebc1b1d29ccbb7294a2b7737098e1b1eeefc27,"Keep-Alive:timeout=5, max=96
Server:Apache/2.4.25 (Debian)
Connection:Keep-Alive
Last-Modified:Mon, 11 May 2026 22:41:10 GMT
Pragma:no-cache
Date:Mon, 11 May 2026 22:41:09 GMT
Cache-Control:no-store, no-cache, must-revalidate, post-check=0, pre-check=0
Content-Encoding:gzip
Vary:Accept-Encoding
Expires:Wed, 17 Aug 2005 00:00:00 GMT
Content-Length:4827
X-Powered-By:PHP/7.1.29
Content-Type:text/html; charset=utf-8
",139104263d2bcb0b7ae3ebe620eb0c7fd1c3ec6952c1fb3309b495fca8fdf777ea028da038c26dc2c3af04304f150bba28c5a15c3e5e1c520330e8c738351395,200
http://web/installation/index.php,POST,"Origin:http://web
Cookie:9d4bb4a09f511681369671a08beff228=e1cd05c0536e110d3896145117f19b57
Accept:application/json, text/javascript, */*; q=0.01
X-Requested-With:XMLHttpRequest
User-Agent:Mozilla/5.0 (X11; Linux x86_64) AppleWebKit/537.36 (KHTML, like Gecko) Chrome/85.0.4183.102 Safari/537.36
Referer:http://web/installation/index.php
Content-Type:application/x-www-form-urlencoded; charset=UTF-8
",53ae405cadaa54f2ac1f61679bda91073cfee4216fc053cacef5b6e66166272a5285202f772c729bc9ceaed355a477ebd1a1acc98dd90ee164ef59016fda4d2f,"Keep-Alive:timeout=5, max=62
Server:Apache/2.4.25 (Debian)
Connection:Keep-Alive
Last-Modified:Mon, 11 May 2026 22:36:05 GMT
Pragma:no-cache
Date:Mon, 11 May 2026 22:36:04 GMT
Cache-Control:no-store, no-cache, must-revalidate, post-check=0, pre-check=0
Content-Encoding:gzip
Vary:Accept-Encoding
Expires:Wed, 17 Aug 2005 00:00:00 GMT
Content-Length:4828
X-Powered-By:PHP/7.1.29
Content-Type:text/html; charset=utf-8
",ffdd597c1a1345710f6af6b6a9f12e700d185c93c304bc31412c708cbdf2fb3ee196132fa47a0b1285402a82b748f1d090c37d9655967b7f23522aed7b6f50bd,200
http://web/installation/index.php,POST,"Origin:http://web
Cookie:9d4bb4a09f511681369671a08beff228=e1cd05c0536e110d3896145117f19b57
Accept:application/json, text/javascript, */*; q=0.01
X-Requested-With:XMLHttpRequest
User-Agent:Mozilla/5.0 (X11; Linux x86_64) AppleWebKit/537.36 (KHTML, like Gecko) Chrome/85.0.4183.102 Safari/537.36
Referer:http://web/installation/index.php
Content-Type:application/x-www-form-urlencoded; charset=UTF-8
",98dfc791b21dfb35e23a6e073126799dd8e0a805cc3c71b02ebc78c9361524f2a86004d3681c6fd41acf97737d303fa41bb278e2052b54dab1fd82cec6e27f79,"Keep-Alive:timeout=5, max=83
Server:Apache/2.4.25 (Debian)
Connection:Keep-Alive
Last-Modified:Mon, 11 May 2026 22:41:21 GMT
Pragma:no-cache
Date:Mon, 11 May 2026 22:41:21 GMT
Cache-Control:no-store, no-cache, must-revalidate, post-check=0, pre-check=0
Content-Encoding:gzip
Vary:Accept-Encoding
Expires:Wed, 17 Aug 2005 00:00:00 GMT
Content-Length:4825
X-Powered-By:PHP/7.1.29
Content-Type:text/html; charset=utf-8
",d78fab926a4ae082ee2d451f8b386447c07b5de4f0eda2ddc9d48a26800f4da76264e387eebf3b55491eaa027eb5ceec4351f64545daf08a1c2f4eccd54c6da2,200
http://web/installation/template/js/installation.js?68be82d891257286afd40aa6194cd899,GET,"Cookie:9d4bb4a09f511681369671a08beff228=e1cd05c0536e110d3896145117f19b57
Accept:*/*
User-Agent:Mozilla/5.0 (X11; Linux x86_64) AppleWebKit/537.36 (KHTML, like Gecko) Chrome/85.0.4183.102 Safari/537.36
Referer:http://web/installation/index.php
",cf83e1357eefb8bdf1542850d66d8007d620e4050b5715dc83f4a921d36ce9ce47d0d13c5d85f2b0ff8318d2877eec2f63b931bd47417a81a538327af927da3e,"Keep-Alive:timeout=5, max=39
Server:Apache/2.4.25 (Debian)
Connection:Keep-Alive
Last-Modified:Mon, 06 May 2019 20:34:16 GMT
Date:Mon, 11 May 2026 22:42:02 GMT
Accept-Ranges:bytes
ETag:""3657-5883e06252200-gzip""
Content-Encoding:gzip
Vary:Accept-Encoding
Content-Length:3036
Content-Type:application/javascript
",4bc534ee97c6d297009b8af0972919d02462ed8e90fefa3ae21556611a7befc7d72f3c617d75edae8b76108a78e4f8797596067acce27ed916d5a41a871e6f87,200
http://web/media/jui/css/bootstrap-responsive.min.css?0fbacbbcd2ffda475076daa7d8d1373f,GET,"Cookie:9d4bb4a09f511681369671a08beff228=e1cd05c0536e110d3896145117f19b57
Accept:text/css,*/*;q=0.1
User-Agent:Mozilla/5.0 (X11; Linux x86_64) AppleWebKit/537.36 (KHTML, like Gecko) Chrome/85.0.4183.102 Safari/537.36
Referer:http://web/installation/index.php
",cf83e1357eefb8bdf1542850d66d8007d620e4050b5715dc83f4a921d36ce9ce47d0d13c5d85f2b0ff8318d2877eec2f63b931bd47417a81a538327af927da3e,"Keep-Alive:timeout=5, max=60
Server:Apache/2.4.25 (Debian)
Connection:Keep-Alive
Last-Modified:Mon, 06 May 2019 20:34:16 GMT
Date:Mon, 11 May 2026 22:15:02 GMT
Accept-Ranges:bytes
ETag:""4135-5883e06252200-gzip""
Content-Encoding:gzip
Vary:Accept-Encoding
Content-Length:3947
Content-Type:text/css
",25c42bb76fe0a571ae6412ba205f473b1dcab20add2358a16f74537bd4dbd4255f199961f3c5dae9ee07c9991df2413d9cb2e896361bc153e7988b1416753e11,200
http://web/media/jui/css/bootstrap-responsive.min.css?0fbacbbcd2ffda475076daa7d8d1373f,GET,"Cookie:9d4bb4a09f511681369671a08beff228=e1cd05c0536e110d3896145117f19b57
Accept:text/css,*/*;q=0.1
User-Agent:Mozilla/5.0 (X11; Linux x86_64) AppleWebKit/537.36 (KHTML, like Gecko) Chrome/85.0.4183.102 Safari/537.36
Referer:http://web/installation/index.php
",cf83e1357eefb8bdf1542850d66d8007d620e4050b5715dc83f4a921d36ce9ce47d0d13c5d85f2b0ff8318d2877eec2f63b931bd47417a81a538327af927da3e,"Server:Apache/2.4.25 (Debian)
Last-Modified:Mon, 06 May 2019 20:34:16 GMT
Date:Mon, 11 May 2026 22:15:02 GMT
Accept-Ranges:bytes
ETag:""4135-5883e06252200-gzip""
Content-Encoding:gzip
Vary:Accept-Encoding
Content-Length:3947
Content-Type:text/css
",25c42bb76fe0a571ae6412ba205f473b1dcab20add2358a16f74537bd4dbd4255f199961f3c5dae9ee07c9991df2413d9cb2e896361bc153e7988b1416753e11,200
http://web/,GET,"Cookie:9d4bb4a09f511681369671a08beff228=e1cd05c0536e110d3896145117f19b57
Accept:text/html,application/xhtml+xml,application/xml;q=0.9,image/avif,image/webp,image/apng,*/*;q=0.8,application/signed-exchange;v=b3;q=0.9
User-Agent:Mozilla/5.0 (X11; Linux x86_64) AppleWebKit/537.36 (KHTML, like Gecko) Chrome/85.0.4183.102 Safari/537.36
Upgrade-Insecure-Requests:1
",cf83e1357eefb8bdf1542850d66d8007d620e4050b5715dc83f4a921d36ce9ce47d0d13c5d85f2b0ff8318d2877eec2f63b931bd47417a81a538327af927da3e,"Keep-Alive:timeout=5, max=89
Server:Apache/2.4.25 (Debian)
Connection:Keep-Alive
Date:Mon, 11 May 2026 22:41:16 GMT
Content-Length:52
X-Powered-By:PHP/7.1.29
Location:installation/index.php
Content-Type:text/html; charset=UTF-8
",cf83e1357eefb8bdf1542850d66d8007d620e4050b5715dc83f4a921d36ce9ce47d0d13c5d85f2b0ff8318d2877eec2f63b931bd47417a81a538327af927da3e,302
http://web/installation/index.php,POST,"Origin:http://web
Cookie:9d4bb4a09f511681369671a08beff228=e1cd05c0536e110d3896145117f19b57
Accept:application/json, text/javascript, */*; q=0.01
X-Requested-With:XMLHttpRequest
User-Agent:Mozilla/5.0 (X11; Linux x86_64) AppleWebKit/537.36 (KHTML, like Gecko) Chrome/85.0.4183.102 Safari/537.36
Referer:http://web/installation/index.php
Content-Type:application/x-www-form-urlencoded; charset=UTF-8
",d941cebc92e5da27d2359175e1ec548cef1c8b02c1f98c17634eee21c9478863d1942ecea8e66f20af308e9d55f000510e9ecfc12387124afee3825e3f8dbd77,"Keep-Alive:timeout=5, max=78
Server:Apache/2.4.25 (Debian)
Connection:Keep-Alive
Last-Modified:Mon, 11 May 2026 22:14:49 GMT
Pragma:no-cache
Date:Mon, 11 May 2026 22:14:49 GMT
Cache-Control:no-store, no-cache, must-revalidate, post-check=0, pre-check=0
Content-Encoding:gzip
Vary:Accept-Encoding
Expires:Wed, 17 Aug 2005 00:00:00 GMT
Content-Length:4824
X-Powered-By:PHP/7.1.29
Content-Type:text/html; charset=utf-8
",28eba11cf64a781202c197c6ab7ad70d91a740fa07fe70339508db2e9208bdac8ec2051780f1ad8655a724fa9190533c204aa25c86ae437b1682740424f14307,200
http://web/installation/index.php,POST,"Origin:http://web
Cookie:9d4bb4a09f511681369671a08beff228=e1cd05c0536e110d3896145117f19b57
Accept:application/json, text/javascript, */*; q=0.01
X-Requested-With:XMLHttpRequest
User-Agent:Mozilla/5.0 (X11; Linux x86_64) AppleWebKit/537.36 (KHTML, like Gecko) Chrome/85.0.4183.102 Safari/537.36
Referer:http://web/installation/index.php
Content-Type:application/x-www-form-urlencoded; charset=UTF-8
",1fd6d0bafc715377b0efc5cef10b3aa391cca36e47db56df917a75109da7f4ae05a02f8ea52d1c8e894d3533b5536915bb7870cf701a1678b66ab7a5d2c4b79d,"Keep-Alive:timeout=5, max=91
Server:Apache/2.4.25 (Debian)
Connection:Keep-Alive
Last-Modified:Mon, 11 May 2026 22:31:03 GMT
Pragma:no-cache
Date:Mon, 11 May 2026 22:31:03 GMT
Cache-Control:no-store, no-cache, must-revalidate, post-check=0, pre-check=0
Content-Encoding:gzip
Vary:Accept-Encoding
Expires:Wed, 17 Aug 2005 00:00:00 GMT
Content-Length:4829
X-Powered-By:PHP/7.1.29
Content-Type:text/html; charset=utf-8
",da6b1c233cbb62038d6ef4675911bbb8dd44bdf9764ca76ccb1942a6e512bc9b488bf45f2666ca1035b3f540368f6e99b4a6ace4557f91e3d331a99a6c176d92,200
http://web/installation/index.php,GET,"Cookie:9d4bb4a09f511681369671a08beff228=e1cd05c0536e110d3896145117f19b57
Accept:text/html,application/xhtml+xml,application/xml;q=0.9,image/avif,image/webp,image/apng,*/*;q=0.8,application/signed-exchange;v=b3;q=0.9
User-Agent:Mozilla/5.0 (X11; Linux x86_64) AppleWebKit/537.36 (KHTML, like Gecko) Chrome/85.0.4183.102 Safari/537.36
Upgrade-Insecure-Requests:1
",cf83e1357eefb8bdf1542850d66d8007d620e4050b5715dc83f4a921d36ce9ce47d0d13c5d85f2b0ff8318d2877eec2f63b931bd47417a81a538327af927da3e,"Keep-Alive:timeout=5, max=53
Server:Apache/2.4.25 (Debian)
Connection:Keep-Alive
Last-Modified:Mon, 11 May 2026 22:15:07 GMT
Pragma:no-cache
Date:Mon, 11 May 2026 22:15:07 GMT
Cache-Control:no-store, no-cache, must-revalidate, post-check=0, pre-check=0
Content-Encoding:gzip
Vary:Accept-Encoding
Expires:Wed, 17 Aug 2005 00:00:00 GMT
Content-Length:4826
X-Powered-By:PHP/7.1.29
Content-Type:text/html; charset=utf-8
",18489b4cb2bdfa09b2bd69a66580fbf5a7c8ffa44c94cba94008e626ed96e54a16a6398d36a2e8f81b79b7f18d01e90a88a5fe84c183b58ad7ac1d6a0c068070,200
http://web/installation/index.php,POST,"Origin:http://web
Cookie:9d4bb4a09f511681369671a08beff228=e1cd05c0536e110d3896145117f19b57
Accept:application/json, text/javascript, */*; q=0.01
X-Requested-With:XMLHttpRequest
User-Agent:Mozilla/5.0 (X11; Linux x86_64) AppleWebKit/537.36 (KHTML, like Gecko) Chrome/85.0.4183.102 Safari/537.36
Referer:http://web/installation/index.php
Content-Type:application/x-www-form-urlencoded; charset=UTF-8
",f9daf01bf297ba3b5aabb5742b94fac3dcd6af3dd998681641e8844e5fe9ffdc3e12aa501d64a9524d25433bb45a4358fce5712ba3703db7ff90ecb478a7a331,"Keep-Alive:timeout=5, max=22
Server:Apache/2.4.25 (Debian)
Connection:Keep-Alive
Last-Modified:Mon, 11 May 2026 22:15:38 GMT
Pragma:no-cache
Date:Mon, 11 May 2026 22:15:38 GMT
Cache-Control:no-store, no-cache, must-revalidate, post-check=0, pre-check=0
Content-Encoding:gzip
Vary:Accept-Encoding
Expires:Wed, 17 Aug 2005 00:00:00 GMT
Content-Length:4827
X-Powered-By:PHP/7.1.29
Content-Type:text/html; charset=utf-8
",91cf13fda03b6ff9eafcc1d754dd4279444dbb765180e1cccd82410ef1a3d49e917905ddae4ff269958ec966e7812cd2ce998fba1d33e8d1cfb9c80f98987bb6,200
http://web/,GET,"Cookie:9d4bb4a09f511681369671a08beff228=e1cd05c0536e110d3896145117f19b57
Accept:text/html,application/xhtml+xml,application/xml;q=0.9,image/avif,image/webp,image/apng,*/*;q=0.8,application/signed-exchange;v=b3;q=0.9
User-Agent:Mozilla/5.0 (X11; Linux x86_64) AppleWebKit/537.36 (KHTML, like Gecko) Chrome/85.0.4183.102 Safari/537.36
Upgrade-Insecure-Requests:1
",cf83e1357eefb8bdf1542850d66d8007d620e4050b5715dc83f4a921d36ce9ce47d0d13c5d85f2b0ff8318d2877eec2f63b931bd47417a81a538327af927da3e,"Keep-Alive:timeout=5, max=67
Server:Apache/2.4.25 (Debian)
Connection:Keep-Alive
Date:Mon, 11 May 2026 22:14:58 GMT
Content-Length:52
X-Powered-By:PHP/7.1.29
Location:installation/index.php
Content-Type:text/html; charset=UTF-8
",cf83e1357eefb8bdf1542850d66d8007d620e4050b5715dc83f4a921d36ce9ce47d0d13c5d85f2b0ff8318d2877eec2f63b931bd47417a81a538327af927da3e,302
http://web/,GET,"Cookie:9d4bb4a09f511681369671a08beff228=e1cd05c0536e110d3896145117f19b57
Accept:text/html,application/xhtml+xml,application/xml;q=0.9,image/avif,image/webp,image/apng,*/*;q=0.8,application/signed-exchange;v=b3;q=0.9
User-Agent:Mozilla/5.0 (X11; Linux x86_64) AppleWebKit/537.36 (KHTML, like Gecko) Chrome/85.0.4183.102 Safari/537.36
Upgrade-Insecure-Requests:1
",cf83e1357eefb8bdf1542850d66d8007d620e4050b5715dc83f4a921d36ce9ce47d0d13c5d85f2b0ff8318d2877eec2f63b931bd47417a81a538327af927da3e,"Keep-Alive:timeout=5, max=92
Server:Apache/2.4.25 (Debian)
Connection:Keep-Alive
Date:Mon, 11 May 2026 22:41:07 GMT
Content-Length:52
X-Powered-By:PHP/7.1.29
Location:installation/index.php
Content-Type:text/html; charset=UTF-8
",cf83e1357eefb8bdf1542850d66d8007d620e4050b5715dc83f4a921d36ce9ce47d0d13c5d85f2b0ff8318d2877eec2f63b931bd47417a81a538327af927da3e,302
http://web/installation/index.php,POST,"Origin:http://web
Cookie:9d4bb4a09f511681369671a08beff228=e1cd05c0536e110d3896145117f19b57
Accept:application/json, text/javascript, */*; q=0.01
X-Requested-With:XMLHttpRequest
User-Agent:Mozilla/5.0 (X11; Linux x86_64) AppleWebKit/537.36 (KHTML, like Gecko) Chrome/85.0.4183.102 Safari/537.36
Referer:http://web/installation/index.php
Content-Type:application/x-www-form-urlencoded; charset=UTF-8
",81c9bd5dfe994e6ab124d44b0843ddff7ad1bb3533b6fa4c225f91dd1c167caa1da11f828d8b5edba044f043c5d285a8c8c0aeedb6af477b11328a9fd73f9f73,"Keep-Alive:timeout=5, max=59
Server:Apache/2.4.25 (Debian)
Connection:Keep-Alive
Last-Modified:Mon, 11 May 2026 22:41:45 GMT
Pragma:no-cache
Date:Mon, 11 May 2026 22:41:45 GMT
Cache-Control:no-store, no-cache, must-revalidate, post-check=0, pre-check=0
Content-Encoding:gzip
Vary:Accept-Encoding
Expires:Wed, 17 Aug 2005 00:00:00 GMT
Content-Length:4827
X-Powered-By:PHP/7.1.29
Content-Type:text/html; charset=utf-8
",b1ec00ef158f0e639c6a746dc605285cd6c9184c9414dac0a25df7561bdecd231113eee57acc81de36a2fcf2124d0136be9e9eadf83611d95213048b07278507,200
http://web/installation/template/css/template.css?68be82d891257286afd40aa6194cd899,GET,"Cookie:9d4bb4a09f511681369671a08beff228=e1cd05c0536e110d3896145117f19b57
Accept:text/css,*/*;q=0.1
User-Agent:Mozilla/5.0 (X11; Linux x86_64) AppleWebKit/537.36 (KHTML, like Gecko) Chrome/85.0.4183.102 Safari/537.36
Referer:http://web/installation/index.php
",cf83e1357eefb8bdf1542850d66d8007d620e4050b5715dc83f4a921d36ce9ce47d0d13c5d85f2b0ff8318d2877eec2f63b931bd47417a81a538327af927da3e,"Server:Apache/2.4.25 (Debian)
Last-Modified:Mon, 06 May 2019 20:34:16 GMT
Date:Mon, 11 May 2026 22:42:02 GMT
Accept-Ranges:bytes
ETag:""15f2-5883e06252200-gzip""
Content-Encoding:gzip
Vary:Accept-Encoding
Content-Length:1722
Content-Type:text/css
",1519c822f513baa110c731fd3babe0719c1d75cc57a4cae4acc38075f1af3f9f842ba5979d24735049971fa6fb3022dfa1ebbdd3c7861111f4506ba3517cf77e,200
http://web/installation/index.php,POST,"Origin:http://web
Cookie:9d4bb4a09f511681369671a08beff228=e1cd05c0536e110d3896145117f19b57
Accept:application/json, text/javascript, */*; q=0.01
X-Requested-With:XMLHttpRequest
User-Agent:Mozilla/5.0 (X11; Linux x86_64) AppleWebKit/537.36 (KHTML, like Gecko) Chrome/85.0.4183.102 Safari/537.36
Referer:http://web/installation/index.php
Content-Type:application/x-www-form-urlencoded; charset=UTF-8
",c6a97cf252178198b2d83cf25fa7381c2a579eb82a695ee2ca8d0e1037fbbd75a2c77e60c5cc3442151be575fcefc9c4aafe39687b639fcc3cb7fb9b91d11604,"Keep-Alive:timeout=5, max=2
Server:Apache/2.4.25 (Debian)
Connection:Keep-Alive
Last-Modified:Mon, 11 May 2026 22:30:51 GMT
Pragma:no-cache
Date:Mon, 11 May 2026 22:30:51 GMT
Cache-Control:no-store, no-cache, must-revalidate, post-check=0, pre-check=0
Content-Encoding:gzip
Vary:Accept-Encoding
Expires:Wed, 17 Aug 2005 00:00:00 GMT
Content-Length:4829
X-Powered-By:PHP/7.1.29
Content-Type:text/html; charset=utf-8
",22cafcf561eadfa7ee02c436fd0c5868b43a5796e3b2417efb3910d5b8b8e5dd2da306d907cb239815b8049a6df47395d8f0521559390cb1c5edbf09abe3202a,200
http://web/installation/index.php,GET,"Cookie:9d4bb4a09f511681369671a08beff228=e1cd05c0536e110d3896145117f19b57
Accept:text/html,application/xhtml+xml,application/xml;q=0.9,image/avif,image/webp,image/apng,*/*;q=0.8,application/signed-exchange;v=b3;q=0.9
User-Agent:Mozilla/5.0 (X11; Linux x86_64) AppleWebKit/537.36 (KHTML, like Gecko) Chrome/85.0.4183.102 Safari/537.36
Upgrade-Insecure-Requests:1
",cf83e1357eefb8bdf1542850d66d8007d620e4050b5715dc83f4a921d36ce9ce47d0d13c5d85f2b0ff8318d2877eec2f63b931bd47417a81a538327af927da3e,"Keep-Alive:timeout=5, max=76
Server:Apache/2.4.25 (Debian)
Connection:Keep-Alive
Last-Modified:Mon, 11 May 2026 22:14:49 GMT
Pragma:no-cache
Date:Mon, 11 May 2026 22:14:49 GMT
Cache-Control:no-store, no-cache, must-revalidate, post-check=0, pre-check=0
Content-Encoding:gzip
Vary:Accept-Encoding
Expires:Wed, 17 Aug 2005 00:00:00 GMT
Content-Length:4824
X-Powered-By:PHP/7.1.29
Content-Type:text/html; charset=utf-8
",a8695d98b4c7849d1ec416381f686d79f13aa722c85ac9c0f8b892e12e55bd5b7e8b5fffac52523d5e6acb8edf279985b229a1f308643fff3da27a7bef5f4e5e,200
http://web/media/jui/css/bootstrap-extended.css?0fbacbbcd2ffda475076daa7d8d1373f,GET,"Cookie:9d4bb4a09f511681369671a08beff228=e1cd05c0536e110d3896145117f19b57
Accept:text/css,*/*;q=0.1
User-Agent:Mozilla/5.0 (X11; Linux x86_64) AppleWebKit/537.36 (KHTML, like Gecko) Chrome/85.0.4183.102 Safari/537.36
Referer:http://web/installation/index.php
",cf83e1357eefb8bdf1542850d66d8007d620e4050b5715dc83f4a921d36ce9ce47d0d13c5d85f2b0ff8318d2877eec2f63b931bd47417a81a538327af927da3e,"Server:Apache/2.4.25 (Debian)
Last-Modified:Mon, 06 May 2019 20:34:16 GMT
Date:Mon, 11 May 2026 22:15:02 GMT
Accept-Ranges:bytes
ETag:""2386-5883e06252200-gzip""
Content-Encoding:gzip
Vary:Accept-Encoding
Content-Length:2217
Content-Type:text/css
",f9172062f164f5d88a28d10b09e77fa1e668489523273ee187185bf6e2a73a2fbd3cdc9665ada844856099b9490c4a61835555c96934888d1eb9a9620f36a38c,200
http://web/media/system/js/core.js?68be82d891257286afd40aa6194cd899,GET,"Cookie:9d4bb4a09f511681369671a08beff228=e1cd05c0536e110d3896145117f19b57
Accept:*/*
User-Agent:Mozilla/5.0 (X11; Linux x86_64) AppleWebKit/537.36 (KHTML, like Gecko) Chrome/85.0.4183.102 Safari/537.36
Referer:http://web/installation/index.php
",cf83e1357eefb8bdf1542850d66d8007d620e4050b5715dc83f4a921d36ce9ce47d0d13c5d85f2b0ff8318d2877eec2f63b931bd47417a81a538327af927da3e,"Keep-Alive:timeout=5, max=99
Server:Apache/2.4.25 (Debian)
Connection:Keep-Alive
Last-Modified:Mon, 06 May 2019 20:34:16 GMT
Date:Mon, 11 May 2026 22:42:02 GMT
Accept-Ranges:bytes
ETag:""2268-5883e06252200-gzip""
Content-Encoding:gzip
Vary:Accept-Encoding
Content-Length:3367
Content-Type:application/javascript
",44c15f0837480cf8997584be8c62f5198a53b4b8d0561158102e1489884f7bb7d8741062085acd46ca4451cbd3d0a9657366615789d457329b709eff24c1398d,200
http://web/installation/index.php,GET,"Cookie:9d4bb4a09f511681369671a08beff228=e1cd05c0536e110d3896145117f19b57
Accept:text/html,application/xhtml+xml,application/xml;q=0.9,image/avif,image/webp,image/apng,*/*;q=0.8,application/signed-exchange;v=b3;q=0.9
User-Agent:Mozilla/5.0 (X11; Linux x86_64) AppleWebKit/537.36 (KHTML, like Gecko) Chrome/85.0.4183.102 Safari/537.36
Upgrade-Insecure-Requests:1
",cf83e1357eefb8bdf1542850d66d8007d620e4050b5715dc83f4a921d36ce9ce47d0d13c5d85f2b0ff8318d2877eec2f63b931bd47417a81a538327af927da3e,"Keep-Alive:timeout=5, max=60
Server:Apache/2.4.25 (Debian)
Connection:Keep-Alive
Last-Modified:Mon, 11 May 2026 22:36:10 GMT
Pragma:no-cache
Date:Mon, 11 May 2026 22:36:09 GMT
Cache-Control:no-store, no-cache, must-revalidate, post-check=0, pre-check=0
Content-Encoding:gzip
Vary:Accept-Encoding
Expires:Wed, 17 Aug 2005 00:00:00 GMT
Content-Length:4827
X-Powered-By:PHP/7.1.29
Content-Type:text/html; charset=utf-8
",0c8d330b7ade25949c3f3d21c57c94a4f1d81a24e8e6d6cc239730651d24ba566ca5f8098f6af22cd0719249e5f665b0698db92eb4bde8166df555f710883d21,200
http://web/,GET,"Cookie:9d4bb4a09f511681369671a08beff228=e1cd05c0536e110d3896145117f19b57
Accept:text/html,application/xhtml+xml,application/xml;q=0.9,image/avif,image/webp,image/apng,*/*;q=0.8,application/signed-exchange;v=b3;q=0.9
User-Agent:Mozilla/5.0 (X11; Linux x86_64) AppleWebKit/537.36 (KHTML, like Gecko) Chrome/85.0.4183.102 Safari/537.36
Upgrade-Insecure-Requests:1
",cf83e1357eefb8bdf1542850d66d8007d620e4050b5715dc83f4a921d36ce9ce47d0d13c5d85f2b0ff8318d2877eec2f63b931bd47417a81a538327af927da3e,"Keep-Alive:timeout=5, max=5
Server:Apache/2.4.25 (Debian)
Connection:Keep-Alive
Date:Mon, 11 May 2026 22:30:48 GMT
Content-Length:52
X-Powered-By:PHP/7.1.29
Location:installation/index.php
Content-Type:text/html; charset=UTF-8
",cf83e1357eefb8bdf1542850d66d8007d620e4050b5715dc83f4a921d36ce9ce47d0d13c5d85f2b0ff8318d2877eec2f63b931bd47417a81a538327af927da3e,302
http://web/installation/index.php,POST,"Origin:http://web
Cookie:9d4bb4a09f511681369671a08beff228=e1cd05c0536e110d3896145117f19b57
Accept:application/json, text/javascript, */*; q=0.01
X-Requested-With:XMLHttpRequest
User-Agent:Mozilla/5.0 (X11; Linux x86_64) AppleWebKit/537.36 (KHTML, like Gecko) Chrome/85.0.4183.102 Safari/537.36
Referer:http://web/installation/index.php
Content-Type:application/x-www-form-urlencoded; charset=UTF-8
",6de9eb1bbff2b5b5b58b67bc79282279d4a2788771ef332f4bb36877761dc279ab1cc1576334ca3a454a62276f41e69feecfed253f1e8d264695c1e9d32cb81b,"Keep-Alive:timeout=5, max=56
Server:Apache/2.4.25 (Debian)
Connection:Keep-Alive
Last-Modified:Mon, 11 May 2026 22:15:05 GMT
Pragma:no-cache
Date:Mon, 11 May 2026 22:15:05 GMT
Cache-Control:no-store, no-cache, must-revalidate, post-check=0, pre-check=0
Content-Encoding:gzip
Vary:Accept-Encoding
Expires:Wed, 17 Aug 2005 00:00:00 GMT
Content-Length:4824
X-Powered-By:PHP/7.1.29
Content-Type:text/html; charset=utf-8
",06ccf4f0fcdc462b8eee0093161ac390a6a6c9422a2d077abc37632ec959ade8141b8081077c0d64de8b74cb8be55aca06161a36f1ea341c2bc60bc462b08b9d,200
http://web/installation/template/css/template.css?28bdf9aa17138f961389d908dc5c3cbe,GET,"Cookie:9d4bb4a09f511681369671a08beff228=e1cd05c0536e110d3896145117f19b57
Accept:text/css,*/*;q=0.1
User-Agent:Mozilla/5.0 (X11; Linux x86_64) AppleWebKit/537.36 (KHTML, like Gecko) Chrome/85.0.4183.102 Safari/537.36
Referer:http://web/installation/index.php
",cf83e1357eefb8bdf1542850d66d8007d620e4050b5715dc83f4a921d36ce9ce47d0d13c5d85f2b0ff8318d2877eec2f63b931bd47417a81a538327af927da3e,"Keep-Alive:timeout=5, max=99
Server:Apache/2.4.25 (Debian)
Connection:Keep-Alive
Last-Modified:Mon, 06 May 2019 20:34:16 GMT
Date:Mon, 11 May 2026 22:41:07 GMT
Accept-Ranges:bytes
ETag:""15f2-5883e06252200-gzip""
Content-Encoding:gzip
Vary:Accept-Encoding
Content-Length:1722
Content-Type:text/css
",1519c822f513baa110c731fd3babe0719c1d75cc57a4cae4acc38075f1af3f9f842ba5979d24735049971fa6fb3022dfa1ebbdd3c7861111f4506ba3517cf77e,200
http://web/media/system/js/core.js?bb6ce90dbb74fabedd2d70ffa4d390e3,GET,"Cookie:9d4bb4a09f511681369671a08beff228=e1cd05c0536e110d3896145117f19b57
Accept:*/*
User-Agent:Mozilla/5.0 (X11; Linux x86_64) AppleWebKit/537.36 (KHTML, like Gecko) Chrome/85.0.4183.102 Safari/537.36
Referer:http://web/installation/index.php
",cf83e1357eefb8bdf1542850d66d8007d620e4050b5715dc83f4a921d36ce9ce47d0d13c5d85f2b0ff8318d2877eec2f63b931bd47417a81a538327af927da3e,"Keep-Alive:timeout=5, max=99
Server:Apache/2.4.25 (Debian)
Connection:Keep-Alive
Last-Modified:Mon, 06 May 2019 20:34:16 GMT
Date:Mon, 11 May 2026 22:36:10 GMT
Accept-Ranges:bytes
ETag:""2268-5883e06252200-gzip""
Content-Encoding:gzip
Vary:Accept-Encoding
Content-Length:3367
Content-Type:application/javascript
",44c15f0837480cf8997584be8c62f5198a53b4b8d0561158102e1489884f7bb7d8741062085acd46ca4451cbd3d0a9657366615789d457329b709eff24c1398d,200
http://web/,GET,"Cookie:9d4bb4a09f511681369671a08beff228=e1cd05c0536e110d3896145117f19b57
Accept:text/html,application/xhtml+xml,application/xml;q=0.9,image/avif,image/webp,image/apng,*/*;q=0.8,application/signed-exchange;v=b3;q=0.9
User-Agent:Mozilla/5.0 (X11; Linux x86_64) AppleWebKit/537.36 (KHTML, like Gecko) Chrome/85.0.4183.102 Safari/537.36
Upgrade-Insecure-Requests:1
",cf83e1357eefb8bdf1542850d66d8007d620e4050b5715dc83f4a921d36ce9ce47d0d13c5d85f2b0ff8318d2877eec2f63b931bd47417a81a538327af927da3e,"Keep-Alive:timeout=5, max=95
Server:Apache/2.4.25 (Debian)
Connection:Keep-Alive
Date:Mon, 11 May 2026 22:31:09 GMT
Content-Length:52
X-Powered-By:PHP/7.1.29
Location:installation/index.php
Content-Type:text/html; charset=UTF-8
",cf83e1357eefb8bdf1542850d66d8007d620e4050b5715dc83f4a921d36ce9ce47d0d13c5d85f2b0ff8318d2877eec2f63b931bd47417a81a538327af927da3e,302
http://web/installation/index.php,POST,"Origin:http://web
Cookie:9d4bb4a09f511681369671a08beff228=e1cd05c0536e110d3896145117f19b57
Accept:application/json, text/javascript, */*; q=0.01
X-Requested-With:XMLHttpRequest
User-Agent:Mozilla/5.0 (X11; Linux x86_64) AppleWebKit/537.36 (KHTML, like Gecko) Chrome/85.0.4183.102 Safari/537.36
Referer:http://web/installation/index.php
Content-Type:application/x-www-form-urlencoded; charset=UTF-8
",3dba9a1cd450cb981c6bf15488e5e38d3873764423212be2c039a16b3684e55f28cd31aab952cc23d9af123a841ac21e5a18b86ea4d57a86d0f130e67362713c,"Keep-Alive:timeout=5, max=86
Server:Apache/2.4.25 (Debian)
Connection:Keep-Alive
Last-Modified:Mon, 11 May 2026 22:14:41 GMT
Pragma:no-cache
Date:Mon, 11 May 2026 22:14:41 GMT
Cache-Control:no-store, no-cache, must-revalidate, post-check=0, pre-check=0
Content-Encoding:gzip
Vary:Accept-Encoding
Expires:Wed, 17 Aug 2005 00:00:00 GMT
Content-Length:4823
X-Powered-By:PHP/7.1.29
Content-Type:text/html; charset=utf-8
",7b209ceef47bffa13adbb119480d420aa822572af5a59ea60976918727a8c50a139097445026cf18fd1c46b8e454f11558f66a928f9be1906e9eae946f5d1c90,200
http://web/media/jui/css/bootstrap.min.css?68be82d891257286afd40aa6194cd899,GET,"Cookie:9d4bb4a09f511681369671a08beff228=e1cd05c0536e110d3896145117f19b57
Accept:text/css,*/*;q=0.1
User-Agent:Mozilla/5.0 (X11; Linux x86_64) AppleWebKit/537.36 (KHTML, like Gecko) Chrome/85.0.4183.102 Safari/537.36
Referer:http://web/installation/index.php
",cf83e1357eefb8bdf1542850d66d8007d620e4050b5715dc83f4a921d36ce9ce47d0d13c5d85f2b0ff8318d2877eec2f63b931bd47417a81a538327af927da3e,"Keep-Alive:timeout=5, max=40
Server:Apache/2.4.25 (Debian)
Connection:Keep-Alive
Last-Modified:Mon, 06 May 2019 20:34:16 GMT
Date:Mon, 11 May 2026 22:42:02 GMT
Accept-Ranges:bytes
ETag:""19f02-5883e06252200-gzip""
Content-Encoding:gzip
Vary:Accept-Encoding
Content-Length:17143
Content-Type:text/css
",2756547abc65d82ca19886ad8a81e904d324bb933b774cf8a9c3df4972fad4e0257dd4a4b9006e0c475ca86f3ac9f40604b0af1833578e20f36753316e91982d,200
http://web/media/jui/css/bootstrap.min.css?0fbacbbcd2ffda475076daa7d8d1373f,GET,"Cookie:9d4bb4a09f511681369671a08beff228=e1cd05c0536e110d3896145117f19b57
Accept:text/css,*/*;q=0.1
User-Agent:Mozilla/5.0 (X11; Linux x86_64) AppleWebKit/537.36 (KHTML, like Gecko) Chrome/85.0.4183.102 Safari/537.36
Referer:http://web/installation/index.php
",cf83e1357eefb8bdf1542850d66d8007d620e4050b5715dc83f4a921d36ce9ce47d0d13c5d85f2b0ff8318d2877eec2f63b931bd47417a81a538327af927da3e,"Keep-Alive:timeout=5, max=99
Server:Apache/2.4.25 (Debian)
Connection:Keep-Alive
Last-Modified:Mon, 06 May 2019 20:34:16 GMT
Date:Mon, 11 May 2026 22:15:02 GMT
Accept-Ranges:bytes
ETag:""19f02-5883e06252200-gzip""
Content-Encoding:gzip
Vary:Accept-Encoding
Content-Length:17143
Content-Type:text/css
",2756547abc65d82ca19886ad8a81e904d324bb933b774cf8a9c3df4972fad4e0257dd4a4b9006e0c475ca86f3ac9f40604b0af1833578e20f36753316e91982d,200
http://web/installation/index.php,POST,"Origin:http://web
Cookie:9d4bb4a09f511681369671a08beff228=e1cd05c0536e110d3896145117f19b57
Accept:application/json, text/javascript, */*; q=0.01
X-Requested-With:XMLHttpRequest
User-Agent:Mozilla/5.0 (X11; Linux x86_64) AppleWebKit/537.36 (KHTML, like Gecko) Chrome/85.0.4183.102 Safari/537.36
Referer:http://web/installation/index.php
Content-Type:application/x-www-form-urlencoded; charset=UTF-8
",d01b074ce1292089d366064629dc9d87af0da5a54eb2ea54866ec7815c8621c0e0ee3dcb35977b87c56f17cc0fa89ec71102ad91c6747dc5cf1a2c61d1c23863,"Keep-Alive:timeout=5, max=96
Server:Apache/2.4.25 (Debian)
Connection:Keep-Alive
Last-Modified:Mon, 11 May 2026 22:31:09 GMT
Pragma:no-cache
Date:Mon, 11 May 2026 22:31:08 GMT
Cache-Control:no-store, no-cache, must-revalidate, post-check=0, pre-check=0
Content-Encoding:gzip
Vary:Accept-Encoding
Expires:Wed, 17 Aug 2005 00:00:00 GMT
Content-Length:4829
X-Powered-By:PHP/7.1.29
Content-Type:text/html; charset=utf-8
",1a2a3d9857ae4e9916c9ca83143174d8642d045b89d67eebb058c6b83f5df296292c05564177278916d4ee281c412a5ff71cf56164e0c83c227492cc008cb5b1,200
http://web/installation/index.php,POST,"Origin:http://web
Cookie:9d4bb4a09f511681369671a08beff228=e1cd05c0536e110d3896145117f19b57
Accept:application/json, text/javascript, */*; q=0.01
X-Requested-With:XMLHttpRequest
User-Agent:Mozilla/5.0 (X11; Linux x86_64) AppleWebKit/537.36 (KHTML, like Gecko) Chrome/85.0.4183.102 Safari/537.36
Referer:http://web/installation/index.php
Content-Type:application/x-www-form-urlencoded; charset=UTF-8
",7362b0662587f56b790d8eb4b8afdd56032d1329cbdbfb76754f5239b56e4dc93f709200d805658ef12986f81f9def26a3b7d8467618f64db7652c28c9ed77d7,"Keep-Alive:timeout=5, max=55
Server:Apache/2.4.25 (Debian)
Connection:Keep-Alive
Last-Modified:Mon, 11 May 2026 22:41:49 GMT
Pragma:no-cache
Date:Mon, 11 May 2026 22:41:49 GMT
Cache-Control:no-store, no-cache, must-revalidate, post-check=0, pre-check=0
Content-Encoding:gzip
Vary:Accept-Encoding
Expires:Wed, 17 Aug 2005 00:00:00 GMT
Content-Length:4826
X-Powered-By:PHP/7.1.29
Content-Type:text/html; charset=utf-8
",2c6568e35f075afea230f761a9eca5109afc822ef254876e843844243c170c30dcebaca0c0c98bc369a58805c8c48f429000bdebeead5b2c347b49dac4e59035,200
http://web/media/jui/css/chosen.css?bfa15b87d418dce64311672b084cf71b,GET,"Cookie:9d4bb4a09f511681369671a08beff228=e1cd05c0536e110d3896145117f19b57
Accept:text/css,*/*;q=0.1
User-Agent:Mozilla/5.0 (X11; Linux x86_64) AppleWebKit/537.36 (KHTML, like Gecko) Chrome/85.0.4183.102 Safari/537.36
Referer:http://web/installation/index.php
",cf83e1357eefb8bdf1542850d66d8007d620e4050b5715dc83f4a921d36ce9ce47d0d13c5d85f2b0ff8318d2877eec2f63b931bd47417a81a538327af927da3e,"Keep-Alive:timeout=5, max=12
Server:Apache/2.4.25 (Debian)
Connection:Keep-Alive
Last-Modified:Mon, 06 May 2019 20:34:16 GMT
Date:Mon, 11 May 2026 22:30:44 GMT
Accept-Ranges:bytes
ETag:""2fea-5883e06252200-gzip""
Content-Encoding:gzip
Vary:Accept-Encoding
Content-Length:2407
Content-Type:text/css
",d0e168c2df9ecc29d8525bb30e84630af16c68eeaeec790a6166c183eaa7e7432b02b7937abb7670aafd1755ac038b5f049a9ca21a03e953f7d9dae845fc25ca,200
http://web/media/jui/js/jquery-migrate.min.js?bfa15b87d418dce64311672b084cf71b,GET,"Cookie:9d4bb4a09f511681369671a08beff228=e1cd05c0536e110d3896145117f19b57
Accept:*/*
User-Agent:Mozilla/5.0 (X11; Linux x86_64) AppleWebKit/537.36 (KHTML, like Gecko) Chrome/85.0.4183.102 Safari/537.36
Referer:http://web/installation/index.php
",cf83e1357eefb8bdf1542850d66d8007d620e4050b5715dc83f4a921d36ce9ce47d0d13c5d85f2b0ff8318d2877eec2f63b931bd47417a81a538327af927da3e,"Keep-Alive:timeout=5, max=100
Server:Apache/2.4.25 (Debian)
Connection:Keep-Alive
Last-Modified:Mon, 06 May 2019 20:34:16 GMT
Date:Mon, 11 May 2026 22:30:44 GMT
Accept-Ranges:bytes
ETag:""2748-5883e06252200-gzip""
Content-Encoding:gzip
Vary:Accept-Encoding
Content-Length:4014
Content-Type:application/javascript
",b74a2f03c64e883b9a34de43690429327dfb4aa230a7a6afca8150a16e3d84e98461245ff264c26368d9904562cc34fe219f71f951d364fa5c68c039b76776cd,200
http://web/,GET,"Cookie:9d4bb4a09f511681369671a08beff228=e1cd05c0536e110d3896145117f19b57
Accept:text/html,application/xhtml+xml,application/xml;q=0.9,image/avif,image/webp,image/apng,*/*;q=0.8,application/signed-exchange;v=b3;q=0.9
User-Agent:Mozilla/5.0 (X11; Linux x86_64) AppleWebKit/537.36 (KHTML, like Gecko) Chrome/85.0.4183.102 Safari/537.36
Upgrade-Insecure-Requests:1
",cf83e1357eefb8bdf1542850d66d8007d620e4050b5715dc83f4a921d36ce9ce47d0d13c5d85f2b0ff8318d2877eec2f63b931bd47417a81a538327af927da3e,"Keep-Alive:timeout=5, max=63
Server:Apache/2.4.25 (Debian)
Connection:Keep-Alive
Date:Mon, 11 May 2026 22:41:42 GMT
Content-Length:52
X-Powered-By:PHP/7.1.29
Location:installation/index.php
Content-Type:text/html; charset=UTF-8
",cf83e1357eefb8bdf1542850d66d8007d620e4050b5715dc83f4a921d36ce9ce47d0d13c5d85f2b0ff8318d2877eec2f63b931bd47417a81a538327af927da3e,302
http://web/installation/index.php,POST,"Origin:http://web
Cookie:9d4bb4a09f511681369671a08beff228=e1cd05c0536e110d3896145117f19b57
Accept:application/json, text/javascript, */*; q=0.01
X-Requested-With:XMLHttpRequest
User-Agent:Mozilla/5.0 (X11; Linux x86_64) AppleWebKit/537.36 (KHTML, like Gecko) Chrome/85.0.4183.102 Safari/537.36
Referer:http://web/installation/index.php
Content-Type:application/x-www-form-urlencoded; charset=UTF-8
",5cac03bb05aa35f4f9157b488fd04b8f16bf18d81512acf8cb26d9e9c864b8cc9f80b8e97d8950ea2214b8f463328cda45645e9e2dc4d5e0c3648e27bf67ecd9,"Keep-Alive:timeout=5, max=7
Server:Apache/2.4.25 (Debian)
Connection:Keep-Alive
Last-Modified:Mon, 11 May 2026 22:30:47 GMT
Pragma:no-cache
Date:Mon, 11 May 2026 22:30:47 GMT
Cache-Control:no-store, no-cache, must-revalidate, post-check=0, pre-check=0
Content-Encoding:gzip
Vary:Accept-Encoding
Expires:Wed, 17 Aug 2005 00:00:00 GMT
Content-Length:4830
X-Powered-By:PHP/7.1.29
Content-Type:text/html; charset=utf-8
",4c4a4107b811f21246fbcf3b0692fec5f2d31169848054c8cb282fe2dc9875014840651bf066432f4a7e6f49a59524a0e5552209af4b904856cca90ccc216c3f,200
http://web/installation/index.php,POST,"Origin:http://web
Cookie:9d4bb4a09f511681369671a08beff228=e1cd05c0536e110d3896145117f19b57
Accept:application/json, text/javascript, */*; q=0.01
X-Requested-With:XMLHttpRequest
User-Agent:Mozilla/5.0 (X11; Linux x86_64) AppleWebKit/537.36 (KHTML, like Gecko) Chrome/85.0.4183.102 Safari/537.36
Referer:http://web/installation/index.php
Content-Type:application/x-www-form-urlencoded; charset=UTF-8
",b1fbe0942e4f7614aad6d2d58fe8f3e444293a11dce002d49386086fed6c3af4b641afaa3f937dd4167c157b14f4dbd336c71a4059e18b8e0ef3b8a4c1104f60,"Keep-Alive:timeout=5, max=95
Server:Apache/2.4.25 (Debian)
Connection:Keep-Alive
Last-Modified:Mon, 11 May 2026 22:42:08 GMT
Pragma:no-cache
Date:Mon, 11 May 2026 22:42:08 GMT
Cache-Control:no-store, no-cache, must-revalidate, post-check=0, pre-check=0
Content-Encoding:gzip
Vary:Accept-Encoding
Expires:Wed, 17 Aug 2005 00:00:00 GMT
Content-Length:4825
X-Powered-By:PHP/7.1.29
Content-Type:text/html; charset=utf-8
",55e951b40c08f3dbf6860074f2d6129f666e00e64bc7ac0483a7f407ed53a2df9bf381fe7dab8edf712cce39c9a7d8972668971cc114d25ece4060040aead97e,200
http://web/,GET,"Cookie:9d4bb4a09f511681369671a08beff228=e1cd05c0536e110d3896145117f19b57
Accept:text/html,application/xhtml+xml,application/xml;q=0.9,image/avif,image/webp,image/apng,*/*;q=0.8,application/signed-exchange;v=b3;q=0.9
User-Agent:Mozilla/5.0 (X11; Linux x86_64) AppleWebKit/537.36 (KHTML, like Gecko) Chrome/85.0.4183.102 Safari/537.36
Upgrade-Insecure-Requests:1
",cf83e1357eefb8bdf1542850d66d8007d620e4050b5715dc83f4a921d36ce9ce47d0d13c5d85f2b0ff8318d2877eec2f63b931bd47417a81a538327af927da3e,"Keep-Alive:timeout=5, max=63
Server:Apache/2.4.25 (Debian)
Connection:Keep-Alive
Date:Mon, 11 May 2026 22:15:02 GMT
Content-Length:52
X-Powered-By:PHP/7.1.29
Location:installation/index.php
Content-Type:text/html; charset=UTF-8
",cf83e1357eefb8bdf1542850d66d8007d620e4050b5715dc83f4a921d36ce9ce47d0d13c5d85f2b0ff8318d2877eec2f63b931bd47417a81a538327af927da3e,302
http://web/installation/index.php,POST,"Origin:http://web
Cookie:9d4bb4a09f511681369671a08beff228=e1cd05c0536e110d3896145117f19b57
Accept:application/json, text/javascript, */*; q=0.01
X-Requested-With:XMLHttpRequest
User-Agent:Mozilla/5.0 (X11; Linux x86_64) AppleWebKit/537.36 (KHTML, like Gecko) Chrome/85.0.4183.102 Safari/537.36
Referer:http://web/installation/index.php
Content-Type:application/x-www-form-urlencoded; charset=UTF-8
",ae4bb6760b0f218b95531e9ed4432fd8f20a38fef46449c6751d20664a687770391db437ce1febbfb161176b332f079195da0030ee2573586e7780dbe2cec7ea,"Keep-Alive:timeout=5, max=61
Server:Apache/2.4.25 (Debian)
Connection:Keep-Alive
Last-Modified:Mon, 11 May 2026 22:36:09 GMT
Pragma:no-cache
Date:Mon, 11 May 2026 22:36:07 GMT
Cache-Control:no-store, no-cache, must-revalidate, post-check=0, pre-check=0
Content-Encoding:gzip
Vary:Accept-Encoding
Expires:Wed, 17 Aug 2005 00:00:00 GMT
Content-Length:4828
X-Powered-By:PHP/7.1.29
Content-Type:text/html; charset=utf-8
",0b0771f55912bdfe84c239983c8a73b48d60d9f9c2d008330f9846e16bc239728c85467f984c0235e432472b6f90fda67fdec1c5cdb6765a07bcdec56b4fba94,200
http://web/media/jui/css/bootstrap-extended.css?59f35d200ba4bc3985c6a416f91ef038,GET,"Cookie:9d4bb4a09f511681369671a08beff228=e1cd05c0536e110d3896145117f19b57
Accept:text/css,*/*;q=0.1
User-Agent:Mozilla/5.0 (X11; Linux x86_64) AppleWebKit/537.36 (KHTML, like Gecko) Chrome/85.0.4183.102 Safari/537.36
Referer:http://web/installation/index.php
",cf83e1357eefb8bdf1542850d66d8007d620e4050b5715dc83f4a921d36ce9ce47d0d13c5d85f2b0ff8318d2877eec2f63b931bd47417a81a538327af927da3e,"Server:Apache/2.4.25 (Debian)
Last-Modified:Mon, 06 May 2019 20:34:16 GMT
Date:Mon, 11 May 2026 22:31:04 GMT
Accept-Ranges:bytes
ETag:""2386-5883e06252200-gzip""
Content-Encoding:gzip
Vary:Accept-Encoding
Content-Length:2217
Content-Type:text/css
",f9172062f164f5d88a28d10b09e77fa1e668489523273ee187185bf6e2a73a2fbd3cdc9665ada844856099b9490c4a61835555c96934888d1eb9a9620f36a38c,200
http://web/installation/index.php,POST,"Origin:http://web
Cookie:9d4bb4a09f511681369671a08beff228=e1cd05c0536e110d3896145117f19b57
Accept:application/json, text/javascript, */*; q=0.01
X-Requested-With:XMLHttpRequest
User-Agent:Mozilla/5.0 (X11; Linux x86_64) AppleWebKit/537.36 (KHTML, like Gecko) Chrome/85.0.4183.102 Safari/537.36
Referer:http://web/installation/index.php
Content-Type:application/x-www-form-urlencoded; charset=UTF-8
",16e5f64e8ef0af8e7a756f9f716448e99d275ee6c6f2c786dc2980a82bfe8a44e94cbbcab3c0ac4d7d9c9a68ef1e822a0c3a7a38171fbec60aafab5e4e6507e1,"Keep-Alive:timeout=5, max=85
Server:Apache/2.4.25 (Debian)
Connection:Keep-Alive
Last-Modified:Mon, 11 May 2026 22:31:20 GMT
Pragma:no-cache
Date:Mon, 11 May 2026 22:31:20 GMT
Cache-Control:no-store, no-cache, must-revalidate, post-check=0, pre-check=0
Content-Encoding:gzip
Vary:Accept-Encoding
Expires:Wed, 17 Aug 2005 00:00:00 GMT
Content-Length:4829
X-Powered-By:PHP/7.1.29
Content-Type:text/html; charset=utf-8
",9bf6c2d993d304c84454fa9f8ed37acbdc654af56d55aab6ecd59419a3cb710256cacd1e17803ac7d8a02afdd5a3b53961def80c8580f6a647b248579e515d4f,200
http://web/,GET,"Cookie:9d4bb4a09f511681369671a08beff228=e1cd05c0536e110d3896145117f19b57
Accept:text/html,application/xhtml+xml,application/xml;q=0.9,image/avif,image/webp,image/apng,*/*;q=0.8,application/signed-exchange;v=b3;q=0.9
User-Agent:Mozilla/5.0 (X11; Linux x86_64) AppleWebKit/537.36 (KHTML, like Gecko) Chrome/85.0.4183.102 Safari/537.36
Upgrade-Insecure-Requests:1
",cf83e1357eefb8bdf1542850d66d8007d620e4050b5715dc83f4a921d36ce9ce47d0d13c5d85f2b0ff8318d2877eec2f63b931bd47417a81a538327af927da3e,"Keep-Alive:timeout=5, max=90
Server:Apache/2.4.25 (Debian)
Connection:Keep-Alive
Date:Mon, 11 May 2026 22:14:38 GMT
Content-Length:52
X-Powered-By:PHP/7.1.29
Location:installation/index.php
Content-Type:text/html; charset=UTF-8
",cf83e1357eefb8bdf1542850d66d8007d620e4050b5715dc83f4a921d36ce9ce47d0d13c5d85f2b0ff8318d2877eec2f63b931bd47417a81a538327af927da3e,302
http://web/installation/index.php,POST,"Origin:http://web
Cookie:9d4bb4a09f511681369671a08beff228=e1cd05c0536e110d3896145117f19b57
Accept:application/json, text/javascript, */*; q=0.01
X-Requested-With:XMLHttpRequest
User-Agent:Mozilla/5.0 (X11; Linux x86_64) AppleWebKit/537.36 (KHTML, like Gecko) Chrome/85.0.4183.102 Safari/537.36
Referer:http://web/installation/index.php
Content-Type:application/x-www-form-urlencoded; charset=UTF-8
",8a24db1c073e5521cd60a87e53676708533d0880f56ccdce0f847287fdf5bbfbcd39cee8a1c4dda3e5d9f6fbf464706a1abbbb38210b574ffee7ae534c12b095,"Keep-Alive:timeout=5, max=76
Server:Apache/2.4.25 (Debian)
Connection:Keep-Alive
Last-Modified:Mon, 11 May 2026 22:31:31 GMT
Pragma:no-cache
Date:Mon, 11 May 2026 22:31:30 GMT
Cache-Control:no-store, no-cache, must-revalidate, post-check=0, pre-check=0
Content-Encoding:gzip
Vary:Accept-Encoding
Expires:Wed, 17 Aug 2005 00:00:00 GMT
Content-Length:4830
X-Powered-By:PHP/7.1.29
Content-Type:text/html; charset=utf-8
",21a4e52f96a22ae4e7c5e96599f17a8389ec5017b2186122879019c0b8c682f0b0037a9509d9419ef398d395a5289626112bf5409504da640776121855ae672c,200
http://web/installation/template/css/template.css?bb6ce90dbb74fabedd2d70ffa4d390e3,GET,"Cookie:9d4bb4a09f511681369671a08beff228=e1cd05c0536e110d3896145117f19b57
Accept:text/css,*/*;q=0.1
User-Agent:Mozilla/5.0 (X11; Linux x86_64) AppleWebKit/537.36 (KHTML, like Gecko) Chrome/85.0.4183.102 Safari/537.36
Referer:http://web/installation/index.php
",cf83e1357eefb8bdf1542850d66d8007d620e4050b5715dc83f4a921d36ce9ce47d0d13c5d85f2b0ff8318d2877eec2f63b931bd47417a81a538327af927da3e,"Keep-Alive:timeout=5, max=98
Server:Apache/2.4.25 (Debian)
Connection:Keep-Alive
Last-Modified:Mon, 06 May 2019 20:34:16 GMT
Date:Mon, 11 May 2026 22:36:10 GMT
Accept-Ranges:bytes
ETag:""15f2-5883e06252200-gzip""
Content-Encoding:gzip
Vary:Accept-Encoding
Content-Length:1722
Content-Type:text/css
",1519c822f513baa110c731fd3babe0719c1d75cc57a4cae4acc38075f1af3f9f842ba5979d24735049971fa6fb3022dfa1ebbdd3c7861111f4506ba3517cf77e,200
http://web/media/jui/css/bootstrap-extended.css?bfa15b87d418dce64311672b084cf71b,GET,"Cookie:9d4bb4a09f511681369671a08beff228=e1cd05c0536e110d3896145117f19b57
Accept:text/css,*/*;q=0.1
User-Agent:Mozilla/5.0 (X11; Linux x86_64) AppleWebKit/537.36 (KHTML, like Gecko) Chrome/85.0.4183.102 Safari/537.36
Referer:http://web/installation/index.php
",cf83e1357eefb8bdf1542850d66d8007d620e4050b5715dc83f4a921d36ce9ce47d0d13c5d85f2b0ff8318d2877eec2f63b931bd47417a81a538327af927da3e,"Keep-Alive:timeout=5, max=98
Server:Apache/2.4.25 (Debian)
Connection:Keep-Alive
Last-Modified:Mon, 06 May 2019 20:34:16 GMT
Date:Mon, 11 May 2026 22:30:44 GMT
Accept-Ranges:bytes
ETag:""2386-5883e06252200-gzip""
Content-Encoding:gzip
Vary:Accept-Encoding
Content-Length:2217
Content-Type:text/css
",f9172062f164f5d88a28d10b09e77fa1e668489523273ee187185bf6e2a73a2fbd3cdc9665ada844856099b9490c4a61835555c96934888d1eb9a9620f36a38c,200
http://web/installation/index.php,GET,"Cookie:9d4bb4a09f511681369671a08beff228=e1cd05c0536e110d3896145117f19b57
Accept:text/html,application/xhtml+xml,application/xml;q=0.9,image/avif,image/webp,image/apng,*/*;q=0.8,application/signed-exchange;v=b3;q=0.9
User-Agent:Mozilla/5.0 (X11; Linux x86_64) AppleWebKit/537.36 (KHTML, like Gecko) Chrome/85.0.4183.102 Safari/537.36
Upgrade-Insecure-Requests:1
",cf83e1357eefb8bdf1542850d66d8007d620e4050b5715dc83f4a921d36ce9ce47d0d13c5d85f2b0ff8318d2877eec2f63b931bd47417a81a538327af927da3e,"Keep-Alive:timeout=5, max=62
Server:Apache/2.4.25 (Debian)
Connection:Keep-Alive
Last-Modified:Mon, 11 May 2026 22:41:42 GMT
Pragma:no-cache
Date:Mon, 11 May 2026 22:41:42 GMT
Cache-Control:no-store, no-cache, must-revalidate, post-check=0, pre-check=0
Content-Encoding:gzip
Vary:Accept-Encoding
Expires:Wed, 17 Aug 2005 00:00:00 GMT
Content-Length:4828
X-Powered-By:PHP/7.1.29
Content-Type:text/html; charset=utf-8
",9cb68edb98d2ab616d5c3ba56271bca2d92baf8021452fb6ac8abc399b49aa7528339d247ef31533217160c99f0138306fdbcaece216ae1ca39124ff28e55181,200
http://web/installation/index.php,POST,"Origin:http://web
Cookie:9d4bb4a09f511681369671a08beff228=e1cd05c0536e110d3896145117f19b57
Accept:application/json, text/javascript, */*; q=0.01
X-Requested-With:XMLHttpRequest
User-Agent:Mozilla/5.0 (X11; Linux x86_64) AppleWebKit/537.36 (KHTML, like Gecko) Chrome/85.0.4183.102 Safari/537.36
Referer:http://web/installation/index.php
Content-Type:application/x-www-form-urlencoded; charset=UTF-8
",4236ec23d66fd0fe2d90749f394b49243021a77d2fd922ff2b00d3837ca38e6537eef05e96fdae941d28bd1f165bf875a6f926256eb769a68c67eadde7b94c3b,"Keep-Alive:timeout=5, max=97
Server:Apache/2.4.25 (Debian)
Connection:Keep-Alive
Last-Modified:Mon, 11 May 2026 22:14:32 GMT
Pragma:no-cache
Date:Mon, 11 May 2026 22:14:32 GMT
Cache-Control:no-store, no-cache, must-revalidate, post-check=0, pre-check=0
Content-Encoding:gzip
Vary:Accept-Encoding
Expires:Wed, 17 Aug 2005 00:00:00 GMT
Content-Length:4823
X-Powered-By:PHP/7.1.29
Content-Type:text/html; charset=utf-8
",ac21f7a666a8be8c1234e61ba4af6459e018f490dfe772be5f652826d985187d1af009f8ea0e83f3322ec6df09bfb8a64027f0982c3b4c089f9eef8c7e6a9edf,200
http://web/installation/index.php,POST,"Origin:http://web
Cookie:9d4bb4a09f511681369671a08beff228=e1cd05c0536e110d3896145117f19b57
Accept:application/json, text/javascript, */*; q=0.01
X-Requested-With:XMLHttpRequest
User-Agent:Mozilla/5.0 (X11; Linux x86_64) AppleWebKit/537.36 (KHTML, like Gecko) Chrome/85.0.4183.102 Safari/537.36
Referer:http://web/installation/index.php
Content-Type:application/x-www-form-urlencoded; charset=UTF-8
",aeb6d8a5993e568bd4b94e65eef6347ec057029c02e928fba9c717d38d588e0f92284124bbbcb71a8f91f55c122f5202158a1f9d40483573df93a3e32f90d083,"Keep-Alive:timeout=5, max=93
Server:Apache/2.4.25 (Debian)
Connection:Keep-Alive
Last-Modified:Mon, 11 May 2026 22:41:05 GMT
Pragma:no-cache
Date:Mon, 11 May 2026 22:41:05 GMT
Cache-Control:no-store, no-cache, must-revalidate, post-check=0, pre-check=0
Content-Encoding:gzip
Vary:Accept-Encoding
Expires:Wed, 17 Aug 2005 00:00:00 GMT
Content-Length:4827
X-Powered-By:PHP/7.1.29
Content-Type:text/html; charset=utf-8
",6e4ed9d51a05301e11f07d25a6065976c754c4cd8f98032c7d8f76881740b480559cf4d6caf316a08af50cd9127e43f87088f824152454446aab4c9dba92686b,200
http://web/media/jui/css/bootstrap.min.css?68be82d891257286afd40aa6194cd899,GET,"Cookie:9d4bb4a09f511681369671a08beff228=e1cd05c0536e110d3896145117f19b57
Accept:text/css,*/*;q=0.1
User-Agent:Mozilla/5.0 (X11; Linux x86_64) AppleWebKit/537.36 (KHTML, like Gecko) Chrome/85.0.4183.102 Safari/537.36
Referer:http://web/installation/index.php
",cf83e1357eefb8bdf1542850d66d8007d620e4050b5715dc83f4a921d36ce9ce47d0d13c5d85f2b0ff8318d2877eec2f63b931bd47417a81a538327af927da3e,"Server:Apache/2.4.25 (Debian)
Last-Modified:Mon, 06 May 2019 20:34:16 GMT
Date:Mon, 11 May 2026 22:42:02 GMT
Accept-Ranges:bytes
ETag:""19f02-5883e06252200-gzip""
Content-Encoding:gzip
Vary:Accept-Encoding
Content-Length:17143
Content-Type:text/css
",2756547abc65d82ca19886ad8a81e904d324bb933b774cf8a9c3df4972fad4e0257dd4a4b9006e0c475ca86f3ac9f40604b0af1833578e20f36753316e91982d,200
http://web/media/jui/js/bootstrap.min.js?59f35d200ba4bc3985c6a416f91ef038,GET,"Cookie:9d4bb4a09f511681369671a08beff228=e1cd05c0536e110d3896145117f19b57
Accept:*/*
User-Agent:Mozilla/5.0 (X11; Linux x86_64) AppleWebKit/537.36 (KHTML, like Gecko) Chrome/85.0.4183.102 Safari/537.36
Referer:http://web/installation/index.php
",cf83e1357eefb8bdf1542850d66d8007d620e4050b5715dc83f4a921d36ce9ce47d0d13c5d85f2b0ff8318d2877eec2f63b931bd47417a81a538327af927da3e,"Keep-Alive:timeout=5, max=99
Server:Apache/2.4.25 (Debian)
Connection:Keep-Alive
Last-Modified:Mon, 06 May 2019 20:34:16 GMT
Date:Mon, 11 May 2026 22:31:05 GMT
Accept-Ranges:bytes
ETag:""71c6-5883e06252200-gzip""
Content-Encoding:gzip
Vary:Accept-Encoding
Content-Length:7747
Content-Type:application/javascript
",6e8c4c30f5b7f6b25309763f5442f50cc427f846955fbdb700f84354961a26adee892ec8b923d3e0284eda5bf49879ba7776cc50d38315ac5adb4ce38d9bf173,200
http://web/installation/index.php,POST,"Origin:http://web
Cookie:9d4bb4a09f511681369671a08beff228=e1cd05c0536e110d3896145117f19b57
Accept:application/json, text/javascript, */*; q=0.01
X-Requested-With:XMLHttpRequest
User-Agent:Mozilla/5.0 (X11; Linux x86_64) AppleWebKit/537.36 (KHTML, like Gecko) Chrome/85.0.4183.102 Safari/537.36
Referer:http://web/installation/index.php
Content-Type:application/x-www-form-urlencoded; charset=UTF-8
",8a24db1c073e5521cd60a87e53676708533d0880f56ccdce0f847287fdf5bbfbcd39cee8a1c4dda3e5d9f6fbf464706a1abbbb38210b574ffee7ae534c12b095,"Keep-Alive:timeout=5, max=42
Server:Apache/2.4.25 (Debian)
Connection:Keep-Alive
Last-Modified:Mon, 11 May 2026 22:15:16 GMT
Pragma:no-cache
Date:Mon, 11 May 2026 22:15:16 GMT
Cache-Control:no-store, no-cache, must-revalidate, post-check=0, pre-check=0
Content-Encoding:gzip
Vary:Accept-Encoding
Expires:Wed, 17 Aug 2005 00:00:00 GMT
Content-Length:4827
X-Powered-By:PHP/7.1.29
Content-Type:text/html; charset=utf-8
",b3c3f8224d31967a4daf4736ebb2befcf6a263f4d0c42bcfc4291ac684ea6f1fdf4c6acc6e50b3163e5bff47517fccaa00d558a9123ebbc114be224642b7915a,200
http://web/installation/index.php?tmpl=body&view=site,GET,"Cookie:9d4bb4a09f511681369671a08beff228=e1cd05c0536e110d3896145117f19b57
Accept:text/html, */*; q=0.01
X-Requested-With:XMLHttpRequest
User-Agent:Mozilla/5.0 (X11; Linux x86_64) AppleWebKit/537.36 (KHTML, like Gecko) Chrome/85.0.4183.102 Safari/537.36
Referer:http://web/installation/index.php
",cf83e1357eefb8bdf1542850d66d8007d620e4050b5715dc83f4a921d36ce9ce47d0d13c5d85f2b0ff8318d2877eec2f63b931bd47417a81a538327af927da3e,"Keep-Alive:timeout=5, max=99
Server:Apache/2.4.25 (Debian)
Connection:Keep-Alive
Last-Modified:Mon, 11 May 2026 22:14:29 GMT
Pragma:no-cache
Date:Mon, 11 May 2026 22:14:29 GMT
Cache-Control:no-store, no-cache, must-revalidate, post-check=0, pre-check=0
Content-Encoding:gzip
Vary:Accept-Encoding
Expires:Wed, 17 Aug 2005 00:00:00 GMT
Content-Length:3247
X-Powered-By:PHP/7.1.29
Content-Type:text/html; charset=utf-8
",fee2eeb57b634d863186420ba28a386595335fa92a01390b8b8251c0af4470d9bfe0c3a8bdfa0287e1e2b5ff88cc6f544c9663248dd6ed54a3affe0334ea7ffb,200
http://web/installation/index.php?tmpl=body&view=site,GET,"Cookie:9d4bb4a09f511681369671a08beff228=e1cd05c0536e110d3896145117f19b57
Accept:text/html, */*; q=0.01
X-Requested-With:XMLHttpRequest
User-Agent:Mozilla/5.0 (X11; Linux x86_64) AppleWebKit/537.36 (KHTML, like Gecko) Chrome/85.0.4183.102 Safari/537.36
Referer:http://web/installation/index.php
",cf83e1357eefb8bdf1542850d66d8007d620e4050b5715dc83f4a921d36ce9ce47d0d13c5d85f2b0ff8318d2877eec2f63b931bd47417a81a538327af927da3e,"Keep-Alive:timeout=5, max=93
Server:Apache/2.4.25 (Debian)
Connection:Keep-Alive
Last-Modified:Mon, 11 May 2026 22:31:11 GMT
Pragma:no-cache
Date:Mon, 11 May 2026 22:31:11 GMT
Cache-Control:no-store, no-cache, must-revalidate, post-check=0, pre-check=0
Content-Encoding:gzip
Vary:Accept-Encoding
Expires:Wed, 17 Aug 2005 00:00:00 GMT
Content-Length:3246
X-Powered-By:PHP/7.1.29
Content-Type:text/html; charset=utf-8
",397f92bde1f5a6a340dd08034266adbb91cf1289c4fa0dd4587c6937074a19886fcf96adf438047695e16f389af0e1b1cb6ea8b959c872315602eca2bb1c7f58,200
http://web/installation/index.php,POST,"Origin:http://web
Cookie:9d4bb4a09f511681369671a08beff228=e1cd05c0536e110d3896145117f19b57
Accept:application/json, text/javascript, */*; q=0.01
X-Requested-With:XMLHttpRequest
User-Agent:Mozilla/5.0 (X11; Linux x86_64) AppleWebKit/537.36 (KHTML, like Gecko) Chrome/85.0.4183.102 Safari/537.36
Referer:http://web/installation/index.php
Content-Type:application/x-www-form-urlencoded; charset=UTF-8
",13635d3326ec6215ee044147d92cf5b3d1fb95c05ab2fdc7d84bbedd7962d32110208af7def3d5ff460e24810792a758d99fb648cfa04cda778eb70410a4f399,"Keep-Alive:timeout=5, max=69
Server:Apache/2.4.25 (Debian)
Connection:Keep-Alive
Last-Modified:Mon, 11 May 2026 22:41:35 GMT
Pragma:no-cache
Date:Mon, 11 May 2026 22:41:35 GMT
Cache-Control:no-store, no-cache, must-revalidate, post-check=0, pre-check=0
Content-Encoding:gzip
Vary:Accept-Encoding
Expires:Wed, 17 Aug 2005 00:00:00 GMT
Content-Length:4826
X-Powered-By:PHP/7.1.29
Content-Type:text/html; charset=utf-8
",6f2c9dbc10b847872ea7726a58eff2ae02a1420c8ae1f6220475e2f491a3f4312a782794eb3ede7f5c85ceea0f9b87f6bd2d6855d22aa19e3e0530116f723c96,200
http://web/installation/index.php,POST,"Origin:http://web
Cookie:9d4bb4a09f511681369671a08beff228=e1cd05c0536e110d3896145117f19b57
Accept:application/json, text/javascript, */*; q=0.01
X-Requested-With:XMLHttpRequest
User-Agent:Mozilla/5.0 (X11; Linux x86_64) AppleWebKit/537.36 (KHTML, like Gecko) Chrome/85.0.4183.102 Safari/537.36
Referer:http://web/installation/index.php
Content-Type:application/x-www-form-urlencoded; charset=UTF-8
",d20febda4cfb08416c0d88e94111eeee4bf285e3d98335ff02d1d32fcc6f0817f320421f7dcd3d9a4c3700dfdddceca9c70505b7d937cf64b6f5b1d2054aad13,"Keep-Alive:timeout=5, max=77
Server:Apache/2.4.25 (Debian)
Connection:Keep-Alive
Last-Modified:Mon, 11 May 2026 22:41:27 GMT
Pragma:no-cache
Date:Mon, 11 May 2026 22:41:27 GMT
Cache-Control:no-store, no-cache, must-revalidate, post-check=0, pre-check=0
Content-Encoding:gzip
Vary:Accept-Encoding
Expires:Wed, 17 Aug 2005 00:00:00 GMT
Content-Length:4826
X-Powered-By:PHP/7.1.29
Content-Type:text/html; charset=utf-8
",1bddf58a62c1898a729ea81b531d41117b16aab3c2c826ac07ea96007dba9f9986716621f60aabd247cf515ab7a26a325c7be4794706a83b6e66d6185f361ff7,200
http://web/installation/index.php?tmpl=body&view=site,GET,"Cookie:9d4bb4a09f511681369671a08beff228=e1cd05c0536e110d3896145117f19b57
Accept:text/html, */*; q=0.01
X-Requested-With:XMLHttpRequest
User-Agent:Mozilla/5.0 (X11; Linux x86_64) AppleWebKit/537.36 (KHTML, like Gecko) Chrome/85.0.4183.102 Safari/537.36
Referer:http://web/installation/index.php
",cf83e1357eefb8bdf1542850d66d8007d620e4050b5715dc83f4a921d36ce9ce47d0d13c5d85f2b0ff8318d2877eec2f63b931bd47417a81a538327af927da3e,"Keep-Alive:timeout=5, max=68
Server:Apache/2.4.25 (Debian)
Connection:Keep-Alive
Last-Modified:Mon, 11 May 2026 22:14:57 GMT
Pragma:no-cache
Date:Mon, 11 May 2026 22:14:57 GMT
Cache-Control:no-store, no-cache, must-revalidate, post-check=0, pre-check=0
Content-Encoding:gzip
Vary:Accept-Encoding
Expires:Wed, 17 Aug 2005 00:00:00 GMT
Content-Length:3243
X-Powered-By:PHP/7.1.29
Content-Type:text/html; charset=utf-8
",60927a461ee8a2174d0ba346cda60a2b1972da0cf74740794dc303d1b10ae177b54ee99e7b54ae51f52084b3ead5951b32e7b3bae6d15e34230621840a1aa34e,200
http://web/installation/index.php,POST,"Origin:http://web
Cookie:9d4bb4a09f511681369671a08beff228=e1cd05c0536e110d3896145117f19b57
Accept:application/json, text/javascript, */*; q=0.01
X-Requested-With:XMLHttpRequest
User-Agent:Mozilla/5.0 (X11; Linux x86_64) AppleWebKit/537.36 (KHTML, like Gecko) Chrome/85.0.4183.102 Safari/537.36
Referer:http://web/installation/index.php
Content-Type:application/x-www-form-urlencoded; charset=UTF-8
",8a24db1c073e5521cd60a87e53676708533d0880f56ccdce0f847287fdf5bbfbcd39cee8a1c4dda3e5d9f6fbf464706a1abbbb38210b574ffee7ae534c12b095,"Keep-Alive:timeout=5, max=82
Server:Apache/2.4.25 (Debian)
Connection:Keep-Alive
Last-Modified:Mon, 11 May 2026 22:31:23 GMT
Pragma:no-cache
Date:Mon, 11 May 2026 22:31:23 GMT
Cache-Control:no-store, no-cache, must-revalidate, post-check=0, pre-check=0
Content-Encoding:gzip
Vary:Accept-Encoding
Expires:Wed, 17 Aug 2005 00:00:00 GMT
Content-Length:4828
X-Powered-By:PHP/7.1.29
Content-Type:text/html; charset=utf-8
",068efd1f0b426eb6d585c3dceb28e58d7e12fb82a1ebe50979bf81fce3f73814e6bbdc4349cc6f458001ce86b10e5573f454ed8c5e6704df1a83f73a9749be02,200
http://web/media/jui/css/bootstrap.min.css?bfa15b87d418dce64311672b084cf71b,GET,"Cookie:9d4bb4a09f511681369671a08beff228=e1cd05c0536e110d3896145117f19b57
Accept:text/css,*/*;q=0.1
User-Agent:Mozilla/5.0 (X11; Linux x86_64) AppleWebKit/537.36 (KHTML, like Gecko) Chrome/85.0.4183.102 Safari/537.36
Referer:http://web/installation/index.php
",cf83e1357eefb8bdf1542850d66d8007d620e4050b5715dc83f4a921d36ce9ce47d0d13c5d85f2b0ff8318d2877eec2f63b931bd47417a81a538327af927da3e,"Server:Apache/2.4.25 (Debian)
Last-Modified:Mon, 06 May 2019 20:34:16 GMT
Date:Mon, 11 May 2026 22:30:44 GMT
Accept-Ranges:bytes
ETag:""19f02-5883e06252200-gzip""
Content-Encoding:gzip
Vary:Accept-Encoding
Content-Length:17143
Content-Type:text/css
",2756547abc65d82ca19886ad8a81e904d324bb933b774cf8a9c3df4972fad4e0257dd4a4b9006e0c475ca86f3ac9f40604b0af1833578e20f36753316e91982d,200
http://web/media/jui/css/bootstrap.min.css?72f2362f0d5d36c85ec842267bdd70d2,GET,"Cookie:9d4bb4a09f511681369671a08beff228=e1cd05c0536e110d3896145117f19b57
Accept:text/css,*/*;q=0.1
User-Agent:Mozilla/5.0 (X11; Linux x86_64) AppleWebKit/537.36 (KHTML, like Gecko) Chrome/85.0.4183.102 Safari/537.36
Referer:http://web/installation/index.php
",cf83e1357eefb8bdf1542850d66d8007d620e4050b5715dc83f4a921d36ce9ce47d0d13c5d85f2b0ff8318d2877eec2f63b931bd47417a81a538327af927da3e,"Keep-Alive:timeout=5, max=99
Server:Apache/2.4.25 (Debian)
Connection:Keep-Alive
Last-Modified:Mon, 06 May 2019 20:34:16 GMT
Date:Mon, 11 May 2026 22:35:59 GMT
Accept-Ranges:bytes
ETag:""19f02-5883e06252200-gzip""
Content-Encoding:gzip
Vary:Accept-Encoding
Content-Length:17143
Content-Type:text/css
",2756547abc65d82ca19886ad8a81e904d324bb933b774cf8a9c3df4972fad4e0257dd4a4b9006e0c475ca86f3ac9f40604b0af1833578e20f36753316e91982d,200
http://web/installation/index.php,GET,"Cookie:9d4bb4a09f511681369671a08beff228=e1cd05c0536e110d3896145117f19b57
Accept:text/html,application/xhtml+xml,application/xml;q=0.9,image/avif,image/webp,image/apng,*/*;q=0.8,application/signed-exchange;v=b3;q=0.9
User-Agent:Mozilla/5.0 (X11; Linux x86_64) AppleWebKit/537.36 (KHTML, like Gecko) Chrome/85.0.4183.102 Safari/537.36
Upgrade-Insecure-Requests:1
",cf83e1357eefb8bdf1542850d66d8007d620e4050b5715dc83f4a921d36ce9ce47d0d13c5d85f2b0ff8318d2877eec2f63b931bd47417a81a538327af927da3e,"Keep-Alive:timeout=5, max=88
Server:Apache/2.4.25 (Debian)
Connection:Keep-Alive
Last-Modified:Mon, 11 May 2026 22:31:16 GMT
Pragma:no-cache
Date:Mon, 11 May 2026 22:31:16 GMT
Cache-Control:no-store, no-cache, must-revalidate, post-check=0, pre-check=0
Content-Encoding:gzip
Vary:Accept-Encoding
Expires:Wed, 17 Aug 2005 00:00:00 GMT
Content-Length:4830
X-Powered-By:PHP/7.1.29
Content-Type:text/html; charset=utf-8
",37ec0d01e0d0eca07f708fa1390d44827a8ff043e9a4c68ba2123aec33ee7799056154d27b5b488b33b432fcbd4e92ead6e0f9a9a1a61a4af8fc0a6b1955f599,200
http://web/media/system/js/core.js?bfa15b87d418dce64311672b084cf71b,GET,"Cookie:9d4bb4a09f511681369671a08beff228=e1cd05c0536e110d3896145117f19b57
Accept:*/*
User-Agent:Mozilla/5.0 (X11; Linux x86_64) AppleWebKit/537.36 (KHTML, like Gecko) Chrome/85.0.4183.102 Safari/537.36
Referer:http://web/installation/index.php
",cf83e1357eefb8bdf1542850d66d8007d620e4050b5715dc83f4a921d36ce9ce47d0d13c5d85f2b0ff8318d2877eec2f63b931bd47417a81a538327af927da3e,"Keep-Alive:timeout=5, max=100
Server:Apache/2.4.25 (Debian)
Connection:Keep-Alive
Last-Modified:Mon, 06 May 2019 20:34:16 GMT
Date:Mon, 11 May 2026 22:30:44 GMT
Accept-Ranges:bytes
ETag:""2268-5883e06252200-gzip""
Content-Encoding:gzip
Vary:Accept-Encoding
Content-Length:3367
Content-Type:application/javascript
",44c15f0837480cf8997584be8c62f5198a53b4b8d0561158102e1489884f7bb7d8741062085acd46ca4451cbd3d0a9657366615789d457329b709eff24c1398d,200
http://web/installation/index.php,POST,"Origin:http://web
Cookie:9d4bb4a09f511681369671a08beff228=e1cd05c0536e110d3896145117f19b57
Accept:application/json, text/javascript, */*; q=0.01
X-Requested-With:XMLHttpRequest
User-Agent:Mozilla/5.0 (X11; Linux x86_64) AppleWebKit/537.36 (KHTML, like Gecko) Chrome/85.0.4183.102 Safari/537.36
Referer:http://web/installation/index.php
Content-Type:application/x-www-form-urlencoded; charset=UTF-8
",ff8830330a3b96254ba9f8a177a0da187e87aacd26f250e9539f451b2d573c3fd2f64267841fed02a85fc4ed04e11ecd71409d38f58a044e9a24809df2e4040f,"Keep-Alive:timeout=5, max=90
Server:Apache/2.4.25 (Debian)
Connection:Keep-Alive
Last-Modified:Mon, 11 May 2026 22:31:15 GMT
Pragma:no-cache
Date:Mon, 11 May 2026 22:31:15 GMT
Cache-Control:no-store, no-cache, must-revalidate, post-check=0, pre-check=0
Content-Encoding:gzip
Vary:Accept-Encoding
Expires:Wed, 17 Aug 2005 00:00:00 GMT
Content-Length:4830
X-Powered-By:PHP/7.1.29
Content-Type:text/html; charset=utf-8
",8e013dc09e20c9e6033caafe689f297e874ce7387f691110ae738c6b50a5064a7d3541f62ea10d8b84f2caad7607a4ca113d3f248e90166c2b7c87d7198f8dd9,200
http://web/installation/template/js/installation.js?28bdf9aa17138f961389d908dc5c3cbe,GET,"Cookie:9d4bb4a09f511681369671a08beff228=e1cd05c0536e110d3896145117f19b57
Accept:*/*
User-Agent:Mozilla/5.0 (X11; Linux x86_64) AppleWebKit/537.36 (KHTML, like Gecko) Chrome/85.0.4183.102 Safari/537.36
Referer:http://web/installation/index.php
",cf83e1357eefb8bdf1542850d66d8007d620e4050b5715dc83f4a921d36ce9ce47d0d13c5d85f2b0ff8318d2877eec2f63b931bd47417a81a538327af927da3e,"Keep-Alive:timeout=5, max=98
Server:Apache/2.4.25 (Debian)
Connection:Keep-Alive
Last-Modified:Mon, 06 May 2019 20:34:16 GMT
Date:Mon, 11 May 2026 22:41:07 GMT
Accept-Ranges:bytes
ETag:""3657-5883e06252200-gzip""
Content-Encoding:gzip
Vary:Accept-Encoding
Content-Length:3036
Content-Type:application/javascript
",4bc534ee97c6d297009b8af0972919d02462ed8e90fefa3ae21556611a7befc7d72f3c617d75edae8b76108a78e4f8797596067acce27ed916d5a41a871e6f87,200
http://web/media/jui/js/bootstrap.min.js?68be82d891257286afd40aa6194cd899,GET,"Cookie:9d4bb4a09f511681369671a08beff228=e1cd05c0536e110d3896145117f19b57
Accept:*/*
User-Agent:Mozilla/5.0 (X11; Linux x86_64) AppleWebKit/537.36 (KHTML, like Gecko) Chrome/85.0.4183.102 Safari/537.36
Referer:http://web/installation/index.php
",cf83e1357eefb8bdf1542850d66d8007d620e4050b5715dc83f4a921d36ce9ce47d0d13c5d85f2b0ff8318d2877eec2f63b931bd47417a81a538327af927da3e,"Keep-Alive:timeout=5, max=98
Server:Apache/2.4.25 (Debian)
Connection:Keep-Alive
Last-Modified:Mon, 06 May 2019 20:34:16 GMT
Date:Mon, 11 May 2026 22:42:02 GMT
Accept-Ranges:bytes
ETag:""71c6-5883e06252200-gzip""
Content-Encoding:gzip
Vary:Accept-Encoding
Content-Length:7747
Content-Type:application/javascript
",6e8c4c30f5b7f6b25309763f5442f50cc427f846955fbdb700f84354961a26adee892ec8b923d3e0284eda5bf49879ba7776cc50d38315ac5adb4ce38d9bf173,200
http://web/installation/index.php,POST,"Origin:http://web
Cookie:9d4bb4a09f511681369671a08beff228=e1cd05c0536e110d3896145117f19b57
Accept:application/json, text/javascript, */*; q=0.01
X-Requested-With:XMLHttpRequest
User-Agent:Mozilla/5.0 (X11; Linux x86_64) AppleWebKit/537.36 (KHTML, like Gecko) Chrome/85.0.4183.102 Safari/537.36
Referer:http://web/installation/index.php
Content-Type:application/x-www-form-urlencoded; charset=UTF-8
",8a24db1c073e5521cd60a87e53676708533d0880f56ccdce0f847287fdf5bbfbcd39cee8a1c4dda3e5d9f6fbf464706a1abbbb38210b574ffee7ae534c12b095,"Keep-Alive:timeout=5, max=38
Server:Apache/2.4.25 (Debian)
Connection:Keep-Alive
Last-Modified:Mon, 11 May 2026 22:15:21 GMT
Pragma:no-cache
Date:Mon, 11 May 2026 22:15:21 GMT
Cache-Control:no-store, no-cache, must-revalidate, post-check=0, pre-check=0
Content-Encoding:gzip
Vary:Accept-Encoding
Expires:Wed, 17 Aug 2005 00:00:00 GMT
Content-Length:4828
X-Powered-By:PHP/7.1.29
Content-Type:text/html; charset=utf-8
",dc21699695084449d142ab32067adde6c8ccbd7ebbfd5321eae39ce63f2b52b2c6f6b0e81f2078ecfaf456636effddc9a1c0e4218aa0311e6f57d6cd0bd37d49,200
http://web/media/jui/css/bootstrap-extended.css?68be82d891257286afd40aa6194cd899,GET,"Cookie:9d4bb4a09f511681369671a08beff228=e1cd05c0536e110d3896145117f19b57
Accept:text/css,*/*;q=0.1
User-Agent:Mozilla/5.0 (X11; Linux x86_64) AppleWebKit/537.36 (KHTML, like Gecko) Chrome/85.0.4183.102 Safari/537.36
Referer:http://web/installation/index.php
",cf83e1357eefb8bdf1542850d66d8007d620e4050b5715dc83f4a921d36ce9ce47d0d13c5d85f2b0ff8318d2877eec2f63b931bd47417a81a538327af927da3e,"Keep-Alive:timeout=5, max=100
Server:Apache/2.4.25 (Debian)
Connection:Keep-Alive
Last-Modified:Mon, 06 May 2019 20:34:16 GMT
Date:Mon, 11 May 2026 22:42:02 GMT
Accept-Ranges:bytes
ETag:""2386-5883e06252200-gzip""
Content-Encoding:gzip
Vary:Accept-Encoding
Content-Length:2217
Content-Type:text/css
",f9172062f164f5d88a28d10b09e77fa1e668489523273ee187185bf6e2a73a2fbd3cdc9665ada844856099b9490c4a61835555c96934888d1eb9a9620f36a38c,200
http://web/installation/index.php,POST,"Origin:http://web
Cookie:9d4bb4a09f511681369671a08beff228=e1cd05c0536e110d3896145117f19b57
Accept:application/json, text/javascript, */*; q=0.01
X-Requested-With:XMLHttpRequest
User-Agent:Mozilla/5.0 (X11; Linux x86_64) AppleWebKit/537.36 (KHTML, like Gecko) Chrome/85.0.4183.102 Safari/537.36
Referer:http://web/installation/index.php
Content-Type:application/x-www-form-urlencoded; charset=UTF-8
",7adf30a192040d1bd46a90909bf743565111b5381f536c05bb8dbfe557148c451c2c084154eefb19b98cc68f5b2508a3f8f2d35e316e2045e18a74ea5e2699ba,"Keep-Alive:timeout=5, max=51
Server:Apache/2.4.25 (Debian)
Connection:Keep-Alive
Last-Modified:Mon, 11 May 2026 22:15:09 GMT
Pragma:no-cache
Date:Mon, 11 May 2026 22:15:09 GMT
Cache-Control:no-store, no-cache, must-revalidate, post-check=0, pre-check=0
Content-Encoding:gzip
Vary:Accept-Encoding
Expires:Wed, 17 Aug 2005 00:00:00 GMT
Content-Length:4827
X-Powered-By:PHP/7.1.29
Content-Type:text/html; charset=utf-8
",72b13a705c7ec947bdd53f0ae73c45a3df88e1cb1fc2beb2c44613c0d94c637321451fea707ca11c6c6bf4dc8a1b70486ebb0967d9862b100d50d511316f3fa9,200
http://web/media/jui/css/bootstrap-responsive.min.css?28bdf9aa17138f961389d908dc5c3cbe,GET,"Cookie:9d4bb4a09f511681369671a08beff228=e1cd05c0536e110d3896145117f19b57
Accept:text/css,*/*;q=0.1
User-Agent:Mozilla/5.0 (X11; Linux x86_64) AppleWebKit/537.36 (KHTML, like Gecko) Chrome/85.0.4183.102 Safari/537.36
Referer:http://web/installation/index.php
",cf83e1357eefb8bdf1542850d66d8007d620e4050b5715dc83f4a921d36ce9ce47d0d13c5d85f2b0ff8318d2877eec2f63b931bd47417a81a538327af927da3e,"Server:Apache/2.4.25 (Debian)
Last-Modified:Mon, 06 May 2019 20:34:16 GMT
Date:Mon, 11 May 2026 22:41:07 GMT
Accept-Ranges:bytes
ETag:""4135-5883e06252200-gzip""
Content-Encoding:gzip
Vary:Accept-Encoding
Content-Length:3947
Content-Type:text/css
",25c42bb76fe0a571ae6412ba205f473b1dcab20add2358a16f74537bd4dbd4255f199961f3c5dae9ee07c9991df2413d9cb2e896361bc153e7988b1416753e11,200
http://web/media/jui/css/bootstrap-responsive.min.css?59f35d200ba4bc3985c6a416f91ef038,GET,"Cookie:9d4bb4a09f511681369671a08beff228=e1cd05c0536e110d3896145117f19b57
Accept:text/css,*/*;q=0.1
User-Agent:Mozilla/5.0 (X11; Linux x86_64) AppleWebKit/537.36 (KHTML, like Gecko) Chrome/85.0.4183.102 Safari/537.36
Referer:http://web/installation/index.php
",cf83e1357eefb8bdf1542850d66d8007d620e4050b5715dc83f4a921d36ce9ce47d0d13c5d85f2b0ff8318d2877eec2f63b931bd47417a81a538327af927da3e,"Keep-Alive:timeout=5, max=100
Server:Apache/2.4.25 (Debian)
Connection:Keep-Alive
Last-Modified:Mon, 06 May 2019 20:34:16 GMT
Date:Mon, 11 May 2026 22:31:04 GMT
Accept-Ranges:bytes
ETag:""4135-5883e06252200-gzip""
Content-Encoding:gzip
Vary:Accept-Encoding
Content-Length:3947
Content-Type:text/css
",25c42bb76fe0a571ae6412ba205f473b1dcab20add2358a16f74537bd4dbd4255f199961f3c5dae9ee07c9991df2413d9cb2e896361bc153e7988b1416753e11,200
http://web/installation/index.php,POST,"Origin:http://web
Cookie:9d4bb4a09f511681369671a08beff228=e1cd05c0536e110d3896145117f19b57
Accept:application/json, text/javascript, */*; q=0.01
X-Requested-With:XMLHttpRequest
User-Agent:Mozilla/5.0 (X11; Linux x86_64) AppleWebKit/537.36 (KHTML, like Gecko) Chrome/85.0.4183.102 Safari/537.36
Referer:http://web/installation/index.php
Content-Type:application/x-www-form-urlencoded; charset=UTF-8
",4e24cdcd9e4b9d0d9448ab0a11f5bca70ae80be2d8904296730237e67c371a59d272b3d66f9b65814e4fa624f93492e42a313b6fe1ad9c541928fafe9af9077a,"Keep-Alive:timeout=5, max=33
Server:Apache/2.4.25 (Debian)
Connection:Keep-Alive
Last-Modified:Mon, 11 May 2026 22:15:26 GMT
Pragma:no-cache
Date:Mon, 11 May 2026 22:15:26 GMT
Cache-Control:no-store, no-cache, must-revalidate, post-check=0, pre-check=0
Content-Encoding:gzip
Vary:Accept-Encoding
Expires:Wed, 17 Aug 2005 00:00:00 GMT
Content-Length:4826
X-Powered-By:PHP/7.1.29
Content-Type:text/html; charset=utf-8
",b3bea7568abedf89fb9a9de2d8b201726ec74de36262581ec7a6aee4dbb6136c6595a605b999bcf58f9df09072560ac6c13cae4456deb972ad0479c382182a9f,200
http://web/installation/index.php?tmpl=body&view=site,GET,"Cookie:9d4bb4a09f511681369671a08beff228=e1cd05c0536e110d3896145117f19b57
Accept:text/html, */*; q=0.01
X-Requested-With:XMLHttpRequest
User-Agent:Mozilla/5.0 (X11; Linux x86_64) AppleWebKit/537.36 (KHTML, like Gecko) Chrome/85.0.4183.102 Safari/537.36
Referer:http://web/installation/index.php
",cf83e1357eefb8bdf1542850d66d8007d620e4050b5715dc83f4a921d36ce9ce47d0d13c5d85f2b0ff8318d2877eec2f63b931bd47417a81a538327af927da3e,"Keep-Alive:timeout=5, max=8
Server:Apache/2.4.25 (Debian)
Connection:Keep-Alive
Last-Modified:Mon, 11 May 2026 22:30:45 GMT
Pragma:no-cache
Date:Mon, 11 May 2026 22:30:45 GMT
Cache-Control:no-store, no-cache, must-revalidate, post-check=0, pre-check=0
Content-Encoding:gzip
Vary:Accept-Encoding
Expires:Wed, 17 Aug 2005 00:00:00 GMT
Content-Length:3247
X-Powered-By:PHP/7.1.29
Content-Type:text/html; charset=utf-8
",b4742e24bafca325950e2cec5e593b3d3204e4427cc6f5a968df8ed6732e47dfa5fd624b243467ac68035ab9f617b7c2b4a33a15224a665903ef35fed63977a0,200
http://web/installation/index.php,POST,"Origin:http://web
Cookie:9d4bb4a09f511681369671a08beff228=e1cd05c0536e110d3896145117f19b57
Accept:application/json, text/javascript, */*; q=0.01
X-Requested-With:XMLHttpRequest
User-Agent:Mozilla/5.0 (X11; Linux x86_64) AppleWebKit/537.36 (KHTML, like Gecko) Chrome/85.0.4183.102 Safari/537.36
Referer:http://web/installation/index.php
Content-Type:application/x-www-form-urlencoded; charset=UTF-8
",77c58eb3d3f988d669bacf01ac7996fd961ae3a765461062254040fc78bb4500adf46dbba379d6926906fe64d1bed68fb85aaa88a894006457865cdc6792141e,"Server:Apache/2.4.25 (Debian)
Connection:close
Last-Modified:Mon, 11 May 2026 22:30:53 GMT
Pragma:no-cache
Date:Mon, 11 May 2026 22:30:53 GMT
Cache-Control:no-store, no-cache, must-revalidate, post-check=0, pre-check=0
Content-Encoding:gzip
Vary:Accept-Encoding
Expires:Wed, 17 Aug 2005 00:00:00 GMT
Content-Length:4828
X-Powered-By:PHP/7.1.29
Content-Type:text/html; charset=utf-8
",f17be9311de32f81ec8473017f4e3c62afd9dc61f6e44d08c217be7ae2fcea00d1032923c4a0b6288bfd4092311f156eac05b13cd85f49d3fcc7ef804943d22c,200
http://web/media/system/js/punycode.js?72f2362f0d5d36c85ec842267bdd70d2,GET,"Cookie:9d4bb4a09f511681369671a08beff228=e1cd05c0536e110d3896145117f19b57
Accept:*/*
User-Agent:Mozilla/5.0 (X11; Linux x86_64) AppleWebKit/537.36 (KHTML, like Gecko) Chrome/85.0.4183.102 Safari/537.36
Referer:http://web/installation/index.php
",cf83e1357eefb8bdf1542850d66d8007d620e4050b5715dc83f4a921d36ce9ce47d0d13c5d85f2b0ff8318d2877eec2f63b931bd47417a81a538327af927da3e,"Keep-Alive:timeout=5, max=100
Server:Apache/2.4.25 (Debian)
Connection:Keep-Alive
Last-Modified:Mon, 06 May 2019 20:34:16 GMT
Date:Mon, 11 May 2026 22:35:59 GMT
Accept-Ranges:bytes
ETag:""b0c-5883e06252200-gzip""
Content-Encoding:gzip
Vary:Accept-Encoding
Content-Length:1522
Content-Type:application/javascript
",95d6c4af80c4ac32ee784fcc1f4502ddc0bf0cc0cd190e7a00ed36648aafb419c150f0f85adf5a29e88a85e36f639a209a8b4e9a158300a1f522b3a8dae4f640,200
http://web/installation/index.php,GET,"Cookie:9d4bb4a09f511681369671a08beff228=e1cd05c0536e110d3896145117f19b57
Accept:text/html,application/xhtml+xml,application/xml;q=0.9,image/avif,image/webp,image/apng,*/*;q=0.8,application/signed-exchange;v=b3;q=0.9
User-Agent:Mozilla/5.0 (X11; Linux x86_64) AppleWebKit/537.36 (KHTML, like Gecko) Chrome/85.0.4183.102 Safari/537.36
Upgrade-Insecure-Requests:1
",cf83e1357eefb8bdf1542850d66d8007d620e4050b5715dc83f4a921d36ce9ce47d0d13c5d85f2b0ff8318d2877eec2f63b931bd47417a81a538327af927da3e,"Keep-Alive:timeout=5, max=94
Server:Apache/2.4.25 (Debian)
Connection:Keep-Alive
Last-Modified:Mon, 11 May 2026 22:31:09 GMT
Pragma:no-cache
Date:Mon, 11 May 2026 22:31:09 GMT
Cache-Control:no-store, no-cache, must-revalidate, post-check=0, pre-check=0
Content-Encoding:gzip
Vary:Accept-Encoding
Expires:Wed, 17 Aug 2005 00:00:00 GMT
Content-Length:4827
X-Powered-By:PHP/7.1.29
Content-Type:text/html; charset=utf-8
",3498637b5bdff41d1ea5573e72272c6c45ab0d7e21478ed4c6f622540f52c77347dea666d1d02691acc8cf0e5b5be574b0eef8471dedb58ba6a6e6c87d84a57e,200
http://web/media/jui/js/bootstrap.min.js?282cb11b10ec2d37010ea2ea050acabb,GET,"Cookie:9d4bb4a09f511681369671a08beff228=e1cd05c0536e110d3896145117f19b57
Accept:*/*
User-Agent:Mozilla/5.0 (X11; Linux x86_64) AppleWebKit/537.36 (KHTML, like Gecko) Chrome/85.0.4183.102 Safari/537.36
Referer:http://web/installation/index.php
",cf83e1357eefb8bdf1542850d66d8007d620e4050b5715dc83f4a921d36ce9ce47d0d13c5d85f2b0ff8318d2877eec2f63b931bd47417a81a538327af927da3e,"Keep-Alive:timeout=5, max=97
Server:Apache/2.4.25 (Debian)
Connection:Keep-Alive
Last-Modified:Mon, 06 May 2019 20:34:16 GMT
Date:Mon, 11 May 2026 22:14:21 GMT
Accept-Ranges:bytes
ETag:""71c6-5883e06252200-gzip""
Content-Encoding:gzip
Vary:Accept-Encoding
Content-Length:7747
Content-Type:application/javascript
",6e8c4c30f5b7f6b25309763f5442f50cc427f846955fbdb700f84354961a26adee892ec8b923d3e0284eda5bf49879ba7776cc50d38315ac5adb4ce38d9bf173,200
http://web/media/jui/css/bootstrap-responsive.min.css?bfa15b87d418dce64311672b084cf71b,GET,"Cookie:9d4bb4a09f511681369671a08beff228=e1cd05c0536e110d3896145117f19b57
Accept:text/css,*/*;q=0.1
User-Agent:Mozilla/5.0 (X11; Linux x86_64) AppleWebKit/537.36 (KHTML, like Gecko) Chrome/85.0.4183.102 Safari/537.36
Referer:http://web/installation/index.php
",cf83e1357eefb8bdf1542850d66d8007d620e4050b5715dc83f4a921d36ce9ce47d0d13c5d85f2b0ff8318d2877eec2f63b931bd47417a81a538327af927da3e,"Keep-Alive:timeout=5, max=100
Server:Apache/2.4.25 (Debian)
Connection:Keep-Alive
Last-Modified:Mon, 06 May 2019 20:34:16 GMT
Date:Mon, 11 May 2026 22:30:44 GMT
Accept-Ranges:bytes
ETag:""4135-5883e06252200-gzip""
Content-Encoding:gzip
Vary:Accept-Encoding
Content-Length:3947
Content-Type:text/css
",25c42bb76fe0a571ae6412ba205f473b1dcab20add2358a16f74537bd4dbd4255f199961f3c5dae9ee07c9991df2413d9cb2e896361bc153e7988b1416753e11,200
http://web/installation/template/css/template.css?59f35d200ba4bc3985c6a416f91ef038,GET,"Cookie:9d4bb4a09f511681369671a08beff228=e1cd05c0536e110d3896145117f19b57
Accept:text/css,*/*;q=0.1
User-Agent:Mozilla/5.0 (X11; Linux x86_64) AppleWebKit/537.36 (KHTML, like Gecko) Chrome/85.0.4183.102 Safari/537.36
Referer:http://web/installation/index.php
",cf83e1357eefb8bdf1542850d66d8007d620e4050b5715dc83f4a921d36ce9ce47d0d13c5d85f2b0ff8318d2877eec2f63b931bd47417a81a538327af927da3e,"Keep-Alive:timeout=5, max=100
Server:Apache/2.4.25 (Debian)
Connection:Keep-Alive
Last-Modified:Mon, 06 May 2019 20:34:16 GMT
Date:Mon, 11 May 2026 22:31:04 GMT
Accept-Ranges:bytes
ETag:""15f2-5883e06252200-gzip""
Content-Encoding:gzip
Vary:Accept-Encoding
Content-Length:1722
Content-Type:text/css
",1519c822f513baa110c731fd3babe0719c1d75cc57a4cae4acc38075f1af3f9f842ba5979d24735049971fa6fb3022dfa1ebbdd3c7861111f4506ba3517cf77e,200
http://web/installation/index.php,POST,"Origin:http://web
Cookie:9d4bb4a09f511681369671a08beff228=e1cd05c0536e110d3896145117f19b57
Accept:application/json, text/javascript, */*; q=0.01
X-Requested-With:XMLHttpRequest
User-Agent:Mozilla/5.0 (X11; Linux x86_64) AppleWebKit/537.36 (KHTML, like Gecko) Chrome/85.0.4183.102 Safari/537.36
Referer:http://web/installation/index.php
Content-Type:application/x-www-form-urlencoded; charset=UTF-8
",740546001048abf85f3e63fe0f48e48eca0313456a560f3df98d64857b53026c6aa3380e32ec2aea644f50852d6733bfc33e438f1d75745b4da43b3401bdf672,"Keep-Alive:timeout=5, max=74
Server:Apache/2.4.25 (Debian)
Connection:Keep-Alive
Last-Modified:Mon, 11 May 2026 22:31:34 GMT
Pragma:no-cache
Date:Mon, 11 May 2026 22:31:34 GMT
Cache-Control:no-store, no-cache, must-revalidate, post-check=0, pre-check=0
Content-Encoding:gzip
Vary:Accept-Encoding
Expires:Wed, 17 Aug 2005 00:00:00 GMT
Content-Length:4827
X-Powered-By:PHP/7.1.29
Content-Type:text/html; charset=utf-8
",d8f73b5e6a76b6c2509cb2d9c9d9304a910ffb1c5998eeb1a2c6da17f400548e4ec9264b0dcc9e3a88100e63f1543670e07b16943e65e82988bb0da9e66dac9c,200
http://web/installation/index.php,POST,"Origin:http://web
Cookie:9d4bb4a09f511681369671a08beff228=e1cd05c0536e110d3896145117f19b57
Accept:application/json, text/javascript, */*; q=0.01
X-Requested-With:XMLHttpRequest
User-Agent:Mozilla/5.0 (X11; Linux x86_64) AppleWebKit/537.36 (KHTML, like Gecko) Chrome/85.0.4183.102 Safari/537.36
Referer:http://web/installation/index.php
Content-Type:application/x-www-form-urlencoded; charset=UTF-8
",967c6d10d8d5a71d04c383ab73ecf528beefb608d94a5b555bf1e9430644cdf24965cb909a44865df81da10c2cf9e3243a532a7bf7f46ab097a56247d780b9b0,"Keep-Alive:timeout=5, max=43
Server:Apache/2.4.25 (Debian)
Connection:Keep-Alive
Last-Modified:Mon, 11 May 2026 22:42:01 GMT
Pragma:no-cache
Date:Mon, 11 May 2026 22:42:01 GMT
Cache-Control:no-store, no-cache, must-revalidate, post-check=0, pre-check=0
Content-Encoding:gzip
Vary:Accept-Encoding
Expires:Wed, 17 Aug 2005 00:00:00 GMT
Content-Length:4826
X-Powered-By:PHP/7.1.29
Content-Type:text/html; charset=utf-8
",00b1fb058103f59e793ec271d3be350c8658e7ab4cc7177506ca8fbed65722ca1a367d443b186eae33ebf20ab09ce9eacdb13371104cffb05ba9b8fd333daf2e,200
http://web/,GET,"Cookie:9d4bb4a09f511681369671a08beff228=e1cd05c0536e110d3896145117f19b57
Accept:text/html,application/xhtml+xml,application/xml;q=0.9,image/avif,image/webp,image/apng,*/*;q=0.8,application/signed-exchange;v=b3;q=0.9
User-Agent:Mozilla/5.0 (X11; Linux x86_64) AppleWebKit/537.36 (KHTML, like Gecko) Chrome/85.0.4183.102 Safari/537.36
Upgrade-Insecure-Requests:1
",cf83e1357eefb8bdf1542850d66d8007d620e4050b5715dc83f4a921d36ce9ce47d0d13c5d85f2b0ff8318d2877eec2f63b931bd47417a81a538327af927da3e,"Keep-Alive:timeout=5, max=54
Server:Apache/2.4.25 (Debian)
Connection:Keep-Alive
Date:Mon, 11 May 2026 22:41:50 GMT
Content-Length:52
X-Powered-By:PHP/7.1.29
Location:installation/index.php
Content-Type:text/html; charset=UTF-8
",cf83e1357eefb8bdf1542850d66d8007d620e4050b5715dc83f4a921d36ce9ce47d0d13c5d85f2b0ff8318d2877eec2f63b931bd47417a81a538327af927da3e,302
http://web/,GET,"Cookie:9d4bb4a09f511681369671a08beff228=e1cd05c0536e110d3896145117f19b57
Accept:text/html,application/xhtml+xml,application/xml;q=0.9,image/avif,image/webp,image/apng,*/*;q=0.8,application/signed-exchange;v=b3;q=0.9
User-Agent:Mozilla/5.0 (X11; Linux x86_64) AppleWebKit/537.36 (KHTML, like Gecko) Chrome/85.0.4183.102 Safari/537.36
Upgrade-Insecure-Requests:1
",cf83e1357eefb8bdf1542850d66d8007d620e4050b5715dc83f4a921d36ce9ce47d0d13c5d85f2b0ff8318d2877eec2f63b931bd47417a81a538327af927da3e,"Keep-Alive:timeout=5, max=80
Server:Apache/2.4.25 (Debian)
Connection:Keep-Alive
Date:Mon, 11 May 2026 22:41:24 GMT
Content-Length:52
X-Powered-By:PHP/7.1.29
Location:installation/index.php
Content-Type:text/html; charset=UTF-8
",cf83e1357eefb8bdf1542850d66d8007d620e4050b5715dc83f4a921d36ce9ce47d0d13c5d85f2b0ff8318d2877eec2f63b931bd47417a81a538327af927da3e,302
http://web/installation/index.php,GET,"Cookie:9d4bb4a09f511681369671a08beff228=e1cd05c0536e110d3896145117f19b57
Accept:text/html,application/xhtml+xml,application/xml;q=0.9,image/avif,image/webp,image/apng,*/*;q=0.8,application/signed-exchange;v=b3;q=0.9
User-Agent:Mozilla/5.0 (X11; Linux x86_64) AppleWebKit/537.36 (KHTML, like Gecko) Chrome/85.0.4183.102 Safari/537.36
Upgrade-Insecure-Requests:1
",cf83e1357eefb8bdf1542850d66d8007d620e4050b5715dc83f4a921d36ce9ce47d0d13c5d85f2b0ff8318d2877eec2f63b931bd47417a81a538327af927da3e,"Keep-Alive:timeout=5, max=96
Server:Apache/2.4.25 (Debian)
Connection:Keep-Alive
Last-Modified:Mon, 11 May 2026 22:42:06 GMT
Pragma:no-cache
Date:Mon, 11 May 2026 22:42:06 GMT
Cache-Control:no-store, no-cache, must-revalidate, post-check=0, pre-check=0
Content-Encoding:gzip
Vary:Accept-Encoding
Expires:Wed, 17 Aug 2005 00:00:00 GMT
Content-Length:4829
X-Powered-By:PHP/7.1.29
Content-Type:text/html; charset=utf-8
",5bfb8819c7f7fd136cc1337928f35643c372cf69becc24d28933c63461b95c5e9cd6129d6f6b53d7a8845f6ca48b040c98082855e2e0f5aa129d7eeb844c8444,200
http://web/installation/index.php,GET,"Cookie:9d4bb4a09f511681369671a08beff228=e1cd05c0536e110d3896145117f19b57
Accept:text/html,application/xhtml+xml,application/xml;q=0.9,image/avif,image/webp,image/apng,*/*;q=0.8,application/signed-exchange;v=b3;q=0.9
User-Agent:Mozilla/5.0 (X11; Linux x86_64) AppleWebKit/537.36 (KHTML, like Gecko) Chrome/85.0.4183.102 Safari/537.36
Upgrade-Insecure-Requests:1
",cf83e1357eefb8bdf1542850d66d8007d620e4050b5715dc83f4a921d36ce9ce47d0d13c5d85f2b0ff8318d2877eec2f63b931bd47417a81a538327af927da3e,"Keep-Alive:timeout=5, max=41
Server:Apache/2.4.25 (Debian)
Connection:Keep-Alive
Last-Modified:Mon, 11 May 2026 22:42:02 GMT
Pragma:no-cache
Date:Mon, 11 May 2026 22:42:02 GMT
Cache-Control:no-store, no-cache, must-revalidate, post-check=0, pre-check=0
Content-Encoding:gzip
Vary:Accept-Encoding
Expires:Wed, 17 Aug 2005 00:00:00 GMT
Content-Length:4828
X-Powered-By:PHP/7.1.29
Content-Type:text/html; charset=utf-8
",53f9211ddffa59a684bbcac9481179f4f024344c065860ff4990e75d6f2d9580a7e8ca9253380d6bcda9cc306feafe262299a1faf6de161e96691efb46b2c866,200
http://web/installation/index.php,POST,"Origin:http://web
Cookie:9d4bb4a09f511681369671a08beff228=e1cd05c0536e110d3896145117f19b57
Accept:application/json, text/javascript, */*; q=0.01
X-Requested-With:XMLHttpRequest
User-Agent:Mozilla/5.0 (X11; Linux x86_64) AppleWebKit/537.36 (KHTML, like Gecko) Chrome/85.0.4183.102 Safari/537.36
Referer:http://web/installation/index.php
Content-Type:application/x-www-form-urlencoded; charset=UTF-8
",d1c7e4a510bb2a7f8fc0458314c83a77b4d2171f193fba052e0eab5ba94ac263ce8b0094c010f616cc60bfd090fb52d63455efdbda5bc5df2bec70d36f95a5ec,"Keep-Alive:timeout=5, max=79
Server:Apache/2.4.25 (Debian)
Connection:Keep-Alive
Last-Modified:Mon, 11 May 2026 22:14:48 GMT
Pragma:no-cache
Date:Mon, 11 May 2026 22:14:48 GMT
Cache-Control:no-store, no-cache, must-revalidate, post-check=0, pre-check=0
Content-Encoding:gzip
Vary:Accept-Encoding
Expires:Wed, 17 Aug 2005 00:00:00 GMT
Content-Length:4825
X-Powered-By:PHP/7.1.29
Content-Type:text/html; charset=utf-8
",45da76411e8736eaffdc7028534db05ab54415cf531a64b570ab0f71ce05e69d28214f5d7964409e816ae556fc32be548b325937367c85254b013d605e603592,200
http://web/installation/index.php,POST,"Origin:http://web
Cookie:9d4bb4a09f511681369671a08beff228=e1cd05c0536e110d3896145117f19b57
Accept:application/json, text/javascript, */*; q=0.01
X-Requested-With:XMLHttpRequest
User-Agent:Mozilla/5.0 (X11; Linux x86_64) AppleWebKit/537.36 (KHTML, like Gecko) Chrome/85.0.4183.102 Safari/537.36
Referer:http://web/installation/index.php
Content-Type:application/x-www-form-urlencoded; charset=UTF-8
",b1fbe0942e4f7614aad6d2d58fe8f3e444293a11dce002d49386086fed6c3af4b641afaa3f937dd4167c157b14f4dbd336c71a4059e18b8e0ef3b8a4c1104f60,"Keep-Alive:timeout=5, max=48
Server:Apache/2.4.25 (Debian)
Connection:Keep-Alive
Last-Modified:Mon, 11 May 2026 22:41:56 GMT
Pragma:no-cache
Date:Mon, 11 May 2026 22:41:56 GMT
Cache-Control:no-store, no-cache, must-revalidate, post-check=0, pre-check=0
Content-Encoding:gzip
Vary:Accept-Encoding
Expires:Wed, 17 Aug 2005 00:00:00 GMT
Content-Length:4827
X-Powered-By:PHP/7.1.29
Content-Type:text/html; charset=utf-8
",68e7e8ce6aa9131ccf76a465bc344bc45b28dd875100fc31a352d49903705e5da63c130040ed1bab42bdf1638c51a0295557cbf163f072338d1c671fd1304850,200
http://web/installation/index.php?tmpl=body&view=site,GET,"Cookie:9d4bb4a09f511681369671a08beff228=e1cd05c0536e110d3896145117f19b57
Accept:text/html, */*; q=0.01
X-Requested-With:XMLHttpRequest
User-Agent:Mozilla/5.0 (X11; Linux x86_64) AppleWebKit/537.36 (KHTML, like Gecko) Chrome/85.0.4183.102 Safari/537.36
Referer:http://web/installation/index.php
",cf83e1357eefb8bdf1542850d66d8007d620e4050b5715dc83f4a921d36ce9ce47d0d13c5d85f2b0ff8318d2877eec2f63b931bd47417a81a538327af927da3e,"Keep-Alive:timeout=5, max=64
Server:Apache/2.4.25 (Debian)
Connection:Keep-Alive
Last-Modified:Mon, 11 May 2026 22:15:02 GMT
Pragma:no-cache
Date:Mon, 11 May 2026 22:15:02 GMT
Cache-Control:no-store, no-cache, must-revalidate, post-check=0, pre-check=0
Content-Encoding:gzip
Vary:Accept-Encoding
Expires:Wed, 17 Aug 2005 00:00:00 GMT
Content-Length:3244
X-Powered-By:PHP/7.1.29
Content-Type:text/html; charset=utf-8
",603988e58accc5f0399531b1c7de744337b0d3932a449ce9a9092fa1d899be4db5c52340020d0e449f068f5361cfedb6c5b74e1537a66e6d5c601b0bce4126a6,200
http://web/media/jui/css/bootstrap-responsive.min.css?59f35d200ba4bc3985c6a416f91ef038,GET,"Cookie:9d4bb4a09f511681369671a08beff228=e1cd05c0536e110d3896145117f19b57
Accept:text/css,*/*;q=0.1
User-Agent:Mozilla/5.0 (X11; Linux x86_64) AppleWebKit/537.36 (KHTML, like Gecko) Chrome/85.0.4183.102 Safari/537.36
Referer:http://web/installation/index.php
",cf83e1357eefb8bdf1542850d66d8007d620e4050b5715dc83f4a921d36ce9ce47d0d13c5d85f2b0ff8318d2877eec2f63b931bd47417a81a538327af927da3e,"Server:Apache/2.4.25 (Debian)
Last-Modified:Mon, 06 May 2019 20:34:16 GMT
Date:Mon, 11 May 2026 22:31:04 GMT
Accept-Ranges:bytes
ETag:""4135-5883e06252200-gzip""
Content-Encoding:gzip
Vary:Accept-Encoding
Content-Length:3947
Content-Type:text/css
",25c42bb76fe0a571ae6412ba205f473b1dcab20add2358a16f74537bd4dbd4255f199961f3c5dae9ee07c9991df2413d9cb2e896361bc153e7988b1416753e11,200
http://web/installation/template/js/installation.js?72f2362f0d5d36c85ec842267bdd70d2,GET,"Cookie:9d4bb4a09f511681369671a08beff228=e1cd05c0536e110d3896145117f19b57
Accept:*/*
User-Agent:Mozilla/5.0 (X11; Linux x86_64) AppleWebKit/537.36 (KHTML, like Gecko) Chrome/85.0.4183.102 Safari/537.36
Referer:http://web/installation/index.php
",cf83e1357eefb8bdf1542850d66d8007d620e4050b5715dc83f4a921d36ce9ce47d0d13c5d85f2b0ff8318d2877eec2f63b931bd47417a81a538327af927da3e,"Keep-Alive:timeout=5, max=64
Server:Apache/2.4.25 (Debian)
Connection:Keep-Alive
Last-Modified:Mon, 06 May 2019 20:34:16 GMT
Date:Mon, 11 May 2026 22:35:59 GMT
Accept-Ranges:bytes
ETag:""3657-5883e06252200-gzip""
Content-Encoding:gzip
Vary:Accept-Encoding
Content-Length:3036
Content-Type:application/javascript
",4bc534ee97c6d297009b8af0972919d02462ed8e90fefa3ae21556611a7befc7d72f3c617d75edae8b76108a78e4f8797596067acce27ed916d5a41a871e6f87,200
http://web/media/system/js/core.js?28bdf9aa17138f961389d908dc5c3cbe,GET,"Cookie:9d4bb4a09f511681369671a08beff228=e1cd05c0536e110d3896145117f19b57
Accept:*/*
User-Agent:Mozilla/5.0 (X11; Linux x86_64) AppleWebKit/537.36 (KHTML, like Gecko) Chrome/85.0.4183.102 Safari/537.36
Referer:http://web/installation/index.php
",cf83e1357eefb8bdf1542850d66d8007d620e4050b5715dc83f4a921d36ce9ce47d0d13c5d85f2b0ff8318d2877eec2f63b931bd47417a81a538327af927da3e,"Keep-Alive:timeout=5, max=90
Server:Apache/2.4.25 (Debian)
Connection:Keep-Alive
Last-Modified:Mon, 06 May 2019 20:34:16 GMT
Date:Mon, 11 May 2026 22:41:07 GMT
Accept-Ranges:bytes
ETag:""2268-5883e06252200-gzip""
Content-Encoding:gzip
Vary:Accept-Encoding
Content-Length:3367
Content-Type:application/javascript
",44c15f0837480cf8997584be8c62f5198a53b4b8d0561158102e1489884f7bb7d8741062085acd46ca4451cbd3d0a9657366615789d457329b709eff24c1398d,200
http://web/installation/index.php,POST,"Origin:http://web
Cookie:9d4bb4a09f511681369671a08beff228=e1cd05c0536e110d3896145117f19b57
Accept:application/json, text/javascript, */*; q=0.01
X-Requested-With:XMLHttpRequest
User-Agent:Mozilla/5.0 (X11; Linux x86_64) AppleWebKit/537.36 (KHTML, like Gecko) Chrome/85.0.4183.102 Safari/537.36
Referer:http://web/installation/index.php
Content-Type:application/x-www-form-urlencoded; charset=UTF-8
",5cac03bb05aa35f4f9157b488fd04b8f16bf18d81512acf8cb26d9e9c864b8cc9f80b8e97d8950ea2214b8f463328cda45645e9e2dc4d5e0c3648e27bf67ecd9,"Keep-Alive:timeout=5, max=17
Server:Apache/2.4.25 (Debian)
Connection:Keep-Alive
Last-Modified:Mon, 11 May 2026 22:30:41 GMT
Pragma:no-cache
Date:Mon, 11 May 2026 22:30:41 GMT
Cache-Control:no-store, no-cache, must-revalidate, post-check=0, pre-check=0
Content-Encoding:gzip
Vary:Accept-Encoding
Expires:Wed, 17 Aug 2005 00:00:00 GMT
Content-Length:4829
X-Powered-By:PHP/7.1.29
Content-Type:text/html; charset=utf-8
",dad33e6f10180c35cf9cb3b2eff256f179005d235d8010c6cfc1eb1a30085cf134d0c20be0e3a41c69823dcaea4eba3b9577315be9f61dac0dd5e6e9ca40d6c6,200
http://web/installation/index.php,POST,"Origin:http://web
Cookie:9d4bb4a09f511681369671a08beff228=e1cd05c0536e110d3896145117f19b57
Accept:application/json, text/javascript, */*; q=0.01
X-Requested-With:XMLHttpRequest
User-Agent:Mozilla/5.0 (X11; Linux x86_64) AppleWebKit/537.36 (KHTML, like Gecko) Chrome/85.0.4183.102 Safari/537.36
Referer:http://web/installation/index.php
Content-Type:application/x-www-form-urlencoded; charset=UTF-8
",cacee38ba4c0f62f5398744f0551ab45c1f381f5ea1a647b0ddf762092fd30315259f77bfa739178cb7eead69effcf5b6a9b57f4170bb8c3a644399b52615831,"Keep-Alive:timeout=5, max=94
Server:Apache/2.4.25 (Debian)
Connection:Keep-Alive
Last-Modified:Mon, 11 May 2026 22:36:51 GMT
Pragma:no-cache
Date:Mon, 11 May 2026 22:36:51 GMT
Cache-Control:no-store, no-cache, must-revalidate, post-check=0, pre-check=0
Content-Encoding:gzip
Vary:Accept-Encoding
Expires:Wed, 17 Aug 2005 00:00:00 GMT
Content-Length:4827
X-Powered-By:PHP/7.1.29
Content-Type:text/html; charset=utf-8
",88e4487d5469e6a10c8843f97c7a92a4a9b96e9730a953d00ed586fa7c2001dc1e289b2becc91fffb07cd80c0d5f8d253d6548086a2ed09433ae0a155ef97e5c,200
http://web/media/jui/images/ajax-loader.gif,GET,"Cookie:9d4bb4a09f511681369671a08beff228=e1cd05c0536e110d3896145117f19b57
Accept:image/avif,image/webp,image/apng,image/*,*/*;q=0.8
User-Agent:Mozilla/5.0 (X11; Linux x86_64) AppleWebKit/537.36 (KHTML, like Gecko) Chrome/85.0.4183.102 Safari/537.36
Referer:http://web/installation/index.php
",cf83e1357eefb8bdf1542850d66d8007d620e4050b5715dc83f4a921d36ce9ce47d0d13c5d85f2b0ff8318d2877eec2f63b931bd47417a81a538327af927da3e,"Keep-Alive:timeout=5, max=89
Server:Apache/2.4.25 (Debian)
Connection:Keep-Alive
Last-Modified:Mon, 06 May 2019 20:34:16 GMT
Date:Mon, 11 May 2026 22:14:27 GMT
Accept-Ranges:bytes
ETag:""26cd-5883e06252200""
Content-Length:9933
Content-Type:image/gif
",30f5d889918467fc4415c1b8d62ed1141de045be3a429d9b1e596e416d0a8f0f0923c8be765d877bdf91fd3b75c4538a777f309dbd5025e968a3c40fb131e114,200
http://web/installation/index.php,GET,"Cookie:9d4bb4a09f511681369671a08beff228=e1cd05c0536e110d3896145117f19b57
Accept:text/html,application/xhtml+xml,application/xml;q=0.9,image/avif,image/webp,image/apng,*/*;q=0.8,application/signed-exchange;v=b3;q=0.9
User-Agent:Mozilla/5.0 (X11; Linux x86_64) AppleWebKit/537.36 (KHTML, like Gecko) Chrome/85.0.4183.102 Safari/537.36
Upgrade-Insecure-Requests:1
",cf83e1357eefb8bdf1542850d66d8007d620e4050b5715dc83f4a921d36ce9ce47d0d13c5d85f2b0ff8318d2877eec2f63b931bd47417a81a538327af927da3e,"Keep-Alive:timeout=5, max=99
Server:Apache/2.4.25 (Debian)
Connection:Keep-Alive
Last-Modified:Mon, 11 May 2026 22:30:55 GMT
Pragma:no-cache
Date:Mon, 11 May 2026 22:30:54 GMT
Cache-Control:no-store, no-cache, must-revalidate, post-check=0, pre-check=0
Content-Encoding:gzip
Vary:Accept-Encoding
Expires:Wed, 17 Aug 2005 00:00:00 GMT
Content-Length:4830
X-Powered-By:PHP/7.1.29
Content-Type:text/html; charset=utf-8
",172190c48ad0e05b9230995177af0cb404f10ee34ad8235e8e829eeb67436e6fc1492a03760268f626807b2e3e53c409e24c5e6392958bdf2692ed66cdab727d,200
http://web/installation/index.php,POST,"Origin:http://web
Cookie:9d4bb4a09f511681369671a08beff228=e1cd05c0536e110d3896145117f19b57
Accept:application/json, text/javascript, */*; q=0.01
X-Requested-With:XMLHttpRequest
User-Agent:Mozilla/5.0 (X11; Linux x86_64) AppleWebKit/537.36 (KHTML, like Gecko) Chrome/85.0.4183.102 Safari/537.36
Referer:http://web/installation/index.php
Content-Type:application/x-www-form-urlencoded; charset=UTF-8
",7adf30a192040d1bd46a90909bf743565111b5381f536c05bb8dbfe557148c451c2c084154eefb19b98cc68f5b2508a3f8f2d35e316e2045e18a74ea5e2699ba,"Keep-Alive:timeout=5, max=75
Server:Apache/2.4.25 (Debian)
Connection:Keep-Alive
Last-Modified:Mon, 11 May 2026 22:31:33 GMT
Pragma:no-cache
Date:Mon, 11 May 2026 22:31:33 GMT
Cache-Control:no-store, no-cache, must-revalidate, post-check=0, pre-check=0
Content-Encoding:gzip
Vary:Accept-Encoding
Expires:Wed, 17 Aug 2005 00:00:00 GMT
Content-Length:4828
X-Powered-By:PHP/7.1.29
Content-Type:text/html; charset=utf-8
",778134aed315031ed71f5dde7e1ffb5fa8d33479e3c0fe02b27e0c06d81b3a743c5235b7415a016bceaa3f46036b246ab3cd9c9a7345b25522da8049c2bffaf4,200
http://web/installation/index.php,POST,"Origin:http://web
Cookie:9d4bb4a09f511681369671a08beff228=e1cd05c0536e110d3896145117f19b57
Accept:application/json, text/javascript, */*; q=0.01
X-Requested-With:XMLHttpRequest
User-Agent:Mozilla/5.0 (X11; Linux x86_64) AppleWebKit/537.36 (KHTML, like Gecko) Chrome/85.0.4183.102 Safari/537.36
Referer:http://web/installation/index.php
Content-Type:application/x-www-form-urlencoded; charset=UTF-8
",c6a97cf252178198b2d83cf25fa7381c2a579eb82a695ee2ca8d0e1037fbbd75a2c77e60c5cc3442151be575fcefc9c4aafe39687b639fcc3cb7fb9b91d11604,"Keep-Alive:timeout=5, max=97
Server:Apache/2.4.25 (Debian)
Connection:Keep-Alive
Last-Modified:Mon, 11 May 2026 22:30:57 GMT
Pragma:no-cache
Date:Mon, 11 May 2026 22:30:57 GMT
Cache-Control:no-store, no-cache, must-revalidate, post-check=0, pre-check=0
Content-Encoding:gzip
Vary:Accept-Encoding
Expires:Wed, 17 Aug 2005 00:00:00 GMT
Content-Length:4828
X-Powered-By:PHP/7.1.29
Content-Type:text/html; charset=utf-8
",66d5d5bd20f1c66a74ef03ab6d410f4fdb65f21375134b7b5bb524644b47ea61674dd7b9f698e8e715aed9e635cb681dc221ef046bb471d051854f6eb0c7248b,200
http://web/,GET,"Cookie:9d4bb4a09f511681369671a08beff228=e1cd05c0536e110d3896145117f19b57
Accept:text/html,application/xhtml+xml,application/xml;q=0.9,image/avif,image/webp,image/apng,*/*;q=0.8,application/signed-exchange;v=b3;q=0.9
User-Agent:Mozilla/5.0 (X11; Linux x86_64) AppleWebKit/537.36 (KHTML, like Gecko) Chrome/85.0.4183.102 Safari/537.36
Upgrade-Insecure-Requests:1
",cf83e1357eefb8bdf1542850d66d8007d620e4050b5715dc83f4a921d36ce9ce47d0d13c5d85f2b0ff8318d2877eec2f63b931bd47417a81a538327af927da3e,"Keep-Alive:timeout=5, max=54
Server:Apache/2.4.25 (Debian)
Connection:Keep-Alive
Date:Mon, 11 May 2026 22:15:07 GMT
Content-Length:52
X-Powered-By:PHP/7.1.29
Location:installation/index.php
Content-Type:text/html; charset=UTF-8
",cf83e1357eefb8bdf1542850d66d8007d620e4050b5715dc83f4a921d36ce9ce47d0d13c5d85f2b0ff8318d2877eec2f63b931bd47417a81a538327af927da3e,302
http://web/media/jui/js/jquery.min.js?28bdf9aa17138f961389d908dc5c3cbe,GET,"Cookie:9d4bb4a09f511681369671a08beff228=e1cd05c0536e110d3896145117f19b57
Accept:*/*
User-Agent:Mozilla/5.0 (X11; Linux x86_64) AppleWebKit/537.36 (KHTML, like Gecko) Chrome/85.0.4183.102 Safari/537.36
Referer:http://web/installation/index.php
",cf83e1357eefb8bdf1542850d66d8007d620e4050b5715dc83f4a921d36ce9ce47d0d13c5d85f2b0ff8318d2877eec2f63b931bd47417a81a538327af927da3e,"Keep-Alive:timeout=5, max=99
Server:Apache/2.4.25 (Debian)
Connection:Keep-Alive
Last-Modified:Mon, 06 May 2019 20:34:16 GMT
Date:Mon, 11 May 2026 22:41:07 GMT
Accept-Ranges:bytes
ETag:""1795e-5883e06252200-gzip""
Content-Encoding:gzip
Vary:Accept-Encoding
Content-Length:33659
Content-Type:application/javascript
",c504c83f430ae03000216d7b189b9d0e72f67fcb66c4434837b566fa9eea722607a1b18241f277385ff4a116dfd03c467279def6993805e5e823ed54b7a48fcf,200
http://web/media/system/js/validate.js?bb6ce90dbb74fabedd2d70ffa4d390e3,GET,"Cookie:9d4bb4a09f511681369671a08beff228=e1cd05c0536e110d3896145117f19b57
Accept:*/*
User-Agent:Mozilla/5.0 (X11; Linux x86_64) AppleWebKit/537.36 (KHTML, like Gecko) Chrome/85.0.4183.102 Safari/537.36
Referer:http://web/installation/index.php
",cf83e1357eefb8bdf1542850d66d8007d620e4050b5715dc83f4a921d36ce9ce47d0d13c5d85f2b0ff8318d2877eec2f63b931bd47417a81a538327af927da3e,"Keep-Alive:timeout=5, max=57
Server:Apache/2.4.25 (Debian)
Connection:Keep-Alive
Last-Modified:Mon, 06 May 2019 20:34:16 GMT
Date:Mon, 11 May 2026 22:36:10 GMT
Accept-Ranges:bytes
ETag:""c2e-5883e06252200-gzip""
Content-Encoding:gzip
Vary:Accept-Encoding
Content-Length:1369
Content-Type:application/javascript
",ad1cd5392f1a34be74ef5c102d2dc356123b89fe8610d9bcc1946f3906374b604b9d9947dbe732a69833a64f3707a4381b85b2f0d8ab6261aa50795ca836baf6,200
http://web/installation/index.php,POST,"Origin:http://web
Cookie:9d4bb4a09f511681369671a08beff228=e1cd05c0536e110d3896145117f19b57
Accept:application/json, text/javascript, */*; q=0.01
X-Requested-With:XMLHttpRequest
User-Agent:Mozilla/5.0 (X11; Linux x86_64) AppleWebKit/537.36 (KHTML, like Gecko) Chrome/85.0.4183.102 Safari/537.36
Referer:http://web/installation/index.php
Content-Type:application/x-www-form-urlencoded; charset=UTF-8
",b1fbe0942e4f7614aad6d2d58fe8f3e444293a11dce002d49386086fed6c3af4b641afaa3f937dd4167c157b14f4dbd336c71a4059e18b8e0ef3b8a4c1104f60,"Keep-Alive:timeout=5, max=65
Server:Apache/2.4.25 (Debian)
Connection:Keep-Alive
Last-Modified:Mon, 11 May 2026 22:41:41 GMT
Pragma:no-cache
Date:Mon, 11 May 2026 22:41:40 GMT
Cache-Control:no-store, no-cache, must-revalidate, post-check=0, pre-check=0
Content-Encoding:gzip
Vary:Accept-Encoding
Expires:Wed, 17 Aug 2005 00:00:00 GMT
Content-Length:4827
X-Powered-By:PHP/7.1.29
Content-Type:text/html; charset=utf-8
",724d539ca2e97c4bbe52c97c90dd9aa3e5eaf52774279b9a61f3a191224e28e1951ec24a7f82e047378511f611005958fa3486b0babb5ec7febb05e788958c49,200
http://web/media/jui/css/bootstrap-extended.css?68be82d891257286afd40aa6194cd899,GET,"Cookie:9d4bb4a09f511681369671a08beff228=e1cd05c0536e110d3896145117f19b57
Accept:text/css,*/*;q=0.1
User-Agent:Mozilla/5.0 (X11; Linux x86_64) AppleWebKit/537.36 (KHTML, like Gecko) Chrome/85.0.4183.102 Safari/537.36
Referer:http://web/installation/index.php
",cf83e1357eefb8bdf1542850d66d8007d620e4050b5715dc83f4a921d36ce9ce47d0d13c5d85f2b0ff8318d2877eec2f63b931bd47417a81a538327af927da3e,"Server:Apache/2.4.25 (Debian)
Last-Modified:Mon, 06 May 2019 20:34:16 GMT
Date:Mon, 11 May 2026 22:42:02 GMT
Accept-Ranges:bytes
ETag:""2386-5883e06252200-gzip""
Content-Encoding:gzip
Vary:Accept-Encoding
Content-Length:2217
Content-Type:text/css
",f9172062f164f5d88a28d10b09e77fa1e668489523273ee187185bf6e2a73a2fbd3cdc9665ada844856099b9490c4a61835555c96934888d1eb9a9620f36a38c,200
http://web/media/jui/js/chosen.jquery.min.js?59f35d200ba4bc3985c6a416f91ef038,GET,"Cookie:9d4bb4a09f511681369671a08beff228=e1cd05c0536e110d3896145117f19b57
Accept:*/*
User-Agent:Mozilla/5.0 (X11; Linux x86_64) AppleWebKit/537.36 (KHTML, like Gecko) Chrome/85.0.4183.102 Safari/537.36
Referer:http://web/installation/index.php
",cf83e1357eefb8bdf1542850d66d8007d620e4050b5715dc83f4a921d36ce9ce47d0d13c5d85f2b0ff8318d2877eec2f63b931bd47417a81a538327af927da3e,"Keep-Alive:timeout=5, max=85
Server:Apache/2.4.25 (Debian)
Connection:Keep-Alive
Last-Modified:Mon, 06 May 2019 20:34:16 GMT
Date:Mon, 11 May 2026 22:31:05 GMT
Accept-Ranges:bytes
ETag:""84da-5883e06252200-gzip""
Content-Encoding:gzip
Vary:Accept-Encoding
Content-Length:7609
Content-Type:application/javascript
",afa89c11ab018fc3cf1bbb2cf72b4467f4987428e5cb5f65a32d55353763db6fdcb998daa56335b556310b7460617a460d6c6f062bd1919129311245cfe79803,200
http://web/media/jui/css/bootstrap-extended.css?bb6ce90dbb74fabedd2d70ffa4d390e3,GET,"Cookie:9d4bb4a09f511681369671a08beff228=e1cd05c0536e110d3896145117f19b57
Accept:text/css,*/*;q=0.1
User-Agent:Mozilla/5.0 (X11; Linux x86_64) AppleWebKit/537.36 (KHTML, like Gecko) Chrome/85.0.4183.102 Safari/537.36
Referer:http://web/installation/index.php
",cf83e1357eefb8bdf1542850d66d8007d620e4050b5715dc83f4a921d36ce9ce47d0d13c5d85f2b0ff8318d2877eec2f63b931bd47417a81a538327af927da3e,"Server:Apache/2.4.25 (Debian)
Last-Modified:Mon, 06 May 2019 20:34:16 GMT
Date:Mon, 11 May 2026 22:36:10 GMT
Accept-Ranges:bytes
ETag:""2386-5883e06252200-gzip""
Content-Encoding:gzip
Vary:Accept-Encoding
Content-Length:2217
Content-Type:text/css
",f9172062f164f5d88a28d10b09e77fa1e668489523273ee187185bf6e2a73a2fbd3cdc9665ada844856099b9490c4a61835555c96934888d1eb9a9620f36a38c,200
http://web/installation/index.php?tmpl=body&view=site,GET,"Cookie:9d4bb4a09f511681369671a08beff228=e1cd05c0536e110d3896145117f19b57
Accept:text/html, */*; q=0.01
X-Requested-With:XMLHttpRequest
User-Agent:Mozilla/5.0 (X11; Linux x86_64) AppleWebKit/537.36 (KHTML, like Gecko) Chrome/85.0.4183.102 Safari/537.36
Referer:http://web/installation/index.php
",cf83e1357eefb8bdf1542850d66d8007d620e4050b5715dc83f4a921d36ce9ce47d0d13c5d85f2b0ff8318d2877eec2f63b931bd47417a81a538327af927da3e,"Keep-Alive:timeout=5, max=3
Server:Apache/2.4.25 (Debian)
Connection:Keep-Alive
Last-Modified:Mon, 11 May 2026 22:30:49 GMT
Pragma:no-cache
Date:Mon, 11 May 2026 22:30:49 GMT
Cache-Control:no-store, no-cache, must-revalidate, post-check=0, pre-check=0
Content-Encoding:gzip
Vary:Accept-Encoding
Expires:Wed, 17 Aug 2005 00:00:00 GMT
Content-Length:3246
X-Powered-By:PHP/7.1.29
Content-Type:text/html; charset=utf-8
",1e89ad8348d997a4c26505e2f045abae3ab3a416a7deb2e8de082c0149151f8da1b705c589b2c16ac2aa99d60b5be9005ad961f86e30b0a36fe049596a432999,200
http://web/,GET,"Cookie:9d4bb4a09f511681369671a08beff228=e1cd05c0536e110d3896145117f19b57
Accept:text/html,application/xhtml+xml,application/xml;q=0.9,image/avif,image/webp,image/apng,*/*;q=0.8,application/signed-exchange;v=b3;q=0.9
User-Agent:Mozilla/5.0 (X11; Linux x86_64) AppleWebKit/537.36 (KHTML, like Gecko) Chrome/85.0.4183.102 Safari/537.36
Upgrade-Insecure-Requests:1
",cf83e1357eefb8bdf1542850d66d8007d620e4050b5715dc83f4a921d36ce9ce47d0d13c5d85f2b0ff8318d2877eec2f63b931bd47417a81a538327af927da3e,"Keep-Alive:timeout=5, max=95
Server:Apache/2.4.25 (Debian)
Connection:Keep-Alive
Date:Mon, 11 May 2026 22:30:59 GMT
Content-Length:52
X-Powered-By:PHP/7.1.29
Location:installation/index.php
Content-Type:text/html; charset=UTF-8
",cf83e1357eefb8bdf1542850d66d8007d620e4050b5715dc83f4a921d36ce9ce47d0d13c5d85f2b0ff8318d2877eec2f63b931bd47417a81a538327af927da3e,302
http://web/media/system/js/keepalive.js?bfa15b87d418dce64311672b084cf71b,GET,"Cookie:9d4bb4a09f511681369671a08beff228=e1cd05c0536e110d3896145117f19b57
Accept:*/*
User-Agent:Mozilla/5.0 (X11; Linux x86_64) AppleWebKit/537.36 (KHTML, like Gecko) Chrome/85.0.4183.102 Safari/537.36
Referer:http://web/installation/index.php
",cf83e1357eefb8bdf1542850d66d8007d620e4050b5715dc83f4a921d36ce9ce47d0d13c5d85f2b0ff8318d2877eec2f63b931bd47417a81a538327af927da3e,"Keep-Alive:timeout=5, max=99
Server:Apache/2.4.25 (Debian)
Connection:Keep-Alive
Last-Modified:Mon, 06 May 2019 20:34:16 GMT
Date:Mon, 11 May 2026 22:30:44 GMT
Accept-Ranges:bytes
ETag:""1ce-5883e06252200-gzip""
Content-Encoding:gzip
Vary:Accept-Encoding
Content-Length:306
Content-Type:application/javascript
",ec603e5bf179c66d60c1eb1077830c852ddc19a39eb6b3e5e2496abbb2af154c0179c65055b850afbb40c8702ced682e796a1fc99c9d0e7fab97f0a11d9281c1,200
http://web/installation/index.php,POST,"Origin:http://web
Cookie:9d4bb4a09f511681369671a08beff228=e1cd05c0536e110d3896145117f19b57
Accept:application/json, text/javascript, */*; q=0.01
X-Requested-With:XMLHttpRequest
User-Agent:Mozilla/5.0 (X11; Linux x86_64) AppleWebKit/537.36 (KHTML, like Gecko) Chrome/85.0.4183.102 Safari/537.36
Referer:http://web/installation/index.php
Content-Type:application/x-www-form-urlencoded; charset=UTF-8
",8a24db1c073e5521cd60a87e53676708533d0880f56ccdce0f847287fdf5bbfbcd39cee8a1c4dda3e5d9f6fbf464706a1abbbb38210b574ffee7ae534c12b095,"Keep-Alive:timeout=5, max=96
Server:Apache/2.4.25 (Debian)
Connection:Keep-Alive
Last-Modified:Mon, 11 May 2026 22:36:49 GMT
Pragma:no-cache
Date:Mon, 11 May 2026 22:36:49 GMT
Cache-Control:no-store, no-cache, must-revalidate, post-check=0, pre-check=0
Content-Encoding:gzip
Vary:Accept-Encoding
Expires:Wed, 17 Aug 2005 00:00:00 GMT
Content-Length:4827
X-Powered-By:PHP/7.1.29
Content-Type:text/html; charset=utf-8
",d9024fab468d5e988cdbab80c5d87010b0a5e8fe1326e4957f49f4538ff6a9b074a037d725a0d8d4e841dbc2c05ac1e3b73520fa39d17af961e85f57e04373e0,200
http://web/,GET,"Cookie:9d4bb4a09f511681369671a08beff228=e1cd05c0536e110d3896145117f19b57
Accept:text/html,application/xhtml+xml,application/xml;q=0.9,image/avif,image/webp,image/apng,*/*;q=0.8,application/signed-exchange;v=b3;q=0.9
User-Agent:Mozilla/5.0 (X11; Linux x86_64) AppleWebKit/537.36 (KHTML, like Gecko) Chrome/85.0.4183.102 Safari/537.36
Upgrade-Insecure-Requests:1
",cf83e1357eefb8bdf1542850d66d8007d620e4050b5715dc83f4a921d36ce9ce47d0d13c5d85f2b0ff8318d2877eec2f63b931bd47417a81a538327af927da3e,"Keep-Alive:timeout=5, max=50
Server:Apache/2.4.25 (Debian)
Connection:Keep-Alive
Date:Mon, 11 May 2026 22:41:54 GMT
Content-Length:52
X-Powered-By:PHP/7.1.29
Location:installation/index.php
Content-Type:text/html; charset=UTF-8
",cf83e1357eefb8bdf1542850d66d8007d620e4050b5715dc83f4a921d36ce9ce47d0d13c5d85f2b0ff8318d2877eec2f63b931bd47417a81a538327af927da3e,302
http://web/installation/index.php?tmpl=body&view=site,GET,"Cookie:9d4bb4a09f511681369671a08beff228=e1cd05c0536e110d3896145117f19b57
Accept:text/html, */*; q=0.01
X-Requested-With:XMLHttpRequest
User-Agent:Mozilla/5.0 (X11; Linux x86_64) AppleWebKit/537.36 (KHTML, like Gecko) Chrome/85.0.4183.102 Safari/537.36
Referer:http://web/installation/index.php
",cf83e1357eefb8bdf1542850d66d8007d620e4050b5715dc83f4a921d36ce9ce47d0d13c5d85f2b0ff8318d2877eec2f63b931bd47417a81a538327af927da3e,"Keep-Alive:timeout=5, max=100
Server:Apache/2.4.25 (Debian)
Connection:Keep-Alive
Last-Modified:Mon, 11 May 2026 22:14:27 GMT
Pragma:no-cache
Date:Mon, 11 May 2026 22:14:27 GMT
Cache-Control:no-store, no-cache, must-revalidate, post-check=0, pre-check=0
Content-Encoding:gzip
Vary:Accept-Encoding
Expires:Wed, 17 Aug 2005 00:00:00 GMT
Content-Length:3247
X-Powered-By:PHP/7.1.29
Content-Type:text/html; charset=utf-8
",6e23a1edfe0063f78e8f6ac882f0edc7efaae53a58b792cdf022153f34a2ef9a34ba37d0de40798fddf7098afdad46cadfb3fc745aff7a114f7b7717fccab760,200
http://web/installation/index.php,POST,"Origin:http://web
Cookie:9d4bb4a09f511681369671a08beff228=e1cd05c0536e110d3896145117f19b57
Accept:application/json, text/javascript, */*; q=0.01
X-Requested-With:XMLHttpRequest
User-Agent:Mozilla/5.0 (X11; Linux x86_64) AppleWebKit/537.36 (KHTML, like Gecko) Chrome/85.0.4183.102 Safari/537.36
Referer:http://web/installation/index.php
Content-Type:application/x-www-form-urlencoded; charset=UTF-8
",7bc4bd4c6d6448e999e43594935a347ed99aebfb218e0a14345a79e6b28290193af55795d00baf83c046c2b88ba86ca137eb18b86dda49fe19093760e437fbad,"Keep-Alive:timeout=5, max=79
Server:Apache/2.4.25 (Debian)
Connection:Keep-Alive
Last-Modified:Mon, 11 May 2026 22:31:27 GMT
Pragma:no-cache
Date:Mon, 11 May 2026 22:31:27 GMT
Cache-Control:no-store, no-cache, must-revalidate, post-check=0, pre-check=0
Content-Encoding:gzip
Vary:Accept-Encoding
Expires:Wed, 17 Aug 2005 00:00:00 GMT
Content-Length:4829
X-Powered-By:PHP/7.1.29
Content-Type:text/html; charset=utf-8
",80d179ace86a6c4ab6720354c17ec446c91c54ef47c7f1f0219233384d018538c3ceed073898567c9e17a75d491bbd1d3b979d37fc1843ba16914203a4232669,200
http://web/installation/template/css/template.css?28bdf9aa17138f961389d908dc5c3cbe,GET,"Cookie:9d4bb4a09f511681369671a08beff228=e1cd05c0536e110d3896145117f19b57
Accept:text/css,*/*;q=0.1
User-Agent:Mozilla/5.0 (X11; Linux x86_64) AppleWebKit/537.36 (KHTML, like Gecko) Chrome/85.0.4183.102 Safari/537.36
Referer:http://web/installation/index.php
",cf83e1357eefb8bdf1542850d66d8007d620e4050b5715dc83f4a921d36ce9ce47d0d13c5d85f2b0ff8318d2877eec2f63b931bd47417a81a538327af927da3e,"Server:Apache/2.4.25 (Debian)
Last-Modified:Mon, 06 May 2019 20:34:16 GMT
Date:Mon, 11 May 2026 22:41:07 GMT
Accept-Ranges:bytes
ETag:""15f2-5883e06252200-gzip""
Content-Encoding:gzip
Vary:Accept-Encoding
Content-Length:1722
Content-Type:text/css
",1519c822f513baa110c731fd3babe0719c1d75cc57a4cae4acc38075f1af3f9f842ba5979d24735049971fa6fb3022dfa1ebbdd3c7861111f4506ba3517cf77e,200
http://web/installation/index.php,POST,"Origin:http://web
Cookie:9d4bb4a09f511681369671a08beff228=e1cd05c0536e110d3896145117f19b57
Accept:application/json, text/javascript, */*; q=0.01
X-Requested-With:XMLHttpRequest
User-Agent:Mozilla/5.0 (X11; Linux x86_64) AppleWebKit/537.36 (KHTML, like Gecko) Chrome/85.0.4183.102 Safari/537.36
Referer:http://web/installation/index.php
Content-Type:application/x-www-form-urlencoded; charset=UTF-8
",4e24cdcd9e4b9d0d9448ab0a11f5bca70ae80be2d8904296730237e67c371a59d272b3d66f9b65814e4fa624f93492e42a313b6fe1ad9c541928fafe9af9077a,"Keep-Alive:timeout=5, max=87
Server:Apache/2.4.25 (Debian)
Connection:Keep-Alive
Last-Modified:Mon, 11 May 2026 22:41:18 GMT
Pragma:no-cache
Date:Mon, 11 May 2026 22:41:18 GMT
Cache-Control:no-store, no-cache, must-revalidate, post-check=0, pre-check=0
Content-Encoding:gzip
Vary:Accept-Encoding
Expires:Wed, 17 Aug 2005 00:00:00 GMT
Content-Length:4825
X-Powered-By:PHP/7.1.29
Content-Type:text/html; charset=utf-8
",2aa7ff4a5abf10d55e626d58443f1c29ee3cd4e7fd05f5930e8659c404b32c7ec8a1a0e193b873db12e9ef112b7e4273e75bf457bb6232987b0091d83296fdea,200
http://web/installation/template/js/installation.js?bfa15b87d418dce64311672b084cf71b,GET,"Cookie:9d4bb4a09f511681369671a08beff228=e1cd05c0536e110d3896145117f19b57
Accept:*/*
User-Agent:Mozilla/5.0 (X11; Linux x86_64) AppleWebKit/537.36 (KHTML, like Gecko) Chrome/85.0.4183.102 Safari/537.36
Referer:http://web/installation/index.php
",cf83e1357eefb8bdf1542850d66d8007d620e4050b5715dc83f4a921d36ce9ce47d0d13c5d85f2b0ff8318d2877eec2f63b931bd47417a81a538327af927da3e,"Keep-Alive:timeout=5, max=97
Server:Apache/2.4.25 (Debian)
Connection:Keep-Alive
Last-Modified:Mon, 06 May 2019 20:34:16 GMT
Date:Mon, 11 May 2026 22:30:44 GMT
Accept-Ranges:bytes
ETag:""3657-5883e06252200-gzip""
Content-Encoding:gzip
Vary:Accept-Encoding
Content-Length:3036
Content-Type:application/javascript
",4bc534ee97c6d297009b8af0972919d02462ed8e90fefa3ae21556611a7befc7d72f3c617d75edae8b76108a78e4f8797596067acce27ed916d5a41a871e6f87,200
http://web/media/jui/js/jquery.min.js?bb6ce90dbb74fabedd2d70ffa4d390e3,GET,"Cookie:9d4bb4a09f511681369671a08beff228=e1cd05c0536e110d3896145117f19b57
Accept:*/*
User-Agent:Mozilla/5.0 (X11; Linux x86_64) AppleWebKit/537.36 (KHTML, like Gecko) Chrome/85.0.4183.102 Safari/537.36
Referer:http://web/installation/index.php
",cf83e1357eefb8bdf1542850d66d8007d620e4050b5715dc83f4a921d36ce9ce47d0d13c5d85f2b0ff8318d2877eec2f63b931bd47417a81a538327af927da3e,"Keep-Alive:timeout=5, max=100
Server:Apache/2.4.25 (Debian)
Connection:Keep-Alive
Last-Modified:Mon, 06 May 2019 20:34:16 GMT
Date:Mon, 11 May 2026 22:36:10 GMT
Accept-Ranges:bytes
ETag:""1795e-5883e06252200-gzip""
Content-Encoding:gzip
Vary:Accept-Encoding
Content-Length:33659
Content-Type:application/javascript
",c504c83f430ae03000216d7b189b9d0e72f67fcb66c4434837b566fa9eea722607a1b18241f277385ff4a116dfd03c467279def6993805e5e823ed54b7a48fcf,200
http://web/installation/index.php,GET,"Cookie:9d4bb4a09f511681369671a08beff228=e1cd05c0536e110d3896145117f19b57
Accept:text/html,application/xhtml+xml,application/xml;q=0.9,image/avif,image/webp,image/apng,*/*;q=0.8,application/signed-exchange;v=b3;q=0.9
User-Agent:Mozilla/5.0 (X11; Linux x86_64) AppleWebKit/537.36 (KHTML, like Gecko) Chrome/85.0.4183.102 Safari/537.36
Upgrade-Insecure-Requests:1
",cf83e1357eefb8bdf1542850d66d8007d620e4050b5715dc83f4a921d36ce9ce47d0d13c5d85f2b0ff8318d2877eec2f63b931bd47417a81a538327af927da3e,"Keep-Alive:timeout=5, max=53
Server:Apache/2.4.25 (Debian)
Connection:Keep-Alive
Last-Modified:Mon, 11 May 2026 22:41:50 GMT
Pragma:no-cache
Date:Mon, 11 May 2026 22:41:50 GMT
Cache-Control:no-store, no-cache, must-revalidate, post-check=0, pre-check=0
Content-Encoding:gzip
Vary:Accept-Encoding
Expires:Wed, 17 Aug 2005 00:00:00 GMT
Content-Length:4827
X-Powered-By:PHP/7.1.29
Content-Type:text/html; charset=utf-8
",7cb6cb6c2754e23028ba59589edb03ce9e32c1b9ae16c1d99db7e5243a0b781dd470abdcba67805d1ebc8cd1b0d950a0ba2e0a7cc244f82c3ed6addc6dc2fd45,200
http://web/installation/index.php,GET,"Cookie:9d4bb4a09f511681369671a08beff228=e1cd05c0536e110d3896145117f19b57
Accept:text/html,application/xhtml+xml,application/xml;q=0.9,image/avif,image/webp,image/apng,*/*;q=0.8,application/signed-exchange;v=b3;q=0.9
User-Agent:Mozilla/5.0 (X11; Linux x86_64) AppleWebKit/537.36 (KHTML, like Gecko) Chrome/85.0.4183.102 Safari/537.36
Upgrade-Insecure-Requests:1
",cf83e1357eefb8bdf1542850d66d8007d620e4050b5715dc83f4a921d36ce9ce47d0d13c5d85f2b0ff8318d2877eec2f63b931bd47417a81a538327af927da3e,"Keep-Alive:timeout=5, max=83
Server:Apache/2.4.25 (Debian)
Connection:Keep-Alive
Last-Modified:Mon, 11 May 2026 22:31:21 GMT
Pragma:no-cache
Date:Mon, 11 May 2026 22:31:21 GMT
Cache-Control:no-store, no-cache, must-revalidate, post-check=0, pre-check=0
Content-Encoding:gzip
Vary:Accept-Encoding
Expires:Wed, 17 Aug 2005 00:00:00 GMT
Content-Length:4829
X-Powered-By:PHP/7.1.29
Content-Type:text/html; charset=utf-8
",6c5a8f106a0ece05619a172dfa7ac346c11ff4c1e7084299ac127d19432159b8fe9e537bf0beda93c518e2ec5b2ef967305e8deedba396eef15010e656257741,200
http://web/installation/index.php,POST,"Origin:http://web
Cookie:9d4bb4a09f511681369671a08beff228=e1cd05c0536e110d3896145117f19b57
Accept:application/json, text/javascript, */*; q=0.01
X-Requested-With:XMLHttpRequest
User-Agent:Mozilla/5.0 (X11; Linux x86_64) AppleWebKit/537.36 (KHTML, like Gecko) Chrome/85.0.4183.102 Safari/537.36
Referer:http://web/installation/index.php
Content-Type:application/x-www-form-urlencoded; charset=UTF-8
",6888858303e489736e3a6b0f08ca4a948d22f35a2d1c9e02dce9227daa74054c84d2013d4b230d6e9f98a95e162d2c3ca3034ac23677e6653c66b5a1e4b1bafe,"Keep-Alive:timeout=5, max=52
Server:Apache/2.4.25 (Debian)
Connection:Keep-Alive
Last-Modified:Mon, 11 May 2026 22:41:52 GMT
Pragma:no-cache
Date:Mon, 11 May 2026 22:41:52 GMT
Cache-Control:no-store, no-cache, must-revalidate, post-check=0, pre-check=0
Content-Encoding:gzip
Vary:Accept-Encoding
Expires:Wed, 17 Aug 2005 00:00:00 GMT
Content-Length:4827
X-Powered-By:PHP/7.1.29
Content-Type:text/html; charset=utf-8
",063cc25858e6f550ae973bba75480cb17c38fbd8d886c7d584bde8e909859178e7e6c475420bd8fb9e1cb2bbcccc4eb84046e4d9705abaf335a796886bd41024,200
http://web/installation/index.php,POST,"Origin:http://web
Cookie:9d4bb4a09f511681369671a08beff228=e1cd05c0536e110d3896145117f19b57
Accept:application/json, text/javascript, */*; q=0.01
X-Requested-With:XMLHttpRequest
User-Agent:Mozilla/5.0 (X11; Linux x86_64) AppleWebKit/537.36 (KHTML, like Gecko) Chrome/85.0.4183.102 Safari/537.36
Referer:http://web/installation/index.php
Content-Type:application/x-www-form-urlencoded; charset=UTF-8
",53ae405cadaa54f2ac1f61679bda91073cfee4216fc053cacef5b6e66166272a5285202f772c729bc9ceaed355a477ebd1a1acc98dd90ee164ef59016fda4d2f,"Keep-Alive:timeout=5, max=46
Server:Apache/2.4.25 (Debian)
Connection:Keep-Alive
Last-Modified:Mon, 11 May 2026 22:15:14 GMT
Pragma:no-cache
Date:Mon, 11 May 2026 22:15:14 GMT
Cache-Control:no-store, no-cache, must-revalidate, post-check=0, pre-check=0
Content-Encoding:gzip
Vary:Accept-Encoding
Expires:Wed, 17 Aug 2005 00:00:00 GMT
Content-Length:4827
X-Powered-By:PHP/7.1.29
Content-Type:text/html; charset=utf-8
",f0ea95d88a616ff74292f98f7c78d687bacf8adb04512de4159ed0b1572b93186208026b1c596d0fea6e8a23dffb1273efcdbde3b6ad9d82d1a9f0c6e18c9fef,200
http://web/media/jui/css/bootstrap.min.css?59f35d200ba4bc3985c6a416f91ef038,GET,"Cookie:9d4bb4a09f511681369671a08beff228=e1cd05c0536e110d3896145117f19b57
Accept:text/css,*/*;q=0.1
User-Agent:Mozilla/5.0 (X11; Linux x86_64) AppleWebKit/537.36 (KHTML, like Gecko) Chrome/85.0.4183.102 Safari/537.36
Referer:http://web/installation/index.php
",cf83e1357eefb8bdf1542850d66d8007d620e4050b5715dc83f4a921d36ce9ce47d0d13c5d85f2b0ff8318d2877eec2f63b931bd47417a81a538327af927da3e,"Keep-Alive:timeout=5, max=100
Server:Apache/2.4.25 (Debian)
Connection:Keep-Alive
Last-Modified:Mon, 06 May 2019 20:34:16 GMT
Date:Mon, 11 May 2026 22:31:04 GMT
Accept-Ranges:bytes
ETag:""19f02-5883e06252200-gzip""
Content-Encoding:gzip
Vary:Accept-Encoding
Content-Length:17143
Content-Type:text/css
",2756547abc65d82ca19886ad8a81e904d324bb933b774cf8a9c3df4972fad4e0257dd4a4b9006e0c475ca86f3ac9f40604b0af1833578e20f36753316e91982d,200
http://web/media/jui/css/bootstrap-responsive.min.css?bb6ce90dbb74fabedd2d70ffa4d390e3,GET,"Cookie:9d4bb4a09f511681369671a08beff228=e1cd05c0536e110d3896145117f19b57
Accept:text/css,*/*;q=0.1
User-Agent:Mozilla/5.0 (X11; Linux x86_64) AppleWebKit/537.36 (KHTML, like Gecko) Chrome/85.0.4183.102 Safari/537.36
Referer:http://web/installation/index.php
",cf83e1357eefb8bdf1542850d66d8007d620e4050b5715dc83f4a921d36ce9ce47d0d13c5d85f2b0ff8318d2877eec2f63b931bd47417a81a538327af927da3e,"Keep-Alive:timeout=5, max=100
Server:Apache/2.4.25 (Debian)
Connection:Keep-Alive
Last-Modified:Mon, 06 May 2019 20:34:16 GMT
Date:Mon, 11 May 2026 22:36:10 GMT
Accept-Ranges:bytes
ETag:""4135-5883e06252200-gzip""
Content-Encoding:gzip
Vary:Accept-Encoding
Content-Length:3947
Content-Type:text/css
",25c42bb76fe0a571ae6412ba205f473b1dcab20add2358a16f74537bd4dbd4255f199961f3c5dae9ee07c9991df2413d9cb2e896361bc153e7988b1416753e11,200
http://web/installation/index.php,GET,"Cookie:9d4bb4a09f511681369671a08beff228=e1cd05c0536e110d3896145117f19b57
Accept:text/html,application/xhtml+xml,application/xml;q=0.9,image/avif,image/webp,image/apng,*/*;q=0.8,application/signed-exchange;v=b3;q=0.9
User-Agent:Mozilla/5.0 (X11; Linux x86_64) AppleWebKit/537.36 (KHTML, like Gecko) Chrome/85.0.4183.102 Safari/537.36
Upgrade-Insecure-Requests:1
",cf83e1357eefb8bdf1542850d66d8007d620e4050b5715dc83f4a921d36ce9ce47d0d13c5d85f2b0ff8318d2877eec2f63b931bd47417a81a538327af927da3e,"Keep-Alive:timeout=5, max=13
Server:Apache/2.4.25 (Debian)
Connection:Keep-Alive
Last-Modified:Mon, 11 May 2026 22:30:44 GMT
Pragma:no-cache
Date:Mon, 11 May 2026 22:30:44 GMT
Cache-Control:no-store, no-cache, must-revalidate, post-check=0, pre-check=0
Content-Encoding:gzip
Vary:Accept-Encoding
Expires:Wed, 17 Aug 2005 00:00:00 GMT
Content-Length:4829
X-Powered-By:PHP/7.1.29
Content-Type:text/html; charset=utf-8
",f26dd76101fcdd520698b7d27d8fe6335fd11611ada841954d1691b0b4054d2cfd0dd0666a60f7c6dd63c318169149dbbed1c6960eabc9cce6c6b81ec15a3bb4,200
http://web/media/system/js/punycode.js?68be82d891257286afd40aa6194cd899,GET,"Cookie:9d4bb4a09f511681369671a08beff228=e1cd05c0536e110d3896145117f19b57
Accept:*/*
User-Agent:Mozilla/5.0 (X11; Linux x86_64) AppleWebKit/537.36 (KHTML, like Gecko) Chrome/85.0.4183.102 Safari/537.36
Referer:http://web/installation/index.php
",cf83e1357eefb8bdf1542850d66d8007d620e4050b5715dc83f4a921d36ce9ce47d0d13c5d85f2b0ff8318d2877eec2f63b931bd47417a81a538327af927da3e,"Keep-Alive:timeout=5, max=99
Server:Apache/2.4.25 (Debian)
Connection:Keep-Alive
Last-Modified:Mon, 06 May 2019 20:34:16 GMT
Date:Mon, 11 May 2026 22:42:02 GMT
Accept-Ranges:bytes
ETag:""b0c-5883e06252200-gzip""
Content-Encoding:gzip
Vary:Accept-Encoding
Content-Length:1522
Content-Type:application/javascript
",95d6c4af80c4ac32ee784fcc1f4502ddc0bf0cc0cd190e7a00ed36648aafb419c150f0f85adf5a29e88a85e36f639a209a8b4e9a158300a1f522b3a8dae4f640,200
http://web/media/jui/js/bootstrap.min.js?72f2362f0d5d36c85ec842267bdd70d2,GET,"Cookie:9d4bb4a09f511681369671a08beff228=e1cd05c0536e110d3896145117f19b57
Accept:*/*
User-Agent:Mozilla/5.0 (X11; Linux x86_64) AppleWebKit/537.36 (KHTML, like Gecko) Chrome/85.0.4183.102 Safari/537.36
Referer:http://web/installation/index.php
",cf83e1357eefb8bdf1542850d66d8007d620e4050b5715dc83f4a921d36ce9ce47d0d13c5d85f2b0ff8318d2877eec2f63b931bd47417a81a538327af927da3e,"Keep-Alive:timeout=5, max=98
Server:Apache/2.4.25 (Debian)
Connection:Keep-Alive
Last-Modified:Mon, 06 May 2019 20:34:16 GMT
Date:Mon, 11 May 2026 22:35:59 GMT
Accept-Ranges:bytes
ETag:""71c6-5883e06252200-gzip""
Content-Encoding:gzip
Vary:Accept-Encoding
Content-Length:7747
Content-Type:application/javascript
",6e8c4c30f5b7f6b25309763f5442f50cc427f846955fbdb700f84354961a26adee892ec8b923d3e0284eda5bf49879ba7776cc50d38315ac5adb4ce38d9bf173,200
http://web/installation/index.php,GET,"Cookie:9d4bb4a09f511681369671a08beff228=e1cd05c0536e110d3896145117f19b57
Accept:text/html,application/xhtml+xml,application/xml;q=0.9,image/avif,image/webp,image/apng,*/*;q=0.8,application/signed-exchange;v=b3;q=0.9
User-Agent:Mozilla/5.0 (X11; Linux x86_64) AppleWebKit/537.36 (KHTML, like Gecko) Chrome/85.0.4183.102 Safari/537.36
Upgrade-Insecure-Requests:1
",cf83e1357eefb8bdf1542850d66d8007d620e4050b5715dc83f4a921d36ce9ce47d0d13c5d85f2b0ff8318d2877eec2f63b931bd47417a81a538327af927da3e,"Keep-Alive:timeout=5, max=66
Server:Apache/2.4.25 (Debian)
Connection:Keep-Alive
Last-Modified:Mon, 11 May 2026 22:14:58 GMT
Pragma:no-cache
Date:Mon, 11 May 2026 22:14:58 GMT
Cache-Control:no-store, no-cache, must-revalidate, post-check=0, pre-check=0
Content-Encoding:gzip
Vary:Accept-Encoding
Expires:Wed, 17 Aug 2005 00:00:00 GMT
Content-Length:4825
X-Powered-By:PHP/7.1.29
Content-Type:text/html; charset=utf-8
",5cd5acb886305806707e7f1d3345ff8749ba5324004ac6eb1ad296c148b2d2676c6656b3554153aeb27a1267f31f77de82165d123af62f974ef9aacc156cf52d,200
http://web/media/jui/css/bootstrap.min.css?59f35d200ba4bc3985c6a416f91ef038,GET,"Cookie:9d4bb4a09f511681369671a08beff228=e1cd05c0536e110d3896145117f19b57
Accept:text/css,*/*;q=0.1
User-Agent:Mozilla/5.0 (X11; Linux x86_64) AppleWebKit/537.36 (KHTML, like Gecko) Chrome/85.0.4183.102 Safari/537.36
Referer:http://web/installation/index.php
",cf83e1357eefb8bdf1542850d66d8007d620e4050b5715dc83f4a921d36ce9ce47d0d13c5d85f2b0ff8318d2877eec2f63b931bd47417a81a538327af927da3e,"Server:Apache/2.4.25 (Debian)
Last-Modified:Mon, 06 May 2019 20:34:16 GMT
Date:Mon, 11 May 2026 22:31:04 GMT
Accept-Ranges:bytes
ETag:""19f02-5883e06252200-gzip""
Content-Encoding:gzip
Vary:Accept-Encoding
Content-Length:17143
Content-Type:text/css
",2756547abc65d82ca19886ad8a81e904d324bb933b774cf8a9c3df4972fad4e0257dd4a4b9006e0c475ca86f3ac9f40604b0af1833578e20f36753316e91982d,200
http://web/installation/index.php,POST,"Origin:http://web
Cookie:9d4bb4a09f511681369671a08beff228=e1cd05c0536e110d3896145117f19b57
Accept:application/json, text/javascript, */*; q=0.01
X-Requested-With:XMLHttpRequest
User-Agent:Mozilla/5.0 (X11; Linux x86_64) AppleWebKit/537.36 (KHTML, like Gecko) Chrome/85.0.4183.102 Safari/537.36
Referer:http://web/installation/index.php
Content-Type:application/x-www-form-urlencoded; charset=UTF-8
",e06ed8615cabae06ed510a40a3911fc38ee4b920cd855cc2538e2e241c5d11e18cb0a8eab0ad45283232cc2b648d340d26dc457305ad261c09de86392aa401ea,"Keep-Alive:timeout=5, max=69
Server:Apache/2.4.25 (Debian)
Connection:Keep-Alive
Last-Modified:Mon, 11 May 2026 22:35:53 GMT
Pragma:no-cache
Date:Mon, 11 May 2026 22:35:52 GMT
Cache-Control:no-store, no-cache, must-revalidate, post-check=0, pre-check=0
Content-Encoding:gzip
Vary:Accept-Encoding
Expires:Wed, 17 Aug 2005 00:00:00 GMT
Content-Length:4829
X-Powered-By:PHP/7.1.29
Content-Type:text/html; charset=utf-8
",5b21a74acaa60076d7a0a77ba00286f5303aed347cdaf4e8cddf3caf58cc000600a206eab80e9482a1c4d74b150f5f0e2a1fde5c0b9aec24c2f274470dec6b3b,200
http://web/media/jui/js/bootstrap.min.js?28bdf9aa17138f961389d908dc5c3cbe,GET,"Cookie:9d4bb4a09f511681369671a08beff228=e1cd05c0536e110d3896145117f19b57
Accept:*/*
User-Agent:Mozilla/5.0 (X11; Linux x86_64) AppleWebKit/537.36 (KHTML, like Gecko) Chrome/85.0.4183.102 Safari/537.36
Referer:http://web/installation/index.php
",cf83e1357eefb8bdf1542850d66d8007d620e4050b5715dc83f4a921d36ce9ce47d0d13c5d85f2b0ff8318d2877eec2f63b931bd47417a81a538327af927da3e,"Keep-Alive:timeout=5, max=89
Server:Apache/2.4.25 (Debian)
Connection:Keep-Alive
Last-Modified:Mon, 06 May 2019 20:34:16 GMT
Date:Mon, 11 May 2026 22:41:07 GMT
Accept-Ranges:bytes
ETag:""71c6-5883e06252200-gzip""
Content-Encoding:gzip
Vary:Accept-Encoding
Content-Length:7747
Content-Type:application/javascript
",6e8c4c30f5b7f6b25309763f5442f50cc427f846955fbdb700f84354961a26adee892ec8b923d3e0284eda5bf49879ba7776cc50d38315ac5adb4ce38d9bf173,200
http://web/installation/index.php,GET,"Cookie:9d4bb4a09f511681369671a08beff228=e1cd05c0536e110d3896145117f19b57
Accept:text/html,application/xhtml+xml,application/xml;q=0.9,image/avif,image/webp,image/apng,*/*;q=0.8,application/signed-exchange;v=b3;q=0.9
User-Agent:Mozilla/5.0 (X11; Linux x86_64) AppleWebKit/537.36 (KHTML, like Gecko) Chrome/85.0.4183.102 Safari/537.36
Upgrade-Insecure-Requests:1
",cf83e1357eefb8bdf1542850d66d8007d620e4050b5715dc83f4a921d36ce9ce47d0d13c5d85f2b0ff8318d2877eec2f63b931bd47417a81a538327af927da3e,"Keep-Alive:timeout=5, max=26
Server:Apache/2.4.25 (Debian)
Connection:Keep-Alive
Last-Modified:Mon, 11 May 2026 22:15:33 GMT
Pragma:no-cache
Date:Mon, 11 May 2026 22:15:33 GMT
Cache-Control:no-store, no-cache, must-revalidate, post-check=0, pre-check=0
Content-Encoding:gzip
Vary:Accept-Encoding
Expires:Wed, 17 Aug 2005 00:00:00 GMT
Content-Length:4828
X-Powered-By:PHP/7.1.29
Content-Type:text/html; charset=utf-8
",ef5decc9755931ac6ee41d55ad9fba6783fe862f7d56f79efc5774e9a3f0f1f614bee498698e2a6a203227608767364b84ff623d37b90db1b86777d6cf73c3ef,200
http://web/installation/template/js/installation.js?0fbacbbcd2ffda475076daa7d8d1373f,GET,"Cookie:9d4bb4a09f511681369671a08beff228=e1cd05c0536e110d3896145117f19b57
Accept:*/*
User-Agent:Mozilla/5.0 (X11; Linux x86_64) AppleWebKit/537.36 (KHTML, like Gecko) Chrome/85.0.4183.102 Safari/537.36
Referer:http://web/installation/index.php
",cf83e1357eefb8bdf1542850d66d8007d620e4050b5715dc83f4a921d36ce9ce47d0d13c5d85f2b0ff8318d2877eec2f63b931bd47417a81a538327af927da3e,"Keep-Alive:timeout=5, max=58
Server:Apache/2.4.25 (Debian)
Connection:Keep-Alive
Last-Modified:Mon, 06 May 2019 20:34:16 GMT
Date:Mon, 11 May 2026 22:15:02 GMT
Accept-Ranges:bytes
ETag:""3657-5883e06252200-gzip""
Content-Encoding:gzip
Vary:Accept-Encoding
Content-Length:3036
Content-Type:application/javascript
",4bc534ee97c6d297009b8af0972919d02462ed8e90fefa3ae21556611a7befc7d72f3c617d75edae8b76108a78e4f8797596067acce27ed916d5a41a871e6f87,200
http://web/,GET,"Cookie:9d4bb4a09f511681369671a08beff228=e1cd05c0536e110d3896145117f19b57
Accept:text/html,application/xhtml+xml,application/xml;q=0.9,image/avif,image/webp,image/apng,*/*;q=0.8,application/signed-exchange;v=b3;q=0.9
User-Agent:Mozilla/5.0 (X11; Linux x86_64) AppleWebKit/537.36 (KHTML, like Gecko) Chrome/85.0.4183.102 Safari/537.36
Upgrade-Insecure-Requests:1
",cf83e1357eefb8bdf1542850d66d8007d620e4050b5715dc83f4a921d36ce9ce47d0d13c5d85f2b0ff8318d2877eec2f63b931bd47417a81a538327af927da3e,"Keep-Alive:timeout=5, max=91
Server:Apache/2.4.25 (Debian)
Connection:Keep-Alive
Date:Mon, 11 May 2026 22:14:24 GMT
Content-Length:52
X-Powered-By:PHP/7.1.29
Location:installation/index.php
Content-Type:text/html; charset=UTF-8
",cf83e1357eefb8bdf1542850d66d8007d620e4050b5715dc83f4a921d36ce9ce47d0d13c5d85f2b0ff8318d2877eec2f63b931bd47417a81a538327af927da3e,302
http://web/installation/index.php,GET,"Cookie:9d4bb4a09f511681369671a08beff228=e1cd05c0536e110d3896145117f19b57
Accept:text/html,application/xhtml+xml,application/xml;q=0.9,image/avif,image/webp,image/apng,*/*;q=0.8,application/signed-exchange;v=b3;q=0.9
User-Agent:Mozilla/5.0 (X11; Linux x86_64) AppleWebKit/537.36 (KHTML, like Gecko) Chrome/85.0.4183.102 Safari/537.36
Upgrade-Insecure-Requests:1
",cf83e1357eefb8bdf1542850d66d8007d620e4050b5715dc83f4a921d36ce9ce47d0d13c5d85f2b0ff8318d2877eec2f63b931bd47417a81a538327af927da3e,"Keep-Alive:timeout=5, max=23
Server:Apache/2.4.25 (Debian)
Connection:Keep-Alive
Last-Modified:Mon, 11 May 2026 22:15:37 GMT
Pragma:no-cache
Date:Mon, 11 May 2026 22:15:37 GMT
Cache-Control:no-store, no-cache, must-revalidate, post-check=0, pre-check=0
Content-Encoding:gzip
Vary:Accept-Encoding
Expires:Wed, 17 Aug 2005 00:00:00 GMT
Content-Length:4828
X-Powered-By:PHP/7.1.29
Content-Type:text/html; charset=utf-8
",2b87a205fc270482ed2d2f5e1cf044fbf5495348f76316c527769a9c974aac8412f000ac6a596fe8d6f0ae4fce91fcd88695a2e4761c78e93d9d680508830c3c,200
http://web/media/jui/css/bootstrap-extended.css?bfa15b87d418dce64311672b084cf71b,GET,"Cookie:9d4bb4a09f511681369671a08beff228=e1cd05c0536e110d3896145117f19b57
Accept:text/css,*/*;q=0.1
User-Agent:Mozilla/5.0 (X11; Linux x86_64) AppleWebKit/537.36 (KHTML, like Gecko) Chrome/85.0.4183.102 Safari/537.36
Referer:http://web/installation/index.php
",cf83e1357eefb8bdf1542850d66d8007d620e4050b5715dc83f4a921d36ce9ce47d0d13c5d85f2b0ff8318d2877eec2f63b931bd47417a81a538327af927da3e,"Server:Apache/2.4.25 (Debian)
Last-Modified:Mon, 06 May 2019 20:34:16 GMT
Date:Mon, 11 May 2026 22:30:44 GMT
Accept-Ranges:bytes
ETag:""2386-5883e06252200-gzip""
Content-Encoding:gzip
Vary:Accept-Encoding
Content-Length:2217
Content-Type:text/css
",f9172062f164f5d88a28d10b09e77fa1e668489523273ee187185bf6e2a73a2fbd3cdc9665ada844856099b9490c4a61835555c96934888d1eb9a9620f36a38c,200
http://web/installation/index.php,POST,"Origin:http://web
Cookie:9d4bb4a09f511681369671a08beff228=e1cd05c0536e110d3896145117f19b57
Accept:application/json, text/javascript, */*; q=0.01
X-Requested-With:XMLHttpRequest
User-Agent:Mozilla/5.0 (X11; Linux x86_64) AppleWebKit/537.36 (KHTML, like Gecko) Chrome/85.0.4183.102 Safari/537.36
Referer:http://web/installation/index.php
Content-Type:application/x-www-form-urlencoded; charset=UTF-8
",12131a72b92249f995d855c0c5024b99be69c5d87032f895a49c8ecd59dccd092805872128894782224a5fee382e02e75825232a34d352b75a48783a201b8ce6,"Keep-Alive:timeout=5, max=98
Server:Apache/2.4.25 (Debian)
Connection:Keep-Alive
Last-Modified:Mon, 11 May 2026 22:14:30 GMT
Pragma:no-cache
Date:Mon, 11 May 2026 22:14:30 GMT
Cache-Control:no-store, no-cache, must-revalidate, post-check=0, pre-check=0
Content-Encoding:gzip
Vary:Accept-Encoding
Expires:Wed, 17 Aug 2005 00:00:00 GMT
Content-Length:4824
X-Powered-By:PHP/7.1.29
Content-Type:text/html; charset=utf-8
",df3bfc8069f31cf5a270bc401728629ff67d658bd8c3a837426ce3d46169627c09715b7926ab4d1df43a8d122601119bc358682d419d953ac8f9add506c9d7a8,200
http://web/media/jui/css/bootstrap-responsive.min.css?28bdf9aa17138f961389d908dc5c3cbe,GET,"Cookie:9d4bb4a09f511681369671a08beff228=e1cd05c0536e110d3896145117f19b57
Accept:text/css,*/*;q=0.1
User-Agent:Mozilla/5.0 (X11; Linux x86_64) AppleWebKit/537.36 (KHTML, like Gecko) Chrome/85.0.4183.102 Safari/537.36
Referer:http://web/installation/index.php
",cf83e1357eefb8bdf1542850d66d8007d620e4050b5715dc83f4a921d36ce9ce47d0d13c5d85f2b0ff8318d2877eec2f63b931bd47417a81a538327af927da3e,"Keep-Alive:timeout=5, max=88
Server:Apache/2.4.25 (Debian)
Connection:Keep-Alive
Last-Modified:Mon, 06 May 2019 20:34:16 GMT
Date:Mon, 11 May 2026 22:41:07 GMT
Accept-Ranges:bytes
ETag:""4135-5883e06252200-gzip""
Content-Encoding:gzip
Vary:Accept-Encoding
Content-Length:3947
Content-Type:text/css
",25c42bb76fe0a571ae6412ba205f473b1dcab20add2358a16f74537bd4dbd4255f199961f3c5dae9ee07c9991df2413d9cb2e896361bc153e7988b1416753e11,200
http://web/media/jui/js/chosen.jquery.min.js?bb6ce90dbb74fabedd2d70ffa4d390e3,GET,"Cookie:9d4bb4a09f511681369671a08beff228=e1cd05c0536e110d3896145117f19b57
Accept:*/*
User-Agent:Mozilla/5.0 (X11; Linux x86_64) AppleWebKit/537.36 (KHTML, like Gecko) Chrome/85.0.4183.102 Safari/537.36
Referer:http://web/installation/index.php
",cf83e1357eefb8bdf1542850d66d8007d620e4050b5715dc83f4a921d36ce9ce47d0d13c5d85f2b0ff8318d2877eec2f63b931bd47417a81a538327af927da3e,"Keep-Alive:timeout=5, max=59
Server:Apache/2.4.25 (Debian)
Connection:Keep-Alive
Last-Modified:Mon, 06 May 2019 20:34:16 GMT
Date:Mon, 11 May 2026 22:36:10 GMT
Accept-Ranges:bytes
ETag:""84da-5883e06252200-gzip""
Content-Encoding:gzip
Vary:Accept-Encoding
Content-Length:7609
Content-Type:application/javascript
",afa89c11ab018fc3cf1bbb2cf72b4467f4987428e5cb5f65a32d55353763db6fdcb998daa56335b556310b7460617a460d6c6f062bd1919129311245cfe79803,200
http://web/media/jui/css/chosen.css?28bdf9aa17138f961389d908dc5c3cbe,GET,"Cookie:9d4bb4a09f511681369671a08beff228=e1cd05c0536e110d3896145117f19b57
Accept:text/css,*/*;q=0.1
User-Agent:Mozilla/5.0 (X11; Linux x86_64) AppleWebKit/537.36 (KHTML, like Gecko) Chrome/85.0.4183.102 Safari/537.36
Referer:http://web/installation/index.php
",cf83e1357eefb8bdf1542850d66d8007d620e4050b5715dc83f4a921d36ce9ce47d0d13c5d85f2b0ff8318d2877eec2f63b931bd47417a81a538327af927da3e,"Server:Apache/2.4.25 (Debian)
Last-Modified:Mon, 06 May 2019 20:34:16 GMT
Date:Mon, 11 May 2026 22:41:07 GMT
Accept-Ranges:bytes
ETag:""2fea-5883e06252200-gzip""
Content-Encoding:gzip
Vary:Accept-Encoding
Content-Length:2407
Content-Type:text/css
",d0e168c2df9ecc29d8525bb30e84630af16c68eeaeec790a6166c183eaa7e7432b02b7937abb7670aafd1755ac038b5f049a9ca21a03e953f7d9dae845fc25ca,200
http://web/media/jui/css/bootstrap.min.css?0fbacbbcd2ffda475076daa7d8d1373f,GET,"Cookie:9d4bb4a09f511681369671a08beff228=e1cd05c0536e110d3896145117f19b57
Accept:text/css,*/*;q=0.1
User-Agent:Mozilla/5.0 (X11; Linux x86_64) AppleWebKit/537.36 (KHTML, like Gecko) Chrome/85.0.4183.102 Safari/537.36
Referer:http://web/installation/index.php
",cf83e1357eefb8bdf1542850d66d8007d620e4050b5715dc83f4a921d36ce9ce47d0d13c5d85f2b0ff8318d2877eec2f63b931bd47417a81a538327af927da3e,"Server:Apache/2.4.25 (Debian)
Last-Modified:Mon, 06 May 2019 20:34:16 GMT
Date:Mon, 11 May 2026 22:15:02 GMT
Accept-Ranges:bytes
ETag:""19f02-5883e06252200-gzip""
Content-Encoding:gzip
Vary:Accept-Encoding
Content-Length:17143
Content-Type:text/css
",2756547abc65d82ca19886ad8a81e904d324bb933b774cf8a9c3df4972fad4e0257dd4a4b9006e0c475ca86f3ac9f40604b0af1833578e20f36753316e91982d,200
http://web/installation/index.php,POST,"Origin:http://web
Cookie:9d4bb4a09f511681369671a08beff228=e1cd05c0536e110d3896145117f19b57
Accept:application/json, text/javascript, */*; q=0.01
X-Requested-With:XMLHttpRequest
User-Agent:Mozilla/5.0 (X11; Linux x86_64) AppleWebKit/537.36 (KHTML, like Gecko) Chrome/85.0.4183.102 Safari/537.36
Referer:http://web/installation/index.php
Content-Type:application/x-www-form-urlencoded; charset=UTF-8
",8a24db1c073e5521cd60a87e53676708533d0880f56ccdce0f847287fdf5bbfbcd39cee8a1c4dda3e5d9f6fbf464706a1abbbb38210b574ffee7ae534c12b095,"Keep-Alive:timeout=5, max=63
Server:Apache/2.4.25 (Debian)
Connection:Keep-Alive
Last-Modified:Mon, 11 May 2026 22:36:00 GMT
Pragma:no-cache
Date:Mon, 11 May 2026 22:36:00 GMT
Cache-Control:no-store, no-cache, must-revalidate, post-check=0, pre-check=0
Content-Encoding:gzip
Vary:Accept-Encoding
Expires:Wed, 17 Aug 2005 00:00:00 GMT
Content-Length:4827
X-Powered-By:PHP/7.1.29
Content-Type:text/html; charset=utf-8
",f40b330ba2f0c2d04d087270caaa901025633c17adcd510bef5582f0585f4cd9c5dbff2adc7c56c45058125fc6fe9aa546e23dc483e43cc9c4fcf10baaf95319,200
http://web/installation/index.php,GET,"Cookie:9d4bb4a09f511681369671a08beff228=e1cd05c0536e110d3896145117f19b57
Accept:text/html,application/xhtml+xml,application/xml;q=0.9,image/avif,image/webp,image/apng,*/*;q=0.8,application/signed-exchange;v=b3;q=0.9
User-Agent:Mozilla/5.0 (X11; Linux x86_64) AppleWebKit/537.36 (KHTML, like Gecko) Chrome/85.0.4183.102 Safari/537.36
Upgrade-Insecure-Requests:1
",cf83e1357eefb8bdf1542850d66d8007d620e4050b5715dc83f4a921d36ce9ce47d0d13c5d85f2b0ff8318d2877eec2f63b931bd47417a81a538327af927da3e,"Keep-Alive:timeout=5, max=57
Server:Apache/2.4.25 (Debian)
Connection:Keep-Alive
Last-Modified:Mon, 11 May 2026 22:41:47 GMT
Pragma:no-cache
Date:Mon, 11 May 2026 22:41:47 GMT
Cache-Control:no-store, no-cache, must-revalidate, post-check=0, pre-check=0
Content-Encoding:gzip
Vary:Accept-Encoding
Expires:Wed, 17 Aug 2005 00:00:00 GMT
Content-Length:4824
X-Powered-By:PHP/7.1.29
Content-Type:text/html; charset=utf-8
",4d419261130db2a6af6cd0345aed80de4651881610872f551c1088f44e4007f6cfbe89b7f2c5e0450d3a7f8bc68a4738e5340621d4b2c18083847e2cfecd5b69,200
http://web/,GET,"Cookie:9d4bb4a09f511681369671a08beff228=e1cd05c0536e110d3896145117f19b57
Accept:text/html,application/xhtml+xml,application/xml;q=0.9,image/avif,image/webp,image/apng,*/*;q=0.8,application/signed-exchange;v=b3;q=0.9
User-Agent:Mozilla/5.0 (X11; Linux x86_64) AppleWebKit/537.36 (KHTML, like Gecko) Chrome/85.0.4183.102 Safari/537.36
Upgrade-Insecure-Requests:1
",cf83e1357eefb8bdf1542850d66d8007d620e4050b5715dc83f4a921d36ce9ce47d0d13c5d85f2b0ff8318d2877eec2f63b931bd47417a81a538327af927da3e,"Keep-Alive:timeout=5, max=89
Server:Apache/2.4.25 (Debian)
Connection:Keep-Alive
Date:Mon, 11 May 2026 22:31:16 GMT
Content-Length:52
X-Powered-By:PHP/7.1.29
Location:installation/index.php
Content-Type:text/html; charset=UTF-8
",cf83e1357eefb8bdf1542850d66d8007d620e4050b5715dc83f4a921d36ce9ce47d0d13c5d85f2b0ff8318d2877eec2f63b931bd47417a81a538327af927da3e,302
http://web/installation/index.php,POST,"Origin:http://web
Cookie:9d4bb4a09f511681369671a08beff228=e1cd05c0536e110d3896145117f19b57
Accept:application/json, text/javascript, */*; q=0.01
X-Requested-With:XMLHttpRequest
User-Agent:Mozilla/5.0 (X11; Linux x86_64) AppleWebKit/537.36 (KHTML, like Gecko) Chrome/85.0.4183.102 Safari/537.36
Referer:http://web/installation/index.php
Content-Type:application/x-www-form-urlencoded; charset=UTF-8
",f21bcb56a64cf1cd91b6f5b8a84fab19fd4e74b8e3967ebdfb8819df9a7619638acd8d598b3335240e3f2f7034a7e194d092f6ffef9835cbe94df60d5f3ebce1,"Keep-Alive:timeout=5, max=99
Server:Apache/2.4.25 (Debian)
Connection:Keep-Alive
Last-Modified:Mon, 11 May 2026 22:36:31 GMT
Pragma:no-cache
Date:Mon, 11 May 2026 22:36:27 GMT
Cache-Control:no-store, no-cache, must-revalidate, post-check=0, pre-check=0
Content-Encoding:gzip
Vary:Accept-Encoding
Expires:Wed, 17 Aug 2005 00:00:00 GMT
Content-Length:4827
X-Powered-By:PHP/7.1.29
Content-Type:text/html; charset=utf-8
",d9c88aeb1f133c35e0e284b688c0cc974266a14f6811d5b63ca1b65f61ce2296a7b5be9178bcf27fd1901983cdb80e21e561d7f2fc9581e7fbb62ba8979cac56,200
http://web/installation/index.php,POST,"Origin:http://web
Cookie:9d4bb4a09f511681369671a08beff228=e1cd05c0536e110d3896145117f19b57
Accept:application/json, text/javascript, */*; q=0.01
X-Requested-With:XMLHttpRequest
User-Agent:Mozilla/5.0 (X11; Linux x86_64) AppleWebKit/537.36 (KHTML, like Gecko) Chrome/85.0.4183.102 Safari/537.36
Referer:http://web/installation/index.php
Content-Type:application/x-www-form-urlencoded; charset=UTF-8
",0fe3e154275aa285f6367e214794a38b1ed190f1bc1da2b19e4d2467a2a48ab63d35be3867fa222a80cfd4f5d3e1abcf1f0b24fe20383768cc1e09371a12bd2d,"Keep-Alive:timeout=5, max=60
Server:Apache/2.4.25 (Debian)
Connection:Keep-Alive
Last-Modified:Mon, 11 May 2026 22:41:45 GMT
Pragma:no-cache
Date:Mon, 11 May 2026 22:41:44 GMT
Cache-Control:no-store, no-cache, must-revalidate, post-check=0, pre-check=0
Content-Encoding:gzip
Vary:Accept-Encoding
Expires:Wed, 17 Aug 2005 00:00:00 GMT
Content-Length:4826
X-Powered-By:PHP/7.1.29
Content-Type:text/html; charset=utf-8
",8694b426df8b338ed4939b80c47a539d8fb5391fe49839d747dd5933d2dc29fdc1c83dfca2042101114bdbf01e57f086bdc4e664e394bb74c05c91a39ff643c5,200
http://web/media/jui/css/chosen.css?bb6ce90dbb74fabedd2d70ffa4d390e3,GET,"Cookie:9d4bb4a09f511681369671a08beff228=e1cd05c0536e110d3896145117f19b57
Accept:text/css,*/*;q=0.1
User-Agent:Mozilla/5.0 (X11; Linux x86_64) AppleWebKit/537.36 (KHTML, like Gecko) Chrome/85.0.4183.102 Safari/537.36
Referer:http://web/installation/index.php
",cf83e1357eefb8bdf1542850d66d8007d620e4050b5715dc83f4a921d36ce9ce47d0d13c5d85f2b0ff8318d2877eec2f63b931bd47417a81a538327af927da3e,"Keep-Alive:timeout=5, max=99
Server:Apache/2.4.25 (Debian)
Connection:Keep-Alive
Last-Modified:Mon, 06 May 2019 20:34:16 GMT
Date:Mon, 11 May 2026 22:36:10 GMT
Accept-Ranges:bytes
ETag:""2fea-5883e06252200-gzip""
Content-Encoding:gzip
Vary:Accept-Encoding
Content-Length:2407
Content-Type:text/css
",d0e168c2df9ecc29d8525bb30e84630af16c68eeaeec790a6166c183eaa7e7432b02b7937abb7670aafd1755ac038b5f049a9ca21a03e953f7d9dae845fc25ca,200
http://web/media/jui/css/bootstrap.min.css?28bdf9aa17138f961389d908dc5c3cbe,GET,"Cookie:9d4bb4a09f511681369671a08beff228=e1cd05c0536e110d3896145117f19b57
Accept:text/css,*/*;q=0.1
User-Agent:Mozilla/5.0 (X11; Linux x86_64) AppleWebKit/537.36 (KHTML, like Gecko) Chrome/85.0.4183.102 Safari/537.36
Referer:http://web/installation/index.php
",cf83e1357eefb8bdf1542850d66d8007d620e4050b5715dc83f4a921d36ce9ce47d0d13c5d85f2b0ff8318d2877eec2f63b931bd47417a81a538327af927da3e,"Keep-Alive:timeout=5, max=99
Server:Apache/2.4.25 (Debian)
Connection:Keep-Alive
Last-Modified:Mon, 06 May 2019 20:34:16 GMT
Date:Mon, 11 May 2026 22:41:07 GMT
Accept-Ranges:bytes
ETag:""19f02-5883e06252200-gzip""
Content-Encoding:gzip
Vary:Accept-Encoding
Content-Length:17143
Content-Type:text/css
",2756547abc65d82ca19886ad8a81e904d324bb933b774cf8a9c3df4972fad4e0257dd4a4b9006e0c475ca86f3ac9f40604b0af1833578e20f36753316e91982d,200
http://web/installation/index.php,POST,"Origin:http://web
Cookie:9d4bb4a09f511681369671a08beff228=e1cd05c0536e110d3896145117f19b57
Accept:application/json, text/javascript, */*; q=0.01
X-Requested-With:XMLHttpRequest
User-Agent:Mozilla/5.0 (X11; Linux x86_64) AppleWebKit/537.36 (KHTML, like Gecko) Chrome/85.0.4183.102 Safari/537.36
Referer:http://web/installation/index.php
Content-Type:application/x-www-form-urlencoded; charset=UTF-8
",096c3ef0e0cd2ae85b6149086d7b11af94cee6fcf169c20cb155cd8beb562df43a7318409af38ba2b8cfb410656d185d0bb758a7104ce5bb92c5b7775b327384,"Keep-Alive:timeout=5, max=92
Server:Apache/2.4.25 (Debian)
Connection:Keep-Alive
Last-Modified:Mon, 11 May 2026 22:31:02 GMT
Pragma:no-cache
Date:Mon, 11 May 2026 22:31:02 GMT
Cache-Control:no-store, no-cache, must-revalidate, post-check=0, pre-check=0
Content-Encoding:gzip
Vary:Accept-Encoding
Expires:Wed, 17 Aug 2005 00:00:00 GMT
Content-Length:4828
X-Powered-By:PHP/7.1.29
Content-Type:text/html; charset=utf-8
",7de5937395e567094149c12cb242655a9a1abbe6b23497350096f85f95c63bf627d24a0ff37fb377f81e0355b08e0189c7f0b54c4b70d4b53db544261cd6df6c,200
http://web/media/jui/css/bootstrap.min.css?bfa15b87d418dce64311672b084cf71b,GET,"Cookie:9d4bb4a09f511681369671a08beff228=e1cd05c0536e110d3896145117f19b57
Accept:text/css,*/*;q=0.1
User-Agent:Mozilla/5.0 (X11; Linux x86_64) AppleWebKit/537.36 (KHTML, like Gecko) Chrome/85.0.4183.102 Safari/537.36
Referer:http://web/installation/index.php
",cf83e1357eefb8bdf1542850d66d8007d620e4050b5715dc83f4a921d36ce9ce47d0d13c5d85f2b0ff8318d2877eec2f63b931bd47417a81a538327af927da3e,"Keep-Alive:timeout=5, max=100
Server:Apache/2.4.25 (Debian)
Connection:Keep-Alive
Last-Modified:Mon, 06 May 2019 20:34:16 GMT
Date:Mon, 11 May 2026 22:30:44 GMT
Accept-Ranges:bytes
ETag:""19f02-5883e06252200-gzip""
Content-Encoding:gzip
Vary:Accept-Encoding
Content-Length:17143
Content-Type:text/css
",2756547abc65d82ca19886ad8a81e904d324bb933b774cf8a9c3df4972fad4e0257dd4a4b9006e0c475ca86f3ac9f40604b0af1833578e20f36753316e91982d,200
http://web/installation/index.php,GET,"Cookie:9d4bb4a09f511681369671a08beff228=e1cd05c0536e110d3896145117f19b57
Accept:text/html,application/xhtml+xml,application/xml;q=0.9,image/avif,image/webp,image/apng,*/*;q=0.8,application/signed-exchange;v=b3;q=0.9
User-Agent:Mozilla/5.0 (X11; Linux x86_64) AppleWebKit/537.36 (KHTML, like Gecko) Chrome/85.0.4183.102 Safari/537.36
Upgrade-Insecure-Requests:1
",cf83e1357eefb8bdf1542850d66d8007d620e4050b5715dc83f4a921d36ce9ce47d0d13c5d85f2b0ff8318d2877eec2f63b931bd47417a81a538327af927da3e,"Keep-Alive:timeout=5, max=72
Server:Apache/2.4.25 (Debian)
Connection:Keep-Alive
Last-Modified:Mon, 11 May 2026 22:31:35 GMT
Pragma:no-cache
Date:Mon, 11 May 2026 22:31:35 GMT
Cache-Control:no-store, no-cache, must-revalidate, post-check=0, pre-check=0
Content-Encoding:gzip
Vary:Accept-Encoding
Expires:Wed, 17 Aug 2005 00:00:00 GMT
Content-Length:4831
X-Powered-By:PHP/7.1.29
Content-Type:text/html; charset=utf-8
",e4f8c09cdcaf89dee5890fc7303bfb04c9195e89d426ce7695777760e1cfc5901df593fb9c715842a316dd41196ec9ca700962213e8335713be5482575609ed2,200
http://web/installation/index.php?tmpl=body&view=site,GET,"Cookie:9d4bb4a09f511681369671a08beff228=e1cd05c0536e110d3896145117f19b57
Accept:text/html, */*; q=0.01
X-Requested-With:XMLHttpRequest
User-Agent:Mozilla/5.0 (X11; Linux x86_64) AppleWebKit/537.36 (KHTML, like Gecko) Chrome/85.0.4183.102 Safari/537.36
Referer:http://web/installation/index.php
",cf83e1357eefb8bdf1542850d66d8007d620e4050b5715dc83f4a921d36ce9ce47d0d13c5d85f2b0ff8318d2877eec2f63b931bd47417a81a538327af927da3e,"Keep-Alive:timeout=5, max=25
Server:Apache/2.4.25 (Debian)
Connection:Keep-Alive
Last-Modified:Mon, 11 May 2026 22:15:36 GMT
Pragma:no-cache
Date:Mon, 11 May 2026 22:15:36 GMT
Cache-Control:no-store, no-cache, must-revalidate, post-check=0, pre-check=0
Content-Encoding:gzip
Vary:Accept-Encoding
Expires:Wed, 17 Aug 2005 00:00:00 GMT
Content-Length:3247
X-Powered-By:PHP/7.1.29
Content-Type:text/html; charset=utf-8
",398fc2e29d57778fc39c666a9404a3e5cb32301651dfbb6f46002d109fc18aea481c2f969b79289708704a5d7292de19ccaebc650b710df7749a5262b1b86a5e,200
http://web/,GET,"Cookie:9d4bb4a09f511681369671a08beff228=e1cd05c0536e110d3896145117f19b57
Accept:text/html,application/xhtml+xml,application/xml;q=0.9,image/avif,image/webp,image/apng,*/*;q=0.8,application/signed-exchange;v=b3;q=0.9
User-Agent:Mozilla/5.0 (X11; Linux x86_64) AppleWebKit/537.36 (KHTML, like Gecko) Chrome/85.0.4183.102 Safari/537.36
Upgrade-Insecure-Requests:1
",cf83e1357eefb8bdf1542850d66d8007d620e4050b5715dc83f4a921d36ce9ce47d0d13c5d85f2b0ff8318d2877eec2f63b931bd47417a81a538327af927da3e,"Keep-Alive:timeout=5, max=72
Server:Apache/2.4.25 (Debian)
Connection:Keep-Alive
Date:Mon, 11 May 2026 22:41:31 GMT
Content-Length:52
X-Powered-By:PHP/7.1.29
Location:installation/index.php
Content-Type:text/html; charset=UTF-8
",cf83e1357eefb8bdf1542850d66d8007d620e4050b5715dc83f4a921d36ce9ce47d0d13c5d85f2b0ff8318d2877eec2f63b931bd47417a81a538327af927da3e,302
http://web/installation/index.php?tmpl=body&view=site,GET,"Cookie:9d4bb4a09f511681369671a08beff228=e1cd05c0536e110d3896145117f19b57
Accept:text/html, */*; q=0.01
X-Requested-With:XMLHttpRequest
User-Agent:Mozilla/5.0 (X11; Linux x86_64) AppleWebKit/537.36 (KHTML, like Gecko) Chrome/85.0.4183.102 Safari/537.36
Referer:http://web/installation/index.php
",cf83e1357eefb8bdf1542850d66d8007d620e4050b5715dc83f4a921d36ce9ce47d0d13c5d85f2b0ff8318d2877eec2f63b931bd47417a81a538327af927da3e,"Keep-Alive:timeout=5, max=32
Server:Apache/2.4.25 (Debian)
Connection:Keep-Alive
Last-Modified:Mon, 11 May 2026 22:15:28 GMT
Pragma:no-cache
Date:Mon, 11 May 2026 22:15:28 GMT
Cache-Control:no-store, no-cache, must-revalidate, post-check=0, pre-check=0
Content-Encoding:gzip
Vary:Accept-Encoding
Expires:Wed, 17 Aug 2005 00:00:00 GMT
Content-Length:3246
X-Powered-By:PHP/7.1.29
Content-Type:text/html; charset=utf-8
",a0955d14b041cfd31839454a866b42fbaa98ad9ea04d1888985ab05ae6be4b840e37945b9fa89638811dcac5beceb0c22ffeb098844069d2e520ac65dd75657c,200
http://web/media/jui/js/bootstrap.min.js?bb6ce90dbb74fabedd2d70ffa4d390e3,GET,"Cookie:9d4bb4a09f511681369671a08beff228=e1cd05c0536e110d3896145117f19b57
Accept:*/*
User-Agent:Mozilla/5.0 (X11; Linux x86_64) AppleWebKit/537.36 (KHTML, like Gecko) Chrome/85.0.4183.102 Safari/537.36
Referer:http://web/installation/index.php
",cf83e1357eefb8bdf1542850d66d8007d620e4050b5715dc83f4a921d36ce9ce47d0d13c5d85f2b0ff8318d2877eec2f63b931bd47417a81a538327af927da3e,"Keep-Alive:timeout=5, max=100
Server:Apache/2.4.25 (Debian)
Connection:Keep-Alive
Last-Modified:Mon, 06 May 2019 20:34:16 GMT
Date:Mon, 11 May 2026 22:36:10 GMT
Accept-Ranges:bytes
ETag:""71c6-5883e06252200-gzip""
Content-Encoding:gzip
Vary:Accept-Encoding
Content-Length:7747
Content-Type:application/javascript
",6e8c4c30f5b7f6b25309763f5442f50cc427f846955fbdb700f84354961a26adee892ec8b923d3e0284eda5bf49879ba7776cc50d38315ac5adb4ce38d9bf173,200
