url,method,req_headers,req_hash,resp_headers,resp_hash,status
http://web/users/login.php,GET,"Cookie:PHPSESSID=7ficmi53fn80h3alhbsb1d4pk3
Accept:text/html,application/xhtml+xml,application/xml;q=0.9,image/avif,image/webp,image/apng,*/*;q=0.8,application/signed-exchange;v=b3;q=0.9
User-Agent:Mozilla/5.0 (X11; Linux x86_64) AppleWebKit/537.36 (KHTML, like Gecko) Chrome/85.0.4183.102 Safari/537.36
Referer:http://web/
Upgrade-Insecure-Requests:1
",cf83e1357eefb8bdf1542850d66d8007d620e4050b5715dc83f4a921d36ce9ce47d0d13c5d85f2b0ff8318d2877eec2f63b931bd47417a81a538327af927da3e,"Keep-Alive:timeout=5, max=91
Server:Apache/2.4.7 (Ubuntu)
Connection:Keep-Alive
Pragma:no-cache
Date:Mon, 11 May 2026 20:39:35 GMT
Cache-Control:no-store, no-cache, must-revalidate, post-check=0, pre-check=0
Content-Encoding:gzip
Vary:Accept-Encoding
Expires:Thu, 19 Nov 1981 08:52:00 GMT
Content-Length:976
X-Powered-By:PHP/5.5.9-1ubuntu4.29
Content-Type:text/html
",03b21b4b71d5aefcb687dadc88598a44bdc214355daee5ac9878b5ec85bb12960706e143208c1a603ffbf1539af7fd6ae311023700748a9ed922047fccd124d0,200
http://web/,GET,"Cookie:PHPSESSID=7ficmi53fn80h3alhbsb1d4pk3
Accept:text/html,application/xhtml+xml,application/xml;q=0.9,image/avif,image/webp,image/apng,*/*;q=0.8,application/signed-exchange;v=b3;q=0.9
User-Agent:Mozilla/5.0 (X11; Linux x86_64) AppleWebKit/537.36 (KHTML, like Gecko) Chrome/85.0.4183.102 Safari/537.36
Upgrade-Insecure-Requests:1
",cf83e1357eefb8bdf1542850d66d8007d620e4050b5715dc83f4a921d36ce9ce47d0d13c5d85f2b0ff8318d2877eec2f63b931bd47417a81a538327af927da3e,"Keep-Alive:timeout=5, max=39
Server:Apache/2.4.7 (Ubuntu)
Connection:Keep-Alive
Pragma:no-cache
Date:Mon, 11 May 2026 20:44:06 GMT
Cache-Control:no-store, no-cache, must-revalidate, post-check=0, pre-check=0
Content-Encoding:gzip
Vary:Accept-Encoding
Expires:Thu, 19 Nov 1981 08:52:00 GMT
Content-Length:1282
X-Powered-By:PHP/5.5.9-1ubuntu4.29
Content-Type:text/html
",4529a144b6b3d28c347e7106ed0acc889cdf0892b189c148448f1a812a94b94055239545ad25e9b5c5dad580469c914da997475e20493b488185ba1e749b7351,200
http://web/,GET,"Cookie:PHPSESSID=7ficmi53fn80h3alhbsb1d4pk3
Accept:text/html,application/xhtml+xml,application/xml;q=0.9,image/avif,image/webp,image/apng,*/*;q=0.8,application/signed-exchange;v=b3;q=0.9
User-Agent:Mozilla/5.0 (X11; Linux x86_64) AppleWebKit/537.36 (KHTML, like Gecko) Chrome/85.0.4183.102 Safari/537.36
Upgrade-Insecure-Requests:1
",cf83e1357eefb8bdf1542850d66d8007d620e4050b5715dc83f4a921d36ce9ce47d0d13c5d85f2b0ff8318d2877eec2f63b931bd47417a81a538327af927da3e,"Keep-Alive:timeout=5, max=22
Server:Apache/2.4.7 (Ubuntu)
Connection:Keep-Alive
Pragma:no-cache
Date:Mon, 11 May 2026 20:40:36 GMT
Cache-Control:no-store, no-cache, must-revalidate, post-check=0, pre-check=0
Content-Encoding:gzip
Vary:Accept-Encoding
Expires:Thu, 19 Nov 1981 08:52:00 GMT
Content-Length:1283
X-Powered-By:PHP/5.5.9-1ubuntu4.29
Content-Type:text/html
",2e710d6d4300499d984978ec0715ebc1639888e6dfb5fc0489b0a16e246f8ef7184cb3015b082d617f9f14bfb55af8ccae88e07d2a0464c838b5675a35d4ed84,200
http://web/calendar.php?date=1778618588,GET,"Cookie:PHPSESSID=7ficmi53fn80h3alhbsb1d4pk3
Accept:text/html,application/xhtml+xml,application/xml;q=0.9,image/avif,image/webp,image/apng,*/*;q=0.8,application/signed-exchange;v=b3;q=0.9
User-Agent:Mozilla/5.0 (X11; Linux x86_64) AppleWebKit/537.36 (KHTML, like Gecko) Chrome/85.0.4183.102 Safari/537.36
Referer:http://web/calendar.php
Upgrade-Insecure-Requests:1
",cf83e1357eefb8bdf1542850d66d8007d620e4050b5715dc83f4a921d36ce9ce47d0d13c5d85f2b0ff8318d2877eec2f63b931bd47417a81a538327af927da3e,"Keep-Alive:timeout=5, max=21
Server:Apache/2.4.7 (Ubuntu)
Connection:Keep-Alive
Pragma:no-cache
Date:Mon, 11 May 2026 20:43:08 GMT
Cache-Control:no-store, no-cache, must-revalidate, post-check=0, pre-check=0
Content-Encoding:gzip
Vary:Accept-Encoding
Expires:Thu, 19 Nov 1981 08:52:00 GMT
Content-Length:944
X-Powered-By:PHP/5.5.9-1ubuntu4.29
Content-Type:text/html
",b0b32ad72ca1c988db626b20c433e1f07fb7f683e946bf8720bf940e390a7e632d7150b4a51b7134b48073230346392560690af3e88a4aa32687c42c08ca61b6,200
http://web/,GET,"Cookie:PHPSESSID=7ficmi53fn80h3alhbsb1d4pk3
Accept:text/html,application/xhtml+xml,application/xml;q=0.9,image/avif,image/webp,image/apng,*/*;q=0.8,application/signed-exchange;v=b3;q=0.9
User-Agent:Mozilla/5.0 (X11; Linux x86_64) AppleWebKit/537.36 (KHTML, like Gecko) Chrome/85.0.4183.102 Safari/537.36
Referer:http://web/guestbook.php
Upgrade-Insecure-Requests:1
",cf83e1357eefb8bdf1542850d66d8007d620e4050b5715dc83f4a921d36ce9ce47d0d13c5d85f2b0ff8318d2877eec2f63b931bd47417a81a538327af927da3e,"Keep-Alive:timeout=5, max=93
Server:Apache/2.4.7 (Ubuntu)
Connection:Keep-Alive
Pragma:no-cache
Date:Mon, 11 May 2026 20:39:44 GMT
Cache-Control:no-store, no-cache, must-revalidate, post-check=0, pre-check=0
Content-Encoding:gzip
Vary:Accept-Encoding
Expires:Thu, 19 Nov 1981 08:52:00 GMT
Content-Length:1283
X-Powered-By:PHP/5.5.9-1ubuntu4.29
Content-Type:text/html
",faf8cfb80ca477ad824d4af04b32dfa2ea1a42df51488384d9acd34b5021b711eeda4efa85b0ba1fe9a00de869a9a8bbd5343d98275209a2031cb3c1fa11f0a5,200
http://web/users/register.php,GET,"Cookie:PHPSESSID=7ficmi53fn80h3alhbsb1d4pk3
Accept:text/html,application/xhtml+xml,application/xml;q=0.9,image/avif,image/webp,image/apng,*/*;q=0.8,application/signed-exchange;v=b3;q=0.9
User-Agent:Mozilla/5.0 (X11; Linux x86_64) AppleWebKit/537.36 (KHTML, like Gecko) Chrome/85.0.4183.102 Safari/537.36
Referer:http://web/
Upgrade-Insecure-Requests:1
",cf83e1357eefb8bdf1542850d66d8007d620e4050b5715dc83f4a921d36ce9ce47d0d13c5d85f2b0ff8318d2877eec2f63b931bd47417a81a538327af927da3e,"Keep-Alive:timeout=5, max=69
Server:Apache/2.4.7 (Ubuntu)
Connection:Keep-Alive
Pragma:no-cache
Date:Mon, 11 May 2026 20:41:17 GMT
Cache-Control:no-store, no-cache, must-revalidate, post-check=0, pre-check=0
Content-Encoding:gzip
Vary:Accept-Encoding
Expires:Thu, 19 Nov 1981 08:52:00 GMT
Content-Length:1100
X-Powered-By:PHP/5.5.9-1ubuntu4.29
Content-Type:text/html
",744e49f62dc3ce51dfeb519f745ac1d60ece830012fb824b0b5ee257b10c0a62d9f64a85545a0d14aafd7ac96f94dc9459e8eb434cfaa624b18446dc1b9e69b7,200
http://web/users/register.php,GET,"Cookie:PHPSESSID=7ficmi53fn80h3alhbsb1d4pk3
Accept:text/html,application/xhtml+xml,application/xml;q=0.9,image/avif,image/webp,image/apng,*/*;q=0.8,application/signed-exchange;v=b3;q=0.9
User-Agent:Mozilla/5.0 (X11; Linux x86_64) AppleWebKit/537.36 (KHTML, like Gecko) Chrome/85.0.4183.102 Safari/537.36
Referer:http://web/
Upgrade-Insecure-Requests:1
",cf83e1357eefb8bdf1542850d66d8007d620e4050b5715dc83f4a921d36ce9ce47d0d13c5d85f2b0ff8318d2877eec2f63b931bd47417a81a538327af927da3e,"Keep-Alive:timeout=5, max=82
Server:Apache/2.4.7 (Ubuntu)
Connection:Keep-Alive
Pragma:no-cache
Date:Mon, 11 May 2026 20:42:24 GMT
Cache-Control:no-store, no-cache, must-revalidate, post-check=0, pre-check=0
Content-Encoding:gzip
Vary:Accept-Encoding
Expires:Thu, 19 Nov 1981 08:52:00 GMT
Content-Length:1098
X-Powered-By:PHP/5.5.9-1ubuntu4.29
Content-Type:text/html
",5103bfd29c8700657a083073e1346b690c20b642ddfe03c5d6217dc3f3a511e2da1ad1eee594da3add92b2a68150040a0fe3fded70c9e91d01b523ef034ab04c,200
http://web/,GET,"Cookie:PHPSESSID=7ficmi53fn80h3alhbsb1d4pk3
Accept:text/html,application/xhtml+xml,application/xml;q=0.9,image/avif,image/webp,image/apng,*/*;q=0.8,application/signed-exchange;v=b3;q=0.9
User-Agent:Mozilla/5.0 (X11; Linux x86_64) AppleWebKit/537.36 (KHTML, like Gecko) Chrome/85.0.4183.102 Safari/537.36
Upgrade-Insecure-Requests:1
",cf83e1357eefb8bdf1542850d66d8007d620e4050b5715dc83f4a921d36ce9ce47d0d13c5d85f2b0ff8318d2877eec2f63b931bd47417a81a538327af927da3e,"Keep-Alive:timeout=5, max=33
Server:Apache/2.4.7 (Ubuntu)
Connection:Keep-Alive
Pragma:no-cache
Date:Mon, 11 May 2026 20:41:45 GMT
Cache-Control:no-store, no-cache, must-revalidate, post-check=0, pre-check=0
Content-Encoding:gzip
Vary:Accept-Encoding
Expires:Thu, 19 Nov 1981 08:52:00 GMT
Content-Length:1283
X-Powered-By:PHP/5.5.9-1ubuntu4.29
Content-Type:text/html
",a91e79fc2d96fb7f3018bcb3fc79f9bcb2e8ed7a13a04546475434e680712c96b4e92c258441228dc01b8822daad273f65d3b88abbff0e3e8c22a286aaaf1a64,200
http://web/admin/index.php?page=login,GET,"Cookie:PHPSESSID=7ficmi53fn80h3alhbsb1d4pk3
Accept:text/html,application/xhtml+xml,application/xml;q=0.9,image/avif,image/webp,image/apng,*/*;q=0.8,application/signed-exchange;v=b3;q=0.9
User-Agent:Mozilla/5.0 (X11; Linux x86_64) AppleWebKit/537.36 (KHTML, like Gecko) Chrome/85.0.4183.102 Safari/537.36
Referer:http://web/passcheck.php
Upgrade-Insecure-Requests:1
",cf83e1357eefb8bdf1542850d66d8007d620e4050b5715dc83f4a921d36ce9ce47d0d13c5d85f2b0ff8318d2877eec2f63b931bd47417a81a538327af927da3e,"Keep-Alive:timeout=5, max=54
Server:Apache/2.4.7 (Ubuntu)
Connection:Keep-Alive
Pragma:no-cache
Date:Mon, 11 May 2026 20:42:45 GMT
Cache-Control:no-store, no-cache, must-revalidate, post-check=0, pre-check=0
Content-Encoding:gzip
Vary:Accept-Encoding
Expires:Thu, 19 Nov 1981 08:52:00 GMT
Content-Length:217
X-Powered-By:PHP/5.5.9-1ubuntu4.29
Content-Type:text/html
",363da8eb97ef0f4299a04bbf30267f7d3de09a3f4588fda427e17cb9cdd97e194ad894ffce0e365e9d282b011580ca4e688b0bdc83a606685e82af2b7b968d9b,200
http://web/calendar.php?date=1778791419,GET,"Cookie:PHPSESSID=7ficmi53fn80h3alhbsb1d4pk3
Accept:text/html,application/xhtml+xml,application/xml;q=0.9,image/avif,image/webp,image/apng,*/*;q=0.8,application/signed-exchange;v=b3;q=0.9
User-Agent:Mozilla/5.0 (X11; Linux x86_64) AppleWebKit/537.36 (KHTML, like Gecko) Chrome/85.0.4183.102 Safari/537.36
Referer:http://web/calendar.php?date=1778705019
Upgrade-Insecure-Requests:1
",cf83e1357eefb8bdf1542850d66d8007d620e4050b5715dc83f4a921d36ce9ce47d0d13c5d85f2b0ff8318d2877eec2f63b931bd47417a81a538327af927da3e,"Keep-Alive:timeout=5, max=76
Server:Apache/2.4.7 (Ubuntu)
Connection:Keep-Alive
Pragma:no-cache
Date:Mon, 11 May 2026 20:43:41 GMT
Cache-Control:no-store, no-cache, must-revalidate, post-check=0, pre-check=0
Content-Encoding:gzip
Vary:Accept-Encoding
Expires:Thu, 19 Nov 1981 08:52:00 GMT
Content-Length:944
X-Powered-By:PHP/5.5.9-1ubuntu4.29
Content-Type:text/html
",c48580a1bf1289efb290ccfb1b2d6b0bb298e12e82c3be9fd1734a40bc592e6f25a682965369579f37788d19659ffa0a6258daa5114b91163c66b064208438bd,200
http://web/calendar.php?date=1778618573,GET,"Cookie:PHPSESSID=7ficmi53fn80h3alhbsb1d4pk3
Accept:text/html,application/xhtml+xml,application/xml;q=0.9,image/avif,image/webp,image/apng,*/*;q=0.8,application/signed-exchange;v=b3;q=0.9
User-Agent:Mozilla/5.0 (X11; Linux x86_64) AppleWebKit/537.36 (KHTML, like Gecko) Chrome/85.0.4183.102 Safari/537.36
Referer:http://web/calendar.php
Upgrade-Insecure-Requests:1
",cf83e1357eefb8bdf1542850d66d8007d620e4050b5715dc83f4a921d36ce9ce47d0d13c5d85f2b0ff8318d2877eec2f63b931bd47417a81a538327af927da3e,"Keep-Alive:timeout=5, max=43
Server:Apache/2.4.7 (Ubuntu)
Connection:Keep-Alive
Pragma:no-cache
Date:Mon, 11 May 2026 20:42:54 GMT
Cache-Control:no-store, no-cache, must-revalidate, post-check=0, pre-check=0
Content-Encoding:gzip
Vary:Accept-Encoding
Expires:Thu, 19 Nov 1981 08:52:00 GMT
Content-Length:945
X-Powered-By:PHP/5.5.9-1ubuntu4.29
Content-Type:text/html
",faa76867197707c015ba9893a2ac1e6d02f43c4157dc9341f4321e255a52dfd02cd6b9dd35a707184f75b9dabaf43031721a0c547191b2f9b5ff32a7707d9353,200
http://web/users/register.php,GET,"Cookie:PHPSESSID=7ficmi53fn80h3alhbsb1d4pk3
Accept:text/html,application/xhtml+xml,application/xml;q=0.9,image/avif,image/webp,image/apng,*/*;q=0.8,application/signed-exchange;v=b3;q=0.9
User-Agent:Mozilla/5.0 (X11; Linux x86_64) AppleWebKit/537.36 (KHTML, like Gecko) Chrome/85.0.4183.102 Safari/537.36
Referer:http://web/
Upgrade-Insecure-Requests:1
",cf83e1357eefb8bdf1542850d66d8007d620e4050b5715dc83f4a921d36ce9ce47d0d13c5d85f2b0ff8318d2877eec2f63b931bd47417a81a538327af927da3e,"Keep-Alive:timeout=5, max=72
Server:Apache/2.4.7 (Ubuntu)
Connection:Keep-Alive
Pragma:no-cache
Date:Mon, 11 May 2026 20:42:31 GMT
Cache-Control:no-store, no-cache, must-revalidate, post-check=0, pre-check=0
Content-Encoding:gzip
Vary:Accept-Encoding
Expires:Thu, 19 Nov 1981 08:52:00 GMT
Content-Length:1100
X-Powered-By:PHP/5.5.9-1ubuntu4.29
Content-Type:text/html
",3497e5b861bac88f895fd3d0df4fbd666c4dc61447f4b39e852a08d4a0341804995641958a92ddde4f032033fde3f3e492aa83aba984ccd1f4b1bc462559d21f,200
http://web/users/register.php,GET,"Cookie:PHPSESSID=7ficmi53fn80h3alhbsb1d4pk3
Accept:text/html,application/xhtml+xml,application/xml;q=0.9,image/avif,image/webp,image/apng,*/*;q=0.8,application/signed-exchange;v=b3;q=0.9
User-Agent:Mozilla/5.0 (X11; Linux x86_64) AppleWebKit/537.36 (KHTML, like Gecko) Chrome/85.0.4183.102 Safari/537.36
Referer:http://web/
Upgrade-Insecure-Requests:1
",cf83e1357eefb8bdf1542850d66d8007d620e4050b5715dc83f4a921d36ce9ce47d0d13c5d85f2b0ff8318d2877eec2f63b931bd47417a81a538327af927da3e,"Keep-Alive:timeout=5, max=56
Server:Apache/2.4.7 (Ubuntu)
Connection:Keep-Alive
Pragma:no-cache
Date:Mon, 11 May 2026 20:41:28 GMT
Cache-Control:no-store, no-cache, must-revalidate, post-check=0, pre-check=0
Content-Encoding:gzip
Vary:Accept-Encoding
Expires:Thu, 19 Nov 1981 08:52:00 GMT
Content-Length:1100
X-Powered-By:PHP/5.5.9-1ubuntu4.29
Content-Type:text/html
",a38d05938570a38afcd84a09cd7f01d166d3f7607f40878efb0f08b4ec96af848e61a5f6619de1da029bfda06331fc10b17d101a72c6e57156e9ea2949ffe7c3,200
http://web/pictures/upload.php,GET,"Cookie:PHPSESSID=7ficmi53fn80h3alhbsb1d4pk3
Accept:text/html,application/xhtml+xml,application/xml;q=0.9,image/avif,image/webp,image/apng,*/*;q=0.8,application/signed-exchange;v=b3;q=0.9
User-Agent:Mozilla/5.0 (X11; Linux x86_64) AppleWebKit/537.36 (KHTML, like Gecko) Chrome/85.0.4183.102 Safari/537.36
Referer:http://web/calendar.php?date=1778791438
Upgrade-Insecure-Requests:1
",cf83e1357eefb8bdf1542850d66d8007d620e4050b5715dc83f4a921d36ce9ce47d0d13c5d85f2b0ff8318d2877eec2f63b931bd47417a81a538327af927da3e,"Keep-Alive:timeout=5, max=47
Server:Apache/2.4.7 (Ubuntu)
Connection:Keep-Alive
Pragma:no-cache
Date:Mon, 11 May 2026 20:44:01 GMT
Cache-Control:no-store, no-cache, must-revalidate, post-check=0, pre-check=0
Expires:Thu, 19 Nov 1981 08:52:00 GMT
Content-Length:41
X-Powered-By:PHP/5.5.9-1ubuntu4.29
Location:/users/login.php
Content-Type:text/html
",cf83e1357eefb8bdf1542850d66d8007d620e4050b5715dc83f4a921d36ce9ce47d0d13c5d85f2b0ff8318d2877eec2f63b931bd47417a81a538327af927da3e,303
http://web/upload/house/our_house.128_128.jpg,GET,"Cookie:PHPSESSID=7ficmi53fn80h3alhbsb1d4pk3
Accept:image/avif,image/webp,image/apng,image/*,*/*;q=0.8
User-Agent:Mozilla/5.0 (X11; Linux x86_64) AppleWebKit/537.36 (KHTML, like Gecko) Chrome/85.0.4183.102 Safari/537.36
Referer:http://web/pictures/recent.php
",cf83e1357eefb8bdf1542850d66d8007d620e4050b5715dc83f4a921d36ce9ce47d0d13c5d85f2b0ff8318d2877eec2f63b931bd47417a81a538327af927da3e,"Keep-Alive:timeout=5, max=100
Server:Apache/2.4.7 (Ubuntu)
Connection:Keep-Alive
Last-Modified:Thu, 02 Feb 2017 22:24:09 GMT
Date:Mon, 11 May 2026 20:39:39 GMT
Accept-Ranges:bytes
ETag:""309c-547939fb8b440""
Content-Length:12444
Content-Type:image/jpeg
",7398d28ba3dbb6919f8252647510815990d20ed11d0df1881c26de538c790d1114201d4bbee0c5dbf69074677723ca5f4759e3c0f31ab392c87362001168c7d8,200
http://web/calendar.php,GET,"Cookie:PHPSESSID=7ficmi53fn80h3alhbsb1d4pk3
Accept:text/html,application/xhtml+xml,application/xml;q=0.9,image/avif,image/webp,image/apng,*/*;q=0.8,application/signed-exchange;v=b3;q=0.9
User-Agent:Mozilla/5.0 (X11; Linux x86_64) AppleWebKit/537.36 (KHTML, like Gecko) Chrome/85.0.4183.102 Safari/537.36
Referer:http://web/
Upgrade-Insecure-Requests:1
",cf83e1357eefb8bdf1542850d66d8007d620e4050b5715dc83f4a921d36ce9ce47d0d13c5d85f2b0ff8318d2877eec2f63b931bd47417a81a538327af927da3e,"Keep-Alive:timeout=5, max=19
Server:Apache/2.4.7 (Ubuntu)
Connection:Keep-Alive
Pragma:no-cache
Date:Mon, 11 May 2026 20:44:20 GMT
Cache-Control:no-store, no-cache, must-revalidate, post-check=0, pre-check=0
Content-Encoding:gzip
Vary:Accept-Encoding
Expires:Thu, 19 Nov 1981 08:52:00 GMT
Content-Length:944
X-Powered-By:PHP/5.5.9-1ubuntu4.29
Content-Type:text/html
",2f04f32fcb46394e7b04f371e37f8b57b0f8e13198c9e8878ea0cc2f9be6112eed80ddc28d8a9c31390deee4e89def5733a422c36598668fe25889fd69295757,200
http://web/pictures/recent.php,GET,"Cookie:PHPSESSID=7ficmi53fn80h3alhbsb1d4pk3
Accept:text/html,application/xhtml+xml,application/xml;q=0.9,image/avif,image/webp,image/apng,*/*;q=0.8,application/signed-exchange;v=b3;q=0.9
User-Agent:Mozilla/5.0 (X11; Linux x86_64) AppleWebKit/537.36 (KHTML, like Gecko) Chrome/85.0.4183.102 Safari/537.36
Referer:http://web/calendar.php?date=1778705008
Upgrade-Insecure-Requests:1
",cf83e1357eefb8bdf1542850d66d8007d620e4050b5715dc83f4a921d36ce9ce47d0d13c5d85f2b0ff8318d2877eec2f63b931bd47417a81a538327af927da3e,"Keep-Alive:timeout=5, max=91
Server:Apache/2.4.7 (Ubuntu)
Connection:Keep-Alive
Pragma:no-cache
Date:Mon, 11 May 2026 20:43:30 GMT
Cache-Control:no-store, no-cache, must-revalidate, post-check=0, pre-check=0
Content-Encoding:gzip
Vary:Accept-Encoding
Expires:Thu, 19 Nov 1981 08:52:00 GMT
Content-Length:1088
X-Powered-By:PHP/5.5.9-1ubuntu4.29
Content-Type:text/html
",e8c5ca2fe734f794b92382a5b48c72b0ef49468493eba112fc493309871687547feae6a069bddee624594faf14980b0daa72e79f91ffb62028492d3538622966,200
http://web/,GET,"Cookie:PHPSESSID=7ficmi53fn80h3alhbsb1d4pk3
Accept:text/html,application/xhtml+xml,application/xml;q=0.9,image/avif,image/webp,image/apng,*/*;q=0.8,application/signed-exchange;v=b3;q=0.9
User-Agent:Mozilla/5.0 (X11; Linux x86_64) AppleWebKit/537.36 (KHTML, like Gecko) Chrome/85.0.4183.102 Safari/537.36
Upgrade-Insecure-Requests:1
",cf83e1357eefb8bdf1542850d66d8007d620e4050b5715dc83f4a921d36ce9ce47d0d13c5d85f2b0ff8318d2877eec2f63b931bd47417a81a538327af927da3e,"Keep-Alive:timeout=5, max=53
Server:Apache/2.4.7 (Ubuntu)
Connection:Keep-Alive
Pragma:no-cache
Date:Mon, 11 May 2026 20:41:31 GMT
Cache-Control:no-store, no-cache, must-revalidate, post-check=0, pre-check=0
Content-Encoding:gzip
Vary:Accept-Encoding
Expires:Thu, 19 Nov 1981 08:52:00 GMT
Content-Length:1283
X-Powered-By:PHP/5.5.9-1ubuntu4.29
Content-Type:text/html
",139210042d3cc03011c73f47c2b03b6b9ba138cee89daf31eb3050793ab6d0d0b96d9675d7704ce155734a46bc5d6803e93b3b17a23511b660790ec7cbb3b76e,200
http://web/admin/index.php?page=login,POST,"Origin:http://web
Cookie:PHPSESSID=7ficmi53fn80h3alhbsb1d4pk3
Accept:text/html,application/xhtml+xml,application/xml;q=0.9,image/avif,image/webp,image/apng,*/*;q=0.8,application/signed-exchange;v=b3;q=0.9
User-Agent:Mozilla/5.0 (X11; Linux x86_64) AppleWebKit/537.36 (KHTML, like Gecko) Chrome/85.0.4183.102 Safari/537.36
Referer:http://web/admin/index.php?page=login
Upgrade-Insecure-Requests:1
Content-Type:application/x-www-form-urlencoded
",548377f2e5696d602ebea5cf51b1a44ec490373d18d7bf7279cdf508a0ebb68c5b213972afdf381cd9fc180c48a33f3bd2a8d32cb3ef18fd7254e3947c1ddf31,"Keep-Alive:timeout=5, max=79
Server:Apache/2.4.7 (Ubuntu)
Connection:Keep-Alive
Pragma:no-cache
Date:Mon, 11 May 2026 20:39:56 GMT
Cache-Control:no-store, no-cache, must-revalidate, post-check=0, pre-check=0
Content-Encoding:gzip
Vary:Accept-Encoding
Expires:Thu, 19 Nov 1981 08:52:00 GMT
Content-Length:216
X-Powered-By:PHP/5.5.9-1ubuntu4.29
Content-Type:text/html
",d1ec8aea5f007fac71c9313580023067af3243c93aac1617b42beac78af7ab978f0e38f6cc338254b49509c9111a58470e237d0af770054f2bdb5eb8b46e6726,200
http://web/pictures/recent.php,GET,"Cookie:PHPSESSID=7ficmi53fn80h3alhbsb1d4pk3
Accept:text/html,application/xhtml+xml,application/xml;q=0.9,image/avif,image/webp,image/apng,*/*;q=0.8,application/signed-exchange;v=b3;q=0.9
User-Agent:Mozilla/5.0 (X11; Linux x86_64) AppleWebKit/537.36 (KHTML, like Gecko) Chrome/85.0.4183.102 Safari/537.36
Referer:http://web/tos.php
Upgrade-Insecure-Requests:1
",cf83e1357eefb8bdf1542850d66d8007d620e4050b5715dc83f4a921d36ce9ce47d0d13c5d85f2b0ff8318d2877eec2f63b931bd47417a81a538327af927da3e,"Keep-Alive:timeout=5, max=84
Server:Apache/2.4.7 (Ubuntu)
Connection:Keep-Alive
Pragma:no-cache
Date:Mon, 11 May 2026 20:41:05 GMT
Cache-Control:no-store, no-cache, must-revalidate, post-check=0, pre-check=0
Content-Encoding:gzip
Vary:Accept-Encoding
Expires:Thu, 19 Nov 1981 08:52:00 GMT
Content-Length:1087
X-Powered-By:PHP/5.5.9-1ubuntu4.29
Content-Type:text/html
",a094009e0fd1ee625ce1b55ba5079e24098ef096aeccc7ada7dd7900fa68716fa7d68b55622db9ea9e483e53bae4d9ae98e016b7f51244d7d2f1bd3c3ec044d6,200
http://web/,GET,"Cookie:PHPSESSID=7ficmi53fn80h3alhbsb1d4pk3
Accept:text/html,application/xhtml+xml,application/xml;q=0.9,image/avif,image/webp,image/apng,*/*;q=0.8,application/signed-exchange;v=b3;q=0.9
User-Agent:Mozilla/5.0 (X11; Linux x86_64) AppleWebKit/537.36 (KHTML, like Gecko) Chrome/85.0.4183.102 Safari/537.36
Referer:http://web/calendar.php?date=1778705023
Upgrade-Insecure-Requests:1
",cf83e1357eefb8bdf1542850d66d8007d620e4050b5715dc83f4a921d36ce9ce47d0d13c5d85f2b0ff8318d2877eec2f63b931bd47417a81a538327af927da3e,"Keep-Alive:timeout=5, max=70
Server:Apache/2.4.7 (Ubuntu)
Connection:Keep-Alive
Pragma:no-cache
Date:Mon, 11 May 2026 20:43:45 GMT
Cache-Control:no-store, no-cache, must-revalidate, post-check=0, pre-check=0
Content-Encoding:gzip
Vary:Accept-Encoding
Expires:Thu, 19 Nov 1981 08:52:00 GMT
Content-Length:1284
X-Powered-By:PHP/5.5.9-1ubuntu4.29
Content-Type:text/html
",72815de96393685bd7e4cb61784a5413ed0f8249e17221b1a74edfaf2eb6029b2cf8f9c2c05c8795dca6ef3834d67e6acb6b00647096248f47ac2218c89e1331,200
http://web/,GET,"Cookie:PHPSESSID=7ficmi53fn80h3alhbsb1d4pk3
Accept:text/html,application/xhtml+xml,application/xml;q=0.9,image/avif,image/webp,image/apng,*/*;q=0.8,application/signed-exchange;v=b3;q=0.9
User-Agent:Mozilla/5.0 (X11; Linux x86_64) AppleWebKit/537.36 (KHTML, like Gecko) Chrome/85.0.4183.102 Safari/537.36
Upgrade-Insecure-Requests:1
",cf83e1357eefb8bdf1542850d66d8007d620e4050b5715dc83f4a921d36ce9ce47d0d13c5d85f2b0ff8318d2877eec2f63b931bd47417a81a538327af927da3e,"Keep-Alive:timeout=5, max=64
Server:Apache/2.4.7 (Ubuntu)
Connection:Keep-Alive
Pragma:no-cache
Date:Mon, 11 May 2026 20:43:49 GMT
Cache-Control:no-store, no-cache, must-revalidate, post-check=0, pre-check=0
Content-Encoding:gzip
Vary:Accept-Encoding
Expires:Thu, 19 Nov 1981 08:52:00 GMT
Content-Length:1284
X-Powered-By:PHP/5.5.9-1ubuntu4.29
Content-Type:text/html
",a6d66179144f31d53561311d2ccb92382fea86c7549eb280afa42b851c54178ea475c1970a5a6dcf6d1da1ca25beef3ed401f805f46868bb6b95255d8691f313,200
http://web/pictures/recent.php,GET,"Cookie:PHPSESSID=7ficmi53fn80h3alhbsb1d4pk3
Accept:text/html,application/xhtml+xml,application/xml;q=0.9,image/avif,image/webp,image/apng,*/*;q=0.8,application/signed-exchange;v=b3;q=0.9
User-Agent:Mozilla/5.0 (X11; Linux x86_64) AppleWebKit/537.36 (KHTML, like Gecko) Chrome/85.0.4183.102 Safari/537.36
Referer:http://web/
Upgrade-Insecure-Requests:1
",cf83e1357eefb8bdf1542850d66d8007d620e4050b5715dc83f4a921d36ce9ce47d0d13c5d85f2b0ff8318d2877eec2f63b931bd47417a81a538327af927da3e,"Keep-Alive:timeout=5, max=97
Server:Apache/2.4.7 (Ubuntu)
Connection:Keep-Alive
Pragma:no-cache
Date:Mon, 11 May 2026 20:39:41 GMT
Cache-Control:no-store, no-cache, must-revalidate, post-check=0, pre-check=0
Content-Encoding:gzip
Vary:Accept-Encoding
Expires:Thu, 19 Nov 1981 08:52:00 GMT
Content-Length:1088
X-Powered-By:PHP/5.5.9-1ubuntu4.29
Content-Type:text/html
",ec9ad6101a7288a561acf862f80f04e41a21682aae5eb2d13a96d7414a3d41c64612b611135b9527d240f0089c2fe60f46b8eeaa489fc59fc38ba37dbb1e3164,200
http://web/pictures/view.php?picid=15,GET,"Cookie:PHPSESSID=7ficmi53fn80h3alhbsb1d4pk3
Accept:text/html,application/xhtml+xml,application/xml;q=0.9,image/avif,image/webp,image/apng,*/*;q=0.8,application/signed-exchange;v=b3;q=0.9
User-Agent:Mozilla/5.0 (X11; Linux x86_64) AppleWebKit/537.36 (KHTML, like Gecko) Chrome/85.0.4183.102 Safari/537.36
Referer:http://web/pictures/recent.php
Upgrade-Insecure-Requests:1
",cf83e1357eefb8bdf1542850d66d8007d620e4050b5715dc83f4a921d36ce9ce47d0d13c5d85f2b0ff8318d2877eec2f63b931bd47417a81a538327af927da3e,"Keep-Alive:timeout=5, max=44
Server:Apache/2.4.7 (Ubuntu)
Connection:Keep-Alive
Pragma:no-cache
Date:Mon, 11 May 2026 20:40:23 GMT
Cache-Control:no-store, no-cache, must-revalidate, post-check=0, pre-check=0
Expires:Thu, 19 Nov 1981 08:52:00 GMT
Content-Length:41
X-Powered-By:PHP/5.5.9-1ubuntu4.29
Location:/users/login.php
Content-Type:text/html
",cf83e1357eefb8bdf1542850d66d8007d620e4050b5715dc83f4a921d36ce9ce47d0d13c5d85f2b0ff8318d2877eec2f63b931bd47417a81a538327af927da3e,303
http://web/calendar.php,GET,"Cookie:PHPSESSID=7ficmi53fn80h3alhbsb1d4pk3
Accept:text/html,application/xhtml+xml,application/xml;q=0.9,image/avif,image/webp,image/apng,*/*;q=0.8,application/signed-exchange;v=b3;q=0.9
User-Agent:Mozilla/5.0 (X11; Linux x86_64) AppleWebKit/537.36 (KHTML, like Gecko) Chrome/85.0.4183.102 Safari/537.36
Referer:http://web/
Upgrade-Insecure-Requests:1
",cf83e1357eefb8bdf1542850d66d8007d620e4050b5715dc83f4a921d36ce9ce47d0d13c5d85f2b0ff8318d2877eec2f63b931bd47417a81a538327af927da3e,"Keep-Alive:timeout=5, max=98
Server:Apache/2.4.7 (Ubuntu)
Connection:Keep-Alive
Pragma:no-cache
Date:Mon, 11 May 2026 20:42:12 GMT
Cache-Control:no-store, no-cache, must-revalidate, post-check=0, pre-check=0
Content-Encoding:gzip
Vary:Accept-Encoding
Expires:Thu, 19 Nov 1981 08:52:00 GMT
Content-Length:944
X-Powered-By:PHP/5.5.9-1ubuntu4.29
Content-Type:text/html
",82c93befe74a3c50f8a6e8172608e7ed1b2b34c2f82de58cd7ea20e0e7949307fd8c3af62f6b2a0261d1b17572dad61024c794ca8ded168940d263003c2b5b10,200
http://web/,GET,"Cookie:PHPSESSID=7ficmi53fn80h3alhbsb1d4pk3
Accept:text/html,application/xhtml+xml,application/xml;q=0.9,image/avif,image/webp,image/apng,*/*;q=0.8,application/signed-exchange;v=b3;q=0.9
User-Agent:Mozilla/5.0 (X11; Linux x86_64) AppleWebKit/537.36 (KHTML, like Gecko) Chrome/85.0.4183.102 Safari/537.36
Upgrade-Insecure-Requests:1
",cf83e1357eefb8bdf1542850d66d8007d620e4050b5715dc83f4a921d36ce9ce47d0d13c5d85f2b0ff8318d2877eec2f63b931bd47417a81a538327af927da3e,"Keep-Alive:timeout=5, max=69
Server:Apache/2.4.7 (Ubuntu)
Connection:Keep-Alive
Pragma:no-cache
Date:Mon, 11 May 2026 20:42:33 GMT
Cache-Control:no-store, no-cache, must-revalidate, post-check=0, pre-check=0
Content-Encoding:gzip
Vary:Accept-Encoding
Expires:Thu, 19 Nov 1981 08:52:00 GMT
Content-Length:1284
X-Powered-By:PHP/5.5.9-1ubuntu4.29
Content-Type:text/html
",3adbcb675c1a082f0a1b173e315c0ae89c7ddb4c5352c83c0bb4c09939ce2f47a9522cb85aaf81ff05da0b244947a3acdbbc5dcb59baf543a4603f8cf4dab0c2,200
http://web/users/login.php,GET,"Cookie:PHPSESSID=7ficmi53fn80h3alhbsb1d4pk3
Accept:text/html,application/xhtml+xml,application/xml;q=0.9,image/avif,image/webp,image/apng,*/*;q=0.8,application/signed-exchange;v=b3;q=0.9
User-Agent:Mozilla/5.0 (X11; Linux x86_64) AppleWebKit/537.36 (KHTML, like Gecko) Chrome/85.0.4183.102 Safari/537.36
Referer:http://web/calendar.php?date=1778618585
Upgrade-Insecure-Requests:1
",cf83e1357eefb8bdf1542850d66d8007d620e4050b5715dc83f4a921d36ce9ce47d0d13c5d85f2b0ff8318d2877eec2f63b931bd47417a81a538327af927da3e,"Keep-Alive:timeout=5, max=24
Server:Apache/2.4.7 (Ubuntu)
Connection:Keep-Alive
Pragma:no-cache
Date:Mon, 11 May 2026 20:43:06 GMT
Cache-Control:no-store, no-cache, must-revalidate, post-check=0, pre-check=0
Content-Encoding:gzip
Vary:Accept-Encoding
Expires:Thu, 19 Nov 1981 08:52:00 GMT
Content-Length:976
X-Powered-By:PHP/5.5.9-1ubuntu4.29
Content-Type:text/html
",db071081e31c59648690a5c5424c4958dffa0e601caa993ac8bda70c8fedaa3e76beda9052a0bc1e301c5443e53b0f12d811c18b44d0c11bb75516f92086dbe1,200
http://web/calendar.php,GET,"Cookie:PHPSESSID=7ficmi53fn80h3alhbsb1d4pk3
Accept:text/html,application/xhtml+xml,application/xml;q=0.9,image/avif,image/webp,image/apng,*/*;q=0.8,application/signed-exchange;v=b3;q=0.9
User-Agent:Mozilla/5.0 (X11; Linux x86_64) AppleWebKit/537.36 (KHTML, like Gecko) Chrome/85.0.4183.102 Safari/537.36
Referer:http://web/
Upgrade-Insecure-Requests:1
",cf83e1357eefb8bdf1542850d66d8007d620e4050b5715dc83f4a921d36ce9ce47d0d13c5d85f2b0ff8318d2877eec2f63b931bd47417a81a538327af927da3e,"Keep-Alive:timeout=5, max=75
Server:Apache/2.4.7 (Ubuntu)
Connection:Keep-Alive
Pragma:no-cache
Date:Mon, 11 May 2026 20:40:00 GMT
Cache-Control:no-store, no-cache, must-revalidate, post-check=0, pre-check=0
Content-Encoding:gzip
Vary:Accept-Encoding
Expires:Thu, 19 Nov 1981 08:52:00 GMT
Content-Length:944
X-Powered-By:PHP/5.5.9-1ubuntu4.29
Content-Type:text/html
",c73a61179cfb56cfc0deefc12990d795b880052181ded3a19112bfbb184d50ac0bb741b03ed77b613440a985fad6984610d4aa37b3811ca1106e599f8d93a219,200
http://web/passcheck.php,GET,"Cookie:PHPSESSID=7ficmi53fn80h3alhbsb1d4pk3
Accept:text/html,application/xhtml+xml,application/xml;q=0.9,image/avif,image/webp,image/apng,*/*;q=0.8,application/signed-exchange;v=b3;q=0.9
User-Agent:Mozilla/5.0 (X11; Linux x86_64) AppleWebKit/537.36 (KHTML, like Gecko) Chrome/85.0.4183.102 Safari/537.36
Referer:http://web/users/register.php
Upgrade-Insecure-Requests:1
",cf83e1357eefb8bdf1542850d66d8007d620e4050b5715dc83f4a921d36ce9ce47d0d13c5d85f2b0ff8318d2877eec2f63b931bd47417a81a538327af927da3e,"Keep-Alive:timeout=5, max=76
Server:Apache/2.4.7 (Ubuntu)
Connection:Keep-Alive
Pragma:no-cache
Date:Mon, 11 May 2026 20:42:28 GMT
Cache-Control:no-store, no-cache, must-revalidate, post-check=0, pre-check=0
Content-Encoding:gzip
Vary:Accept-Encoding
Expires:Thu, 19 Nov 1981 08:52:00 GMT
Content-Length:928
X-Powered-By:PHP/5.5.9-1ubuntu4.29
Content-Type:text/html
",2da9f4544c64f946245da84b3f490ccf9280968df3201aca834a56ec1e2bc6c083bb20dae1c573234ee44a7c7090b97234a6481287a70a061d05f2e4208db666,200
http://web/guestbook.php,GET,"Cookie:PHPSESSID=7ficmi53fn80h3alhbsb1d4pk3
Accept:text/html,application/xhtml+xml,application/xml;q=0.9,image/avif,image/webp,image/apng,*/*;q=0.8,application/signed-exchange;v=b3;q=0.9
User-Agent:Mozilla/5.0 (X11; Linux x86_64) AppleWebKit/537.36 (KHTML, like Gecko) Chrome/85.0.4183.102 Safari/537.36
Referer:http://web/users/login.php
Upgrade-Insecure-Requests:1
",cf83e1357eefb8bdf1542850d66d8007d620e4050b5715dc83f4a921d36ce9ce47d0d13c5d85f2b0ff8318d2877eec2f63b931bd47417a81a538327af927da3e,"Keep-Alive:timeout=5, max=94
Server:Apache/2.4.7 (Ubuntu)
Connection:Keep-Alive
Pragma:no-cache
Date:Mon, 11 May 2026 20:39:43 GMT
Cache-Control:no-store, no-cache, must-revalidate, post-check=0, pre-check=0
Content-Encoding:gzip
Vary:Accept-Encoding
Expires:Thu, 19 Nov 1981 08:52:00 GMT
Content-Length:998
X-Powered-By:PHP/5.5.9-1ubuntu4.29
Content-Type:text/html
",70a31b60d6a4ad2ca172df939318b0b9556411e17adf0acc98d99d6d271f0f3de272418079faf5f15b558d0065603b97f9ec7e55ad73efb49a50f1c164f22090,200
http://web/calendar.php,GET,"Cookie:PHPSESSID=7ficmi53fn80h3alhbsb1d4pk3
Accept:text/html,application/xhtml+xml,application/xml;q=0.9,image/avif,image/webp,image/apng,*/*;q=0.8,application/signed-exchange;v=b3;q=0.9
User-Agent:Mozilla/5.0 (X11; Linux x86_64) AppleWebKit/537.36 (KHTML, like Gecko) Chrome/85.0.4183.102 Safari/537.36
Referer:http://web/
Upgrade-Insecure-Requests:1
",cf83e1357eefb8bdf1542850d66d8007d620e4050b5715dc83f4a921d36ce9ce47d0d13c5d85f2b0ff8318d2877eec2f63b931bd47417a81a538327af927da3e,"Keep-Alive:timeout=5, max=1
Server:Apache/2.4.7 (Ubuntu)
Connection:Keep-Alive
Pragma:no-cache
Date:Mon, 11 May 2026 20:42:08 GMT
Cache-Control:no-store, no-cache, must-revalidate, post-check=0, pre-check=0
Content-Encoding:gzip
Vary:Accept-Encoding
Expires:Thu, 19 Nov 1981 08:52:00 GMT
Content-Length:944
X-Powered-By:PHP/5.5.9-1ubuntu4.29
Content-Type:text/html
",0e29ce73574b0899523ba24ea42ded1ef0c1c16c8489c5381220a2e7701f3cfe53d4c5bd6a46972fa553fb61a83d761c42daa3320717206b925d4a9ac6a99f52,200
http://web/pictures/recent.php,GET,"Cookie:PHPSESSID=7ficmi53fn80h3alhbsb1d4pk3
Accept:text/html,application/xhtml+xml,application/xml;q=0.9,image/avif,image/webp,image/apng,*/*;q=0.8,application/signed-exchange;v=b3;q=0.9
User-Agent:Mozilla/5.0 (X11; Linux x86_64) AppleWebKit/537.36 (KHTML, like Gecko) Chrome/85.0.4183.102 Safari/537.36
Referer:http://web/users/register.php
Upgrade-Insecure-Requests:1
",cf83e1357eefb8bdf1542850d66d8007d620e4050b5715dc83f4a921d36ce9ce47d0d13c5d85f2b0ff8318d2877eec2f63b931bd47417a81a538327af927da3e,"Keep-Alive:timeout=5, max=74
Server:Apache/2.4.7 (Ubuntu)
Connection:Keep-Alive
Pragma:no-cache
Date:Mon, 11 May 2026 20:41:13 GMT
Cache-Control:no-store, no-cache, must-revalidate, post-check=0, pre-check=0
Content-Encoding:gzip
Vary:Accept-Encoding
Expires:Thu, 19 Nov 1981 08:52:00 GMT
Content-Length:1088
X-Powered-By:PHP/5.5.9-1ubuntu4.29
Content-Type:text/html
",fba04cb2a42903a1f66db080833994a9b8c2990f84bf6981e07a3f3cb134856abd3ca8eda8256f688da1a09488b5fba98a8a3973c94b8564662816e32ffcafd8,200
http://web/,GET,"Cookie:PHPSESSID=7ficmi53fn80h3alhbsb1d4pk3
Accept:text/html,application/xhtml+xml,application/xml;q=0.9,image/avif,image/webp,image/apng,*/*;q=0.8,application/signed-exchange;v=b3;q=0.9
User-Agent:Mozilla/5.0 (X11; Linux x86_64) AppleWebKit/537.36 (KHTML, like Gecko) Chrome/85.0.4183.102 Safari/537.36
Upgrade-Insecure-Requests:1
",cf83e1357eefb8bdf1542850d66d8007d620e4050b5715dc83f4a921d36ce9ce47d0d13c5d85f2b0ff8318d2877eec2f63b931bd47417a81a538327af927da3e,"Keep-Alive:timeout=5, max=15
Server:Apache/2.4.7 (Ubuntu)
Connection:Keep-Alive
Pragma:no-cache
Date:Mon, 11 May 2026 20:41:58 GMT
Cache-Control:no-store, no-cache, must-revalidate, post-check=0, pre-check=0
Content-Encoding:gzip
Vary:Accept-Encoding
Expires:Thu, 19 Nov 1981 08:52:00 GMT
Content-Length:1283
X-Powered-By:PHP/5.5.9-1ubuntu4.29
Content-Type:text/html
",ebbd3fa92909bbaffbe6e9ad5dcf774f0e2418cbb3b33fef4d93775b3a98a95f74da351f9ade50161aa1ccf8c69e4a51a475f35e08fe4f7091b6c4d59e0d7087,200
http://web/pictures/recent.php,GET,"Cookie:PHPSESSID=7ficmi53fn80h3alhbsb1d4pk3
Accept:text/html,application/xhtml+xml,application/xml;q=0.9,image/avif,image/webp,image/apng,*/*;q=0.8,application/signed-exchange;v=b3;q=0.9
User-Agent:Mozilla/5.0 (X11; Linux x86_64) AppleWebKit/537.36 (KHTML, like Gecko) Chrome/85.0.4183.102 Safari/537.36
Referer:http://web/
Upgrade-Insecure-Requests:1
",cf83e1357eefb8bdf1542850d66d8007d620e4050b5715dc83f4a921d36ce9ce47d0d13c5d85f2b0ff8318d2877eec2f63b931bd47417a81a538327af927da3e,"Keep-Alive:timeout=5, max=48
Server:Apache/2.4.7 (Ubuntu)
Connection:Keep-Alive
Pragma:no-cache
Date:Mon, 11 May 2026 20:40:20 GMT
Cache-Control:no-store, no-cache, must-revalidate, post-check=0, pre-check=0
Content-Encoding:gzip
Vary:Accept-Encoding
Expires:Thu, 19 Nov 1981 08:52:00 GMT
Content-Length:1088
X-Powered-By:PHP/5.5.9-1ubuntu4.29
Content-Type:text/html
",ba4cc32b20fce7d2c6430298cde776526dda45f8aaf38e0c9f10ea7b843e5ec4156239b6cac66dc00295a6c062043eaefda6b1550caea050ed75961e8953660c,200
http://web/guestbook.php,GET,"Cookie:PHPSESSID=7ficmi53fn80h3alhbsb1d4pk3
Accept:text/html,application/xhtml+xml,application/xml;q=0.9,image/avif,image/webp,image/apng,*/*;q=0.8,application/signed-exchange;v=b3;q=0.9
User-Agent:Mozilla/5.0 (X11; Linux x86_64) AppleWebKit/537.36 (KHTML, like Gecko) Chrome/85.0.4183.102 Safari/537.36
Referer:http://web/
Upgrade-Insecure-Requests:1
",cf83e1357eefb8bdf1542850d66d8007d620e4050b5715dc83f4a921d36ce9ce47d0d13c5d85f2b0ff8318d2877eec2f63b931bd47417a81a538327af927da3e,"Keep-Alive:timeout=5, max=96
Server:Apache/2.4.7 (Ubuntu)
Connection:Keep-Alive
Pragma:no-cache
Date:Mon, 11 May 2026 20:40:55 GMT
Cache-Control:no-store, no-cache, must-revalidate, post-check=0, pre-check=0
Content-Encoding:gzip
Vary:Accept-Encoding
Expires:Thu, 19 Nov 1981 08:52:00 GMT
Content-Length:998
X-Powered-By:PHP/5.5.9-1ubuntu4.29
Content-Type:text/html
",357de457e5973bd0a5a3a9a588e465392cfc73e8cf63999260f5cb61d99adb09d360e3c70330a766354a31b6f945f9c04f89ef2d1ccd6e472b65b581c718610e,200
http://web/calendar.php?date=1778618582,GET,"Cookie:PHPSESSID=7ficmi53fn80h3alhbsb1d4pk3
Accept:text/html,application/xhtml+xml,application/xml;q=0.9,image/avif,image/webp,image/apng,*/*;q=0.8,application/signed-exchange;v=b3;q=0.9
User-Agent:Mozilla/5.0 (X11; Linux x86_64) AppleWebKit/537.36 (KHTML, like Gecko) Chrome/85.0.4183.102 Safari/537.36
Referer:http://web/calendar.php
Upgrade-Insecure-Requests:1
",cf83e1357eefb8bdf1542850d66d8007d620e4050b5715dc83f4a921d36ce9ce47d0d13c5d85f2b0ff8318d2877eec2f63b931bd47417a81a538327af927da3e,"Keep-Alive:timeout=5, max=29
Server:Apache/2.4.7 (Ubuntu)
Connection:Keep-Alive
Pragma:no-cache
Date:Mon, 11 May 2026 20:43:02 GMT
Cache-Control:no-store, no-cache, must-revalidate, post-check=0, pre-check=0
Content-Encoding:gzip
Vary:Accept-Encoding
Expires:Thu, 19 Nov 1981 08:52:00 GMT
Content-Length:944
X-Powered-By:PHP/5.5.9-1ubuntu4.29
Content-Type:text/html
",5136e895586b8b36d35f2d4d581c954a77a0df05887e0a66b6a2b063342b6270dba83bd3bdd48e58f990c5fb61a0e79abf00050908d0059e2b09f29fc80e34d0,200
http://web/pictures/upload.php,GET,"Cookie:PHPSESSID=7ficmi53fn80h3alhbsb1d4pk3
Accept:text/html,application/xhtml+xml,application/xml;q=0.9,image/avif,image/webp,image/apng,*/*;q=0.8,application/signed-exchange;v=b3;q=0.9
User-Agent:Mozilla/5.0 (X11; Linux x86_64) AppleWebKit/537.36 (KHTML, like Gecko) Chrome/85.0.4183.102 Safari/537.36
Referer:http://web/passcheck.php
Upgrade-Insecure-Requests:1
",cf83e1357eefb8bdf1542850d66d8007d620e4050b5715dc83f4a921d36ce9ce47d0d13c5d85f2b0ff8318d2877eec2f63b931bd47417a81a538327af927da3e,"Keep-Alive:timeout=5, max=75
Server:Apache/2.4.7 (Ubuntu)
Connection:Keep-Alive
Pragma:no-cache
Date:Mon, 11 May 2026 20:42:29 GMT
Cache-Control:no-store, no-cache, must-revalidate, post-check=0, pre-check=0
Expires:Thu, 19 Nov 1981 08:52:00 GMT
Content-Length:41
X-Powered-By:PHP/5.5.9-1ubuntu4.29
Location:/users/login.php
Content-Type:text/html
",cf83e1357eefb8bdf1542850d66d8007d620e4050b5715dc83f4a921d36ce9ce47d0d13c5d85f2b0ff8318d2877eec2f63b931bd47417a81a538327af927da3e,303
http://web/users/register.php,GET,"Cookie:PHPSESSID=7ficmi53fn80h3alhbsb1d4pk3
Accept:text/html,application/xhtml+xml,application/xml;q=0.9,image/avif,image/webp,image/apng,*/*;q=0.8,application/signed-exchange;v=b3;q=0.9
User-Agent:Mozilla/5.0 (X11; Linux x86_64) AppleWebKit/537.36 (KHTML, like Gecko) Chrome/85.0.4183.102 Safari/537.36
Referer:http://web/
Upgrade-Insecure-Requests:1
",cf83e1357eefb8bdf1542850d66d8007d620e4050b5715dc83f4a921d36ce9ce47d0d13c5d85f2b0ff8318d2877eec2f63b931bd47417a81a538327af927da3e,"Keep-Alive:timeout=5, max=48
Server:Apache/2.4.7 (Ubuntu)
Connection:Keep-Alive
Pragma:no-cache
Date:Mon, 11 May 2026 20:42:50 GMT
Cache-Control:no-store, no-cache, must-revalidate, post-check=0, pre-check=0
Content-Encoding:gzip
Vary:Accept-Encoding
Expires:Thu, 19 Nov 1981 08:52:00 GMT
Content-Length:1100
X-Powered-By:PHP/5.5.9-1ubuntu4.29
Content-Type:text/html
",49147589688ed205fd22c6bd00244356d5100a5c5263e885cd71d0dd0fc83346eef5e38b1ad2ac23df71556e495626f8fb6d4e50d412d506b3f0aedf2413f9c4,200
http://web/users/login.php,GET,"Cookie:PHPSESSID=7ficmi53fn80h3alhbsb1d4pk3
Accept:text/html,application/xhtml+xml,application/xml;q=0.9,image/avif,image/webp,image/apng,*/*;q=0.8,application/signed-exchange;v=b3;q=0.9
User-Agent:Mozilla/5.0 (X11; Linux x86_64) AppleWebKit/537.36 (KHTML, like Gecko) Chrome/85.0.4183.102 Safari/537.36
Referer:http://web/calendar.php?date=1778791438
Upgrade-Insecure-Requests:1
",cf83e1357eefb8bdf1542850d66d8007d620e4050b5715dc83f4a921d36ce9ce47d0d13c5d85f2b0ff8318d2877eec2f63b931bd47417a81a538327af927da3e,"Keep-Alive:timeout=5, max=46
Server:Apache/2.4.7 (Ubuntu)
Connection:Keep-Alive
Pragma:no-cache
Date:Mon, 11 May 2026 20:44:01 GMT
Cache-Control:no-store, no-cache, must-revalidate, post-check=0, pre-check=0
Content-Encoding:gzip
Vary:Accept-Encoding
Expires:Thu, 19 Nov 1981 08:52:00 GMT
Content-Length:977
X-Powered-By:PHP/5.5.9-1ubuntu4.29
Content-Type:text/html
",a2c5ece8674074165bfd3bc2a024d924e3185507605f7cb159d52bcf132ef3a11e589c1f24a4ae85060d48879101970358385a82ee8158ca24486519f850bad1,200
http://web/,GET,"Cookie:PHPSESSID=7ficmi53fn80h3alhbsb1d4pk3
Accept:text/html,application/xhtml+xml,application/xml;q=0.9,image/avif,image/webp,image/apng,*/*;q=0.8,application/signed-exchange;v=b3;q=0.9
User-Agent:Mozilla/5.0 (X11; Linux x86_64) AppleWebKit/537.36 (KHTML, like Gecko) Chrome/85.0.4183.102 Safari/537.36
Upgrade-Insecure-Requests:1
",cf83e1357eefb8bdf1542850d66d8007d620e4050b5715dc83f4a921d36ce9ce47d0d13c5d85f2b0ff8318d2877eec2f63b931bd47417a81a538327af927da3e,"Keep-Alive:timeout=5, max=73
Server:Apache/2.4.7 (Ubuntu)
Connection:Keep-Alive
Pragma:no-cache
Date:Mon, 11 May 2026 20:41:13 GMT
Cache-Control:no-store, no-cache, must-revalidate, post-check=0, pre-check=0
Content-Encoding:gzip
Vary:Accept-Encoding
Expires:Thu, 19 Nov 1981 08:52:00 GMT
Content-Length:1283
X-Powered-By:PHP/5.5.9-1ubuntu4.29
Content-Type:text/html
",b32e95e2f854d711be453e0a1ac1ef39805380459fbcab6225e084de6a79570bf55deb412a940db0c0acec83c2ea6cfeeea9df7ab91f00a693b7b610356274eb,200
http://web/calendar.php?date=1778618611,GET,"Cookie:PHPSESSID=7ficmi53fn80h3alhbsb1d4pk3
Accept:text/html,application/xhtml+xml,application/xml;q=0.9,image/avif,image/webp,image/apng,*/*;q=0.8,application/signed-exchange;v=b3;q=0.9
User-Agent:Mozilla/5.0 (X11; Linux x86_64) AppleWebKit/537.36 (KHTML, like Gecko) Chrome/85.0.4183.102 Safari/537.36
Referer:http://web/calendar.php
Upgrade-Insecure-Requests:1
",cf83e1357eefb8bdf1542850d66d8007d620e4050b5715dc83f4a921d36ce9ce47d0d13c5d85f2b0ff8318d2877eec2f63b931bd47417a81a538327af927da3e,"Keep-Alive:timeout=5, max=88
Server:Apache/2.4.7 (Ubuntu)
Connection:Keep-Alive
Pragma:no-cache
Date:Mon, 11 May 2026 20:43:32 GMT
Cache-Control:no-store, no-cache, must-revalidate, post-check=0, pre-check=0
Content-Encoding:gzip
Vary:Accept-Encoding
Expires:Thu, 19 Nov 1981 08:52:00 GMT
Content-Length:945
X-Powered-By:PHP/5.5.9-1ubuntu4.29
Content-Type:text/html
",82b9dfac441b73fc4c690ee5a6de632bb6d9277b36ed71fcf4653d56c1a19fd58577cbc0b0e9d5072bd3bff36a779768859a8330f30379f651e4f1d006c0cc8e,200
http://web/guestbook.php,GET,"Cookie:PHPSESSID=7ficmi53fn80h3alhbsb1d4pk3
Accept:text/html,application/xhtml+xml,application/xml;q=0.9,image/avif,image/webp,image/apng,*/*;q=0.8,application/signed-exchange;v=b3;q=0.9
User-Agent:Mozilla/5.0 (X11; Linux x86_64) AppleWebKit/537.36 (KHTML, like Gecko) Chrome/85.0.4183.102 Safari/537.36
Referer:http://web/passcheck.php
Upgrade-Insecure-Requests:1
",cf83e1357eefb8bdf1542850d66d8007d620e4050b5715dc83f4a921d36ce9ce47d0d13c5d85f2b0ff8318d2877eec2f63b931bd47417a81a538327af927da3e,"Keep-Alive:timeout=5, max=66
Server:Apache/2.4.7 (Ubuntu)
Connection:Keep-Alive
Pragma:no-cache
Date:Mon, 11 May 2026 20:42:35 GMT
Cache-Control:no-store, no-cache, must-revalidate, post-check=0, pre-check=0
Content-Encoding:gzip
Vary:Accept-Encoding
Expires:Thu, 19 Nov 1981 08:52:00 GMT
Content-Length:999
X-Powered-By:PHP/5.5.9-1ubuntu4.29
Content-Type:text/html
",a09bee8a42034bd684e70f52acebebb763d9325fbd30a0d35ffbb7ade01b4b7dd555400fbcdf5b4b58ade10bf6aaf4bcd978f2ecf8e039d14afd3dc84ce704f0,200
http://web/,GET,"Cookie:PHPSESSID=7ficmi53fn80h3alhbsb1d4pk3
Accept:text/html,application/xhtml+xml,application/xml;q=0.9,image/avif,image/webp,image/apng,*/*;q=0.8,application/signed-exchange;v=b3;q=0.9
User-Agent:Mozilla/5.0 (X11; Linux x86_64) AppleWebKit/537.36 (KHTML, like Gecko) Chrome/85.0.4183.102 Safari/537.36
Upgrade-Insecure-Requests:1
",cf83e1357eefb8bdf1542850d66d8007d620e4050b5715dc83f4a921d36ce9ce47d0d13c5d85f2b0ff8318d2877eec2f63b931bd47417a81a538327af927da3e,"Keep-Alive:timeout=5, max=59
Server:Apache/2.4.7 (Ubuntu)
Connection:Keep-Alive
Pragma:no-cache
Date:Mon, 11 May 2026 20:40:12 GMT
Cache-Control:no-store, no-cache, must-revalidate, post-check=0, pre-check=0
Content-Encoding:gzip
Vary:Accept-Encoding
Expires:Thu, 19 Nov 1981 08:52:00 GMT
Content-Length:1283
X-Powered-By:PHP/5.5.9-1ubuntu4.29
Content-Type:text/html
",17d8260a846d068c738f3e9e17e2b127dd9c2a44b6189a200def3944201a8da2ff556bc88f975c9c966af95d42fa91f195a5926d7c7bdd03d4c9bd92e0e61cec,200
http://web/users/sample.php?userid=1,GET,"Cookie:PHPSESSID=7ficmi53fn80h3alhbsb1d4pk3
Accept:text/html,application/xhtml+xml,application/xml;q=0.9,image/avif,image/webp,image/apng,*/*;q=0.8,application/signed-exchange;v=b3;q=0.9
User-Agent:Mozilla/5.0 (X11; Linux x86_64) AppleWebKit/537.36 (KHTML, like Gecko) Chrome/85.0.4183.102 Safari/537.36
Referer:http://web/
Upgrade-Insecure-Requests:1
",cf83e1357eefb8bdf1542850d66d8007d620e4050b5715dc83f4a921d36ce9ce47d0d13c5d85f2b0ff8318d2877eec2f63b931bd47417a81a538327af927da3e,"Keep-Alive:timeout=5, max=35
Server:Apache/2.4.7 (Ubuntu)
Connection:Keep-Alive
Pragma:no-cache
Date:Mon, 11 May 2026 20:41:44 GMT
Cache-Control:no-store, no-cache, must-revalidate, post-check=0, pre-check=0
Content-Encoding:gzip
Vary:Accept-Encoding
Expires:Thu, 19 Nov 1981 08:52:00 GMT
Content-Length:982
X-Powered-By:PHP/5.5.9-1ubuntu4.29
Content-Type:text/html
",eecacaa576c533025630bf7daf24713ab5ac1dbe738218e25dc331db5bc3f4a1197e18e8cadc11200b6a66c549034159d97cef17cb929b62f18673b1e6398b98,200
http://web/calendar.php?date=1778704988,GET,"Cookie:PHPSESSID=7ficmi53fn80h3alhbsb1d4pk3
Accept:text/html,application/xhtml+xml,application/xml;q=0.9,image/avif,image/webp,image/apng,*/*;q=0.8,application/signed-exchange;v=b3;q=0.9
User-Agent:Mozilla/5.0 (X11; Linux x86_64) AppleWebKit/537.36 (KHTML, like Gecko) Chrome/85.0.4183.102 Safari/537.36
Referer:http://web/calendar.php?date=1778618588
Upgrade-Insecure-Requests:1
",cf83e1357eefb8bdf1542850d66d8007d620e4050b5715dc83f4a921d36ce9ce47d0d13c5d85f2b0ff8318d2877eec2f63b931bd47417a81a538327af927da3e,"Keep-Alive:timeout=5, max=20
Server:Apache/2.4.7 (Ubuntu)
Connection:Keep-Alive
Pragma:no-cache
Date:Mon, 11 May 2026 20:43:09 GMT
Cache-Control:no-store, no-cache, must-revalidate, post-check=0, pre-check=0
Content-Encoding:gzip
Vary:Accept-Encoding
Expires:Thu, 19 Nov 1981 08:52:00 GMT
Content-Length:946
X-Powered-By:PHP/5.5.9-1ubuntu4.29
Content-Type:text/html
",06bf763a245fe9c26fd7295f8979b9514883b8da189847501d880f81e3ed221a90cca14c896919d41f3eaf0debf946c9fb94b9f71f4be32db7195f575246bf7f,200
http://web/,GET,"Cookie:PHPSESSID=7ficmi53fn80h3alhbsb1d4pk3
Accept:text/html,application/xhtml+xml,application/xml;q=0.9,image/avif,image/webp,image/apng,*/*;q=0.8,application/signed-exchange;v=b3;q=0.9
User-Agent:Mozilla/5.0 (X11; Linux x86_64) AppleWebKit/537.36 (KHTML, like Gecko) Chrome/85.0.4183.102 Safari/537.36
Referer:http://web/tos.php
Upgrade-Insecure-Requests:1
",cf83e1357eefb8bdf1542850d66d8007d620e4050b5715dc83f4a921d36ce9ce47d0d13c5d85f2b0ff8318d2877eec2f63b931bd47417a81a538327af927da3e,"Keep-Alive:timeout=5, max=90
Server:Apache/2.4.7 (Ubuntu)
Connection:Keep-Alive
Pragma:no-cache
Date:Mon, 11 May 2026 20:42:18 GMT
Cache-Control:no-store, no-cache, must-revalidate, post-check=0, pre-check=0
Content-Encoding:gzip
Vary:Accept-Encoding
Expires:Thu, 19 Nov 1981 08:52:00 GMT
Content-Length:1283
X-Powered-By:PHP/5.5.9-1ubuntu4.29
Content-Type:text/html
",576109ddd73ec8b333a19f5b6c75298703afa9476f459582c0441da9dfdab6b9623143733cd2087049b393c05b711fa4e2f185c6218ddeeb0bd4ec494d1be95d,200
http://web/,GET,"Cookie:PHPSESSID=7ficmi53fn80h3alhbsb1d4pk3
Accept:text/html,application/xhtml+xml,application/xml;q=0.9,image/avif,image/webp,image/apng,*/*;q=0.8,application/signed-exchange;v=b3;q=0.9
User-Agent:Mozilla/5.0 (X11; Linux x86_64) AppleWebKit/537.36 (KHTML, like Gecko) Chrome/85.0.4183.102 Safari/537.36
Upgrade-Insecure-Requests:1
",cf83e1357eefb8bdf1542850d66d8007d620e4050b5715dc83f4a921d36ce9ce47d0d13c5d85f2b0ff8318d2877eec2f63b931bd47417a81a538327af927da3e,"Keep-Alive:timeout=5, max=42
Server:Apache/2.4.7 (Ubuntu)
Connection:Keep-Alive
Pragma:no-cache
Date:Mon, 11 May 2026 20:41:38 GMT
Cache-Control:no-store, no-cache, must-revalidate, post-check=0, pre-check=0
Content-Encoding:gzip
Vary:Accept-Encoding
Expires:Thu, 19 Nov 1981 08:52:00 GMT
Content-Length:1284
X-Powered-By:PHP/5.5.9-1ubuntu4.29
Content-Type:text/html
",f250948edb6b9763baef8e12854e79563ac02eede00d6a98c88a86019e95016221cb6a1e3d787516aa0a263eba62d014809a76b788732efec137a34a0afb3995,200
http://web/users/login.php,GET,"Cookie:PHPSESSID=7ficmi53fn80h3alhbsb1d4pk3
Accept:text/html,application/xhtml+xml,application/xml;q=0.9,image/avif,image/webp,image/apng,*/*;q=0.8,application/signed-exchange;v=b3;q=0.9
User-Agent:Mozilla/5.0 (X11; Linux x86_64) AppleWebKit/537.36 (KHTML, like Gecko) Chrome/85.0.4183.102 Safari/537.36
Referer:http://web/guestbook.php
Upgrade-Insecure-Requests:1
",cf83e1357eefb8bdf1542850d66d8007d620e4050b5715dc83f4a921d36ce9ce47d0d13c5d85f2b0ff8318d2877eec2f63b931bd47417a81a538327af927da3e,"Keep-Alive:timeout=5, max=90
Server:Apache/2.4.7 (Ubuntu)
Connection:Keep-Alive
Pragma:no-cache
Date:Mon, 11 May 2026 20:39:46 GMT
Cache-Control:no-store, no-cache, must-revalidate, post-check=0, pre-check=0
Content-Encoding:gzip
Vary:Accept-Encoding
Expires:Thu, 19 Nov 1981 08:52:00 GMT
Content-Length:977
X-Powered-By:PHP/5.5.9-1ubuntu4.29
Content-Type:text/html
",1dec519862548c7bf0db7f80da6e62135396cd201522d7f22ef1d82feea6ffb4a1cea575f0179966c2a94c5e22592c3bbae51d37802f753ee499023a9959d973,200
http://web/,GET,"Cookie:PHPSESSID=7ficmi53fn80h3alhbsb1d4pk3
Accept:text/html,application/xhtml+xml,application/xml;q=0.9,image/avif,image/webp,image/apng,*/*;q=0.8,application/signed-exchange;v=b3;q=0.9
User-Agent:Mozilla/5.0 (X11; Linux x86_64) AppleWebKit/537.36 (KHTML, like Gecko) Chrome/85.0.4183.102 Safari/537.36
Upgrade-Insecure-Requests:1
",cf83e1357eefb8bdf1542850d66d8007d620e4050b5715dc83f4a921d36ce9ce47d0d13c5d85f2b0ff8318d2877eec2f63b931bd47417a81a538327af927da3e,"Keep-Alive:timeout=5, max=45
Server:Apache/2.4.7 (Ubuntu)
Connection:Keep-Alive
Pragma:no-cache
Date:Mon, 11 May 2026 20:44:02 GMT
Cache-Control:no-store, no-cache, must-revalidate, post-check=0, pre-check=0
Content-Encoding:gzip
Vary:Accept-Encoding
Expires:Thu, 19 Nov 1981 08:52:00 GMT
Content-Length:1283
X-Powered-By:PHP/5.5.9-1ubuntu4.29
Content-Type:text/html
",cda89715d7324dde8dda03c3b0cf88022aaf4768e2098815874d7f3c1429dd69f2ebb7336f993965aeb5c9ef82cfc392957207a976d30bd6dde5f37ee7e3ce37,200
http://web/upload/house/hodjjgld.128_128.jpg,GET,"Cookie:PHPSESSID=7ficmi53fn80h3alhbsb1d4pk3
Accept:image/avif,image/webp,image/apng,image/*,*/*;q=0.8
User-Agent:Mozilla/5.0 (X11; Linux x86_64) AppleWebKit/537.36 (KHTML, like Gecko) Chrome/85.0.4183.102 Safari/537.36
Referer:http://web/pictures/recent.php
",cf83e1357eefb8bdf1542850d66d8007d620e4050b5715dc83f4a921d36ce9ce47d0d13c5d85f2b0ff8318d2877eec2f63b931bd47417a81a538327af927da3e,"Keep-Alive:timeout=5, max=100
Server:Apache/2.4.7 (Ubuntu)
Connection:Keep-Alive
Last-Modified:Thu, 02 Feb 2017 22:24:09 GMT
Date:Mon, 11 May 2026 20:39:39 GMT
Accept-Ranges:bytes
ETag:""2f6e-547939fb8b440""
Content-Length:12142
Content-Type:image/jpeg
",d78d726ba03cd4ab6cfb2ff024e33ec7f851cdd7cf3389acb2ab700df6399122ee3bc74dc664abba8ea40f4d49e5c03e3def6eae872504e6aba993ed1b3b2fc0,200
http://web/css/stylings.css,GET,"Cookie:PHPSESSID=7ficmi53fn80h3alhbsb1d4pk3
Accept:text/css,*/*;q=0.1
User-Agent:Mozilla/5.0 (X11; Linux x86_64) AppleWebKit/537.36 (KHTML, like Gecko) Chrome/85.0.4183.102 Safari/537.36
Referer:http://web/guestbook.php
",cf83e1357eefb8bdf1542850d66d8007d620e4050b5715dc83f4a921d36ce9ce47d0d13c5d85f2b0ff8318d2877eec2f63b931bd47417a81a538327af927da3e,"Server:Apache/2.4.7 (Ubuntu)
Last-Modified:Thu, 02 Feb 2017 22:24:09 GMT
Date:Mon, 11 May 2026 20:39:28 GMT
Accept-Ranges:bytes
ETag:""c29-547939fb8b440-gzip""
Content-Encoding:gzip
Vary:Accept-Encoding
Content-Length:838
Content-Type:text/css
",e6142d743628221ad60b6d12a0b444a077ed8ede2504b511ffffde908ffe459f09875b3901f9a63ec228906521c445248f9277e14f591205808d8dfc200df823,200
http://web/,GET,"Cookie:PHPSESSID=7ficmi53fn80h3alhbsb1d4pk3
Accept:text/html,application/xhtml+xml,application/xml;q=0.9,image/avif,image/webp,image/apng,*/*;q=0.8,application/signed-exchange;v=b3;q=0.9
User-Agent:Mozilla/5.0 (X11; Linux x86_64) AppleWebKit/537.36 (KHTML, like Gecko) Chrome/85.0.4183.102 Safari/537.36
Upgrade-Insecure-Requests:1
",cf83e1357eefb8bdf1542850d66d8007d620e4050b5715dc83f4a921d36ce9ce47d0d13c5d85f2b0ff8318d2877eec2f63b931bd47417a81a538327af927da3e,"Keep-Alive:timeout=5, max=78
Server:Apache/2.4.7 (Ubuntu)
Connection:Keep-Alive
Pragma:no-cache
Date:Mon, 11 May 2026 20:42:26 GMT
Cache-Control:no-store, no-cache, must-revalidate, post-check=0, pre-check=0
Content-Encoding:gzip
Vary:Accept-Encoding
Expires:Thu, 19 Nov 1981 08:52:00 GMT
Content-Length:1283
X-Powered-By:PHP/5.5.9-1ubuntu4.29
Content-Type:text/html
",a16971a80c532901704c201a405e63074441686022d3d745433d897eee9784a43080db1a7f0e49e5c4c34eb6598d5ea8d043aa9360732820c97ac96cfd854eec,200
http://web/users/login.php,GET,"Cookie:PHPSESSID=7ficmi53fn80h3alhbsb1d4pk3
Accept:text/html,application/xhtml+xml,application/xml;q=0.9,image/avif,image/webp,image/apng,*/*;q=0.8,application/signed-exchange;v=b3;q=0.9
User-Agent:Mozilla/5.0 (X11; Linux x86_64) AppleWebKit/537.36 (KHTML, like Gecko) Chrome/85.0.4183.102 Safari/537.36
Referer:http://web/passcheck.php
Upgrade-Insecure-Requests:1
",cf83e1357eefb8bdf1542850d66d8007d620e4050b5715dc83f4a921d36ce9ce47d0d13c5d85f2b0ff8318d2877eec2f63b931bd47417a81a538327af927da3e,"Keep-Alive:timeout=5, max=79
Server:Apache/2.4.7 (Ubuntu)
Connection:Keep-Alive
Pragma:no-cache
Date:Mon, 11 May 2026 20:42:26 GMT
Cache-Control:no-store, no-cache, must-revalidate, post-check=0, pre-check=0
Content-Encoding:gzip
Vary:Accept-Encoding
Expires:Thu, 19 Nov 1981 08:52:00 GMT
Content-Length:975
X-Powered-By:PHP/5.5.9-1ubuntu4.29
Content-Type:text/html
",63b649b3413de498e60d743dad017b746c9d89f4965f0028ad37322c4873631483c9c8a452187800e3f435222f9769eb405073594a16749c2495f13de57b5fc7,200
http://web/,GET,"Cookie:PHPSESSID=7ficmi53fn80h3alhbsb1d4pk3
Accept:text/html,application/xhtml+xml,application/xml;q=0.9,image/avif,image/webp,image/apng,*/*;q=0.8,application/signed-exchange;v=b3;q=0.9
User-Agent:Mozilla/5.0 (X11; Linux x86_64) AppleWebKit/537.36 (KHTML, like Gecko) Chrome/85.0.4183.102 Safari/537.36
Referer:http://web/calendar.php?date=1778618592
Upgrade-Insecure-Requests:1
",cf83e1357eefb8bdf1542850d66d8007d620e4050b5715dc83f4a921d36ce9ce47d0d13c5d85f2b0ff8318d2877eec2f63b931bd47417a81a538327af927da3e,"Keep-Alive:timeout=5, max=15
Server:Apache/2.4.7 (Ubuntu)
Connection:Keep-Alive
Pragma:no-cache
Date:Mon, 11 May 2026 20:43:13 GMT
Cache-Control:no-store, no-cache, must-revalidate, post-check=0, pre-check=0
Content-Encoding:gzip
Vary:Accept-Encoding
Expires:Thu, 19 Nov 1981 08:52:00 GMT
Content-Length:1284
X-Powered-By:PHP/5.5.9-1ubuntu4.29
Content-Type:text/html
",4e11f3e2cad32fdc9ec88a7887c2bb354365399a4beae6a295d34732bfa98ec1665c6585cf9f17bfa6a19f8d2e5115ef18da338be86c8ef984c450b310af9732,200
http://web/,GET,"Cookie:PHPSESSID=7ficmi53fn80h3alhbsb1d4pk3
Accept:text/html,application/xhtml+xml,application/xml;q=0.9,image/avif,image/webp,image/apng,*/*;q=0.8,application/signed-exchange;v=b3;q=0.9
User-Agent:Mozilla/5.0 (X11; Linux x86_64) AppleWebKit/537.36 (KHTML, like Gecko) Chrome/85.0.4183.102 Safari/537.36
Upgrade-Insecure-Requests:1
",cf83e1357eefb8bdf1542850d66d8007d620e4050b5715dc83f4a921d36ce9ce47d0d13c5d85f2b0ff8318d2877eec2f63b931bd47417a81a538327af927da3e,"Keep-Alive:timeout=5, max=5
Server:Apache/2.4.7 (Ubuntu)
Connection:Keep-Alive
Pragma:no-cache
Date:Mon, 11 May 2026 20:42:05 GMT
Cache-Control:no-store, no-cache, must-revalidate, post-check=0, pre-check=0
Content-Encoding:gzip
Vary:Accept-Encoding
Expires:Thu, 19 Nov 1981 08:52:00 GMT
Content-Length:1284
X-Powered-By:PHP/5.5.9-1ubuntu4.29
Content-Type:text/html
",fd5f912c12b9aa24e9f744b43095bdbf2795e1bea43faf0dd8e2cf923171e3fd00b360cc0d88d2cfa6dcac618a298bfa1c115d7f07e71408b8f86d688826dbe4,200
http://web/calendar.php,GET,"Cookie:PHPSESSID=7ficmi53fn80h3alhbsb1d4pk3
Accept:text/html,application/xhtml+xml,application/xml;q=0.9,image/avif,image/webp,image/apng,*/*;q=0.8,application/signed-exchange;v=b3;q=0.9
User-Agent:Mozilla/5.0 (X11; Linux x86_64) AppleWebKit/537.36 (KHTML, like Gecko) Chrome/85.0.4183.102 Safari/537.36
Referer:http://web/
Upgrade-Insecure-Requests:1
",cf83e1357eefb8bdf1542850d66d8007d620e4050b5715dc83f4a921d36ce9ce47d0d13c5d85f2b0ff8318d2877eec2f63b931bd47417a81a538327af927da3e,"Keep-Alive:timeout=5, max=30
Server:Apache/2.4.7 (Ubuntu)
Connection:Keep-Alive
Pragma:no-cache
Date:Mon, 11 May 2026 20:43:02 GMT
Cache-Control:no-store, no-cache, must-revalidate, post-check=0, pre-check=0
Content-Encoding:gzip
Vary:Accept-Encoding
Expires:Thu, 19 Nov 1981 08:52:00 GMT
Content-Length:943
X-Powered-By:PHP/5.5.9-1ubuntu4.29
Content-Type:text/html
",fef181e5073805b1fbbb295d49d338d79aa373ac5b04ef037af496fa1082286022bc086488c1581eac72db2e576d9016aa2488ab1d3a642faf801f4640e268dc,200
http://web/users/login.php,GET,"Cookie:PHPSESSID=7ficmi53fn80h3alhbsb1d4pk3
Accept:text/html,application/xhtml+xml,application/xml;q=0.9,image/avif,image/webp,image/apng,*/*;q=0.8,application/signed-exchange;v=b3;q=0.9
User-Agent:Mozilla/5.0 (X11; Linux x86_64) AppleWebKit/537.36 (KHTML, like Gecko) Chrome/85.0.4183.102 Safari/537.36
Referer:http://web/calendar.php?date=1778791451
Upgrade-Insecure-Requests:1
",cf83e1357eefb8bdf1542850d66d8007d620e4050b5715dc83f4a921d36ce9ce47d0d13c5d85f2b0ff8318d2877eec2f63b931bd47417a81a538327af927da3e,"Keep-Alive:timeout=5, max=28
Server:Apache/2.4.7 (Ubuntu)
Connection:Keep-Alive
Pragma:no-cache
Date:Mon, 11 May 2026 20:44:14 GMT
Cache-Control:no-store, no-cache, must-revalidate, post-check=0, pre-check=0
Content-Encoding:gzip
Vary:Accept-Encoding
Expires:Thu, 19 Nov 1981 08:52:00 GMT
Content-Length:975
X-Powered-By:PHP/5.5.9-1ubuntu4.29
Content-Type:text/html
",6b9240726800203567d45bbc521671ff0747c75acd9c6f622e9d3fc254a998dea47ec9136cb4caa27d00faea28a71923b51ec564df635190c401380b7618cc52,200
http://web/calendar.php?date=1778791455,GET,"Cookie:PHPSESSID=7ficmi53fn80h3alhbsb1d4pk3
Accept:text/html,application/xhtml+xml,application/xml;q=0.9,image/avif,image/webp,image/apng,*/*;q=0.8,application/signed-exchange;v=b3;q=0.9
User-Agent:Mozilla/5.0 (X11; Linux x86_64) AppleWebKit/537.36 (KHTML, like Gecko) Chrome/85.0.4183.102 Safari/537.36
Referer:http://web/calendar.php?date=1778705055
Upgrade-Insecure-Requests:1
",cf83e1357eefb8bdf1542850d66d8007d620e4050b5715dc83f4a921d36ce9ce47d0d13c5d85f2b0ff8318d2877eec2f63b931bd47417a81a538327af927da3e,"Keep-Alive:timeout=5, max=23
Server:Apache/2.4.7 (Ubuntu)
Connection:Keep-Alive
Pragma:no-cache
Date:Mon, 11 May 2026 20:44:17 GMT
Cache-Control:no-store, no-cache, must-revalidate, post-check=0, pre-check=0
Content-Encoding:gzip
Vary:Accept-Encoding
Expires:Thu, 19 Nov 1981 08:52:00 GMT
Content-Length:945
X-Powered-By:PHP/5.5.9-1ubuntu4.29
Content-Type:text/html
",cbf50b15c46f311d219538d7d45619c23298c9b8e016d749a7bd6ef363d3ad42e99cba32b815a420e1a481a12f5ca8d5499d2ae4712bee8182db06d70c4fc46f,200
http://web/,GET,"Cookie:PHPSESSID=7ficmi53fn80h3alhbsb1d4pk3
Accept:text/html,application/xhtml+xml,application/xml;q=0.9,image/avif,image/webp,image/apng,*/*;q=0.8,application/signed-exchange;v=b3;q=0.9
User-Agent:Mozilla/5.0 (X11; Linux x86_64) AppleWebKit/537.36 (KHTML, like Gecko) Chrome/85.0.4183.102 Safari/537.36
Upgrade-Insecure-Requests:1
",cf83e1357eefb8bdf1542850d66d8007d620e4050b5715dc83f4a921d36ce9ce47d0d13c5d85f2b0ff8318d2877eec2f63b931bd47417a81a538327af927da3e,"Keep-Alive:timeout=5, max=90
Server:Apache/2.4.7 (Ubuntu)
Connection:Keep-Alive
Pragma:no-cache
Date:Mon, 11 May 2026 20:41:00 GMT
Cache-Control:no-store, no-cache, must-revalidate, post-check=0, pre-check=0
Content-Encoding:gzip
Vary:Accept-Encoding
Expires:Thu, 19 Nov 1981 08:52:00 GMT
Content-Length:1283
X-Powered-By:PHP/5.5.9-1ubuntu4.29
Content-Type:text/html
",250865ae927031deff4192221028cb1bb083a4f7b4fd269c157126d000a757d13bafb39420529086e6a428c38ee317158f2184bec207826b56d9ccf8603f3520,200
http://web/tos.php,GET,"Cookie:PHPSESSID=7ficmi53fn80h3alhbsb1d4pk3
Accept:text/html,application/xhtml+xml,application/xml;q=0.9,image/avif,image/webp,image/apng,*/*;q=0.8,application/signed-exchange;v=b3;q=0.9
User-Agent:Mozilla/5.0 (X11; Linux x86_64) AppleWebKit/537.36 (KHTML, like Gecko) Chrome/85.0.4183.102 Safari/537.36
Referer:http://web/calendar.php?date=1778618598
Upgrade-Insecure-Requests:1
",cf83e1357eefb8bdf1542850d66d8007d620e4050b5715dc83f4a921d36ce9ce47d0d13c5d85f2b0ff8318d2877eec2f63b931bd47417a81a538327af927da3e,"Keep-Alive:timeout=5, max=7
Server:Apache/2.4.7 (Ubuntu)
Connection:Keep-Alive
Pragma:no-cache
Date:Mon, 11 May 2026 20:43:19 GMT
Cache-Control:no-store, no-cache, must-revalidate, post-check=0, pre-check=0
Content-Encoding:gzip
Vary:Accept-Encoding
Expires:Thu, 19 Nov 1981 08:52:00 GMT
Content-Length:10227
X-Powered-By:PHP/5.5.9-1ubuntu4.29
Content-Type:text/html
",e52b676d8d94c0000fac1202434f209ab1aaff533463c0fa4bf9efd2c3048c449889724fea547f69318fde9e8193e080469883bceb39f9df7e1517e2f8b50055,200
http://web/pictures/upload.php,GET,"Cookie:PHPSESSID=7ficmi53fn80h3alhbsb1d4pk3
Accept:text/html,application/xhtml+xml,application/xml;q=0.9,image/avif,image/webp,image/apng,*/*;q=0.8,application/signed-exchange;v=b3;q=0.9
User-Agent:Mozilla/5.0 (X11; Linux x86_64) AppleWebKit/537.36 (KHTML, like Gecko) Chrome/85.0.4183.102 Safari/537.36
Referer:http://web/tos.php
Upgrade-Insecure-Requests:1
",cf83e1357eefb8bdf1542850d66d8007d620e4050b5715dc83f4a921d36ce9ce47d0d13c5d85f2b0ff8318d2877eec2f63b931bd47417a81a538327af927da3e,"Keep-Alive:timeout=5, max=1
Server:Apache/2.4.7 (Ubuntu)
Connection:Keep-Alive
Pragma:no-cache
Date:Mon, 11 May 2026 20:40:51 GMT
Cache-Control:no-store, no-cache, must-revalidate, post-check=0, pre-check=0
Expires:Thu, 19 Nov 1981 08:52:00 GMT
Content-Length:41
X-Powered-By:PHP/5.5.9-1ubuntu4.29
Location:/users/login.php
Content-Type:text/html
",cf83e1357eefb8bdf1542850d66d8007d620e4050b5715dc83f4a921d36ce9ce47d0d13c5d85f2b0ff8318d2877eec2f63b931bd47417a81a538327af927da3e,303
http://web/,GET,"Cookie:PHPSESSID=7ficmi53fn80h3alhbsb1d4pk3
Accept:text/html,application/xhtml+xml,application/xml;q=0.9,image/avif,image/webp,image/apng,*/*;q=0.8,application/signed-exchange;v=b3;q=0.9
User-Agent:Mozilla/5.0 (X11; Linux x86_64) AppleWebKit/537.36 (KHTML, like Gecko) Chrome/85.0.4183.102 Safari/537.36
Upgrade-Insecure-Requests:1
",cf83e1357eefb8bdf1542850d66d8007d620e4050b5715dc83f4a921d36ce9ce47d0d13c5d85f2b0ff8318d2877eec2f63b931bd47417a81a538327af927da3e,"Keep-Alive:timeout=5, max=80
Server:Apache/2.4.7 (Ubuntu)
Connection:Keep-Alive
Pragma:no-cache
Date:Mon, 11 May 2026 20:43:38 GMT
Cache-Control:no-store, no-cache, must-revalidate, post-check=0, pre-check=0
Content-Encoding:gzip
Vary:Accept-Encoding
Expires:Thu, 19 Nov 1981 08:52:00 GMT
Content-Length:1283
X-Powered-By:PHP/5.5.9-1ubuntu4.29
Content-Type:text/html
",b8479d33602ba993e8959b2d66ecacce445d3cbd0e7849ad676c24ad81335b833ddc28022f9cbdb7c8a4e88622031a559fdbd1c2f6fd6849f286e9e3b84620cb,200
http://web/users/register.php,GET,"Cookie:PHPSESSID=7ficmi53fn80h3alhbsb1d4pk3
Accept:text/html,application/xhtml+xml,application/xml;q=0.9,image/avif,image/webp,image/apng,*/*;q=0.8,application/signed-exchange;v=b3;q=0.9
User-Agent:Mozilla/5.0 (X11; Linux x86_64) AppleWebKit/537.36 (KHTML, like Gecko) Chrome/85.0.4183.102 Safari/537.36
Referer:http://web/
Upgrade-Insecure-Requests:1
",cf83e1357eefb8bdf1542850d66d8007d620e4050b5715dc83f4a921d36ce9ce47d0d13c5d85f2b0ff8318d2877eec2f63b931bd47417a81a538327af927da3e,"Keep-Alive:timeout=5, max=62
Server:Apache/2.4.7 (Ubuntu)
Connection:Keep-Alive
Pragma:no-cache
Date:Mon, 11 May 2026 20:41:23 GMT
Cache-Control:no-store, no-cache, must-revalidate, post-check=0, pre-check=0
Content-Encoding:gzip
Vary:Accept-Encoding
Expires:Thu, 19 Nov 1981 08:52:00 GMT
Content-Length:1100
X-Powered-By:PHP/5.5.9-1ubuntu4.29
Content-Type:text/html
",4bf05afa2795dd6c99d2ea4cf6a23163f5f92857b2c379a87e0bd028778aa32caac737c7c3380071104ac9e9ab76703ac35258b6858589ca8079e686d8e850e6,200
http://web/calendar.php?date=1778618592,GET,"Cookie:PHPSESSID=7ficmi53fn80h3alhbsb1d4pk3
Accept:text/html,application/xhtml+xml,application/xml;q=0.9,image/avif,image/webp,image/apng,*/*;q=0.8,application/signed-exchange;v=b3;q=0.9
User-Agent:Mozilla/5.0 (X11; Linux x86_64) AppleWebKit/537.36 (KHTML, like Gecko) Chrome/85.0.4183.102 Safari/537.36
Referer:http://web/calendar.php
Upgrade-Insecure-Requests:1
",cf83e1357eefb8bdf1542850d66d8007d620e4050b5715dc83f4a921d36ce9ce47d0d13c5d85f2b0ff8318d2877eec2f63b931bd47417a81a538327af927da3e,"Keep-Alive:timeout=5, max=16
Server:Apache/2.4.7 (Ubuntu)
Connection:Keep-Alive
Pragma:no-cache
Date:Mon, 11 May 2026 20:43:12 GMT
Cache-Control:no-store, no-cache, must-revalidate, post-check=0, pre-check=0
Content-Encoding:gzip
Vary:Accept-Encoding
Expires:Thu, 19 Nov 1981 08:52:00 GMT
Content-Length:946
X-Powered-By:PHP/5.5.9-1ubuntu4.29
Content-Type:text/html
",1a5ba468bb76eac3e1dc0666126bf76e3cf5df4243151200d0777ee7cfc9bb94cc2456e6a267e3d0b537ba11787dbb2fe19bd59861ac52123497eec8f35e6b5c,200
http://web/guestbook.php,GET,"Cookie:PHPSESSID=7ficmi53fn80h3alhbsb1d4pk3
Accept:text/html,application/xhtml+xml,application/xml;q=0.9,image/avif,image/webp,image/apng,*/*;q=0.8,application/signed-exchange;v=b3;q=0.9
User-Agent:Mozilla/5.0 (X11; Linux x86_64) AppleWebKit/537.36 (KHTML, like Gecko) Chrome/85.0.4183.102 Safari/537.36
Referer:http://web/
Upgrade-Insecure-Requests:1
",cf83e1357eefb8bdf1542850d66d8007d620e4050b5715dc83f4a921d36ce9ce47d0d13c5d85f2b0ff8318d2877eec2f63b931bd47417a81a538327af927da3e,"Keep-Alive:timeout=5, max=92
Server:Apache/2.4.7 (Ubuntu)
Connection:Keep-Alive
Pragma:no-cache
Date:Mon, 11 May 2026 20:40:58 GMT
Cache-Control:no-store, no-cache, must-revalidate, post-check=0, pre-check=0
Content-Encoding:gzip
Vary:Accept-Encoding
Expires:Thu, 19 Nov 1981 08:52:00 GMT
Content-Length:998
X-Powered-By:PHP/5.5.9-1ubuntu4.29
Content-Type:text/html
",7f05ebf51781b86fd3061e75ec39f31839ab690f728ef2ec1327057d637871208c24e9b51fad2aa9e8ce86205a762a7d667da48bb378f5650f4238311f3cb931,200
http://web/,GET,"Cookie:PHPSESSID=7ficmi53fn80h3alhbsb1d4pk3
Accept:text/html,application/xhtml+xml,application/xml;q=0.9,image/avif,image/webp,image/apng,*/*;q=0.8,application/signed-exchange;v=b3;q=0.9
User-Agent:Mozilla/5.0 (X11; Linux x86_64) AppleWebKit/537.36 (KHTML, like Gecko) Chrome/85.0.4183.102 Safari/537.36
Upgrade-Insecure-Requests:1
",cf83e1357eefb8bdf1542850d66d8007d620e4050b5715dc83f4a921d36ce9ce47d0d13c5d85f2b0ff8318d2877eec2f63b931bd47417a81a538327af927da3e,"Keep-Alive:timeout=5, max=14
Server:Apache/2.4.7 (Ubuntu)
Connection:Keep-Alive
Pragma:no-cache
Date:Mon, 11 May 2026 20:40:41 GMT
Cache-Control:no-store, no-cache, must-revalidate, post-check=0, pre-check=0
Content-Encoding:gzip
Vary:Accept-Encoding
Expires:Thu, 19 Nov 1981 08:52:00 GMT
Content-Length:1284
X-Powered-By:PHP/5.5.9-1ubuntu4.29
Content-Type:text/html
",8f15142c1b3dc08587881ef156d7302861cc8e167a4f941885338116aeb0ea1dc5d20de599d9a0a4c696691b62f8862071b196aa975eab0999b6d8529c231205,200
http://web/admin/index.php?page=login,GET,"Cookie:PHPSESSID=7ficmi53fn80h3alhbsb1d4pk3
Accept:text/html,application/xhtml+xml,application/xml;q=0.9,image/avif,image/webp,image/apng,*/*;q=0.8,application/signed-exchange;v=b3;q=0.9
User-Agent:Mozilla/5.0 (X11; Linux x86_64) AppleWebKit/537.36 (KHTML, like Gecko) Chrome/85.0.4183.102 Safari/537.36
Referer:http://web/
Upgrade-Insecure-Requests:1
",cf83e1357eefb8bdf1542850d66d8007d620e4050b5715dc83f4a921d36ce9ce47d0d13c5d85f2b0ff8318d2877eec2f63b931bd47417a81a538327af927da3e,"Keep-Alive:timeout=5, max=72
Server:Apache/2.4.7 (Ubuntu)
Connection:Keep-Alive
Pragma:no-cache
Date:Mon, 11 May 2026 20:40:03 GMT
Cache-Control:no-store, no-cache, must-revalidate, post-check=0, pre-check=0
Content-Encoding:gzip
Vary:Accept-Encoding
Expires:Thu, 19 Nov 1981 08:52:00 GMT
Content-Length:216
X-Powered-By:PHP/5.5.9-1ubuntu4.29
Content-Type:text/html
",de283fc77cd9b6cbcafddfeec9bbee817e8c50db21a53bd50dff725b6df2ac71de6b71e06ad3df9dfc3da296be342662c67760263cce4a000256136c4bbb4bcb,200
http://web/users/login.php,GET,"Cookie:PHPSESSID=7ficmi53fn80h3alhbsb1d4pk3
Accept:text/html,application/xhtml+xml,application/xml;q=0.9,image/avif,image/webp,image/apng,*/*;q=0.8,application/signed-exchange;v=b3;q=0.9
User-Agent:Mozilla/5.0 (X11; Linux x86_64) AppleWebKit/537.36 (KHTML, like Gecko) Chrome/85.0.4183.102 Safari/537.36
Referer:http://web/users/sample.php?userid=1
Upgrade-Insecure-Requests:1
",cf83e1357eefb8bdf1542850d66d8007d620e4050b5715dc83f4a921d36ce9ce47d0d13c5d85f2b0ff8318d2877eec2f63b931bd47417a81a538327af927da3e,"Keep-Alive:timeout=5, max=47
Server:Apache/2.4.7 (Ubuntu)
Connection:Keep-Alive
Pragma:no-cache
Date:Mon, 11 May 2026 20:41:35 GMT
Cache-Control:no-store, no-cache, must-revalidate, post-check=0, pre-check=0
Content-Encoding:gzip
Vary:Accept-Encoding
Expires:Thu, 19 Nov 1981 08:52:00 GMT
Content-Length:976
X-Powered-By:PHP/5.5.9-1ubuntu4.29
Content-Type:text/html
",b633d4e24ba7a6667ecc438a35aa8ab07a5639b59400f906b90a4fbdde02763d0efdbaa5a7fe659d9b4533a5e40d071ac19aa551129c3a3740be6d5ceae0e557,200
http://web/calendar.php?date=1778618576,GET,"Cookie:PHPSESSID=7ficmi53fn80h3alhbsb1d4pk3
Accept:text/html,application/xhtml+xml,application/xml;q=0.9,image/avif,image/webp,image/apng,*/*;q=0.8,application/signed-exchange;v=b3;q=0.9
User-Agent:Mozilla/5.0 (X11; Linux x86_64) AppleWebKit/537.36 (KHTML, like Gecko) Chrome/85.0.4183.102 Safari/537.36
Referer:http://web/calendar.php
Upgrade-Insecure-Requests:1
",cf83e1357eefb8bdf1542850d66d8007d620e4050b5715dc83f4a921d36ce9ce47d0d13c5d85f2b0ff8318d2877eec2f63b931bd47417a81a538327af927da3e,"Keep-Alive:timeout=5, max=38
Server:Apache/2.4.7 (Ubuntu)
Connection:Keep-Alive
Pragma:no-cache
Date:Mon, 11 May 2026 20:42:57 GMT
Cache-Control:no-store, no-cache, must-revalidate, post-check=0, pre-check=0
Content-Encoding:gzip
Vary:Accept-Encoding
Expires:Thu, 19 Nov 1981 08:52:00 GMT
Content-Length:945
X-Powered-By:PHP/5.5.9-1ubuntu4.29
Content-Type:text/html
",cd56c42281cd1c4977581b656b7e630f6973d9166ae73044c670c08fedcf35bd44c8b00e73a13e7177fe388a2ca1e8f4d0edf058bd0447b65300fbb22b674535,200
http://web/pictures/recent.php,GET,"Cookie:PHPSESSID=7ficmi53fn80h3alhbsb1d4pk3
Accept:text/html,application/xhtml+xml,application/xml;q=0.9,image/avif,image/webp,image/apng,*/*;q=0.8,application/signed-exchange;v=b3;q=0.9
User-Agent:Mozilla/5.0 (X11; Linux x86_64) AppleWebKit/537.36 (KHTML, like Gecko) Chrome/85.0.4183.102 Safari/537.36
Referer:http://web/
Upgrade-Insecure-Requests:1
",cf83e1357eefb8bdf1542850d66d8007d620e4050b5715dc83f4a921d36ce9ce47d0d13c5d85f2b0ff8318d2877eec2f63b931bd47417a81a538327af927da3e,"Keep-Alive:timeout=5, max=21
Server:Apache/2.4.7 (Ubuntu)
Connection:Keep-Alive
Pragma:no-cache
Date:Mon, 11 May 2026 20:40:37 GMT
Cache-Control:no-store, no-cache, must-revalidate, post-check=0, pre-check=0
Content-Encoding:gzip
Vary:Accept-Encoding
Expires:Thu, 19 Nov 1981 08:52:00 GMT
Content-Length:1087
X-Powered-By:PHP/5.5.9-1ubuntu4.29
Content-Type:text/html
",c66f365393d6abdf8678691a20b4f9b881b8ef4ea086e1c1b1bfd406e3bf74f953e6bf73807dcd7aec8318144ac368d257be36e92c29b9b278bb7bd31dc70f5f,200
http://web/users/register.php,GET,"Cookie:PHPSESSID=7ficmi53fn80h3alhbsb1d4pk3
Accept:text/html,application/xhtml+xml,application/xml;q=0.9,image/avif,image/webp,image/apng,*/*;q=0.8,application/signed-exchange;v=b3;q=0.9
User-Agent:Mozilla/5.0 (X11; Linux x86_64) AppleWebKit/537.36 (KHTML, like Gecko) Chrome/85.0.4183.102 Safari/537.36
Referer:http://web/
Upgrade-Insecure-Requests:1
",cf83e1357eefb8bdf1542850d66d8007d620e4050b5715dc83f4a921d36ce9ce47d0d13c5d85f2b0ff8318d2877eec2f63b931bd47417a81a538327af927da3e,"Keep-Alive:timeout=5, max=52
Server:Apache/2.4.7 (Ubuntu)
Connection:Keep-Alive
Pragma:no-cache
Date:Mon, 11 May 2026 20:41:32 GMT
Cache-Control:no-store, no-cache, must-revalidate, post-check=0, pre-check=0
Content-Encoding:gzip
Vary:Accept-Encoding
Expires:Thu, 19 Nov 1981 08:52:00 GMT
Content-Length:1099
X-Powered-By:PHP/5.5.9-1ubuntu4.29
Content-Type:text/html
",af38cc64a18a856a04efff80efb10f80f15293d721d7dfc41651b4cfcb7ce234be9e75046cd0a0350c05c6c1f6f4f6a70400cdf0ed205d8496af0f0ca895f702,200
http://web/admin/index.php?page=login,GET,"Cookie:PHPSESSID=7ficmi53fn80h3alhbsb1d4pk3
Accept:text/html,application/xhtml+xml,application/xml;q=0.9,image/avif,image/webp,image/apng,*/*;q=0.8,application/signed-exchange;v=b3;q=0.9
User-Agent:Mozilla/5.0 (X11; Linux x86_64) AppleWebKit/537.36 (KHTML, like Gecko) Chrome/85.0.4183.102 Safari/537.36
Referer:http://web/calendar.php?date=1778705027
Upgrade-Insecure-Requests:1
",cf83e1357eefb8bdf1542850d66d8007d620e4050b5715dc83f4a921d36ce9ce47d0d13c5d85f2b0ff8318d2877eec2f63b931bd47417a81a538327af927da3e,"Keep-Alive:timeout=5, max=65
Server:Apache/2.4.7 (Ubuntu)
Connection:Keep-Alive
Pragma:no-cache
Date:Mon, 11 May 2026 20:43:49 GMT
Cache-Control:no-store, no-cache, must-revalidate, post-check=0, pre-check=0
Content-Encoding:gzip
Vary:Accept-Encoding
Expires:Thu, 19 Nov 1981 08:52:00 GMT
Content-Length:217
X-Powered-By:PHP/5.5.9-1ubuntu4.29
Content-Type:text/html
",de658cb34c3183754c26eb2d8de6d44c94ba222ce991240bc8a04432bf8fbd6e67362d4415f2f7e9d0114e0e2d5277208d80e048adde676a3f594a0bdb71a810,200
http://web/,GET,"Cookie:PHPSESSID=7ficmi53fn80h3alhbsb1d4pk3
Accept:text/html,application/xhtml+xml,application/xml;q=0.9,image/avif,image/webp,image/apng,*/*;q=0.8,application/signed-exchange;v=b3;q=0.9
User-Agent:Mozilla/5.0 (X11; Linux x86_64) AppleWebKit/537.36 (KHTML, like Gecko) Chrome/85.0.4183.102 Safari/537.36
Upgrade-Insecure-Requests:1
",cf83e1357eefb8bdf1542850d66d8007d620e4050b5715dc83f4a921d36ce9ce47d0d13c5d85f2b0ff8318d2877eec2f63b931bd47417a81a538327af927da3e,"Keep-Alive:timeout=5, max=8
Server:Apache/2.4.7 (Ubuntu)
Connection:Keep-Alive
Pragma:no-cache
Date:Mon, 11 May 2026 20:42:03 GMT
Cache-Control:no-store, no-cache, must-revalidate, post-check=0, pre-check=0
Content-Encoding:gzip
Vary:Accept-Encoding
Expires:Thu, 19 Nov 1981 08:52:00 GMT
Content-Length:1284
X-Powered-By:PHP/5.5.9-1ubuntu4.29
Content-Type:text/html
",104114092f3117bcfc178c1c5e0f64a6fe88f75ed57628de16603161c66b4cc7cde04f61d544d2205ed0e2146ee8bc6e09d34ccc453a234accdf45c7bb2f0312,200
http://web/pictures/recent.php,GET,"Cookie:PHPSESSID=7ficmi53fn80h3alhbsb1d4pk3
Accept:text/html,application/xhtml+xml,application/xml;q=0.9,image/avif,image/webp,image/apng,*/*;q=0.8,application/signed-exchange;v=b3;q=0.9
User-Agent:Mozilla/5.0 (X11; Linux x86_64) AppleWebKit/537.36 (KHTML, like Gecko) Chrome/85.0.4183.102 Safari/537.36
Referer:http://web/
Upgrade-Insecure-Requests:1
",cf83e1357eefb8bdf1542850d66d8007d620e4050b5715dc83f4a921d36ce9ce47d0d13c5d85f2b0ff8318d2877eec2f63b931bd47417a81a538327af927da3e,"Keep-Alive:timeout=5, max=29
Server:Apache/2.4.7 (Ubuntu)
Connection:Keep-Alive
Pragma:no-cache
Date:Mon, 11 May 2026 20:40:32 GMT
Cache-Control:no-store, no-cache, must-revalidate, post-check=0, pre-check=0
Content-Encoding:gzip
Vary:Accept-Encoding
Expires:Thu, 19 Nov 1981 08:52:00 GMT
Content-Length:1088
X-Powered-By:PHP/5.5.9-1ubuntu4.29
Content-Type:text/html
",83d362dbd9f30b79b8f8133d39d856bfbb7e30ca862a96514c97485239a4380bae5c6b7963c74be7128b620db4a337941b9857cb327cac320517ec69ccac2297,200
http://web/users/sample.php?userid=1,GET,"Cookie:PHPSESSID=7ficmi53fn80h3alhbsb1d4pk3
Accept:text/html,application/xhtml+xml,application/xml;q=0.9,image/avif,image/webp,image/apng,*/*;q=0.8,application/signed-exchange;v=b3;q=0.9
User-Agent:Mozilla/5.0 (X11; Linux x86_64) AppleWebKit/537.36 (KHTML, like Gecko) Chrome/85.0.4183.102 Safari/537.36
Referer:http://web/
Upgrade-Insecure-Requests:1
",cf83e1357eefb8bdf1542850d66d8007d620e4050b5715dc83f4a921d36ce9ce47d0d13c5d85f2b0ff8318d2877eec2f63b931bd47417a81a538327af927da3e,"Keep-Alive:timeout=5, max=45
Server:Apache/2.4.7 (Ubuntu)
Connection:Keep-Alive
Pragma:no-cache
Date:Mon, 11 May 2026 20:41:37 GMT
Cache-Control:no-store, no-cache, must-revalidate, post-check=0, pre-check=0
Content-Encoding:gzip
Vary:Accept-Encoding
Expires:Thu, 19 Nov 1981 08:52:00 GMT
Content-Length:983
X-Powered-By:PHP/5.5.9-1ubuntu4.29
Content-Type:text/html
",53a0d64f3ff927f7e5528913ccfadb15d30c08b2b6b9a898a33826b856b490ab84dc55fa62c2f918da31237ecefde8b8fa9ec4830a1d5928641f0358e0b599c8,200
http://web/tos.php,GET,"Cookie:PHPSESSID=7ficmi53fn80h3alhbsb1d4pk3
Accept:text/html,application/xhtml+xml,application/xml;q=0.9,image/avif,image/webp,image/apng,*/*;q=0.8,application/signed-exchange;v=b3;q=0.9
User-Agent:Mozilla/5.0 (X11; Linux x86_64) AppleWebKit/537.36 (KHTML, like Gecko) Chrome/85.0.4183.102 Safari/537.36
Referer:http://web/tos.php
Upgrade-Insecure-Requests:1
",cf83e1357eefb8bdf1542850d66d8007d620e4050b5715dc83f4a921d36ce9ce47d0d13c5d85f2b0ff8318d2877eec2f63b931bd47417a81a538327af927da3e,"Keep-Alive:timeout=5, max=84
Server:Apache/2.4.7 (Ubuntu)
Connection:Keep-Alive
Pragma:no-cache
Date:Mon, 11 May 2026 20:42:23 GMT
Cache-Control:no-store, no-cache, must-revalidate, post-check=0, pre-check=0
Content-Encoding:gzip
Vary:Accept-Encoding
Expires:Thu, 19 Nov 1981 08:52:00 GMT
Content-Length:10226
X-Powered-By:PHP/5.5.9-1ubuntu4.29
Content-Type:text/html
",011f1ad55999a2c01508b229c5306bf85c5f89762d95f9c960b26d6c239b0dbcb6ffdb63e02ba082ec4805ff60d124abce772cbcef141c16ad5fc4cb482095d5,200
http://web/users/login.php,GET,"Cookie:PHPSESSID=7ficmi53fn80h3alhbsb1d4pk3
Accept:text/html,application/xhtml+xml,application/xml;q=0.9,image/avif,image/webp,image/apng,*/*;q=0.8,application/signed-exchange;v=b3;q=0.9
User-Agent:Mozilla/5.0 (X11; Linux x86_64) AppleWebKit/537.36 (KHTML, like Gecko) Chrome/85.0.4183.102 Safari/537.36
Referer:http://web/users/register.php
Upgrade-Insecure-Requests:1
",cf83e1357eefb8bdf1542850d66d8007d620e4050b5715dc83f4a921d36ce9ce47d0d13c5d85f2b0ff8318d2877eec2f63b931bd47417a81a538327af927da3e,"Keep-Alive:timeout=5, max=68
Server:Apache/2.4.7 (Ubuntu)
Connection:Keep-Alive
Pragma:no-cache
Date:Mon, 11 May 2026 20:41:18 GMT
Cache-Control:no-store, no-cache, must-revalidate, post-check=0, pre-check=0
Content-Encoding:gzip
Vary:Accept-Encoding
Expires:Thu, 19 Nov 1981 08:52:00 GMT
Content-Length:976
X-Powered-By:PHP/5.5.9-1ubuntu4.29
Content-Type:text/html
",93709fe07d1a311156cb872fd4330b7a9aa74c4c31320d9ad337c2482cd686019d6a714a1ae6dd54a2f260f09b1818683926bc3bb224c77f5d0e8627f819a78f,200
http://web/calendar.php?date=1778705008,GET,"Cookie:PHPSESSID=7ficmi53fn80h3alhbsb1d4pk3
Accept:text/html,application/xhtml+xml,application/xml;q=0.9,image/avif,image/webp,image/apng,*/*;q=0.8,application/signed-exchange;v=b3;q=0.9
User-Agent:Mozilla/5.0 (X11; Linux x86_64) AppleWebKit/537.36 (KHTML, like Gecko) Chrome/85.0.4183.102 Safari/537.36
Referer:http://web/calendar.php?date=1778618608
Upgrade-Insecure-Requests:1
",cf83e1357eefb8bdf1542850d66d8007d620e4050b5715dc83f4a921d36ce9ce47d0d13c5d85f2b0ff8318d2877eec2f63b931bd47417a81a538327af927da3e,"Keep-Alive:timeout=5, max=92
Server:Apache/2.4.7 (Ubuntu)
Connection:Keep-Alive
Pragma:no-cache
Date:Mon, 11 May 2026 20:43:29 GMT
Cache-Control:no-store, no-cache, must-revalidate, post-check=0, pre-check=0
Content-Encoding:gzip
Vary:Accept-Encoding
Expires:Thu, 19 Nov 1981 08:52:00 GMT
Content-Length:944
X-Powered-By:PHP/5.5.9-1ubuntu4.29
Content-Type:text/html
",3c9b540f82e92bd7e6297ed72c79d358dc9f73bc1343e0473c2db7aa9aee4ab847a4411bbcd56730429d89798f087871832fc42fc0967eefd9b6d3f4dceb8b21,200
http://web/,GET,"Cookie:PHPSESSID=7ficmi53fn80h3alhbsb1d4pk3
Accept:text/html,application/xhtml+xml,application/xml;q=0.9,image/avif,image/webp,image/apng,*/*;q=0.8,application/signed-exchange;v=b3;q=0.9
User-Agent:Mozilla/5.0 (X11; Linux x86_64) AppleWebKit/537.36 (KHTML, like Gecko) Chrome/85.0.4183.102 Safari/537.36
Upgrade-Insecure-Requests:1
",cf83e1357eefb8bdf1542850d66d8007d620e4050b5715dc83f4a921d36ce9ce47d0d13c5d85f2b0ff8318d2877eec2f63b931bd47417a81a538327af927da3e,"Keep-Alive:timeout=5, max=52
Server:Apache/2.4.7 (Ubuntu)
Connection:Keep-Alive
Pragma:no-cache
Date:Mon, 11 May 2026 20:43:57 GMT
Cache-Control:no-store, no-cache, must-revalidate, post-check=0, pre-check=0
Content-Encoding:gzip
Vary:Accept-Encoding
Expires:Thu, 19 Nov 1981 08:52:00 GMT
Content-Length:1283
X-Powered-By:PHP/5.5.9-1ubuntu4.29
Content-Type:text/html
",e3a855268cfb377f2f652d196bffa6c62d901e1c83eca830c90c1624d687c692813604c8a7ab131d20088cc63a2ed75f399c1d299d7479ad2fe576032a343f65,200
http://web/calendar.php?date=1778705030,GET,"Cookie:PHPSESSID=7ficmi53fn80h3alhbsb1d4pk3
Accept:text/html,application/xhtml+xml,application/xml;q=0.9,image/avif,image/webp,image/apng,*/*;q=0.8,application/signed-exchange;v=b3;q=0.9
User-Agent:Mozilla/5.0 (X11; Linux x86_64) AppleWebKit/537.36 (KHTML, like Gecko) Chrome/85.0.4183.102 Safari/537.36
Referer:http://web/calendar.php?date=1778618630
Upgrade-Insecure-Requests:1
",cf83e1357eefb8bdf1542850d66d8007d620e4050b5715dc83f4a921d36ce9ce47d0d13c5d85f2b0ff8318d2877eec2f63b931bd47417a81a538327af927da3e,"Keep-Alive:timeout=5, max=61
Server:Apache/2.4.7 (Ubuntu)
Connection:Keep-Alive
Pragma:no-cache
Date:Mon, 11 May 2026 20:43:52 GMT
Cache-Control:no-store, no-cache, must-revalidate, post-check=0, pre-check=0
Content-Encoding:gzip
Vary:Accept-Encoding
Expires:Thu, 19 Nov 1981 08:52:00 GMT
Content-Length:946
X-Powered-By:PHP/5.5.9-1ubuntu4.29
Content-Type:text/html
",5a768a87b01e0e77c5b0a86d93b6ac54bb4debc948cd64f0764f0b0428edc91fb9a70b16c1b3534e3d69215745c094406870c33afde147c70fa939ce3cb6a18f,200
http://web/,GET,"Cookie:PHPSESSID=7ficmi53fn80h3alhbsb1d4pk3
Accept:text/html,application/xhtml+xml,application/xml;q=0.9,image/avif,image/webp,image/apng,*/*;q=0.8,application/signed-exchange;v=b3;q=0.9
User-Agent:Mozilla/5.0 (X11; Linux x86_64) AppleWebKit/537.36 (KHTML, like Gecko) Chrome/85.0.4183.102 Safari/537.36
Referer:http://web/calendar.php
Upgrade-Insecure-Requests:1
",cf83e1357eefb8bdf1542850d66d8007d620e4050b5715dc83f4a921d36ce9ce47d0d13c5d85f2b0ff8318d2877eec2f63b931bd47417a81a538327af927da3e,"Keep-Alive:timeout=5, max=97
Server:Apache/2.4.7 (Ubuntu)
Connection:Keep-Alive
Pragma:no-cache
Date:Mon, 11 May 2026 20:42:12 GMT
Cache-Control:no-store, no-cache, must-revalidate, post-check=0, pre-check=0
Content-Encoding:gzip
Vary:Accept-Encoding
Expires:Thu, 19 Nov 1981 08:52:00 GMT
Content-Length:1283
X-Powered-By:PHP/5.5.9-1ubuntu4.29
Content-Type:text/html
",b9bf0c7416f45ee07e99dbe3c3d384307cc11634b0f6c6ec96068a5d47ae2a5b19c125c727058c9699132c8938880000d11e825bccf863ac49aaffb678ee63bb,200
http://web/upload/toga/togasfs.128_128.jpg,GET,"Cookie:PHPSESSID=7ficmi53fn80h3alhbsb1d4pk3
Accept:image/avif,image/webp,image/apng,image/*,*/*;q=0.8
User-Agent:Mozilla/5.0 (X11; Linux x86_64) AppleWebKit/537.36 (KHTML, like Gecko) Chrome/85.0.4183.102 Safari/537.36
Referer:http://web/pictures/recent.php
",cf83e1357eefb8bdf1542850d66d8007d620e4050b5715dc83f4a921d36ce9ce47d0d13c5d85f2b0ff8318d2877eec2f63b931bd47417a81a538327af927da3e,"Server:Apache/2.4.7 (Ubuntu)
Last-Modified:Thu, 02 Feb 2017 22:24:09 GMT
Date:Mon, 11 May 2026 20:39:39 GMT
Accept-Ranges:bytes
ETag:""321f-547939fb8b440""
Content-Length:12831
Content-Type:image/jpeg
",f9e00cc601dc7ed7b36ceb20d99655fbfae55b276341df50cc847ccbc4692a94cd49e6eb38bef9d2fc13a1e4900795b7234110c8ba66bf9a7b7f0d12f264bf16,200
http://web/admin/index.php?page=login,GET,"Cookie:PHPSESSID=7ficmi53fn80h3alhbsb1d4pk3
Accept:text/html,application/xhtml+xml,application/xml;q=0.9,image/avif,image/webp,image/apng,*/*;q=0.8,application/signed-exchange;v=b3;q=0.9
User-Agent:Mozilla/5.0 (X11; Linux x86_64) AppleWebKit/537.36 (KHTML, like Gecko) Chrome/85.0.4183.102 Safari/537.36
Referer:http://web/calendar.php
Upgrade-Insecure-Requests:1
",cf83e1357eefb8bdf1542850d66d8007d620e4050b5715dc83f4a921d36ce9ce47d0d13c5d85f2b0ff8318d2877eec2f63b931bd47417a81a538327af927da3e,"Keep-Alive:timeout=5, max=94
Server:Apache/2.4.7 (Ubuntu)
Connection:Keep-Alive
Pragma:no-cache
Date:Mon, 11 May 2026 20:42:15 GMT
Cache-Control:no-store, no-cache, must-revalidate, post-check=0, pre-check=0
Content-Encoding:gzip
Vary:Accept-Encoding
Expires:Thu, 19 Nov 1981 08:52:00 GMT
Content-Length:216
X-Powered-By:PHP/5.5.9-1ubuntu4.29
Content-Type:text/html
",3bbbfa95ec1e8d1f9d34ff86854ccfee60ee42554c19dc7c2c422f3fc0ac60e005b39fe6ab6664a8e486b539532db0ca80376f829d8a7e48a52be62ce474a0bd,200
http://web/calendar.php?date=1778791447,GET,"Cookie:PHPSESSID=7ficmi53fn80h3alhbsb1d4pk3
Accept:text/html,application/xhtml+xml,application/xml;q=0.9,image/avif,image/webp,image/apng,*/*;q=0.8,application/signed-exchange;v=b3;q=0.9
User-Agent:Mozilla/5.0 (X11; Linux x86_64) AppleWebKit/537.36 (KHTML, like Gecko) Chrome/85.0.4183.102 Safari/537.36
Referer:http://web/calendar.php?date=1778705047
Upgrade-Insecure-Requests:1
",cf83e1357eefb8bdf1542850d66d8007d620e4050b5715dc83f4a921d36ce9ce47d0d13c5d85f2b0ff8318d2877eec2f63b931bd47417a81a538327af927da3e,"Keep-Alive:timeout=5, max=35
Server:Apache/2.4.7 (Ubuntu)
Connection:Keep-Alive
Pragma:no-cache
Date:Mon, 11 May 2026 20:44:09 GMT
Cache-Control:no-store, no-cache, must-revalidate, post-check=0, pre-check=0
Content-Encoding:gzip
Vary:Accept-Encoding
Expires:Thu, 19 Nov 1981 08:52:00 GMT
Content-Length:945
X-Powered-By:PHP/5.5.9-1ubuntu4.29
Content-Type:text/html
",a72edb005822e7081cea3d466e90c9c3a92a2b1e5d445484323bdd3c67e08bbd17e91c9165dbbdcfb7be39a82275ef2d07645b6b926b7815f4399b71b6a93524,200
http://web/guestbook.php,GET,"Cookie:PHPSESSID=7ficmi53fn80h3alhbsb1d4pk3
Accept:text/html,application/xhtml+xml,application/xml;q=0.9,image/avif,image/webp,image/apng,*/*;q=0.8,application/signed-exchange;v=b3;q=0.9
User-Agent:Mozilla/5.0 (X11; Linux x86_64) AppleWebKit/537.36 (KHTML, like Gecko) Chrome/85.0.4183.102 Safari/537.36
Referer:http://web/
Upgrade-Insecure-Requests:1
",cf83e1357eefb8bdf1542850d66d8007d620e4050b5715dc83f4a921d36ce9ce47d0d13c5d85f2b0ff8318d2877eec2f63b931bd47417a81a538327af927da3e,"Keep-Alive:timeout=5, max=92
Server:Apache/2.4.7 (Ubuntu)
Connection:Keep-Alive
Pragma:no-cache
Date:Mon, 11 May 2026 20:39:45 GMT
Cache-Control:no-store, no-cache, must-revalidate, post-check=0, pre-check=0
Content-Encoding:gzip
Vary:Accept-Encoding
Expires:Thu, 19 Nov 1981 08:52:00 GMT
Content-Length:999
X-Powered-By:PHP/5.5.9-1ubuntu4.29
Content-Type:text/html
",5b86346a18685aa75cc72634d56a8e70a6b9e20dfbb5b3cfc7acbeeca7defb4f580dd110d10ff15e14c4e39c8fb3adb25184b7ac85a287aedde748d838743a03,200
http://web/passcheck.php,GET,"Cookie:PHPSESSID=7ficmi53fn80h3alhbsb1d4pk3
Accept:text/html,application/xhtml+xml,application/xml;q=0.9,image/avif,image/webp,image/apng,*/*;q=0.8,application/signed-exchange;v=b3;q=0.9
User-Agent:Mozilla/5.0 (X11; Linux x86_64) AppleWebKit/537.36 (KHTML, like Gecko) Chrome/85.0.4183.102 Safari/537.36
Referer:http://web/users/register.php
Upgrade-Insecure-Requests:1
",cf83e1357eefb8bdf1542850d66d8007d620e4050b5715dc83f4a921d36ce9ce47d0d13c5d85f2b0ff8318d2877eec2f63b931bd47417a81a538327af927da3e,"Keep-Alive:timeout=5, max=71
Server:Apache/2.4.7 (Ubuntu)
Connection:Keep-Alive
Pragma:no-cache
Date:Mon, 11 May 2026 20:42:31 GMT
Cache-Control:no-store, no-cache, must-revalidate, post-check=0, pre-check=0
Content-Encoding:gzip
Vary:Accept-Encoding
Expires:Thu, 19 Nov 1981 08:52:00 GMT
Content-Length:928
X-Powered-By:PHP/5.5.9-1ubuntu4.29
Content-Type:text/html
",171e139df7e400091709dc9fb7a382f957c503544ea81a7e2b35a7c7d209770ae97e7373c2eda91058c0ad6c6f7698cad434d13c42ebb6bc08f51e81cb04b011,200
http://web/users/home.php,GET,"Cookie:PHPSESSID=7ficmi53fn80h3alhbsb1d4pk3
Accept:text/html,application/xhtml+xml,application/xml;q=0.9,image/avif,image/webp,image/apng,*/*;q=0.8,application/signed-exchange;v=b3;q=0.9
User-Agent:Mozilla/5.0 (X11; Linux x86_64) AppleWebKit/537.36 (KHTML, like Gecko) Chrome/85.0.4183.102 Safari/537.36
Referer:http://web/calendar.php?date=1778791434
Upgrade-Insecure-Requests:1
",cf83e1357eefb8bdf1542850d66d8007d620e4050b5715dc83f4a921d36ce9ce47d0d13c5d85f2b0ff8318d2877eec2f63b931bd47417a81a538327af927da3e,"Keep-Alive:timeout=5, max=54
Server:Apache/2.4.7 (Ubuntu)
Connection:Keep-Alive
Pragma:no-cache
Date:Mon, 11 May 2026 20:43:57 GMT
Cache-Control:no-store, no-cache, must-revalidate, post-check=0, pre-check=0
Expires:Thu, 19 Nov 1981 08:52:00 GMT
Content-Length:41
X-Powered-By:PHP/5.5.9-1ubuntu4.29
Location:/users/login.php
Content-Type:text/html
",cf83e1357eefb8bdf1542850d66d8007d620e4050b5715dc83f4a921d36ce9ce47d0d13c5d85f2b0ff8318d2877eec2f63b931bd47417a81a538327af927da3e,303
http://web/,GET,"Cookie:PHPSESSID=7ficmi53fn80h3alhbsb1d4pk3
Accept:text/html,application/xhtml+xml,application/xml;q=0.9,image/avif,image/webp,image/apng,*/*;q=0.8,application/signed-exchange;v=b3;q=0.9
User-Agent:Mozilla/5.0 (X11; Linux x86_64) AppleWebKit/537.36 (KHTML, like Gecko) Chrome/85.0.4183.102 Safari/537.36
Referer:http://web/users/register.php
Upgrade-Insecure-Requests:1
",cf83e1357eefb8bdf1542850d66d8007d620e4050b5715dc83f4a921d36ce9ce47d0d13c5d85f2b0ff8318d2877eec2f63b931bd47417a81a538327af927da3e,"Keep-Alive:timeout=5, max=61
Server:Apache/2.4.7 (Ubuntu)
Connection:Keep-Alive
Pragma:no-cache
Date:Mon, 11 May 2026 20:41:24 GMT
Cache-Control:no-store, no-cache, must-revalidate, post-check=0, pre-check=0
Content-Encoding:gzip
Vary:Accept-Encoding
Expires:Thu, 19 Nov 1981 08:52:00 GMT
Content-Length:1283
X-Powered-By:PHP/5.5.9-1ubuntu4.29
Content-Type:text/html
",bf8fc0a0a760a57da5da66434548aa1388046647bd27e2853e9670b3f78d716644605fd63641a2aa3b2890464f6c30fd637c7d3a28692e337949fa915ad33a53,200
http://web/,GET,"Cookie:PHPSESSID=7ficmi53fn80h3alhbsb1d4pk3
Accept:text/html,application/xhtml+xml,application/xml;q=0.9,image/avif,image/webp,image/apng,*/*;q=0.8,application/signed-exchange;v=b3;q=0.9
User-Agent:Mozilla/5.0 (X11; Linux x86_64) AppleWebKit/537.36 (KHTML, like Gecko) Chrome/85.0.4183.102 Safari/537.36
Upgrade-Insecure-Requests:1
",cf83e1357eefb8bdf1542850d66d8007d620e4050b5715dc83f4a921d36ce9ce47d0d13c5d85f2b0ff8318d2877eec2f63b931bd47417a81a538327af927da3e,"Keep-Alive:timeout=5, max=19
Server:Apache/2.4.7 (Ubuntu)
Connection:Keep-Alive
Pragma:no-cache
Date:Mon, 11 May 2026 20:41:56 GMT
Cache-Control:no-store, no-cache, must-revalidate, post-check=0, pre-check=0
Content-Encoding:gzip
Vary:Accept-Encoding
Expires:Thu, 19 Nov 1981 08:52:00 GMT
Content-Length:1283
X-Powered-By:PHP/5.5.9-1ubuntu4.29
Content-Type:text/html
",878614214193c09273c3ee4345b0dd14f855d10c4b2f67078490293e78d522e4393640f5bac1e44171e220b8a4d73c0ce2d839715b4e5a6f0bf2f23b31f0769c,200
http://web/calendar.php?date=1778705060,GET,"Cookie:PHPSESSID=7ficmi53fn80h3alhbsb1d4pk3
Accept:text/html,application/xhtml+xml,application/xml;q=0.9,image/avif,image/webp,image/apng,*/*;q=0.8,application/signed-exchange;v=b3;q=0.9
User-Agent:Mozilla/5.0 (X11; Linux x86_64) AppleWebKit/537.36 (KHTML, like Gecko) Chrome/85.0.4183.102 Safari/537.36
Referer:http://web/calendar.php?date=1778618660
Upgrade-Insecure-Requests:1
",cf83e1357eefb8bdf1542850d66d8007d620e4050b5715dc83f4a921d36ce9ce47d0d13c5d85f2b0ff8318d2877eec2f63b931bd47417a81a538327af927da3e,"Keep-Alive:timeout=5, max=17
Server:Apache/2.4.7 (Ubuntu)
Connection:Keep-Alive
Pragma:no-cache
Date:Mon, 11 May 2026 20:44:22 GMT
Cache-Control:no-store, no-cache, must-revalidate, post-check=0, pre-check=0
Content-Encoding:gzip
Vary:Accept-Encoding
Expires:Thu, 19 Nov 1981 08:52:00 GMT
Content-Length:946
X-Powered-By:PHP/5.5.9-1ubuntu4.29
Content-Type:text/html
",e53ba207e05eed6cbde98a733c78c7cf9d2cfd4d8cbde911961f09820bd248025b0c1575f6526b85346bd18fa53446476f473351baa012a83860f73fc340e410,200
http://web/users/register.php,GET,"Cookie:PHPSESSID=7ficmi53fn80h3alhbsb1d4pk3
Accept:text/html,application/xhtml+xml,application/xml;q=0.9,image/avif,image/webp,image/apng,*/*;q=0.8,application/signed-exchange;v=b3;q=0.9
User-Agent:Mozilla/5.0 (X11; Linux x86_64) AppleWebKit/537.36 (KHTML, like Gecko) Chrome/85.0.4183.102 Safari/537.36
Referer:http://web/
Upgrade-Insecure-Requests:1
",cf83e1357eefb8bdf1542850d66d8007d620e4050b5715dc83f4a921d36ce9ce47d0d13c5d85f2b0ff8318d2877eec2f63b931bd47417a81a538327af927da3e,"Keep-Alive:timeout=5, max=52
Server:Apache/2.4.7 (Ubuntu)
Connection:Keep-Alive
Pragma:no-cache
Date:Mon, 11 May 2026 20:42:47 GMT
Cache-Control:no-store, no-cache, must-revalidate, post-check=0, pre-check=0
Content-Encoding:gzip
Vary:Accept-Encoding
Expires:Thu, 19 Nov 1981 08:52:00 GMT
Content-Length:1101
X-Powered-By:PHP/5.5.9-1ubuntu4.29
Content-Type:text/html
",d9dae8a6bf982e0abd5ee3b3bf905887f9122d8d2fa67d666c1789f91e3b2e87a40895c60b2338ce138817d6a060db1a620d1b2e2c227cbed22f42fc7196bdea,200
http://web/users/sample.php?userid=1,GET,"Cookie:PHPSESSID=7ficmi53fn80h3alhbsb1d4pk3
Accept:text/html,application/xhtml+xml,application/xml;q=0.9,image/avif,image/webp,image/apng,*/*;q=0.8,application/signed-exchange;v=b3;q=0.9
User-Agent:Mozilla/5.0 (X11; Linux x86_64) AppleWebKit/537.36 (KHTML, like Gecko) Chrome/85.0.4183.102 Safari/537.36
Referer:http://web/
Upgrade-Insecure-Requests:1
",cf83e1357eefb8bdf1542850d66d8007d620e4050b5715dc83f4a921d36ce9ce47d0d13c5d85f2b0ff8318d2877eec2f63b931bd47417a81a538327af927da3e,"Keep-Alive:timeout=5, max=77
Server:Apache/2.4.7 (Ubuntu)
Connection:Keep-Alive
Pragma:no-cache
Date:Mon, 11 May 2026 20:39:58 GMT
Cache-Control:no-store, no-cache, must-revalidate, post-check=0, pre-check=0
Content-Encoding:gzip
Vary:Accept-Encoding
Expires:Thu, 19 Nov 1981 08:52:00 GMT
Content-Length:982
X-Powered-By:PHP/5.5.9-1ubuntu4.29
Content-Type:text/html
",54deee2a18a44f0c2d22c868ec0a53587e8644d31e23017a882a848f334d95cd15f45018848d5fc9677dd194498ec3c9cc06129e52bab6ef6d248e4713a0adef,200
http://web/users/sample.php?userid=1,GET,"Cookie:PHPSESSID=7ficmi53fn80h3alhbsb1d4pk3
Accept:text/html,application/xhtml+xml,application/xml;q=0.9,image/avif,image/webp,image/apng,*/*;q=0.8,application/signed-exchange;v=b3;q=0.9
User-Agent:Mozilla/5.0 (X11; Linux x86_64) AppleWebKit/537.36 (KHTML, like Gecko) Chrome/85.0.4183.102 Safari/537.36
Referer:http://web/
Upgrade-Insecure-Requests:1
",cf83e1357eefb8bdf1542850d66d8007d620e4050b5715dc83f4a921d36ce9ce47d0d13c5d85f2b0ff8318d2877eec2f63b931bd47417a81a538327af927da3e,"Keep-Alive:timeout=5, max=49
Server:Apache/2.4.7 (Ubuntu)
Connection:Keep-Alive
Pragma:no-cache
Date:Mon, 11 May 2026 20:41:34 GMT
Cache-Control:no-store, no-cache, must-revalidate, post-check=0, pre-check=0
Content-Encoding:gzip
Vary:Accept-Encoding
Expires:Thu, 19 Nov 1981 08:52:00 GMT
Content-Length:980
X-Powered-By:PHP/5.5.9-1ubuntu4.29
Content-Type:text/html
",773bd0f9589145da5045083274148a60a1dffc4e31a04954e2e7550dbe9642c83e3eb5a67dda73d4f1943fe1a81476b9350ecafdddea359304a92e45a7ce7606,200
http://web/,GET,"Cookie:PHPSESSID=7ficmi53fn80h3alhbsb1d4pk3
Accept:text/html,application/xhtml+xml,application/xml;q=0.9,image/avif,image/webp,image/apng,*/*;q=0.8,application/signed-exchange;v=b3;q=0.9
User-Agent:Mozilla/5.0 (X11; Linux x86_64) AppleWebKit/537.36 (KHTML, like Gecko) Chrome/85.0.4183.102 Safari/537.36
Referer:http://web/users/register.php
Upgrade-Insecure-Requests:1
",cf83e1357eefb8bdf1542850d66d8007d620e4050b5715dc83f4a921d36ce9ce47d0d13c5d85f2b0ff8318d2877eec2f63b931bd47417a81a538327af927da3e,"Keep-Alive:timeout=5, max=87
Server:Apache/2.4.7 (Ubuntu)
Connection:Keep-Alive
Pragma:no-cache
Date:Mon, 11 May 2026 20:39:49 GMT
Cache-Control:no-store, no-cache, must-revalidate, post-check=0, pre-check=0
Content-Encoding:gzip
Vary:Accept-Encoding
Expires:Thu, 19 Nov 1981 08:52:00 GMT
Content-Length:1283
X-Powered-By:PHP/5.5.9-1ubuntu4.29
Content-Type:text/html
",d1ed965e6ac47ebd23c7436746299014a0adf1b1a013f24bd3ff7ba0f2a25a1bc82b245777d95c05e8590cc7e7563a58caea977fdc4ef9fb4adab3c3565a6d01,200
http://web/tos.php,GET,"Cookie:PHPSESSID=7ficmi53fn80h3alhbsb1d4pk3
Accept:text/html,application/xhtml+xml,application/xml;q=0.9,image/avif,image/webp,image/apng,*/*;q=0.8,application/signed-exchange;v=b3;q=0.9
User-Agent:Mozilla/5.0 (X11; Linux x86_64) AppleWebKit/537.36 (KHTML, like Gecko) Chrome/85.0.4183.102 Safari/537.36
Referer:http://web/pictures/recent.php
Upgrade-Insecure-Requests:1
",cf83e1357eefb8bdf1542850d66d8007d620e4050b5715dc83f4a921d36ce9ce47d0d13c5d85f2b0ff8318d2877eec2f63b931bd47417a81a538327af927da3e,"Keep-Alive:timeout=5, max=2
Server:Apache/2.4.7 (Ubuntu)
Connection:Keep-Alive
Pragma:no-cache
Date:Mon, 11 May 2026 20:40:50 GMT
Cache-Control:no-store, no-cache, must-revalidate, post-check=0, pre-check=0
Content-Encoding:gzip
Vary:Accept-Encoding
Expires:Thu, 19 Nov 1981 08:52:00 GMT
Content-Length:10227
X-Powered-By:PHP/5.5.9-1ubuntu4.29
Content-Type:text/html
",2ea151ed35abfa4683d230b5895d75325e773e0b5a91cd8996d8627e8477079ef6b01f82aadb5ed1432d69e9b44185185ae4583bf442d7671f2cce06c17194e2,200
http://web/calendar.php,GET,"Cookie:PHPSESSID=7ficmi53fn80h3alhbsb1d4pk3
Accept:text/html,application/xhtml+xml,application/xml;q=0.9,image/avif,image/webp,image/apng,*/*;q=0.8,application/signed-exchange;v=b3;q=0.9
User-Agent:Mozilla/5.0 (X11; Linux x86_64) AppleWebKit/537.36 (KHTML, like Gecko) Chrome/85.0.4183.102 Safari/537.36
Referer:http://web/
Upgrade-Insecure-Requests:1
",cf83e1357eefb8bdf1542850d66d8007d620e4050b5715dc83f4a921d36ce9ce47d0d13c5d85f2b0ff8318d2877eec2f63b931bd47417a81a538327af927da3e,"Keep-Alive:timeout=5, max=39
Server:Apache/2.4.7 (Ubuntu)
Connection:Keep-Alive
Pragma:no-cache
Date:Mon, 11 May 2026 20:42:56 GMT
Cache-Control:no-store, no-cache, must-revalidate, post-check=0, pre-check=0
Content-Encoding:gzip
Vary:Accept-Encoding
Expires:Thu, 19 Nov 1981 08:52:00 GMT
Content-Length:943
X-Powered-By:PHP/5.5.9-1ubuntu4.29
Content-Type:text/html
",f0054f9a43a65b14a89f5129390a0d3a38042a3d001ca2f462ad170dc1248207dc83a0b22adf45725a299e745accfedbbbc4b2b34efa098e17eb947a99ee75ae,200
http://web/calendar.php?date=1778618615,GET,"Cookie:PHPSESSID=7ficmi53fn80h3alhbsb1d4pk3
Accept:text/html,application/xhtml+xml,application/xml;q=0.9,image/avif,image/webp,image/apng,*/*;q=0.8,application/signed-exchange;v=b3;q=0.9
User-Agent:Mozilla/5.0 (X11; Linux x86_64) AppleWebKit/537.36 (KHTML, like Gecko) Chrome/85.0.4183.102 Safari/537.36
Referer:http://web/calendar.php
Upgrade-Insecure-Requests:1
",cf83e1357eefb8bdf1542850d66d8007d620e4050b5715dc83f4a921d36ce9ce47d0d13c5d85f2b0ff8318d2877eec2f63b931bd47417a81a538327af927da3e,"Keep-Alive:timeout=5, max=83
Server:Apache/2.4.7 (Ubuntu)
Connection:Keep-Alive
Pragma:no-cache
Date:Mon, 11 May 2026 20:43:36 GMT
Cache-Control:no-store, no-cache, must-revalidate, post-check=0, pre-check=0
Content-Encoding:gzip
Vary:Accept-Encoding
Expires:Thu, 19 Nov 1981 08:52:00 GMT
Content-Length:943
X-Powered-By:PHP/5.5.9-1ubuntu4.29
Content-Type:text/html
",f2e4eda30fdf6320cf970ec865e07cbd37658bc29c82b45fdf346fb7a5997da215078b2246f538c51fa5b8edff2d20bc9b2941af82d115ab0936ccc3f4c5e06f,200
http://web/passcheck.php,GET,"Cookie:PHPSESSID=7ficmi53fn80h3alhbsb1d4pk3
Accept:text/html,application/xhtml+xml,application/xml;q=0.9,image/avif,image/webp,image/apng,*/*;q=0.8,application/signed-exchange;v=b3;q=0.9
User-Agent:Mozilla/5.0 (X11; Linux x86_64) AppleWebKit/537.36 (KHTML, like Gecko) Chrome/85.0.4183.102 Safari/537.36
Referer:http://web/users/register.php
Upgrade-Insecure-Requests:1
",cf83e1357eefb8bdf1542850d66d8007d620e4050b5715dc83f4a921d36ce9ce47d0d13c5d85f2b0ff8318d2877eec2f63b931bd47417a81a538327af927da3e,"Keep-Alive:timeout=5, max=59
Server:Apache/2.4.7 (Ubuntu)
Connection:Keep-Alive
Pragma:no-cache
Date:Mon, 11 May 2026 20:42:41 GMT
Cache-Control:no-store, no-cache, must-revalidate, post-check=0, pre-check=0
Content-Encoding:gzip
Vary:Accept-Encoding
Expires:Thu, 19 Nov 1981 08:52:00 GMT
Content-Length:928
X-Powered-By:PHP/5.5.9-1ubuntu4.29
Content-Type:text/html
",794b4ac562628b9edcc70c984179b951ed6ad735f5769709d6171307c3e096211b59b88f9881c2340c4eb18423b86a41af845bf4e853c597e181612a612bf977,200
http://web/upload/house/My_House.128_128.jpg,GET,"Cookie:PHPSESSID=7ficmi53fn80h3alhbsb1d4pk3
Accept:image/avif,image/webp,image/apng,image/*,*/*;q=0.8
User-Agent:Mozilla/5.0 (X11; Linux x86_64) AppleWebKit/537.36 (KHTML, like Gecko) Chrome/85.0.4183.102 Safari/537.36
Referer:http://web/pictures/recent.php
",cf83e1357eefb8bdf1542850d66d8007d620e4050b5715dc83f4a921d36ce9ce47d0d13c5d85f2b0ff8318d2877eec2f63b931bd47417a81a538327af927da3e,"Keep-Alive:timeout=5, max=84
Server:Apache/2.4.7 (Ubuntu)
Connection:Keep-Alive
Last-Modified:Thu, 02 Feb 2017 22:24:09 GMT
Date:Mon, 11 May 2026 20:39:39 GMT
Accept-Ranges:bytes
ETag:""359b-547939fb8b440""
Content-Length:13723
Content-Type:image/jpeg
",8c4f3e706b9e8b7f56594f846de689869eda70bf37f962ef75d26f1490ef415896dc9f7a3a8e5b263ccc541d9cd895f8851a47300c6d8ce6b7def2d21eb2bcde,200
http://web/,GET,"Cookie:PHPSESSID=7ficmi53fn80h3alhbsb1d4pk3
Accept:text/html,application/xhtml+xml,application/xml;q=0.9,image/avif,image/webp,image/apng,*/*;q=0.8,application/signed-exchange;v=b3;q=0.9
User-Agent:Mozilla/5.0 (X11; Linux x86_64) AppleWebKit/537.36 (KHTML, like Gecko) Chrome/85.0.4183.102 Safari/537.36
Upgrade-Insecure-Requests:1
",cf83e1357eefb8bdf1542850d66d8007d620e4050b5715dc83f4a921d36ce9ce47d0d13c5d85f2b0ff8318d2877eec2f63b931bd47417a81a538327af927da3e,"Keep-Alive:timeout=5, max=18
Server:Apache/2.4.7 (Ubuntu)
Connection:Keep-Alive
Pragma:no-cache
Date:Mon, 11 May 2026 20:40:39 GMT
Cache-Control:no-store, no-cache, must-revalidate, post-check=0, pre-check=0
Content-Encoding:gzip
Vary:Accept-Encoding
Expires:Thu, 19 Nov 1981 08:52:00 GMT
Content-Length:1283
X-Powered-By:PHP/5.5.9-1ubuntu4.29
Content-Type:text/html
",38c3165b3616fd8caf8e01ed37a5ea2a44d11b1620dbc248becb3263ceb11f21484354e87127462e50f52a520b9fbba434051055041ce071ba02e663c2bb88d4,200
http://web/,GET,"Cookie:PHPSESSID=7ficmi53fn80h3alhbsb1d4pk3
Accept:text/html,application/xhtml+xml,application/xml;q=0.9,image/avif,image/webp,image/apng,*/*;q=0.8,application/signed-exchange;v=b3;q=0.9
User-Agent:Mozilla/5.0 (X11; Linux x86_64) AppleWebKit/537.36 (KHTML, like Gecko) Chrome/85.0.4183.102 Safari/537.36
Upgrade-Insecure-Requests:1
",cf83e1357eefb8bdf1542850d66d8007d620e4050b5715dc83f4a921d36ce9ce47d0d13c5d85f2b0ff8318d2877eec2f63b931bd47417a81a538327af927da3e,"Keep-Alive:timeout=5, max=86
Server:Apache/2.4.7 (Ubuntu)
Connection:Keep-Alive
Pragma:no-cache
Date:Mon, 11 May 2026 20:42:21 GMT
Cache-Control:no-store, no-cache, must-revalidate, post-check=0, pre-check=0
Content-Encoding:gzip
Vary:Accept-Encoding
Expires:Thu, 19 Nov 1981 08:52:00 GMT
Content-Length:1281
X-Powered-By:PHP/5.5.9-1ubuntu4.29
Content-Type:text/html
",e3de3490a7d06b33cf695c9cac813ce2d5d4c02b75ae99a1dac3b5e29992382684fe28c66f4c163c6dc76b9b97361af13a426852a40a745b4c4e73209746fe7c,200
http://web/users/login.php,GET,"Cookie:PHPSESSID=7ficmi53fn80h3alhbsb1d4pk3
Accept:text/html,application/xhtml+xml,application/xml;q=0.9,image/avif,image/webp,image/apng,*/*;q=0.8,application/signed-exchange;v=b3;q=0.9
User-Agent:Mozilla/5.0 (X11; Linux x86_64) AppleWebKit/537.36 (KHTML, like Gecko) Chrome/85.0.4183.102 Safari/537.36
Referer:http://web/users/register.php
Upgrade-Insecure-Requests:1
",cf83e1357eefb8bdf1542850d66d8007d620e4050b5715dc83f4a921d36ce9ce47d0d13c5d85f2b0ff8318d2877eec2f63b931bd47417a81a538327af927da3e,"Keep-Alive:timeout=5, max=77
Server:Apache/2.4.7 (Ubuntu)
Connection:Keep-Alive
Pragma:no-cache
Date:Mon, 11 May 2026 20:41:10 GMT
Cache-Control:no-store, no-cache, must-revalidate, post-check=0, pre-check=0
Content-Encoding:gzip
Vary:Accept-Encoding
Expires:Thu, 19 Nov 1981 08:52:00 GMT
Content-Length:976
X-Powered-By:PHP/5.5.9-1ubuntu4.29
Content-Type:text/html
",ed230029c3e29c933f477cc1bc564b4afea40215df8097a2364fbde619683352a84f392ba7980cd3cc52b873b8c41249300d9c57f95f52ad99a753deb82f535d,200
http://web/css/stylings.css,GET,"Cookie:PHPSESSID=7ficmi53fn80h3alhbsb1d4pk3
Accept:text/css,*/*;q=0.1
User-Agent:Mozilla/5.0 (X11; Linux x86_64) AppleWebKit/537.36 (KHTML, like Gecko) Chrome/85.0.4183.102 Safari/537.36
Referer:http://web/users/login.php
",cf83e1357eefb8bdf1542850d66d8007d620e4050b5715dc83f4a921d36ce9ce47d0d13c5d85f2b0ff8318d2877eec2f63b931bd47417a81a538327af927da3e,"Server:Apache/2.4.7 (Ubuntu)
Last-Modified:Thu, 02 Feb 2017 22:24:09 GMT
Date:Mon, 11 May 2026 20:39:28 GMT
Accept-Ranges:bytes
ETag:""c29-547939fb8b440-gzip""
Content-Encoding:gzip
Vary:Accept-Encoding
Content-Length:838
Content-Type:text/css
",e6142d743628221ad60b6d12a0b444a077ed8ede2504b511ffffde908ffe459f09875b3901f9a63ec228906521c445248f9277e14f591205808d8dfc200df823,200
http://web/css/blueprint/print.css,GET,"Cookie:PHPSESSID=7ficmi53fn80h3alhbsb1d4pk3
Accept:text/css,*/*;q=0.1
User-Agent:Mozilla/5.0 (X11; Linux x86_64) AppleWebKit/537.36 (KHTML, like Gecko) Chrome/85.0.4183.102 Safari/537.36
Referer:http://web/
",cf83e1357eefb8bdf1542850d66d8007d620e4050b5715dc83f4a921d36ce9ce47d0d13c5d85f2b0ff8318d2877eec2f63b931bd47417a81a538327af927da3e,"Server:Apache/2.4.7 (Ubuntu)
Last-Modified:Thu, 02 Feb 2017 22:24:09 GMT
Date:Mon, 11 May 2026 20:39:28 GMT
Accept-Ranges:bytes
ETag:""52d-547939fb8b440-gzip""
Content-Encoding:gzip
Vary:Accept-Encoding
Content-Length:674
Content-Type:text/css
",382bc7f4ad396de8dacb65598554ab8e1fe76b268c9b97e377be5fe694d07688463ac138e683332f401b64a7a2e8418a2a9f7f9d96e548ee8581d228368f7524,200
http://web/,GET,"Cookie:PHPSESSID=7ficmi53fn80h3alhbsb1d4pk3
Accept:text/html,application/xhtml+xml,application/xml;q=0.9,image/avif,image/webp,image/apng,*/*;q=0.8,application/signed-exchange;v=b3;q=0.9
User-Agent:Mozilla/5.0 (X11; Linux x86_64) AppleWebKit/537.36 (KHTML, like Gecko) Chrome/85.0.4183.102 Safari/537.36
Upgrade-Insecure-Requests:1
",cf83e1357eefb8bdf1542850d66d8007d620e4050b5715dc83f4a921d36ce9ce47d0d13c5d85f2b0ff8318d2877eec2f63b931bd47417a81a538327af927da3e,"Keep-Alive:timeout=5, max=46
Server:Apache/2.4.7 (Ubuntu)
Connection:Keep-Alive
Pragma:no-cache
Date:Mon, 11 May 2026 20:40:21 GMT
Cache-Control:no-store, no-cache, must-revalidate, post-check=0, pre-check=0
Content-Encoding:gzip
Vary:Accept-Encoding
Expires:Thu, 19 Nov 1981 08:52:00 GMT
Content-Length:1283
X-Powered-By:PHP/5.5.9-1ubuntu4.29
Content-Type:text/html
",40b2a6a116c213302b48b6f91840bfd98296cd0067b896b6551b043d9522801546c2916ccad3833b3e6f35cdb506b64f77fd5e75ea99fb9c158c994e6af1377d,200
http://web/calendar.php?date=1778877855,GET,"Cookie:PHPSESSID=7ficmi53fn80h3alhbsb1d4pk3
Accept:text/html,application/xhtml+xml,application/xml;q=0.9,image/avif,image/webp,image/apng,*/*;q=0.8,application/signed-exchange;v=b3;q=0.9
User-Agent:Mozilla/5.0 (X11; Linux x86_64) AppleWebKit/537.36 (KHTML, like Gecko) Chrome/85.0.4183.102 Safari/537.36
Referer:http://web/calendar.php?date=1778791455
Upgrade-Insecure-Requests:1
",cf83e1357eefb8bdf1542850d66d8007d620e4050b5715dc83f4a921d36ce9ce47d0d13c5d85f2b0ff8318d2877eec2f63b931bd47417a81a538327af927da3e,"Keep-Alive:timeout=5, max=22
Server:Apache/2.4.7 (Ubuntu)
Connection:Keep-Alive
Pragma:no-cache
Date:Mon, 11 May 2026 20:44:18 GMT
Cache-Control:no-store, no-cache, must-revalidate, post-check=0, pre-check=0
Content-Encoding:gzip
Vary:Accept-Encoding
Expires:Thu, 19 Nov 1981 08:52:00 GMT
Content-Length:1002
X-Powered-By:PHP/5.5.9-1ubuntu4.29
Content-Type:text/html
",e47caf254c75a30b95b2d665f2d867fc18a32c0decd334a2bc6f132928d936983a1c51ebd5ada652d119c0808d09445a71ad6ecb9b0ec8f2920a0be78b110878,200
http://web/users/home.php,GET,"Cookie:PHPSESSID=7ficmi53fn80h3alhbsb1d4pk3
Accept:text/html,application/xhtml+xml,application/xml;q=0.9,image/avif,image/webp,image/apng,*/*;q=0.8,application/signed-exchange;v=b3;q=0.9
User-Agent:Mozilla/5.0 (X11; Linux x86_64) AppleWebKit/537.36 (KHTML, like Gecko) Chrome/85.0.4183.102 Safari/537.36
Referer:http://web/guestbook.php
Upgrade-Insecure-Requests:1
",cf83e1357eefb8bdf1542850d66d8007d620e4050b5715dc83f4a921d36ce9ce47d0d13c5d85f2b0ff8318d2877eec2f63b931bd47417a81a538327af927da3e,"Keep-Alive:timeout=5, max=91
Server:Apache/2.4.7 (Ubuntu)
Connection:Keep-Alive
Pragma:no-cache
Date:Mon, 11 May 2026 20:39:46 GMT
Cache-Control:no-store, no-cache, must-revalidate, post-check=0, pre-check=0
Expires:Thu, 19 Nov 1981 08:52:00 GMT
Content-Length:41
X-Powered-By:PHP/5.5.9-1ubuntu4.29
Location:/users/login.php
Content-Type:text/html
",cf83e1357eefb8bdf1542850d66d8007d620e4050b5715dc83f4a921d36ce9ce47d0d13c5d85f2b0ff8318d2877eec2f63b931bd47417a81a538327af927da3e,303
http://web/pictures/recent.php,GET,"Cookie:PHPSESSID=7ficmi53fn80h3alhbsb1d4pk3
Accept:text/html,application/xhtml+xml,application/xml;q=0.9,image/avif,image/webp,image/apng,*/*;q=0.8,application/signed-exchange;v=b3;q=0.9
User-Agent:Mozilla/5.0 (X11; Linux x86_64) AppleWebKit/537.36 (KHTML, like Gecko) Chrome/85.0.4183.102 Safari/537.36
Referer:http://web/
Upgrade-Insecure-Requests:1
",cf83e1357eefb8bdf1542850d66d8007d620e4050b5715dc83f4a921d36ce9ce47d0d13c5d85f2b0ff8318d2877eec2f63b931bd47417a81a538327af927da3e,"Keep-Alive:timeout=5, max=45
Server:Apache/2.4.7 (Ubuntu)
Connection:Keep-Alive
Pragma:no-cache
Date:Mon, 11 May 2026 20:40:22 GMT
Cache-Control:no-store, no-cache, must-revalidate, post-check=0, pre-check=0
Content-Encoding:gzip
Vary:Accept-Encoding
Expires:Thu, 19 Nov 1981 08:52:00 GMT
Content-Length:1087
X-Powered-By:PHP/5.5.9-1ubuntu4.29
Content-Type:text/html
",f4cffc8e5c0940f5676dfa069209778f8281d98b25a3763248c764ad80455eec8ee1b6c6cd6e9c67b9e099851974da8736ccb6843c601c98f8ae04c504a8e607,200
http://web/calendar.php,GET,"Cookie:PHPSESSID=7ficmi53fn80h3alhbsb1d4pk3
Accept:text/html,application/xhtml+xml,application/xml;q=0.9,image/avif,image/webp,image/apng,*/*;q=0.8,application/signed-exchange;v=b3;q=0.9
User-Agent:Mozilla/5.0 (X11; Linux x86_64) AppleWebKit/537.36 (KHTML, like Gecko) Chrome/85.0.4183.102 Safari/537.36
Referer:http://web/
Upgrade-Insecure-Requests:1
",cf83e1357eefb8bdf1542850d66d8007d620e4050b5715dc83f4a921d36ce9ce47d0d13c5d85f2b0ff8318d2877eec2f63b931bd47417a81a538327af927da3e,"Keep-Alive:timeout=5, max=58
Server:Apache/2.4.7 (Ubuntu)
Connection:Keep-Alive
Pragma:no-cache
Date:Mon, 11 May 2026 20:43:54 GMT
Cache-Control:no-store, no-cache, must-revalidate, post-check=0, pre-check=0
Content-Encoding:gzip
Vary:Accept-Encoding
Expires:Thu, 19 Nov 1981 08:52:00 GMT
Content-Length:943
X-Powered-By:PHP/5.5.9-1ubuntu4.29
Content-Type:text/html
",8b9dcab446cf8ba015cfa43c385a6f176d1403bcb4a21aa3d0f517c7658367fa1c0415a783f31f17a32546b6053523c1e659208fa94d65b1cacaf80acb5cbf89,200
http://web/,GET,"Cookie:PHPSESSID=7ficmi53fn80h3alhbsb1d4pk3
Accept:text/html,application/xhtml+xml,application/xml;q=0.9,image/avif,image/webp,image/apng,*/*;q=0.8,application/signed-exchange;v=b3;q=0.9
User-Agent:Mozilla/5.0 (X11; Linux x86_64) AppleWebKit/537.36 (KHTML, like Gecko) Chrome/85.0.4183.102 Safari/537.36
Upgrade-Insecure-Requests:1
",cf83e1357eefb8bdf1542850d66d8007d620e4050b5715dc83f4a921d36ce9ce47d0d13c5d85f2b0ff8318d2877eec2f63b931bd47417a81a538327af927da3e,"Keep-Alive:timeout=5, max=14
Server:Apache/2.4.7 (Ubuntu)
Connection:Keep-Alive
Pragma:no-cache
Date:Mon, 11 May 2026 20:44:24 GMT
Cache-Control:no-store, no-cache, must-revalidate, post-check=0, pre-check=0
Content-Encoding:gzip
Vary:Accept-Encoding
Expires:Thu, 19 Nov 1981 08:52:00 GMT
Content-Length:1284
X-Powered-By:PHP/5.5.9-1ubuntu4.29
Content-Type:text/html
",2992e5517745461b38b86c442130e65898e9bf9f692f6d95b7b1adf21d5156ff4918eee08dde7e173a9a2716eca5a3cad309b3318d2131a3f674b58bbd17650c,200
http://web/css/stylings.css,GET,"Cookie:PHPSESSID=7ficmi53fn80h3alhbsb1d4pk3
Accept:text/css,*/*;q=0.1
User-Agent:Mozilla/5.0 (X11; Linux x86_64) AppleWebKit/537.36 (KHTML, like Gecko) Chrome/85.0.4183.102 Safari/537.36
Referer:http://web/users/sample.php?userid=1
",cf83e1357eefb8bdf1542850d66d8007d620e4050b5715dc83f4a921d36ce9ce47d0d13c5d85f2b0ff8318d2877eec2f63b931bd47417a81a538327af927da3e,"Server:Apache/2.4.7 (Ubuntu)
Last-Modified:Thu, 02 Feb 2017 22:24:09 GMT
Date:Mon, 11 May 2026 20:39:28 GMT
Accept-Ranges:bytes
ETag:""c29-547939fb8b440-gzip""
Content-Encoding:gzip
Vary:Accept-Encoding
Content-Length:838
Content-Type:text/css
",e6142d743628221ad60b6d12a0b444a077ed8ede2504b511ffffde908ffe459f09875b3901f9a63ec228906521c445248f9277e14f591205808d8dfc200df823,200
http://web/users/login.php,GET,"Cookie:PHPSESSID=7ficmi53fn80h3alhbsb1d4pk3
Accept:text/html,application/xhtml+xml,application/xml;q=0.9,image/avif,image/webp,image/apng,*/*;q=0.8,application/signed-exchange;v=b3;q=0.9
User-Agent:Mozilla/5.0 (X11; Linux x86_64) AppleWebKit/537.36 (KHTML, like Gecko) Chrome/85.0.4183.102 Safari/537.36
Referer:http://web/users/login.php
Upgrade-Insecure-Requests:1
",cf83e1357eefb8bdf1542850d66d8007d620e4050b5715dc83f4a921d36ce9ce47d0d13c5d85f2b0ff8318d2877eec2f63b931bd47417a81a538327af927da3e,"Keep-Alive:timeout=5, max=89
Server:Apache/2.4.7 (Ubuntu)
Connection:Keep-Alive
Pragma:no-cache
Date:Mon, 11 May 2026 20:39:37 GMT
Cache-Control:no-store, no-cache, must-revalidate, post-check=0, pre-check=0
Content-Encoding:gzip
Vary:Accept-Encoding
Expires:Thu, 19 Nov 1981 08:52:00 GMT
Content-Length:976
X-Powered-By:PHP/5.5.9-1ubuntu4.29
Content-Type:text/html
",120fa4d40cd311c40cf108fe34d7e5b3d5e5b4b133214117fcef1c2f96550be374baa81549a445620fd7faf15785673da98e9a4e7d46891d9dd0bc81b4298a48,200
http://web/css/blueprint/print.css,GET,"Cookie:PHPSESSID=7ficmi53fn80h3alhbsb1d4pk3
Accept:text/css,*/*;q=0.1
User-Agent:Mozilla/5.0 (X11; Linux x86_64) AppleWebKit/537.36 (KHTML, like Gecko) Chrome/85.0.4183.102 Safari/537.36
Referer:http://web/pictures/recent.php
",cf83e1357eefb8bdf1542850d66d8007d620e4050b5715dc83f4a921d36ce9ce47d0d13c5d85f2b0ff8318d2877eec2f63b931bd47417a81a538327af927da3e,"Server:Apache/2.4.7 (Ubuntu)
Last-Modified:Thu, 02 Feb 2017 22:24:09 GMT
Date:Mon, 11 May 2026 20:39:28 GMT
Accept-Ranges:bytes
ETag:""52d-547939fb8b440-gzip""
Content-Encoding:gzip
Vary:Accept-Encoding
Content-Length:674
Content-Type:text/css
",382bc7f4ad396de8dacb65598554ab8e1fe76b268c9b97e377be5fe694d07688463ac138e683332f401b64a7a2e8418a2a9f7f9d96e548ee8581d228368f7524,200
http://web/calendar.php?date=1778705034,GET,"Cookie:PHPSESSID=7ficmi53fn80h3alhbsb1d4pk3
Accept:text/html,application/xhtml+xml,application/xml;q=0.9,image/avif,image/webp,image/apng,*/*;q=0.8,application/signed-exchange;v=b3;q=0.9
User-Agent:Mozilla/5.0 (X11; Linux x86_64) AppleWebKit/537.36 (KHTML, like Gecko) Chrome/85.0.4183.102 Safari/537.36
Referer:http://web/calendar.php?date=1778618634
Upgrade-Insecure-Requests:1
",cf83e1357eefb8bdf1542850d66d8007d620e4050b5715dc83f4a921d36ce9ce47d0d13c5d85f2b0ff8318d2877eec2f63b931bd47417a81a538327af927da3e,"Keep-Alive:timeout=5, max=56
Server:Apache/2.4.7 (Ubuntu)
Connection:Keep-Alive
Pragma:no-cache
Date:Mon, 11 May 2026 20:43:55 GMT
Cache-Control:no-store, no-cache, must-revalidate, post-check=0, pre-check=0
Content-Encoding:gzip
Vary:Accept-Encoding
Expires:Thu, 19 Nov 1981 08:52:00 GMT
Content-Length:946
X-Powered-By:PHP/5.5.9-1ubuntu4.29
Content-Type:text/html
",1ac6c44d6f1d2f9f8f773ac654907a98c9d5cec013374aa55a4342252241d4c61eb2150ae1be2d7de30057dd78db0b5918334887a8419a62aebe326316ed52d6,200
http://web/passcheck.php,GET,"Cookie:PHPSESSID=7ficmi53fn80h3alhbsb1d4pk3
Accept:text/html,application/xhtml+xml,application/xml;q=0.9,image/avif,image/webp,image/apng,*/*;q=0.8,application/signed-exchange;v=b3;q=0.9
User-Agent:Mozilla/5.0 (X11; Linux x86_64) AppleWebKit/537.36 (KHTML, like Gecko) Chrome/85.0.4183.102 Safari/537.36
Referer:http://web/users/register.php
Upgrade-Insecure-Requests:1
",cf83e1357eefb8bdf1542850d66d8007d620e4050b5715dc83f4a921d36ce9ce47d0d13c5d85f2b0ff8318d2877eec2f63b931bd47417a81a538327af927da3e,"Keep-Alive:timeout=5, max=63
Server:Apache/2.4.7 (Ubuntu)
Connection:Keep-Alive
Pragma:no-cache
Date:Mon, 11 May 2026 20:42:38 GMT
Cache-Control:no-store, no-cache, must-revalidate, post-check=0, pre-check=0
Content-Encoding:gzip
Vary:Accept-Encoding
Expires:Thu, 19 Nov 1981 08:52:00 GMT
Content-Length:928
X-Powered-By:PHP/5.5.9-1ubuntu4.29
Content-Type:text/html
",a7bc3ad277d1a907da69bf48f0fd5c7104432a667312047d4e8eca5616a5cbf52747de8683963a66fc02850f5cf9e17cfc57443b52cb8e074ef7f60ea7789ec8,200
http://web/,GET,"Cookie:PHPSESSID=7ficmi53fn80h3alhbsb1d4pk3
Accept:text/html,application/xhtml+xml,application/xml;q=0.9,image/avif,image/webp,image/apng,*/*;q=0.8,application/signed-exchange;v=b3;q=0.9
User-Agent:Mozilla/5.0 (X11; Linux x86_64) AppleWebKit/537.36 (KHTML, like Gecko) Chrome/85.0.4183.102 Safari/537.36
Upgrade-Insecure-Requests:1
",cf83e1357eefb8bdf1542850d66d8007d620e4050b5715dc83f4a921d36ce9ce47d0d13c5d85f2b0ff8318d2877eec2f63b931bd47417a81a538327af927da3e,"Keep-Alive:timeout=5, max=50
Server:Apache/2.4.7 (Ubuntu)
Connection:Keep-Alive
Pragma:no-cache
Date:Mon, 11 May 2026 20:41:33 GMT
Cache-Control:no-store, no-cache, must-revalidate, post-check=0, pre-check=0
Content-Encoding:gzip
Vary:Accept-Encoding
Expires:Thu, 19 Nov 1981 08:52:00 GMT
Content-Length:1283
X-Powered-By:PHP/5.5.9-1ubuntu4.29
Content-Type:text/html
",bf467c3852fdb67b9043dbdc65d659029cc43a6d95e1893d33c7b0b28e05e5b0867e2b02ff12b189c65d226527c5a892ae88bb415cf28ebd062f3f57cdc087d6,200
http://web/users/login.php,POST,"Origin:http://web
Cookie:PHPSESSID=7ficmi53fn80h3alhbsb1d4pk3
Accept:text/html,application/xhtml+xml,application/xml;q=0.9,image/avif,image/webp,image/apng,*/*;q=0.8,application/signed-exchange;v=b3;q=0.9
User-Agent:Mozilla/5.0 (X11; Linux x86_64) AppleWebKit/537.36 (KHTML, like Gecko) Chrome/85.0.4183.102 Safari/537.36
Referer:http://web/users/login.php
Upgrade-Insecure-Requests:1
Content-Type:application/x-www-form-urlencoded
",9b571964911bf2ffb3644328f13068fd71ad3e21950aa59a0a3094360177f6e487234520f649daf80af47f31d45d3104cc9028dfc52388e34ce50918abca8693,"Keep-Alive:timeout=5, max=60
Server:Apache/2.4.7 (Ubuntu)
Connection:Keep-Alive
Pragma:no-cache
Date:Mon, 11 May 2026 20:40:11 GMT
Cache-Control:no-store, no-cache, must-revalidate, post-check=0, pre-check=0
Content-Encoding:gzip
Vary:Accept-Encoding
Expires:Thu, 19 Nov 1981 08:52:00 GMT
Content-Length:977
X-Powered-By:PHP/5.5.9-1ubuntu4.29
Content-Type:text/html
",1048534c20f2246d1750ca443646940a94b5310ab29116ae13815b44faa38ebccd6a4c93f5b03d8b1be0b55fcb7c6ee65721db4579372d3a9e5e5881b0d620f3,200
http://web/,GET,"Cookie:PHPSESSID=7ficmi53fn80h3alhbsb1d4pk3
Accept:text/html,application/xhtml+xml,application/xml;q=0.9,image/avif,image/webp,image/apng,*/*;q=0.8,application/signed-exchange;v=b3;q=0.9
User-Agent:Mozilla/5.0 (X11; Linux x86_64) AppleWebKit/537.36 (KHTML, like Gecko) Chrome/85.0.4183.102 Safari/537.36
Upgrade-Insecure-Requests:1
",cf83e1357eefb8bdf1542850d66d8007d620e4050b5715dc83f4a921d36ce9ce47d0d13c5d85f2b0ff8318d2877eec2f63b931bd47417a81a538327af927da3e,"Keep-Alive:timeout=5, max=76
Server:Apache/2.4.7 (Ubuntu)
Connection:Keep-Alive
Pragma:no-cache
Date:Mon, 11 May 2026 20:41:11 GMT
Cache-Control:no-store, no-cache, must-revalidate, post-check=0, pre-check=0
Content-Encoding:gzip
Vary:Accept-Encoding
Expires:Thu, 19 Nov 1981 08:52:00 GMT
Content-Length:1283
X-Powered-By:PHP/5.5.9-1ubuntu4.29
Content-Type:text/html
",0217034f27d00d62fff4ccba87019fa2e30271ccfe8fc874333f2c1e7a8f2e836cb8cbbda85cc420e266e8a3149a2bbee45574551e5935963e2bf0cdb49e2d3f,200
http://web/,GET,"Cookie:PHPSESSID=7ficmi53fn80h3alhbsb1d4pk3
Accept:text/html,application/xhtml+xml,application/xml;q=0.9,image/avif,image/webp,image/apng,*/*;q=0.8,application/signed-exchange;v=b3;q=0.9
User-Agent:Mozilla/5.0 (X11; Linux x86_64) AppleWebKit/537.36 (KHTML, like Gecko) Chrome/85.0.4183.102 Safari/537.36
Upgrade-Insecure-Requests:1
",cf83e1357eefb8bdf1542850d66d8007d620e4050b5715dc83f4a921d36ce9ce47d0d13c5d85f2b0ff8318d2877eec2f63b931bd47417a81a538327af927da3e,"Keep-Alive:timeout=5, max=7
Server:Apache/2.4.7 (Ubuntu)
Connection:Keep-Alive
Pragma:no-cache
Date:Mon, 11 May 2026 20:40:46 GMT
Cache-Control:no-store, no-cache, must-revalidate, post-check=0, pre-check=0
Content-Encoding:gzip
Vary:Accept-Encoding
Expires:Thu, 19 Nov 1981 08:52:00 GMT
Content-Length:1283
X-Powered-By:PHP/5.5.9-1ubuntu4.29
Content-Type:text/html
",8e560d3df1cf51fc4c9bc7b2d8040809cfccdc9d716337c18beef98732ab2ecbb4b79371b9727e804c3663ec8dcab196f6aa950910cb37589d5b3cf02ed45701,200
http://web/,GET,"Cookie:PHPSESSID=7ficmi53fn80h3alhbsb1d4pk3
Accept:text/html,application/xhtml+xml,application/xml;q=0.9,image/avif,image/webp,image/apng,*/*;q=0.8,application/signed-exchange;v=b3;q=0.9
User-Agent:Mozilla/5.0 (X11; Linux x86_64) AppleWebKit/537.36 (KHTML, like Gecko) Chrome/85.0.4183.102 Safari/537.36
Referer:http://web/
Upgrade-Insecure-Requests:1
",cf83e1357eefb8bdf1542850d66d8007d620e4050b5715dc83f4a921d36ce9ce47d0d13c5d85f2b0ff8318d2877eec2f63b931bd47417a81a538327af927da3e,"Keep-Alive:timeout=5, max=96
Server:Apache/2.4.7 (Ubuntu)
Connection:Keep-Alive
Pragma:no-cache
Date:Mon, 11 May 2026 20:39:31 GMT
Cache-Control:no-store, no-cache, must-revalidate, post-check=0, pre-check=0
Content-Encoding:gzip
Vary:Accept-Encoding
Expires:Thu, 19 Nov 1981 08:52:00 GMT
Content-Length:1284
X-Powered-By:PHP/5.5.9-1ubuntu4.29
Content-Type:text/html
",8d784399452c64b2d9d1283ea785de2da264306cabd353c6c2f3fbb27d62cfd1cc6a702c09fd52ddb937d39d09a2fa8a149f5fde312a1bd6a9dd654e9f583a7a,200
http://web/,GET,"Cookie:PHPSESSID=7ficmi53fn80h3alhbsb1d4pk3
Accept:text/html,application/xhtml+xml,application/xml;q=0.9,image/avif,image/webp,image/apng,*/*;q=0.8,application/signed-exchange;v=b3;q=0.9
User-Agent:Mozilla/5.0 (X11; Linux x86_64) AppleWebKit/537.36 (KHTML, like Gecko) Chrome/85.0.4183.102 Safari/537.36
Referer:http://web/pictures/recent.php
Upgrade-Insecure-Requests:1
",cf83e1357eefb8bdf1542850d66d8007d620e4050b5715dc83f4a921d36ce9ce47d0d13c5d85f2b0ff8318d2877eec2f63b931bd47417a81a538327af927da3e,"Keep-Alive:timeout=5, max=98
Server:Apache/2.4.7 (Ubuntu)
Connection:Keep-Alive
Pragma:no-cache
Date:Mon, 11 May 2026 20:39:40 GMT
Cache-Control:no-store, no-cache, must-revalidate, post-check=0, pre-check=0
Content-Encoding:gzip
Vary:Accept-Encoding
Expires:Thu, 19 Nov 1981 08:52:00 GMT
Content-Length:1283
X-Powered-By:PHP/5.5.9-1ubuntu4.29
Content-Type:text/html
",5a7edede687b4056e2fb98c9181a860e4183368fc374b2070c440b9729aabea84366a2502ce89bd3abcfd69b318978e51f4de9e672e710c37b56252fa25d85cd,200
http://web/passcheck.php,GET,"Cookie:PHPSESSID=7ficmi53fn80h3alhbsb1d4pk3
Accept:text/html,application/xhtml+xml,application/xml;q=0.9,image/avif,image/webp,image/apng,*/*;q=0.8,application/signed-exchange;v=b3;q=0.9
User-Agent:Mozilla/5.0 (X11; Linux x86_64) AppleWebKit/537.36 (KHTML, like Gecko) Chrome/85.0.4183.102 Safari/537.36
Referer:http://web/users/register.php
Upgrade-Insecure-Requests:1
",cf83e1357eefb8bdf1542850d66d8007d620e4050b5715dc83f4a921d36ce9ce47d0d13c5d85f2b0ff8318d2877eec2f63b931bd47417a81a538327af927da3e,"Keep-Alive:timeout=5, max=47
Server:Apache/2.4.7 (Ubuntu)
Connection:Keep-Alive
Pragma:no-cache
Date:Mon, 11 May 2026 20:42:50 GMT
Cache-Control:no-store, no-cache, must-revalidate, post-check=0, pre-check=0
Content-Encoding:gzip
Vary:Accept-Encoding
Expires:Thu, 19 Nov 1981 08:52:00 GMT
Content-Length:927
X-Powered-By:PHP/5.5.9-1ubuntu4.29
Content-Type:text/html
",fb017e996a554ae88789f8a4a34b710d0d6ddfb164d48e069cd79b1dcc8e5e79925f056a9c4da4aaa02089485ad8fa8c1d51eab99e9d100e330018bd7d2c5630,200
http://web/guestbook.php,GET,"Cookie:PHPSESSID=7ficmi53fn80h3alhbsb1d4pk3
Accept:text/html,application/xhtml+xml,application/xml;q=0.9,image/avif,image/webp,image/apng,*/*;q=0.8,application/signed-exchange;v=b3;q=0.9
User-Agent:Mozilla/5.0 (X11; Linux x86_64) AppleWebKit/537.36 (KHTML, like Gecko) Chrome/85.0.4183.102 Safari/537.36
Referer:http://web/
Upgrade-Insecure-Requests:1
",cf83e1357eefb8bdf1542850d66d8007d620e4050b5715dc83f4a921d36ce9ce47d0d13c5d85f2b0ff8318d2877eec2f63b931bd47417a81a538327af927da3e,"Keep-Alive:timeout=5, max=89
Server:Apache/2.4.7 (Ubuntu)
Connection:Keep-Alive
Pragma:no-cache
Date:Mon, 11 May 2026 20:41:01 GMT
Cache-Control:no-store, no-cache, must-revalidate, post-check=0, pre-check=0
Content-Encoding:gzip
Vary:Accept-Encoding
Expires:Thu, 19 Nov 1981 08:52:00 GMT
Content-Length:999
X-Powered-By:PHP/5.5.9-1ubuntu4.29
Content-Type:text/html
",1eff62cc974ec873bffe91b3edfb284bceb6de8b1a83deaba5267d7cbb6643d8d6608c3cbbc8d4f60c8804ada5fcc89de14044fde1a0b29429fc5f5e0ac7d700,200
http://web/calendar.php,GET,"Cookie:PHPSESSID=7ficmi53fn80h3alhbsb1d4pk3
Accept:text/html,application/xhtml+xml,application/xml;q=0.9,image/avif,image/webp,image/apng,*/*;q=0.8,application/signed-exchange;v=b3;q=0.9
User-Agent:Mozilla/5.0 (X11; Linux x86_64) AppleWebKit/537.36 (KHTML, like Gecko) Chrome/85.0.4183.102 Safari/537.36
Referer:http://web/
Upgrade-Insecure-Requests:1
",cf83e1357eefb8bdf1542850d66d8007d620e4050b5715dc83f4a921d36ce9ce47d0d13c5d85f2b0ff8318d2877eec2f63b931bd47417a81a538327af927da3e,"Keep-Alive:timeout=5, max=26
Server:Apache/2.4.7 (Ubuntu)
Connection:Keep-Alive
Pragma:no-cache
Date:Mon, 11 May 2026 20:43:05 GMT
Cache-Control:no-store, no-cache, must-revalidate, post-check=0, pre-check=0
Content-Encoding:gzip
Vary:Accept-Encoding
Expires:Thu, 19 Nov 1981 08:52:00 GMT
Content-Length:944
X-Powered-By:PHP/5.5.9-1ubuntu4.29
Content-Type:text/html
",1fba96a704e93cff4d7ca3d02fa516e331f75b9c4081c4023f7b90a99b3baf216e2a10a9e802118a39c74d344a00c4bdb659267cc6befdcbe7a996523499b617,200
http://web/pictures/view.php?picid=7,GET,"Cookie:PHPSESSID=7ficmi53fn80h3alhbsb1d4pk3
Accept:text/html,application/xhtml+xml,application/xml;q=0.9,image/avif,image/webp,image/apng,*/*;q=0.8,application/signed-exchange;v=b3;q=0.9
User-Agent:Mozilla/5.0 (X11; Linux x86_64) AppleWebKit/537.36 (KHTML, like Gecko) Chrome/85.0.4183.102 Safari/537.36
Referer:http://web/users/sample.php?userid=1
Upgrade-Insecure-Requests:1
",cf83e1357eefb8bdf1542850d66d8007d620e4050b5715dc83f4a921d36ce9ce47d0d13c5d85f2b0ff8318d2877eec2f63b931bd47417a81a538327af927da3e,"Keep-Alive:timeout=5, max=31
Server:Apache/2.4.7 (Ubuntu)
Connection:Keep-Alive
Pragma:no-cache
Date:Mon, 11 May 2026 20:41:47 GMT
Cache-Control:no-store, no-cache, must-revalidate, post-check=0, pre-check=0
Expires:Thu, 19 Nov 1981 08:52:00 GMT
Content-Length:41
X-Powered-By:PHP/5.5.9-1ubuntu4.29
Location:/users/login.php
Content-Type:text/html
",cf83e1357eefb8bdf1542850d66d8007d620e4050b5715dc83f4a921d36ce9ce47d0d13c5d85f2b0ff8318d2877eec2f63b931bd47417a81a538327af927da3e,303
http://web/,GET,"Cookie:PHPSESSID=7ficmi53fn80h3alhbsb1d4pk3
Accept:text/html,application/xhtml+xml,application/xml;q=0.9,image/avif,image/webp,image/apng,*/*;q=0.8,application/signed-exchange;v=b3;q=0.9
User-Agent:Mozilla/5.0 (X11; Linux x86_64) AppleWebKit/537.36 (KHTML, like Gecko) Chrome/85.0.4183.102 Safari/537.36
Upgrade-Insecure-Requests:1
",cf83e1357eefb8bdf1542850d66d8007d620e4050b5715dc83f4a921d36ce9ce47d0d13c5d85f2b0ff8318d2877eec2f63b931bd47417a81a538327af927da3e,"Keep-Alive:timeout=5, max=97
Server:Apache/2.4.7 (Ubuntu)
Connection:Keep-Alive
Pragma:no-cache
Date:Mon, 11 May 2026 20:40:54 GMT
Cache-Control:no-store, no-cache, must-revalidate, post-check=0, pre-check=0
Content-Encoding:gzip
Vary:Accept-Encoding
Expires:Thu, 19 Nov 1981 08:52:00 GMT
Content-Length:1283
X-Powered-By:PHP/5.5.9-1ubuntu4.29
Content-Type:text/html
",d84d7f5b4d8e22024a0cfbbb0dd6d5c9d6688252f1398ff084bef2f1675543089ede0b4a8e0b5919eee89e17a0c22128ff2615a52de39435ddaa8a425ebe33b3,200
http://web/users/login.php,GET,"Cookie:PHPSESSID=7ficmi53fn80h3alhbsb1d4pk3
Accept:text/html,application/xhtml+xml,application/xml;q=0.9,image/avif,image/webp,image/apng,*/*;q=0.8,application/signed-exchange;v=b3;q=0.9
User-Agent:Mozilla/5.0 (X11; Linux x86_64) AppleWebKit/537.36 (KHTML, like Gecko) Chrome/85.0.4183.102 Safari/537.36
Referer:http://web/
Upgrade-Insecure-Requests:1
",cf83e1357eefb8bdf1542850d66d8007d620e4050b5715dc83f4a921d36ce9ce47d0d13c5d85f2b0ff8318d2877eec2f63b931bd47417a81a538327af927da3e,"Keep-Alive:timeout=5, max=64
Server:Apache/2.4.7 (Ubuntu)
Connection:Keep-Alive
Pragma:no-cache
Date:Mon, 11 May 2026 20:40:09 GMT
Cache-Control:no-store, no-cache, must-revalidate, post-check=0, pre-check=0
Content-Encoding:gzip
Vary:Accept-Encoding
Expires:Thu, 19 Nov 1981 08:52:00 GMT
Content-Length:975
X-Powered-By:PHP/5.5.9-1ubuntu4.29
Content-Type:text/html
",c9defb83b10c9ade04de952af1e50819a050bc54f4e1d74bf739b938137c8a0240bac9640a8f1c161023ae9795b54051a898e5be683b98bea60ea968d95c02a7,200
http://web/pictures/view.php?picid=9,GET,"Cookie:PHPSESSID=7ficmi53fn80h3alhbsb1d4pk3
Accept:text/html,application/xhtml+xml,application/xml;q=0.9,image/avif,image/webp,image/apng,*/*;q=0.8,application/signed-exchange;v=b3;q=0.9
User-Agent:Mozilla/5.0 (X11; Linux x86_64) AppleWebKit/537.36 (KHTML, like Gecko) Chrome/85.0.4183.102 Safari/537.36
Referer:http://web/pictures/recent.php
Upgrade-Insecure-Requests:1
",cf83e1357eefb8bdf1542850d66d8007d620e4050b5715dc83f4a921d36ce9ce47d0d13c5d85f2b0ff8318d2877eec2f63b931bd47417a81a538327af927da3e,"Keep-Alive:timeout=5, max=20
Server:Apache/2.4.7 (Ubuntu)
Connection:Keep-Alive
Pragma:no-cache
Date:Mon, 11 May 2026 20:40:38 GMT
Cache-Control:no-store, no-cache, must-revalidate, post-check=0, pre-check=0
Expires:Thu, 19 Nov 1981 08:52:00 GMT
Content-Length:41
X-Powered-By:PHP/5.5.9-1ubuntu4.29
Location:/users/login.php
Content-Type:text/html
",cf83e1357eefb8bdf1542850d66d8007d620e4050b5715dc83f4a921d36ce9ce47d0d13c5d85f2b0ff8318d2877eec2f63b931bd47417a81a538327af927da3e,303
http://web/guestbook.php,GET,"Cookie:PHPSESSID=7ficmi53fn80h3alhbsb1d4pk3
Accept:text/html,application/xhtml+xml,application/xml;q=0.9,image/avif,image/webp,image/apng,*/*;q=0.8,application/signed-exchange;v=b3;q=0.9
User-Agent:Mozilla/5.0 (X11; Linux x86_64) AppleWebKit/537.36 (KHTML, like Gecko) Chrome/85.0.4183.102 Safari/537.36
Referer:http://web/calendar.php
Upgrade-Insecure-Requests:1
",cf83e1357eefb8bdf1542850d66d8007d620e4050b5715dc83f4a921d36ce9ce47d0d13c5d85f2b0ff8318d2877eec2f63b931bd47417a81a538327af927da3e,"Keep-Alive:timeout=5, max=6
Server:Apache/2.4.7 (Ubuntu)
Connection:Keep-Alive
Pragma:no-cache
Date:Mon, 11 May 2026 20:42:04 GMT
Cache-Control:no-store, no-cache, must-revalidate, post-check=0, pre-check=0
Content-Encoding:gzip
Vary:Accept-Encoding
Expires:Thu, 19 Nov 1981 08:52:00 GMT
Content-Length:1000
X-Powered-By:PHP/5.5.9-1ubuntu4.29
Content-Type:text/html
",9fbdccd0a0c9a9d53d18e39ec6744c4296d8cb0488529dc13c2a826efdb3b53c8c69ef1fdbc66910ab223111f3652d70338375f5e4d9552ffc3ae75f0920e80e,200
http://web/tos.php,GET,"Cookie:PHPSESSID=7ficmi53fn80h3alhbsb1d4pk3
Accept:text/html,application/xhtml+xml,application/xml;q=0.9,image/avif,image/webp,image/apng,*/*;q=0.8,application/signed-exchange;v=b3;q=0.9
User-Agent:Mozilla/5.0 (X11; Linux x86_64) AppleWebKit/537.36 (KHTML, like Gecko) Chrome/85.0.4183.102 Safari/537.36
Referer:http://web/guestbook.php
Upgrade-Insecure-Requests:1
",cf83e1357eefb8bdf1542850d66d8007d620e4050b5715dc83f4a921d36ce9ce47d0d13c5d85f2b0ff8318d2877eec2f63b931bd47417a81a538327af927da3e,"Keep-Alive:timeout=5, max=85
Server:Apache/2.4.7 (Ubuntu)
Connection:Keep-Alive
Pragma:no-cache
Date:Mon, 11 May 2026 20:41:04 GMT
Cache-Control:no-store, no-cache, must-revalidate, post-check=0, pre-check=0
Content-Encoding:gzip
Vary:Accept-Encoding
Expires:Thu, 19 Nov 1981 08:52:00 GMT
Content-Length:10225
X-Powered-By:PHP/5.5.9-1ubuntu4.29
Content-Type:text/html
",5fa926615618e849275a3c8dcf38d0844c7504062cfe07b39544774a7898ce000fcb51f1358b76bc319258da76a4495de6e40d5e7e49b7b466fc72a262c98a20,200
http://web/css/blueprint/print.css,GET,"Cookie:PHPSESSID=7ficmi53fn80h3alhbsb1d4pk3
Accept:text/css,*/*;q=0.1
User-Agent:Mozilla/5.0 (X11; Linux x86_64) AppleWebKit/537.36 (KHTML, like Gecko) Chrome/85.0.4183.102 Safari/537.36
Referer:http://web/calendar.php
",cf83e1357eefb8bdf1542850d66d8007d620e4050b5715dc83f4a921d36ce9ce47d0d13c5d85f2b0ff8318d2877eec2f63b931bd47417a81a538327af927da3e,"Server:Apache/2.4.7 (Ubuntu)
Last-Modified:Thu, 02 Feb 2017 22:24:09 GMT
Date:Mon, 11 May 2026 20:39:28 GMT
Accept-Ranges:bytes
ETag:""52d-547939fb8b440-gzip""
Content-Encoding:gzip
Vary:Accept-Encoding
Content-Length:674
Content-Type:text/css
",382bc7f4ad396de8dacb65598554ab8e1fe76b268c9b97e377be5fe694d07688463ac138e683332f401b64a7a2e8418a2a9f7f9d96e548ee8581d228368f7524,200
http://web/calendar.php,GET,"Cookie:PHPSESSID=7ficmi53fn80h3alhbsb1d4pk3
Accept:text/html,application/xhtml+xml,application/xml;q=0.9,image/avif,image/webp,image/apng,*/*;q=0.8,application/signed-exchange;v=b3;q=0.9
User-Agent:Mozilla/5.0 (X11; Linux x86_64) AppleWebKit/537.36 (KHTML, like Gecko) Chrome/85.0.4183.102 Safari/537.36
Referer:http://web/
Upgrade-Insecure-Requests:1
",cf83e1357eefb8bdf1542850d66d8007d620e4050b5715dc83f4a921d36ce9ce47d0d13c5d85f2b0ff8318d2877eec2f63b931bd47417a81a538327af927da3e,"Keep-Alive:timeout=5, max=84
Server:Apache/2.4.7 (Ubuntu)
Connection:Keep-Alive
Pragma:no-cache
Date:Mon, 11 May 2026 20:43:35 GMT
Cache-Control:no-store, no-cache, must-revalidate, post-check=0, pre-check=0
Content-Encoding:gzip
Vary:Accept-Encoding
Expires:Thu, 19 Nov 1981 08:52:00 GMT
Content-Length:942
X-Powered-By:PHP/5.5.9-1ubuntu4.29
Content-Type:text/html
",3d0c280589650f275331bd661d10864928c7f1c72ce8bece78e7ae387d02eee4c4b08a42fdd2e988d07e54ba6060b2d226dadb48051d43783355537a982004f7,200
http://web/,GET,"Cookie:PHPSESSID=7ficmi53fn80h3alhbsb1d4pk3
Accept:text/html,application/xhtml+xml,application/xml;q=0.9,image/avif,image/webp,image/apng,*/*;q=0.8,application/signed-exchange;v=b3;q=0.9
User-Agent:Mozilla/5.0 (X11; Linux x86_64) AppleWebKit/537.36 (KHTML, like Gecko) Chrome/85.0.4183.102 Safari/537.36
Upgrade-Insecure-Requests:1
",cf83e1357eefb8bdf1542850d66d8007d620e4050b5715dc83f4a921d36ce9ce47d0d13c5d85f2b0ff8318d2877eec2f63b931bd47417a81a538327af927da3e,"Server:Apache/2.4.7 (Ubuntu)
Connection:close
Pragma:no-cache
Date:Mon, 11 May 2026 20:43:23 GMT
Cache-Control:no-store, no-cache, must-revalidate, post-check=0, pre-check=0
Content-Encoding:gzip
Vary:Accept-Encoding
Expires:Thu, 19 Nov 1981 08:52:00 GMT
Content-Length:1284
X-Powered-By:PHP/5.5.9-1ubuntu4.29
Content-Type:text/html
",2c88b6a257629eac118860570ca790aac50f0218cccf18ce65cb96b5ae56e32484ae3745c995eea0db826ce41ae9a9ba19fd8520e1e3d93eaed899404e7fb19f,200
http://web/pictures/recent.php,GET,"Cookie:PHPSESSID=7ficmi53fn80h3alhbsb1d4pk3
Accept:text/html,application/xhtml+xml,application/xml;q=0.9,image/avif,image/webp,image/apng,*/*;q=0.8,application/signed-exchange;v=b3;q=0.9
User-Agent:Mozilla/5.0 (X11; Linux x86_64) AppleWebKit/537.36 (KHTML, like Gecko) Chrome/85.0.4183.102 Safari/537.36
Referer:http://web/
Upgrade-Insecure-Requests:1
",cf83e1357eefb8bdf1542850d66d8007d620e4050b5715dc83f4a921d36ce9ce47d0d13c5d85f2b0ff8318d2877eec2f63b931bd47417a81a538327af927da3e,"Keep-Alive:timeout=5, max=54
Server:Apache/2.4.7 (Ubuntu)
Connection:Keep-Alive
Pragma:no-cache
Date:Mon, 11 May 2026 20:40:16 GMT
Cache-Control:no-store, no-cache, must-revalidate, post-check=0, pre-check=0
Content-Encoding:gzip
Vary:Accept-Encoding
Expires:Thu, 19 Nov 1981 08:52:00 GMT
Content-Length:1088
X-Powered-By:PHP/5.5.9-1ubuntu4.29
Content-Type:text/html
",bd591ac8a962814d9cb432dbbc230a7c4b76f5faa20a313a45a14e3c622e58228b48bf8fe70b368017f54a2d838bb0f766d6d33860a5695480df8bbf13c739fc,200
http://web/css/blueprint/screen.css,GET,"Cookie:PHPSESSID=7ficmi53fn80h3alhbsb1d4pk3
Accept:text/css,*/*;q=0.1
User-Agent:Mozilla/5.0 (X11; Linux x86_64) AppleWebKit/537.36 (KHTML, like Gecko) Chrome/85.0.4183.102 Safari/537.36
Referer:http://web/users/register.php
",cf83e1357eefb8bdf1542850d66d8007d620e4050b5715dc83f4a921d36ce9ce47d0d13c5d85f2b0ff8318d2877eec2f63b931bd47417a81a538327af927da3e,"Server:Apache/2.4.7 (Ubuntu)
Last-Modified:Thu, 02 Feb 2017 22:24:09 GMT
Date:Mon, 11 May 2026 20:39:28 GMT
Accept-Ranges:bytes
ETag:""24c7-547939fb8b440-gzip""
Content-Encoding:gzip
Vary:Accept-Encoding
Content-Length:2682
Content-Type:text/css
",c0995dbb8c323ef465d8cc5d7b640b1a5435beb529b0c6e55594b1c0f3db66e859d23f70cfe8d93285234e722d677fca7c8887bee81a636881b2f91f221f976e,200
http://web/users/sample.php?userid=1,GET,"Cookie:PHPSESSID=7ficmi53fn80h3alhbsb1d4pk3
Accept:text/html,application/xhtml+xml,application/xml;q=0.9,image/avif,image/webp,image/apng,*/*;q=0.8,application/signed-exchange;v=b3;q=0.9
User-Agent:Mozilla/5.0 (X11; Linux x86_64) AppleWebKit/537.36 (KHTML, like Gecko) Chrome/85.0.4183.102 Safari/537.36
Referer:http://web/
Upgrade-Insecure-Requests:1
",cf83e1357eefb8bdf1542850d66d8007d620e4050b5715dc83f4a921d36ce9ce47d0d13c5d85f2b0ff8318d2877eec2f63b931bd47417a81a538327af927da3e,"Keep-Alive:timeout=5, max=41
Server:Apache/2.4.7 (Ubuntu)
Connection:Keep-Alive
Pragma:no-cache
Date:Mon, 11 May 2026 20:41:39 GMT
Cache-Control:no-store, no-cache, must-revalidate, post-check=0, pre-check=0
Content-Encoding:gzip
Vary:Accept-Encoding
Expires:Thu, 19 Nov 1981 08:52:00 GMT
Content-Length:982
X-Powered-By:PHP/5.5.9-1ubuntu4.29
Content-Type:text/html
",7e6cdd083e8d8137b06b640329c20c26784e518265c92efd82f068aaa2623ab1e60352c69f91a49392e8ed76415176a46c721057d14b81319df33ec1243a9bf9,200
http://web/users/home.php,GET,"Cookie:PHPSESSID=7ficmi53fn80h3alhbsb1d4pk3
Accept:text/html,application/xhtml+xml,application/xml;q=0.9,image/avif,image/webp,image/apng,*/*;q=0.8,application/signed-exchange;v=b3;q=0.9
User-Agent:Mozilla/5.0 (X11; Linux x86_64) AppleWebKit/537.36 (KHTML, like Gecko) Chrome/85.0.4183.102 Safari/537.36
Referer:http://web/calendar.php?date=1778618573
Upgrade-Insecure-Requests:1
",cf83e1357eefb8bdf1542850d66d8007d620e4050b5715dc83f4a921d36ce9ce47d0d13c5d85f2b0ff8318d2877eec2f63b931bd47417a81a538327af927da3e,"Keep-Alive:timeout=5, max=42
Server:Apache/2.4.7 (Ubuntu)
Connection:Keep-Alive
Pragma:no-cache
Date:Mon, 11 May 2026 20:42:54 GMT
Cache-Control:no-store, no-cache, must-revalidate, post-check=0, pre-check=0
Expires:Thu, 19 Nov 1981 08:52:00 GMT
Content-Length:41
X-Powered-By:PHP/5.5.9-1ubuntu4.29
Location:/users/login.php
Content-Type:text/html
",cf83e1357eefb8bdf1542850d66d8007d620e4050b5715dc83f4a921d36ce9ce47d0d13c5d85f2b0ff8318d2877eec2f63b931bd47417a81a538327af927da3e,303
http://web/pictures/view.php?picid=14,GET,"Cookie:PHPSESSID=7ficmi53fn80h3alhbsb1d4pk3
Accept:text/html,application/xhtml+xml,application/xml;q=0.9,image/avif,image/webp,image/apng,*/*;q=0.8,application/signed-exchange;v=b3;q=0.9
User-Agent:Mozilla/5.0 (X11; Linux x86_64) AppleWebKit/537.36 (KHTML, like Gecko) Chrome/85.0.4183.102 Safari/537.36
Referer:http://web/pictures/recent.php
Upgrade-Insecure-Requests:1
",cf83e1357eefb8bdf1542850d66d8007d620e4050b5715dc83f4a921d36ce9ce47d0d13c5d85f2b0ff8318d2877eec2f63b931bd47417a81a538327af927da3e,"Keep-Alive:timeout=5, max=40
Server:Apache/2.4.7 (Ubuntu)
Connection:Keep-Alive
Pragma:no-cache
Date:Mon, 11 May 2026 20:40:25 GMT
Cache-Control:no-store, no-cache, must-revalidate, post-check=0, pre-check=0
Expires:Thu, 19 Nov 1981 08:52:00 GMT
Content-Length:41
X-Powered-By:PHP/5.5.9-1ubuntu4.29
Location:/users/login.php
Content-Type:text/html
",cf83e1357eefb8bdf1542850d66d8007d620e4050b5715dc83f4a921d36ce9ce47d0d13c5d85f2b0ff8318d2877eec2f63b931bd47417a81a538327af927da3e,303
http://web/calendar.php,GET,"Cookie:PHPSESSID=7ficmi53fn80h3alhbsb1d4pk3
Accept:text/html,application/xhtml+xml,application/xml;q=0.9,image/avif,image/webp,image/apng,*/*;q=0.8,application/signed-exchange;v=b3;q=0.9
User-Agent:Mozilla/5.0 (X11; Linux x86_64) AppleWebKit/537.36 (KHTML, like Gecko) Chrome/85.0.4183.102 Safari/537.36
Referer:http://web/
Upgrade-Insecure-Requests:1
",cf83e1357eefb8bdf1542850d66d8007d620e4050b5715dc83f4a921d36ce9ce47d0d13c5d85f2b0ff8318d2877eec2f63b931bd47417a81a538327af927da3e,"Keep-Alive:timeout=5, max=63
Server:Apache/2.4.7 (Ubuntu)
Connection:Keep-Alive
Pragma:no-cache
Date:Mon, 11 May 2026 20:43:50 GMT
Cache-Control:no-store, no-cache, must-revalidate, post-check=0, pre-check=0
Content-Encoding:gzip
Vary:Accept-Encoding
Expires:Thu, 19 Nov 1981 08:52:00 GMT
Content-Length:944
X-Powered-By:PHP/5.5.9-1ubuntu4.29
Content-Type:text/html
",ede4dd5f44b6126a2ae918d99f3168fda86b73069d154df4b49075eeef59c64af8f23c3cecd1fbf9fe62e75e82807d5663c30fa7276c536429aebc10dfc6ed7e,200
http://web/,GET,"Cookie:PHPSESSID=7ficmi53fn80h3alhbsb1d4pk3
Accept:text/html,application/xhtml+xml,application/xml;q=0.9,image/avif,image/webp,image/apng,*/*;q=0.8,application/signed-exchange;v=b3;q=0.9
User-Agent:Mozilla/5.0 (X11; Linux x86_64) AppleWebKit/537.36 (KHTML, like Gecko) Chrome/85.0.4183.102 Safari/537.36
Upgrade-Insecure-Requests:1
",cf83e1357eefb8bdf1542850d66d8007d620e4050b5715dc83f4a921d36ce9ce47d0d13c5d85f2b0ff8318d2877eec2f63b931bd47417a81a538327af927da3e,"Keep-Alive:timeout=5, max=78
Server:Apache/2.4.7 (Ubuntu)
Connection:Keep-Alive
Pragma:no-cache
Date:Mon, 11 May 2026 20:39:57 GMT
Cache-Control:no-store, no-cache, must-revalidate, post-check=0, pre-check=0
Content-Encoding:gzip
Vary:Accept-Encoding
Expires:Thu, 19 Nov 1981 08:52:00 GMT
Content-Length:1284
X-Powered-By:PHP/5.5.9-1ubuntu4.29
Content-Type:text/html
",29706e1b855589436647edd285eb82ac6152b7559d0d588777e37c411f6e974fcbb566be559065779747c83ac04d789e9467b862e79c175d043eca2ffce4f343,200
http://web/,GET,"Cookie:PHPSESSID=7ficmi53fn80h3alhbsb1d4pk3
Accept:text/html,application/xhtml+xml,application/xml;q=0.9,image/avif,image/webp,image/apng,*/*;q=0.8,application/signed-exchange;v=b3;q=0.9
User-Agent:Mozilla/5.0 (X11; Linux x86_64) AppleWebKit/537.36 (KHTML, like Gecko) Chrome/85.0.4183.102 Safari/537.36
Upgrade-Insecure-Requests:1
",cf83e1357eefb8bdf1542850d66d8007d620e4050b5715dc83f4a921d36ce9ce47d0d13c5d85f2b0ff8318d2877eec2f63b931bd47417a81a538327af927da3e,"Keep-Alive:timeout=5, max=67
Server:Apache/2.4.7 (Ubuntu)
Connection:Keep-Alive
Pragma:no-cache
Date:Mon, 11 May 2026 20:41:19 GMT
Cache-Control:no-store, no-cache, must-revalidate, post-check=0, pre-check=0
Content-Encoding:gzip
Vary:Accept-Encoding
Expires:Thu, 19 Nov 1981 08:52:00 GMT
Content-Length:1282
X-Powered-By:PHP/5.5.9-1ubuntu4.29
Content-Type:text/html
",09ba9252efab83e5d24e1c582e7c55ce6089875bf53f94fe6e89d59a9daca5cfa342e33a031044a2b9b6477f79664b27a0fe03b30e3862be94b5f6500c879268,200
http://web/css/blueprint/print.css,GET,"Cookie:PHPSESSID=7ficmi53fn80h3alhbsb1d4pk3
Accept:text/css,*/*;q=0.1
User-Agent:Mozilla/5.0 (X11; Linux x86_64) AppleWebKit/537.36 (KHTML, like Gecko) Chrome/85.0.4183.102 Safari/537.36
Referer:http://web/users/login.php
",cf83e1357eefb8bdf1542850d66d8007d620e4050b5715dc83f4a921d36ce9ce47d0d13c5d85f2b0ff8318d2877eec2f63b931bd47417a81a538327af927da3e,"Server:Apache/2.4.7 (Ubuntu)
Last-Modified:Thu, 02 Feb 2017 22:24:09 GMT
Date:Mon, 11 May 2026 20:39:28 GMT
Accept-Ranges:bytes
ETag:""52d-547939fb8b440-gzip""
Content-Encoding:gzip
Vary:Accept-Encoding
Content-Length:674
Content-Type:text/css
",382bc7f4ad396de8dacb65598554ab8e1fe76b268c9b97e377be5fe694d07688463ac138e683332f401b64a7a2e8418a2a9f7f9d96e548ee8581d228368f7524,200
http://web/,GET,"Cookie:PHPSESSID=7ficmi53fn80h3alhbsb1d4pk3
Accept:text/html,application/xhtml+xml,application/xml;q=0.9,image/avif,image/webp,image/apng,*/*;q=0.8,application/signed-exchange;v=b3;q=0.9
User-Agent:Mozilla/5.0 (X11; Linux x86_64) AppleWebKit/537.36 (KHTML, like Gecko) Chrome/85.0.4183.102 Safari/537.36
Upgrade-Insecure-Requests:1
",cf83e1357eefb8bdf1542850d66d8007d620e4050b5715dc83f4a921d36ce9ce47d0d13c5d85f2b0ff8318d2877eec2f63b931bd47417a81a538327af927da3e,"Keep-Alive:timeout=5, max=31
Server:Apache/2.4.7 (Ubuntu)
Connection:Keep-Alive
Pragma:no-cache
Date:Mon, 11 May 2026 20:43:01 GMT
Cache-Control:no-store, no-cache, must-revalidate, post-check=0, pre-check=0
Content-Encoding:gzip
Vary:Accept-Encoding
Expires:Thu, 19 Nov 1981 08:52:00 GMT
Content-Length:1284
X-Powered-By:PHP/5.5.9-1ubuntu4.29
Content-Type:text/html
",b6f927d0a81a16752e15d2084cbc4d88096bc8a9461161cc0bdcd1d7d148eee464939278f104f3f716ff2ba9526a282971df8a583415834cbb855f8807efdef7,200
http://web/,GET,"Cookie:PHPSESSID=7ficmi53fn80h3alhbsb1d4pk3
Accept:text/html,application/xhtml+xml,application/xml;q=0.9,image/avif,image/webp,image/apng,*/*;q=0.8,application/signed-exchange;v=b3;q=0.9
User-Agent:Mozilla/5.0 (X11; Linux x86_64) AppleWebKit/537.36 (KHTML, like Gecko) Chrome/85.0.4183.102 Safari/537.36
Upgrade-Insecure-Requests:1
",cf83e1357eefb8bdf1542850d66d8007d620e4050b5715dc83f4a921d36ce9ce47d0d13c5d85f2b0ff8318d2877eec2f63b931bd47417a81a538327af927da3e,"Keep-Alive:timeout=5, max=53
Server:Apache/2.4.7 (Ubuntu)
Connection:Keep-Alive
Pragma:no-cache
Date:Mon, 11 May 2026 20:42:46 GMT
Cache-Control:no-store, no-cache, must-revalidate, post-check=0, pre-check=0
Content-Encoding:gzip
Vary:Accept-Encoding
Expires:Thu, 19 Nov 1981 08:52:00 GMT
Content-Length:1284
X-Powered-By:PHP/5.5.9-1ubuntu4.29
Content-Type:text/html
",0d31cc4dd7993107b0a0dbbe3e30f295a623e435fbf689b03929f877a83d0f80b486bed3164120f6948ca8ca7c893ee8c33226203681c67f20d1de7a01bd04a7,200
http://web/tos.php,GET,"Cookie:PHPSESSID=7ficmi53fn80h3alhbsb1d4pk3
Accept:text/html,application/xhtml+xml,application/xml;q=0.9,image/avif,image/webp,image/apng,*/*;q=0.8,application/signed-exchange;v=b3;q=0.9
User-Agent:Mozilla/5.0 (X11; Linux x86_64) AppleWebKit/537.36 (KHTML, like Gecko) Chrome/85.0.4183.102 Safari/537.36
Referer:http://web/
Upgrade-Insecure-Requests:1
",cf83e1357eefb8bdf1542850d66d8007d620e4050b5715dc83f4a921d36ce9ce47d0d13c5d85f2b0ff8318d2877eec2f63b931bd47417a81a538327af927da3e,"Keep-Alive:timeout=5, max=88
Server:Apache/2.4.7 (Ubuntu)
Connection:Keep-Alive
Pragma:no-cache
Date:Mon, 11 May 2026 20:42:20 GMT
Cache-Control:no-store, no-cache, must-revalidate, post-check=0, pre-check=0
Content-Encoding:gzip
Vary:Accept-Encoding
Expires:Thu, 19 Nov 1981 08:52:00 GMT
Content-Length:10228
X-Powered-By:PHP/5.5.9-1ubuntu4.29
Content-Type:text/html
",8c998e5597b21bdb6aff4d59f2fc8f519683d2dca92acbece170b68107b31b1389b5fa61fbb9df852dbb45832f01c8d989c41de30674c68ea707612304878107,200
http://web/users/login.php,GET,"Cookie:PHPSESSID=7ficmi53fn80h3alhbsb1d4pk3
Accept:text/html,application/xhtml+xml,application/xml;q=0.9,image/avif,image/webp,image/apng,*/*;q=0.8,application/signed-exchange;v=b3;q=0.9
User-Agent:Mozilla/5.0 (X11; Linux x86_64) AppleWebKit/537.36 (KHTML, like Gecko) Chrome/85.0.4183.102 Safari/537.36
Referer:http://web/calendar.php?date=1778791434
Upgrade-Insecure-Requests:1
",cf83e1357eefb8bdf1542850d66d8007d620e4050b5715dc83f4a921d36ce9ce47d0d13c5d85f2b0ff8318d2877eec2f63b931bd47417a81a538327af927da3e,"Keep-Alive:timeout=5, max=53
Server:Apache/2.4.7 (Ubuntu)
Connection:Keep-Alive
Pragma:no-cache
Date:Mon, 11 May 2026 20:43:57 GMT
Cache-Control:no-store, no-cache, must-revalidate, post-check=0, pre-check=0
Content-Encoding:gzip
Vary:Accept-Encoding
Expires:Thu, 19 Nov 1981 08:52:00 GMT
Content-Length:976
X-Powered-By:PHP/5.5.9-1ubuntu4.29
Content-Type:text/html
",60fb34c2340ac8895fea1e927e43ffb55dc94b07e98a0ad94b8d6da25cfd390a43b7bbeb47b7f6c8200889dd57d568fc3bdc3b23f980f309d5c2821f29a3524a,200
http://web/users/register.php,GET,"Cookie:PHPSESSID=7ficmi53fn80h3alhbsb1d4pk3
Accept:text/html,application/xhtml+xml,application/xml;q=0.9,image/avif,image/webp,image/apng,*/*;q=0.8,application/signed-exchange;v=b3;q=0.9
User-Agent:Mozilla/5.0 (X11; Linux x86_64) AppleWebKit/537.36 (KHTML, like Gecko) Chrome/85.0.4183.102 Safari/537.36
Referer:http://web/
Upgrade-Insecure-Requests:1
",cf83e1357eefb8bdf1542850d66d8007d620e4050b5715dc83f4a921d36ce9ce47d0d13c5d85f2b0ff8318d2877eec2f63b931bd47417a81a538327af927da3e,"Keep-Alive:timeout=5, max=64
Server:Apache/2.4.7 (Ubuntu)
Connection:Keep-Alive
Pragma:no-cache
Date:Mon, 11 May 2026 20:42:37 GMT
Cache-Control:no-store, no-cache, must-revalidate, post-check=0, pre-check=0
Content-Encoding:gzip
Vary:Accept-Encoding
Expires:Thu, 19 Nov 1981 08:52:00 GMT
Content-Length:1099
X-Powered-By:PHP/5.5.9-1ubuntu4.29
Content-Type:text/html
",e7e42782a0b67d4670009b026fe9ea64504cb25d22c4888099ca0b18452c7a4c64e73c00b6e5f869533cd9391a73272584c8c9226385d1b1a4b4f81315462a26,200
http://web/,GET,"Cookie:PHPSESSID=7ficmi53fn80h3alhbsb1d4pk3
Accept:text/html,application/xhtml+xml,application/xml;q=0.9,image/avif,image/webp,image/apng,*/*;q=0.8,application/signed-exchange;v=b3;q=0.9
User-Agent:Mozilla/5.0 (X11; Linux x86_64) AppleWebKit/537.36 (KHTML, like Gecko) Chrome/85.0.4183.102 Safari/537.36
Referer:http://web/calendar.php?date=1778877855
Upgrade-Insecure-Requests:1
",cf83e1357eefb8bdf1542850d66d8007d620e4050b5715dc83f4a921d36ce9ce47d0d13c5d85f2b0ff8318d2877eec2f63b931bd47417a81a538327af927da3e,"Keep-Alive:timeout=5, max=21
Server:Apache/2.4.7 (Ubuntu)
Connection:Keep-Alive
Pragma:no-cache
Date:Mon, 11 May 2026 20:44:19 GMT
Cache-Control:no-store, no-cache, must-revalidate, post-check=0, pre-check=0
Content-Encoding:gzip
Vary:Accept-Encoding
Expires:Thu, 19 Nov 1981 08:52:00 GMT
Content-Length:1283
X-Powered-By:PHP/5.5.9-1ubuntu4.29
Content-Type:text/html
",9a10d44b51557b3e49d055dcd29e752ff6da6d0f3aac4d8a09e2308932ec00f3d535b1bd645e0f84fb37366b7f4b3930035769e10daf534c0b65f2b3bf074603,200
http://web/pictures/upload.php,GET,"Cookie:PHPSESSID=7ficmi53fn80h3alhbsb1d4pk3
Accept:text/html,application/xhtml+xml,application/xml;q=0.9,image/avif,image/webp,image/apng,*/*;q=0.8,application/signed-exchange;v=b3;q=0.9
User-Agent:Mozilla/5.0 (X11; Linux x86_64) AppleWebKit/537.36 (KHTML, like Gecko) Chrome/85.0.4183.102 Safari/537.36
Referer:http://web/guestbook.php
Upgrade-Insecure-Requests:1
",cf83e1357eefb8bdf1542850d66d8007d620e4050b5715dc83f4a921d36ce9ce47d0d13c5d85f2b0ff8318d2877eec2f63b931bd47417a81a538327af927da3e,"Keep-Alive:timeout=5, max=51
Server:Apache/2.4.7 (Ubuntu)
Connection:Keep-Alive
Pragma:no-cache
Date:Mon, 11 May 2026 20:40:18 GMT
Cache-Control:no-store, no-cache, must-revalidate, post-check=0, pre-check=0
Expires:Thu, 19 Nov 1981 08:52:00 GMT
Content-Length:41
X-Powered-By:PHP/5.5.9-1ubuntu4.29
Location:/users/login.php
Content-Type:text/html
",cf83e1357eefb8bdf1542850d66d8007d620e4050b5715dc83f4a921d36ce9ce47d0d13c5d85f2b0ff8318d2877eec2f63b931bd47417a81a538327af927da3e,303
http://web/images/menu/menu_tabs.gif,GET,"Cookie:PHPSESSID=7ficmi53fn80h3alhbsb1d4pk3
Accept:image/avif,image/webp,image/apng,image/*,*/*;q=0.8
User-Agent:Mozilla/5.0 (X11; Linux x86_64) AppleWebKit/537.36 (KHTML, like Gecko) Chrome/85.0.4183.102 Safari/537.36
Referer:http://web/css/stylings.css
",cf83e1357eefb8bdf1542850d66d8007d620e4050b5715dc83f4a921d36ce9ce47d0d13c5d85f2b0ff8318d2877eec2f63b931bd47417a81a538327af927da3e,"Keep-Alive:timeout=5, max=99
Server:Apache/2.4.7 (Ubuntu)
Connection:Keep-Alive
Last-Modified:Thu, 02 Feb 2017 22:24:09 GMT
Date:Mon, 11 May 2026 20:39:28 GMT
Accept-Ranges:bytes
ETag:""f78-547939fb8b440""
Content-Length:3960
Content-Type:image/gif
",3eb49ef7e8e7e02a1bff29ac33707f5a473495974c0f3cc1937f03198075c0d2b0aaf7f2937030c43b34c560f19c5c6502345d5af0ac36b7e66d8deea4ef55d4,200
http://web/,GET,"Cookie:PHPSESSID=7ficmi53fn80h3alhbsb1d4pk3
Accept:text/html,application/xhtml+xml,application/xml;q=0.9,image/avif,image/webp,image/apng,*/*;q=0.8,application/signed-exchange;v=b3;q=0.9
User-Agent:Mozilla/5.0 (X11; Linux x86_64) AppleWebKit/537.36 (KHTML, like Gecko) Chrome/85.0.4183.102 Safari/537.36
Upgrade-Insecure-Requests:1
",cf83e1357eefb8bdf1542850d66d8007d620e4050b5715dc83f4a921d36ce9ce47d0d13c5d85f2b0ff8318d2877eec2f63b931bd47417a81a538327af927da3e,"Keep-Alive:timeout=5, max=89
Server:Apache/2.4.7 (Ubuntu)
Connection:Keep-Alive
Pragma:no-cache
Date:Mon, 11 May 2026 20:42:19 GMT
Cache-Control:no-store, no-cache, must-revalidate, post-check=0, pre-check=0
Content-Encoding:gzip
Vary:Accept-Encoding
Expires:Thu, 19 Nov 1981 08:52:00 GMT
Content-Length:1283
X-Powered-By:PHP/5.5.9-1ubuntu4.29
Content-Type:text/html
",34c2ecd95af3b16c47a1b7b811f0f16f69b82ebec396b9d204d37c81cd4e71744118aa23c2241c6182c95a3eeefbe305176f7ebef1ba1ee48e9212253f11d651,200
http://web/css/blueprint/screen.css,GET,"Cookie:PHPSESSID=7ficmi53fn80h3alhbsb1d4pk3
Accept:text/css,*/*;q=0.1
User-Agent:Mozilla/5.0 (X11; Linux x86_64) AppleWebKit/537.36 (KHTML, like Gecko) Chrome/85.0.4183.102 Safari/537.36
Referer:http://web/
",cf83e1357eefb8bdf1542850d66d8007d620e4050b5715dc83f4a921d36ce9ce47d0d13c5d85f2b0ff8318d2877eec2f63b931bd47417a81a538327af927da3e,"Server:Apache/2.4.7 (Ubuntu)
Last-Modified:Thu, 02 Feb 2017 22:24:09 GMT
Date:Mon, 11 May 2026 20:39:28 GMT
Accept-Ranges:bytes
ETag:""24c7-547939fb8b440-gzip""
Content-Encoding:gzip
Vary:Accept-Encoding
Content-Length:2682
Content-Type:text/css
",c0995dbb8c323ef465d8cc5d7b640b1a5435beb529b0c6e55594b1c0f3db66e859d23f70cfe8d93285234e722d677fca7c8887bee81a636881b2f91f221f976e,200
http://web/,GET,"Cookie:PHPSESSID=7ficmi53fn80h3alhbsb1d4pk3
Accept:text/html,application/xhtml+xml,application/xml;q=0.9,image/avif,image/webp,image/apng,*/*;q=0.8,application/signed-exchange;v=b3;q=0.9
User-Agent:Mozilla/5.0 (X11; Linux x86_64) AppleWebKit/537.36 (KHTML, like Gecko) Chrome/85.0.4183.102 Safari/537.36
Referer:http://web/calendar.php
Upgrade-Insecure-Requests:1
",cf83e1357eefb8bdf1542850d66d8007d620e4050b5715dc83f4a921d36ce9ce47d0d13c5d85f2b0ff8318d2877eec2f63b931bd47417a81a538327af927da3e,"Keep-Alive:timeout=5, max=74
Server:Apache/2.4.7 (Ubuntu)
Connection:Keep-Alive
Pragma:no-cache
Date:Mon, 11 May 2026 20:40:01 GMT
Cache-Control:no-store, no-cache, must-revalidate, post-check=0, pre-check=0
Content-Encoding:gzip
Vary:Accept-Encoding
Expires:Thu, 19 Nov 1981 08:52:00 GMT
Content-Length:1282
X-Powered-By:PHP/5.5.9-1ubuntu4.29
Content-Type:text/html
",e559ba55e3a64ce635bee24a178f1cb7f4572ea5899a92137bda951ec073fd344ef29ca1589c35cfe3fa627d00e7a1a5d217b269df11ca0ca65f85bf022828ce,200
http://web/css/blueprint/screen.css,GET,"Cookie:PHPSESSID=7ficmi53fn80h3alhbsb1d4pk3
Accept:text/css,*/*;q=0.1
User-Agent:Mozilla/5.0 (X11; Linux x86_64) AppleWebKit/537.36 (KHTML, like Gecko) Chrome/85.0.4183.102 Safari/537.36
Referer:http://web/pictures/recent.php
",cf83e1357eefb8bdf1542850d66d8007d620e4050b5715dc83f4a921d36ce9ce47d0d13c5d85f2b0ff8318d2877eec2f63b931bd47417a81a538327af927da3e,"Server:Apache/2.4.7 (Ubuntu)
Last-Modified:Thu, 02 Feb 2017 22:24:09 GMT
Date:Mon, 11 May 2026 20:39:28 GMT
Accept-Ranges:bytes
ETag:""24c7-547939fb8b440-gzip""
Content-Encoding:gzip
Vary:Accept-Encoding
Content-Length:2682
Content-Type:text/css
",c0995dbb8c323ef465d8cc5d7b640b1a5435beb529b0c6e55594b1c0f3db66e859d23f70cfe8d93285234e722d677fca7c8887bee81a636881b2f91f221f976e,200
http://web/guestbook.php,GET,"Cookie:PHPSESSID=7ficmi53fn80h3alhbsb1d4pk3
Accept:text/html,application/xhtml+xml,application/xml;q=0.9,image/avif,image/webp,image/apng,*/*;q=0.8,application/signed-exchange;v=b3;q=0.9
User-Agent:Mozilla/5.0 (X11; Linux x86_64) AppleWebKit/537.36 (KHTML, like Gecko) Chrome/85.0.4183.102 Safari/537.36
Referer:http://web/calendar.php?date=1778705011
Upgrade-Insecure-Requests:1
",cf83e1357eefb8bdf1542850d66d8007d620e4050b5715dc83f4a921d36ce9ce47d0d13c5d85f2b0ff8318d2877eec2f63b931bd47417a81a538327af927da3e,"Keep-Alive:timeout=5, max=86
Server:Apache/2.4.7 (Ubuntu)
Connection:Keep-Alive
Pragma:no-cache
Date:Mon, 11 May 2026 20:43:33 GMT
Cache-Control:no-store, no-cache, must-revalidate, post-check=0, pre-check=0
Content-Encoding:gzip
Vary:Accept-Encoding
Expires:Thu, 19 Nov 1981 08:52:00 GMT
Content-Length:999
X-Powered-By:PHP/5.5.9-1ubuntu4.29
Content-Type:text/html
",e0ec165f18f331f42f9e3468f9b0a470d88cbad4e0c01b17ff2ab44fefaaafe9b4e839419e6987c560ccc383fac091ef6767bce8ff7f712427e184fce00c838e,200
http://web/users/home.php,GET,"Cookie:PHPSESSID=7ficmi53fn80h3alhbsb1d4pk3
Accept:text/html,application/xhtml+xml,application/xml;q=0.9,image/avif,image/webp,image/apng,*/*;q=0.8,application/signed-exchange;v=b3;q=0.9
User-Agent:Mozilla/5.0 (X11; Linux x86_64) AppleWebKit/537.36 (KHTML, like Gecko) Chrome/85.0.4183.102 Safari/537.36
Referer:http://web/calendar.php?date=1778705001
Upgrade-Insecure-Requests:1
",cf83e1357eefb8bdf1542850d66d8007d620e4050b5715dc83f4a921d36ce9ce47d0d13c5d85f2b0ff8318d2877eec2f63b931bd47417a81a538327af927da3e,"Keep-Alive:timeout=5, max=2
Server:Apache/2.4.7 (Ubuntu)
Connection:Keep-Alive
Pragma:no-cache
Date:Mon, 11 May 2026 20:43:22 GMT
Cache-Control:no-store, no-cache, must-revalidate, post-check=0, pre-check=0
Expires:Thu, 19 Nov 1981 08:52:00 GMT
Content-Length:41
X-Powered-By:PHP/5.5.9-1ubuntu4.29
Location:/users/login.php
Content-Type:text/html
",cf83e1357eefb8bdf1542850d66d8007d620e4050b5715dc83f4a921d36ce9ce47d0d13c5d85f2b0ff8318d2877eec2f63b931bd47417a81a538327af927da3e,303
http://web/css/blueprint/print.css,GET,"Cookie:PHPSESSID=7ficmi53fn80h3alhbsb1d4pk3
Accept:text/css,*/*;q=0.1
User-Agent:Mozilla/5.0 (X11; Linux x86_64) AppleWebKit/537.36 (KHTML, like Gecko) Chrome/85.0.4183.102 Safari/537.36
Referer:http://web/tos.php
",cf83e1357eefb8bdf1542850d66d8007d620e4050b5715dc83f4a921d36ce9ce47d0d13c5d85f2b0ff8318d2877eec2f63b931bd47417a81a538327af927da3e,"Server:Apache/2.4.7 (Ubuntu)
Last-Modified:Thu, 02 Feb 2017 22:24:09 GMT
Date:Mon, 11 May 2026 20:39:28 GMT
Accept-Ranges:bytes
ETag:""52d-547939fb8b440-gzip""
Content-Encoding:gzip
Vary:Accept-Encoding
Content-Length:674
Content-Type:text/css
",382bc7f4ad396de8dacb65598554ab8e1fe76b268c9b97e377be5fe694d07688463ac138e683332f401b64a7a2e8418a2a9f7f9d96e548ee8581d228368f7524,200
http://web/calendar.php,GET,"Cookie:PHPSESSID=7ficmi53fn80h3alhbsb1d4pk3
Accept:text/html,application/xhtml+xml,application/xml;q=0.9,image/avif,image/webp,image/apng,*/*;q=0.8,application/signed-exchange;v=b3;q=0.9
User-Agent:Mozilla/5.0 (X11; Linux x86_64) AppleWebKit/537.36 (KHTML, like Gecko) Chrome/85.0.4183.102 Safari/537.36
Referer:http://web/
Upgrade-Insecure-Requests:1
",cf83e1357eefb8bdf1542850d66d8007d620e4050b5715dc83f4a921d36ce9ce47d0d13c5d85f2b0ff8318d2877eec2f63b931bd47417a81a538327af927da3e,"Keep-Alive:timeout=5, max=95
Server:Apache/2.4.7 (Ubuntu)
Connection:Keep-Alive
Pragma:no-cache
Date:Mon, 11 May 2026 20:42:14 GMT
Cache-Control:no-store, no-cache, must-revalidate, post-check=0, pre-check=0
Content-Encoding:gzip
Vary:Accept-Encoding
Expires:Thu, 19 Nov 1981 08:52:00 GMT
Content-Length:944
X-Powered-By:PHP/5.5.9-1ubuntu4.29
Content-Type:text/html
",9b3663dc0e50553c3a041b5e99241062e46240655e71b8d95fa1ec7614b2cac0dc70d2592065362328ae25532b72b5b81e7f531ce8d706da5a17149c8db192e0,200
http://web/,GET,"Cookie:PHPSESSID=7ficmi53fn80h3alhbsb1d4pk3
Accept:text/html,application/xhtml+xml,application/xml;q=0.9,image/avif,image/webp,image/apng,*/*;q=0.8,application/signed-exchange;v=b3;q=0.9
User-Agent:Mozilla/5.0 (X11; Linux x86_64) AppleWebKit/537.36 (KHTML, like Gecko) Chrome/85.0.4183.102 Safari/537.36
Upgrade-Insecure-Requests:1
",cf83e1357eefb8bdf1542850d66d8007d620e4050b5715dc83f4a921d36ce9ce47d0d13c5d85f2b0ff8318d2877eec2f63b931bd47417a81a538327af927da3e,"Keep-Alive:timeout=5, max=73
Server:Apache/2.4.7 (Ubuntu)
Connection:Keep-Alive
Pragma:no-cache
Date:Mon, 11 May 2026 20:42:30 GMT
Cache-Control:no-store, no-cache, must-revalidate, post-check=0, pre-check=0
Content-Encoding:gzip
Vary:Accept-Encoding
Expires:Thu, 19 Nov 1981 08:52:00 GMT
Content-Length:1284
X-Powered-By:PHP/5.5.9-1ubuntu4.29
Content-Type:text/html
",6e4781d211174d23ad7f1679bd67e729045e7599f13d933e3b90192a40df4879a4df1f8f0d0ad2ce0318fb5621f92711b633acb98a66f169fb373ef73c95bd3a,200
http://web/tos.php,GET,"Cookie:PHPSESSID=7ficmi53fn80h3alhbsb1d4pk3
Accept:text/html,application/xhtml+xml,application/xml;q=0.9,image/avif,image/webp,image/apng,*/*;q=0.8,application/signed-exchange;v=b3;q=0.9
User-Agent:Mozilla/5.0 (X11; Linux x86_64) AppleWebKit/537.36 (KHTML, like Gecko) Chrome/85.0.4183.102 Safari/537.36
Referer:http://web/calendar.php
Upgrade-Insecure-Requests:1
",cf83e1357eefb8bdf1542850d66d8007d620e4050b5715dc83f4a921d36ce9ce47d0d13c5d85f2b0ff8318d2877eec2f63b931bd47417a81a538327af927da3e,"Keep-Alive:timeout=5, max=91
Server:Apache/2.4.7 (Ubuntu)
Connection:Keep-Alive
Pragma:no-cache
Date:Mon, 11 May 2026 20:42:17 GMT
Cache-Control:no-store, no-cache, must-revalidate, post-check=0, pre-check=0
Content-Encoding:gzip
Vary:Accept-Encoding
Expires:Thu, 19 Nov 1981 08:52:00 GMT
Content-Length:10227
X-Powered-By:PHP/5.5.9-1ubuntu4.29
Content-Type:text/html
",776cf65ea3581faab5764251012f00c75acc0d228aedef200d2c31b18c0966eecb6d92af4df09fee1225ae5512ac078153b47739f5a634a748a9b2c2a7653a05,200
http://web/,GET,"Cookie:PHPSESSID=7ficmi53fn80h3alhbsb1d4pk3
Accept:text/html,application/xhtml+xml,application/xml;q=0.9,image/avif,image/webp,image/apng,*/*;q=0.8,application/signed-exchange;v=b3;q=0.9
User-Agent:Mozilla/5.0 (X11; Linux x86_64) AppleWebKit/537.36 (KHTML, like Gecko) Chrome/85.0.4183.102 Safari/537.36
Referer:http://web/calendar.php?date=1778704988
Upgrade-Insecure-Requests:1
",cf83e1357eefb8bdf1542850d66d8007d620e4050b5715dc83f4a921d36ce9ce47d0d13c5d85f2b0ff8318d2877eec2f63b931bd47417a81a538327af927da3e,"Keep-Alive:timeout=5, max=19
Server:Apache/2.4.7 (Ubuntu)
Connection:Keep-Alive
Pragma:no-cache
Date:Mon, 11 May 2026 20:43:10 GMT
Cache-Control:no-store, no-cache, must-revalidate, post-check=0, pre-check=0
Content-Encoding:gzip
Vary:Accept-Encoding
Expires:Thu, 19 Nov 1981 08:52:00 GMT
Content-Length:1284
X-Powered-By:PHP/5.5.9-1ubuntu4.29
Content-Type:text/html
",950a78954e3e19826ad1300f133f45e68d538efbadefebb4859ad0e8121e7086793a331e3ad82ecbdbd986835098f111aa3159dd68882532a6804677e496dee3,200
http://web/users/sample.php?userid=1,GET,"Cookie:PHPSESSID=7ficmi53fn80h3alhbsb1d4pk3
Accept:text/html,application/xhtml+xml,application/xml;q=0.9,image/avif,image/webp,image/apng,*/*;q=0.8,application/signed-exchange;v=b3;q=0.9
User-Agent:Mozilla/5.0 (X11; Linux x86_64) AppleWebKit/537.36 (KHTML, like Gecko) Chrome/85.0.4183.102 Safari/537.36
Referer:http://web/
Upgrade-Insecure-Requests:1
",cf83e1357eefb8bdf1542850d66d8007d620e4050b5715dc83f4a921d36ce9ce47d0d13c5d85f2b0ff8318d2877eec2f63b931bd47417a81a538327af927da3e,"Keep-Alive:timeout=5, max=25
Server:Apache/2.4.7 (Ubuntu)
Connection:Keep-Alive
Pragma:no-cache
Date:Mon, 11 May 2026 20:41:51 GMT
Cache-Control:no-store, no-cache, must-revalidate, post-check=0, pre-check=0
Content-Encoding:gzip
Vary:Accept-Encoding
Expires:Thu, 19 Nov 1981 08:52:00 GMT
Content-Length:982
X-Powered-By:PHP/5.5.9-1ubuntu4.29
Content-Type:text/html
",6e5afb5daaf74e9ee484717b59b280adcd54e89d466b0f7c9932477643febc931cfdc30229d23d49bbcc3b9649df5d3d48b54734a4464aa63eae592047a23f07,200
http://web/upload/doggie/Dog.jpg.128_128.jpg,GET,"Cookie:PHPSESSID=7ficmi53fn80h3alhbsb1d4pk3
Accept:image/avif,image/webp,image/apng,image/*,*/*;q=0.8
User-Agent:Mozilla/5.0 (X11; Linux x86_64) AppleWebKit/537.36 (KHTML, like Gecko) Chrome/85.0.4183.102 Safari/537.36
Referer:http://web/users/sample.php?userid=1
",cf83e1357eefb8bdf1542850d66d8007d620e4050b5715dc83f4a921d36ce9ce47d0d13c5d85f2b0ff8318d2877eec2f63b931bd47417a81a538327af927da3e,"Server:Apache/2.4.7 (Ubuntu)
Last-Modified:Thu, 02 Feb 2017 22:24:09 GMT
Date:Mon, 11 May 2026 20:39:39 GMT
Accept-Ranges:bytes
ETag:""30b7-547939fb8b440""
Content-Length:12471
Content-Type:image/jpeg
",69d56f0425632e752413df2dedbeab35c78b04f88b4b5e0c3ff3c082644643ba0b4ecff40c05ff2c89177b1d27351cfad091a14195a74b8f1a0a38960c402f09,200
http://web/css/stylings.css,GET,"Cookie:PHPSESSID=7ficmi53fn80h3alhbsb1d4pk3
Accept:text/css,*/*;q=0.1
User-Agent:Mozilla/5.0 (X11; Linux x86_64) AppleWebKit/537.36 (KHTML, like Gecko) Chrome/85.0.4183.102 Safari/537.36
Referer:http://web/calendar.php
",cf83e1357eefb8bdf1542850d66d8007d620e4050b5715dc83f4a921d36ce9ce47d0d13c5d85f2b0ff8318d2877eec2f63b931bd47417a81a538327af927da3e,"Server:Apache/2.4.7 (Ubuntu)
Last-Modified:Thu, 02 Feb 2017 22:24:09 GMT
Date:Mon, 11 May 2026 20:39:28 GMT
Accept-Ranges:bytes
ETag:""c29-547939fb8b440-gzip""
Content-Encoding:gzip
Vary:Accept-Encoding
Content-Length:838
Content-Type:text/css
",e6142d743628221ad60b6d12a0b444a077ed8ede2504b511ffffde908ffe459f09875b3901f9a63ec228906521c445248f9277e14f591205808d8dfc200df823,200
http://web/pictures/recent.php,GET,"Cookie:PHPSESSID=7ficmi53fn80h3alhbsb1d4pk3
Accept:text/html,application/xhtml+xml,application/xml;q=0.9,image/avif,image/webp,image/apng,*/*;q=0.8,application/signed-exchange;v=b3;q=0.9
User-Agent:Mozilla/5.0 (X11; Linux x86_64) AppleWebKit/537.36 (KHTML, like Gecko) Chrome/85.0.4183.102 Safari/537.36
Referer:http://web/
Upgrade-Insecure-Requests:1
",cf83e1357eefb8bdf1542850d66d8007d620e4050b5715dc83f4a921d36ce9ce47d0d13c5d85f2b0ff8318d2877eec2f63b931bd47417a81a538327af927da3e,"Keep-Alive:timeout=5, max=37
Server:Apache/2.4.7 (Ubuntu)
Connection:Keep-Alive
Pragma:no-cache
Date:Mon, 11 May 2026 20:40:27 GMT
Cache-Control:no-store, no-cache, must-revalidate, post-check=0, pre-check=0
Content-Encoding:gzip
Vary:Accept-Encoding
Expires:Thu, 19 Nov 1981 08:52:00 GMT
Content-Length:1087
X-Powered-By:PHP/5.5.9-1ubuntu4.29
Content-Type:text/html
",16f9bee87c5be082d752861aa212eadf28728c574331b5605a77564944333673167ef7ed64ed941883d34684e22d9efa5ad07f51e385cb26806a21af55f457e8,200
http://web/,GET,"Cookie:PHPSESSID=7ficmi53fn80h3alhbsb1d4pk3
Accept:text/html,application/xhtml+xml,application/xml;q=0.9,image/avif,image/webp,image/apng,*/*;q=0.8,application/signed-exchange;v=b3;q=0.9
User-Agent:Mozilla/5.0 (X11; Linux x86_64) AppleWebKit/537.36 (KHTML, like Gecko) Chrome/85.0.4183.102 Safari/537.36
Upgrade-Insecure-Requests:1
",cf83e1357eefb8bdf1542850d66d8007d620e4050b5715dc83f4a921d36ce9ce47d0d13c5d85f2b0ff8318d2877eec2f63b931bd47417a81a538327af927da3e,"Keep-Alive:timeout=5, max=66
Server:Apache/2.4.7 (Ubuntu)
Connection:Keep-Alive
Pragma:no-cache
Date:Mon, 11 May 2026 20:40:08 GMT
Cache-Control:no-store, no-cache, must-revalidate, post-check=0, pre-check=0
Content-Encoding:gzip
Vary:Accept-Encoding
Expires:Thu, 19 Nov 1981 08:52:00 GMT
Content-Length:1283
X-Powered-By:PHP/5.5.9-1ubuntu4.29
Content-Type:text/html
",280b3c19862106c03d149f8a62a58c118ef1740821a7b88239bd4a93038c0093924413802ef0210d0247292ac8a7900dd82a287055e4bb7102589866529ea447,200
http://web/calendar.php?date=1778618601,GET,"Cookie:PHPSESSID=7ficmi53fn80h3alhbsb1d4pk3
Accept:text/html,application/xhtml+xml,application/xml;q=0.9,image/avif,image/webp,image/apng,*/*;q=0.8,application/signed-exchange;v=b3;q=0.9
User-Agent:Mozilla/5.0 (X11; Linux x86_64) AppleWebKit/537.36 (KHTML, like Gecko) Chrome/85.0.4183.102 Safari/537.36
Referer:http://web/calendar.php
Upgrade-Insecure-Requests:1
",cf83e1357eefb8bdf1542850d66d8007d620e4050b5715dc83f4a921d36ce9ce47d0d13c5d85f2b0ff8318d2877eec2f63b931bd47417a81a538327af927da3e,"Keep-Alive:timeout=5, max=4
Server:Apache/2.4.7 (Ubuntu)
Connection:Keep-Alive
Pragma:no-cache
Date:Mon, 11 May 2026 20:43:21 GMT
Cache-Control:no-store, no-cache, must-revalidate, post-check=0, pre-check=0
Content-Encoding:gzip
Vary:Accept-Encoding
Expires:Thu, 19 Nov 1981 08:52:00 GMT
Content-Length:946
X-Powered-By:PHP/5.5.9-1ubuntu4.29
Content-Type:text/html
",badef60ca5513153704c085edc999223103de6873721333bc1c63027c617dec8ce3001609ec81e33895a5204f428caddc297cf8e9fc7a1d793e87ddbc591d827,200
http://web/,GET,"Cookie:PHPSESSID=7ficmi53fn80h3alhbsb1d4pk3
Accept:text/html,application/xhtml+xml,application/xml;q=0.9,image/avif,image/webp,image/apng,*/*;q=0.8,application/signed-exchange;v=b3;q=0.9
User-Agent:Mozilla/5.0 (X11; Linux x86_64) AppleWebKit/537.36 (KHTML, like Gecko) Chrome/85.0.4183.102 Safari/537.36
Upgrade-Insecure-Requests:1
",cf83e1357eefb8bdf1542850d66d8007d620e4050b5715dc83f4a921d36ce9ce47d0d13c5d85f2b0ff8318d2877eec2f63b931bd47417a81a538327af927da3e,"Keep-Alive:timeout=5, max=93
Server:Apache/2.4.7 (Ubuntu)
Connection:Keep-Alive
Pragma:no-cache
Date:Mon, 11 May 2026 20:42:15 GMT
Cache-Control:no-store, no-cache, must-revalidate, post-check=0, pre-check=0
Content-Encoding:gzip
Vary:Accept-Encoding
Expires:Thu, 19 Nov 1981 08:52:00 GMT
Content-Length:1283
X-Powered-By:PHP/5.5.9-1ubuntu4.29
Content-Type:text/html
",f033e9e13d4212da709a644fb109e4c80299dcdb1165283411c2de9cb7f2a060209e4bd0381bcc9f40970e5b221ebbc2bbd5cbcf6241c1921287261dd81bf0cf,200
http://web/calendar.php?date=1778618651,GET,"Cookie:PHPSESSID=7ficmi53fn80h3alhbsb1d4pk3
Accept:text/html,application/xhtml+xml,application/xml;q=0.9,image/avif,image/webp,image/apng,*/*;q=0.8,application/signed-exchange;v=b3;q=0.9
User-Agent:Mozilla/5.0 (X11; Linux x86_64) AppleWebKit/537.36 (KHTML, like Gecko) Chrome/85.0.4183.102 Safari/537.36
Referer:http://web/calendar.php
Upgrade-Insecure-Requests:1
",cf83e1357eefb8bdf1542850d66d8007d620e4050b5715dc83f4a921d36ce9ce47d0d13c5d85f2b0ff8318d2877eec2f63b931bd47417a81a538327af927da3e,"Keep-Alive:timeout=5, max=31
Server:Apache/2.4.7 (Ubuntu)
Connection:Keep-Alive
Pragma:no-cache
Date:Mon, 11 May 2026 20:44:12 GMT
Cache-Control:no-store, no-cache, must-revalidate, post-check=0, pre-check=0
Content-Encoding:gzip
Vary:Accept-Encoding
Expires:Thu, 19 Nov 1981 08:52:00 GMT
Content-Length:944
X-Powered-By:PHP/5.5.9-1ubuntu4.29
Content-Type:text/html
",57d2a8fd129a0161688a4ace64343e7223f44ba173845cb36c8d42414ca95f0ad8c2433c5340d6d02ff92682548c1617daafbad0942c0d3bda374f7436af5e65,200
http://web/users/home.php,GET,"Cookie:PHPSESSID=7ficmi53fn80h3alhbsb1d4pk3
Accept:text/html,application/xhtml+xml,application/xml;q=0.9,image/avif,image/webp,image/apng,*/*;q=0.8,application/signed-exchange;v=b3;q=0.9
User-Agent:Mozilla/5.0 (X11; Linux x86_64) AppleWebKit/537.36 (KHTML, like Gecko) Chrome/85.0.4183.102 Safari/537.36
Referer:http://web/calendar.php
Upgrade-Insecure-Requests:1
",cf83e1357eefb8bdf1542850d66d8007d620e4050b5715dc83f4a921d36ce9ce47d0d13c5d85f2b0ff8318d2877eec2f63b931bd47417a81a538327af927da3e,"Keep-Alive:timeout=5, max=17
Server:Apache/2.4.7 (Ubuntu)
Connection:Keep-Alive
Pragma:no-cache
Date:Mon, 11 May 2026 20:41:57 GMT
Cache-Control:no-store, no-cache, must-revalidate, post-check=0, pre-check=0
Expires:Thu, 19 Nov 1981 08:52:00 GMT
Content-Length:41
X-Powered-By:PHP/5.5.9-1ubuntu4.29
Location:/users/login.php
Content-Type:text/html
",cf83e1357eefb8bdf1542850d66d8007d620e4050b5715dc83f4a921d36ce9ce47d0d13c5d85f2b0ff8318d2877eec2f63b931bd47417a81a538327af927da3e,303
http://web/guestbook.php,GET,"Cookie:PHPSESSID=7ficmi53fn80h3alhbsb1d4pk3
Accept:text/html,application/xhtml+xml,application/xml;q=0.9,image/avif,image/webp,image/apng,*/*;q=0.8,application/signed-exchange;v=b3;q=0.9
User-Agent:Mozilla/5.0 (X11; Linux x86_64) AppleWebKit/537.36 (KHTML, like Gecko) Chrome/85.0.4183.102 Safari/537.36
Referer:http://web/users/sample.php?userid=1
Upgrade-Insecure-Requests:1
",cf83e1357eefb8bdf1542850d66d8007d620e4050b5715dc83f4a921d36ce9ce47d0d13c5d85f2b0ff8318d2877eec2f63b931bd47417a81a538327af927da3e,"Keep-Alive:timeout=5, max=37
Server:Apache/2.4.7 (Ubuntu)
Connection:Keep-Alive
Pragma:no-cache
Date:Mon, 11 May 2026 20:41:42 GMT
Cache-Control:no-store, no-cache, must-revalidate, post-check=0, pre-check=0
Content-Encoding:gzip
Vary:Accept-Encoding
Expires:Thu, 19 Nov 1981 08:52:00 GMT
Content-Length:1000
X-Powered-By:PHP/5.5.9-1ubuntu4.29
Content-Type:text/html
",9240853ffc3412e983f7c479001dc9489b2e371105bbb9e5124cfe20d6ac55e3ed2670826168b61b73113b93ea38acd0569d723aff215d2bed410dd75f184357,200
http://web/calendar.php?date=1778705027,GET,"Cookie:PHPSESSID=7ficmi53fn80h3alhbsb1d4pk3
Accept:text/html,application/xhtml+xml,application/xml;q=0.9,image/avif,image/webp,image/apng,*/*;q=0.8,application/signed-exchange;v=b3;q=0.9
User-Agent:Mozilla/5.0 (X11; Linux x86_64) AppleWebKit/537.36 (KHTML, like Gecko) Chrome/85.0.4183.102 Safari/537.36
Referer:http://web/calendar.php?date=1778618627
Upgrade-Insecure-Requests:1
",cf83e1357eefb8bdf1542850d66d8007d620e4050b5715dc83f4a921d36ce9ce47d0d13c5d85f2b0ff8318d2877eec2f63b931bd47417a81a538327af927da3e,"Keep-Alive:timeout=5, max=66
Server:Apache/2.4.7 (Ubuntu)
Connection:Keep-Alive
Pragma:no-cache
Date:Mon, 11 May 2026 20:43:48 GMT
Cache-Control:no-store, no-cache, must-revalidate, post-check=0, pre-check=0
Content-Encoding:gzip
Vary:Accept-Encoding
Expires:Thu, 19 Nov 1981 08:52:00 GMT
Content-Length:946
X-Powered-By:PHP/5.5.9-1ubuntu4.29
Content-Type:text/html
",009a5b239585b8a00dbc7ccbec486ca68fd7df3fd87bb818487ff11db487f448175666fee14723ec589e90ac6c6c93a8f985ad92bcba95a701cd9911184771ca,200
http://web/calendar.php?date=1778791438,GET,"Cookie:PHPSESSID=7ficmi53fn80h3alhbsb1d4pk3
Accept:text/html,application/xhtml+xml,application/xml;q=0.9,image/avif,image/webp,image/apng,*/*;q=0.8,application/signed-exchange;v=b3;q=0.9
User-Agent:Mozilla/5.0 (X11; Linux x86_64) AppleWebKit/537.36 (KHTML, like Gecko) Chrome/85.0.4183.102 Safari/537.36
Referer:http://web/calendar.php?date=1778705038
Upgrade-Insecure-Requests:1
",cf83e1357eefb8bdf1542850d66d8007d620e4050b5715dc83f4a921d36ce9ce47d0d13c5d85f2b0ff8318d2877eec2f63b931bd47417a81a538327af927da3e,"Keep-Alive:timeout=5, max=48
Server:Apache/2.4.7 (Ubuntu)
Connection:Keep-Alive
Pragma:no-cache
Date:Mon, 11 May 2026 20:44:00 GMT
Cache-Control:no-store, no-cache, must-revalidate, post-check=0, pre-check=0
Content-Encoding:gzip
Vary:Accept-Encoding
Expires:Thu, 19 Nov 1981 08:52:00 GMT
Content-Length:945
X-Powered-By:PHP/5.5.9-1ubuntu4.29
Content-Type:text/html
",7de081dd432d11ffdf018ce86b84b0619db43cb68c9e43a24f4ede4344d18bc36719e0b37faf815b7ffcccb0c7c7fce67f2cc25ec0fb4411eb13e4f93055763d,200
http://web/,GET,"Cookie:PHPSESSID=7ficmi53fn80h3alhbsb1d4pk3
Accept:text/html,application/xhtml+xml,application/xml;q=0.9,image/avif,image/webp,image/apng,*/*;q=0.8,application/signed-exchange;v=b3;q=0.9
User-Agent:Mozilla/5.0 (X11; Linux x86_64) AppleWebKit/537.36 (KHTML, like Gecko) Chrome/85.0.4183.102 Safari/537.36
Upgrade-Insecure-Requests:1
",cf83e1357eefb8bdf1542850d66d8007d620e4050b5715dc83f4a921d36ce9ce47d0d13c5d85f2b0ff8318d2877eec2f63b931bd47417a81a538327af927da3e,"Keep-Alive:timeout=5, max=10
Server:Apache/2.4.7 (Ubuntu)
Connection:Keep-Alive
Pragma:no-cache
Date:Mon, 11 May 2026 20:43:17 GMT
Cache-Control:no-store, no-cache, must-revalidate, post-check=0, pre-check=0
Content-Encoding:gzip
Vary:Accept-Encoding
Expires:Thu, 19 Nov 1981 08:52:00 GMT
Content-Length:1284
X-Powered-By:PHP/5.5.9-1ubuntu4.29
Content-Type:text/html
",6f554371d2980a9a88e3ffe4757d9ba6589a7a6e30dcbdcad801959defbae03daa0f1afaeb2efdd27369558dbd5ac3cc2660cbdd8f328ce05e2c0d7b1cc6a315,200
http://web/,GET,"Cookie:PHPSESSID=7ficmi53fn80h3alhbsb1d4pk3
Accept:text/html,application/xhtml+xml,application/xml;q=0.9,image/avif,image/webp,image/apng,*/*;q=0.8,application/signed-exchange;v=b3;q=0.9
User-Agent:Mozilla/5.0 (X11; Linux x86_64) AppleWebKit/537.36 (KHTML, like Gecko) Chrome/85.0.4183.102 Safari/537.36
Upgrade-Insecure-Requests:1
",cf83e1357eefb8bdf1542850d66d8007d620e4050b5715dc83f4a921d36ce9ce47d0d13c5d85f2b0ff8318d2877eec2f63b931bd47417a81a538327af927da3e,"Keep-Alive:timeout=5, max=70
Server:Apache/2.4.7 (Ubuntu)
Connection:Keep-Alive
Pragma:no-cache
Date:Mon, 11 May 2026 20:41:16 GMT
Cache-Control:no-store, no-cache, must-revalidate, post-check=0, pre-check=0
Content-Encoding:gzip
Vary:Accept-Encoding
Expires:Thu, 19 Nov 1981 08:52:00 GMT
Content-Length:1283
X-Powered-By:PHP/5.5.9-1ubuntu4.29
Content-Type:text/html
",66027fad80b3fe1299eb394d873b2b66d2c710e645d648095428096e1fbfbdfb577a096bbb048698e2ed1586fcf5e8b0a1b58fdcf4502987ffb4308b70ec29ad,200
http://web/guestbook.php,GET,"Cookie:PHPSESSID=7ficmi53fn80h3alhbsb1d4pk3
Accept:text/html,application/xhtml+xml,application/xml;q=0.9,image/avif,image/webp,image/apng,*/*;q=0.8,application/signed-exchange;v=b3;q=0.9
User-Agent:Mozilla/5.0 (X11; Linux x86_64) AppleWebKit/537.36 (KHTML, like Gecko) Chrome/85.0.4183.102 Safari/537.36
Referer:http://web/tos.php
Upgrade-Insecure-Requests:1
",cf83e1357eefb8bdf1542850d66d8007d620e4050b5715dc83f4a921d36ce9ce47d0d13c5d85f2b0ff8318d2877eec2f63b931bd47417a81a538327af927da3e,"Keep-Alive:timeout=5, max=54
Server:Apache/2.4.7 (Ubuntu)
Connection:Keep-Alive
Pragma:no-cache
Date:Mon, 11 May 2026 20:41:30 GMT
Cache-Control:no-store, no-cache, must-revalidate, post-check=0, pre-check=0
Content-Encoding:gzip
Vary:Accept-Encoding
Expires:Thu, 19 Nov 1981 08:52:00 GMT
Content-Length:999
X-Powered-By:PHP/5.5.9-1ubuntu4.29
Content-Type:text/html
",2361c09e434ed719964aad089b143030d35cb16bdbd05287b1dc5d8243e9b057b53f7a2f7a9b396526135e042a947dc67286e0f2128f1bc757ce7ff8c0ed55eb,200
http://web/admin/index.php?page=login,POST,"Origin:http://web
Cookie:PHPSESSID=7ficmi53fn80h3alhbsb1d4pk3
Accept:text/html,application/xhtml+xml,application/xml;q=0.9,image/avif,image/webp,image/apng,*/*;q=0.8,application/signed-exchange;v=b3;q=0.9
User-Agent:Mozilla/5.0 (X11; Linux x86_64) AppleWebKit/537.36 (KHTML, like Gecko) Chrome/85.0.4183.102 Safari/537.36
Referer:http://web/admin/index.php?page=login
Upgrade-Insecure-Requests:1
Content-Type:application/x-www-form-urlencoded
",548377f2e5696d602ebea5cf51b1a44ec490373d18d7bf7279cdf508a0ebb68c5b213972afdf381cd9fc180c48a33f3bd2a8d32cb3ef18fd7254e3947c1ddf31,"Keep-Alive:timeout=5, max=80
Server:Apache/2.4.7 (Ubuntu)
Connection:Keep-Alive
Pragma:no-cache
Date:Mon, 11 May 2026 20:39:56 GMT
Cache-Control:no-store, no-cache, must-revalidate, post-check=0, pre-check=0
Content-Encoding:gzip
Vary:Accept-Encoding
Expires:Thu, 19 Nov 1981 08:52:00 GMT
Content-Length:216
X-Powered-By:PHP/5.5.9-1ubuntu4.29
Content-Type:text/html
",893d19a3ffb86edb88838da5bba7ce91eb8ca5c00279c2a736aa9a455f8bfada6d2d7c1440041790536628c363f692e243a621f895824efdef8485deafb4a29e,200
http://web/users/login.php,GET,"Cookie:PHPSESSID=7ficmi53fn80h3alhbsb1d4pk3
Accept:text/html,application/xhtml+xml,application/xml;q=0.9,image/avif,image/webp,image/apng,*/*;q=0.8,application/signed-exchange;v=b3;q=0.9
User-Agent:Mozilla/5.0 (X11; Linux x86_64) AppleWebKit/537.36 (KHTML, like Gecko) Chrome/85.0.4183.102 Safari/537.36
Referer:http://web/pictures/recent.php
Upgrade-Insecure-Requests:1
",cf83e1357eefb8bdf1542850d66d8007d620e4050b5715dc83f4a921d36ce9ce47d0d13c5d85f2b0ff8318d2877eec2f63b931bd47417a81a538327af927da3e,"Keep-Alive:timeout=5, max=56
Server:Apache/2.4.7 (Ubuntu)
Connection:Keep-Alive
Pragma:no-cache
Date:Mon, 11 May 2026 20:40:14 GMT
Cache-Control:no-store, no-cache, must-revalidate, post-check=0, pre-check=0
Content-Encoding:gzip
Vary:Accept-Encoding
Expires:Thu, 19 Nov 1981 08:52:00 GMT
Content-Length:975
X-Powered-By:PHP/5.5.9-1ubuntu4.29
Content-Type:text/html
",ea25b3f74280d5162aef85733b3aa45c2e836ca8e96adffae592ca0007e324e3a2875781164f7ae42d7601f95a98996c0b85bb87ab43df03eac9f0d4e47c06d8,200
http://web/calendar.php,GET,"Cookie:PHPSESSID=7ficmi53fn80h3alhbsb1d4pk3
Accept:text/html,application/xhtml+xml,application/xml;q=0.9,image/avif,image/webp,image/apng,*/*;q=0.8,application/signed-exchange;v=b3;q=0.9
User-Agent:Mozilla/5.0 (X11; Linux x86_64) AppleWebKit/537.36 (KHTML, like Gecko) Chrome/85.0.4183.102 Safari/537.36
Referer:http://web/
Upgrade-Insecure-Requests:1
",cf83e1357eefb8bdf1542850d66d8007d620e4050b5715dc83f4a921d36ce9ce47d0d13c5d85f2b0ff8318d2877eec2f63b931bd47417a81a538327af927da3e,"Keep-Alive:timeout=5, max=79
Server:Apache/2.4.7 (Ubuntu)
Connection:Keep-Alive
Pragma:no-cache
Date:Mon, 11 May 2026 20:43:39 GMT
Cache-Control:no-store, no-cache, must-revalidate, post-check=0, pre-check=0
Content-Encoding:gzip
Vary:Accept-Encoding
Expires:Thu, 19 Nov 1981 08:52:00 GMT
Content-Length:943
X-Powered-By:PHP/5.5.9-1ubuntu4.29
Content-Type:text/html
",f32ec8909726050bab7675f28a61c80cad3b974c19caa6384cd99ce4ba5ae5089e75e91dff6a25157b4b8e278f0cd03dc6acd462febf2f6cb6d08d77de292851,200
http://web/users/login.php,GET,"Cookie:PHPSESSID=7ficmi53fn80h3alhbsb1d4pk3
Accept:text/html,application/xhtml+xml,application/xml;q=0.9,image/avif,image/webp,image/apng,*/*;q=0.8,application/signed-exchange;v=b3;q=0.9
User-Agent:Mozilla/5.0 (X11; Linux x86_64) AppleWebKit/537.36 (KHTML, like Gecko) Chrome/85.0.4183.102 Safari/537.36
Referer:http://web/calendar.php?date=1778705015
Upgrade-Insecure-Requests:1
",cf83e1357eefb8bdf1542850d66d8007d620e4050b5715dc83f4a921d36ce9ce47d0d13c5d85f2b0ff8318d2877eec2f63b931bd47417a81a538327af927da3e,"Keep-Alive:timeout=5, max=81
Server:Apache/2.4.7 (Ubuntu)
Connection:Keep-Alive
Pragma:no-cache
Date:Mon, 11 May 2026 20:43:37 GMT
Cache-Control:no-store, no-cache, must-revalidate, post-check=0, pre-check=0
Content-Encoding:gzip
Vary:Accept-Encoding
Expires:Thu, 19 Nov 1981 08:52:00 GMT
Content-Length:977
X-Powered-By:PHP/5.5.9-1ubuntu4.29
Content-Type:text/html
",642c3aa257f6f32a9886a2c44d52e870818e442d400440750eee8d46e18228d4cc9a32de737006be971a22c7d67bf491fe83f41e1dc764b20d7dc9c615503e49,200
http://web/upload/doggie/Dog.jpg.128_128.jpg,GET,"Cookie:PHPSESSID=7ficmi53fn80h3alhbsb1d4pk3
Accept:image/avif,image/webp,image/apng,image/*,*/*;q=0.8
User-Agent:Mozilla/5.0 (X11; Linux x86_64) AppleWebKit/537.36 (KHTML, like Gecko) Chrome/85.0.4183.102 Safari/537.36
Referer:http://web/pictures/recent.php
",cf83e1357eefb8bdf1542850d66d8007d620e4050b5715dc83f4a921d36ce9ce47d0d13c5d85f2b0ff8318d2877eec2f63b931bd47417a81a538327af927da3e,"Server:Apache/2.4.7 (Ubuntu)
Last-Modified:Thu, 02 Feb 2017 22:24:09 GMT
Date:Mon, 11 May 2026 20:39:39 GMT
Accept-Ranges:bytes
ETag:""30b7-547939fb8b440""
Content-Length:12471
Content-Type:image/jpeg
",69d56f0425632e752413df2dedbeab35c78b04f88b4b5e0c3ff3c082644643ba0b4ecff40c05ff2c89177b1d27351cfad091a14195a74b8f1a0a38960c402f09,200
http://web/pictures/recent.php,GET,"Cookie:PHPSESSID=7ficmi53fn80h3alhbsb1d4pk3
Accept:text/html,application/xhtml+xml,application/xml;q=0.9,image/avif,image/webp,image/apng,*/*;q=0.8,application/signed-exchange;v=b3;q=0.9
User-Agent:Mozilla/5.0 (X11; Linux x86_64) AppleWebKit/537.36 (KHTML, like Gecko) Chrome/85.0.4183.102 Safari/537.36
Referer:http://web/
Upgrade-Insecure-Requests:1
",cf83e1357eefb8bdf1542850d66d8007d620e4050b5715dc83f4a921d36ce9ce47d0d13c5d85f2b0ff8318d2877eec2f63b931bd47417a81a538327af927da3e,"Keep-Alive:timeout=5, max=41
Server:Apache/2.4.7 (Ubuntu)
Connection:Keep-Alive
Pragma:no-cache
Date:Mon, 11 May 2026 20:40:25 GMT
Cache-Control:no-store, no-cache, must-revalidate, post-check=0, pre-check=0
Content-Encoding:gzip
Vary:Accept-Encoding
Expires:Thu, 19 Nov 1981 08:52:00 GMT
Content-Length:1088
X-Powered-By:PHP/5.5.9-1ubuntu4.29
Content-Type:text/html
",443f987efa8d752bb23d1db31bb96984a0f9f8386d7f43ae39df03d1125a1b4b836e4da6990ba9d12c11f8b9d78fc6e6dc64bae8e3517e1a9229f397b8e64a6d,200
http://web/guestbook.php,GET,"Cookie:PHPSESSID=7ficmi53fn80h3alhbsb1d4pk3
Accept:text/html,application/xhtml+xml,application/xml;q=0.9,image/avif,image/webp,image/apng,*/*;q=0.8,application/signed-exchange;v=b3;q=0.9
User-Agent:Mozilla/5.0 (X11; Linux x86_64) AppleWebKit/537.36 (KHTML, like Gecko) Chrome/85.0.4183.102 Safari/537.36
Referer:http://web/
Upgrade-Insecure-Requests:1
",cf83e1357eefb8bdf1542850d66d8007d620e4050b5715dc83f4a921d36ce9ce47d0d13c5d85f2b0ff8318d2877eec2f63b931bd47417a81a538327af927da3e,"Keep-Alive:timeout=5, max=99
Server:Apache/2.4.7 (Ubuntu)
Connection:Keep-Alive
Pragma:no-cache
Date:Mon, 11 May 2026 20:40:53 GMT
Cache-Control:no-store, no-cache, must-revalidate, post-check=0, pre-check=0
Content-Encoding:gzip
Vary:Accept-Encoding
Expires:Thu, 19 Nov 1981 08:52:00 GMT
Content-Length:999
X-Powered-By:PHP/5.5.9-1ubuntu4.29
Content-Type:text/html
",17c1fc9cc4f975ca19a254cbc2d30932be7de8a47103abe5b66502dc7dda8f32f638f3402d9f83556eaca2707e53a8079594662df28bf75a55072a635641f94c,200
http://web/users/login.php,GET,"Cookie:PHPSESSID=7ficmi53fn80h3alhbsb1d4pk3
Accept:text/html,application/xhtml+xml,application/xml;q=0.9,image/avif,image/webp,image/apng,*/*;q=0.8,application/signed-exchange;v=b3;q=0.9
User-Agent:Mozilla/5.0 (X11; Linux x86_64) AppleWebKit/537.36 (KHTML, like Gecko) Chrome/85.0.4183.102 Safari/537.36
Referer:http://web/tos.php
Upgrade-Insecure-Requests:1
",cf83e1357eefb8bdf1542850d66d8007d620e4050b5715dc83f4a921d36ce9ce47d0d13c5d85f2b0ff8318d2877eec2f63b931bd47417a81a538327af927da3e,"Keep-Alive:timeout=5, max=20
Server:Apache/2.4.7 (Ubuntu)
Connection:Keep-Alive
Pragma:no-cache
Date:Mon, 11 May 2026 20:41:55 GMT
Cache-Control:no-store, no-cache, must-revalidate, post-check=0, pre-check=0
Content-Encoding:gzip
Vary:Accept-Encoding
Expires:Thu, 19 Nov 1981 08:52:00 GMT
Content-Length:977
X-Powered-By:PHP/5.5.9-1ubuntu4.29
Content-Type:text/html
",a80e2b4e4ac753735ea07f78a77f3310387d9bd849e336ef6e183398452da978fe73d52897465de2e1f4fc984bce290d2ec035bc5796cc1e1278925c0292e9ce,200
http://web/calendar.php,GET,"Cookie:PHPSESSID=7ficmi53fn80h3alhbsb1d4pk3
Accept:text/html,application/xhtml+xml,application/xml;q=0.9,image/avif,image/webp,image/apng,*/*;q=0.8,application/signed-exchange;v=b3;q=0.9
User-Agent:Mozilla/5.0 (X11; Linux x86_64) AppleWebKit/537.36 (KHTML, like Gecko) Chrome/85.0.4183.102 Safari/537.36
Referer:http://web/
Upgrade-Insecure-Requests:1
",cf83e1357eefb8bdf1542850d66d8007d620e4050b5715dc83f4a921d36ce9ce47d0d13c5d85f2b0ff8318d2877eec2f63b931bd47417a81a538327af927da3e,"Keep-Alive:timeout=5, max=26
Server:Apache/2.4.7 (Ubuntu)
Connection:Keep-Alive
Pragma:no-cache
Date:Mon, 11 May 2026 20:44:15 GMT
Cache-Control:no-store, no-cache, must-revalidate, post-check=0, pre-check=0
Content-Encoding:gzip
Vary:Accept-Encoding
Expires:Thu, 19 Nov 1981 08:52:00 GMT
Content-Length:944
X-Powered-By:PHP/5.5.9-1ubuntu4.29
Content-Type:text/html
",03e7b9fdd12f7175351dab718dbb142eca9045a84abb8c1a1e81b0083dd2d91593ad185dc5bd51690b4a55ce19c45152d8f78f82c750e6230366afa0a0082bc4,200
http://web/guestbook.php,POST,"Origin:http://web
Cookie:PHPSESSID=7ficmi53fn80h3alhbsb1d4pk3
Accept:text/html,application/xhtml+xml,application/xml;q=0.9,image/avif,image/webp,image/apng,*/*;q=0.8,application/signed-exchange;v=b3;q=0.9
User-Agent:Mozilla/5.0 (X11; Linux x86_64) AppleWebKit/537.36 (KHTML, like Gecko) Chrome/85.0.4183.102 Safari/537.36
Referer:http://web/guestbook.php
Upgrade-Insecure-Requests:1
Content-Type:application/x-www-form-urlencoded
",1bcf8c21b1f5184534942ce15456a7ef25bfac5df95cc070d8676e3b2ea5f2af4eb466613563c00e0432fdb8a73a49f66b3e136d4fb832f3c3d59bf48004415e,"Keep-Alive:timeout=5, max=81
Server:Apache/2.4.7 (Ubuntu)
Connection:Keep-Alive
Pragma:no-cache
Date:Mon, 11 May 2026 20:41:07 GMT
Cache-Control:no-store, no-cache, must-revalidate, post-check=0, pre-check=0
Content-Encoding:gzip
Vary:Accept-Encoding
Expires:Thu, 19 Nov 1981 08:52:00 GMT
Content-Length:998
X-Powered-By:PHP/5.5.9-1ubuntu4.29
Content-Type:text/html
",9154a9150497b59754904c98ed85a368efa21af90c0e153f93752ada343723f31f03ad18e451eb5ba9926caba3cd2d4c740e27ab215ddf619792365b9ec93d40,200
http://web/calendar.php?date=1778705011,GET,"Cookie:PHPSESSID=7ficmi53fn80h3alhbsb1d4pk3
Accept:text/html,application/xhtml+xml,application/xml;q=0.9,image/avif,image/webp,image/apng,*/*;q=0.8,application/signed-exchange;v=b3;q=0.9
User-Agent:Mozilla/5.0 (X11; Linux x86_64) AppleWebKit/537.36 (KHTML, like Gecko) Chrome/85.0.4183.102 Safari/537.36
Referer:http://web/calendar.php?date=1778618611
Upgrade-Insecure-Requests:1
",cf83e1357eefb8bdf1542850d66d8007d620e4050b5715dc83f4a921d36ce9ce47d0d13c5d85f2b0ff8318d2877eec2f63b931bd47417a81a538327af927da3e,"Keep-Alive:timeout=5, max=87
Server:Apache/2.4.7 (Ubuntu)
Connection:Keep-Alive
Pragma:no-cache
Date:Mon, 11 May 2026 20:43:33 GMT
Cache-Control:no-store, no-cache, must-revalidate, post-check=0, pre-check=0
Content-Encoding:gzip
Vary:Accept-Encoding
Expires:Thu, 19 Nov 1981 08:52:00 GMT
Content-Length:945
X-Powered-By:PHP/5.5.9-1ubuntu4.29
Content-Type:text/html
",e0ffd72e6c0da96aa968bc1c85c11db5246660c68c93df2191757022cf78511bd99e5e0f89c7fde60990aa5208123af036910454cb32cc849610a303ac845ea2,200
http://web/,GET,"Cookie:PHPSESSID=7ficmi53fn80h3alhbsb1d4pk3
Accept:text/html,application/xhtml+xml,application/xml;q=0.9,image/avif,image/webp,image/apng,*/*;q=0.8,application/signed-exchange;v=b3;q=0.9
User-Agent:Mozilla/5.0 (X11; Linux x86_64) AppleWebKit/537.36 (KHTML, like Gecko) Chrome/85.0.4183.102 Safari/537.36
Referer:http://web/tos.php
Upgrade-Insecure-Requests:1
",cf83e1357eefb8bdf1542850d66d8007d620e4050b5715dc83f4a921d36ce9ce47d0d13c5d85f2b0ff8318d2877eec2f63b931bd47417a81a538327af927da3e,"Keep-Alive:timeout=5, max=69
Server:Apache/2.4.7 (Ubuntu)
Connection:Keep-Alive
Pragma:no-cache
Date:Mon, 11 May 2026 20:40:06 GMT
Cache-Control:no-store, no-cache, must-revalidate, post-check=0, pre-check=0
Content-Encoding:gzip
Vary:Accept-Encoding
Expires:Thu, 19 Nov 1981 08:52:00 GMT
Content-Length:1284
X-Powered-By:PHP/5.5.9-1ubuntu4.29
Content-Type:text/html
",5c4903a749c862298269c7e24e6b87ad8981f68e1248006e096e1b3468e5d733f5dc690a2a230da933a9bae7686a26ff9524b218e414dfeac50648876dd1bde8,200
http://web/,GET,"Cookie:PHPSESSID=7ficmi53fn80h3alhbsb1d4pk3
Accept:text/html,application/xhtml+xml,application/xml;q=0.9,image/avif,image/webp,image/apng,*/*;q=0.8,application/signed-exchange;v=b3;q=0.9
User-Agent:Mozilla/5.0 (X11; Linux x86_64) AppleWebKit/537.36 (KHTML, like Gecko) Chrome/85.0.4183.102 Safari/537.36
Upgrade-Insecure-Requests:1
",cf83e1357eefb8bdf1542850d66d8007d620e4050b5715dc83f4a921d36ce9ce47d0d13c5d85f2b0ff8318d2877eec2f63b931bd47417a81a538327af927da3e,"Keep-Alive:timeout=5, max=85
Server:Apache/2.4.7 (Ubuntu)
Connection:Keep-Alive
Pragma:no-cache
Date:Mon, 11 May 2026 20:43:34 GMT
Cache-Control:no-store, no-cache, must-revalidate, post-check=0, pre-check=0
Content-Encoding:gzip
Vary:Accept-Encoding
Expires:Thu, 19 Nov 1981 08:52:00 GMT
Content-Length:1284
X-Powered-By:PHP/5.5.9-1ubuntu4.29
Content-Type:text/html
",69920bc2deef080714839426a0577e9952d641f7fb4f82b78299a7aa0c771e5793f6080193fe627ad6cc9f9256bea7c8e61ad9ff31fe2f09d26e9c043d634276,200
http://web/upload/house/My_House.128_128.jpg,GET,"Cookie:PHPSESSID=7ficmi53fn80h3alhbsb1d4pk3
Accept:image/avif,image/webp,image/apng,image/*,*/*;q=0.8
User-Agent:Mozilla/5.0 (X11; Linux x86_64) AppleWebKit/537.36 (KHTML, like Gecko) Chrome/85.0.4183.102 Safari/537.36
Referer:http://web/pictures/recent.php
",cf83e1357eefb8bdf1542850d66d8007d620e4050b5715dc83f4a921d36ce9ce47d0d13c5d85f2b0ff8318d2877eec2f63b931bd47417a81a538327af927da3e,"Server:Apache/2.4.7 (Ubuntu)
Last-Modified:Thu, 02 Feb 2017 22:24:09 GMT
Date:Mon, 11 May 2026 20:39:39 GMT
Accept-Ranges:bytes
ETag:""359b-547939fb8b440""
Content-Length:13723
Content-Type:image/jpeg
",8c4f3e706b9e8b7f56594f846de689869eda70bf37f962ef75d26f1490ef415896dc9f7a3a8e5b263ccc541d9cd895f8851a47300c6d8ce6b7def2d21eb2bcde,200
http://web/users/sample.php?userid=1,GET,"Cookie:PHPSESSID=7ficmi53fn80h3alhbsb1d4pk3
Accept:text/html,application/xhtml+xml,application/xml;q=0.9,image/avif,image/webp,image/apng,*/*;q=0.8,application/signed-exchange;v=b3;q=0.9
User-Agent:Mozilla/5.0 (X11; Linux x86_64) AppleWebKit/537.36 (KHTML, like Gecko) Chrome/85.0.4183.102 Safari/537.36
Referer:http://web/
Upgrade-Insecure-Requests:1
",cf83e1357eefb8bdf1542850d66d8007d620e4050b5715dc83f4a921d36ce9ce47d0d13c5d85f2b0ff8318d2877eec2f63b931bd47417a81a538327af927da3e,"Keep-Alive:timeout=5, max=22
Server:Apache/2.4.7 (Ubuntu)
Connection:Keep-Alive
Pragma:no-cache
Date:Mon, 11 May 2026 20:41:53 GMT
Cache-Control:no-store, no-cache, must-revalidate, post-check=0, pre-check=0
Content-Encoding:gzip
Vary:Accept-Encoding
Expires:Thu, 19 Nov 1981 08:52:00 GMT
Content-Length:981
X-Powered-By:PHP/5.5.9-1ubuntu4.29
Content-Type:text/html
",fee5880d143f608c31006e0440b9e8033e745d422298143a62f7732d8b18835bcbe36cba079057d8c7b639d323f58c07ea1b724c8c66b995f5a9b298698ec55b,200
http://web/,GET,"Cookie:PHPSESSID=7ficmi53fn80h3alhbsb1d4pk3
Accept:text/html,application/xhtml+xml,application/xml;q=0.9,image/avif,image/webp,image/apng,*/*;q=0.8,application/signed-exchange;v=b3;q=0.9
User-Agent:Mozilla/5.0 (X11; Linux x86_64) AppleWebKit/537.36 (KHTML, like Gecko) Chrome/85.0.4183.102 Safari/537.36
Upgrade-Insecure-Requests:1
",cf83e1357eefb8bdf1542850d66d8007d620e4050b5715dc83f4a921d36ce9ce47d0d13c5d85f2b0ff8318d2877eec2f63b931bd47417a81a538327af927da3e,"Keep-Alive:timeout=5, max=26
Server:Apache/2.4.7 (Ubuntu)
Connection:Keep-Alive
Pragma:no-cache
Date:Mon, 11 May 2026 20:41:50 GMT
Cache-Control:no-store, no-cache, must-revalidate, post-check=0, pre-check=0
Content-Encoding:gzip
Vary:Accept-Encoding
Expires:Thu, 19 Nov 1981 08:52:00 GMT
Content-Length:1285
X-Powered-By:PHP/5.5.9-1ubuntu4.29
Content-Type:text/html
",06f8c8b5260940a7fd581c93880aa61c22eb6c59bfaa20962358cadbb981711b7a6d8dc8060c4c7f4053a57b4ef9170c0618529797b160003d1c25318b9962ce,200
http://web/calendar.php,GET,"Cookie:PHPSESSID=7ficmi53fn80h3alhbsb1d4pk3
Accept:text/html,application/xhtml+xml,application/xml;q=0.9,image/avif,image/webp,image/apng,*/*;q=0.8,application/signed-exchange;v=b3;q=0.9
User-Agent:Mozilla/5.0 (X11; Linux x86_64) AppleWebKit/537.36 (KHTML, like Gecko) Chrome/85.0.4183.102 Safari/537.36
Referer:http://web/
Upgrade-Insecure-Requests:1
",cf83e1357eefb8bdf1542850d66d8007d620e4050b5715dc83f4a921d36ce9ce47d0d13c5d85f2b0ff8318d2877eec2f63b931bd47417a81a538327af927da3e,"Keep-Alive:timeout=5, max=17
Server:Apache/2.4.7 (Ubuntu)
Connection:Keep-Alive
Pragma:no-cache
Date:Mon, 11 May 2026 20:43:12 GMT
Cache-Control:no-store, no-cache, must-revalidate, post-check=0, pre-check=0
Content-Encoding:gzip
Vary:Accept-Encoding
Expires:Thu, 19 Nov 1981 08:52:00 GMT
Content-Length:944
X-Powered-By:PHP/5.5.9-1ubuntu4.29
Content-Type:text/html
",c0b0a2385e50507a65bb3a9ed724257768370978b67c1bf3edae018e6b83b4a884b51643cf26f286fe6135c38100f60f18621965b881aa648554562811b4cc33,200
http://web/users/login.php,GET,"Cookie:PHPSESSID=7ficmi53fn80h3alhbsb1d4pk3
Accept:text/html,application/xhtml+xml,application/xml;q=0.9,image/avif,image/webp,image/apng,*/*;q=0.8,application/signed-exchange;v=b3;q=0.9
User-Agent:Mozilla/5.0 (X11; Linux x86_64) AppleWebKit/537.36 (KHTML, like Gecko) Chrome/85.0.4183.102 Safari/537.36
Referer:http://web/calendar.php?date=1778618573
Upgrade-Insecure-Requests:1
",cf83e1357eefb8bdf1542850d66d8007d620e4050b5715dc83f4a921d36ce9ce47d0d13c5d85f2b0ff8318d2877eec2f63b931bd47417a81a538327af927da3e,"Keep-Alive:timeout=5, max=41
Server:Apache/2.4.7 (Ubuntu)
Connection:Keep-Alive
Pragma:no-cache
Date:Mon, 11 May 2026 20:42:54 GMT
Cache-Control:no-store, no-cache, must-revalidate, post-check=0, pre-check=0
Content-Encoding:gzip
Vary:Accept-Encoding
Expires:Thu, 19 Nov 1981 08:52:00 GMT
Content-Length:976
X-Powered-By:PHP/5.5.9-1ubuntu4.29
Content-Type:text/html
",a93cb3ec027430fccaa9cd82873e0a7a0b2270e8f31163985caac02a7dd9b14f0899cea8b3e8ce71af7ea66a79088a1cbace0a934a149d0444512f0ba6566c85,200
http://web/users/home.php,GET,"Cookie:PHPSESSID=7ficmi53fn80h3alhbsb1d4pk3
Accept:text/html,application/xhtml+xml,application/xml;q=0.9,image/avif,image/webp,image/apng,*/*;q=0.8,application/signed-exchange;v=b3;q=0.9
User-Agent:Mozilla/5.0 (X11; Linux x86_64) AppleWebKit/537.36 (KHTML, like Gecko) Chrome/85.0.4183.102 Safari/537.36
Referer:http://web/users/login.php
Upgrade-Insecure-Requests:1
",cf83e1357eefb8bdf1542850d66d8007d620e4050b5715dc83f4a921d36ce9ce47d0d13c5d85f2b0ff8318d2877eec2f63b931bd47417a81a538327af927da3e,"Keep-Alive:timeout=5, max=90
Server:Apache/2.4.7 (Ubuntu)
Connection:Keep-Alive
Pragma:no-cache
Date:Mon, 11 May 2026 20:39:37 GMT
Cache-Control:no-store, no-cache, must-revalidate, post-check=0, pre-check=0
Expires:Thu, 19 Nov 1981 08:52:00 GMT
Content-Length:41
X-Powered-By:PHP/5.5.9-1ubuntu4.29
Location:/users/login.php
Content-Type:text/html
",cf83e1357eefb8bdf1542850d66d8007d620e4050b5715dc83f4a921d36ce9ce47d0d13c5d85f2b0ff8318d2877eec2f63b931bd47417a81a538327af927da3e,303
http://web/,GET,"Cookie:PHPSESSID=7ficmi53fn80h3alhbsb1d4pk3
Accept:text/html,application/xhtml+xml,application/xml;q=0.9,image/avif,image/webp,image/apng,*/*;q=0.8,application/signed-exchange;v=b3;q=0.9
User-Agent:Mozilla/5.0 (X11; Linux x86_64) AppleWebKit/537.36 (KHTML, like Gecko) Chrome/85.0.4183.102 Safari/537.36
Upgrade-Insecure-Requests:1
",cf83e1357eefb8bdf1542850d66d8007d620e4050b5715dc83f4a921d36ce9ce47d0d13c5d85f2b0ff8318d2877eec2f63b931bd47417a81a538327af927da3e,"Keep-Alive:timeout=5, max=27
Server:Apache/2.4.7 (Ubuntu)
Connection:Keep-Alive
Pragma:no-cache
Date:Mon, 11 May 2026 20:44:14 GMT
Cache-Control:no-store, no-cache, must-revalidate, post-check=0, pre-check=0
Content-Encoding:gzip
Vary:Accept-Encoding
Expires:Thu, 19 Nov 1981 08:52:00 GMT
Content-Length:1282
X-Powered-By:PHP/5.5.9-1ubuntu4.29
Content-Type:text/html
",450edad1ed596eef04dbebce0998d8533950354cfa199f8b37252117aeb4e9efd53907f21889946e47e24d9d99c1e5783b8be34938356cf9efe7262467719dfd,200
http://web/,GET,"Cookie:PHPSESSID=7ficmi53fn80h3alhbsb1d4pk3
Accept:text/html,application/xhtml+xml,application/xml;q=0.9,image/avif,image/webp,image/apng,*/*;q=0.8,application/signed-exchange;v=b3;q=0.9
User-Agent:Mozilla/5.0 (X11; Linux x86_64) AppleWebKit/537.36 (KHTML, like Gecko) Chrome/85.0.4183.102 Safari/537.36
Referer:http://web/users/login.php
Upgrade-Insecure-Requests:1
",cf83e1357eefb8bdf1542850d66d8007d620e4050b5715dc83f4a921d36ce9ce47d0d13c5d85f2b0ff8318d2877eec2f63b931bd47417a81a538327af927da3e,"Keep-Alive:timeout=5, max=85
Server:Apache/2.4.7 (Ubuntu)
Connection:Keep-Alive
Pragma:no-cache
Date:Mon, 11 May 2026 20:39:51 GMT
Cache-Control:no-store, no-cache, must-revalidate, post-check=0, pre-check=0
Content-Encoding:gzip
Vary:Accept-Encoding
Expires:Thu, 19 Nov 1981 08:52:00 GMT
Content-Length:1284
X-Powered-By:PHP/5.5.9-1ubuntu4.29
Content-Type:text/html
",4e2829e903e8c4c5c812f57a7d19a17b2302634f411523aa430c71b7a0d1d6fa998948d696dd664324eafe1055ff7d5b5c77d242b968817a5f16fff03e1a1e31,200
http://web/pictures/view.php?picid=10,GET,"Cookie:PHPSESSID=7ficmi53fn80h3alhbsb1d4pk3
Accept:text/html,application/xhtml+xml,application/xml;q=0.9,image/avif,image/webp,image/apng,*/*;q=0.8,application/signed-exchange;v=b3;q=0.9
User-Agent:Mozilla/5.0 (X11; Linux x86_64) AppleWebKit/537.36 (KHTML, like Gecko) Chrome/85.0.4183.102 Safari/537.36
Referer:http://web/pictures/recent.php
Upgrade-Insecure-Requests:1
",cf83e1357eefb8bdf1542850d66d8007d620e4050b5715dc83f4a921d36ce9ce47d0d13c5d85f2b0ff8318d2877eec2f63b931bd47417a81a538327af927da3e,"Keep-Alive:timeout=5, max=24
Server:Apache/2.4.7 (Ubuntu)
Connection:Keep-Alive
Pragma:no-cache
Date:Mon, 11 May 2026 20:40:35 GMT
Cache-Control:no-store, no-cache, must-revalidate, post-check=0, pre-check=0
Expires:Thu, 19 Nov 1981 08:52:00 GMT
Content-Length:41
X-Powered-By:PHP/5.5.9-1ubuntu4.29
Location:/users/login.php
Content-Type:text/html
",cf83e1357eefb8bdf1542850d66d8007d620e4050b5715dc83f4a921d36ce9ce47d0d13c5d85f2b0ff8318d2877eec2f63b931bd47417a81a538327af927da3e,303
http://web/admin/index.php?page=login,GET,"Cookie:PHPSESSID=7ficmi53fn80h3alhbsb1d4pk3
Accept:text/html,application/xhtml+xml,application/xml;q=0.9,image/avif,image/webp,image/apng,*/*;q=0.8,application/signed-exchange;v=b3;q=0.9
User-Agent:Mozilla/5.0 (X11; Linux x86_64) AppleWebKit/537.36 (KHTML, like Gecko) Chrome/85.0.4183.102 Safari/537.36
Referer:http://web/tos.php
Upgrade-Insecure-Requests:1
",cf83e1357eefb8bdf1542850d66d8007d620e4050b5715dc83f4a921d36ce9ce47d0d13c5d85f2b0ff8318d2877eec2f63b931bd47417a81a538327af927da3e,"Keep-Alive:timeout=5, max=87
Server:Apache/2.4.7 (Ubuntu)
Connection:Keep-Alive
Pragma:no-cache
Date:Mon, 11 May 2026 20:42:20 GMT
Cache-Control:no-store, no-cache, must-revalidate, post-check=0, pre-check=0
Content-Encoding:gzip
Vary:Accept-Encoding
Expires:Thu, 19 Nov 1981 08:52:00 GMT
Content-Length:216
X-Powered-By:PHP/5.5.9-1ubuntu4.29
Content-Type:text/html
",1128e65b960c6d2027d33b48ca661d62db7a78c09d51792cb4cf4473e288df8f834da1b78ba383744b0d7217e3611d4d16b7be71452353fbfef9bce8a2130e6d,200
http://web/,GET,"Cookie:PHPSESSID=7ficmi53fn80h3alhbsb1d4pk3
Accept:text/html,application/xhtml+xml,application/xml;q=0.9,image/avif,image/webp,image/apng,*/*;q=0.8,application/signed-exchange;v=b3;q=0.9
User-Agent:Mozilla/5.0 (X11; Linux x86_64) AppleWebKit/537.36 (KHTML, like Gecko) Chrome/85.0.4183.102 Safari/537.36
Upgrade-Insecure-Requests:1
",cf83e1357eefb8bdf1542850d66d8007d620e4050b5715dc83f4a921d36ce9ce47d0d13c5d85f2b0ff8318d2877eec2f63b931bd47417a81a538327af927da3e,"Keep-Alive:timeout=5, max=14
Server:Apache/2.4.7 (Ubuntu)
Connection:Keep-Alive
Pragma:no-cache
Date:Mon, 11 May 2026 20:43:14 GMT
Cache-Control:no-store, no-cache, must-revalidate, post-check=0, pre-check=0
Content-Encoding:gzip
Vary:Accept-Encoding
Expires:Thu, 19 Nov 1981 08:52:00 GMT
Content-Length:1284
X-Powered-By:PHP/5.5.9-1ubuntu4.29
Content-Type:text/html
",f807ee397bcaca2d63cd1c193c782c0b48ecf89d7db660edc83907cf5ed4f178db9cec3be33e085d8d61283d8248b98b5412cac2117ec6fbb5617380e047d315,200
http://web/users/login.php,GET,"Cookie:PHPSESSID=7ficmi53fn80h3alhbsb1d4pk3
Accept:text/html,application/xhtml+xml,application/xml;q=0.9,image/avif,image/webp,image/apng,*/*;q=0.8,application/signed-exchange;v=b3;q=0.9
User-Agent:Mozilla/5.0 (X11; Linux x86_64) AppleWebKit/537.36 (KHTML, like Gecko) Chrome/85.0.4183.102 Safari/537.36
Referer:http://web/calendar.php
Upgrade-Insecure-Requests:1
",cf83e1357eefb8bdf1542850d66d8007d620e4050b5715dc83f4a921d36ce9ce47d0d13c5d85f2b0ff8318d2877eec2f63b931bd47417a81a538327af927da3e,"Keep-Alive:timeout=5, max=16
Server:Apache/2.4.7 (Ubuntu)
Connection:Keep-Alive
Pragma:no-cache
Date:Mon, 11 May 2026 20:41:57 GMT
Cache-Control:no-store, no-cache, must-revalidate, post-check=0, pre-check=0
Content-Encoding:gzip
Vary:Accept-Encoding
Expires:Thu, 19 Nov 1981 08:52:00 GMT
Content-Length:977
X-Powered-By:PHP/5.5.9-1ubuntu4.29
Content-Type:text/html
",db2a67dba2abf10f06de3cc6ea26502071f9daf2d0617dd84c95d1f80247f8889d808961da041586d7502e91dd46f47d77f9edd25e1669dac528cab7337d5eb2,200
http://web/,GET,"Cookie:PHPSESSID=7ficmi53fn80h3alhbsb1d4pk3
Accept:text/html,application/xhtml+xml,application/xml;q=0.9,image/avif,image/webp,image/apng,*/*;q=0.8,application/signed-exchange;v=b3;q=0.9
User-Agent:Mozilla/5.0 (X11; Linux x86_64) AppleWebKit/537.36 (KHTML, like Gecko) Chrome/85.0.4183.102 Safari/537.36
Referer:http://web/calendar.php?date=1778791419
Upgrade-Insecure-Requests:1
",cf83e1357eefb8bdf1542850d66d8007d620e4050b5715dc83f4a921d36ce9ce47d0d13c5d85f2b0ff8318d2877eec2f63b931bd47417a81a538327af927da3e,"Keep-Alive:timeout=5, max=75
Server:Apache/2.4.7 (Ubuntu)
Connection:Keep-Alive
Pragma:no-cache
Date:Mon, 11 May 2026 20:43:41 GMT
Cache-Control:no-store, no-cache, must-revalidate, post-check=0, pre-check=0
Content-Encoding:gzip
Vary:Accept-Encoding
Expires:Thu, 19 Nov 1981 08:52:00 GMT
Content-Length:1283
X-Powered-By:PHP/5.5.9-1ubuntu4.29
Content-Type:text/html
",244e1959d382681de05bc26ddcb0aae093ac764f44f8ff1679859939abd9988eb0f5891b4dca460da1a46741a06f0253df7071da98c8126a7ba0b021d1efdf2a,200
http://web/pictures/recent.php,GET,"Cookie:PHPSESSID=7ficmi53fn80h3alhbsb1d4pk3
Accept:text/html,application/xhtml+xml,application/xml;q=0.9,image/avif,image/webp,image/apng,*/*;q=0.8,application/signed-exchange;v=b3;q=0.9
User-Agent:Mozilla/5.0 (X11; Linux x86_64) AppleWebKit/537.36 (KHTML, like Gecko) Chrome/85.0.4183.102 Safari/537.36
Referer:http://web/
Upgrade-Insecure-Requests:1
",cf83e1357eefb8bdf1542850d66d8007d620e4050b5715dc83f4a921d36ce9ce47d0d13c5d85f2b0ff8318d2877eec2f63b931bd47417a81a538327af927da3e,"Keep-Alive:timeout=5, max=3
Server:Apache/2.4.7 (Ubuntu)
Connection:Keep-Alive
Pragma:no-cache
Date:Mon, 11 May 2026 20:40:49 GMT
Cache-Control:no-store, no-cache, must-revalidate, post-check=0, pre-check=0
Content-Encoding:gzip
Vary:Accept-Encoding
Expires:Thu, 19 Nov 1981 08:52:00 GMT
Content-Length:1087
X-Powered-By:PHP/5.5.9-1ubuntu4.29
Content-Type:text/html
",b9e80d405cc293784fba26f4204c27fa8b9db1e8e78495a3dd69663ced9c7526642360e6ff86c3bd18aa7c82a2ef30366c44ffd8799ef0c16de9868205a7c8d6,200
http://web/upload/toga/togas.128_128.jpg,GET,"Cookie:PHPSESSID=7ficmi53fn80h3alhbsb1d4pk3
Accept:image/avif,image/webp,image/apng,image/*,*/*;q=0.8
User-Agent:Mozilla/5.0 (X11; Linux x86_64) AppleWebKit/537.36 (KHTML, like Gecko) Chrome/85.0.4183.102 Safari/537.36
Referer:http://web/pictures/recent.php
",cf83e1357eefb8bdf1542850d66d8007d620e4050b5715dc83f4a921d36ce9ce47d0d13c5d85f2b0ff8318d2877eec2f63b931bd47417a81a538327af927da3e,"Keep-Alive:timeout=5, max=99
Server:Apache/2.4.7 (Ubuntu)
Connection:Keep-Alive
Last-Modified:Thu, 02 Feb 2017 22:24:09 GMT
Date:Mon, 11 May 2026 20:39:39 GMT
Accept-Ranges:bytes
ETag:""3ead-547939fb8b440""
Content-Length:16045
Content-Type:image/jpeg
",705372a26505ff43e9523cc12732de0b4ac071ab4c1ae439d67b834552468f58efbfc0a701ef3e00c2c1986f08c806b867152e9aa8ef769f3c270341d30775d9,200
http://web/admin/index.php?page=login,GET,"Cookie:PHPSESSID=7ficmi53fn80h3alhbsb1d4pk3
Accept:text/html,application/xhtml+xml,application/xml;q=0.9,image/avif,image/webp,image/apng,*/*;q=0.8,application/signed-exchange;v=b3;q=0.9
User-Agent:Mozilla/5.0 (X11; Linux x86_64) AppleWebKit/537.36 (KHTML, like Gecko) Chrome/85.0.4183.102 Safari/537.36
Referer:http://web/users/sample.php?userid=1
Upgrade-Insecure-Requests:1
",cf83e1357eefb8bdf1542850d66d8007d620e4050b5715dc83f4a921d36ce9ce47d0d13c5d85f2b0ff8318d2877eec2f63b931bd47417a81a538327af927da3e,"Keep-Alive:timeout=5, max=24
Server:Apache/2.4.7 (Ubuntu)
Connection:Keep-Alive
Pragma:no-cache
Date:Mon, 11 May 2026 20:41:52 GMT
Cache-Control:no-store, no-cache, must-revalidate, post-check=0, pre-check=0
Content-Encoding:gzip
Vary:Accept-Encoding
Expires:Thu, 19 Nov 1981 08:52:00 GMT
Content-Length:216
X-Powered-By:PHP/5.5.9-1ubuntu4.29
Content-Type:text/html
",95b34cb9b5032dd4f9d710232e7dadaadc28ab9e6e089fdff44a4175e915f03b8654cf645f1650b541c5b8a2f387c277e57b583e5b60403797590a8fd8ce8608,200
http://web/,GET,"Cookie:PHPSESSID=7ficmi53fn80h3alhbsb1d4pk3
Accept:text/html,application/xhtml+xml,application/xml;q=0.9,image/avif,image/webp,image/apng,*/*;q=0.8,application/signed-exchange;v=b3;q=0.9
User-Agent:Mozilla/5.0 (X11; Linux x86_64) AppleWebKit/537.36 (KHTML, like Gecko) Chrome/85.0.4183.102 Safari/537.36
Upgrade-Insecure-Requests:1
",cf83e1357eefb8bdf1542850d66d8007d620e4050b5715dc83f4a921d36ce9ce47d0d13c5d85f2b0ff8318d2877eec2f63b931bd47417a81a538327af927da3e,"Keep-Alive:timeout=5, max=18
Server:Apache/2.4.7 (Ubuntu)
Connection:Keep-Alive
Pragma:no-cache
Date:Mon, 11 May 2026 20:43:11 GMT
Cache-Control:no-store, no-cache, must-revalidate, post-check=0, pre-check=0
Content-Encoding:gzip
Vary:Accept-Encoding
Expires:Thu, 19 Nov 1981 08:52:00 GMT
Content-Length:1283
X-Powered-By:PHP/5.5.9-1ubuntu4.29
Content-Type:text/html
",48f7b20d1ce80263699230287ed1ed1fa5b063d99307b84a15e499b70c4020306bd2fec6e7a67178f64c061c77cd70823b143e3ff3efb7d8d885450edf4ba18f,200
http://web/calendar.php?date=1778618655,GET,"Cookie:PHPSESSID=7ficmi53fn80h3alhbsb1d4pk3
Accept:text/html,application/xhtml+xml,application/xml;q=0.9,image/avif,image/webp,image/apng,*/*;q=0.8,application/signed-exchange;v=b3;q=0.9
User-Agent:Mozilla/5.0 (X11; Linux x86_64) AppleWebKit/537.36 (KHTML, like Gecko) Chrome/85.0.4183.102 Safari/537.36
Referer:http://web/calendar.php
Upgrade-Insecure-Requests:1
",cf83e1357eefb8bdf1542850d66d8007d620e4050b5715dc83f4a921d36ce9ce47d0d13c5d85f2b0ff8318d2877eec2f63b931bd47417a81a538327af927da3e,"Keep-Alive:timeout=5, max=25
Server:Apache/2.4.7 (Ubuntu)
Connection:Keep-Alive
Pragma:no-cache
Date:Mon, 11 May 2026 20:44:16 GMT
Cache-Control:no-store, no-cache, must-revalidate, post-check=0, pre-check=0
Content-Encoding:gzip
Vary:Accept-Encoding
Expires:Thu, 19 Nov 1981 08:52:00 GMT
Content-Length:944
X-Powered-By:PHP/5.5.9-1ubuntu4.29
Content-Type:text/html
",45270dd2be8473de96de9ac44df9d8927fb0865eae38203a7d136f42e38ec2362b42519baeb32c9993bbee3280f6b0cf68c59a1a1194f8c560a6914f12a07e67,200
http://web/upload/flowers/flweofoee.128_128.jpg,GET,"Cookie:PHPSESSID=7ficmi53fn80h3alhbsb1d4pk3
Accept:image/avif,image/webp,image/apng,image/*,*/*;q=0.8
User-Agent:Mozilla/5.0 (X11; Linux x86_64) AppleWebKit/537.36 (KHTML, like Gecko) Chrome/85.0.4183.102 Safari/537.36
Referer:http://web/pictures/recent.php
",cf83e1357eefb8bdf1542850d66d8007d620e4050b5715dc83f4a921d36ce9ce47d0d13c5d85f2b0ff8318d2877eec2f63b931bd47417a81a538327af927da3e,"Server:Apache/2.4.7 (Ubuntu)
Last-Modified:Thu, 02 Feb 2017 22:24:09 GMT
Date:Mon, 11 May 2026 20:39:39 GMT
Accept-Ranges:bytes
ETag:""3c1d-547939fb8b440""
Content-Length:15389
Content-Type:image/jpeg
",7e129e0bbb863976449db3222dba9d0d4f5eec34568417e96ab615e4f7981ee1790944f510629e1b701ae68b35b272656ced86d6fea3a727adec1063e078f609,200
http://web/users/home.php,GET,"Cookie:PHPSESSID=7ficmi53fn80h3alhbsb1d4pk3
Accept:text/html,application/xhtml+xml,application/xml;q=0.9,image/avif,image/webp,image/apng,*/*;q=0.8,application/signed-exchange;v=b3;q=0.9
User-Agent:Mozilla/5.0 (X11; Linux x86_64) AppleWebKit/537.36 (KHTML, like Gecko) Chrome/85.0.4183.102 Safari/537.36
Referer:http://web/users/register.php
Upgrade-Insecure-Requests:1
",cf83e1357eefb8bdf1542850d66d8007d620e4050b5715dc83f4a921d36ce9ce47d0d13c5d85f2b0ff8318d2877eec2f63b931bd47417a81a538327af927da3e,"Keep-Alive:timeout=5, max=83
Server:Apache/2.4.7 (Ubuntu)
Connection:Keep-Alive
Pragma:no-cache
Date:Mon, 11 May 2026 20:39:54 GMT
Cache-Control:no-store, no-cache, must-revalidate, post-check=0, pre-check=0
Expires:Thu, 19 Nov 1981 08:52:00 GMT
Content-Length:41
X-Powered-By:PHP/5.5.9-1ubuntu4.29
Location:/users/login.php
Content-Type:text/html
",cf83e1357eefb8bdf1542850d66d8007d620e4050b5715dc83f4a921d36ce9ce47d0d13c5d85f2b0ff8318d2877eec2f63b931bd47417a81a538327af927da3e,303
http://web/users/login.php,GET,"Cookie:PHPSESSID=7ficmi53fn80h3alhbsb1d4pk3
Accept:text/html,application/xhtml+xml,application/xml;q=0.9,image/avif,image/webp,image/apng,*/*;q=0.8,application/signed-exchange;v=b3;q=0.9
User-Agent:Mozilla/5.0 (X11; Linux x86_64) AppleWebKit/537.36 (KHTML, like Gecko) Chrome/85.0.4183.102 Safari/537.36
Referer:http://web/pictures/recent.php
Upgrade-Insecure-Requests:1
",cf83e1357eefb8bdf1542850d66d8007d620e4050b5715dc83f4a921d36ce9ce47d0d13c5d85f2b0ff8318d2877eec2f63b931bd47417a81a538327af927da3e,"Keep-Alive:timeout=5, max=35
Server:Apache/2.4.7 (Ubuntu)
Connection:Keep-Alive
Pragma:no-cache
Date:Mon, 11 May 2026 20:40:28 GMT
Cache-Control:no-store, no-cache, must-revalidate, post-check=0, pre-check=0
Content-Encoding:gzip
Vary:Accept-Encoding
Expires:Thu, 19 Nov 1981 08:52:00 GMT
Content-Length:976
X-Powered-By:PHP/5.5.9-1ubuntu4.29
Content-Type:text/html
",e8696acd937f33043a731015144c8159dcdd46f1efc54d7f39cdc74766141d8392cec405ea1f2d110a478b8a4101ebe6e1b3a151cb17468ed0190a02d84eadc2,200
http://web/calendar.php?date=1778791434,GET,"Cookie:PHPSESSID=7ficmi53fn80h3alhbsb1d4pk3
Accept:text/html,application/xhtml+xml,application/xml;q=0.9,image/avif,image/webp,image/apng,*/*;q=0.8,application/signed-exchange;v=b3;q=0.9
User-Agent:Mozilla/5.0 (X11; Linux x86_64) AppleWebKit/537.36 (KHTML, like Gecko) Chrome/85.0.4183.102 Safari/537.36
Referer:http://web/calendar.php?date=1778705034
Upgrade-Insecure-Requests:1
",cf83e1357eefb8bdf1542850d66d8007d620e4050b5715dc83f4a921d36ce9ce47d0d13c5d85f2b0ff8318d2877eec2f63b931bd47417a81a538327af927da3e,"Keep-Alive:timeout=5, max=55
Server:Apache/2.4.7 (Ubuntu)
Connection:Keep-Alive
Pragma:no-cache
Date:Mon, 11 May 2026 20:43:56 GMT
Cache-Control:no-store, no-cache, must-revalidate, post-check=0, pre-check=0
Content-Encoding:gzip
Vary:Accept-Encoding
Expires:Thu, 19 Nov 1981 08:52:00 GMT
Content-Length:944
X-Powered-By:PHP/5.5.9-1ubuntu4.29
Content-Type:text/html
",724150ccfe39e411950dccf039bfb52bc516a6e92e079ab1c5bd78eddf945c6984911e4d4e73a1ac7e8c4692516b1183f9b78f7d424377464efbe93ecc9ea037,200
http://web/,GET,"Cookie:PHPSESSID=7ficmi53fn80h3alhbsb1d4pk3
Accept:text/html,application/xhtml+xml,application/xml;q=0.9,image/avif,image/webp,image/apng,*/*;q=0.8,application/signed-exchange;v=b3;q=0.9
User-Agent:Mozilla/5.0 (X11; Linux x86_64) AppleWebKit/537.36 (KHTML, like Gecko) Chrome/85.0.4183.102 Safari/537.36
Upgrade-Insecure-Requests:1
",cf83e1357eefb8bdf1542850d66d8007d620e4050b5715dc83f4a921d36ce9ce47d0d13c5d85f2b0ff8318d2877eec2f63b931bd47417a81a538327af927da3e,"Keep-Alive:timeout=5, max=55
Server:Apache/2.4.7 (Ubuntu)
Connection:Keep-Alive
Pragma:no-cache
Date:Mon, 11 May 2026 20:40:15 GMT
Cache-Control:no-store, no-cache, must-revalidate, post-check=0, pre-check=0
Content-Encoding:gzip
Vary:Accept-Encoding
Expires:Thu, 19 Nov 1981 08:52:00 GMT
Content-Length:1283
X-Powered-By:PHP/5.5.9-1ubuntu4.29
Content-Type:text/html
",d5bd6e71cf5fa260ecccebf4098b41b338ee93f56e4ef6dcf4dadee594d961e75910f7f06bb6dc55908cc6a8251718a2edaa19e011ef1e7731f7de0ebbfcdc72,200
http://web/guestbook.php,GET,"Cookie:PHPSESSID=7ficmi53fn80h3alhbsb1d4pk3
Accept:text/html,application/xhtml+xml,application/xml;q=0.9,image/avif,image/webp,image/apng,*/*;q=0.8,application/signed-exchange;v=b3;q=0.9
User-Agent:Mozilla/5.0 (X11; Linux x86_64) AppleWebKit/537.36 (KHTML, like Gecko) Chrome/85.0.4183.102 Safari/537.36
Referer:http://web/calendar.php?date=1778618582
Upgrade-Insecure-Requests:1
",cf83e1357eefb8bdf1542850d66d8007d620e4050b5715dc83f4a921d36ce9ce47d0d13c5d85f2b0ff8318d2877eec2f63b931bd47417a81a538327af927da3e,"Keep-Alive:timeout=5, max=28
Server:Apache/2.4.7 (Ubuntu)
Connection:Keep-Alive
Pragma:no-cache
Date:Mon, 11 May 2026 20:43:03 GMT
Cache-Control:no-store, no-cache, must-revalidate, post-check=0, pre-check=0
Content-Encoding:gzip
Vary:Accept-Encoding
Expires:Thu, 19 Nov 1981 08:52:00 GMT
Content-Length:999
X-Powered-By:PHP/5.5.9-1ubuntu4.29
Content-Type:text/html
",bbfed5de031ca012684617246cd3cd42e892cd7b2c16c51c6046c30beb6e61bac195a6d948ff54df39bcbfe3dd9189b84890c8eae4f1b559b061c1804774e026,200
http://web/users/login.php,GET,"Cookie:PHPSESSID=7ficmi53fn80h3alhbsb1d4pk3
Accept:text/html,application/xhtml+xml,application/xml;q=0.9,image/avif,image/webp,image/apng,*/*;q=0.8,application/signed-exchange;v=b3;q=0.9
User-Agent:Mozilla/5.0 (X11; Linux x86_64) AppleWebKit/537.36 (KHTML, like Gecko) Chrome/85.0.4183.102 Safari/537.36
Referer:http://web/pictures/recent.php
Upgrade-Insecure-Requests:1
",cf83e1357eefb8bdf1542850d66d8007d620e4050b5715dc83f4a921d36ce9ce47d0d13c5d85f2b0ff8318d2877eec2f63b931bd47417a81a538327af927da3e,"Keep-Alive:timeout=5, max=95
Server:Apache/2.4.7 (Ubuntu)
Connection:Keep-Alive
Pragma:no-cache
Date:Mon, 11 May 2026 20:39:42 GMT
Cache-Control:no-store, no-cache, must-revalidate, post-check=0, pre-check=0
Content-Encoding:gzip
Vary:Accept-Encoding
Expires:Thu, 19 Nov 1981 08:52:00 GMT
Content-Length:977
X-Powered-By:PHP/5.5.9-1ubuntu4.29
Content-Type:text/html
",8e4428c13949a4f42faadee6086bfede652d0a5cf9bd10e76e2204160499fd1b674edc27b5878bd6cc2d579478c5a2605bd627bc090e3200f1177ca886284dfd,200
http://web/,GET,"Cookie:PHPSESSID=7ficmi53fn80h3alhbsb1d4pk3
Accept:text/html,application/xhtml+xml,application/xml;q=0.9,image/avif,image/webp,image/apng,*/*;q=0.8,application/signed-exchange;v=b3;q=0.9
User-Agent:Mozilla/5.0 (X11; Linux x86_64) AppleWebKit/537.36 (KHTML, like Gecko) Chrome/85.0.4183.102 Safari/537.36
Referer:http://web/guestbook.php
Upgrade-Insecure-Requests:1
",cf83e1357eefb8bdf1542850d66d8007d620e4050b5715dc83f4a921d36ce9ce47d0d13c5d85f2b0ff8318d2877eec2f63b931bd47417a81a538327af927da3e,"Keep-Alive:timeout=5, max=91
Server:Apache/2.4.7 (Ubuntu)
Connection:Keep-Alive
Pragma:no-cache
Date:Mon, 11 May 2026 20:40:59 GMT
Cache-Control:no-store, no-cache, must-revalidate, post-check=0, pre-check=0
Content-Encoding:gzip
Vary:Accept-Encoding
Expires:Thu, 19 Nov 1981 08:52:00 GMT
Content-Length:1283
X-Powered-By:PHP/5.5.9-1ubuntu4.29
Content-Type:text/html
",caab9e4b6ee657b64a8e9b4851a5367d81df9285134c6a25959b4a0e9a8d424b21f3b931635305584cb58be12bebf43e79018cae53382e18204894457b3487ea,200
http://web/admin/index.php?page=login,GET,"Cookie:PHPSESSID=7ficmi53fn80h3alhbsb1d4pk3
Accept:text/html,application/xhtml+xml,application/xml;q=0.9,image/avif,image/webp,image/apng,*/*;q=0.8,application/signed-exchange;v=b3;q=0.9
User-Agent:Mozilla/5.0 (X11; Linux x86_64) AppleWebKit/537.36 (KHTML, like Gecko) Chrome/85.0.4183.102 Safari/537.36
Referer:http://web/users/login.php
Upgrade-Insecure-Requests:1
",cf83e1357eefb8bdf1542850d66d8007d620e4050b5715dc83f4a921d36ce9ce47d0d13c5d85f2b0ff8318d2877eec2f63b931bd47417a81a538327af927da3e,"Keep-Alive:timeout=5, max=81
Server:Apache/2.4.7 (Ubuntu)
Connection:Keep-Alive
Pragma:no-cache
Date:Mon, 11 May 2026 20:39:55 GMT
Cache-Control:no-store, no-cache, must-revalidate, post-check=0, pre-check=0
Content-Encoding:gzip
Vary:Accept-Encoding
Expires:Thu, 19 Nov 1981 08:52:00 GMT
Content-Length:216
X-Powered-By:PHP/5.5.9-1ubuntu4.29
Content-Type:text/html
",654fec31b4d25e4dced10c7d2c5af6047aadcb9d3ccc6bdcf18b68cc38a76470ee53bdca4c221ad2cbb6a291487307b398c730e00f4941c4feb4bdcaadbc48cd,200
http://web/users/login.php,GET,"Cookie:PHPSESSID=7ficmi53fn80h3alhbsb1d4pk3
Accept:text/html,application/xhtml+xml,application/xml;q=0.9,image/avif,image/webp,image/apng,*/*;q=0.8,application/signed-exchange;v=b3;q=0.9
User-Agent:Mozilla/5.0 (X11; Linux x86_64) AppleWebKit/537.36 (KHTML, like Gecko) Chrome/85.0.4183.102 Safari/537.36
Referer:http://web/pictures/recent.php
Upgrade-Insecure-Requests:1
",cf83e1357eefb8bdf1542850d66d8007d620e4050b5715dc83f4a921d36ce9ce47d0d13c5d85f2b0ff8318d2877eec2f63b931bd47417a81a538327af927da3e,"Keep-Alive:timeout=5, max=15
Server:Apache/2.4.7 (Ubuntu)
Connection:Keep-Alive
Pragma:no-cache
Date:Mon, 11 May 2026 20:40:40 GMT
Cache-Control:no-store, no-cache, must-revalidate, post-check=0, pre-check=0
Content-Encoding:gzip
Vary:Accept-Encoding
Expires:Thu, 19 Nov 1981 08:52:00 GMT
Content-Length:976
X-Powered-By:PHP/5.5.9-1ubuntu4.29
Content-Type:text/html
",50dc0fa58df5c16d95a2f0a99af196178cf457f5bd413d668c52f1ab3a693f12ed06551e614d072d456b03c71bc3fa967da7b3af0f8b283c7ebd1eed39912bb1,200
http://web/users/home.php,GET,"Cookie:PHPSESSID=7ficmi53fn80h3alhbsb1d4pk3
Accept:text/html,application/xhtml+xml,application/xml;q=0.9,image/avif,image/webp,image/apng,*/*;q=0.8,application/signed-exchange;v=b3;q=0.9
User-Agent:Mozilla/5.0 (X11; Linux x86_64) AppleWebKit/537.36 (KHTML, like Gecko) Chrome/85.0.4183.102 Safari/537.36
Referer:http://web/users/sample.php?userid=1
Upgrade-Insecure-Requests:1
",cf83e1357eefb8bdf1542850d66d8007d620e4050b5715dc83f4a921d36ce9ce47d0d13c5d85f2b0ff8318d2877eec2f63b931bd47417a81a538327af927da3e,"Keep-Alive:timeout=5, max=48
Server:Apache/2.4.7 (Ubuntu)
Connection:Keep-Alive
Pragma:no-cache
Date:Mon, 11 May 2026 20:41:35 GMT
Cache-Control:no-store, no-cache, must-revalidate, post-check=0, pre-check=0
Expires:Thu, 19 Nov 1981 08:52:00 GMT
Content-Length:41
X-Powered-By:PHP/5.5.9-1ubuntu4.29
Location:/users/login.php
Content-Type:text/html
",cf83e1357eefb8bdf1542850d66d8007d620e4050b5715dc83f4a921d36ce9ce47d0d13c5d85f2b0ff8318d2877eec2f63b931bd47417a81a538327af927da3e,303
http://web/admin/index.php?page=login,GET,"Cookie:PHPSESSID=7ficmi53fn80h3alhbsb1d4pk3
Accept:text/html,application/xhtml+xml,application/xml;q=0.9,image/avif,image/webp,image/apng,*/*;q=0.8,application/signed-exchange;v=b3;q=0.9
User-Agent:Mozilla/5.0 (X11; Linux x86_64) AppleWebKit/537.36 (KHTML, like Gecko) Chrome/85.0.4183.102 Safari/537.36
Referer:http://web/guestbook.php
Upgrade-Insecure-Requests:1
",cf83e1357eefb8bdf1542850d66d8007d620e4050b5715dc83f4a921d36ce9ce47d0d13c5d85f2b0ff8318d2877eec2f63b931bd47417a81a538327af927da3e,"Keep-Alive:timeout=5, max=88
Server:Apache/2.4.7 (Ubuntu)
Connection:Keep-Alive
Pragma:no-cache
Date:Mon, 11 May 2026 20:41:02 GMT
Cache-Control:no-store, no-cache, must-revalidate, post-check=0, pre-check=0
Content-Encoding:gzip
Vary:Accept-Encoding
Expires:Thu, 19 Nov 1981 08:52:00 GMT
Content-Length:215
X-Powered-By:PHP/5.5.9-1ubuntu4.29
Content-Type:text/html
",c9fac788ce0e5db47110361bc0ca985506b79bfa110deb2e13e6ea9daeddc4f6ac05f508ffdfe8c8be8cf8edc8860ff4d35d566421817896a1ca464fac11a9c6,200
http://web/users/sample.php?userid=1,GET,"Cookie:PHPSESSID=7ficmi53fn80h3alhbsb1d4pk3
Accept:text/html,application/xhtml+xml,application/xml;q=0.9,image/avif,image/webp,image/apng,*/*;q=0.8,application/signed-exchange;v=b3;q=0.9
User-Agent:Mozilla/5.0 (X11; Linux x86_64) AppleWebKit/537.36 (KHTML, like Gecko) Chrome/85.0.4183.102 Safari/537.36
Referer:http://web/
Upgrade-Insecure-Requests:1
",cf83e1357eefb8bdf1542850d66d8007d620e4050b5715dc83f4a921d36ce9ce47d0d13c5d85f2b0ff8318d2877eec2f63b931bd47417a81a538327af927da3e,"Keep-Alive:timeout=5, max=28
Server:Apache/2.4.7 (Ubuntu)
Connection:Keep-Alive
Pragma:no-cache
Date:Mon, 11 May 2026 20:41:49 GMT
Cache-Control:no-store, no-cache, must-revalidate, post-check=0, pre-check=0
Content-Encoding:gzip
Vary:Accept-Encoding
Expires:Thu, 19 Nov 1981 08:52:00 GMT
Content-Length:982
X-Powered-By:PHP/5.5.9-1ubuntu4.29
Content-Type:text/html
",b3c093c0e64169d15411838053115fa96b49e39a3f94ca0ec3f908f9256325f239f74728f9974f346d7e00f2fcb62ae2f0dadfd2569a6fb6969ef1787c3d311d,200
http://web/pictures/upload.php,GET,"Cookie:PHPSESSID=7ficmi53fn80h3alhbsb1d4pk3
Accept:text/html,application/xhtml+xml,application/xml;q=0.9,image/avif,image/webp,image/apng,*/*;q=0.8,application/signed-exchange;v=b3;q=0.9
User-Agent:Mozilla/5.0 (X11; Linux x86_64) AppleWebKit/537.36 (KHTML, like Gecko) Chrome/85.0.4183.102 Safari/537.36
Referer:http://web/users/login.php
Upgrade-Insecure-Requests:1
",cf83e1357eefb8bdf1542850d66d8007d620e4050b5715dc83f4a921d36ce9ce47d0d13c5d85f2b0ff8318d2877eec2f63b931bd47417a81a538327af927da3e,"Keep-Alive:timeout=5, max=88
Server:Apache/2.4.7 (Ubuntu)
Connection:Keep-Alive
Pragma:no-cache
Date:Mon, 11 May 2026 20:39:38 GMT
Cache-Control:no-store, no-cache, must-revalidate, post-check=0, pre-check=0
Expires:Thu, 19 Nov 1981 08:52:00 GMT
Content-Length:41
X-Powered-By:PHP/5.5.9-1ubuntu4.29
Location:/users/login.php
Content-Type:text/html
",cf83e1357eefb8bdf1542850d66d8007d620e4050b5715dc83f4a921d36ce9ce47d0d13c5d85f2b0ff8318d2877eec2f63b931bd47417a81a538327af927da3e,303
http://web/calendar.php,GET,"Cookie:PHPSESSID=7ficmi53fn80h3alhbsb1d4pk3
Accept:text/html,application/xhtml+xml,application/xml;q=0.9,image/avif,image/webp,image/apng,*/*;q=0.8,application/signed-exchange;v=b3;q=0.9
User-Agent:Mozilla/5.0 (X11; Linux x86_64) AppleWebKit/537.36 (KHTML, like Gecko) Chrome/85.0.4183.102 Safari/537.36
Referer:http://web/
Upgrade-Insecure-Requests:1
",cf83e1357eefb8bdf1542850d66d8007d620e4050b5715dc83f4a921d36ce9ce47d0d13c5d85f2b0ff8318d2877eec2f63b931bd47417a81a538327af927da3e,"Keep-Alive:timeout=5, max=68
Server:Apache/2.4.7 (Ubuntu)
Connection:Keep-Alive
Pragma:no-cache
Date:Mon, 11 May 2026 20:43:47 GMT
Cache-Control:no-store, no-cache, must-revalidate, post-check=0, pre-check=0
Content-Encoding:gzip
Vary:Accept-Encoding
Expires:Thu, 19 Nov 1981 08:52:00 GMT
Content-Length:944
X-Powered-By:PHP/5.5.9-1ubuntu4.29
Content-Type:text/html
",d8bc6b9738fb98b756993158dc46b783cba48efd429a89d0aab959b67da399d6d249546370a52ceadebb368153dff69e6dc613aee3277735ad166d41b0ae45f2,200
http://web/users/login.php,GET,"Cookie:PHPSESSID=7ficmi53fn80h3alhbsb1d4pk3
Accept:text/html,application/xhtml+xml,application/xml;q=0.9,image/avif,image/webp,image/apng,*/*;q=0.8,application/signed-exchange;v=b3;q=0.9
User-Agent:Mozilla/5.0 (X11; Linux x86_64) AppleWebKit/537.36 (KHTML, like Gecko) Chrome/85.0.4183.102 Safari/537.36
Referer:http://web/guestbook.php
Upgrade-Insecure-Requests:1
",cf83e1357eefb8bdf1542850d66d8007d620e4050b5715dc83f4a921d36ce9ce47d0d13c5d85f2b0ff8318d2877eec2f63b931bd47417a81a538327af927da3e,"Keep-Alive:timeout=5, max=94
Server:Apache/2.4.7 (Ubuntu)
Connection:Keep-Alive
Pragma:no-cache
Date:Mon, 11 May 2026 20:40:57 GMT
Cache-Control:no-store, no-cache, must-revalidate, post-check=0, pre-check=0
Content-Encoding:gzip
Vary:Accept-Encoding
Expires:Thu, 19 Nov 1981 08:52:00 GMT
Content-Length:976
X-Powered-By:PHP/5.5.9-1ubuntu4.29
Content-Type:text/html
",8b78e6795f64aa58a5b22705707ec0677909d0668a504b4435e2f39cf6be0ba04dd619af15e097874937a8e8138467589794befada6fb63f20ba821d71a6e77c,200
http://web/tos.php,GET,"Cookie:PHPSESSID=7ficmi53fn80h3alhbsb1d4pk3
Accept:text/html,application/xhtml+xml,application/xml;q=0.9,image/avif,image/webp,image/apng,*/*;q=0.8,application/signed-exchange;v=b3;q=0.9
User-Agent:Mozilla/5.0 (X11; Linux x86_64) AppleWebKit/537.36 (KHTML, like Gecko) Chrome/85.0.4183.102 Safari/537.36
Referer:http://web/users/login.php
Upgrade-Insecure-Requests:1
",cf83e1357eefb8bdf1542850d66d8007d620e4050b5715dc83f4a921d36ce9ce47d0d13c5d85f2b0ff8318d2877eec2f63b931bd47417a81a538327af927da3e,"Keep-Alive:timeout=5, max=63
Server:Apache/2.4.7 (Ubuntu)
Connection:Keep-Alive
Pragma:no-cache
Date:Mon, 11 May 2026 20:40:09 GMT
Cache-Control:no-store, no-cache, must-revalidate, post-check=0, pre-check=0
Content-Encoding:gzip
Vary:Accept-Encoding
Expires:Thu, 19 Nov 1981 08:52:00 GMT
Content-Length:10228
X-Powered-By:PHP/5.5.9-1ubuntu4.29
Content-Type:text/html
",02bd27060700fde86247f8288ecc9d2e62a122c3b025556e38e7078d1712cc33972be0228d15a3d2c08d7355852e944b86be62635f2ccee83a6be5e97880c1bc,200
http://web/users/login.php,GET,"Cookie:PHPSESSID=7ficmi53fn80h3alhbsb1d4pk3
Accept:text/html,application/xhtml+xml,application/xml;q=0.9,image/avif,image/webp,image/apng,*/*;q=0.8,application/signed-exchange;v=b3;q=0.9
User-Agent:Mozilla/5.0 (X11; Linux x86_64) AppleWebKit/537.36 (KHTML, like Gecko) Chrome/85.0.4183.102 Safari/537.36
Referer:http://web/users/sample.php?userid=1
Upgrade-Insecure-Requests:1
",cf83e1357eefb8bdf1542850d66d8007d620e4050b5715dc83f4a921d36ce9ce47d0d13c5d85f2b0ff8318d2877eec2f63b931bd47417a81a538327af927da3e,"Keep-Alive:timeout=5, max=34
Server:Apache/2.4.7 (Ubuntu)
Connection:Keep-Alive
Pragma:no-cache
Date:Mon, 11 May 2026 20:41:45 GMT
Cache-Control:no-store, no-cache, must-revalidate, post-check=0, pre-check=0
Content-Encoding:gzip
Vary:Accept-Encoding
Expires:Thu, 19 Nov 1981 08:52:00 GMT
Content-Length:977
X-Powered-By:PHP/5.5.9-1ubuntu4.29
Content-Type:text/html
",5f78c85cef9944bac9f74ed65ec9ca08f2df41ab6b8ab5deae052e7ea30d2654b6a163e9e4ceb434e516363facf7a6cbe42fa29c1b7ead18633746f869327b76,200
http://web/users/login.php,GET,"Cookie:PHPSESSID=7ficmi53fn80h3alhbsb1d4pk3
Accept:text/html,application/xhtml+xml,application/xml;q=0.9,image/avif,image/webp,image/apng,*/*;q=0.8,application/signed-exchange;v=b3;q=0.9
User-Agent:Mozilla/5.0 (X11; Linux x86_64) AppleWebKit/537.36 (KHTML, like Gecko) Chrome/85.0.4183.102 Safari/537.36
Referer:http://web/users/login.php
Upgrade-Insecure-Requests:1
",cf83e1357eefb8bdf1542850d66d8007d620e4050b5715dc83f4a921d36ce9ce47d0d13c5d85f2b0ff8318d2877eec2f63b931bd47417a81a538327af927da3e,"Keep-Alive:timeout=5, max=89
Server:Apache/2.4.7 (Ubuntu)
Connection:Keep-Alive
Pragma:no-cache
Date:Mon, 11 May 2026 20:39:47 GMT
Cache-Control:no-store, no-cache, must-revalidate, post-check=0, pre-check=0
Content-Encoding:gzip
Vary:Accept-Encoding
Expires:Thu, 19 Nov 1981 08:52:00 GMT
Content-Length:976
X-Powered-By:PHP/5.5.9-1ubuntu4.29
Content-Type:text/html
",08faaaa95a671748a41c6bd20cdc1adf153facef8bb72b265704921f65a8780dc5feb5d6b346a1ef9618a7c3a9537e76268bddbd9ee7c4ec24a2b5eecc7a5a75,200
http://web/,GET,"Cookie:PHPSESSID=7ficmi53fn80h3alhbsb1d4pk3
Accept:text/html,application/xhtml+xml,application/xml;q=0.9,image/avif,image/webp,image/apng,*/*;q=0.8,application/signed-exchange;v=b3;q=0.9
User-Agent:Mozilla/5.0 (X11; Linux x86_64) AppleWebKit/537.36 (KHTML, like Gecko) Chrome/85.0.4183.102 Safari/537.36
Upgrade-Insecure-Requests:1
",cf83e1357eefb8bdf1542850d66d8007d620e4050b5715dc83f4a921d36ce9ce47d0d13c5d85f2b0ff8318d2877eec2f63b931bd47417a81a538327af927da3e,"Keep-Alive:timeout=5, max=57
Server:Apache/2.4.7 (Ubuntu)
Connection:Keep-Alive
Pragma:no-cache
Date:Mon, 11 May 2026 20:42:43 GMT
Cache-Control:no-store, no-cache, must-revalidate, post-check=0, pre-check=0
Content-Encoding:gzip
Vary:Accept-Encoding
Expires:Thu, 19 Nov 1981 08:52:00 GMT
Content-Length:1284
X-Powered-By:PHP/5.5.9-1ubuntu4.29
Content-Type:text/html
",7a14b8907bd854450d8ae8592289d3d86774816e5326d6aaac2a67a01c3cdb66c5779cf0189a9d56dfc2d82d81d9d0489df1f1dca80b783edd8de72a0cd9e664,200
http://web/,GET,"Cookie:PHPSESSID=7ficmi53fn80h3alhbsb1d4pk3
Accept:text/html,application/xhtml+xml,application/xml;q=0.9,image/avif,image/webp,image/apng,*/*;q=0.8,application/signed-exchange;v=b3;q=0.9
User-Agent:Mozilla/5.0 (X11; Linux x86_64) AppleWebKit/537.36 (KHTML, like Gecko) Chrome/85.0.4183.102 Safari/537.36
Upgrade-Insecure-Requests:1
",cf83e1357eefb8bdf1542850d66d8007d620e4050b5715dc83f4a921d36ce9ce47d0d13c5d85f2b0ff8318d2877eec2f63b931bd47417a81a538327af927da3e,"Keep-Alive:timeout=5, max=90
Server:Apache/2.4.7 (Ubuntu)
Connection:Keep-Alive
Pragma:no-cache
Date:Mon, 11 May 2026 20:43:30 GMT
Cache-Control:no-store, no-cache, must-revalidate, post-check=0, pre-check=0
Content-Encoding:gzip
Vary:Accept-Encoding
Expires:Thu, 19 Nov 1981 08:52:00 GMT
Content-Length:1284
X-Powered-By:PHP/5.5.9-1ubuntu4.29
Content-Type:text/html
",fa402a4218addbda442d307dd94871737fed9df80556fb6e08e1d29735a55fddbe52b4469b8261016e9f633cf783dadfa98f31dfb847a6a1f1e6dd13dc61ff46,200
http://web/users/home.php,GET,"Cookie:PHPSESSID=7ficmi53fn80h3alhbsb1d4pk3
Accept:text/html,application/xhtml+xml,application/xml;q=0.9,image/avif,image/webp,image/apng,*/*;q=0.8,application/signed-exchange;v=b3;q=0.9
User-Agent:Mozilla/5.0 (X11; Linux x86_64) AppleWebKit/537.36 (KHTML, like Gecko) Chrome/85.0.4183.102 Safari/537.36
Referer:http://web/
Upgrade-Insecure-Requests:1
",cf83e1357eefb8bdf1542850d66d8007d620e4050b5715dc83f4a921d36ce9ce47d0d13c5d85f2b0ff8318d2877eec2f63b931bd47417a81a538327af927da3e,"Keep-Alive:timeout=5, max=65
Server:Apache/2.4.7 (Ubuntu)
Connection:Keep-Alive
Pragma:no-cache
Date:Mon, 11 May 2026 20:40:09 GMT
Cache-Control:no-store, no-cache, must-revalidate, post-check=0, pre-check=0
Expires:Thu, 19 Nov 1981 08:52:00 GMT
Content-Length:41
X-Powered-By:PHP/5.5.9-1ubuntu4.29
Location:/users/login.php
Content-Type:text/html
",cf83e1357eefb8bdf1542850d66d8007d620e4050b5715dc83f4a921d36ce9ce47d0d13c5d85f2b0ff8318d2877eec2f63b931bd47417a81a538327af927da3e,303
http://web/,GET,"Cookie:PHPSESSID=7ficmi53fn80h3alhbsb1d4pk3
Accept:text/html,application/xhtml+xml,application/xml;q=0.9,image/avif,image/webp,image/apng,*/*;q=0.8,application/signed-exchange;v=b3;q=0.9
User-Agent:Mozilla/5.0 (X11; Linux x86_64) AppleWebKit/537.36 (KHTML, like Gecko) Chrome/85.0.4183.102 Safari/537.36
Upgrade-Insecure-Requests:1
",cf83e1357eefb8bdf1542850d66d8007d620e4050b5715dc83f4a921d36ce9ce47d0d13c5d85f2b0ff8318d2877eec2f63b931bd47417a81a538327af927da3e,"Keep-Alive:timeout=5, max=100
Server:Apache/2.4.7 (Ubuntu)
Connection:Keep-Alive
Pragma:no-cache
Date:Mon, 11 May 2026 20:40:52 GMT
Cache-Control:no-store, no-cache, must-revalidate, post-check=0, pre-check=0
Content-Encoding:gzip
Vary:Accept-Encoding
Expires:Thu, 19 Nov 1981 08:52:00 GMT
Content-Length:1283
X-Powered-By:PHP/5.5.9-1ubuntu4.29
Content-Type:text/html
",0e02e812cb6a402ba73b5b363fb44bc99c777683ca6d3432cf1a5443a31156a61c4f1cbbe0a2b8851a7e1bd3b1b47e445f47948aaa1eca552e340f1af062dc0d,200
http://web/users/login.php,GET,"Cookie:PHPSESSID=7ficmi53fn80h3alhbsb1d4pk3
Accept:text/html,application/xhtml+xml,application/xml;q=0.9,image/avif,image/webp,image/apng,*/*;q=0.8,application/signed-exchange;v=b3;q=0.9
User-Agent:Mozilla/5.0 (X11; Linux x86_64) AppleWebKit/537.36 (KHTML, like Gecko) Chrome/85.0.4183.102 Safari/537.36
Referer:http://web/users/sample.php?userid=1
Upgrade-Insecure-Requests:1
",cf83e1357eefb8bdf1542850d66d8007d620e4050b5715dc83f4a921d36ce9ce47d0d13c5d85f2b0ff8318d2877eec2f63b931bd47417a81a538327af927da3e,"Keep-Alive:timeout=5, max=43
Server:Apache/2.4.7 (Ubuntu)
Connection:Keep-Alive
Pragma:no-cache
Date:Mon, 11 May 2026 20:41:37 GMT
Cache-Control:no-store, no-cache, must-revalidate, post-check=0, pre-check=0
Content-Encoding:gzip
Vary:Accept-Encoding
Expires:Thu, 19 Nov 1981 08:52:00 GMT
Content-Length:976
X-Powered-By:PHP/5.5.9-1ubuntu4.29
Content-Type:text/html
",c45e852f0c4a88d3f0c93d206e650f1725fa528709ac6ab9eafd7e7f4c7fad88a2a07d22f32ba50e30d535be8ba86acfa390952e0b6fd450577a0137701fc03b,200
http://web/upload/flowers/flweofoee.128_128.jpg,GET,"Cookie:PHPSESSID=7ficmi53fn80h3alhbsb1d4pk3
Accept:image/avif,image/webp,image/apng,image/*,*/*;q=0.8
User-Agent:Mozilla/5.0 (X11; Linux x86_64) AppleWebKit/537.36 (KHTML, like Gecko) Chrome/85.0.4183.102 Safari/537.36
Referer:http://web/pictures/recent.php
",cf83e1357eefb8bdf1542850d66d8007d620e4050b5715dc83f4a921d36ce9ce47d0d13c5d85f2b0ff8318d2877eec2f63b931bd47417a81a538327af927da3e,"Keep-Alive:timeout=5, max=85
Server:Apache/2.4.7 (Ubuntu)
Connection:Keep-Alive
Last-Modified:Thu, 02 Feb 2017 22:24:09 GMT
Date:Mon, 11 May 2026 20:39:39 GMT
Accept-Ranges:bytes
ETag:""3c1d-547939fb8b440""
Content-Length:15389
Content-Type:image/jpeg
",7e129e0bbb863976449db3222dba9d0d4f5eec34568417e96ab615e4f7981ee1790944f510629e1b701ae68b35b272656ced86d6fea3a727adec1063e078f609,200
http://web/users/login.php,GET,"Cookie:PHPSESSID=7ficmi53fn80h3alhbsb1d4pk3
Accept:text/html,application/xhtml+xml,application/xml;q=0.9,image/avif,image/webp,image/apng,*/*;q=0.8,application/signed-exchange;v=b3;q=0.9
User-Agent:Mozilla/5.0 (X11; Linux x86_64) AppleWebKit/537.36 (KHTML, like Gecko) Chrome/85.0.4183.102 Safari/537.36
Referer:http://web/pictures/recent.php
Upgrade-Insecure-Requests:1
",cf83e1357eefb8bdf1542850d66d8007d620e4050b5715dc83f4a921d36ce9ce47d0d13c5d85f2b0ff8318d2877eec2f63b931bd47417a81a538327af927da3e,"Keep-Alive:timeout=5, max=23
Server:Apache/2.4.7 (Ubuntu)
Connection:Keep-Alive
Pragma:no-cache
Date:Mon, 11 May 2026 20:40:35 GMT
Cache-Control:no-store, no-cache, must-revalidate, post-check=0, pre-check=0
Content-Encoding:gzip
Vary:Accept-Encoding
Expires:Thu, 19 Nov 1981 08:52:00 GMT
Content-Length:975
X-Powered-By:PHP/5.5.9-1ubuntu4.29
Content-Type:text/html
",587cb688dcb54565ed4f3f185dfdd2b2d47fa5c448cd75d3407d2e5e5d9409db448f0f894887c5bf7655154116a451af41a84ba906b4568f427438af87a3e855,200
http://web/calendar.php,GET,"Cookie:PHPSESSID=7ficmi53fn80h3alhbsb1d4pk3
Accept:text/html,application/xhtml+xml,application/xml;q=0.9,image/avif,image/webp,image/apng,*/*;q=0.8,application/signed-exchange;v=b3;q=0.9
User-Agent:Mozilla/5.0 (X11; Linux x86_64) AppleWebKit/537.36 (KHTML, like Gecko) Chrome/85.0.4183.102 Safari/537.36
Referer:http://web/
Upgrade-Insecure-Requests:1
",cf83e1357eefb8bdf1542850d66d8007d620e4050b5715dc83f4a921d36ce9ce47d0d13c5d85f2b0ff8318d2877eec2f63b931bd47417a81a538327af927da3e,"Keep-Alive:timeout=5, max=9
Server:Apache/2.4.7 (Ubuntu)
Connection:Keep-Alive
Pragma:no-cache
Date:Mon, 11 May 2026 20:43:18 GMT
Cache-Control:no-store, no-cache, must-revalidate, post-check=0, pre-check=0
Content-Encoding:gzip
Vary:Accept-Encoding
Expires:Thu, 19 Nov 1981 08:52:00 GMT
Content-Length:943
X-Powered-By:PHP/5.5.9-1ubuntu4.29
Content-Type:text/html
",d6b2121671b4031b3455e815a0767afff544b6310d8e8913adf481d8d3cc6f748801b2c44fa91044f8a1f97939e8f2e2fefd30fa8a9d4df41dfb9f75175dc72d,200
http://web/calendar.php?date=1778618643,GET,"Cookie:PHPSESSID=7ficmi53fn80h3alhbsb1d4pk3
Accept:text/html,application/xhtml+xml,application/xml;q=0.9,image/avif,image/webp,image/apng,*/*;q=0.8,application/signed-exchange;v=b3;q=0.9
User-Agent:Mozilla/5.0 (X11; Linux x86_64) AppleWebKit/537.36 (KHTML, like Gecko) Chrome/85.0.4183.102 Safari/537.36
Referer:http://web/calendar.php
Upgrade-Insecure-Requests:1
",cf83e1357eefb8bdf1542850d66d8007d620e4050b5715dc83f4a921d36ce9ce47d0d13c5d85f2b0ff8318d2877eec2f63b931bd47417a81a538327af927da3e,"Keep-Alive:timeout=5, max=43
Server:Apache/2.4.7 (Ubuntu)
Connection:Keep-Alive
Pragma:no-cache
Date:Mon, 11 May 2026 20:44:03 GMT
Cache-Control:no-store, no-cache, must-revalidate, post-check=0, pre-check=0
Content-Encoding:gzip
Vary:Accept-Encoding
Expires:Thu, 19 Nov 1981 08:52:00 GMT
Content-Length:945
X-Powered-By:PHP/5.5.9-1ubuntu4.29
Content-Type:text/html
",f262b3dd411db754c010ee1db4815474c3cd85ac4697402b7e638352a399bc351db29d7ac3b773bf4b2c435ba7d96af282a99b1fbec3a68f7fb70e5aac4d71dd,200
http://web/css/blueprint/print.css,GET,"Cookie:PHPSESSID=7ficmi53fn80h3alhbsb1d4pk3
Accept:text/css,*/*;q=0.1
User-Agent:Mozilla/5.0 (X11; Linux x86_64) AppleWebKit/537.36 (KHTML, like Gecko) Chrome/85.0.4183.102 Safari/537.36
Referer:http://web/users/sample.php?userid=1
",cf83e1357eefb8bdf1542850d66d8007d620e4050b5715dc83f4a921d36ce9ce47d0d13c5d85f2b0ff8318d2877eec2f63b931bd47417a81a538327af927da3e,"Server:Apache/2.4.7 (Ubuntu)
Last-Modified:Thu, 02 Feb 2017 22:24:09 GMT
Date:Mon, 11 May 2026 20:39:28 GMT
Accept-Ranges:bytes
ETag:""52d-547939fb8b440-gzip""
Content-Encoding:gzip
Vary:Accept-Encoding
Content-Length:674
Content-Type:text/css
",382bc7f4ad396de8dacb65598554ab8e1fe76b268c9b97e377be5fe694d07688463ac138e683332f401b64a7a2e8418a2a9f7f9d96e548ee8581d228368f7524,200
http://web/users/login.php,GET,"Cookie:PHPSESSID=7ficmi53fn80h3alhbsb1d4pk3
Accept:text/html,application/xhtml+xml,application/xml;q=0.9,image/avif,image/webp,image/apng,*/*;q=0.8,application/signed-exchange;v=b3;q=0.9
User-Agent:Mozilla/5.0 (X11; Linux x86_64) AppleWebKit/537.36 (KHTML, like Gecko) Chrome/85.0.4183.102 Safari/537.36
Referer:http://web/pictures/recent.php
Upgrade-Insecure-Requests:1
",cf83e1357eefb8bdf1542850d66d8007d620e4050b5715dc83f4a921d36ce9ce47d0d13c5d85f2b0ff8318d2877eec2f63b931bd47417a81a538327af927da3e,"Keep-Alive:timeout=5, max=31
Server:Apache/2.4.7 (Ubuntu)
Connection:Keep-Alive
Pragma:no-cache
Date:Mon, 11 May 2026 20:40:30 GMT
Cache-Control:no-store, no-cache, must-revalidate, post-check=0, pre-check=0
Content-Encoding:gzip
Vary:Accept-Encoding
Expires:Thu, 19 Nov 1981 08:52:00 GMT
Content-Length:976
X-Powered-By:PHP/5.5.9-1ubuntu4.29
Content-Type:text/html
",a3e38d6ffcf52c4c7e973ad7bae21129cd15d46b2c8bce9bb6abbcb7f6999dfde251d5230f4427ef1cb01360ae0f69f6163f9072e6455275fbc4ce3b82366366,200
http://web/,GET,"Cookie:PHPSESSID=7ficmi53fn80h3alhbsb1d4pk3
Accept:text/html,application/xhtml+xml,application/xml;q=0.9,image/avif,image/webp,image/apng,*/*;q=0.8,application/signed-exchange;v=b3;q=0.9
User-Agent:Mozilla/5.0 (X11; Linux x86_64) AppleWebKit/537.36 (KHTML, like Gecko) Chrome/85.0.4183.102 Safari/537.36
Referer:http://web/passcheck.php
Upgrade-Insecure-Requests:1
",cf83e1357eefb8bdf1542850d66d8007d620e4050b5715dc83f4a921d36ce9ce47d0d13c5d85f2b0ff8318d2877eec2f63b931bd47417a81a538327af927da3e,"Keep-Alive:timeout=5, max=58
Server:Apache/2.4.7 (Ubuntu)
Connection:Keep-Alive
Pragma:no-cache
Date:Mon, 11 May 2026 20:42:42 GMT
Cache-Control:no-store, no-cache, must-revalidate, post-check=0, pre-check=0
Content-Encoding:gzip
Vary:Accept-Encoding
Expires:Thu, 19 Nov 1981 08:52:00 GMT
Content-Length:1283
X-Powered-By:PHP/5.5.9-1ubuntu4.29
Content-Type:text/html
",f0d5809603e52317510d43c7933748d93114297a57aab23af1727339e9956f78a565ca7b0357943ed19e69e97f7c7829f740708c7f97d61a06e0072dbd7e628e,200
http://web/css/blueprint/print.css,GET,"Cookie:PHPSESSID=7ficmi53fn80h3alhbsb1d4pk3
Accept:text/css,*/*;q=0.1
User-Agent:Mozilla/5.0 (X11; Linux x86_64) AppleWebKit/537.36 (KHTML, like Gecko) Chrome/85.0.4183.102 Safari/537.36
Referer:http://web/guestbook.php
",cf83e1357eefb8bdf1542850d66d8007d620e4050b5715dc83f4a921d36ce9ce47d0d13c5d85f2b0ff8318d2877eec2f63b931bd47417a81a538327af927da3e,"Server:Apache/2.4.7 (Ubuntu)
Last-Modified:Thu, 02 Feb 2017 22:24:09 GMT
Date:Mon, 11 May 2026 20:39:28 GMT
Accept-Ranges:bytes
ETag:""52d-547939fb8b440-gzip""
Content-Encoding:gzip
Vary:Accept-Encoding
Content-Length:674
Content-Type:text/css
",382bc7f4ad396de8dacb65598554ab8e1fe76b268c9b97e377be5fe694d07688463ac138e683332f401b64a7a2e8418a2a9f7f9d96e548ee8581d228368f7524,200
http://web/,GET,"Cookie:PHPSESSID=7ficmi53fn80h3alhbsb1d4pk3
Accept:text/html,application/xhtml+xml,application/xml;q=0.9,image/avif,image/webp,image/apng,*/*;q=0.8,application/signed-exchange;v=b3;q=0.9
User-Agent:Mozilla/5.0 (X11; Linux x86_64) AppleWebKit/537.36 (KHTML, like Gecko) Chrome/85.0.4183.102 Safari/537.36
Upgrade-Insecure-Requests:1
",cf83e1357eefb8bdf1542850d66d8007d620e4050b5715dc83f4a921d36ce9ce47d0d13c5d85f2b0ff8318d2877eec2f63b931bd47417a81a538327af927da3e,"Keep-Alive:timeout=5, max=11
Server:Apache/2.4.7 (Ubuntu)
Connection:Keep-Alive
Pragma:no-cache
Date:Mon, 11 May 2026 20:42:00 GMT
Cache-Control:no-store, no-cache, must-revalidate, post-check=0, pre-check=0
Content-Encoding:gzip
Vary:Accept-Encoding
Expires:Thu, 19 Nov 1981 08:52:00 GMT
Content-Length:1284
X-Powered-By:PHP/5.5.9-1ubuntu4.29
Content-Type:text/html
",2d45661455e6a915b06071729411c760762e12bbe1fea790fa90ecbd84a0b9c942ddec8e5a31ad9f6d01a6fda489b88f8d7bb82166fc0799597689c00af431c1,200
http://web/pictures/upload.php,GET,"Cookie:PHPSESSID=7ficmi53fn80h3alhbsb1d4pk3
Accept:text/html,application/xhtml+xml,application/xml;q=0.9,image/avif,image/webp,image/apng,*/*;q=0.8,application/signed-exchange;v=b3;q=0.9
User-Agent:Mozilla/5.0 (X11; Linux x86_64) AppleWebKit/537.36 (KHTML, like Gecko) Chrome/85.0.4183.102 Safari/537.36
Referer:http://web/
Upgrade-Insecure-Requests:1
",cf83e1357eefb8bdf1542850d66d8007d620e4050b5715dc83f4a921d36ce9ce47d0d13c5d85f2b0ff8318d2877eec2f63b931bd47417a81a538327af927da3e,"Keep-Alive:timeout=5, max=92
Server:Apache/2.4.7 (Ubuntu)
Connection:Keep-Alive
Pragma:no-cache
Date:Mon, 11 May 2026 20:39:35 GMT
Cache-Control:no-store, no-cache, must-revalidate, post-check=0, pre-check=0
Expires:Thu, 19 Nov 1981 08:52:00 GMT
Content-Length:41
X-Powered-By:PHP/5.5.9-1ubuntu4.29
Location:/users/login.php
Content-Type:text/html
",cf83e1357eefb8bdf1542850d66d8007d620e4050b5715dc83f4a921d36ce9ce47d0d13c5d85f2b0ff8318d2877eec2f63b931bd47417a81a538327af927da3e,303
http://web/,GET,"Cookie:PHPSESSID=7ficmi53fn80h3alhbsb1d4pk3
Accept:text/html,application/xhtml+xml,application/xml;q=0.9,image/avif,image/webp,image/apng,*/*;q=0.8,application/signed-exchange;v=b3;q=0.9
User-Agent:Mozilla/5.0 (X11; Linux x86_64) AppleWebKit/537.36 (KHTML, like Gecko) Chrome/85.0.4183.102 Safari/537.36
Upgrade-Insecure-Requests:1
",cf83e1357eefb8bdf1542850d66d8007d620e4050b5715dc83f4a921d36ce9ce47d0d13c5d85f2b0ff8318d2877eec2f63b931bd47417a81a538327af927da3e,"Keep-Alive:timeout=5, max=49
Server:Apache/2.4.7 (Ubuntu)
Connection:Keep-Alive
Pragma:no-cache
Date:Mon, 11 May 2026 20:42:49 GMT
Cache-Control:no-store, no-cache, must-revalidate, post-check=0, pre-check=0
Content-Encoding:gzip
Vary:Accept-Encoding
Expires:Thu, 19 Nov 1981 08:52:00 GMT
Content-Length:1283
X-Powered-By:PHP/5.5.9-1ubuntu4.29
Content-Type:text/html
",c2b5907925372be12527ff8024076d6e475127f5e81cab98bc9f2d8b0894b2b17ba999ef56b35f91a6a6cf674ef74b6f1934d676b90dc427810eaea30929c891,200
http://web/css/stylings.css,GET,"Cookie:PHPSESSID=7ficmi53fn80h3alhbsb1d4pk3
Accept:text/css,*/*;q=0.1
User-Agent:Mozilla/5.0 (X11; Linux x86_64) AppleWebKit/537.36 (KHTML, like Gecko) Chrome/85.0.4183.102 Safari/537.36
Referer:http://web/pictures/recent.php
",cf83e1357eefb8bdf1542850d66d8007d620e4050b5715dc83f4a921d36ce9ce47d0d13c5d85f2b0ff8318d2877eec2f63b931bd47417a81a538327af927da3e,"Server:Apache/2.4.7 (Ubuntu)
Last-Modified:Thu, 02 Feb 2017 22:24:09 GMT
Date:Mon, 11 May 2026 20:39:28 GMT
Accept-Ranges:bytes
ETag:""c29-547939fb8b440-gzip""
Content-Encoding:gzip
Vary:Accept-Encoding
Content-Length:838
Content-Type:text/css
",e6142d743628221ad60b6d12a0b444a077ed8ede2504b511ffffde908ffe459f09875b3901f9a63ec228906521c445248f9277e14f591205808d8dfc200df823,200
http://web/,GET,"Cookie:PHPSESSID=7ficmi53fn80h3alhbsb1d4pk3
Accept:text/html,application/xhtml+xml,application/xml;q=0.9,image/avif,image/webp,image/apng,*/*;q=0.8,application/signed-exchange;v=b3;q=0.9
User-Agent:Mozilla/5.0 (X11; Linux x86_64) AppleWebKit/537.36 (KHTML, like Gecko) Chrome/85.0.4183.102 Safari/537.36
Upgrade-Insecure-Requests:1
",cf83e1357eefb8bdf1542850d66d8007d620e4050b5715dc83f4a921d36ce9ce47d0d13c5d85f2b0ff8318d2877eec2f63b931bd47417a81a538327af927da3e,"Keep-Alive:timeout=5, max=27
Server:Apache/2.4.7 (Ubuntu)
Connection:Keep-Alive
Pragma:no-cache
Date:Mon, 11 May 2026 20:43:04 GMT
Cache-Control:no-store, no-cache, must-revalidate, post-check=0, pre-check=0
Content-Encoding:gzip
Vary:Accept-Encoding
Expires:Thu, 19 Nov 1981 08:52:00 GMT
Content-Length:1283
X-Powered-By:PHP/5.5.9-1ubuntu4.29
Content-Type:text/html
",ec69f6ae31e64b7ebcd545dd83cbc428767c27613fd423d85787be33dcaf0968e0b77e84ce19005fe24445ddae02294a02dbaf2deedf9d98f2a81808101b0e5d,200
http://web/users/register.php,GET,"Cookie:PHPSESSID=7ficmi53fn80h3alhbsb1d4pk3
Accept:text/html,application/xhtml+xml,application/xml;q=0.9,image/avif,image/webp,image/apng,*/*;q=0.8,application/signed-exchange;v=b3;q=0.9
User-Agent:Mozilla/5.0 (X11; Linux x86_64) AppleWebKit/537.36 (KHTML, like Gecko) Chrome/85.0.4183.102 Safari/537.36
Referer:http://web/
Upgrade-Insecure-Requests:1
",cf83e1357eefb8bdf1542850d66d8007d620e4050b5715dc83f4a921d36ce9ce47d0d13c5d85f2b0ff8318d2877eec2f63b931bd47417a81a538327af927da3e,"Keep-Alive:timeout=5, max=56
Server:Apache/2.4.7 (Ubuntu)
Connection:Keep-Alive
Pragma:no-cache
Date:Mon, 11 May 2026 20:42:44 GMT
Cache-Control:no-store, no-cache, must-revalidate, post-check=0, pre-check=0
Content-Encoding:gzip
Vary:Accept-Encoding
Expires:Thu, 19 Nov 1981 08:52:00 GMT
Content-Length:1101
X-Powered-By:PHP/5.5.9-1ubuntu4.29
Content-Type:text/html
",0ffbfdc30e2f27ce784110d01dc741701b11a039fe85ab3e875be43ca5d824e9c6839eec48f04e9251f336c48902f8c9ddd17ea51f3e09d5935cd1b0fcbae232,200
http://web/css/blueprint/screen.css,GET,"Cookie:PHPSESSID=7ficmi53fn80h3alhbsb1d4pk3
Accept:text/css,*/*;q=0.1
User-Agent:Mozilla/5.0 (X11; Linux x86_64) AppleWebKit/537.36 (KHTML, like Gecko) Chrome/85.0.4183.102 Safari/537.36
Referer:http://web/users/sample.php?userid=1
",cf83e1357eefb8bdf1542850d66d8007d620e4050b5715dc83f4a921d36ce9ce47d0d13c5d85f2b0ff8318d2877eec2f63b931bd47417a81a538327af927da3e,"Server:Apache/2.4.7 (Ubuntu)
Last-Modified:Thu, 02 Feb 2017 22:24:09 GMT
Date:Mon, 11 May 2026 20:39:28 GMT
Accept-Ranges:bytes
ETag:""24c7-547939fb8b440-gzip""
Content-Encoding:gzip
Vary:Accept-Encoding
Content-Length:2682
Content-Type:text/css
",c0995dbb8c323ef465d8cc5d7b640b1a5435beb529b0c6e55594b1c0f3db66e859d23f70cfe8d93285234e722d677fca7c8887bee81a636881b2f91f221f976e,200
http://web/,GET,"Cookie:PHPSESSID=7ficmi53fn80h3alhbsb1d4pk3
Accept:text/html,application/xhtml+xml,application/xml;q=0.9,image/avif,image/webp,image/apng,*/*;q=0.8,application/signed-exchange;v=b3;q=0.9
User-Agent:Mozilla/5.0 (X11; Linux x86_64) AppleWebKit/537.36 (KHTML, like Gecko) Chrome/85.0.4183.102 Safari/537.36
Upgrade-Insecure-Requests:1
",cf83e1357eefb8bdf1542850d66d8007d620e4050b5715dc83f4a921d36ce9ce47d0d13c5d85f2b0ff8318d2877eec2f63b931bd47417a81a538327af927da3e,"Keep-Alive:timeout=5, max=99
Server:Apache/2.4.7 (Ubuntu)
Connection:Keep-Alive
Pragma:no-cache
Date:Mon, 11 May 2026 20:42:11 GMT
Cache-Control:no-store, no-cache, must-revalidate, post-check=0, pre-check=0
Content-Encoding:gzip
Vary:Accept-Encoding
Expires:Thu, 19 Nov 1981 08:52:00 GMT
Content-Length:1284
X-Powered-By:PHP/5.5.9-1ubuntu4.29
Content-Type:text/html
",991664dfaa17e7c83f29d73eeecfdd594faa4976c285f24253681a9ad919ac1e05dfa42276583fe69dcae95dd429ed3d26cf50b8355ab88b98e0fb3f1a466c30,200
http://web/css/blueprint/screen.css,GET,"Cookie:PHPSESSID=7ficmi53fn80h3alhbsb1d4pk3
Accept:text/css,*/*;q=0.1
User-Agent:Mozilla/5.0 (X11; Linux x86_64) AppleWebKit/537.36 (KHTML, like Gecko) Chrome/85.0.4183.102 Safari/537.36
Referer:http://web/guestbook.php
",cf83e1357eefb8bdf1542850d66d8007d620e4050b5715dc83f4a921d36ce9ce47d0d13c5d85f2b0ff8318d2877eec2f63b931bd47417a81a538327af927da3e,"Server:Apache/2.4.7 (Ubuntu)
Last-Modified:Thu, 02 Feb 2017 22:24:09 GMT
Date:Mon, 11 May 2026 20:39:28 GMT
Accept-Ranges:bytes
ETag:""24c7-547939fb8b440-gzip""
Content-Encoding:gzip
Vary:Accept-Encoding
Content-Length:2682
Content-Type:text/css
",c0995dbb8c323ef465d8cc5d7b640b1a5435beb529b0c6e55594b1c0f3db66e859d23f70cfe8d93285234e722d677fca7c8887bee81a636881b2f91f221f976e,200
http://web/images/menu/menu_tabs.gif,GET,"Cookie:PHPSESSID=7ficmi53fn80h3alhbsb1d4pk3
Accept:image/avif,image/webp,image/apng,image/*,*/*;q=0.8
User-Agent:Mozilla/5.0 (X11; Linux x86_64) AppleWebKit/537.36 (KHTML, like Gecko) Chrome/85.0.4183.102 Safari/537.36
Referer:http://web/css/stylings.css
",cf83e1357eefb8bdf1542850d66d8007d620e4050b5715dc83f4a921d36ce9ce47d0d13c5d85f2b0ff8318d2877eec2f63b931bd47417a81a538327af927da3e,"Server:Apache/2.4.7 (Ubuntu)
Last-Modified:Thu, 02 Feb 2017 22:24:09 GMT
Date:Mon, 11 May 2026 20:39:28 GMT
Accept-Ranges:bytes
ETag:""f78-547939fb8b440""
Content-Length:3960
Content-Type:image/gif
",3eb49ef7e8e7e02a1bff29ac33707f5a473495974c0f3cc1937f03198075c0d2b0aaf7f2937030c43b34c560f19c5c6502345d5af0ac36b7e66d8deea4ef55d4,200
http://web/,GET,"Cookie:PHPSESSID=7ficmi53fn80h3alhbsb1d4pk3
Accept:text/html,application/xhtml+xml,application/xml;q=0.9,image/avif,image/webp,image/apng,*/*;q=0.8,application/signed-exchange;v=b3;q=0.9
User-Agent:Mozilla/5.0 (X11; Linux x86_64) AppleWebKit/537.36 (KHTML, like Gecko) Chrome/85.0.4183.102 Safari/537.36
Upgrade-Insecure-Requests:1
",cf83e1357eefb8bdf1542850d66d8007d620e4050b5715dc83f4a921d36ce9ce47d0d13c5d85f2b0ff8318d2877eec2f63b931bd47417a81a538327af927da3e,"Keep-Alive:timeout=5, max=63
Server:Apache/2.4.7 (Ubuntu)
Connection:Keep-Alive
Pragma:no-cache
Date:Mon, 11 May 2026 20:41:22 GMT
Cache-Control:no-store, no-cache, must-revalidate, post-check=0, pre-check=0
Content-Encoding:gzip
Vary:Accept-Encoding
Expires:Thu, 19 Nov 1981 08:52:00 GMT
Content-Length:1283
X-Powered-By:PHP/5.5.9-1ubuntu4.29
Content-Type:text/html
",7588c870e9bbafb4019e4472939c8450cbb5df786a0944e751ce3c810cb48be502a2168f70a377464a0f9e9d1587d2d3fe89fc80c37ea4d5046a187c73d34706,200
http://web/passcheck.php,GET,"Cookie:PHPSESSID=7ficmi53fn80h3alhbsb1d4pk3
Accept:text/html,application/xhtml+xml,application/xml;q=0.9,image/avif,image/webp,image/apng,*/*;q=0.8,application/signed-exchange;v=b3;q=0.9
User-Agent:Mozilla/5.0 (X11; Linux x86_64) AppleWebKit/537.36 (KHTML, like Gecko) Chrome/85.0.4183.102 Safari/537.36
Referer:http://web/users/register.php
Upgrade-Insecure-Requests:1
",cf83e1357eefb8bdf1542850d66d8007d620e4050b5715dc83f4a921d36ce9ce47d0d13c5d85f2b0ff8318d2877eec2f63b931bd47417a81a538327af927da3e,"Keep-Alive:timeout=5, max=81
Server:Apache/2.4.7 (Ubuntu)
Connection:Keep-Alive
Pragma:no-cache
Date:Mon, 11 May 2026 20:42:25 GMT
Cache-Control:no-store, no-cache, must-revalidate, post-check=0, pre-check=0
Content-Encoding:gzip
Vary:Accept-Encoding
Expires:Thu, 19 Nov 1981 08:52:00 GMT
Content-Length:927
X-Powered-By:PHP/5.5.9-1ubuntu4.29
Content-Type:text/html
",49908103d55242d2b91f18b3d0f3a5936ef59906859689af940b4de2a6273cad49a1a4e9e76e1c5c62afe2fc2e40d74dd0fc79150533013f5733256c74ee81cd,200
http://web/,GET,"Cookie:PHPSESSID=7ficmi53fn80h3alhbsb1d4pk3
Accept:text/html,application/xhtml+xml,application/xml;q=0.9,image/avif,image/webp,image/apng,*/*;q=0.8,application/signed-exchange;v=b3;q=0.9
User-Agent:Mozilla/5.0 (X11; Linux x86_64) AppleWebKit/537.36 (KHTML, like Gecko) Chrome/85.0.4183.102 Safari/537.36
Upgrade-Insecure-Requests:1
",cf83e1357eefb8bdf1542850d66d8007d620e4050b5715dc83f4a921d36ce9ce47d0d13c5d85f2b0ff8318d2877eec2f63b931bd47417a81a538327af927da3e,"Keep-Alive:timeout=5, max=80
Server:Apache/2.4.7 (Ubuntu)
Connection:Keep-Alive
Pragma:no-cache
Date:Mon, 11 May 2026 20:41:08 GMT
Cache-Control:no-store, no-cache, must-revalidate, post-check=0, pre-check=0
Content-Encoding:gzip
Vary:Accept-Encoding
Expires:Thu, 19 Nov 1981 08:52:00 GMT
Content-Length:1283
X-Powered-By:PHP/5.5.9-1ubuntu4.29
Content-Type:text/html
",d0a9f74bd32cd6b0344dfc5070c2dbb285a0721f99f297e541e39bac8200d0deffd99bd3adcb129aa7b7f12fafbd3092a9f9f99c663d85691af044488eda71c3,200
http://web/users/login.php,GET,"Cookie:PHPSESSID=7ficmi53fn80h3alhbsb1d4pk3
Accept:text/html,application/xhtml+xml,application/xml;q=0.9,image/avif,image/webp,image/apng,*/*;q=0.8,application/signed-exchange;v=b3;q=0.9
User-Agent:Mozilla/5.0 (X11; Linux x86_64) AppleWebKit/537.36 (KHTML, like Gecko) Chrome/85.0.4183.102 Safari/537.36
Referer:http://web/tos.php
Upgrade-Insecure-Requests:1
",cf83e1357eefb8bdf1542850d66d8007d620e4050b5715dc83f4a921d36ce9ce47d0d13c5d85f2b0ff8318d2877eec2f63b931bd47417a81a538327af927da3e,"Keep-Alive:timeout=5, max=61
Server:Apache/2.4.7 (Ubuntu)
Connection:Keep-Alive
Pragma:no-cache
Date:Mon, 11 May 2026 20:40:10 GMT
Cache-Control:no-store, no-cache, must-revalidate, post-check=0, pre-check=0
Content-Encoding:gzip
Vary:Accept-Encoding
Expires:Thu, 19 Nov 1981 08:52:00 GMT
Content-Length:975
X-Powered-By:PHP/5.5.9-1ubuntu4.29
Content-Type:text/html
",cb4b5c738745ea4a78115921d7b35b3226f2ef7d9805d176d12828bc85395ee5e87f9975d6ad3a3fac8366519b675eb9a86a7537911974cca7a99fb6a64c3ae9,200
http://web/users/login.php,GET,"Cookie:PHPSESSID=7ficmi53fn80h3alhbsb1d4pk3
Accept:text/html,application/xhtml+xml,application/xml;q=0.9,image/avif,image/webp,image/apng,*/*;q=0.8,application/signed-exchange;v=b3;q=0.9
User-Agent:Mozilla/5.0 (X11; Linux x86_64) AppleWebKit/537.36 (KHTML, like Gecko) Chrome/85.0.4183.102 Safari/537.36
Referer:http://web/pictures/recent.php
Upgrade-Insecure-Requests:1
",cf83e1357eefb8bdf1542850d66d8007d620e4050b5715dc83f4a921d36ce9ce47d0d13c5d85f2b0ff8318d2877eec2f63b931bd47417a81a538327af927da3e,"Keep-Alive:timeout=5, max=39
Server:Apache/2.4.7 (Ubuntu)
Connection:Keep-Alive
Pragma:no-cache
Date:Mon, 11 May 2026 20:40:26 GMT
Cache-Control:no-store, no-cache, must-revalidate, post-check=0, pre-check=0
Content-Encoding:gzip
Vary:Accept-Encoding
Expires:Thu, 19 Nov 1981 08:52:00 GMT
Content-Length:974
X-Powered-By:PHP/5.5.9-1ubuntu4.29
Content-Type:text/html
",903eff4574a3d924fb91c261be9ce09be63bba8864c543fd30c31608fc7e04f5271026b2c9598feee6d6bb88d58b05c78ba37f87af47380d692a9fa8571f7fd9,200
http://web/passcheck.php,GET,"Cookie:PHPSESSID=7ficmi53fn80h3alhbsb1d4pk3
Accept:text/html,application/xhtml+xml,application/xml;q=0.9,image/avif,image/webp,image/apng,*/*;q=0.8,application/signed-exchange;v=b3;q=0.9
User-Agent:Mozilla/5.0 (X11; Linux x86_64) AppleWebKit/537.36 (KHTML, like Gecko) Chrome/85.0.4183.102 Safari/537.36
Referer:http://web/users/register.php
Upgrade-Insecure-Requests:1
",cf83e1357eefb8bdf1542850d66d8007d620e4050b5715dc83f4a921d36ce9ce47d0d13c5d85f2b0ff8318d2877eec2f63b931bd47417a81a538327af927da3e,"Keep-Alive:timeout=5, max=55
Server:Apache/2.4.7 (Ubuntu)
Connection:Keep-Alive
Pragma:no-cache
Date:Mon, 11 May 2026 20:42:44 GMT
Cache-Control:no-store, no-cache, must-revalidate, post-check=0, pre-check=0
Content-Encoding:gzip
Vary:Accept-Encoding
Expires:Thu, 19 Nov 1981 08:52:00 GMT
Content-Length:928
X-Powered-By:PHP/5.5.9-1ubuntu4.29
Content-Type:text/html
",42851feb477d6c5d2d075b9c5f1f34fb62f0db42820451aa47a3fec1a81a9da60edc63843ac49985c8cf5f07a7a38ae505fd3c559137469d03ad7618cb37b2b8,200
http://web/calendar.php,GET,"Cookie:PHPSESSID=7ficmi53fn80h3alhbsb1d4pk3
Accept:text/html,application/xhtml+xml,application/xml;q=0.9,image/avif,image/webp,image/apng,*/*;q=0.8,application/signed-exchange;v=b3;q=0.9
User-Agent:Mozilla/5.0 (X11; Linux x86_64) AppleWebKit/537.36 (KHTML, like Gecko) Chrome/85.0.4183.102 Safari/537.36
Referer:http://web/
Upgrade-Insecure-Requests:1
",cf83e1357eefb8bdf1542850d66d8007d620e4050b5715dc83f4a921d36ce9ce47d0d13c5d85f2b0ff8318d2877eec2f63b931bd47417a81a538327af927da3e,"Keep-Alive:timeout=5, max=44
Server:Apache/2.4.7 (Ubuntu)
Connection:Keep-Alive
Pragma:no-cache
Date:Mon, 11 May 2026 20:42:53 GMT
Cache-Control:no-store, no-cache, must-revalidate, post-check=0, pre-check=0
Content-Encoding:gzip
Vary:Accept-Encoding
Expires:Thu, 19 Nov 1981 08:52:00 GMT
Content-Length:943
X-Powered-By:PHP/5.5.9-1ubuntu4.29
Content-Type:text/html
",7d83507db2443f3860f6be6ca072b766993406dfd9b5cd59ce04f2e46bb80793c8aee3c313d3a91454963fa1fb269d2d05451265b40c964de1619bf5aeb573a2,200
http://web/calendar.php?date=1778791443,GET,"Cookie:PHPSESSID=7ficmi53fn80h3alhbsb1d4pk3
Accept:text/html,application/xhtml+xml,application/xml;q=0.9,image/avif,image/webp,image/apng,*/*;q=0.8,application/signed-exchange;v=b3;q=0.9
User-Agent:Mozilla/5.0 (X11; Linux x86_64) AppleWebKit/537.36 (KHTML, like Gecko) Chrome/85.0.4183.102 Safari/537.36
Referer:http://web/calendar.php?date=1778705043
Upgrade-Insecure-Requests:1
",cf83e1357eefb8bdf1542850d66d8007d620e4050b5715dc83f4a921d36ce9ce47d0d13c5d85f2b0ff8318d2877eec2f63b931bd47417a81a538327af927da3e,"Keep-Alive:timeout=5, max=41
Server:Apache/2.4.7 (Ubuntu)
Connection:Keep-Alive
Pragma:no-cache
Date:Mon, 11 May 2026 20:44:04 GMT
Cache-Control:no-store, no-cache, must-revalidate, post-check=0, pre-check=0
Content-Encoding:gzip
Vary:Accept-Encoding
Expires:Thu, 19 Nov 1981 08:52:00 GMT
Content-Length:944
X-Powered-By:PHP/5.5.9-1ubuntu4.29
Content-Type:text/html
",a44dcee2eed2b954d0bb399e0ac60349f07a4268f496749cc76d594e8e8c3f9e9f2bab1ef2afbd1fd325ea1d9153aaeb4facb3c9991837a11d77edd90d3d6c20,200
http://web/calendar.php?date=1778618585,GET,"Cookie:PHPSESSID=7ficmi53fn80h3alhbsb1d4pk3
Accept:text/html,application/xhtml+xml,application/xml;q=0.9,image/avif,image/webp,image/apng,*/*;q=0.8,application/signed-exchange;v=b3;q=0.9
User-Agent:Mozilla/5.0 (X11; Linux x86_64) AppleWebKit/537.36 (KHTML, like Gecko) Chrome/85.0.4183.102 Safari/537.36
Referer:http://web/calendar.php
Upgrade-Insecure-Requests:1
",cf83e1357eefb8bdf1542850d66d8007d620e4050b5715dc83f4a921d36ce9ce47d0d13c5d85f2b0ff8318d2877eec2f63b931bd47417a81a538327af927da3e,"Keep-Alive:timeout=5, max=25
Server:Apache/2.4.7 (Ubuntu)
Connection:Keep-Alive
Pragma:no-cache
Date:Mon, 11 May 2026 20:43:05 GMT
Cache-Control:no-store, no-cache, must-revalidate, post-check=0, pre-check=0
Content-Encoding:gzip
Vary:Accept-Encoding
Expires:Thu, 19 Nov 1981 08:52:00 GMT
Content-Length:944
X-Powered-By:PHP/5.5.9-1ubuntu4.29
Content-Type:text/html
",12c06208ba81c027505ed37c702f6c3ece13bf36cc6da7b258aa4a6ed5e1560c0b893b219af3c767ad6fbd208f1f5763a4b17be1be5d43178ad245a9460606dc,200
http://web/css/stylings.css,GET,"Cookie:PHPSESSID=7ficmi53fn80h3alhbsb1d4pk3
Accept:text/css,*/*;q=0.1
User-Agent:Mozilla/5.0 (X11; Linux x86_64) AppleWebKit/537.36 (KHTML, like Gecko) Chrome/85.0.4183.102 Safari/537.36
Referer:http://web/
",cf83e1357eefb8bdf1542850d66d8007d620e4050b5715dc83f4a921d36ce9ce47d0d13c5d85f2b0ff8318d2877eec2f63b931bd47417a81a538327af927da3e,"Server:Apache/2.4.7 (Ubuntu)
Last-Modified:Thu, 02 Feb 2017 22:24:09 GMT
Date:Mon, 11 May 2026 20:39:28 GMT
Accept-Ranges:bytes
ETag:""c29-547939fb8b440-gzip""
Content-Encoding:gzip
Vary:Accept-Encoding
Content-Length:838
Content-Type:text/css
",e6142d743628221ad60b6d12a0b444a077ed8ede2504b511ffffde908ffe459f09875b3901f9a63ec228906521c445248f9277e14f591205808d8dfc200df823,200
http://web/,GET,"Cookie:PHPSESSID=7ficmi53fn80h3alhbsb1d4pk3
Accept:text/html,application/xhtml+xml,application/xml;q=0.9,image/avif,image/webp,image/apng,*/*;q=0.8,application/signed-exchange;v=b3;q=0.9
User-Agent:Mozilla/5.0 (X11; Linux x86_64) AppleWebKit/537.36 (KHTML, like Gecko) Chrome/85.0.4183.102 Safari/537.36
Upgrade-Insecure-Requests:1
",cf83e1357eefb8bdf1542850d66d8007d620e4050b5715dc83f4a921d36ce9ce47d0d13c5d85f2b0ff8318d2877eec2f63b931bd47417a81a538327af927da3e,"Keep-Alive:timeout=5, max=4
Server:Apache/2.4.7 (Ubuntu)
Connection:Keep-Alive
Pragma:no-cache
Date:Mon, 11 May 2026 20:40:48 GMT
Cache-Control:no-store, no-cache, must-revalidate, post-check=0, pre-check=0
Content-Encoding:gzip
Vary:Accept-Encoding
Expires:Thu, 19 Nov 1981 08:52:00 GMT
Content-Length:1283
X-Powered-By:PHP/5.5.9-1ubuntu4.29
Content-Type:text/html
",f412778a076719d85d749bd07ce9b6a6542889877e8a401f16ae6d3f16d1c4d1a5cbabad1306909c9c56b92c78b6352650e65617853d228e7a432003714344da,200
http://web/users/login.php,GET,"Cookie:PHPSESSID=7ficmi53fn80h3alhbsb1d4pk3
Accept:text/html,application/xhtml+xml,application/xml;q=0.9,image/avif,image/webp,image/apng,*/*;q=0.8,application/signed-exchange;v=b3;q=0.9
User-Agent:Mozilla/5.0 (X11; Linux x86_64) AppleWebKit/537.36 (KHTML, like Gecko) Chrome/85.0.4183.102 Safari/537.36
Referer:http://web/pictures/recent.php
Upgrade-Insecure-Requests:1
",cf83e1357eefb8bdf1542850d66d8007d620e4050b5715dc83f4a921d36ce9ce47d0d13c5d85f2b0ff8318d2877eec2f63b931bd47417a81a538327af927da3e,"Keep-Alive:timeout=5, max=47
Server:Apache/2.4.7 (Ubuntu)
Connection:Keep-Alive
Pragma:no-cache
Date:Mon, 11 May 2026 20:40:21 GMT
Cache-Control:no-store, no-cache, must-revalidate, post-check=0, pre-check=0
Content-Encoding:gzip
Vary:Accept-Encoding
Expires:Thu, 19 Nov 1981 08:52:00 GMT
Content-Length:976
X-Powered-By:PHP/5.5.9-1ubuntu4.29
Content-Type:text/html
",03ac45c5ccca498a91ea05ad4e8bb1a9a4e7fb7bf04f23270ff3afaf5b75382235143e586592296cf39aaff9851b6d4c66ebf55f2b7d042f5c8eadcc090b72e2,200
http://web/users/register.php,GET,"Cookie:PHPSESSID=7ficmi53fn80h3alhbsb1d4pk3
Accept:text/html,application/xhtml+xml,application/xml;q=0.9,image/avif,image/webp,image/apng,*/*;q=0.8,application/signed-exchange;v=b3;q=0.9
User-Agent:Mozilla/5.0 (X11; Linux x86_64) AppleWebKit/537.36 (KHTML, like Gecko) Chrome/85.0.4183.102 Safari/537.36
Referer:http://web/
Upgrade-Insecure-Requests:1
",cf83e1357eefb8bdf1542850d66d8007d620e4050b5715dc83f4a921d36ce9ce47d0d13c5d85f2b0ff8318d2877eec2f63b931bd47417a81a538327af927da3e,"Keep-Alive:timeout=5, max=84
Server:Apache/2.4.7 (Ubuntu)
Connection:Keep-Alive
Pragma:no-cache
Date:Mon, 11 May 2026 20:39:52 GMT
Cache-Control:no-store, no-cache, must-revalidate, post-check=0, pre-check=0
Content-Encoding:gzip
Vary:Accept-Encoding
Expires:Thu, 19 Nov 1981 08:52:00 GMT
Content-Length:1100
X-Powered-By:PHP/5.5.9-1ubuntu4.29
Content-Type:text/html
",82ed41cd4aa57918409cc153343529081d985800838341da51e148b7b053b5df553cf3f91768a33b83e7c127eb2e3fb186ad8d22e71e77b5ffffa705457d138f,200
http://web/calendar.php,GET,"Cookie:PHPSESSID=7ficmi53fn80h3alhbsb1d4pk3
Accept:text/html,application/xhtml+xml,application/xml;q=0.9,image/avif,image/webp,image/apng,*/*;q=0.8,application/signed-exchange;v=b3;q=0.9
User-Agent:Mozilla/5.0 (X11; Linux x86_64) AppleWebKit/537.36 (KHTML, like Gecko) Chrome/85.0.4183.102 Safari/537.36
Referer:http://web/
Upgrade-Insecure-Requests:1
",cf83e1357eefb8bdf1542850d66d8007d620e4050b5715dc83f4a921d36ce9ce47d0d13c5d85f2b0ff8318d2877eec2f63b931bd47417a81a538327af927da3e,"Keep-Alive:timeout=5, max=44
Server:Apache/2.4.7 (Ubuntu)
Connection:Keep-Alive
Pragma:no-cache
Date:Mon, 11 May 2026 20:44:03 GMT
Cache-Control:no-store, no-cache, must-revalidate, post-check=0, pre-check=0
Content-Encoding:gzip
Vary:Accept-Encoding
Expires:Thu, 19 Nov 1981 08:52:00 GMT
Content-Length:944
X-Powered-By:PHP/5.5.9-1ubuntu4.29
Content-Type:text/html
",ff38b269f189c7badf80e85a3e1d8005687edbcf918273f3aca3a1936c7e39ed51a1a129c1cf38c1ee14bbfb6246110927a236516bf9a46b6164ccaee6a39514,200
http://web/css/blueprint/print.css,GET,"Cookie:PHPSESSID=7ficmi53fn80h3alhbsb1d4pk3
Accept:text/css,*/*;q=0.1
User-Agent:Mozilla/5.0 (X11; Linux x86_64) AppleWebKit/537.36 (KHTML, like Gecko) Chrome/85.0.4183.102 Safari/537.36
Referer:http://web/
",cf83e1357eefb8bdf1542850d66d8007d620e4050b5715dc83f4a921d36ce9ce47d0d13c5d85f2b0ff8318d2877eec2f63b931bd47417a81a538327af927da3e,"Keep-Alive:timeout=5, max=98
Server:Apache/2.4.7 (Ubuntu)
Connection:Keep-Alive
Last-Modified:Thu, 02 Feb 2017 22:24:09 GMT
Date:Mon, 11 May 2026 20:39:28 GMT
Accept-Ranges:bytes
ETag:""52d-547939fb8b440-gzip""
Content-Encoding:gzip
Vary:Accept-Encoding
Content-Length:674
Content-Type:text/css
",382bc7f4ad396de8dacb65598554ab8e1fe76b268c9b97e377be5fe694d07688463ac138e683332f401b64a7a2e8418a2a9f7f9d96e548ee8581d228368f7524,200
http://web/images/search_button_white.gif,GET,"Cookie:PHPSESSID=7ficmi53fn80h3alhbsb1d4pk3
Accept:image/avif,image/webp,image/apng,image/*,*/*;q=0.8
User-Agent:Mozilla/5.0 (X11; Linux x86_64) AppleWebKit/537.36 (KHTML, like Gecko) Chrome/85.0.4183.102 Safari/537.36
Referer:http://web/
",cf83e1357eefb8bdf1542850d66d8007d620e4050b5715dc83f4a921d36ce9ce47d0d13c5d85f2b0ff8318d2877eec2f63b931bd47417a81a538327af927da3e,"Keep-Alive:timeout=5, max=97
Server:Apache/2.4.7 (Ubuntu)
Connection:Keep-Alive
Last-Modified:Thu, 02 Feb 2017 22:24:09 GMT
Date:Mon, 11 May 2026 20:39:28 GMT
Accept-Ranges:bytes
ETag:""1fc-547939fb8b440""
Content-Length:508
Content-Type:image/gif
",c3542cdf07970477cd82086f3e0968a355533cde628c45a2018ac340357b7d2ee35b6e4bf7915290f24a679250722d300985f0ea7b2482b30ac4f8447b2f35c8,200
http://web/users/sample.php?userid=1,GET,"Cookie:PHPSESSID=7ficmi53fn80h3alhbsb1d4pk3
Accept:text/html,application/xhtml+xml,application/xml;q=0.9,image/avif,image/webp,image/apng,*/*;q=0.8,application/signed-exchange;v=b3;q=0.9
User-Agent:Mozilla/5.0 (X11; Linux x86_64) AppleWebKit/537.36 (KHTML, like Gecko) Chrome/85.0.4183.102 Safari/537.36
Referer:http://web/
Upgrade-Insecure-Requests:1
",cf83e1357eefb8bdf1542850d66d8007d620e4050b5715dc83f4a921d36ce9ce47d0d13c5d85f2b0ff8318d2877eec2f63b931bd47417a81a538327af927da3e,"Keep-Alive:timeout=5, max=38
Server:Apache/2.4.7 (Ubuntu)
Connection:Keep-Alive
Pragma:no-cache
Date:Mon, 11 May 2026 20:41:41 GMT
Cache-Control:no-store, no-cache, must-revalidate, post-check=0, pre-check=0
Content-Encoding:gzip
Vary:Accept-Encoding
Expires:Thu, 19 Nov 1981 08:52:00 GMT
Content-Length:982
X-Powered-By:PHP/5.5.9-1ubuntu4.29
Content-Type:text/html
",c232e4d91399078d7956204f2a1c40bbaf920396e9ca7b96d14e05cd0ea375f799cd9dc533e0cfdab37ac5f4e774299e97e773a8f2392b43862f1ec2700768fa,200
http://web/pictures/recent.php,GET,"Cookie:PHPSESSID=7ficmi53fn80h3alhbsb1d4pk3
Accept:text/html,application/xhtml+xml,application/xml;q=0.9,image/avif,image/webp,image/apng,*/*;q=0.8,application/signed-exchange;v=b3;q=0.9
User-Agent:Mozilla/5.0 (X11; Linux x86_64) AppleWebKit/537.36 (KHTML, like Gecko) Chrome/85.0.4183.102 Safari/537.36
Referer:http://web/pictures/recent.php
Upgrade-Insecure-Requests:1
",cf83e1357eefb8bdf1542850d66d8007d620e4050b5715dc83f4a921d36ce9ce47d0d13c5d85f2b0ff8318d2877eec2f63b931bd47417a81a538327af927da3e,"Keep-Alive:timeout=5, max=53
Server:Apache/2.4.7 (Ubuntu)
Connection:Keep-Alive
Pragma:no-cache
Date:Mon, 11 May 2026 20:40:16 GMT
Cache-Control:no-store, no-cache, must-revalidate, post-check=0, pre-check=0
Content-Encoding:gzip
Vary:Accept-Encoding
Expires:Thu, 19 Nov 1981 08:52:00 GMT
Content-Length:1087
X-Powered-By:PHP/5.5.9-1ubuntu4.29
Content-Type:text/html
",35bbaebb1f95a9f2fd5c5c9c97496566f5702300a05191225e6d988f836f7d3f23ec3092942ab08ad17fa14d4041d2ca31857362ef25e022a19d3ac3dbf723a4,200
http://web/pictures/upload.php,GET,"Cookie:PHPSESSID=7ficmi53fn80h3alhbsb1d4pk3
Accept:text/html,application/xhtml+xml,application/xml;q=0.9,image/avif,image/webp,image/apng,*/*;q=0.8,application/signed-exchange;v=b3;q=0.9
User-Agent:Mozilla/5.0 (X11; Linux x86_64) AppleWebKit/537.36 (KHTML, like Gecko) Chrome/85.0.4183.102 Safari/537.36
Referer:http://web/calendar.php
Upgrade-Insecure-Requests:1
",cf83e1357eefb8bdf1542850d66d8007d620e4050b5715dc83f4a921d36ce9ce47d0d13c5d85f2b0ff8318d2877eec2f63b931bd47417a81a538327af927da3e,"Keep-Alive:timeout=5, max=13
Server:Apache/2.4.7 (Ubuntu)
Connection:Keep-Alive
Pragma:no-cache
Date:Mon, 11 May 2026 20:42:00 GMT
Cache-Control:no-store, no-cache, must-revalidate, post-check=0, pre-check=0
Expires:Thu, 19 Nov 1981 08:52:00 GMT
Content-Length:41
X-Powered-By:PHP/5.5.9-1ubuntu4.29
Location:/users/login.php
Content-Type:text/html
",cf83e1357eefb8bdf1542850d66d8007d620e4050b5715dc83f4a921d36ce9ce47d0d13c5d85f2b0ff8318d2877eec2f63b931bd47417a81a538327af927da3e,303
http://web/guestbook.php,GET,"Cookie:PHPSESSID=7ficmi53fn80h3alhbsb1d4pk3
Accept:text/html,application/xhtml+xml,application/xml;q=0.9,image/avif,image/webp,image/apng,*/*;q=0.8,application/signed-exchange;v=b3;q=0.9
User-Agent:Mozilla/5.0 (X11; Linux x86_64) AppleWebKit/537.36 (KHTML, like Gecko) Chrome/85.0.4183.102 Safari/537.36
Referer:http://web/
Upgrade-Insecure-Requests:1
",cf83e1357eefb8bdf1542850d66d8007d620e4050b5715dc83f4a921d36ce9ce47d0d13c5d85f2b0ff8318d2877eec2f63b931bd47417a81a538327af927da3e,"Keep-Alive:timeout=5, max=82
Server:Apache/2.4.7 (Ubuntu)
Connection:Keep-Alive
Pragma:no-cache
Date:Mon, 11 May 2026 20:41:07 GMT
Cache-Control:no-store, no-cache, must-revalidate, post-check=0, pre-check=0
Content-Encoding:gzip
Vary:Accept-Encoding
Expires:Thu, 19 Nov 1981 08:52:00 GMT
Content-Length:998
X-Powered-By:PHP/5.5.9-1ubuntu4.29
Content-Type:text/html
",cbbf16dc1ff667dc3fa09f22a670a5df2b2c0e252ff7deeff0933bc883a58f2b7cc29e462ddcbd08f077e536cdced2e092c16e9a4b57f9133c02f019597a45a5,200
http://web/,GET,"Cookie:PHPSESSID=7ficmi53fn80h3alhbsb1d4pk3
Accept:text/html,application/xhtml+xml,application/xml;q=0.9,image/avif,image/webp,image/apng,*/*;q=0.8,application/signed-exchange;v=b3;q=0.9
User-Agent:Mozilla/5.0 (X11; Linux x86_64) AppleWebKit/537.36 (KHTML, like Gecko) Chrome/85.0.4183.102 Safari/537.36
Upgrade-Insecure-Requests:1
",cf83e1357eefb8bdf1542850d66d8007d620e4050b5715dc83f4a921d36ce9ce47d0d13c5d85f2b0ff8318d2877eec2f63b931bd47417a81a538327af927da3e,"Keep-Alive:timeout=5, max=83
Server:Apache/2.4.7 (Ubuntu)
Connection:Keep-Alive
Pragma:no-cache
Date:Mon, 11 May 2026 20:41:06 GMT
Cache-Control:no-store, no-cache, must-revalidate, post-check=0, pre-check=0
Content-Encoding:gzip
Vary:Accept-Encoding
Expires:Thu, 19 Nov 1981 08:52:00 GMT
Content-Length:1284
X-Powered-By:PHP/5.5.9-1ubuntu4.29
Content-Type:text/html
",e8d2f2c0ddc831a2b3d31edbad3e2f405af2be8a288214029efa125ff775c12dfb5ddd230a3c4173cc50ba30f14a0781fb2606099419ef14c0f14ccfcd4eb4fe,200
http://web/admin/index.php?page=login,GET,"Cookie:PHPSESSID=7ficmi53fn80h3alhbsb1d4pk3
Accept:text/html,application/xhtml+xml,application/xml;q=0.9,image/avif,image/webp,image/apng,*/*;q=0.8,application/signed-exchange;v=b3;q=0.9
User-Agent:Mozilla/5.0 (X11; Linux x86_64) AppleWebKit/537.36 (KHTML, like Gecko) Chrome/85.0.4183.102 Safari/537.36
Referer:http://web/users/register.php
Upgrade-Insecure-Requests:1
",cf83e1357eefb8bdf1542850d66d8007d620e4050b5715dc83f4a921d36ce9ce47d0d13c5d85f2b0ff8318d2877eec2f63b931bd47417a81a538327af927da3e,"Keep-Alive:timeout=5, max=58
Server:Apache/2.4.7 (Ubuntu)
Connection:Keep-Alive
Pragma:no-cache
Date:Mon, 11 May 2026 20:41:27 GMT
Cache-Control:no-store, no-cache, must-revalidate, post-check=0, pre-check=0
Content-Encoding:gzip
Vary:Accept-Encoding
Expires:Thu, 19 Nov 1981 08:52:00 GMT
Content-Length:216
X-Powered-By:PHP/5.5.9-1ubuntu4.29
Content-Type:text/html
",0b01bb03c5f866693a5171a8d8eef398557d8911590320e0380886b3a451278aa810d5ef262abf36c21c311cd3fc73aa914295951c831df968d9b933eac9a2b1,200
http://web/,GET,"Cookie:PHPSESSID=7ficmi53fn80h3alhbsb1d4pk3
Accept:text/html,application/xhtml+xml,application/xml;q=0.9,image/avif,image/webp,image/apng,*/*;q=0.8,application/signed-exchange;v=b3;q=0.9
User-Agent:Mozilla/5.0 (X11; Linux x86_64) AppleWebKit/537.36 (KHTML, like Gecko) Chrome/85.0.4183.102 Safari/537.36
Referer:http://web/users/sample.php?userid=1
Upgrade-Insecure-Requests:1
",cf83e1357eefb8bdf1542850d66d8007d620e4050b5715dc83f4a921d36ce9ce47d0d13c5d85f2b0ff8318d2877eec2f63b931bd47417a81a538327af927da3e,"Keep-Alive:timeout=5, max=27
Server:Apache/2.4.7 (Ubuntu)
Connection:Keep-Alive
Pragma:no-cache
Date:Mon, 11 May 2026 20:41:49 GMT
Cache-Control:no-store, no-cache, must-revalidate, post-check=0, pre-check=0
Content-Encoding:gzip
Vary:Accept-Encoding
Expires:Thu, 19 Nov 1981 08:52:00 GMT
Content-Length:1284
X-Powered-By:PHP/5.5.9-1ubuntu4.29
Content-Type:text/html
",2abf00ced3a89040515bf2f00210323f42cf15d3ae4985cf1bde0be018118437fdfbb1c056a58d033d3f689e67d4150c83f06a262b6f15f6d356d371cd89e1a9,200
http://web/pictures/recent.php,GET,"Cookie:PHPSESSID=7ficmi53fn80h3alhbsb1d4pk3
Accept:text/html,application/xhtml+xml,application/xml;q=0.9,image/avif,image/webp,image/apng,*/*;q=0.8,application/signed-exchange;v=b3;q=0.9
User-Agent:Mozilla/5.0 (X11; Linux x86_64) AppleWebKit/537.36 (KHTML, like Gecko) Chrome/85.0.4183.102 Safari/537.36
Referer:http://web/
Upgrade-Insecure-Requests:1
",cf83e1357eefb8bdf1542850d66d8007d620e4050b5715dc83f4a921d36ce9ce47d0d13c5d85f2b0ff8318d2877eec2f63b931bd47417a81a538327af927da3e,"Keep-Alive:timeout=5, max=13
Server:Apache/2.4.7 (Ubuntu)
Connection:Keep-Alive
Pragma:no-cache
Date:Mon, 11 May 2026 20:40:42 GMT
Cache-Control:no-store, no-cache, must-revalidate, post-check=0, pre-check=0
Content-Encoding:gzip
Vary:Accept-Encoding
Expires:Thu, 19 Nov 1981 08:52:00 GMT
Content-Length:1087
X-Powered-By:PHP/5.5.9-1ubuntu4.29
Content-Type:text/html
",c3de4eb9ac9c1fa457a55ef8289dea8258336994a25dae00ac83239382964998cf9ab00d2aee13f1e221345e2e31a9fa7bc93c1edb4d33d6a7a0c5370faf3036,200
http://web/calendar.php?date=1778618623,GET,"Cookie:PHPSESSID=7ficmi53fn80h3alhbsb1d4pk3
Accept:text/html,application/xhtml+xml,application/xml;q=0.9,image/avif,image/webp,image/apng,*/*;q=0.8,application/signed-exchange;v=b3;q=0.9
User-Agent:Mozilla/5.0 (X11; Linux x86_64) AppleWebKit/537.36 (KHTML, like Gecko) Chrome/85.0.4183.102 Safari/537.36
Referer:http://web/calendar.php
Upgrade-Insecure-Requests:1
",cf83e1357eefb8bdf1542850d66d8007d620e4050b5715dc83f4a921d36ce9ce47d0d13c5d85f2b0ff8318d2877eec2f63b931bd47417a81a538327af927da3e,"Keep-Alive:timeout=5, max=72
Server:Apache/2.4.7 (Ubuntu)
Connection:Keep-Alive
Pragma:no-cache
Date:Mon, 11 May 2026 20:43:44 GMT
Cache-Control:no-store, no-cache, must-revalidate, post-check=0, pre-check=0
Content-Encoding:gzip
Vary:Accept-Encoding
Expires:Thu, 19 Nov 1981 08:52:00 GMT
Content-Length:944
X-Powered-By:PHP/5.5.9-1ubuntu4.29
Content-Type:text/html
",7330d65f72a2096275d632d3cdbdcbcec4ab3b628773f64da966131a6f1261bb7518c4906e6a8c7fdfa900a40b11fdf6a4ce2d79a0d9b866e700cee87661a342,200
http://web/admin/index.php?page=login,GET,"Cookie:PHPSESSID=7ficmi53fn80h3alhbsb1d4pk3
Accept:text/html,application/xhtml+xml,application/xml;q=0.9,image/avif,image/webp,image/apng,*/*;q=0.8,application/signed-exchange;v=b3;q=0.9
User-Agent:Mozilla/5.0 (X11; Linux x86_64) AppleWebKit/537.36 (KHTML, like Gecko) Chrome/85.0.4183.102 Safari/537.36
Referer:http://web/calendar.php?date=1778618595
Upgrade-Insecure-Requests:1
",cf83e1357eefb8bdf1542850d66d8007d620e4050b5715dc83f4a921d36ce9ce47d0d13c5d85f2b0ff8318d2877eec2f63b931bd47417a81a538327af927da3e,"Keep-Alive:timeout=5, max=11
Server:Apache/2.4.7 (Ubuntu)
Connection:Keep-Alive
Pragma:no-cache
Date:Mon, 11 May 2026 20:43:16 GMT
Cache-Control:no-store, no-cache, must-revalidate, post-check=0, pre-check=0
Content-Encoding:gzip
Vary:Accept-Encoding
Expires:Thu, 19 Nov 1981 08:52:00 GMT
Content-Length:217
X-Powered-By:PHP/5.5.9-1ubuntu4.29
Content-Type:text/html
",6799eab5cc36d8b9b116c5f792dd06d326adac43cd64c971fb896d140b0dc9089387e309ab523ea61eb5170a510912aa155aafe84489f418e6dbb90249964053,200
http://web/calendar.php,GET,"Cookie:PHPSESSID=7ficmi53fn80h3alhbsb1d4pk3
Accept:text/html,application/xhtml+xml,application/xml;q=0.9,image/avif,image/webp,image/apng,*/*;q=0.8,application/signed-exchange;v=b3;q=0.9
User-Agent:Mozilla/5.0 (X11; Linux x86_64) AppleWebKit/537.36 (KHTML, like Gecko) Chrome/85.0.4183.102 Safari/537.36
Referer:http://web/
Upgrade-Insecure-Requests:1
",cf83e1357eefb8bdf1542850d66d8007d620e4050b5715dc83f4a921d36ce9ce47d0d13c5d85f2b0ff8318d2877eec2f63b931bd47417a81a538327af927da3e,"Keep-Alive:timeout=5, max=89
Server:Apache/2.4.7 (Ubuntu)
Connection:Keep-Alive
Pragma:no-cache
Date:Mon, 11 May 2026 20:43:31 GMT
Cache-Control:no-store, no-cache, must-revalidate, post-check=0, pre-check=0
Content-Encoding:gzip
Vary:Accept-Encoding
Expires:Thu, 19 Nov 1981 08:52:00 GMT
Content-Length:943
X-Powered-By:PHP/5.5.9-1ubuntu4.29
Content-Type:text/html
",70257c525973f92865ebdd0931d8f88c4a03b316232f43ce963e646c8ba588666276fff5d3dce60f66ee44327ad33c2e6b9538f73cc7238b78c0fcfe08a79419,200
http://web/pictures/recent.php,GET,"Cookie:PHPSESSID=7ficmi53fn80h3alhbsb1d4pk3
Accept:text/html,application/xhtml+xml,application/xml;q=0.9,image/avif,image/webp,image/apng,*/*;q=0.8,application/signed-exchange;v=b3;q=0.9
User-Agent:Mozilla/5.0 (X11; Linux x86_64) AppleWebKit/537.36 (KHTML, like Gecko) Chrome/85.0.4183.102 Safari/537.36
Referer:http://web/calendar.php
Upgrade-Insecure-Requests:1
",cf83e1357eefb8bdf1542850d66d8007d620e4050b5715dc83f4a921d36ce9ce47d0d13c5d85f2b0ff8318d2877eec2f63b931bd47417a81a538327af927da3e,"Keep-Alive:timeout=5, max=9
Server:Apache/2.4.7 (Ubuntu)
Connection:Keep-Alive
Pragma:no-cache
Date:Mon, 11 May 2026 20:42:02 GMT
Cache-Control:no-store, no-cache, must-revalidate, post-check=0, pre-check=0
Content-Encoding:gzip
Vary:Accept-Encoding
Expires:Thu, 19 Nov 1981 08:52:00 GMT
Content-Length:1087
X-Powered-By:PHP/5.5.9-1ubuntu4.29
Content-Type:text/html
",0187fa06a4d58971d6fcba15cbba642dd070af3a72c3d8f2431bc72dc3620e0245c49a9e047f1477a8dec404ca1de8a575f47b53fe8ffa9783890ba67139f86f,200
http://web/pictures/recent.php,GET,"Cookie:PHPSESSID=7ficmi53fn80h3alhbsb1d4pk3
Accept:text/html,application/xhtml+xml,application/xml;q=0.9,image/avif,image/webp,image/apng,*/*;q=0.8,application/signed-exchange;v=b3;q=0.9
User-Agent:Mozilla/5.0 (X11; Linux x86_64) AppleWebKit/537.36 (KHTML, like Gecko) Chrome/85.0.4183.102 Safari/537.36
Referer:http://web/
Upgrade-Insecure-Requests:1
",cf83e1357eefb8bdf1542850d66d8007d620e4050b5715dc83f4a921d36ce9ce47d0d13c5d85f2b0ff8318d2877eec2f63b931bd47417a81a538327af927da3e,"Keep-Alive:timeout=5, max=6
Server:Apache/2.4.7 (Ubuntu)
Connection:Keep-Alive
Pragma:no-cache
Date:Mon, 11 May 2026 20:40:47 GMT
Cache-Control:no-store, no-cache, must-revalidate, post-check=0, pre-check=0
Content-Encoding:gzip
Vary:Accept-Encoding
Expires:Thu, 19 Nov 1981 08:52:00 GMT
Content-Length:1088
X-Powered-By:PHP/5.5.9-1ubuntu4.29
Content-Type:text/html
",55e0655b1859a195374c8bb4b4e2e6423ae638f86504339cd55dfe6614dbfeca51e0613029614bb7cd981f23fa2d69061bc2387382942d1277eb1660d22c83af,200
http://web/calendar.php,GET,"Cookie:PHPSESSID=7ficmi53fn80h3alhbsb1d4pk3
Accept:text/html,application/xhtml+xml,application/xml;q=0.9,image/avif,image/webp,image/apng,*/*;q=0.8,application/signed-exchange;v=b3;q=0.9
User-Agent:Mozilla/5.0 (X11; Linux x86_64) AppleWebKit/537.36 (KHTML, like Gecko) Chrome/85.0.4183.102 Safari/537.36
Referer:http://web/
Upgrade-Insecure-Requests:1
",cf83e1357eefb8bdf1542850d66d8007d620e4050b5715dc83f4a921d36ce9ce47d0d13c5d85f2b0ff8318d2877eec2f63b931bd47417a81a538327af927da3e,"Keep-Alive:timeout=5, max=92
Server:Apache/2.4.7 (Ubuntu)
Connection:Keep-Alive
Pragma:no-cache
Date:Mon, 11 May 2026 20:42:16 GMT
Cache-Control:no-store, no-cache, must-revalidate, post-check=0, pre-check=0
Content-Encoding:gzip
Vary:Accept-Encoding
Expires:Thu, 19 Nov 1981 08:52:00 GMT
Content-Length:943
X-Powered-By:PHP/5.5.9-1ubuntu4.29
Content-Type:text/html
",38e50cade21a99b28b1b59e9a8dd89cbcc2cdc90558c0781e6816157b2526996327131eb99a98913da04083afd9ff5f18a01f506917548d6ba164e53cb8be103,200
http://web/,GET,"Cookie:PHPSESSID=7ficmi53fn80h3alhbsb1d4pk3
Accept:text/html,application/xhtml+xml,application/xml;q=0.9,image/avif,image/webp,image/apng,*/*;q=0.8,application/signed-exchange;v=b3;q=0.9
User-Agent:Mozilla/5.0 (X11; Linux x86_64) AppleWebKit/537.36 (KHTML, like Gecko) Chrome/85.0.4183.102 Safari/537.36
Upgrade-Insecure-Requests:1
",cf83e1357eefb8bdf1542850d66d8007d620e4050b5715dc83f4a921d36ce9ce47d0d13c5d85f2b0ff8318d2877eec2f63b931bd47417a81a538327af927da3e,"Keep-Alive:timeout=5, max=87
Server:Apache/2.4.7 (Ubuntu)
Connection:Keep-Alive
Pragma:no-cache
Date:Mon, 11 May 2026 20:41:02 GMT
Cache-Control:no-store, no-cache, must-revalidate, post-check=0, pre-check=0
Content-Encoding:gzip
Vary:Accept-Encoding
Expires:Thu, 19 Nov 1981 08:52:00 GMT
Content-Length:1283
X-Powered-By:PHP/5.5.9-1ubuntu4.29
Content-Type:text/html
",ef0b753307832937a8b547320922adc7b12f5d532172da07db20b242fe3a70186f76dd1d1c735cb2db656113f893a45e88205df32cb30c83320b57a7283507f6,200
http://web/,GET,"Cookie:PHPSESSID=7ficmi53fn80h3alhbsb1d4pk3
Accept:text/html,application/xhtml+xml,application/xml;q=0.9,image/avif,image/webp,image/apng,*/*;q=0.8,application/signed-exchange;v=b3;q=0.9
User-Agent:Mozilla/5.0 (X11; Linux x86_64) AppleWebKit/537.36 (KHTML, like Gecko) Chrome/85.0.4183.102 Safari/537.36
Upgrade-Insecure-Requests:1
",cf83e1357eefb8bdf1542850d66d8007d620e4050b5715dc83f4a921d36ce9ce47d0d13c5d85f2b0ff8318d2877eec2f63b931bd47417a81a538327af927da3e,"Keep-Alive:timeout=5, max=60
Server:Apache/2.4.7 (Ubuntu)
Connection:Keep-Alive
Pragma:no-cache
Date:Mon, 11 May 2026 20:41:25 GMT
Cache-Control:no-store, no-cache, must-revalidate, post-check=0, pre-check=0
Content-Encoding:gzip
Vary:Accept-Encoding
Expires:Thu, 19 Nov 1981 08:52:00 GMT
Content-Length:1283
X-Powered-By:PHP/5.5.9-1ubuntu4.29
Content-Type:text/html
",04829a1b92aef49d1042d9d04fd16fdb78642bced881cfe95b519eb5d48f3449e18b6bc794e14abfd414c8804b7ce009e66dfd64b1fde19d1128e88597c8a35d,200
http://web/users/register.php,GET,"Cookie:PHPSESSID=7ficmi53fn80h3alhbsb1d4pk3
Accept:text/html,application/xhtml+xml,application/xml;q=0.9,image/avif,image/webp,image/apng,*/*;q=0.8,application/signed-exchange;v=b3;q=0.9
User-Agent:Mozilla/5.0 (X11; Linux x86_64) AppleWebKit/537.36 (KHTML, like Gecko) Chrome/85.0.4183.102 Safari/537.36
Referer:http://web/
Upgrade-Insecure-Requests:1
",cf83e1357eefb8bdf1542850d66d8007d620e4050b5715dc83f4a921d36ce9ce47d0d13c5d85f2b0ff8318d2877eec2f63b931bd47417a81a538327af927da3e,"Keep-Alive:timeout=5, max=59
Server:Apache/2.4.7 (Ubuntu)
Connection:Keep-Alive
Pragma:no-cache
Date:Mon, 11 May 2026 20:41:26 GMT
Cache-Control:no-store, no-cache, must-revalidate, post-check=0, pre-check=0
Content-Encoding:gzip
Vary:Accept-Encoding
Expires:Thu, 19 Nov 1981 08:52:00 GMT
Content-Length:1099
X-Powered-By:PHP/5.5.9-1ubuntu4.29
Content-Type:text/html
",1875a85e2c421b5ac9218d2d85a13ceafa3600d92182bc5a39d2808b234f3a437ead24818c42e14b9347af7fd8e8a994b90e112598d90db1b90e82bbbec48026,200
http://web/css/blueprint/screen.css,GET,"Cookie:PHPSESSID=7ficmi53fn80h3alhbsb1d4pk3
Accept:text/css,*/*;q=0.1
User-Agent:Mozilla/5.0 (X11; Linux x86_64) AppleWebKit/537.36 (KHTML, like Gecko) Chrome/85.0.4183.102 Safari/537.36
Referer:http://web/
",cf83e1357eefb8bdf1542850d66d8007d620e4050b5715dc83f4a921d36ce9ce47d0d13c5d85f2b0ff8318d2877eec2f63b931bd47417a81a538327af927da3e,"Keep-Alive:timeout=5, max=99
Server:Apache/2.4.7 (Ubuntu)
Connection:Keep-Alive
Last-Modified:Thu, 02 Feb 2017 22:24:09 GMT
Date:Mon, 11 May 2026 20:39:28 GMT
Accept-Ranges:bytes
ETag:""24c7-547939fb8b440-gzip""
Content-Encoding:gzip
Vary:Accept-Encoding
Content-Length:2682
Content-Type:text/css
",c0995dbb8c323ef465d8cc5d7b640b1a5435beb529b0c6e55594b1c0f3db66e859d23f70cfe8d93285234e722d677fca7c8887bee81a636881b2f91f221f976e,200
http://web/,GET,"Cookie:PHPSESSID=7ficmi53fn80h3alhbsb1d4pk3
Accept:text/html,application/xhtml+xml,application/xml;q=0.9,image/avif,image/webp,image/apng,*/*;q=0.8,application/signed-exchange;v=b3;q=0.9
User-Agent:Mozilla/5.0 (X11; Linux x86_64) AppleWebKit/537.36 (KHTML, like Gecko) Chrome/85.0.4183.102 Safari/537.36
Upgrade-Insecure-Requests:1
",cf83e1357eefb8bdf1542850d66d8007d620e4050b5715dc83f4a921d36ce9ce47d0d13c5d85f2b0ff8318d2877eec2f63b931bd47417a81a538327af927da3e,"Keep-Alive:timeout=5, max=34
Server:Apache/2.4.7 (Ubuntu)
Connection:Keep-Alive
Pragma:no-cache
Date:Mon, 11 May 2026 20:40:29 GMT
Cache-Control:no-store, no-cache, must-revalidate, post-check=0, pre-check=0
Content-Encoding:gzip
Vary:Accept-Encoding
Expires:Thu, 19 Nov 1981 08:52:00 GMT
Content-Length:1283
X-Powered-By:PHP/5.5.9-1ubuntu4.29
Content-Type:text/html
",fecd50c609222fd2ffe733ed17a1aa97cb62a5c3591476c39dd5c3bff22dd21c2e4f792037cd2f16358ef4e912e2c5474dd89fd81e44b79b56f2d64e78ea9c41,200
http://web/calendar.php?date=1778705023,GET,"Cookie:PHPSESSID=7ficmi53fn80h3alhbsb1d4pk3
Accept:text/html,application/xhtml+xml,application/xml;q=0.9,image/avif,image/webp,image/apng,*/*;q=0.8,application/signed-exchange;v=b3;q=0.9
User-Agent:Mozilla/5.0 (X11; Linux x86_64) AppleWebKit/537.36 (KHTML, like Gecko) Chrome/85.0.4183.102 Safari/537.36
Referer:http://web/calendar.php?date=1778618623
Upgrade-Insecure-Requests:1
",cf83e1357eefb8bdf1542850d66d8007d620e4050b5715dc83f4a921d36ce9ce47d0d13c5d85f2b0ff8318d2877eec2f63b931bd47417a81a538327af927da3e,"Keep-Alive:timeout=5, max=71
Server:Apache/2.4.7 (Ubuntu)
Connection:Keep-Alive
Pragma:no-cache
Date:Mon, 11 May 2026 20:43:44 GMT
Cache-Control:no-store, no-cache, must-revalidate, post-check=0, pre-check=0
Content-Encoding:gzip
Vary:Accept-Encoding
Expires:Thu, 19 Nov 1981 08:52:00 GMT
Content-Length:946
X-Powered-By:PHP/5.5.9-1ubuntu4.29
Content-Type:text/html
",3aae621d668b521efb386057ce95ab7d69bcc5a7d60a655c1d06b65fac51a3a9a085186ba59a0ba150b58dfc77f44354e5005f1402e22b71d8e6b4ab2695f760,200
http://web/pictures/recent.php,GET,"Cookie:PHPSESSID=7ficmi53fn80h3alhbsb1d4pk3
Accept:text/html,application/xhtml+xml,application/xml;q=0.9,image/avif,image/webp,image/apng,*/*;q=0.8,application/signed-exchange;v=b3;q=0.9
User-Agent:Mozilla/5.0 (X11; Linux x86_64) AppleWebKit/537.36 (KHTML, like Gecko) Chrome/85.0.4183.102 Safari/537.36
Referer:http://web/
Upgrade-Insecure-Requests:1
",cf83e1357eefb8bdf1542850d66d8007d620e4050b5715dc83f4a921d36ce9ce47d0d13c5d85f2b0ff8318d2877eec2f63b931bd47417a81a538327af927da3e,"Keep-Alive:timeout=5, max=25
Server:Apache/2.4.7 (Ubuntu)
Connection:Keep-Alive
Pragma:no-cache
Date:Mon, 11 May 2026 20:40:35 GMT
Cache-Control:no-store, no-cache, must-revalidate, post-check=0, pre-check=0
Content-Encoding:gzip
Vary:Accept-Encoding
Expires:Thu, 19 Nov 1981 08:52:00 GMT
Content-Length:1087
X-Powered-By:PHP/5.5.9-1ubuntu4.29
Content-Type:text/html
",d3b61dd2ea1bcb33ff09e2a07dd9a0a57f2ceb510ff6fa246b2ea6216c120ac3fe26d378f79987dc59b451b638af1b044a0ac8f59d11e181b188b84434aef0db,200
http://web/calendar.php,GET,"Cookie:PHPSESSID=7ficmi53fn80h3alhbsb1d4pk3
Accept:text/html,application/xhtml+xml,application/xml;q=0.9,image/avif,image/webp,image/apng,*/*;q=0.8,application/signed-exchange;v=b3;q=0.9
User-Agent:Mozilla/5.0 (X11; Linux x86_64) AppleWebKit/537.36 (KHTML, like Gecko) Chrome/85.0.4183.102 Safari/537.36
Referer:http://web/
Upgrade-Insecure-Requests:1
",cf83e1357eefb8bdf1542850d66d8007d620e4050b5715dc83f4a921d36ce9ce47d0d13c5d85f2b0ff8318d2877eec2f63b931bd47417a81a538327af927da3e,"Keep-Alive:timeout=5, max=100
Server:Apache/2.4.7 (Ubuntu)
Connection:Keep-Alive
Pragma:no-cache
Date:Mon, 11 May 2026 20:43:24 GMT
Cache-Control:no-store, no-cache, must-revalidate, post-check=0, pre-check=0
Content-Encoding:gzip
Vary:Accept-Encoding
Expires:Thu, 19 Nov 1981 08:52:00 GMT
Content-Length:943
X-Powered-By:PHP/5.5.9-1ubuntu4.29
Content-Type:text/html
",69d3124b3ab87b6c5ac488d5fedc393c07c06a3a3fd2592ad1f5fcb108b6d79310f917b38b5474faa6a6237946b4498c048951f6f62fc72b43fb1e763e189011,200
http://web/users/login.php,GET,"Cookie:PHPSESSID=7ficmi53fn80h3alhbsb1d4pk3
Accept:text/html,application/xhtml+xml,application/xml;q=0.9,image/avif,image/webp,image/apng,*/*;q=0.8,application/signed-exchange;v=b3;q=0.9
User-Agent:Mozilla/5.0 (X11; Linux x86_64) AppleWebKit/537.36 (KHTML, like Gecko) Chrome/85.0.4183.102 Safari/537.36
Referer:http://web/calendar.php?date=1778705004
Upgrade-Insecure-Requests:1
",cf83e1357eefb8bdf1542850d66d8007d620e4050b5715dc83f4a921d36ce9ce47d0d13c5d85f2b0ff8318d2877eec2f63b931bd47417a81a538327af927da3e,"Keep-Alive:timeout=5, max=96
Server:Apache/2.4.7 (Ubuntu)
Connection:Keep-Alive
Pragma:no-cache
Date:Mon, 11 May 2026 20:43:26 GMT
Cache-Control:no-store, no-cache, must-revalidate, post-check=0, pre-check=0
Content-Encoding:gzip
Vary:Accept-Encoding
Expires:Thu, 19 Nov 1981 08:52:00 GMT
Content-Length:976
X-Powered-By:PHP/5.5.9-1ubuntu4.29
Content-Type:text/html
",d1f2d1542e9032a90ee02d6cc755ae1b86fa47ce0ce90f1e74c62a410df7999daac4a0c756e7958c8f33f88d2a7c70704d555bf182bd34cc90fc97e65ddd3132,200
http://web/upload/house/our_house.128_128.jpg,GET,"Cookie:PHPSESSID=7ficmi53fn80h3alhbsb1d4pk3
Accept:image/avif,image/webp,image/apng,image/*,*/*;q=0.8
User-Agent:Mozilla/5.0 (X11; Linux x86_64) AppleWebKit/537.36 (KHTML, like Gecko) Chrome/85.0.4183.102 Safari/537.36
Referer:http://web/pictures/recent.php
",cf83e1357eefb8bdf1542850d66d8007d620e4050b5715dc83f4a921d36ce9ce47d0d13c5d85f2b0ff8318d2877eec2f63b931bd47417a81a538327af927da3e,"Server:Apache/2.4.7 (Ubuntu)
Last-Modified:Thu, 02 Feb 2017 22:24:09 GMT
Date:Mon, 11 May 2026 20:39:39 GMT
Accept-Ranges:bytes
ETag:""309c-547939fb8b440""
Content-Length:12444
Content-Type:image/jpeg
",7398d28ba3dbb6919f8252647510815990d20ed11d0df1881c26de538c790d1114201d4bbee0c5dbf69074677723ca5f4759e3c0f31ab392c87362001168c7d8,200
http://web/users/register.php,GET,"Cookie:PHPSESSID=7ficmi53fn80h3alhbsb1d4pk3
Accept:text/html,application/xhtml+xml,application/xml;q=0.9,image/avif,image/webp,image/apng,*/*;q=0.8,application/signed-exchange;v=b3;q=0.9
User-Agent:Mozilla/5.0 (X11; Linux x86_64) AppleWebKit/537.36 (KHTML, like Gecko) Chrome/85.0.4183.102 Safari/537.36
Referer:http://web/users/login.php
Upgrade-Insecure-Requests:1
",cf83e1357eefb8bdf1542850d66d8007d620e4050b5715dc83f4a921d36ce9ce47d0d13c5d85f2b0ff8318d2877eec2f63b931bd47417a81a538327af927da3e,"Keep-Alive:timeout=5, max=88
Server:Apache/2.4.7 (Ubuntu)
Connection:Keep-Alive
Pragma:no-cache
Date:Mon, 11 May 2026 20:39:48 GMT
Cache-Control:no-store, no-cache, must-revalidate, post-check=0, pre-check=0
Content-Encoding:gzip
Vary:Accept-Encoding
Expires:Thu, 19 Nov 1981 08:52:00 GMT
Content-Length:1100
X-Powered-By:PHP/5.5.9-1ubuntu4.29
Content-Type:text/html
",b4d6c588e8cd58d2bfac092f402de394b4e797d2d39770626e8acd8324ca8b325b875880ec59d9004395307806bab7bd7ee4ce9cc70f294c1048dc01db6ed605,200
http://web/calendar.php?date=1778618619,GET,"Cookie:PHPSESSID=7ficmi53fn80h3alhbsb1d4pk3
Accept:text/html,application/xhtml+xml,application/xml;q=0.9,image/avif,image/webp,image/apng,*/*;q=0.8,application/signed-exchange;v=b3;q=0.9
User-Agent:Mozilla/5.0 (X11; Linux x86_64) AppleWebKit/537.36 (KHTML, like Gecko) Chrome/85.0.4183.102 Safari/537.36
Referer:http://web/calendar.php
Upgrade-Insecure-Requests:1
",cf83e1357eefb8bdf1542850d66d8007d620e4050b5715dc83f4a921d36ce9ce47d0d13c5d85f2b0ff8318d2877eec2f63b931bd47417a81a538327af927da3e,"Keep-Alive:timeout=5, max=78
Server:Apache/2.4.7 (Ubuntu)
Connection:Keep-Alive
Pragma:no-cache
Date:Mon, 11 May 2026 20:43:39 GMT
Cache-Control:no-store, no-cache, must-revalidate, post-check=0, pre-check=0
Content-Encoding:gzip
Vary:Accept-Encoding
Expires:Thu, 19 Nov 1981 08:52:00 GMT
Content-Length:945
X-Powered-By:PHP/5.5.9-1ubuntu4.29
Content-Type:text/html
",7da7fc137bb4fc4a58b0fccc9b327844c3cdd76d6e7536681646a4c04956e8ffe1118e768be7a1c8d18a27b3203b3b27e67a771bbefd6162d4e4fa51e05f3a2d,200
http://web/calendar.php?date=1778618598,GET,"Cookie:PHPSESSID=7ficmi53fn80h3alhbsb1d4pk3
Accept:text/html,application/xhtml+xml,application/xml;q=0.9,image/avif,image/webp,image/apng,*/*;q=0.8,application/signed-exchange;v=b3;q=0.9
User-Agent:Mozilla/5.0 (X11; Linux x86_64) AppleWebKit/537.36 (KHTML, like Gecko) Chrome/85.0.4183.102 Safari/537.36
Referer:http://web/calendar.php
Upgrade-Insecure-Requests:1
",cf83e1357eefb8bdf1542850d66d8007d620e4050b5715dc83f4a921d36ce9ce47d0d13c5d85f2b0ff8318d2877eec2f63b931bd47417a81a538327af927da3e,"Keep-Alive:timeout=5, max=8
Server:Apache/2.4.7 (Ubuntu)
Connection:Keep-Alive
Pragma:no-cache
Date:Mon, 11 May 2026 20:43:18 GMT
Cache-Control:no-store, no-cache, must-revalidate, post-check=0, pre-check=0
Content-Encoding:gzip
Vary:Accept-Encoding
Expires:Thu, 19 Nov 1981 08:52:00 GMT
Content-Length:944
X-Powered-By:PHP/5.5.9-1ubuntu4.29
Content-Type:text/html
",00b76c5f15130639231344f022d9b1a4e9ca7718320bca6da2725bcf079b8937c92ddc9348568c5aa2dc4bab6c3646dc05f5408d692f92905451e01f8fd9699b,200
http://web/pictures/upload.php,GET,"Cookie:PHPSESSID=7ficmi53fn80h3alhbsb1d4pk3
Accept:text/html,application/xhtml+xml,application/xml;q=0.9,image/avif,image/webp,image/apng,*/*;q=0.8,application/signed-exchange;v=b3;q=0.9
User-Agent:Mozilla/5.0 (X11; Linux x86_64) AppleWebKit/537.36 (KHTML, like Gecko) Chrome/85.0.4183.102 Safari/537.36
Referer:http://web/calendar.php?date=1778705004
Upgrade-Insecure-Requests:1
",cf83e1357eefb8bdf1542850d66d8007d620e4050b5715dc83f4a921d36ce9ce47d0d13c5d85f2b0ff8318d2877eec2f63b931bd47417a81a538327af927da3e,"Keep-Alive:timeout=5, max=97
Server:Apache/2.4.7 (Ubuntu)
Connection:Keep-Alive
Pragma:no-cache
Date:Mon, 11 May 2026 20:43:26 GMT
Cache-Control:no-store, no-cache, must-revalidate, post-check=0, pre-check=0
Expires:Thu, 19 Nov 1981 08:52:00 GMT
Content-Length:41
X-Powered-By:PHP/5.5.9-1ubuntu4.29
Location:/users/login.php
Content-Type:text/html
",cf83e1357eefb8bdf1542850d66d8007d620e4050b5715dc83f4a921d36ce9ce47d0d13c5d85f2b0ff8318d2877eec2f63b931bd47417a81a538327af927da3e,303
http://web/passcheck.php,POST,"Origin:http://web
Cookie:PHPSESSID=7ficmi53fn80h3alhbsb1d4pk3
Accept:text/html,application/xhtml+xml,application/xml;q=0.9,image/avif,image/webp,image/apng,*/*;q=0.8,application/signed-exchange;v=b3;q=0.9
User-Agent:Mozilla/5.0 (X11; Linux x86_64) AppleWebKit/537.36 (KHTML, like Gecko) Chrome/85.0.4183.102 Safari/537.36
Referer:http://web/passcheck.php
Upgrade-Insecure-Requests:1
Content-Type:application/x-www-form-urlencoded
",8a68908a87a6cdd8ee39f113bc666b4b002bf82ba2045008513c627578378460bec6bedb37c351dd1f67b86cab873490c708dfdd2b4d55e71dbaf0f05e4f2f32,"Keep-Alive:timeout=5, max=46
Server:Apache/2.4.7 (Ubuntu)
Connection:Keep-Alive
Pragma:no-cache
Date:Mon, 11 May 2026 20:42:51 GMT
Cache-Control:no-store, no-cache, must-revalidate, post-check=0, pre-check=0
Content-Encoding:gzip
Vary:Accept-Encoding
Expires:Thu, 19 Nov 1981 08:52:00 GMT
Content-Length:927
X-Powered-By:PHP/5.5.9-1ubuntu4.29
Content-Type:text/html
",6f08460fb7a8d3b2cb49b8148c362567ab6fc8f2c414febb9c872e63c91ef9b15ccc405b89f2bbf623e745ba34c7368bdf03867b4ae7284e59119d92e37342d3,200
http://web/,GET,"Cookie:PHPSESSID=7ficmi53fn80h3alhbsb1d4pk3
Accept:text/html,application/xhtml+xml,application/xml;q=0.9,image/avif,image/webp,image/apng,*/*;q=0.8,application/signed-exchange;v=b3;q=0.9
User-Agent:Mozilla/5.0 (X11; Linux x86_64) AppleWebKit/537.36 (KHTML, like Gecko) Chrome/85.0.4183.102 Safari/537.36
Referer:http://web/users/login.php
Upgrade-Insecure-Requests:1
",cf83e1357eefb8bdf1542850d66d8007d620e4050b5715dc83f4a921d36ce9ce47d0d13c5d85f2b0ff8318d2877eec2f63b931bd47417a81a538327af927da3e,"Keep-Alive:timeout=5, max=93
Server:Apache/2.4.7 (Ubuntu)
Connection:Keep-Alive
Pragma:no-cache
Date:Mon, 11 May 2026 20:39:34 GMT
Cache-Control:no-store, no-cache, must-revalidate, post-check=0, pre-check=0
Content-Encoding:gzip
Vary:Accept-Encoding
Expires:Thu, 19 Nov 1981 08:52:00 GMT
Content-Length:1284
X-Powered-By:PHP/5.5.9-1ubuntu4.29
Content-Type:text/html
",d4cada0907a0c5ca285a82fdd236d50192752b35cff4b12900806b90e9b6ec7b696b518ab70b64925815441957a844444c581c5b33cf806ac98e45b0e4d14520,200
http://web/,GET,"Cookie:PHPSESSID=7ficmi53fn80h3alhbsb1d4pk3
Accept:text/html,application/xhtml+xml,application/xml;q=0.9,image/avif,image/webp,image/apng,*/*;q=0.8,application/signed-exchange;v=b3;q=0.9
User-Agent:Mozilla/5.0 (X11; Linux x86_64) AppleWebKit/537.36 (KHTML, like Gecko) Chrome/85.0.4183.102 Safari/537.36
Upgrade-Insecure-Requests:1
",cf83e1357eefb8bdf1542850d66d8007d620e4050b5715dc83f4a921d36ce9ce47d0d13c5d85f2b0ff8318d2877eec2f63b931bd47417a81a538327af927da3e,"Keep-Alive:timeout=5, max=69
Server:Apache/2.4.7 (Ubuntu)
Connection:Keep-Alive
Pragma:no-cache
Date:Mon, 11 May 2026 20:43:46 GMT
Cache-Control:no-store, no-cache, must-revalidate, post-check=0, pre-check=0
Content-Encoding:gzip
Vary:Accept-Encoding
Expires:Thu, 19 Nov 1981 08:52:00 GMT
Content-Length:1284
X-Powered-By:PHP/5.5.9-1ubuntu4.29
Content-Type:text/html
",34f67bd80e8548b34f66b88221d7dc29c2ddb7264d6155084773905c65bf2e3d09dc26c8ad3406095e3803536eadae3b145a5ba172beb79804ce1c94cfec628d,200
http://web/pictures/recent.php,GET,"Cookie:PHPSESSID=7ficmi53fn80h3alhbsb1d4pk3
Accept:text/html,application/xhtml+xml,application/xml;q=0.9,image/avif,image/webp,image/apng,*/*;q=0.8,application/signed-exchange;v=b3;q=0.9
User-Agent:Mozilla/5.0 (X11; Linux x86_64) AppleWebKit/537.36 (KHTML, like Gecko) Chrome/85.0.4183.102 Safari/537.36
Referer:http://web/passcheck.php
Upgrade-Insecure-Requests:1
",cf83e1357eefb8bdf1542850d66d8007d620e4050b5715dc83f4a921d36ce9ce47d0d13c5d85f2b0ff8318d2877eec2f63b931bd47417a81a538327af927da3e,"Keep-Alive:timeout=5, max=70
Server:Apache/2.4.7 (Ubuntu)
Connection:Keep-Alive
Pragma:no-cache
Date:Mon, 11 May 2026 20:42:32 GMT
Cache-Control:no-store, no-cache, must-revalidate, post-check=0, pre-check=0
Content-Encoding:gzip
Vary:Accept-Encoding
Expires:Thu, 19 Nov 1981 08:52:00 GMT
Content-Length:1088
X-Powered-By:PHP/5.5.9-1ubuntu4.29
Content-Type:text/html
",3ac00286ec75ac53065d967fcdb2581891c852aa00fa2dc22fbeab5d41f5c2487b6a4905963d3700a68bf9ea4ef1ca050e35ac14d4fcf40322a5bf944023d173,200
http://web/pictures/recent.php,GET,"Cookie:PHPSESSID=7ficmi53fn80h3alhbsb1d4pk3
Accept:text/html,application/xhtml+xml,application/xml;q=0.9,image/avif,image/webp,image/apng,*/*;q=0.8,application/signed-exchange;v=b3;q=0.9
User-Agent:Mozilla/5.0 (X11; Linux x86_64) AppleWebKit/537.36 (KHTML, like Gecko) Chrome/85.0.4183.102 Safari/537.36
Referer:http://web/users/sample.php?userid=1
Upgrade-Insecure-Requests:1
",cf83e1357eefb8bdf1542850d66d8007d620e4050b5715dc83f4a921d36ce9ce47d0d13c5d85f2b0ff8318d2877eec2f63b931bd47417a81a538327af927da3e,"Keep-Alive:timeout=5, max=40
Server:Apache/2.4.7 (Ubuntu)
Connection:Keep-Alive
Pragma:no-cache
Date:Mon, 11 May 2026 20:41:40 GMT
Cache-Control:no-store, no-cache, must-revalidate, post-check=0, pre-check=0
Content-Encoding:gzip
Vary:Accept-Encoding
Expires:Thu, 19 Nov 1981 08:52:00 GMT
Content-Length:1087
X-Powered-By:PHP/5.5.9-1ubuntu4.29
Content-Type:text/html
",1cabcaf95dafc62854e2c656d80bd39cd102b35c3eada88e33f8df8e1330040b691d3c1efe9e3cb1c6ef379bd61497acb24154de043f679daa6d1076d6194661,200
http://web/,GET,"Cookie:PHPSESSID=7ficmi53fn80h3alhbsb1d4pk3
Accept:text/html,application/xhtml+xml,application/xml;q=0.9,image/avif,image/webp,image/apng,*/*;q=0.8,application/signed-exchange;v=b3;q=0.9
User-Agent:Mozilla/5.0 (X11; Linux x86_64) AppleWebKit/537.36 (KHTML, like Gecko) Chrome/85.0.4183.102 Safari/537.36
Upgrade-Insecure-Requests:1
",cf83e1357eefb8bdf1542850d66d8007d620e4050b5715dc83f4a921d36ce9ce47d0d13c5d85f2b0ff8318d2877eec2f63b931bd47417a81a538327af927da3e,"Keep-Alive:timeout=5, max=30
Server:Apache/2.4.7 (Ubuntu)
Connection:Keep-Alive
Pragma:no-cache
Date:Mon, 11 May 2026 20:40:31 GMT
Cache-Control:no-store, no-cache, must-revalidate, post-check=0, pre-check=0
Content-Encoding:gzip
Vary:Accept-Encoding
Expires:Thu, 19 Nov 1981 08:52:00 GMT
Content-Length:1283
X-Powered-By:PHP/5.5.9-1ubuntu4.29
Content-Type:text/html
",83db0752ebba4c1fa7febbe50bc45366e4926a05c826050bbe2747bf89b1e7cee7fe7c0460a63fddf49645570383856b20082d135c0e26f67ceff68ff06a1531,200
http://web/,GET,"Cookie:PHPSESSID=7ficmi53fn80h3alhbsb1d4pk3
Accept:text/html,application/xhtml+xml,application/xml;q=0.9,image/avif,image/webp,image/apng,*/*;q=0.8,application/signed-exchange;v=b3;q=0.9
User-Agent:Mozilla/5.0 (X11; Linux x86_64) AppleWebKit/537.36 (KHTML, like Gecko) Chrome/85.0.4183.102 Safari/537.36
Upgrade-Insecure-Requests:1
",cf83e1357eefb8bdf1542850d66d8007d620e4050b5715dc83f4a921d36ce9ce47d0d13c5d85f2b0ff8318d2877eec2f63b931bd47417a81a538327af927da3e,"Keep-Alive:timeout=5, max=38
Server:Apache/2.4.7 (Ubuntu)
Connection:Keep-Alive
Pragma:no-cache
Date:Mon, 11 May 2026 20:40:26 GMT
Cache-Control:no-store, no-cache, must-revalidate, post-check=0, pre-check=0
Content-Encoding:gzip
Vary:Accept-Encoding
Expires:Thu, 19 Nov 1981 08:52:00 GMT
Content-Length:1283
X-Powered-By:PHP/5.5.9-1ubuntu4.29
Content-Type:text/html
",99105fb97abc5ed6b72ec0e1ff56786d9a795dfbcfb80e1516d108fc443ae54ded213beecf2a59cf4c87d429cb4f4aef325930b03185bcf5abb701360596398d,200
http://web/,GET,"Cookie:PHPSESSID=7ficmi53fn80h3alhbsb1d4pk3
Accept:text/html,application/xhtml+xml,application/xml;q=0.9,image/avif,image/webp,image/apng,*/*;q=0.8,application/signed-exchange;v=b3;q=0.9
User-Agent:Mozilla/5.0 (X11; Linux x86_64) AppleWebKit/537.36 (KHTML, like Gecko) Chrome/85.0.4183.102 Safari/537.36
Upgrade-Insecure-Requests:1
",cf83e1357eefb8bdf1542850d66d8007d620e4050b5715dc83f4a921d36ce9ce47d0d13c5d85f2b0ff8318d2877eec2f63b931bd47417a81a538327af927da3e,"Keep-Alive:timeout=5, max=20
Server:Apache/2.4.7 (Ubuntu)
Connection:Keep-Alive
Pragma:no-cache
Date:Mon, 11 May 2026 20:44:19 GMT
Cache-Control:no-store, no-cache, must-revalidate, post-check=0, pre-check=0
Content-Encoding:gzip
Vary:Accept-Encoding
Expires:Thu, 19 Nov 1981 08:52:00 GMT
Content-Length:1283
X-Powered-By:PHP/5.5.9-1ubuntu4.29
Content-Type:text/html
",ce975d3a556c4781f33b0f020cfac574f284b9bbfdac25dc23fbde7c8b5a7a08594834bdf6ee86ef2a02c755db8215f9aedf6a732958c488429b4315a022fd4a,200
http://web/users/register.php,GET,"Cookie:PHPSESSID=7ficmi53fn80h3alhbsb1d4pk3
Accept:text/html,application/xhtml+xml,application/xml;q=0.9,image/avif,image/webp,image/apng,*/*;q=0.8,application/signed-exchange;v=b3;q=0.9
User-Agent:Mozilla/5.0 (X11; Linux x86_64) AppleWebKit/537.36 (KHTML, like Gecko) Chrome/85.0.4183.102 Safari/537.36
Referer:http://web/
Upgrade-Insecure-Requests:1
",cf83e1357eefb8bdf1542850d66d8007d620e4050b5715dc83f4a921d36ce9ce47d0d13c5d85f2b0ff8318d2877eec2f63b931bd47417a81a538327af927da3e,"Keep-Alive:timeout=5, max=77
Server:Apache/2.4.7 (Ubuntu)
Connection:Keep-Alive
Pragma:no-cache
Date:Mon, 11 May 2026 20:42:27 GMT
Cache-Control:no-store, no-cache, must-revalidate, post-check=0, pre-check=0
Content-Encoding:gzip
Vary:Accept-Encoding
Expires:Thu, 19 Nov 1981 08:52:00 GMT
Content-Length:1100
X-Powered-By:PHP/5.5.9-1ubuntu4.29
Content-Type:text/html
",aa494790682bf740a443d023dc056e95b9afadcaba4f84372ceca0c9302ef68cb9e72479cc084c29ce69c143165620b8f114650c781907d0eea3d867c71544f8,200
http://web/,GET,"Accept:text/html,application/xhtml+xml,application/xml;q=0.9,image/avif,image/webp,image/apng,*/*;q=0.8,application/signed-exchange;v=b3;q=0.9
User-Agent:Mozilla/5.0 (X11; Linux x86_64) AppleWebKit/537.36 (KHTML, like Gecko) Chrome/85.0.4183.102 Safari/537.36
Upgrade-Insecure-Requests:1
",cf83e1357eefb8bdf1542850d66d8007d620e4050b5715dc83f4a921d36ce9ce47d0d13c5d85f2b0ff8318d2877eec2f63b931bd47417a81a538327af927da3e,"Keep-Alive:timeout=5, max=100
Server:Apache/2.4.7 (Ubuntu)
Connection:Keep-Alive
Pragma:no-cache
Date:Mon, 11 May 2026 20:39:27 GMT
Cache-Control:no-store, no-cache, must-revalidate, post-check=0, pre-check=0
Content-Encoding:gzip
Vary:Accept-Encoding
Expires:Thu, 19 Nov 1981 08:52:00 GMT
Content-Length:1283
X-Powered-By:PHP/5.5.9-1ubuntu4.29
Content-Type:text/html
",8b94e8e7f526658d325a375a9c8f2514e9a4d77cf373b5a110e617eeefca4c5c3b931bd0185dd4525a5a2f522c82e2456810f2d1a6ec1a651fc8ef266958b748,200
http://web/tos.php,GET,"Cookie:PHPSESSID=7ficmi53fn80h3alhbsb1d4pk3
Accept:text/html,application/xhtml+xml,application/xml;q=0.9,image/avif,image/webp,image/apng,*/*;q=0.8,application/signed-exchange;v=b3;q=0.9
User-Agent:Mozilla/5.0 (X11; Linux x86_64) AppleWebKit/537.36 (KHTML, like Gecko) Chrome/85.0.4183.102 Safari/537.36
Referer:http://web/
Upgrade-Insecure-Requests:1
",cf83e1357eefb8bdf1542850d66d8007d620e4050b5715dc83f4a921d36ce9ce47d0d13c5d85f2b0ff8318d2877eec2f63b931bd47417a81a538327af927da3e,"Keep-Alive:timeout=5, max=70
Server:Apache/2.4.7 (Ubuntu)
Connection:Keep-Alive
Pragma:no-cache
Date:Mon, 11 May 2026 20:40:05 GMT
Cache-Control:no-store, no-cache, must-revalidate, post-check=0, pre-check=0
Content-Encoding:gzip
Vary:Accept-Encoding
Expires:Thu, 19 Nov 1981 08:52:00 GMT
Content-Length:10228
X-Powered-By:PHP/5.5.9-1ubuntu4.29
Content-Type:text/html
",b0faf10789ebac8f20a4d2f5f0cb5a1efd46d17a31eb4057aaf74f79f9dcc57767f16cefc539d1897194822006beed30d0b067bb59598e91f5a9080567f008df,200
http://web/pictures/upload.php,GET,"Cookie:PHPSESSID=7ficmi53fn80h3alhbsb1d4pk3
Accept:text/html,application/xhtml+xml,application/xml;q=0.9,image/avif,image/webp,image/apng,*/*;q=0.8,application/signed-exchange;v=b3;q=0.9
User-Agent:Mozilla/5.0 (X11; Linux x86_64) AppleWebKit/537.36 (KHTML, like Gecko) Chrome/85.0.4183.102 Safari/537.36
Referer:http://web/users/sample.php?userid=1
Upgrade-Insecure-Requests:1
",cf83e1357eefb8bdf1542850d66d8007d620e4050b5715dc83f4a921d36ce9ce47d0d13c5d85f2b0ff8318d2877eec2f63b931bd47417a81a538327af927da3e,"Keep-Alive:timeout=5, max=44
Server:Apache/2.4.7 (Ubuntu)
Connection:Keep-Alive
Pragma:no-cache
Date:Mon, 11 May 2026 20:41:37 GMT
Cache-Control:no-store, no-cache, must-revalidate, post-check=0, pre-check=0
Expires:Thu, 19 Nov 1981 08:52:00 GMT
Content-Length:41
X-Powered-By:PHP/5.5.9-1ubuntu4.29
Location:/users/login.php
Content-Type:text/html
",cf83e1357eefb8bdf1542850d66d8007d620e4050b5715dc83f4a921d36ce9ce47d0d13c5d85f2b0ff8318d2877eec2f63b931bd47417a81a538327af927da3e,303
http://web/calendar.php?date=1778618579,GET,"Cookie:PHPSESSID=7ficmi53fn80h3alhbsb1d4pk3
Accept:text/html,application/xhtml+xml,application/xml;q=0.9,image/avif,image/webp,image/apng,*/*;q=0.8,application/signed-exchange;v=b3;q=0.9
User-Agent:Mozilla/5.0 (X11; Linux x86_64) AppleWebKit/537.36 (KHTML, like Gecko) Chrome/85.0.4183.102 Safari/537.36
Referer:http://web/calendar.php
Upgrade-Insecure-Requests:1
",cf83e1357eefb8bdf1542850d66d8007d620e4050b5715dc83f4a921d36ce9ce47d0d13c5d85f2b0ff8318d2877eec2f63b931bd47417a81a538327af927da3e,"Keep-Alive:timeout=5, max=33
Server:Apache/2.4.7 (Ubuntu)
Connection:Keep-Alive
Pragma:no-cache
Date:Mon, 11 May 2026 20:43:00 GMT
Cache-Control:no-store, no-cache, must-revalidate, post-check=0, pre-check=0
Content-Encoding:gzip
Vary:Accept-Encoding
Expires:Thu, 19 Nov 1981 08:52:00 GMT
Content-Length:944
X-Powered-By:PHP/5.5.9-1ubuntu4.29
Content-Type:text/html
",653084fd845baba9cda993dbb947e6ad06ff81274aebc50b3b72a0e550cf500a01364e4b2d2621ac54b30ddf030258e472365017c156ff646bb1b98419c9111f,200
http://web/favicon.ico,GET,"Cookie:PHPSESSID=7ficmi53fn80h3alhbsb1d4pk3
Accept:image/avif,image/webp,image/apng,image/*,*/*;q=0.8
User-Agent:Mozilla/5.0 (X11; Linux x86_64) AppleWebKit/537.36 (KHTML, like Gecko) Chrome/85.0.4183.102 Safari/537.36
Referer:http://web/
",cf83e1357eefb8bdf1542850d66d8007d620e4050b5715dc83f4a921d36ce9ce47d0d13c5d85f2b0ff8318d2877eec2f63b931bd47417a81a538327af927da3e,"Keep-Alive:timeout=5, max=98
Server:Apache/2.4.7 (Ubuntu)
Connection:Keep-Alive
Date:Mon, 11 May 2026 20:39:28 GMT
Content-Length:277
Content-Type:text/html; charset=iso-8859-1
",7cda8cf4cc94218cf444e131839ad94dc4c4fe0fa9124de62f58b4de30050c4523a5aa7427bf6f1c227a2f180045b7abaeb83f0fe4df11846cc2e684578ac6a7,404
http://web/,GET,"Cookie:PHPSESSID=7ficmi53fn80h3alhbsb1d4pk3
Accept:text/html,application/xhtml+xml,application/xml;q=0.9,image/avif,image/webp,image/apng,*/*;q=0.8,application/signed-exchange;v=b3;q=0.9
User-Agent:Mozilla/5.0 (X11; Linux x86_64) AppleWebKit/537.36 (KHTML, like Gecko) Chrome/85.0.4183.102 Safari/537.36
Upgrade-Insecure-Requests:1
",cf83e1357eefb8bdf1542850d66d8007d620e4050b5715dc83f4a921d36ce9ce47d0d13c5d85f2b0ff8318d2877eec2f63b931bd47417a81a538327af927da3e,"Keep-Alive:timeout=5, max=83
Server:Apache/2.4.7 (Ubuntu)
Connection:Keep-Alive
Pragma:no-cache
Date:Mon, 11 May 2026 20:42:23 GMT
Cache-Control:no-store, no-cache, must-revalidate, post-check=0, pre-check=0
Content-Encoding:gzip
Vary:Accept-Encoding
Expires:Thu, 19 Nov 1981 08:52:00 GMT
Content-Length:1283
X-Powered-By:PHP/5.5.9-1ubuntu4.29
Content-Type:text/html
",53f4ec3f48c9148e86c5458e973279dd03a92e093f3fc661f255af3ef579c7b4bbba9ddc3ea53d0e975e12ea0ec355366ff0be18b3c021407f8cff344a41f613,200
http://web/,GET,"Cookie:PHPSESSID=7ficmi53fn80h3alhbsb1d4pk3
Accept:text/html,application/xhtml+xml,application/xml;q=0.9,image/avif,image/webp,image/apng,*/*;q=0.8,application/signed-exchange;v=b3;q=0.9
User-Agent:Mozilla/5.0 (X11; Linux x86_64) AppleWebKit/537.36 (KHTML, like Gecko) Chrome/85.0.4183.102 Safari/537.36
Upgrade-Insecure-Requests:1
",cf83e1357eefb8bdf1542850d66d8007d620e4050b5715dc83f4a921d36ce9ce47d0d13c5d85f2b0ff8318d2877eec2f63b931bd47417a81a538327af927da3e,"Keep-Alive:timeout=5, max=33
Server:Apache/2.4.7 (Ubuntu)
Connection:Keep-Alive
Pragma:no-cache
Date:Mon, 11 May 2026 20:44:10 GMT
Cache-Control:no-store, no-cache, must-revalidate, post-check=0, pre-check=0
Content-Encoding:gzip
Vary:Accept-Encoding
Expires:Thu, 19 Nov 1981 08:52:00 GMT
Content-Length:1283
X-Powered-By:PHP/5.5.9-1ubuntu4.29
Content-Type:text/html
",2b6cc87c27d0e5237bd9f8793e00b917845f01c9ddb7293f15995cf7de540624f21a50a4539c1fcdc1878a8d69aead79a63e13c0d5264dd13bd6d5a9e11abc50,200
http://web/calendar.php,GET,"Cookie:PHPSESSID=7ficmi53fn80h3alhbsb1d4pk3
Accept:text/html,application/xhtml+xml,application/xml;q=0.9,image/avif,image/webp,image/apng,*/*;q=0.8,application/signed-exchange;v=b3;q=0.9
User-Agent:Mozilla/5.0 (X11; Linux x86_64) AppleWebKit/537.36 (KHTML, like Gecko) Chrome/85.0.4183.102 Safari/537.36
Referer:http://web/
Upgrade-Insecure-Requests:1
",cf83e1357eefb8bdf1542850d66d8007d620e4050b5715dc83f4a921d36ce9ce47d0d13c5d85f2b0ff8318d2877eec2f63b931bd47417a81a538327af927da3e,"Keep-Alive:timeout=5, max=10
Server:Apache/2.4.7 (Ubuntu)
Connection:Keep-Alive
Pragma:no-cache
Date:Mon, 11 May 2026 20:42:01 GMT
Cache-Control:no-store, no-cache, must-revalidate, post-check=0, pre-check=0
Content-Encoding:gzip
Vary:Accept-Encoding
Expires:Thu, 19 Nov 1981 08:52:00 GMT
Content-Length:942
X-Powered-By:PHP/5.5.9-1ubuntu4.29
Content-Type:text/html
",d4b8b72c6a5553dc8b6aae28919c7d1ea14f3b1ba3284108dbaf1cd61ed61ac70f65b820e5c41c4e39298aa5d072918775ac17bf2338fd95d981a764136dd25d,200
http://web/users/login.php,GET,"Cookie:PHPSESSID=7ficmi53fn80h3alhbsb1d4pk3
Accept:text/html,application/xhtml+xml,application/xml;q=0.9,image/avif,image/webp,image/apng,*/*;q=0.8,application/signed-exchange;v=b3;q=0.9
User-Agent:Mozilla/5.0 (X11; Linux x86_64) AppleWebKit/537.36 (KHTML, like Gecko) Chrome/85.0.4183.102 Safari/537.36
Referer:http://web/
Upgrade-Insecure-Requests:1
",cf83e1357eefb8bdf1542850d66d8007d620e4050b5715dc83f4a921d36ce9ce47d0d13c5d85f2b0ff8318d2877eec2f63b931bd47417a81a538327af927da3e,"Keep-Alive:timeout=5, max=86
Server:Apache/2.4.7 (Ubuntu)
Connection:Keep-Alive
Pragma:no-cache
Date:Mon, 11 May 2026 20:39:50 GMT
Cache-Control:no-store, no-cache, must-revalidate, post-check=0, pre-check=0
Content-Encoding:gzip
Vary:Accept-Encoding
Expires:Thu, 19 Nov 1981 08:52:00 GMT
Content-Length:975
X-Powered-By:PHP/5.5.9-1ubuntu4.29
Content-Type:text/html
",ff88227eac4a08f829c612d6c6878bb8a27bd911f11df31d4bac3c02f3b0cf2883737e67aa8e1556e9e00e7b77be49b0e596bc5f7af3f6eb0ede2c073875d45f,200
http://web/,GET,"Cookie:PHPSESSID=7ficmi53fn80h3alhbsb1d4pk3
Accept:text/html,application/xhtml+xml,application/xml;q=0.9,image/avif,image/webp,image/apng,*/*;q=0.8,application/signed-exchange;v=b3;q=0.9
User-Agent:Mozilla/5.0 (X11; Linux x86_64) AppleWebKit/537.36 (KHTML, like Gecko) Chrome/85.0.4183.102 Safari/537.36
Upgrade-Insecure-Requests:1
",cf83e1357eefb8bdf1542850d66d8007d620e4050b5715dc83f4a921d36ce9ce47d0d13c5d85f2b0ff8318d2877eec2f63b931bd47417a81a538327af927da3e,"Keep-Alive:timeout=5, max=46
Server:Apache/2.4.7 (Ubuntu)
Connection:Keep-Alive
Pragma:no-cache
Date:Mon, 11 May 2026 20:41:36 GMT
Cache-Control:no-store, no-cache, must-revalidate, post-check=0, pre-check=0
Content-Encoding:gzip
Vary:Accept-Encoding
Expires:Thu, 19 Nov 1981 08:52:00 GMT
Content-Length:1284
X-Powered-By:PHP/5.5.9-1ubuntu4.29
Content-Type:text/html
",07813751c96f58265deab7b7bee33f81987fb8c59c0b6b39f616bbbe28f6a52cc2776a9d880353729ed459e305193da8af5729ac6010fcc3abdea60f964f9cf6,200
http://web/,GET,"Cookie:PHPSESSID=7ficmi53fn80h3alhbsb1d4pk3
Accept:text/html,application/xhtml+xml,application/xml;q=0.9,image/avif,image/webp,image/apng,*/*;q=0.8,application/signed-exchange;v=b3;q=0.9
User-Agent:Mozilla/5.0 (X11; Linux x86_64) AppleWebKit/537.36 (KHTML, like Gecko) Chrome/85.0.4183.102 Safari/537.36
Upgrade-Insecure-Requests:1
",cf83e1357eefb8bdf1542850d66d8007d620e4050b5715dc83f4a921d36ce9ce47d0d13c5d85f2b0ff8318d2877eec2f63b931bd47417a81a538327af927da3e,"Keep-Alive:timeout=5, max=23
Server:Apache/2.4.7 (Ubuntu)
Connection:Keep-Alive
Pragma:no-cache
Date:Mon, 11 May 2026 20:41:52 GMT
Cache-Control:no-store, no-cache, must-revalidate, post-check=0, pre-check=0
Content-Encoding:gzip
Vary:Accept-Encoding
Expires:Thu, 19 Nov 1981 08:52:00 GMT
Content-Length:1284
X-Powered-By:PHP/5.5.9-1ubuntu4.29
Content-Type:text/html
",3a52823879120bf0afbd0aa38d3bf493066bba7212eb44c3c3077d5f1f3481e99c276373c78e0b221f0f7973957330e7f434c585f3a4634ee82a076ba354816f,200
http://web/users/login.php,GET,"Cookie:PHPSESSID=7ficmi53fn80h3alhbsb1d4pk3
Accept:text/html,application/xhtml+xml,application/xml;q=0.9,image/avif,image/webp,image/apng,*/*;q=0.8,application/signed-exchange;v=b3;q=0.9
User-Agent:Mozilla/5.0 (X11; Linux x86_64) AppleWebKit/537.36 (KHTML, like Gecko) Chrome/85.0.4183.102 Safari/537.36
Referer:http://web/calendar.php?date=1778618576
Upgrade-Insecure-Requests:1
",cf83e1357eefb8bdf1542850d66d8007d620e4050b5715dc83f4a921d36ce9ce47d0d13c5d85f2b0ff8318d2877eec2f63b931bd47417a81a538327af927da3e,"Keep-Alive:timeout=5, max=36
Server:Apache/2.4.7 (Ubuntu)
Connection:Keep-Alive
Pragma:no-cache
Date:Mon, 11 May 2026 20:42:57 GMT
Cache-Control:no-store, no-cache, must-revalidate, post-check=0, pre-check=0
Content-Encoding:gzip
Vary:Accept-Encoding
Expires:Thu, 19 Nov 1981 08:52:00 GMT
Content-Length:975
X-Powered-By:PHP/5.5.9-1ubuntu4.29
Content-Type:text/html
",f66abe5de97888bc1ce1c22d33d193e1e2ed8654b6ec17bc11fcaa6d237989c35a16329150caedf5388e460510b65ba1c239aa2007ac9c1f9829352e0415909f,200
http://web/,GET,"Cookie:PHPSESSID=7ficmi53fn80h3alhbsb1d4pk3
Accept:text/html,application/xhtml+xml,application/xml;q=0.9,image/avif,image/webp,image/apng,*/*;q=0.8,application/signed-exchange;v=b3;q=0.9
User-Agent:Mozilla/5.0 (X11; Linux x86_64) AppleWebKit/537.36 (KHTML, like Gecko) Chrome/85.0.4183.102 Safari/537.36
Referer:http://web/calendar.php?date=1778791460
Upgrade-Insecure-Requests:1
",cf83e1357eefb8bdf1542850d66d8007d620e4050b5715dc83f4a921d36ce9ce47d0d13c5d85f2b0ff8318d2877eec2f63b931bd47417a81a538327af927da3e,"Keep-Alive:timeout=5, max=15
Server:Apache/2.4.7 (Ubuntu)
Connection:Keep-Alive
Pragma:no-cache
Date:Mon, 11 May 2026 20:44:23 GMT
Cache-Control:no-store, no-cache, must-revalidate, post-check=0, pre-check=0
Content-Encoding:gzip
Vary:Accept-Encoding
Expires:Thu, 19 Nov 1981 08:52:00 GMT
Content-Length:1284
X-Powered-By:PHP/5.5.9-1ubuntu4.29
Content-Type:text/html
",c069c3b768e9e6014da2df94e14414b2ce5b9410b04a348cb9430945d2b1ee935e814e9cb3ee05e22f9ff6ee08a30466a255e0164f18f742e8f3284bb2afa8f8,200
http://web/,GET,"Cookie:PHPSESSID=7ficmi53fn80h3alhbsb1d4pk3
Accept:text/html,application/xhtml+xml,application/xml;q=0.9,image/avif,image/webp,image/apng,*/*;q=0.8,application/signed-exchange;v=b3;q=0.9
User-Agent:Mozilla/5.0 (X11; Linux x86_64) AppleWebKit/537.36 (KHTML, like Gecko) Chrome/85.0.4183.102 Safari/537.36
Upgrade-Insecure-Requests:1
",cf83e1357eefb8bdf1542850d66d8007d620e4050b5715dc83f4a921d36ce9ce47d0d13c5d85f2b0ff8318d2877eec2f63b931bd47417a81a538327af927da3e,"Keep-Alive:timeout=5, max=36
Server:Apache/2.4.7 (Ubuntu)
Connection:Keep-Alive
Pragma:no-cache
Date:Mon, 11 May 2026 20:41:43 GMT
Cache-Control:no-store, no-cache, must-revalidate, post-check=0, pre-check=0
Content-Encoding:gzip
Vary:Accept-Encoding
Expires:Thu, 19 Nov 1981 08:52:00 GMT
Content-Length:1284
X-Powered-By:PHP/5.5.9-1ubuntu4.29
Content-Type:text/html
",e91b62ee2a6f44fae6ad8e82595ed8b7f80d02ed3a5f1988ffbc9c703cd33c95398ae53aa27ddc7a664f298aa84b7bbb8584a06a8eebcf7ff4e544fcb5544f04,200
http://web/users/register.php,GET,"Cookie:PHPSESSID=7ficmi53fn80h3alhbsb1d4pk3
Accept:text/html,application/xhtml+xml,application/xml;q=0.9,image/avif,image/webp,image/apng,*/*;q=0.8,application/signed-exchange;v=b3;q=0.9
User-Agent:Mozilla/5.0 (X11; Linux x86_64) AppleWebKit/537.36 (KHTML, like Gecko) Chrome/85.0.4183.102 Safari/537.36
Referer:http://web/
Upgrade-Insecure-Requests:1
",cf83e1357eefb8bdf1542850d66d8007d620e4050b5715dc83f4a921d36ce9ce47d0d13c5d85f2b0ff8318d2877eec2f63b931bd47417a81a538327af927da3e,"Keep-Alive:timeout=5, max=68
Server:Apache/2.4.7 (Ubuntu)
Connection:Keep-Alive
Pragma:no-cache
Date:Mon, 11 May 2026 20:42:34 GMT
Cache-Control:no-store, no-cache, must-revalidate, post-check=0, pre-check=0
Content-Encoding:gzip
Vary:Accept-Encoding
Expires:Thu, 19 Nov 1981 08:52:00 GMT
Content-Length:1100
X-Powered-By:PHP/5.5.9-1ubuntu4.29
Content-Type:text/html
",c02c39bef5a40253bfc287d6d297b88a9d106b896097ed2c9b8e7f13032910b2778b0880929a5e33244ffb1b517531787537a70cd106efbb82b25f0491abe387,200
http://web/pictures/recent.php,GET,"Cookie:PHPSESSID=7ficmi53fn80h3alhbsb1d4pk3
Accept:text/html,application/xhtml+xml,application/xml;q=0.9,image/avif,image/webp,image/apng,*/*;q=0.8,application/signed-exchange;v=b3;q=0.9
User-Agent:Mozilla/5.0 (X11; Linux x86_64) AppleWebKit/537.36 (KHTML, like Gecko) Chrome/85.0.4183.102 Safari/537.36
Referer:http://web/users/login.php
Upgrade-Insecure-Requests:1
",cf83e1357eefb8bdf1542850d66d8007d620e4050b5715dc83f4a921d36ce9ce47d0d13c5d85f2b0ff8318d2877eec2f63b931bd47417a81a538327af927da3e,"Keep-Alive:timeout=5, max=86
Server:Apache/2.4.7 (Ubuntu)
Connection:Keep-Alive
Pragma:no-cache
Date:Mon, 11 May 2026 20:39:39 GMT
Cache-Control:no-store, no-cache, must-revalidate, post-check=0, pre-check=0
Content-Encoding:gzip
Vary:Accept-Encoding
Expires:Thu, 19 Nov 1981 08:52:00 GMT
Content-Length:1088
X-Powered-By:PHP/5.5.9-1ubuntu4.29
Content-Type:text/html
",6d54b1663fe6fc5c4414dd9e278e1e93bae56f77a3b88ed3574c399a839c86d1219c54ff3977e5327ab5c2af1a390959f0cb878348977b72f266fba575c62c12,200
http://web/,GET,"Cookie:PHPSESSID=7ficmi53fn80h3alhbsb1d4pk3
Accept:text/html,application/xhtml+xml,application/xml;q=0.9,image/avif,image/webp,image/apng,*/*;q=0.8,application/signed-exchange;v=b3;q=0.9
User-Agent:Mozilla/5.0 (X11; Linux x86_64) AppleWebKit/537.36 (KHTML, like Gecko) Chrome/85.0.4183.102 Safari/537.36
Upgrade-Insecure-Requests:1
",cf83e1357eefb8bdf1542850d66d8007d620e4050b5715dc83f4a921d36ce9ce47d0d13c5d85f2b0ff8318d2877eec2f63b931bd47417a81a538327af927da3e,"Keep-Alive:timeout=5, max=49
Server:Apache/2.4.7 (Ubuntu)
Connection:Keep-Alive
Pragma:no-cache
Date:Mon, 11 May 2026 20:40:19 GMT
Cache-Control:no-store, no-cache, must-revalidate, post-check=0, pre-check=0
Content-Encoding:gzip
Vary:Accept-Encoding
Expires:Thu, 19 Nov 1981 08:52:00 GMT
Content-Length:1284
X-Powered-By:PHP/5.5.9-1ubuntu4.29
Content-Type:text/html
",660e843ca4aa63d38913930eb76ca6f34b71f678749d4107fcf7206d4fd8fee891a27e96749fbcb80213199671637fb9078463deb7f1b9c79448b1cddb39e5c5,200
http://web/,GET,"Cookie:PHPSESSID=7ficmi53fn80h3alhbsb1d4pk3
Accept:text/html,application/xhtml+xml,application/xml;q=0.9,image/avif,image/webp,image/apng,*/*;q=0.8,application/signed-exchange;v=b3;q=0.9
User-Agent:Mozilla/5.0 (X11; Linux x86_64) AppleWebKit/537.36 (KHTML, like Gecko) Chrome/85.0.4183.102 Safari/537.36
Upgrade-Insecure-Requests:1
",cf83e1357eefb8bdf1542850d66d8007d620e4050b5715dc83f4a921d36ce9ce47d0d13c5d85f2b0ff8318d2877eec2f63b931bd47417a81a538327af927da3e,"Keep-Alive:timeout=5, max=45
Server:Apache/2.4.7 (Ubuntu)
Connection:Keep-Alive
Pragma:no-cache
Date:Mon, 11 May 2026 20:42:52 GMT
Cache-Control:no-store, no-cache, must-revalidate, post-check=0, pre-check=0
Content-Encoding:gzip
Vary:Accept-Encoding
Expires:Thu, 19 Nov 1981 08:52:00 GMT
Content-Length:1284
X-Powered-By:PHP/5.5.9-1ubuntu4.29
Content-Type:text/html
",b9fc4c985f0e75a203a670962a70e0d11b9d488b5972443d79b5ee201799f50ac6da1fb599e073836f971d8027e88bdc3a806ff21fac20c14f5fe1fccd3930de,200
http://web/users/register.php,GET,"Cookie:PHPSESSID=7ficmi53fn80h3alhbsb1d4pk3
Accept:text/html,application/xhtml+xml,application/xml;q=0.9,image/avif,image/webp,image/apng,*/*;q=0.8,application/signed-exchange;v=b3;q=0.9
User-Agent:Mozilla/5.0 (X11; Linux x86_64) AppleWebKit/537.36 (KHTML, like Gecko) Chrome/85.0.4183.102 Safari/537.36
Referer:http://web/
Upgrade-Insecure-Requests:1
",cf83e1357eefb8bdf1542850d66d8007d620e4050b5715dc83f4a921d36ce9ce47d0d13c5d85f2b0ff8318d2877eec2f63b931bd47417a81a538327af927da3e,"Keep-Alive:timeout=5, max=79
Server:Apache/2.4.7 (Ubuntu)
Connection:Keep-Alive
Pragma:no-cache
Date:Mon, 11 May 2026 20:41:09 GMT
Cache-Control:no-store, no-cache, must-revalidate, post-check=0, pre-check=0
Content-Encoding:gzip
Vary:Accept-Encoding
Expires:Thu, 19 Nov 1981 08:52:00 GMT
Content-Length:1099
X-Powered-By:PHP/5.5.9-1ubuntu4.29
Content-Type:text/html
",3a139093da3cd4d265f983d4574373255accf407da85bc05a119fca5614d211e4bbd3b8d8108517314cf9a0e8a45239c9795c89506018724b775435f06948fd2,200
http://web/users/sample.php?userid=1,GET,"Cookie:PHPSESSID=7ficmi53fn80h3alhbsb1d4pk3
Accept:text/html,application/xhtml+xml,application/xml;q=0.9,image/avif,image/webp,image/apng,*/*;q=0.8,application/signed-exchange;v=b3;q=0.9
User-Agent:Mozilla/5.0 (X11; Linux x86_64) AppleWebKit/537.36 (KHTML, like Gecko) Chrome/85.0.4183.102 Safari/537.36
Referer:http://web/
Upgrade-Insecure-Requests:1
",cf83e1357eefb8bdf1542850d66d8007d620e4050b5715dc83f4a921d36ce9ce47d0d13c5d85f2b0ff8318d2877eec2f63b931bd47417a81a538327af927da3e,"Keep-Alive:timeout=5, max=32
Server:Apache/2.4.7 (Ubuntu)
Connection:Keep-Alive
Pragma:no-cache
Date:Mon, 11 May 2026 20:41:46 GMT
Cache-Control:no-store, no-cache, must-revalidate, post-check=0, pre-check=0
Content-Encoding:gzip
Vary:Accept-Encoding
Expires:Thu, 19 Nov 1981 08:52:00 GMT
Content-Length:982
X-Powered-By:PHP/5.5.9-1ubuntu4.29
Content-Type:text/html
",86ef6e74553427b4b547a30f38ab6365603a57f5e96650c3ca61793a6bb97e2bed9a88dd59f61918b587db6230c33e83808c570617ce80daf2d03e69d9ef48e1,200
http://web/users/login.php,GET,"Cookie:PHPSESSID=7ficmi53fn80h3alhbsb1d4pk3
Accept:text/html,application/xhtml+xml,application/xml;q=0.9,image/avif,image/webp,image/apng,*/*;q=0.8,application/signed-exchange;v=b3;q=0.9
User-Agent:Mozilla/5.0 (X11; Linux x86_64) AppleWebKit/537.36 (KHTML, like Gecko) Chrome/85.0.4183.102 Safari/537.36
Referer:http://web/guestbook.php
Upgrade-Insecure-Requests:1
",cf83e1357eefb8bdf1542850d66d8007d620e4050b5715dc83f4a921d36ce9ce47d0d13c5d85f2b0ff8318d2877eec2f63b931bd47417a81a538327af927da3e,"Keep-Alive:timeout=5, max=50
Server:Apache/2.4.7 (Ubuntu)
Connection:Keep-Alive
Pragma:no-cache
Date:Mon, 11 May 2026 20:40:18 GMT
Cache-Control:no-store, no-cache, must-revalidate, post-check=0, pre-check=0
Content-Encoding:gzip
Vary:Accept-Encoding
Expires:Thu, 19 Nov 1981 08:52:00 GMT
Content-Length:976
X-Powered-By:PHP/5.5.9-1ubuntu4.29
Content-Type:text/html
",fb82502e9d51422ee9b29bf4daa173508a577bfbb8a1beeed6f0bd056153c5a00531ace7c21f1d8bb0f8b5b12fd0f5225e14a41478e19f0ddb8e25e83a156880,200
http://web/users/login.php,GET,"Cookie:PHPSESSID=7ficmi53fn80h3alhbsb1d4pk3
Accept:text/html,application/xhtml+xml,application/xml;q=0.9,image/avif,image/webp,image/apng,*/*;q=0.8,application/signed-exchange;v=b3;q=0.9
User-Agent:Mozilla/5.0 (X11; Linux x86_64) AppleWebKit/537.36 (KHTML, like Gecko) Chrome/85.0.4183.102 Safari/537.36
Referer:http://web/pictures/recent.php
Upgrade-Insecure-Requests:1
",cf83e1357eefb8bdf1542850d66d8007d620e4050b5715dc83f4a921d36ce9ce47d0d13c5d85f2b0ff8318d2877eec2f63b931bd47417a81a538327af927da3e,"Keep-Alive:timeout=5, max=27
Server:Apache/2.4.7 (Ubuntu)
Connection:Keep-Alive
Pragma:no-cache
Date:Mon, 11 May 2026 20:40:33 GMT
Cache-Control:no-store, no-cache, must-revalidate, post-check=0, pre-check=0
Content-Encoding:gzip
Vary:Accept-Encoding
Expires:Thu, 19 Nov 1981 08:52:00 GMT
Content-Length:976
X-Powered-By:PHP/5.5.9-1ubuntu4.29
Content-Type:text/html
",6930d83733262d5bb29da263aa461b29108fedbd55533a49216e22ab68b63d60c8f28db0a739bb3769c7155c1058ec8ea2f9d1c556630db751bbcb1cab94ec6e,200
http://web/guestbook.php,GET,"Cookie:PHPSESSID=7ficmi53fn80h3alhbsb1d4pk3
Accept:text/html,application/xhtml+xml,application/xml;q=0.9,image/avif,image/webp,image/apng,*/*;q=0.8,application/signed-exchange;v=b3;q=0.9
User-Agent:Mozilla/5.0 (X11; Linux x86_64) AppleWebKit/537.36 (KHTML, like Gecko) Chrome/85.0.4183.102 Safari/537.36
Referer:http://web/users/register.php
Upgrade-Insecure-Requests:1
",cf83e1357eefb8bdf1542850d66d8007d620e4050b5715dc83f4a921d36ce9ce47d0d13c5d85f2b0ff8318d2877eec2f63b931bd47417a81a538327af927da3e,"Keep-Alive:timeout=5, max=71
Server:Apache/2.4.7 (Ubuntu)
Connection:Keep-Alive
Pragma:no-cache
Date:Mon, 11 May 2026 20:41:15 GMT
Cache-Control:no-store, no-cache, must-revalidate, post-check=0, pre-check=0
Content-Encoding:gzip
Vary:Accept-Encoding
Expires:Thu, 19 Nov 1981 08:52:00 GMT
Content-Length:998
X-Powered-By:PHP/5.5.9-1ubuntu4.29
Content-Type:text/html
",b9c8831ba0c446f70925659d838266ed6839ae9e58e56fc4e73652bc45d3b0e810ef3c1d64c6bd0ee72f12f7ea85304908817547f23a3b18ef5b2c5de308bf0d,200
http://web/pictures/upload.php,GET,"Cookie:PHPSESSID=7ficmi53fn80h3alhbsb1d4pk3
Accept:text/html,application/xhtml+xml,application/xml;q=0.9,image/avif,image/webp,image/apng,*/*;q=0.8,application/signed-exchange;v=b3;q=0.9
User-Agent:Mozilla/5.0 (X11; Linux x86_64) AppleWebKit/537.36 (KHTML, like Gecko) Chrome/85.0.4183.102 Safari/537.36
Referer:http://web/users/register.php
Upgrade-Insecure-Requests:1
",cf83e1357eefb8bdf1542850d66d8007d620e4050b5715dc83f4a921d36ce9ce47d0d13c5d85f2b0ff8318d2877eec2f63b931bd47417a81a538327af927da3e,"Keep-Alive:timeout=5, max=78
Server:Apache/2.4.7 (Ubuntu)
Connection:Keep-Alive
Pragma:no-cache
Date:Mon, 11 May 2026 20:41:10 GMT
Cache-Control:no-store, no-cache, must-revalidate, post-check=0, pre-check=0
Expires:Thu, 19 Nov 1981 08:52:00 GMT
Content-Length:41
X-Powered-By:PHP/5.5.9-1ubuntu4.29
Location:/users/login.php
Content-Type:text/html
",cf83e1357eefb8bdf1542850d66d8007d620e4050b5715dc83f4a921d36ce9ce47d0d13c5d85f2b0ff8318d2877eec2f63b931bd47417a81a538327af927da3e,303
http://web/calendar.php,GET,"Cookie:PHPSESSID=7ficmi53fn80h3alhbsb1d4pk3
Accept:text/html,application/xhtml+xml,application/xml;q=0.9,image/avif,image/webp,image/apng,*/*;q=0.8,application/signed-exchange;v=b3;q=0.9
User-Agent:Mozilla/5.0 (X11; Linux x86_64) AppleWebKit/537.36 (KHTML, like Gecko) Chrome/85.0.4183.102 Safari/537.36
Referer:http://web/
Upgrade-Insecure-Requests:1
",cf83e1357eefb8bdf1542850d66d8007d620e4050b5715dc83f4a921d36ce9ce47d0d13c5d85f2b0ff8318d2877eec2f63b931bd47417a81a538327af927da3e,"Keep-Alive:timeout=5, max=5
Server:Apache/2.4.7 (Ubuntu)
Connection:Keep-Alive
Pragma:no-cache
Date:Mon, 11 May 2026 20:43:21 GMT
Cache-Control:no-store, no-cache, must-revalidate, post-check=0, pre-check=0
Content-Encoding:gzip
Vary:Accept-Encoding
Expires:Thu, 19 Nov 1981 08:52:00 GMT
Content-Length:943
X-Powered-By:PHP/5.5.9-1ubuntu4.29
Content-Type:text/html
",670f3cf4270274227101f97ef22f61d634699d8aa5f7c9459181c4dadca938d2ffb8423d8ea4e0f81fed7659d56977dabe5fcefd428967d773cbd315a73a6bf7,200
http://web/,GET,"Cookie:PHPSESSID=7ficmi53fn80h3alhbsb1d4pk3
Accept:text/html,application/xhtml+xml,application/xml;q=0.9,image/avif,image/webp,image/apng,*/*;q=0.8,application/signed-exchange;v=b3;q=0.9
User-Agent:Mozilla/5.0 (X11; Linux x86_64) AppleWebKit/537.36 (KHTML, like Gecko) Chrome/85.0.4183.102 Safari/537.36
Referer:http://web/pictures/recent.php
Upgrade-Insecure-Requests:1
",cf83e1357eefb8bdf1542850d66d8007d620e4050b5715dc83f4a921d36ce9ce47d0d13c5d85f2b0ff8318d2877eec2f63b931bd47417a81a538327af927da3e,"Keep-Alive:timeout=5, max=8
Server:Apache/2.4.7 (Ubuntu)
Connection:Keep-Alive
Pragma:no-cache
Date:Mon, 11 May 2026 20:40:45 GMT
Cache-Control:no-store, no-cache, must-revalidate, post-check=0, pre-check=0
Content-Encoding:gzip
Vary:Accept-Encoding
Expires:Thu, 19 Nov 1981 08:52:00 GMT
Content-Length:1283
X-Powered-By:PHP/5.5.9-1ubuntu4.29
Content-Type:text/html
",f724058ea0af5bd24b92547f6d8dbdb5d1e56e82ef977ee3f74adc85c1ba32a5449d9951afb85f0fe690d2f0179714125e21a69d23bb38e06857a601e3343ed8,200
http://web/css/stylings.css,GET,"Cookie:PHPSESSID=7ficmi53fn80h3alhbsb1d4pk3
Accept:text/css,*/*;q=0.1
User-Agent:Mozilla/5.0 (X11; Linux x86_64) AppleWebKit/537.36 (KHTML, like Gecko) Chrome/85.0.4183.102 Safari/537.36
Referer:http://web/users/register.php
",cf83e1357eefb8bdf1542850d66d8007d620e4050b5715dc83f4a921d36ce9ce47d0d13c5d85f2b0ff8318d2877eec2f63b931bd47417a81a538327af927da3e,"Server:Apache/2.4.7 (Ubuntu)
Last-Modified:Thu, 02 Feb 2017 22:24:09 GMT
Date:Mon, 11 May 2026 20:39:28 GMT
Accept-Ranges:bytes
ETag:""c29-547939fb8b440-gzip""
Content-Encoding:gzip
Vary:Accept-Encoding
Content-Length:838
Content-Type:text/css
",e6142d743628221ad60b6d12a0b444a077ed8ede2504b511ffffde908ffe459f09875b3901f9a63ec228906521c445248f9277e14f591205808d8dfc200df823,200
http://web/pictures/upload.php,GET,"Cookie:PHPSESSID=7ficmi53fn80h3alhbsb1d4pk3
Accept:text/html,application/xhtml+xml,application/xml;q=0.9,image/avif,image/webp,image/apng,*/*;q=0.8,application/signed-exchange;v=b3;q=0.9
User-Agent:Mozilla/5.0 (X11; Linux x86_64) AppleWebKit/537.36 (KHTML, like Gecko) Chrome/85.0.4183.102 Safari/537.36
Referer:http://web/calendar.php?date=1778618576
Upgrade-Insecure-Requests:1
",cf83e1357eefb8bdf1542850d66d8007d620e4050b5715dc83f4a921d36ce9ce47d0d13c5d85f2b0ff8318d2877eec2f63b931bd47417a81a538327af927da3e,"Keep-Alive:timeout=5, max=37
Server:Apache/2.4.7 (Ubuntu)
Connection:Keep-Alive
Pragma:no-cache
Date:Mon, 11 May 2026 20:42:57 GMT
Cache-Control:no-store, no-cache, must-revalidate, post-check=0, pre-check=0
Expires:Thu, 19 Nov 1981 08:52:00 GMT
Content-Length:41
X-Powered-By:PHP/5.5.9-1ubuntu4.29
Location:/users/login.php
Content-Type:text/html
",cf83e1357eefb8bdf1542850d66d8007d620e4050b5715dc83f4a921d36ce9ce47d0d13c5d85f2b0ff8318d2877eec2f63b931bd47417a81a538327af927da3e,303
http://web/pictures/view.php?picid=13,GET,"Cookie:PHPSESSID=7ficmi53fn80h3alhbsb1d4pk3
Accept:text/html,application/xhtml+xml,application/xml;q=0.9,image/avif,image/webp,image/apng,*/*;q=0.8,application/signed-exchange;v=b3;q=0.9
User-Agent:Mozilla/5.0 (X11; Linux x86_64) AppleWebKit/537.36 (KHTML, like Gecko) Chrome/85.0.4183.102 Safari/537.36
Referer:http://web/pictures/recent.php
Upgrade-Insecure-Requests:1
",cf83e1357eefb8bdf1542850d66d8007d620e4050b5715dc83f4a921d36ce9ce47d0d13c5d85f2b0ff8318d2877eec2f63b931bd47417a81a538327af927da3e,"Keep-Alive:timeout=5, max=36
Server:Apache/2.4.7 (Ubuntu)
Connection:Keep-Alive
Pragma:no-cache
Date:Mon, 11 May 2026 20:40:28 GMT
Cache-Control:no-store, no-cache, must-revalidate, post-check=0, pre-check=0
Expires:Thu, 19 Nov 1981 08:52:00 GMT
Content-Length:41
X-Powered-By:PHP/5.5.9-1ubuntu4.29
Location:/users/login.php
Content-Type:text/html
",cf83e1357eefb8bdf1542850d66d8007d620e4050b5715dc83f4a921d36ce9ce47d0d13c5d85f2b0ff8318d2877eec2f63b931bd47417a81a538327af927da3e,303
http://web/calendar.php,GET,"Cookie:PHPSESSID=7ficmi53fn80h3alhbsb1d4pk3
Accept:text/html,application/xhtml+xml,application/xml;q=0.9,image/avif,image/webp,image/apng,*/*;q=0.8,application/signed-exchange;v=b3;q=0.9
User-Agent:Mozilla/5.0 (X11; Linux x86_64) AppleWebKit/537.36 (KHTML, like Gecko) Chrome/85.0.4183.102 Safari/537.36
Referer:http://web/
Upgrade-Insecure-Requests:1
",cf83e1357eefb8bdf1542850d66d8007d620e4050b5715dc83f4a921d36ce9ce47d0d13c5d85f2b0ff8318d2877eec2f63b931bd47417a81a538327af927da3e,"Keep-Alive:timeout=5, max=14
Server:Apache/2.4.7 (Ubuntu)
Connection:Keep-Alive
Pragma:no-cache
Date:Mon, 11 May 2026 20:41:59 GMT
Cache-Control:no-store, no-cache, must-revalidate, post-check=0, pre-check=0
Content-Encoding:gzip
Vary:Accept-Encoding
Expires:Thu, 19 Nov 1981 08:52:00 GMT
Content-Length:944
X-Powered-By:PHP/5.5.9-1ubuntu4.29
Content-Type:text/html
",09839e03f79596f794d585849bb7ab4fec7225e2016aaa5e1bf9c75abc51063e34c4839ad9698b0e91de6f89c16bbdde67e17b830bdf769d8bde8e7211bb97ae,200
http://web/calendar.php?date=1778705055,GET,"Cookie:PHPSESSID=7ficmi53fn80h3alhbsb1d4pk3
Accept:text/html,application/xhtml+xml,application/xml;q=0.9,image/avif,image/webp,image/apng,*/*;q=0.8,application/signed-exchange;v=b3;q=0.9
User-Agent:Mozilla/5.0 (X11; Linux x86_64) AppleWebKit/537.36 (KHTML, like Gecko) Chrome/85.0.4183.102 Safari/537.36
Referer:http://web/calendar.php?date=1778618655
Upgrade-Insecure-Requests:1
",cf83e1357eefb8bdf1542850d66d8007d620e4050b5715dc83f4a921d36ce9ce47d0d13c5d85f2b0ff8318d2877eec2f63b931bd47417a81a538327af927da3e,"Keep-Alive:timeout=5, max=24
Server:Apache/2.4.7 (Ubuntu)
Connection:Keep-Alive
Pragma:no-cache
Date:Mon, 11 May 2026 20:44:17 GMT
Cache-Control:no-store, no-cache, must-revalidate, post-check=0, pre-check=0
Content-Encoding:gzip
Vary:Accept-Encoding
Expires:Thu, 19 Nov 1981 08:52:00 GMT
Content-Length:945
X-Powered-By:PHP/5.5.9-1ubuntu4.29
Content-Type:text/html
",7537b61828b6acf25dd6117b2e5e55f6956c02f25c740acee1bd8c57b4204c3d8a2dacc358f2cd52cd321e5f7dcf86187b7abc898b6d55a64e1bbea31f8cbddd,200
http://web/,GET,"Cookie:PHPSESSID=7ficmi53fn80h3alhbsb1d4pk3
Accept:text/html,application/xhtml+xml,application/xml;q=0.9,image/avif,image/webp,image/apng,*/*;q=0.8,application/signed-exchange;v=b3;q=0.9
User-Agent:Mozilla/5.0 (X11; Linux x86_64) AppleWebKit/537.36 (KHTML, like Gecko) Chrome/85.0.4183.102 Safari/537.36
Upgrade-Insecure-Requests:1
",cf83e1357eefb8bdf1542850d66d8007d620e4050b5715dc83f4a921d36ce9ce47d0d13c5d85f2b0ff8318d2877eec2f63b931bd47417a81a538327af927da3e,"Keep-Alive:timeout=5, max=97
Server:Apache/2.4.7 (Ubuntu)
Connection:Keep-Alive
Pragma:no-cache
Date:Mon, 11 May 2026 20:39:30 GMT
Cache-Control:no-store, no-cache, must-revalidate, post-check=0, pre-check=0
Content-Encoding:gzip
Vary:Accept-Encoding
Expires:Thu, 19 Nov 1981 08:52:00 GMT
Content-Length:1284
X-Powered-By:PHP/5.5.9-1ubuntu4.29
Content-Type:text/html
",4faefe1c32ffe5b8e4612caf5eda7ba884326f1bdfc5bf873db5ec6e0e83076cbfcd8af61a4b1d55346d4b8105c4b1f413127635bd7da37dbd5b48c32af67a7b,200
http://web/calendar.php,GET,"Cookie:PHPSESSID=7ficmi53fn80h3alhbsb1d4pk3
Accept:text/html,application/xhtml+xml,application/xml;q=0.9,image/avif,image/webp,image/apng,*/*;q=0.8,application/signed-exchange;v=b3;q=0.9
User-Agent:Mozilla/5.0 (X11; Linux x86_64) AppleWebKit/537.36 (KHTML, like Gecko) Chrome/85.0.4183.102 Safari/537.36
Referer:http://web/
Upgrade-Insecure-Requests:1
",cf83e1357eefb8bdf1542850d66d8007d620e4050b5715dc83f4a921d36ce9ce47d0d13c5d85f2b0ff8318d2877eec2f63b931bd47417a81a538327af927da3e,"Keep-Alive:timeout=5, max=13
Server:Apache/2.4.7 (Ubuntu)
Connection:Keep-Alive
Pragma:no-cache
Date:Mon, 11 May 2026 20:43:15 GMT
Cache-Control:no-store, no-cache, must-revalidate, post-check=0, pre-check=0
Content-Encoding:gzip
Vary:Accept-Encoding
Expires:Thu, 19 Nov 1981 08:52:00 GMT
Content-Length:943
X-Powered-By:PHP/5.5.9-1ubuntu4.29
Content-Type:text/html
",3ba98e4e13af5fd9227f6f5a06de62995184ecaa3763c83b1d04827e0943c9c207a8e975d4c4215b05b34fb77146d94636a2fa12f45b7a04dc19afb9756c6bc9,200
http://web/passcheck.php,GET,"Cookie:PHPSESSID=7ficmi53fn80h3alhbsb1d4pk3
Accept:text/html,application/xhtml+xml,application/xml;q=0.9,image/avif,image/webp,image/apng,*/*;q=0.8,application/signed-exchange;v=b3;q=0.9
User-Agent:Mozilla/5.0 (X11; Linux x86_64) AppleWebKit/537.36 (KHTML, like Gecko) Chrome/85.0.4183.102 Safari/537.36
Referer:http://web/users/register.php
Upgrade-Insecure-Requests:1
",cf83e1357eefb8bdf1542850d66d8007d620e4050b5715dc83f4a921d36ce9ce47d0d13c5d85f2b0ff8318d2877eec2f63b931bd47417a81a538327af927da3e,"Keep-Alive:timeout=5, max=65
Server:Apache/2.4.7 (Ubuntu)
Connection:Keep-Alive
Pragma:no-cache
Date:Mon, 11 May 2026 20:41:20 GMT
Cache-Control:no-store, no-cache, must-revalidate, post-check=0, pre-check=0
Content-Encoding:gzip
Vary:Accept-Encoding
Expires:Thu, 19 Nov 1981 08:52:00 GMT
Content-Length:928
X-Powered-By:PHP/5.5.9-1ubuntu4.29
Content-Type:text/html
",d3bff107bea68328b3716b812a47c1dacec27ca78939c84ff1358288adb7e4be99a2e0eb8d7e81dec22ee4a5c67954f23a523b743a0f030d664f7e7bd44c4a86,200
http://web/users/login.php,GET,"Cookie:PHPSESSID=7ficmi53fn80h3alhbsb1d4pk3
Accept:text/html,application/xhtml+xml,application/xml;q=0.9,image/avif,image/webp,image/apng,*/*;q=0.8,application/signed-exchange;v=b3;q=0.9
User-Agent:Mozilla/5.0 (X11; Linux x86_64) AppleWebKit/537.36 (KHTML, like Gecko) Chrome/85.0.4183.102 Safari/537.36
Referer:http://web/calendar.php?date=1778705001
Upgrade-Insecure-Requests:1
",cf83e1357eefb8bdf1542850d66d8007d620e4050b5715dc83f4a921d36ce9ce47d0d13c5d85f2b0ff8318d2877eec2f63b931bd47417a81a538327af927da3e,"Keep-Alive:timeout=5, max=1
Server:Apache/2.4.7 (Ubuntu)
Connection:Keep-Alive
Pragma:no-cache
Date:Mon, 11 May 2026 20:43:22 GMT
Cache-Control:no-store, no-cache, must-revalidate, post-check=0, pre-check=0
Content-Encoding:gzip
Vary:Accept-Encoding
Expires:Thu, 19 Nov 1981 08:52:00 GMT
Content-Length:976
X-Powered-By:PHP/5.5.9-1ubuntu4.29
Content-Type:text/html
",3cb82857503750c068b31a1a0c45d9fe4eec808f36fae01e08cbdbe85e9baf068bf6c14756867ad4588b5bcde08f412b4c0100ee9618d0ae2d61c4ca8530360b,200
http://web/calendar.php?date=1778618595,GET,"Cookie:PHPSESSID=7ficmi53fn80h3alhbsb1d4pk3
Accept:text/html,application/xhtml+xml,application/xml;q=0.9,image/avif,image/webp,image/apng,*/*;q=0.8,application/signed-exchange;v=b3;q=0.9
User-Agent:Mozilla/5.0 (X11; Linux x86_64) AppleWebKit/537.36 (KHTML, like Gecko) Chrome/85.0.4183.102 Safari/537.36
Referer:http://web/calendar.php
Upgrade-Insecure-Requests:1
",cf83e1357eefb8bdf1542850d66d8007d620e4050b5715dc83f4a921d36ce9ce47d0d13c5d85f2b0ff8318d2877eec2f63b931bd47417a81a538327af927da3e,"Keep-Alive:timeout=5, max=12
Server:Apache/2.4.7 (Ubuntu)
Connection:Keep-Alive
Pragma:no-cache
Date:Mon, 11 May 2026 20:43:15 GMT
Cache-Control:no-store, no-cache, must-revalidate, post-check=0, pre-check=0
Content-Encoding:gzip
Vary:Accept-Encoding
Expires:Thu, 19 Nov 1981 08:52:00 GMT
Content-Length:945
X-Powered-By:PHP/5.5.9-1ubuntu4.29
Content-Type:text/html
",eb9af79929542d3675f5a255f8168edab76d8ce45739b8ce52a542b3d09f225249d6ff672a88c35404902930f140422dd8322cd375ea4ab70d9f8348f9529254,200
http://web/,GET,"Cookie:PHPSESSID=7ficmi53fn80h3alhbsb1d4pk3
Accept:text/html,application/xhtml+xml,application/xml;q=0.9,image/avif,image/webp,image/apng,*/*;q=0.8,application/signed-exchange;v=b3;q=0.9
User-Agent:Mozilla/5.0 (X11; Linux x86_64) AppleWebKit/537.36 (KHTML, like Gecko) Chrome/85.0.4183.102 Safari/537.36
Upgrade-Insecure-Requests:1
",cf83e1357eefb8bdf1542850d66d8007d620e4050b5715dc83f4a921d36ce9ce47d0d13c5d85f2b0ff8318d2877eec2f63b931bd47417a81a538327af927da3e,"Keep-Alive:timeout=5, max=29
Server:Apache/2.4.7 (Ubuntu)
Connection:Keep-Alive
Pragma:no-cache
Date:Mon, 11 May 2026 20:41:48 GMT
Cache-Control:no-store, no-cache, must-revalidate, post-check=0, pre-check=0
Content-Encoding:gzip
Vary:Accept-Encoding
Expires:Thu, 19 Nov 1981 08:52:00 GMT
Content-Length:1284
X-Powered-By:PHP/5.5.9-1ubuntu4.29
Content-Type:text/html
",9acd1446bc98ab4445a14ff45dd84840fa95374a190f0f38628ac7862892da18f1368ba47a35c3c4483c6474c7a4a5624e30978e07e0e94ecdabd8ef418b521a,200
http://web/users/register.php,GET,"Cookie:PHPSESSID=7ficmi53fn80h3alhbsb1d4pk3
Accept:text/html,application/xhtml+xml,application/xml;q=0.9,image/avif,image/webp,image/apng,*/*;q=0.8,application/signed-exchange;v=b3;q=0.9
User-Agent:Mozilla/5.0 (X11; Linux x86_64) AppleWebKit/537.36 (KHTML, like Gecko) Chrome/85.0.4183.102 Safari/537.36
Referer:http://web/
Upgrade-Insecure-Requests:1
",cf83e1357eefb8bdf1542850d66d8007d620e4050b5715dc83f4a921d36ce9ce47d0d13c5d85f2b0ff8318d2877eec2f63b931bd47417a81a538327af927da3e,"Keep-Alive:timeout=5, max=72
Server:Apache/2.4.7 (Ubuntu)
Connection:Keep-Alive
Pragma:no-cache
Date:Mon, 11 May 2026 20:41:14 GMT
Cache-Control:no-store, no-cache, must-revalidate, post-check=0, pre-check=0
Content-Encoding:gzip
Vary:Accept-Encoding
Expires:Thu, 19 Nov 1981 08:52:00 GMT
Content-Length:1100
X-Powered-By:PHP/5.5.9-1ubuntu4.29
Content-Type:text/html
",c6234b65aedf8ba51e46ecb684a437e8d0bb5405d92734fd068a978670f41566ddb722d55fe100b6b60600256de34bbfad3d480656da25ffd3387e1e806e29eb,200
http://web/guestbook.php,GET,"Cookie:PHPSESSID=7ficmi53fn80h3alhbsb1d4pk3
Accept:text/html,application/xhtml+xml,application/xml;q=0.9,image/avif,image/webp,image/apng,*/*;q=0.8,application/signed-exchange;v=b3;q=0.9
User-Agent:Mozilla/5.0 (X11; Linux x86_64) AppleWebKit/537.36 (KHTML, like Gecko) Chrome/85.0.4183.102 Safari/537.36
Referer:http://web/
Upgrade-Insecure-Requests:1
",cf83e1357eefb8bdf1542850d66d8007d620e4050b5715dc83f4a921d36ce9ce47d0d13c5d85f2b0ff8318d2877eec2f63b931bd47417a81a538327af927da3e,"Keep-Alive:timeout=5, max=86
Server:Apache/2.4.7 (Ubuntu)
Connection:Keep-Alive
Pragma:no-cache
Date:Mon, 11 May 2026 20:41:03 GMT
Cache-Control:no-store, no-cache, must-revalidate, post-check=0, pre-check=0
Content-Encoding:gzip
Vary:Accept-Encoding
Expires:Thu, 19 Nov 1981 08:52:00 GMT
Content-Length:998
X-Powered-By:PHP/5.5.9-1ubuntu4.29
Content-Type:text/html
",74a20b8063c8d8d20ebe7fa81f5f4114c9feaf12620cb14073738981bc892ed5fe9706376dda8b21cf6ce5d5ee1ff17c8928d629ba147dba4737ebc337bf290b,200
http://web/calendar.php?date=1778618660,GET,"Cookie:PHPSESSID=7ficmi53fn80h3alhbsb1d4pk3
Accept:text/html,application/xhtml+xml,application/xml;q=0.9,image/avif,image/webp,image/apng,*/*;q=0.8,application/signed-exchange;v=b3;q=0.9
User-Agent:Mozilla/5.0 (X11; Linux x86_64) AppleWebKit/537.36 (KHTML, like Gecko) Chrome/85.0.4183.102 Safari/537.36
Referer:http://web/calendar.php
Upgrade-Insecure-Requests:1
",cf83e1357eefb8bdf1542850d66d8007d620e4050b5715dc83f4a921d36ce9ce47d0d13c5d85f2b0ff8318d2877eec2f63b931bd47417a81a538327af927da3e,"Keep-Alive:timeout=5, max=18
Server:Apache/2.4.7 (Ubuntu)
Connection:Keep-Alive
Pragma:no-cache
Date:Mon, 11 May 2026 20:44:21 GMT
Cache-Control:no-store, no-cache, must-revalidate, post-check=0, pre-check=0
Content-Encoding:gzip
Vary:Accept-Encoding
Expires:Thu, 19 Nov 1981 08:52:00 GMT
Content-Length:944
X-Powered-By:PHP/5.5.9-1ubuntu4.29
Content-Type:text/html
",71114888a1ed1651a32469620e74b342da3a30d396c5094cedb499210280817293231ee13019030076d3dc59912668eeef67756a62eebc58599e40c881447f3f,200
http://web/pictures/upload.php,GET,"Cookie:PHPSESSID=7ficmi53fn80h3alhbsb1d4pk3
Accept:text/html,application/xhtml+xml,application/xml;q=0.9,image/avif,image/webp,image/apng,*/*;q=0.8,application/signed-exchange;v=b3;q=0.9
User-Agent:Mozilla/5.0 (X11; Linux x86_64) AppleWebKit/537.36 (KHTML, like Gecko) Chrome/85.0.4183.102 Safari/537.36
Referer:http://web/pictures/recent.php
Upgrade-Insecure-Requests:1
",cf83e1357eefb8bdf1542850d66d8007d620e4050b5715dc83f4a921d36ce9ce47d0d13c5d85f2b0ff8318d2877eec2f63b931bd47417a81a538327af927da3e,"Keep-Alive:timeout=5, max=57
Server:Apache/2.4.7 (Ubuntu)
Connection:Keep-Alive
Pragma:no-cache
Date:Mon, 11 May 2026 20:40:14 GMT
Cache-Control:no-store, no-cache, must-revalidate, post-check=0, pre-check=0
Expires:Thu, 19 Nov 1981 08:52:00 GMT
Content-Length:41
X-Powered-By:PHP/5.5.9-1ubuntu4.29
Location:/users/login.php
Content-Type:text/html
",cf83e1357eefb8bdf1542850d66d8007d620e4050b5715dc83f4a921d36ce9ce47d0d13c5d85f2b0ff8318d2877eec2f63b931bd47417a81a538327af927da3e,303
http://web/upload/toga/togasfs.128_128.jpg,GET,"Cookie:PHPSESSID=7ficmi53fn80h3alhbsb1d4pk3
Accept:image/avif,image/webp,image/apng,image/*,*/*;q=0.8
User-Agent:Mozilla/5.0 (X11; Linux x86_64) AppleWebKit/537.36 (KHTML, like Gecko) Chrome/85.0.4183.102 Safari/537.36
Referer:http://web/pictures/recent.php
",cf83e1357eefb8bdf1542850d66d8007d620e4050b5715dc83f4a921d36ce9ce47d0d13c5d85f2b0ff8318d2877eec2f63b931bd47417a81a538327af927da3e,"Keep-Alive:timeout=5, max=100
Server:Apache/2.4.7 (Ubuntu)
Connection:Keep-Alive
Last-Modified:Thu, 02 Feb 2017 22:24:09 GMT
Date:Mon, 11 May 2026 20:39:39 GMT
Accept-Ranges:bytes
ETag:""321f-547939fb8b440""
Content-Length:12831
Content-Type:image/jpeg
",f9e00cc601dc7ed7b36ceb20d99655fbfae55b276341df50cc847ccbc4692a94cd49e6eb38bef9d2fc13a1e4900795b7234110c8ba66bf9a7b7f0d12f264bf16,200
http://web/css/blueprint/screen.css,GET,"Cookie:PHPSESSID=7ficmi53fn80h3alhbsb1d4pk3
Accept:text/css,*/*;q=0.1
User-Agent:Mozilla/5.0 (X11; Linux x86_64) AppleWebKit/537.36 (KHTML, like Gecko) Chrome/85.0.4183.102 Safari/537.36
Referer:http://web/users/login.php
",cf83e1357eefb8bdf1542850d66d8007d620e4050b5715dc83f4a921d36ce9ce47d0d13c5d85f2b0ff8318d2877eec2f63b931bd47417a81a538327af927da3e,"Server:Apache/2.4.7 (Ubuntu)
Last-Modified:Thu, 02 Feb 2017 22:24:09 GMT
Date:Mon, 11 May 2026 20:39:28 GMT
Accept-Ranges:bytes
ETag:""24c7-547939fb8b440-gzip""
Content-Encoding:gzip
Vary:Accept-Encoding
Content-Length:2682
Content-Type:text/css
",c0995dbb8c323ef465d8cc5d7b640b1a5435beb529b0c6e55594b1c0f3db66e859d23f70cfe8d93285234e722d677fca7c8887bee81a636881b2f91f221f976e,200
http://web/,GET,"Cookie:PHPSESSID=7ficmi53fn80h3alhbsb1d4pk3
Accept:text/html,application/xhtml+xml,application/xml;q=0.9,image/avif,image/webp,image/apng,*/*;q=0.8,application/signed-exchange;v=b3;q=0.9
User-Agent:Mozilla/5.0 (X11; Linux x86_64) AppleWebKit/537.36 (KHTML, like Gecko) Chrome/85.0.4183.102 Safari/537.36
Upgrade-Insecure-Requests:1
",cf83e1357eefb8bdf1542850d66d8007d620e4050b5715dc83f4a921d36ce9ce47d0d13c5d85f2b0ff8318d2877eec2f63b931bd47417a81a538327af927da3e,"Keep-Alive:timeout=5, max=65
Server:Apache/2.4.7 (Ubuntu)
Connection:Keep-Alive
Pragma:no-cache
Date:Mon, 11 May 2026 20:42:36 GMT
Cache-Control:no-store, no-cache, must-revalidate, post-check=0, pre-check=0
Content-Encoding:gzip
Vary:Accept-Encoding
Expires:Thu, 19 Nov 1981 08:52:00 GMT
Content-Length:1284
X-Powered-By:PHP/5.5.9-1ubuntu4.29
Content-Type:text/html
",304c5c23706e914b4a8b4f43001701df690cd294769d3a3431ec7d6b2af8d90be01b7766d143bf76687aa7a8fd660cb280d2d5f93721ae6a26e00cab40d80f8a,200
http://web/pictures/view.php?picid=8,GET,"Cookie:PHPSESSID=7ficmi53fn80h3alhbsb1d4pk3
Accept:text/html,application/xhtml+xml,application/xml;q=0.9,image/avif,image/webp,image/apng,*/*;q=0.8,application/signed-exchange;v=b3;q=0.9
User-Agent:Mozilla/5.0 (X11; Linux x86_64) AppleWebKit/537.36 (KHTML, like Gecko) Chrome/85.0.4183.102 Safari/537.36
Referer:http://web/pictures/recent.php
Upgrade-Insecure-Requests:1
",cf83e1357eefb8bdf1542850d66d8007d620e4050b5715dc83f4a921d36ce9ce47d0d13c5d85f2b0ff8318d2877eec2f63b931bd47417a81a538327af927da3e,"Keep-Alive:timeout=5, max=16
Server:Apache/2.4.7 (Ubuntu)
Connection:Keep-Alive
Pragma:no-cache
Date:Mon, 11 May 2026 20:40:40 GMT
Cache-Control:no-store, no-cache, must-revalidate, post-check=0, pre-check=0
Expires:Thu, 19 Nov 1981 08:52:00 GMT
Content-Length:41
X-Powered-By:PHP/5.5.9-1ubuntu4.29
Location:/users/login.php
Content-Type:text/html
",cf83e1357eefb8bdf1542850d66d8007d620e4050b5715dc83f4a921d36ce9ce47d0d13c5d85f2b0ff8318d2877eec2f63b931bd47417a81a538327af927da3e,303
http://web/,GET,"Cookie:PHPSESSID=7ficmi53fn80h3alhbsb1d4pk3
Accept:text/html,application/xhtml+xml,application/xml;q=0.9,image/avif,image/webp,image/apng,*/*;q=0.8,application/signed-exchange;v=b3;q=0.9
User-Agent:Mozilla/5.0 (X11; Linux x86_64) AppleWebKit/537.36 (KHTML, like Gecko) Chrome/85.0.4183.102 Safari/537.36
Upgrade-Insecure-Requests:1
",cf83e1357eefb8bdf1542850d66d8007d620e4050b5715dc83f4a921d36ce9ce47d0d13c5d85f2b0ff8318d2877eec2f63b931bd47417a81a538327af927da3e,"Keep-Alive:timeout=5, max=95
Server:Apache/2.4.7 (Ubuntu)
Connection:Keep-Alive
Pragma:no-cache
Date:Mon, 11 May 2026 20:43:27 GMT
Cache-Control:no-store, no-cache, must-revalidate, post-check=0, pre-check=0
Content-Encoding:gzip
Vary:Accept-Encoding
Expires:Thu, 19 Nov 1981 08:52:00 GMT
Content-Length:1283
X-Powered-By:PHP/5.5.9-1ubuntu4.29
Content-Type:text/html
",db1d7b8560c7de82cd817b99d66531d0745279323198e37f8dc2af970ecca5154e1cbdc061530d2537b50d70f3659d0bc5e9013544e07c77c0d2cca75727f48f,200
http://web/,GET,"Cookie:PHPSESSID=7ficmi53fn80h3alhbsb1d4pk3
Accept:text/html,application/xhtml+xml,application/xml;q=0.9,image/avif,image/webp,image/apng,*/*;q=0.8,application/signed-exchange;v=b3;q=0.9
User-Agent:Mozilla/5.0 (X11; Linux x86_64) AppleWebKit/537.36 (KHTML, like Gecko) Chrome/85.0.4183.102 Safari/537.36
Upgrade-Insecure-Requests:1
",cf83e1357eefb8bdf1542850d66d8007d620e4050b5715dc83f4a921d36ce9ce47d0d13c5d85f2b0ff8318d2877eec2f63b931bd47417a81a538327af927da3e,"Keep-Alive:timeout=5, max=35
Server:Apache/2.4.7 (Ubuntu)
Connection:Keep-Alive
Pragma:no-cache
Date:Mon, 11 May 2026 20:42:58 GMT
Cache-Control:no-store, no-cache, must-revalidate, post-check=0, pre-check=0
Content-Encoding:gzip
Vary:Accept-Encoding
Expires:Thu, 19 Nov 1981 08:52:00 GMT
Content-Length:1283
X-Powered-By:PHP/5.5.9-1ubuntu4.29
Content-Type:text/html
",6edbc52d6a3fd70e697a53af12a499145a5441308afefee11f4aa10d4df7ba18b3f82cf6259e2e7e7f17b95918902c7879f3bd10d35db852743dd60286a09098,200
http://web/calendar.php?date=1778705043,GET,"Cookie:PHPSESSID=7ficmi53fn80h3alhbsb1d4pk3
Accept:text/html,application/xhtml+xml,application/xml;q=0.9,image/avif,image/webp,image/apng,*/*;q=0.8,application/signed-exchange;v=b3;q=0.9
User-Agent:Mozilla/5.0 (X11; Linux x86_64) AppleWebKit/537.36 (KHTML, like Gecko) Chrome/85.0.4183.102 Safari/537.36
Referer:http://web/calendar.php?date=1778618643
Upgrade-Insecure-Requests:1
",cf83e1357eefb8bdf1542850d66d8007d620e4050b5715dc83f4a921d36ce9ce47d0d13c5d85f2b0ff8318d2877eec2f63b931bd47417a81a538327af927da3e,"Keep-Alive:timeout=5, max=42
Server:Apache/2.4.7 (Ubuntu)
Connection:Keep-Alive
Pragma:no-cache
Date:Mon, 11 May 2026 20:44:04 GMT
Cache-Control:no-store, no-cache, must-revalidate, post-check=0, pre-check=0
Content-Encoding:gzip
Vary:Accept-Encoding
Expires:Thu, 19 Nov 1981 08:52:00 GMT
Content-Length:946
X-Powered-By:PHP/5.5.9-1ubuntu4.29
Content-Type:text/html
",5ad45ac3adc2f53d440a203e7487eaa3f4a4200013f73425df89517f602d5267b052a529c544b7cf8c31c56fa3b700fcc7cb6df29e94089a4faf1613d31c6dd2,200
http://web/pictures/recent.php,GET,"Cookie:PHPSESSID=7ficmi53fn80h3alhbsb1d4pk3
Accept:text/html,application/xhtml+xml,application/xml;q=0.9,image/avif,image/webp,image/apng,*/*;q=0.8,application/signed-exchange;v=b3;q=0.9
User-Agent:Mozilla/5.0 (X11; Linux x86_64) AppleWebKit/537.36 (KHTML, like Gecko) Chrome/85.0.4183.102 Safari/537.36
Referer:http://web/calendar.php?date=1778791443
Upgrade-Insecure-Requests:1
",cf83e1357eefb8bdf1542850d66d8007d620e4050b5715dc83f4a921d36ce9ce47d0d13c5d85f2b0ff8318d2877eec2f63b931bd47417a81a538327af927da3e,"Keep-Alive:timeout=5, max=40
Server:Apache/2.4.7 (Ubuntu)
Connection:Keep-Alive
Pragma:no-cache
Date:Mon, 11 May 2026 20:44:05 GMT
Cache-Control:no-store, no-cache, must-revalidate, post-check=0, pre-check=0
Content-Encoding:gzip
Vary:Accept-Encoding
Expires:Thu, 19 Nov 1981 08:52:00 GMT
Content-Length:1089
X-Powered-By:PHP/5.5.9-1ubuntu4.29
Content-Type:text/html
",5b4c1a69638d71e1a048dfda7883020b0c3a5ce9ce7ba8b425fa4a5311868770af75d82496719be0d1679eb667f5c6f52275c6ce1ece748ab16087f30721baa7,200
http://web/calendar.php,GET,"Cookie:PHPSESSID=7ficmi53fn80h3alhbsb1d4pk3
Accept:text/html,application/xhtml+xml,application/xml;q=0.9,image/avif,image/webp,image/apng,*/*;q=0.8,application/signed-exchange;v=b3;q=0.9
User-Agent:Mozilla/5.0 (X11; Linux x86_64) AppleWebKit/537.36 (KHTML, like Gecko) Chrome/85.0.4183.102 Safari/537.36
Referer:http://web/
Upgrade-Insecure-Requests:1
",cf83e1357eefb8bdf1542850d66d8007d620e4050b5715dc83f4a921d36ce9ce47d0d13c5d85f2b0ff8318d2877eec2f63b931bd47417a81a538327af927da3e,"Keep-Alive:timeout=5, max=94
Server:Apache/2.4.7 (Ubuntu)
Connection:Keep-Alive
Pragma:no-cache
Date:Mon, 11 May 2026 20:43:28 GMT
Cache-Control:no-store, no-cache, must-revalidate, post-check=0, pre-check=0
Content-Encoding:gzip
Vary:Accept-Encoding
Expires:Thu, 19 Nov 1981 08:52:00 GMT
Content-Length:943
X-Powered-By:PHP/5.5.9-1ubuntu4.29
Content-Type:text/html
",1f47a003168d9e0da3fa5b0e5e586cf55053da23196e75398b98b014e8c21367050e2d1daf8eea3ca866746c894015653830494edb3e41f32d08a362be680600,200
http://web/,GET,"Cookie:PHPSESSID=7ficmi53fn80h3alhbsb1d4pk3
Accept:text/html,application/xhtml+xml,application/xml;q=0.9,image/avif,image/webp,image/apng,*/*;q=0.8,application/signed-exchange;v=b3;q=0.9
User-Agent:Mozilla/5.0 (X11; Linux x86_64) AppleWebKit/537.36 (KHTML, like Gecko) Chrome/85.0.4183.102 Safari/537.36
Upgrade-Insecure-Requests:1
",cf83e1357eefb8bdf1542850d66d8007d620e4050b5715dc83f4a921d36ce9ce47d0d13c5d85f2b0ff8318d2877eec2f63b931bd47417a81a538327af927da3e,"Keep-Alive:timeout=5, max=57
Server:Apache/2.4.7 (Ubuntu)
Connection:Keep-Alive
Pragma:no-cache
Date:Mon, 11 May 2026 20:41:27 GMT
Cache-Control:no-store, no-cache, must-revalidate, post-check=0, pre-check=0
Content-Encoding:gzip
Vary:Accept-Encoding
Expires:Thu, 19 Nov 1981 08:52:00 GMT
Content-Length:1284
X-Powered-By:PHP/5.5.9-1ubuntu4.29
Content-Type:text/html
",95b2ce89ec35b7feb1fc8a8ba3d785592bf6759cb813ce33c15adb5447406a8aa08f028c90caac3c89a45c303ca19103bd2546729ff76d2251a1fa16c72fa575,200
http://web/pictures/recent.php,GET,"Cookie:PHPSESSID=7ficmi53fn80h3alhbsb1d4pk3
Accept:text/html,application/xhtml+xml,application/xml;q=0.9,image/avif,image/webp,image/apng,*/*;q=0.8,application/signed-exchange;v=b3;q=0.9
User-Agent:Mozilla/5.0 (X11; Linux x86_64) AppleWebKit/537.36 (KHTML, like Gecko) Chrome/85.0.4183.102 Safari/537.36
Referer:http://web/
Upgrade-Insecure-Requests:1
",cf83e1357eefb8bdf1542850d66d8007d620e4050b5715dc83f4a921d36ce9ce47d0d13c5d85f2b0ff8318d2877eec2f63b931bd47417a81a538327af927da3e,"Keep-Alive:timeout=5, max=33
Server:Apache/2.4.7 (Ubuntu)
Connection:Keep-Alive
Pragma:no-cache
Date:Mon, 11 May 2026 20:40:30 GMT
Cache-Control:no-store, no-cache, must-revalidate, post-check=0, pre-check=0
Content-Encoding:gzip
Vary:Accept-Encoding
Expires:Thu, 19 Nov 1981 08:52:00 GMT
Content-Length:1088
X-Powered-By:PHP/5.5.9-1ubuntu4.29
Content-Type:text/html
",6e7fc49d2feaad90eb61403cf14675e3771ac404efa587a0f17277fd95994b6f67b9651c79f977a9b753bb2d200c8da9b47d2c7d5cf7e9ed83ee020dc1ebb800,200
http://web/images/search_button_white.gif,GET,"Cookie:PHPSESSID=7ficmi53fn80h3alhbsb1d4pk3
Accept:image/avif,image/webp,image/apng,image/*,*/*;q=0.8
User-Agent:Mozilla/5.0 (X11; Linux x86_64) AppleWebKit/537.36 (KHTML, like Gecko) Chrome/85.0.4183.102 Safari/537.36
Referer:http://web/
",cf83e1357eefb8bdf1542850d66d8007d620e4050b5715dc83f4a921d36ce9ce47d0d13c5d85f2b0ff8318d2877eec2f63b931bd47417a81a538327af927da3e,"Server:Apache/2.4.7 (Ubuntu)
Last-Modified:Thu, 02 Feb 2017 22:24:09 GMT
Date:Mon, 11 May 2026 20:39:28 GMT
Accept-Ranges:bytes
ETag:""1fc-547939fb8b440""
Content-Length:508
Content-Type:image/gif
",c3542cdf07970477cd82086f3e0968a355533cde628c45a2018ac340357b7d2ee35b6e4bf7915290f24a679250722d300985f0ea7b2482b30ac4f8447b2f35c8,200
http://web/upload/toga/togas.128_128.jpg,GET,"Cookie:PHPSESSID=7ficmi53fn80h3alhbsb1d4pk3
Accept:image/avif,image/webp,image/apng,image/*,*/*;q=0.8
User-Agent:Mozilla/5.0 (X11; Linux x86_64) AppleWebKit/537.36 (KHTML, like Gecko) Chrome/85.0.4183.102 Safari/537.36
Referer:http://web/pictures/recent.php
",cf83e1357eefb8bdf1542850d66d8007d620e4050b5715dc83f4a921d36ce9ce47d0d13c5d85f2b0ff8318d2877eec2f63b931bd47417a81a538327af927da3e,"Server:Apache/2.4.7 (Ubuntu)
Last-Modified:Thu, 02 Feb 2017 22:24:09 GMT
Date:Mon, 11 May 2026 20:39:39 GMT
Accept-Ranges:bytes
ETag:""3ead-547939fb8b440""
Content-Length:16045
Content-Type:image/jpeg
",705372a26505ff43e9523cc12732de0b4ac071ab4c1ae439d67b834552468f58efbfc0a701ef3e00c2c1986f08c806b867152e9aa8ef769f3c270341d30775d9,200
http://web/,GET,"Cookie:PHPSESSID=7ficmi53fn80h3alhbsb1d4pk3
Accept:text/html,application/xhtml+xml,application/xml;q=0.9,image/avif,image/webp,image/apng,*/*;q=0.8,application/signed-exchange;v=b3;q=0.9
User-Agent:Mozilla/5.0 (X11; Linux x86_64) AppleWebKit/537.36 (KHTML, like Gecko) Chrome/85.0.4183.102 Safari/537.36
Upgrade-Insecure-Requests:1
",cf83e1357eefb8bdf1542850d66d8007d620e4050b5715dc83f4a921d36ce9ce47d0d13c5d85f2b0ff8318d2877eec2f63b931bd47417a81a538327af927da3e,"Keep-Alive:timeout=5, max=96
Server:Apache/2.4.7 (Ubuntu)
Connection:Keep-Alive
Pragma:no-cache
Date:Mon, 11 May 2026 20:42:13 GMT
Cache-Control:no-store, no-cache, must-revalidate, post-check=0, pre-check=0
Content-Encoding:gzip
Vary:Accept-Encoding
Expires:Thu, 19 Nov 1981 08:52:00 GMT
Content-Length:1283
X-Powered-By:PHP/5.5.9-1ubuntu4.29
Content-Type:text/html
",a16b3571340bdf963e7d839af539e86e670134639513ea6e273708d013a50ac2270c45379252cb6b3b0a516d40b83d5e9b72a13a70d0bd2adbef3ac8c96d9a86,200
http://web/calendar.php,GET,"Cookie:PHPSESSID=7ficmi53fn80h3alhbsb1d4pk3
Accept:text/html,application/xhtml+xml,application/xml;q=0.9,image/avif,image/webp,image/apng,*/*;q=0.8,application/signed-exchange;v=b3;q=0.9
User-Agent:Mozilla/5.0 (X11; Linux x86_64) AppleWebKit/537.36 (KHTML, like Gecko) Chrome/85.0.4183.102 Safari/537.36
Referer:http://web/
Upgrade-Insecure-Requests:1
",cf83e1357eefb8bdf1542850d66d8007d620e4050b5715dc83f4a921d36ce9ce47d0d13c5d85f2b0ff8318d2877eec2f63b931bd47417a81a538327af927da3e,"Keep-Alive:timeout=5, max=73
Server:Apache/2.4.7 (Ubuntu)
Connection:Keep-Alive
Pragma:no-cache
Date:Mon, 11 May 2026 20:43:43 GMT
Cache-Control:no-store, no-cache, must-revalidate, post-check=0, pre-check=0
Content-Encoding:gzip
Vary:Accept-Encoding
Expires:Thu, 19 Nov 1981 08:52:00 GMT
Content-Length:943
X-Powered-By:PHP/5.5.9-1ubuntu4.29
Content-Type:text/html
",737e0a83b345236f7ed0f2d1597197d33d35a7c9b02b4633b3afac0b76868b64f2fc47840ffa7f76d066b11d166978470a05a3370ac9ac3097937ac962e8a1cd,200
http://web/calendar.php?date=1778791460,GET,"Cookie:PHPSESSID=7ficmi53fn80h3alhbsb1d4pk3
Accept:text/html,application/xhtml+xml,application/xml;q=0.9,image/avif,image/webp,image/apng,*/*;q=0.8,application/signed-exchange;v=b3;q=0.9
User-Agent:Mozilla/5.0 (X11; Linux x86_64) AppleWebKit/537.36 (KHTML, like Gecko) Chrome/85.0.4183.102 Safari/537.36
Referer:http://web/calendar.php?date=1778705060
Upgrade-Insecure-Requests:1
",cf83e1357eefb8bdf1542850d66d8007d620e4050b5715dc83f4a921d36ce9ce47d0d13c5d85f2b0ff8318d2877eec2f63b931bd47417a81a538327af927da3e,"Keep-Alive:timeout=5, max=16
Server:Apache/2.4.7 (Ubuntu)
Connection:Keep-Alive
Pragma:no-cache
Date:Mon, 11 May 2026 20:44:22 GMT
Cache-Control:no-store, no-cache, must-revalidate, post-check=0, pre-check=0
Content-Encoding:gzip
Vary:Accept-Encoding
Expires:Thu, 19 Nov 1981 08:52:00 GMT
Content-Length:944
X-Powered-By:PHP/5.5.9-1ubuntu4.29
Content-Type:text/html
",e05562381a2b8257172710e7aac00719087d4ce8ed9e55d61f877afda0acfb92456323cdaf0e89379b03c0a35fcd96c5a5fe18ec23415dfb557a279d3ea1e20a,200
http://web/calendar.php?date=1778618647,GET,"Cookie:PHPSESSID=7ficmi53fn80h3alhbsb1d4pk3
Accept:text/html,application/xhtml+xml,application/xml;q=0.9,image/avif,image/webp,image/apng,*/*;q=0.8,application/signed-exchange;v=b3;q=0.9
User-Agent:Mozilla/5.0 (X11; Linux x86_64) AppleWebKit/537.36 (KHTML, like Gecko) Chrome/85.0.4183.102 Safari/537.36
Referer:http://web/calendar.php
Upgrade-Insecure-Requests:1
",cf83e1357eefb8bdf1542850d66d8007d620e4050b5715dc83f4a921d36ce9ce47d0d13c5d85f2b0ff8318d2877eec2f63b931bd47417a81a538327af927da3e,"Keep-Alive:timeout=5, max=37
Server:Apache/2.4.7 (Ubuntu)
Connection:Keep-Alive
Pragma:no-cache
Date:Mon, 11 May 2026 20:44:07 GMT
Cache-Control:no-store, no-cache, must-revalidate, post-check=0, pre-check=0
Content-Encoding:gzip
Vary:Accept-Encoding
Expires:Thu, 19 Nov 1981 08:52:00 GMT
Content-Length:944
X-Powered-By:PHP/5.5.9-1ubuntu4.29
Content-Type:text/html
",9311971f7ce88423f6d81d49a68f958aa64bae9d52459371c839be4545ec3e49f2a2a2d98fc3e4e17412768545e04f212a412219c2ede5682a835a80862d8693,200
http://web/css/stylings.css,GET,"Cookie:PHPSESSID=7ficmi53fn80h3alhbsb1d4pk3
Accept:text/css,*/*;q=0.1
User-Agent:Mozilla/5.0 (X11; Linux x86_64) AppleWebKit/537.36 (KHTML, like Gecko) Chrome/85.0.4183.102 Safari/537.36
Referer:http://web/tos.php
",cf83e1357eefb8bdf1542850d66d8007d620e4050b5715dc83f4a921d36ce9ce47d0d13c5d85f2b0ff8318d2877eec2f63b931bd47417a81a538327af927da3e,"Server:Apache/2.4.7 (Ubuntu)
Last-Modified:Thu, 02 Feb 2017 22:24:09 GMT
Date:Mon, 11 May 2026 20:39:28 GMT
Accept-Ranges:bytes
ETag:""c29-547939fb8b440-gzip""
Content-Encoding:gzip
Vary:Accept-Encoding
Content-Length:838
Content-Type:text/css
",e6142d743628221ad60b6d12a0b444a077ed8ede2504b511ffffde908ffe459f09875b3901f9a63ec228906521c445248f9277e14f591205808d8dfc200df823,200
http://web/upload/waterfall/Waterfall.128_128.jpg,GET,"Cookie:PHPSESSID=7ficmi53fn80h3alhbsb1d4pk3
Accept:image/avif,image/webp,image/apng,image/*,*/*;q=0.8
User-Agent:Mozilla/5.0 (X11; Linux x86_64) AppleWebKit/537.36 (KHTML, like Gecko) Chrome/85.0.4183.102 Safari/537.36
Referer:http://web/pictures/recent.php
",cf83e1357eefb8bdf1542850d66d8007d620e4050b5715dc83f4a921d36ce9ce47d0d13c5d85f2b0ff8318d2877eec2f63b931bd47417a81a538327af927da3e,"Keep-Alive:timeout=5, max=100
Server:Apache/2.4.7 (Ubuntu)
Connection:Keep-Alive
Last-Modified:Thu, 02 Feb 2017 22:24:09 GMT
Date:Mon, 11 May 2026 20:39:39 GMT
Accept-Ranges:bytes
ETag:""3950-547939fb8b440""
Content-Length:14672
Content-Type:image/jpeg
",b4cf82dbfa6dd1d66ab0e526149bcfb14444941e01c00d5afee0b0a79ee6168b00bc6969f9ad0fdf9b2b75a6ddf60da5fffbc01ffad4f107b0001c213260c858,200
http://web/css/blueprint/screen.css,GET,"Cookie:PHPSESSID=7ficmi53fn80h3alhbsb1d4pk3
Accept:text/css,*/*;q=0.1
User-Agent:Mozilla/5.0 (X11; Linux x86_64) AppleWebKit/537.36 (KHTML, like Gecko) Chrome/85.0.4183.102 Safari/537.36
Referer:http://web/calendar.php
",cf83e1357eefb8bdf1542850d66d8007d620e4050b5715dc83f4a921d36ce9ce47d0d13c5d85f2b0ff8318d2877eec2f63b931bd47417a81a538327af927da3e,"Server:Apache/2.4.7 (Ubuntu)
Last-Modified:Thu, 02 Feb 2017 22:24:09 GMT
Date:Mon, 11 May 2026 20:39:28 GMT
Accept-Ranges:bytes
ETag:""24c7-547939fb8b440-gzip""
Content-Encoding:gzip
Vary:Accept-Encoding
Content-Length:2682
Content-Type:text/css
",c0995dbb8c323ef465d8cc5d7b640b1a5435beb529b0c6e55594b1c0f3db66e859d23f70cfe8d93285234e722d677fca7c8887bee81a636881b2f91f221f976e,200
http://web/calendar.php?date=1778618604,GET,"Cookie:PHPSESSID=7ficmi53fn80h3alhbsb1d4pk3
Accept:text/html,application/xhtml+xml,application/xml;q=0.9,image/avif,image/webp,image/apng,*/*;q=0.8,application/signed-exchange;v=b3;q=0.9
User-Agent:Mozilla/5.0 (X11; Linux x86_64) AppleWebKit/537.36 (KHTML, like Gecko) Chrome/85.0.4183.102 Safari/537.36
Referer:http://web/calendar.php
Upgrade-Insecure-Requests:1
",cf83e1357eefb8bdf1542850d66d8007d620e4050b5715dc83f4a921d36ce9ce47d0d13c5d85f2b0ff8318d2877eec2f63b931bd47417a81a538327af927da3e,"Keep-Alive:timeout=5, max=99
Server:Apache/2.4.7 (Ubuntu)
Connection:Keep-Alive
Pragma:no-cache
Date:Mon, 11 May 2026 20:43:25 GMT
Cache-Control:no-store, no-cache, must-revalidate, post-check=0, pre-check=0
Content-Encoding:gzip
Vary:Accept-Encoding
Expires:Thu, 19 Nov 1981 08:52:00 GMT
Content-Length:945
X-Powered-By:PHP/5.5.9-1ubuntu4.29
Content-Type:text/html
",ff28aecf0f116ed39d74ebc3378685e0f5518d50ddf0ae825b0ed5f951eb962c503014dc5a7298232aac650c60364d225bd02c1b80842e5dad1f45d0f6f4c82a,200
http://web/calendar.php,GET,"Cookie:PHPSESSID=7ficmi53fn80h3alhbsb1d4pk3
Accept:text/html,application/xhtml+xml,application/xml;q=0.9,image/avif,image/webp,image/apng,*/*;q=0.8,application/signed-exchange;v=b3;q=0.9
User-Agent:Mozilla/5.0 (X11; Linux x86_64) AppleWebKit/537.36 (KHTML, like Gecko) Chrome/85.0.4183.102 Safari/537.36
Referer:http://web/
Upgrade-Insecure-Requests:1
",cf83e1357eefb8bdf1542850d66d8007d620e4050b5715dc83f4a921d36ce9ce47d0d13c5d85f2b0ff8318d2877eec2f63b931bd47417a81a538327af927da3e,"Keep-Alive:timeout=5, max=51
Server:Apache/2.4.7 (Ubuntu)
Connection:Keep-Alive
Pragma:no-cache
Date:Mon, 11 May 2026 20:43:58 GMT
Cache-Control:no-store, no-cache, must-revalidate, post-check=0, pre-check=0
Content-Encoding:gzip
Vary:Accept-Encoding
Expires:Thu, 19 Nov 1981 08:52:00 GMT
Content-Length:943
X-Powered-By:PHP/5.5.9-1ubuntu4.29
Content-Type:text/html
",6b4ef9bf935329c27eb9c809b0d918e249d276a0d5c025c9437a2478dcdd666d5a3693cec938c903c34ad8153e9c1097af05f20e211f34a0541c93c153687224,200
http://web/,GET,"Cookie:PHPSESSID=7ficmi53fn80h3alhbsb1d4pk3
Accept:text/html,application/xhtml+xml,application/xml;q=0.9,image/avif,image/webp,image/apng,*/*;q=0.8,application/signed-exchange;v=b3;q=0.9
User-Agent:Mozilla/5.0 (X11; Linux x86_64) AppleWebKit/537.36 (KHTML, like Gecko) Chrome/85.0.4183.102 Safari/537.36
Referer:http://web/users/sample.php?userid=1
Upgrade-Insecure-Requests:1
",cf83e1357eefb8bdf1542850d66d8007d620e4050b5715dc83f4a921d36ce9ce47d0d13c5d85f2b0ff8318d2877eec2f63b931bd47417a81a538327af927da3e,"Keep-Alive:timeout=5, max=76
Server:Apache/2.4.7 (Ubuntu)
Connection:Keep-Alive
Pragma:no-cache
Date:Mon, 11 May 2026 20:39:59 GMT
Cache-Control:no-store, no-cache, must-revalidate, post-check=0, pre-check=0
Content-Encoding:gzip
Vary:Accept-Encoding
Expires:Thu, 19 Nov 1981 08:52:00 GMT
Content-Length:1285
X-Powered-By:PHP/5.5.9-1ubuntu4.29
Content-Type:text/html
",fbd460577a791b6ad4bb80c464d6a40912bcc886275bc863a4c891f4463a86989e9a6fe5ac627dffe773869fc8e6ba909bb610afcd8f5c40e0059af7964857fa,200
http://web/calendar.php,GET,"Cookie:PHPSESSID=7ficmi53fn80h3alhbsb1d4pk3
Accept:text/html,application/xhtml+xml,application/xml;q=0.9,image/avif,image/webp,image/apng,*/*;q=0.8,application/signed-exchange;v=b3;q=0.9
User-Agent:Mozilla/5.0 (X11; Linux x86_64) AppleWebKit/537.36 (KHTML, like Gecko) Chrome/85.0.4183.102 Safari/537.36
Referer:http://web/
Upgrade-Insecure-Requests:1
",cf83e1357eefb8bdf1542850d66d8007d620e4050b5715dc83f4a921d36ce9ce47d0d13c5d85f2b0ff8318d2877eec2f63b931bd47417a81a538327af927da3e,"Keep-Alive:timeout=5, max=7
Server:Apache/2.4.7 (Ubuntu)
Connection:Keep-Alive
Pragma:no-cache
Date:Mon, 11 May 2026 20:42:04 GMT
Cache-Control:no-store, no-cache, must-revalidate, post-check=0, pre-check=0
Content-Encoding:gzip
Vary:Accept-Encoding
Expires:Thu, 19 Nov 1981 08:52:00 GMT
Content-Length:943
X-Powered-By:PHP/5.5.9-1ubuntu4.29
Content-Type:text/html
",cb0e65a6703c8f54fd19376f416d8b9e088ab950d05c28a16ce931273a9a28314d02115787fcc62f6524b1c355c5f3f234b9b202eb85d445f37ef58e777453b1,200
http://web/,GET,"Cookie:PHPSESSID=7ficmi53fn80h3alhbsb1d4pk3
Accept:text/html,application/xhtml+xml,application/xml;q=0.9,image/avif,image/webp,image/apng,*/*;q=0.8,application/signed-exchange;v=b3;q=0.9
User-Agent:Mozilla/5.0 (X11; Linux x86_64) AppleWebKit/537.36 (KHTML, like Gecko) Chrome/85.0.4183.102 Safari/537.36
Upgrade-Insecure-Requests:1
",cf83e1357eefb8bdf1542850d66d8007d620e4050b5715dc83f4a921d36ce9ce47d0d13c5d85f2b0ff8318d2877eec2f63b931bd47417a81a538327af927da3e,"Keep-Alive:timeout=5, max=26
Server:Apache/2.4.7 (Ubuntu)
Connection:Keep-Alive
Pragma:no-cache
Date:Mon, 11 May 2026 20:40:34 GMT
Cache-Control:no-store, no-cache, must-revalidate, post-check=0, pre-check=0
Content-Encoding:gzip
Vary:Accept-Encoding
Expires:Thu, 19 Nov 1981 08:52:00 GMT
Content-Length:1283
X-Powered-By:PHP/5.5.9-1ubuntu4.29
Content-Type:text/html
",2fff5cd77a617aed38008a3be67f7fee4cd270f05ae134eb4c42133afa08c582c74f4281785d68c2d629e389e13174d009f9064a7f6e5b8af00e85d23bf204c4,200
http://web/calendar.php,GET,"Cookie:PHPSESSID=7ficmi53fn80h3alhbsb1d4pk3
Accept:text/html,application/xhtml+xml,application/xml;q=0.9,image/avif,image/webp,image/apng,*/*;q=0.8,application/signed-exchange;v=b3;q=0.9
User-Agent:Mozilla/5.0 (X11; Linux x86_64) AppleWebKit/537.36 (KHTML, like Gecko) Chrome/85.0.4183.102 Safari/537.36
Referer:http://web/
Upgrade-Insecure-Requests:1
",cf83e1357eefb8bdf1542850d66d8007d620e4050b5715dc83f4a921d36ce9ce47d0d13c5d85f2b0ff8318d2877eec2f63b931bd47417a81a538327af927da3e,"Keep-Alive:timeout=5, max=32
Server:Apache/2.4.7 (Ubuntu)
Connection:Keep-Alive
Pragma:no-cache
Date:Mon, 11 May 2026 20:44:11 GMT
Cache-Control:no-store, no-cache, must-revalidate, post-check=0, pre-check=0
Content-Encoding:gzip
Vary:Accept-Encoding
Expires:Thu, 19 Nov 1981 08:52:00 GMT
Content-Length:944
X-Powered-By:PHP/5.5.9-1ubuntu4.29
Content-Type:text/html
",bab4e39c794d0ddfcd48711c3c4bafa2298968b4eeb9d039431003e6c983bf0a4de23221cc831521c84dbc9fff8ce27a1cd99317feccefb79c6621f157797bb2,200
http://web/users/home.php,GET,"Cookie:PHPSESSID=7ficmi53fn80h3alhbsb1d4pk3
Accept:text/html,application/xhtml+xml,application/xml;q=0.9,image/avif,image/webp,image/apng,*/*;q=0.8,application/signed-exchange;v=b3;q=0.9
User-Agent:Mozilla/5.0 (X11; Linux x86_64) AppleWebKit/537.36 (KHTML, like Gecko) Chrome/85.0.4183.102 Safari/537.36
Referer:http://web/tos.php
Upgrade-Insecure-Requests:1
",cf83e1357eefb8bdf1542850d66d8007d620e4050b5715dc83f4a921d36ce9ce47d0d13c5d85f2b0ff8318d2877eec2f63b931bd47417a81a538327af927da3e,"Keep-Alive:timeout=5, max=62
Server:Apache/2.4.7 (Ubuntu)
Connection:Keep-Alive
Pragma:no-cache
Date:Mon, 11 May 2026 20:40:10 GMT
Cache-Control:no-store, no-cache, must-revalidate, post-check=0, pre-check=0
Expires:Thu, 19 Nov 1981 08:52:00 GMT
Content-Length:41
X-Powered-By:PHP/5.5.9-1ubuntu4.29
Location:/users/login.php
Content-Type:text/html
",cf83e1357eefb8bdf1542850d66d8007d620e4050b5715dc83f4a921d36ce9ce47d0d13c5d85f2b0ff8318d2877eec2f63b931bd47417a81a538327af927da3e,303
http://web/tos.php,GET,"Cookie:PHPSESSID=7ficmi53fn80h3alhbsb1d4pk3
Accept:text/html,application/xhtml+xml,application/xml;q=0.9,image/avif,image/webp,image/apng,*/*;q=0.8,application/signed-exchange;v=b3;q=0.9
User-Agent:Mozilla/5.0 (X11; Linux x86_64) AppleWebKit/537.36 (KHTML, like Gecko) Chrome/85.0.4183.102 Safari/537.36
Referer:http://web/users/register.php
Upgrade-Insecure-Requests:1
",cf83e1357eefb8bdf1542850d66d8007d620e4050b5715dc83f4a921d36ce9ce47d0d13c5d85f2b0ff8318d2877eec2f63b931bd47417a81a538327af927da3e,"Keep-Alive:timeout=5, max=55
Server:Apache/2.4.7 (Ubuntu)
Connection:Keep-Alive
Pragma:no-cache
Date:Mon, 11 May 2026 20:41:29 GMT
Cache-Control:no-store, no-cache, must-revalidate, post-check=0, pre-check=0
Content-Encoding:gzip
Vary:Accept-Encoding
Expires:Thu, 19 Nov 1981 08:52:00 GMT
Content-Length:10226
X-Powered-By:PHP/5.5.9-1ubuntu4.29
Content-Type:text/html
",d5a68d4c307e99f7000b74ff6a51f89086a84dccdd490d16a9084f8baa7c5d5a676f7b9ee32691347b932bb4d475f3b74d12c27c6fe36e6f4b42f36505bc182d,200
http://web/calendar.php,GET,"Cookie:PHPSESSID=7ficmi53fn80h3alhbsb1d4pk3
Accept:text/html,application/xhtml+xml,application/xml;q=0.9,image/avif,image/webp,image/apng,*/*;q=0.8,application/signed-exchange;v=b3;q=0.9
User-Agent:Mozilla/5.0 (X11; Linux x86_64) AppleWebKit/537.36 (KHTML, like Gecko) Chrome/85.0.4183.102 Safari/537.36
Referer:http://web/
Upgrade-Insecure-Requests:1
",cf83e1357eefb8bdf1542850d66d8007d620e4050b5715dc83f4a921d36ce9ce47d0d13c5d85f2b0ff8318d2877eec2f63b931bd47417a81a538327af927da3e,"Keep-Alive:timeout=5, max=18
Server:Apache/2.4.7 (Ubuntu)
Connection:Keep-Alive
Pragma:no-cache
Date:Mon, 11 May 2026 20:41:57 GMT
Cache-Control:no-store, no-cache, must-revalidate, post-check=0, pre-check=0
Content-Encoding:gzip
Vary:Accept-Encoding
Expires:Thu, 19 Nov 1981 08:52:00 GMT
Content-Length:943
X-Powered-By:PHP/5.5.9-1ubuntu4.29
Content-Type:text/html
",8bacb2ede1402cec5b5b892733976df636d836bfc802669c198de1e63cda3cbb2b315c0cb11b3ebff88375af84d1d5eb4d0ed687170ceeadaa91d2dee87f08af,200
http://web/,GET,"Cookie:PHPSESSID=7ficmi53fn80h3alhbsb1d4pk3
Accept:text/html,application/xhtml+xml,application/xml;q=0.9,image/avif,image/webp,image/apng,*/*;q=0.8,application/signed-exchange;v=b3;q=0.9
User-Agent:Mozilla/5.0 (X11; Linux x86_64) AppleWebKit/537.36 (KHTML, like Gecko) Chrome/85.0.4183.102 Safari/537.36
Referer:http://web/
Upgrade-Insecure-Requests:1
",cf83e1357eefb8bdf1542850d66d8007d620e4050b5715dc83f4a921d36ce9ce47d0d13c5d85f2b0ff8318d2877eec2f63b931bd47417a81a538327af927da3e,"Keep-Alive:timeout=5, max=73
Server:Apache/2.4.7 (Ubuntu)
Connection:Keep-Alive
Pragma:no-cache
Date:Mon, 11 May 2026 20:40:02 GMT
Cache-Control:no-store, no-cache, must-revalidate, post-check=0, pre-check=0
Content-Encoding:gzip
Vary:Accept-Encoding
Expires:Thu, 19 Nov 1981 08:52:00 GMT
Content-Length:1283
X-Powered-By:PHP/5.5.9-1ubuntu4.29
Content-Type:text/html
",808d13b9a519d8fdcc50411f6a7857a6bc7f30c3ba1dbacc614df2a2c58db1ec3ed7343f9252b7b6e1b5a97c0f2241d3aa571ace88f95b80d9df2c8e8c7a3dab,200
http://web/calendar.php?date=1778618630,GET,"Cookie:PHPSESSID=7ficmi53fn80h3alhbsb1d4pk3
Accept:text/html,application/xhtml+xml,application/xml;q=0.9,image/avif,image/webp,image/apng,*/*;q=0.8,application/signed-exchange;v=b3;q=0.9
User-Agent:Mozilla/5.0 (X11; Linux x86_64) AppleWebKit/537.36 (KHTML, like Gecko) Chrome/85.0.4183.102 Safari/537.36
Referer:http://web/calendar.php
Upgrade-Insecure-Requests:1
",cf83e1357eefb8bdf1542850d66d8007d620e4050b5715dc83f4a921d36ce9ce47d0d13c5d85f2b0ff8318d2877eec2f63b931bd47417a81a538327af927da3e,"Keep-Alive:timeout=5, max=62
Server:Apache/2.4.7 (Ubuntu)
Connection:Keep-Alive
Pragma:no-cache
Date:Mon, 11 May 2026 20:43:51 GMT
Cache-Control:no-store, no-cache, must-revalidate, post-check=0, pre-check=0
Content-Encoding:gzip
Vary:Accept-Encoding
Expires:Thu, 19 Nov 1981 08:52:00 GMT
Content-Length:946
X-Powered-By:PHP/5.5.9-1ubuntu4.29
Content-Type:text/html
",6172daa8ef51383761e9b5bca701e12a165f3aeb689795307487e9aa8fad1bea46a02835691bc3173502f2aaf353c250d84536124caeebf4918297bd75bd4c95,200
http://web/users/login.php,GET,"Cookie:PHPSESSID=7ficmi53fn80h3alhbsb1d4pk3
Accept:text/html,application/xhtml+xml,application/xml;q=0.9,image/avif,image/webp,image/apng,*/*;q=0.8,application/signed-exchange;v=b3;q=0.9
User-Agent:Mozilla/5.0 (X11; Linux x86_64) AppleWebKit/537.36 (KHTML, like Gecko) Chrome/85.0.4183.102 Safari/537.36
Referer:http://web/users/sample.php?userid=1
Upgrade-Insecure-Requests:1
",cf83e1357eefb8bdf1542850d66d8007d620e4050b5715dc83f4a921d36ce9ce47d0d13c5d85f2b0ff8318d2877eec2f63b931bd47417a81a538327af927da3e,"Keep-Alive:timeout=5, max=30
Server:Apache/2.4.7 (Ubuntu)
Connection:Keep-Alive
Pragma:no-cache
Date:Mon, 11 May 2026 20:41:47 GMT
Cache-Control:no-store, no-cache, must-revalidate, post-check=0, pre-check=0
Content-Encoding:gzip
Vary:Accept-Encoding
Expires:Thu, 19 Nov 1981 08:52:00 GMT
Content-Length:976
X-Powered-By:PHP/5.5.9-1ubuntu4.29
Content-Type:text/html
",281ab0740ed8b036a8cb23c277d34428b2fd783e415546ae9ae81b4f167e03c86a58b737db62faea1d6c646d9a7f0bf3f76aefd05ff1b216767e3dca7f96b988,200
http://web/calendar.php?date=1778705019,GET,"Cookie:PHPSESSID=7ficmi53fn80h3alhbsb1d4pk3
Accept:text/html,application/xhtml+xml,application/xml;q=0.9,image/avif,image/webp,image/apng,*/*;q=0.8,application/signed-exchange;v=b3;q=0.9
User-Agent:Mozilla/5.0 (X11; Linux x86_64) AppleWebKit/537.36 (KHTML, like Gecko) Chrome/85.0.4183.102 Safari/537.36
Referer:http://web/calendar.php?date=1778618619
Upgrade-Insecure-Requests:1
",cf83e1357eefb8bdf1542850d66d8007d620e4050b5715dc83f4a921d36ce9ce47d0d13c5d85f2b0ff8318d2877eec2f63b931bd47417a81a538327af927da3e,"Keep-Alive:timeout=5, max=77
Server:Apache/2.4.7 (Ubuntu)
Connection:Keep-Alive
Pragma:no-cache
Date:Mon, 11 May 2026 20:43:40 GMT
Cache-Control:no-store, no-cache, must-revalidate, post-check=0, pre-check=0
Content-Encoding:gzip
Vary:Accept-Encoding
Expires:Thu, 19 Nov 1981 08:52:00 GMT
Content-Length:945
X-Powered-By:PHP/5.5.9-1ubuntu4.29
Content-Type:text/html
",a0a3927307f31b67cf964f371390cd72ac1b0b1309630e210f5762252f0d379e9b7167f1d85d71db6f5238222478c998bd176c9544f7793324f9d39843acb6dc,200
http://web/users/login.php,GET,"Cookie:PHPSESSID=7ficmi53fn80h3alhbsb1d4pk3
Accept:text/html,application/xhtml+xml,application/xml;q=0.9,image/avif,image/webp,image/apng,*/*;q=0.8,application/signed-exchange;v=b3;q=0.9
User-Agent:Mozilla/5.0 (X11; Linux x86_64) AppleWebKit/537.36 (KHTML, like Gecko) Chrome/85.0.4183.102 Safari/537.36
Referer:http://web/passcheck.php
Upgrade-Insecure-Requests:1
",cf83e1357eefb8bdf1542850d66d8007d620e4050b5715dc83f4a921d36ce9ce47d0d13c5d85f2b0ff8318d2877eec2f63b931bd47417a81a538327af927da3e,"Keep-Alive:timeout=5, max=74
Server:Apache/2.4.7 (Ubuntu)
Connection:Keep-Alive
Pragma:no-cache
Date:Mon, 11 May 2026 20:42:29 GMT
Cache-Control:no-store, no-cache, must-revalidate, post-check=0, pre-check=0
Content-Encoding:gzip
Vary:Accept-Encoding
Expires:Thu, 19 Nov 1981 08:52:00 GMT
Content-Length:977
X-Powered-By:PHP/5.5.9-1ubuntu4.29
Content-Type:text/html
",1e19a5d713bbe71bddda9b27f3a3a34e0b2f0b201eac566f966b83828fcb00d240d9842d4cb194b89a787cfe993b79b2895c79db1e687af4ec9a80efe8f70db9,200
http://web/pictures/view.php?picid=11,GET,"Cookie:PHPSESSID=7ficmi53fn80h3alhbsb1d4pk3
Accept:text/html,application/xhtml+xml,application/xml;q=0.9,image/avif,image/webp,image/apng,*/*;q=0.8,application/signed-exchange;v=b3;q=0.9
User-Agent:Mozilla/5.0 (X11; Linux x86_64) AppleWebKit/537.36 (KHTML, like Gecko) Chrome/85.0.4183.102 Safari/537.36
Referer:http://web/pictures/recent.php
Upgrade-Insecure-Requests:1
",cf83e1357eefb8bdf1542850d66d8007d620e4050b5715dc83f4a921d36ce9ce47d0d13c5d85f2b0ff8318d2877eec2f63b931bd47417a81a538327af927da3e,"Keep-Alive:timeout=5, max=28
Server:Apache/2.4.7 (Ubuntu)
Connection:Keep-Alive
Pragma:no-cache
Date:Mon, 11 May 2026 20:40:33 GMT
Cache-Control:no-store, no-cache, must-revalidate, post-check=0, pre-check=0
Expires:Thu, 19 Nov 1981 08:52:00 GMT
Content-Length:41
X-Powered-By:PHP/5.5.9-1ubuntu4.29
Location:/users/login.php
Content-Type:text/html
",cf83e1357eefb8bdf1542850d66d8007d620e4050b5715dc83f4a921d36ce9ce47d0d13c5d85f2b0ff8318d2877eec2f63b931bd47417a81a538327af927da3e,303
http://web/users/login.php,GET,"Cookie:PHPSESSID=7ficmi53fn80h3alhbsb1d4pk3
Accept:text/html,application/xhtml+xml,application/xml;q=0.9,image/avif,image/webp,image/apng,*/*;q=0.8,application/signed-exchange;v=b3;q=0.9
User-Agent:Mozilla/5.0 (X11; Linux x86_64) AppleWebKit/537.36 (KHTML, like Gecko) Chrome/85.0.4183.102 Safari/537.36
Referer:http://web/tos.php
Upgrade-Insecure-Requests:1
",cf83e1357eefb8bdf1542850d66d8007d620e4050b5715dc83f4a921d36ce9ce47d0d13c5d85f2b0ff8318d2877eec2f63b931bd47417a81a538327af927da3e,"Server:Apache/2.4.7 (Ubuntu)
Connection:close
Pragma:no-cache
Date:Mon, 11 May 2026 20:40:51 GMT
Cache-Control:no-store, no-cache, must-revalidate, post-check=0, pre-check=0
Content-Encoding:gzip
Vary:Accept-Encoding
Expires:Thu, 19 Nov 1981 08:52:00 GMT
Content-Length:975
X-Powered-By:PHP/5.5.9-1ubuntu4.29
Content-Type:text/html
",7af87dab40af601ac6506115b3acb39e6df0bcc51d9c5c8ba889a41d13193e4b32678d70913465c42d3f79675f6316216b3f98edb178d4ea7fc3573d96830395,200
http://web/calendar.php?date=1778705001,GET,"Cookie:PHPSESSID=7ficmi53fn80h3alhbsb1d4pk3
Accept:text/html,application/xhtml+xml,application/xml;q=0.9,image/avif,image/webp,image/apng,*/*;q=0.8,application/signed-exchange;v=b3;q=0.9
User-Agent:Mozilla/5.0 (X11; Linux x86_64) AppleWebKit/537.36 (KHTML, like Gecko) Chrome/85.0.4183.102 Safari/537.36
Referer:http://web/calendar.php?date=1778618601
Upgrade-Insecure-Requests:1
",cf83e1357eefb8bdf1542850d66d8007d620e4050b5715dc83f4a921d36ce9ce47d0d13c5d85f2b0ff8318d2877eec2f63b931bd47417a81a538327af927da3e,"Keep-Alive:timeout=5, max=3
Server:Apache/2.4.7 (Ubuntu)
Connection:Keep-Alive
Pragma:no-cache
Date:Mon, 11 May 2026 20:43:22 GMT
Cache-Control:no-store, no-cache, must-revalidate, post-check=0, pre-check=0
Content-Encoding:gzip
Vary:Accept-Encoding
Expires:Thu, 19 Nov 1981 08:52:00 GMT
Content-Length:945
X-Powered-By:PHP/5.5.9-1ubuntu4.29
Content-Type:text/html
",0e389e9db514a09f89c7f2cd3395eb1527c0ab923fc1662489eb8e05f9d1d9ab6457546c6416e8f5780e941f850a50968f3a0c41542d0a3a906f38d45f63bf25,200
http://web/tos.php,GET,"Cookie:PHPSESSID=7ficmi53fn80h3alhbsb1d4pk3
Accept:text/html,application/xhtml+xml,application/xml;q=0.9,image/avif,image/webp,image/apng,*/*;q=0.8,application/signed-exchange;v=b3;q=0.9
User-Agent:Mozilla/5.0 (X11; Linux x86_64) AppleWebKit/537.36 (KHTML, like Gecko) Chrome/85.0.4183.102 Safari/537.36
Referer:http://web/
Upgrade-Insecure-Requests:1
",cf83e1357eefb8bdf1542850d66d8007d620e4050b5715dc83f4a921d36ce9ce47d0d13c5d85f2b0ff8318d2877eec2f63b931bd47417a81a538327af927da3e,"Keep-Alive:timeout=5, max=85
Server:Apache/2.4.7 (Ubuntu)
Connection:Keep-Alive
Pragma:no-cache
Date:Mon, 11 May 2026 20:42:22 GMT
Cache-Control:no-store, no-cache, must-revalidate, post-check=0, pre-check=0
Content-Encoding:gzip
Vary:Accept-Encoding
Expires:Thu, 19 Nov 1981 08:52:00 GMT
Content-Length:10224
X-Powered-By:PHP/5.5.9-1ubuntu4.29
Content-Type:text/html
",7d0d461d5e0f80e0f67d95f4c83d4f39432effb23567b3eaf271fbb615c8cc74e7136626c487114725623bec69a89c435f7ebf820cde24841f26f633e568400b,200
http://web/upload/waterfall/Waterfall.128_128.jpg,GET,"Cookie:PHPSESSID=7ficmi53fn80h3alhbsb1d4pk3
Accept:image/avif,image/webp,image/apng,image/*,*/*;q=0.8
User-Agent:Mozilla/5.0 (X11; Linux x86_64) AppleWebKit/537.36 (KHTML, like Gecko) Chrome/85.0.4183.102 Safari/537.36
Referer:http://web/pictures/recent.php
",cf83e1357eefb8bdf1542850d66d8007d620e4050b5715dc83f4a921d36ce9ce47d0d13c5d85f2b0ff8318d2877eec2f63b931bd47417a81a538327af927da3e,"Server:Apache/2.4.7 (Ubuntu)
Last-Modified:Thu, 02 Feb 2017 22:24:09 GMT
Date:Mon, 11 May 2026 20:39:39 GMT
Accept-Ranges:bytes
ETag:""3950-547939fb8b440""
Content-Length:14672
Content-Type:image/jpeg
",b4cf82dbfa6dd1d66ab0e526149bcfb14444941e01c00d5afee0b0a79ee6168b00bc6969f9ad0fdf9b2b75a6ddf60da5fffbc01ffad4f107b0001c213260c858,200
http://web/tos.php,GET,"Cookie:PHPSESSID=7ficmi53fn80h3alhbsb1d4pk3
Accept:text/html,application/xhtml+xml,application/xml;q=0.9,image/avif,image/webp,image/apng,*/*;q=0.8,application/signed-exchange;v=b3;q=0.9
User-Agent:Mozilla/5.0 (X11; Linux x86_64) AppleWebKit/537.36 (KHTML, like Gecko) Chrome/85.0.4183.102 Safari/537.36
Referer:http://web/users/sample.php?userid=1
Upgrade-Insecure-Requests:1
",cf83e1357eefb8bdf1542850d66d8007d620e4050b5715dc83f4a921d36ce9ce47d0d13c5d85f2b0ff8318d2877eec2f63b931bd47417a81a538327af927da3e,"Keep-Alive:timeout=5, max=21
Server:Apache/2.4.7 (Ubuntu)
Connection:Keep-Alive
Pragma:no-cache
Date:Mon, 11 May 2026 20:41:54 GMT
Cache-Control:no-store, no-cache, must-revalidate, post-check=0, pre-check=0
Content-Encoding:gzip
Vary:Accept-Encoding
Expires:Thu, 19 Nov 1981 08:52:00 GMT
Content-Length:10229
X-Powered-By:PHP/5.5.9-1ubuntu4.29
Content-Type:text/html
",8e7b987d6ab661657b7d55e3d4dc7742474bd9184cc5f25b2b2002afc656b5467383140644f37a1bb33675e75e05413262157279cfbe60d791a057567ce6c45e,200
http://web/calendar.php?date=1778705015,GET,"Cookie:PHPSESSID=7ficmi53fn80h3alhbsb1d4pk3
Accept:text/html,application/xhtml+xml,application/xml;q=0.9,image/avif,image/webp,image/apng,*/*;q=0.8,application/signed-exchange;v=b3;q=0.9
User-Agent:Mozilla/5.0 (X11; Linux x86_64) AppleWebKit/537.36 (KHTML, like Gecko) Chrome/85.0.4183.102 Safari/537.36
Referer:http://web/calendar.php?date=1778618615
Upgrade-Insecure-Requests:1
",cf83e1357eefb8bdf1542850d66d8007d620e4050b5715dc83f4a921d36ce9ce47d0d13c5d85f2b0ff8318d2877eec2f63b931bd47417a81a538327af927da3e,"Keep-Alive:timeout=5, max=82
Server:Apache/2.4.7 (Ubuntu)
Connection:Keep-Alive
Pragma:no-cache
Date:Mon, 11 May 2026 20:43:36 GMT
Cache-Control:no-store, no-cache, must-revalidate, post-check=0, pre-check=0
Content-Encoding:gzip
Vary:Accept-Encoding
Expires:Thu, 19 Nov 1981 08:52:00 GMT
Content-Length:944
X-Powered-By:PHP/5.5.9-1ubuntu4.29
Content-Type:text/html
",2d92595406db5e6d231b753afbb711ddbee1d96ec1e5d01fc212c2313ce0aad9465e7bf46ecf23c914912328646c6370bc8ff8f2c9e34f26e5c1a7835d3ba136,200
http://web/users/home.php,GET,"Cookie:PHPSESSID=7ficmi53fn80h3alhbsb1d4pk3
Accept:text/html,application/xhtml+xml,application/xml;q=0.9,image/avif,image/webp,image/apng,*/*;q=0.8,application/signed-exchange;v=b3;q=0.9
User-Agent:Mozilla/5.0 (X11; Linux x86_64) AppleWebKit/537.36 (KHTML, like Gecko) Chrome/85.0.4183.102 Safari/537.36
Referer:http://web/passcheck.php
Upgrade-Insecure-Requests:1
",cf83e1357eefb8bdf1542850d66d8007d620e4050b5715dc83f4a921d36ce9ce47d0d13c5d85f2b0ff8318d2877eec2f63b931bd47417a81a538327af927da3e,"Keep-Alive:timeout=5, max=80
Server:Apache/2.4.7 (Ubuntu)
Connection:Keep-Alive
Pragma:no-cache
Date:Mon, 11 May 2026 20:42:26 GMT
Cache-Control:no-store, no-cache, must-revalidate, post-check=0, pre-check=0
Expires:Thu, 19 Nov 1981 08:52:00 GMT
Content-Length:41
X-Powered-By:PHP/5.5.9-1ubuntu4.29
Location:/users/login.php
Content-Type:text/html
",cf83e1357eefb8bdf1542850d66d8007d620e4050b5715dc83f4a921d36ce9ce47d0d13c5d85f2b0ff8318d2877eec2f63b931bd47417a81a538327af927da3e,303
http://web/users/login.php,GET,"Cookie:PHPSESSID=7ficmi53fn80h3alhbsb1d4pk3
Accept:text/html,application/xhtml+xml,application/xml;q=0.9,image/avif,image/webp,image/apng,*/*;q=0.8,application/signed-exchange;v=b3;q=0.9
User-Agent:Mozilla/5.0 (X11; Linux x86_64) AppleWebKit/537.36 (KHTML, like Gecko) Chrome/85.0.4183.102 Safari/537.36
Referer:http://web/calendar.php
Upgrade-Insecure-Requests:1
",cf83e1357eefb8bdf1542850d66d8007d620e4050b5715dc83f4a921d36ce9ce47d0d13c5d85f2b0ff8318d2877eec2f63b931bd47417a81a538327af927da3e,"Keep-Alive:timeout=5, max=12
Server:Apache/2.4.7 (Ubuntu)
Connection:Keep-Alive
Pragma:no-cache
Date:Mon, 11 May 2026 20:42:00 GMT
Cache-Control:no-store, no-cache, must-revalidate, post-check=0, pre-check=0
Content-Encoding:gzip
Vary:Accept-Encoding
Expires:Thu, 19 Nov 1981 08:52:00 GMT
Content-Length:977
X-Powered-By:PHP/5.5.9-1ubuntu4.29
Content-Type:text/html
",ca14d7b1bff69ef150703598c048bff2b15531f99d1638d191eac9596a6d7fcbf08f0f90e8ac2fb3242bcbfc042e4013b5188c96a5ec2dd9fe91a3f363076b83,200
http://web/calendar.php,GET,"Cookie:PHPSESSID=7ficmi53fn80h3alhbsb1d4pk3
Accept:text/html,application/xhtml+xml,application/xml;q=0.9,image/avif,image/webp,image/apng,*/*;q=0.8,application/signed-exchange;v=b3;q=0.9
User-Agent:Mozilla/5.0 (X11; Linux x86_64) AppleWebKit/537.36 (KHTML, like Gecko) Chrome/85.0.4183.102 Safari/537.36
Referer:http://web/
Upgrade-Insecure-Requests:1
",cf83e1357eefb8bdf1542850d66d8007d620e4050b5715dc83f4a921d36ce9ce47d0d13c5d85f2b0ff8318d2877eec2f63b931bd47417a81a538327af927da3e,"Keep-Alive:timeout=5, max=4
Server:Apache/2.4.7 (Ubuntu)
Connection:Keep-Alive
Pragma:no-cache
Date:Mon, 11 May 2026 20:42:06 GMT
Cache-Control:no-store, no-cache, must-revalidate, post-check=0, pre-check=0
Content-Encoding:gzip
Vary:Accept-Encoding
Expires:Thu, 19 Nov 1981 08:52:00 GMT
Content-Length:942
X-Powered-By:PHP/5.5.9-1ubuntu4.29
Content-Type:text/html
",2a6b7bf20abf40ad89e2ac894b527396efa409ac29e139c432bf4ba4be5dd94f56b9623b52d8c9bc5d04f986b1d826da6e064b5338e8d4ebc00dc1394c9b4162,200
http://web/calendar.php?date=1778618638,GET,"Cookie:PHPSESSID=7ficmi53fn80h3alhbsb1d4pk3
Accept:text/html,application/xhtml+xml,application/xml;q=0.9,image/avif,image/webp,image/apng,*/*;q=0.8,application/signed-exchange;v=b3;q=0.9
User-Agent:Mozilla/5.0 (X11; Linux x86_64) AppleWebKit/537.36 (KHTML, like Gecko) Chrome/85.0.4183.102 Safari/537.36
Referer:http://web/calendar.php
Upgrade-Insecure-Requests:1
",cf83e1357eefb8bdf1542850d66d8007d620e4050b5715dc83f4a921d36ce9ce47d0d13c5d85f2b0ff8318d2877eec2f63b931bd47417a81a538327af927da3e,"Keep-Alive:timeout=5, max=50
Server:Apache/2.4.7 (Ubuntu)
Connection:Keep-Alive
Pragma:no-cache
Date:Mon, 11 May 2026 20:43:59 GMT
Cache-Control:no-store, no-cache, must-revalidate, post-check=0, pre-check=0
Content-Encoding:gzip
Vary:Accept-Encoding
Expires:Thu, 19 Nov 1981 08:52:00 GMT
Content-Length:946
X-Powered-By:PHP/5.5.9-1ubuntu4.29
Content-Type:text/html
",d7920815a6ebc42ca3356eae3fffb953648e6b92975200923ac8dc6cd7f23936ae983efa832a447af1bcdc9c5e66707219fbe0ec4e2d2baa7b4fecd6210214ae,200
http://web/,GET,"Cookie:PHPSESSID=7ficmi53fn80h3alhbsb1d4pk3
Accept:text/html,application/xhtml+xml,application/xml;q=0.9,image/avif,image/webp,image/apng,*/*;q=0.8,application/signed-exchange;v=b3;q=0.9
User-Agent:Mozilla/5.0 (X11; Linux x86_64) AppleWebKit/537.36 (KHTML, like Gecko) Chrome/85.0.4183.102 Safari/537.36
Upgrade-Insecure-Requests:1
",cf83e1357eefb8bdf1542850d66d8007d620e4050b5715dc83f4a921d36ce9ce47d0d13c5d85f2b0ff8318d2877eec2f63b931bd47417a81a538327af927da3e,"Keep-Alive:timeout=5, max=2
Server:Apache/2.4.7 (Ubuntu)
Connection:Keep-Alive
Pragma:no-cache
Date:Mon, 11 May 2026 20:42:07 GMT
Cache-Control:no-store, no-cache, must-revalidate, post-check=0, pre-check=0
Content-Encoding:gzip
Vary:Accept-Encoding
Expires:Thu, 19 Nov 1981 08:52:00 GMT
Content-Length:1283
X-Powered-By:PHP/5.5.9-1ubuntu4.29
Content-Type:text/html
",8fe615f1e8acb55478a8ba6b7aab90ef4388a3bccbc44f970cc527e24a858a992e2857927070a4e346762ab1d0dd2c3f8fcec6a7e0272d2568e75df9e97b1224,200
http://web/users/login.php,GET,"Cookie:PHPSESSID=7ficmi53fn80h3alhbsb1d4pk3
Accept:text/html,application/xhtml+xml,application/xml;q=0.9,image/avif,image/webp,image/apng,*/*;q=0.8,application/signed-exchange;v=b3;q=0.9
User-Agent:Mozilla/5.0 (X11; Linux x86_64) AppleWebKit/537.36 (KHTML, like Gecko) Chrome/85.0.4183.102 Safari/537.36
Referer:http://web/passcheck.php
Upgrade-Insecure-Requests:1
",cf83e1357eefb8bdf1542850d66d8007d620e4050b5715dc83f4a921d36ce9ce47d0d13c5d85f2b0ff8318d2877eec2f63b931bd47417a81a538327af927da3e,"Keep-Alive:timeout=5, max=62
Server:Apache/2.4.7 (Ubuntu)
Connection:Keep-Alive
Pragma:no-cache
Date:Mon, 11 May 2026 20:42:39 GMT
Cache-Control:no-store, no-cache, must-revalidate, post-check=0, pre-check=0
Content-Encoding:gzip
Vary:Accept-Encoding
Expires:Thu, 19 Nov 1981 08:52:00 GMT
Content-Length:975
X-Powered-By:PHP/5.5.9-1ubuntu4.29
Content-Type:text/html
",e1e3ec38f5c3898d132f9d63ad904c8827b0604a952a96a5ded23fde057bb3a12cc1b070baf533dc15b144af4791b3f375f0ec33f2955bcec8b13c9c1b22eb57,200
http://web/pictures/view.php?picid=12,GET,"Cookie:PHPSESSID=7ficmi53fn80h3alhbsb1d4pk3
Accept:text/html,application/xhtml+xml,application/xml;q=0.9,image/avif,image/webp,image/apng,*/*;q=0.8,application/signed-exchange;v=b3;q=0.9
User-Agent:Mozilla/5.0 (X11; Linux x86_64) AppleWebKit/537.36 (KHTML, like Gecko) Chrome/85.0.4183.102 Safari/537.36
Referer:http://web/pictures/recent.php
Upgrade-Insecure-Requests:1
",cf83e1357eefb8bdf1542850d66d8007d620e4050b5715dc83f4a921d36ce9ce47d0d13c5d85f2b0ff8318d2877eec2f63b931bd47417a81a538327af927da3e,"Keep-Alive:timeout=5, max=32
Server:Apache/2.4.7 (Ubuntu)
Connection:Keep-Alive
Pragma:no-cache
Date:Mon, 11 May 2026 20:40:30 GMT
Cache-Control:no-store, no-cache, must-revalidate, post-check=0, pre-check=0
Expires:Thu, 19 Nov 1981 08:52:00 GMT
Content-Length:41
X-Powered-By:PHP/5.5.9-1ubuntu4.29
Location:/users/login.php
Content-Type:text/html
",cf83e1357eefb8bdf1542850d66d8007d620e4050b5715dc83f4a921d36ce9ce47d0d13c5d85f2b0ff8318d2877eec2f63b931bd47417a81a538327af927da3e,303
http://web/pictures/recent.php,GET,"Cookie:PHPSESSID=7ficmi53fn80h3alhbsb1d4pk3
Accept:text/html,application/xhtml+xml,application/xml;q=0.9,image/avif,image/webp,image/apng,*/*;q=0.8,application/signed-exchange;v=b3;q=0.9
User-Agent:Mozilla/5.0 (X11; Linux x86_64) AppleWebKit/537.36 (KHTML, like Gecko) Chrome/85.0.4183.102 Safari/537.36
Referer:http://web/
Upgrade-Insecure-Requests:1
",cf83e1357eefb8bdf1542850d66d8007d620e4050b5715dc83f4a921d36ce9ce47d0d13c5d85f2b0ff8318d2877eec2f63b931bd47417a81a538327af927da3e,"Keep-Alive:timeout=5, max=17
Server:Apache/2.4.7 (Ubuntu)
Connection:Keep-Alive
Pragma:no-cache
Date:Mon, 11 May 2026 20:40:40 GMT
Cache-Control:no-store, no-cache, must-revalidate, post-check=0, pre-check=0
Content-Encoding:gzip
Vary:Accept-Encoding
Expires:Thu, 19 Nov 1981 08:52:00 GMT
Content-Length:1087
X-Powered-By:PHP/5.5.9-1ubuntu4.29
Content-Type:text/html
",dc67ca6cdb17040764d8fc95b4397f1c0249030b224819429b624ab0ec86b914551f9e1647940d2c6fb92d0c4159a41525637ffa39fc924ce2ef695b762d7b68,200
http://web/calendar.php?date=1778705004,GET,"Cookie:PHPSESSID=7ficmi53fn80h3alhbsb1d4pk3
Accept:text/html,application/xhtml+xml,application/xml;q=0.9,image/avif,image/webp,image/apng,*/*;q=0.8,application/signed-exchange;v=b3;q=0.9
User-Agent:Mozilla/5.0 (X11; Linux x86_64) AppleWebKit/537.36 (KHTML, like Gecko) Chrome/85.0.4183.102 Safari/537.36
Referer:http://web/calendar.php?date=1778618604
Upgrade-Insecure-Requests:1
",cf83e1357eefb8bdf1542850d66d8007d620e4050b5715dc83f4a921d36ce9ce47d0d13c5d85f2b0ff8318d2877eec2f63b931bd47417a81a538327af927da3e,"Keep-Alive:timeout=5, max=98
Server:Apache/2.4.7 (Ubuntu)
Connection:Keep-Alive
Pragma:no-cache
Date:Mon, 11 May 2026 20:43:26 GMT
Cache-Control:no-store, no-cache, must-revalidate, post-check=0, pre-check=0
Content-Encoding:gzip
Vary:Accept-Encoding
Expires:Thu, 19 Nov 1981 08:52:00 GMT
Content-Length:945
X-Powered-By:PHP/5.5.9-1ubuntu4.29
Content-Type:text/html
",f912b6041f63b9c3663af265471cc14cf782844b9e26f3bf22282adfc452814b15690131415cec96aef87407754cf791eccd07cc155d802ae0837a424b50a53e,200
http://web/users/login.php,GET,"Cookie:PHPSESSID=7ficmi53fn80h3alhbsb1d4pk3
Accept:text/html,application/xhtml+xml,application/xml;q=0.9,image/avif,image/webp,image/apng,*/*;q=0.8,application/signed-exchange;v=b3;q=0.9
User-Agent:Mozilla/5.0 (X11; Linux x86_64) AppleWebKit/537.36 (KHTML, like Gecko) Chrome/85.0.4183.102 Safari/537.36
Referer:http://web/users/register.php
Upgrade-Insecure-Requests:1
",cf83e1357eefb8bdf1542850d66d8007d620e4050b5715dc83f4a921d36ce9ce47d0d13c5d85f2b0ff8318d2877eec2f63b931bd47417a81a538327af927da3e,"Keep-Alive:timeout=5, max=82
Server:Apache/2.4.7 (Ubuntu)
Connection:Keep-Alive
Pragma:no-cache
Date:Mon, 11 May 2026 20:39:54 GMT
Cache-Control:no-store, no-cache, must-revalidate, post-check=0, pre-check=0
Content-Encoding:gzip
Vary:Accept-Encoding
Expires:Thu, 19 Nov 1981 08:52:00 GMT
Content-Length:976
X-Powered-By:PHP/5.5.9-1ubuntu4.29
Content-Type:text/html
",bf4f4cdc1475fad715c44cb98c0abb98e7f1eb06eaf460e015727a83a2a4843689656b5e5dda9bc4e5892e7c317df14354d38979fd3df7ca818123b722d09016,200
http://web/users/register.php,GET,"Cookie:PHPSESSID=7ficmi53fn80h3alhbsb1d4pk3
Accept:text/html,application/xhtml+xml,application/xml;q=0.9,image/avif,image/webp,image/apng,*/*;q=0.8,application/signed-exchange;v=b3;q=0.9
User-Agent:Mozilla/5.0 (X11; Linux x86_64) AppleWebKit/537.36 (KHTML, like Gecko) Chrome/85.0.4183.102 Safari/537.36
Referer:http://web/
Upgrade-Insecure-Requests:1
",cf83e1357eefb8bdf1542850d66d8007d620e4050b5715dc83f4a921d36ce9ce47d0d13c5d85f2b0ff8318d2877eec2f63b931bd47417a81a538327af927da3e,"Keep-Alive:timeout=5, max=66
Server:Apache/2.4.7 (Ubuntu)
Connection:Keep-Alive
Pragma:no-cache
Date:Mon, 11 May 2026 20:41:19 GMT
Cache-Control:no-store, no-cache, must-revalidate, post-check=0, pre-check=0
Content-Encoding:gzip
Vary:Accept-Encoding
Expires:Thu, 19 Nov 1981 08:52:00 GMT
Content-Length:1098
X-Powered-By:PHP/5.5.9-1ubuntu4.29
Content-Type:text/html
",9620e2cb24d503126be4f8ac2bfabb52e30bed1199051ecef558b2b4094ec6228e179349ad8b785980c4a7431f0d3a899e16036f3a0b8a89da4f3365ff0983b1,200
http://web/users/login.php,GET,"Cookie:PHPSESSID=7ficmi53fn80h3alhbsb1d4pk3
Accept:text/html,application/xhtml+xml,application/xml;q=0.9,image/avif,image/webp,image/apng,*/*;q=0.8,application/signed-exchange;v=b3;q=0.9
User-Agent:Mozilla/5.0 (X11; Linux x86_64) AppleWebKit/537.36 (KHTML, like Gecko) Chrome/85.0.4183.102 Safari/537.36
Referer:http://web/pictures/recent.php
Upgrade-Insecure-Requests:1
",cf83e1357eefb8bdf1542850d66d8007d620e4050b5715dc83f4a921d36ce9ce47d0d13c5d85f2b0ff8318d2877eec2f63b931bd47417a81a538327af927da3e,"Keep-Alive:timeout=5, max=11
Server:Apache/2.4.7 (Ubuntu)
Connection:Keep-Alive
Pragma:no-cache
Date:Mon, 11 May 2026 20:40:43 GMT
Cache-Control:no-store, no-cache, must-revalidate, post-check=0, pre-check=0
Content-Encoding:gzip
Vary:Accept-Encoding
Expires:Thu, 19 Nov 1981 08:52:00 GMT
Content-Length:976
X-Powered-By:PHP/5.5.9-1ubuntu4.29
Content-Type:text/html
",e8adc647758d5d5bdb64e21701aa0bc9779dd7bafa1961a6a841052c3077246a47b201152fcc97804b30a00b24ea107acd01661a79aea4d2ae82b312450ecd7a,200
http://web/piccheck.php,POST,"Origin:http://web
Cookie:PHPSESSID=7ficmi53fn80h3alhbsb1d4pk3
Accept:text/html,application/xhtml+xml,application/xml;q=0.9,image/avif,image/webp,image/apng,*/*;q=0.8,application/signed-exchange;v=b3;q=0.9
User-Agent:Mozilla/5.0 (X11; Linux x86_64) AppleWebKit/537.36 (KHTML, like Gecko) Chrome/85.0.4183.102 Safari/537.36
Referer:http://web/
Upgrade-Insecure-Requests:1
Content-Type:multipart/form-data; boundary=----WebKitFormBoundarydtJAzzM7G46xcRLj
",760c88e7cc39e608488c6aa1c495c8b9fa4e250abf9ca247cde0d5aec9cdcb934d9e3b1487fd1345440e56d320b7c3b0c87b30f08beec70e836f9d8131d43f33,"Keep-Alive:timeout=5, max=68
Server:Apache/2.4.7 (Ubuntu)
Connection:Keep-Alive
Pragma:no-cache
Date:Mon, 11 May 2026 20:40:07 GMT
Cache-Control:no-store, no-cache, must-revalidate, post-check=0, pre-check=0
Expires:Thu, 19 Nov 1981 08:52:00 GMT
Content-Length:41
X-Powered-By:PHP/5.5.9-1ubuntu4.29
Location:/
Content-Type:text/html
",cf83e1357eefb8bdf1542850d66d8007d620e4050b5715dc83f4a921d36ce9ce47d0d13c5d85f2b0ff8318d2877eec2f63b931bd47417a81a538327af927da3e,303
http://web/users/login.php,GET,"Cookie:PHPSESSID=7ficmi53fn80h3alhbsb1d4pk3
Accept:text/html,application/xhtml+xml,application/xml;q=0.9,image/avif,image/webp,image/apng,*/*;q=0.8,application/signed-exchange;v=b3;q=0.9
User-Agent:Mozilla/5.0 (X11; Linux x86_64) AppleWebKit/537.36 (KHTML, like Gecko) Chrome/85.0.4183.102 Safari/537.36
Referer:http://web/calendar.php
Upgrade-Insecure-Requests:1
",cf83e1357eefb8bdf1542850d66d8007d620e4050b5715dc83f4a921d36ce9ce47d0d13c5d85f2b0ff8318d2877eec2f63b931bd47417a81a538327af927da3e,"Keep-Alive:timeout=5, max=3
Server:Apache/2.4.7 (Ubuntu)
Connection:Keep-Alive
Pragma:no-cache
Date:Mon, 11 May 2026 20:42:07 GMT
Cache-Control:no-store, no-cache, must-revalidate, post-check=0, pre-check=0
Content-Encoding:gzip
Vary:Accept-Encoding
Expires:Thu, 19 Nov 1981 08:52:00 GMT
Content-Length:977
X-Powered-By:PHP/5.5.9-1ubuntu4.29
Content-Type:text/html
",7c015726edf624daa0659d39d9020389b65d60dd558886b688c169ff967eb571666469771e1a593af114d573d61ab6c523c76087339bc7d1f6f8c3b5b6f43aa7,200
http://web/users/register.php,POST,"Origin:http://web
Cookie:PHPSESSID=7ficmi53fn80h3alhbsb1d4pk3
Accept:text/html,application/xhtml+xml,application/xml;q=0.9,image/avif,image/webp,image/apng,*/*;q=0.8,application/signed-exchange;v=b3;q=0.9
User-Agent:Mozilla/5.0 (X11; Linux x86_64) AppleWebKit/537.36 (KHTML, like Gecko) Chrome/85.0.4183.102 Safari/537.36
Referer:http://web/users/register.php
Upgrade-Insecure-Requests:1
Content-Type:application/x-www-form-urlencoded
",c012db9deaa31ed97d4368ea59254e00d8e96ed88ca37619e2ee67e527da512e233650e7f8f05c26f8c89d51d735026c6412bbdf3cff1da6bf200b55f062f976,"Keep-Alive:timeout=5, max=51
Server:Apache/2.4.7 (Ubuntu)
Connection:Keep-Alive
Pragma:no-cache
Date:Mon, 11 May 2026 20:41:33 GMT
Cache-Control:no-store, no-cache, must-revalidate, post-check=0, pre-check=0
Content-Encoding:gzip
Vary:Accept-Encoding
Expires:Thu, 19 Nov 1981 08:52:00 GMT
Content-Length:1098
X-Powered-By:PHP/5.5.9-1ubuntu4.29
Content-Type:text/html
",a00941bf3ea76e4cb5c958516eca04f98e4b161903a21ad3243da482cb1cca024c47a81da0fa480aa50df8407b1b1b5523a650f455a5643bd02969a6734983fd,200
http://web/users/login.php,GET,"Cookie:PHPSESSID=7ficmi53fn80h3alhbsb1d4pk3
Accept:text/html,application/xhtml+xml,application/xml;q=0.9,image/avif,image/webp,image/apng,*/*;q=0.8,application/signed-exchange;v=b3;q=0.9
User-Agent:Mozilla/5.0 (X11; Linux x86_64) AppleWebKit/537.36 (KHTML, like Gecko) Chrome/85.0.4183.102 Safari/537.36
Referer:http://web/
Upgrade-Insecure-Requests:1
",cf83e1357eefb8bdf1542850d66d8007d620e4050b5715dc83f4a921d36ce9ce47d0d13c5d85f2b0ff8318d2877eec2f63b931bd47417a81a538327af927da3e,"Keep-Alive:timeout=5, max=94
Server:Apache/2.4.7 (Ubuntu)
Connection:Keep-Alive
Pragma:no-cache
Date:Mon, 11 May 2026 20:39:32 GMT
Cache-Control:no-store, no-cache, must-revalidate, post-check=0, pre-check=0
Content-Encoding:gzip
Vary:Accept-Encoding
Expires:Thu, 19 Nov 1981 08:52:00 GMT
Content-Length:977
X-Powered-By:PHP/5.5.9-1ubuntu4.29
Content-Type:text/html
",2d31a9e39a6e3588b633dd51a84b25971b0fdd01f13ae036b761427ff587fc1d1b019ebbfd10688217a6cb92a677f69e9c2da63ad5ef1e370b5403ad8d3fdb65,200
http://web/,GET,"Cookie:PHPSESSID=7ficmi53fn80h3alhbsb1d4pk3
Accept:text/html,application/xhtml+xml,application/xml;q=0.9,image/avif,image/webp,image/apng,*/*;q=0.8,application/signed-exchange;v=b3;q=0.9
User-Agent:Mozilla/5.0 (X11; Linux x86_64) AppleWebKit/537.36 (KHTML, like Gecko) Chrome/85.0.4183.102 Safari/537.36
Upgrade-Insecure-Requests:1
",cf83e1357eefb8bdf1542850d66d8007d620e4050b5715dc83f4a921d36ce9ce47d0d13c5d85f2b0ff8318d2877eec2f63b931bd47417a81a538327af927da3e,"Keep-Alive:timeout=5, max=39
Server:Apache/2.4.7 (Ubuntu)
Connection:Keep-Alive
Pragma:no-cache
Date:Mon, 11 May 2026 20:41:41 GMT
Cache-Control:no-store, no-cache, must-revalidate, post-check=0, pre-check=0
Content-Encoding:gzip
Vary:Accept-Encoding
Expires:Thu, 19 Nov 1981 08:52:00 GMT
Content-Length:1284
X-Powered-By:PHP/5.5.9-1ubuntu4.29
Content-Type:text/html
",5365f1b57e9012a8e00b57bff4d7a3687d414d3d833dc744198c5e8651c0f43f1333f3a2bf026623af782847ce081f1007fe92f977aa6b485da17491cbd49fc6,200
http://web/tos.php,GET,"Cookie:PHPSESSID=7ficmi53fn80h3alhbsb1d4pk3
Accept:text/html,application/xhtml+xml,application/xml;q=0.9,image/avif,image/webp,image/apng,*/*;q=0.8,application/signed-exchange;v=b3;q=0.9
User-Agent:Mozilla/5.0 (X11; Linux x86_64) AppleWebKit/537.36 (KHTML, like Gecko) Chrome/85.0.4183.102 Safari/537.36
Referer:http://web/passcheck.php
Upgrade-Insecure-Requests:1
",cf83e1357eefb8bdf1542850d66d8007d620e4050b5715dc83f4a921d36ce9ce47d0d13c5d85f2b0ff8318d2877eec2f63b931bd47417a81a538327af927da3e,"Keep-Alive:timeout=5, max=50
Server:Apache/2.4.7 (Ubuntu)
Connection:Keep-Alive
Pragma:no-cache
Date:Mon, 11 May 2026 20:42:48 GMT
Cache-Control:no-store, no-cache, must-revalidate, post-check=0, pre-check=0
Content-Encoding:gzip
Vary:Accept-Encoding
Expires:Thu, 19 Nov 1981 08:52:00 GMT
Content-Length:10227
X-Powered-By:PHP/5.5.9-1ubuntu4.29
Content-Type:text/html
",2a4846a29df907dfa9736fc07fa1237d1e893bef90fa1bca000122017ffbbdf16df40ef56a3c5998b480c5a11135120be265463692baaf56974d66476cec93e0,200
http://web/pictures/view.php?picid=7,GET,"Cookie:PHPSESSID=7ficmi53fn80h3alhbsb1d4pk3
Accept:text/html,application/xhtml+xml,application/xml;q=0.9,image/avif,image/webp,image/apng,*/*;q=0.8,application/signed-exchange;v=b3;q=0.9
User-Agent:Mozilla/5.0 (X11; Linux x86_64) AppleWebKit/537.36 (KHTML, like Gecko) Chrome/85.0.4183.102 Safari/537.36
Referer:http://web/pictures/recent.php
Upgrade-Insecure-Requests:1
",cf83e1357eefb8bdf1542850d66d8007d620e4050b5715dc83f4a921d36ce9ce47d0d13c5d85f2b0ff8318d2877eec2f63b931bd47417a81a538327af927da3e,"Keep-Alive:timeout=5, max=12
Server:Apache/2.4.7 (Ubuntu)
Connection:Keep-Alive
Pragma:no-cache
Date:Mon, 11 May 2026 20:40:43 GMT
Cache-Control:no-store, no-cache, must-revalidate, post-check=0, pre-check=0
Expires:Thu, 19 Nov 1981 08:52:00 GMT
Content-Length:41
X-Powered-By:PHP/5.5.9-1ubuntu4.29
Location:/users/login.php
Content-Type:text/html
",cf83e1357eefb8bdf1542850d66d8007d620e4050b5715dc83f4a921d36ce9ce47d0d13c5d85f2b0ff8318d2877eec2f63b931bd47417a81a538327af927da3e,303
http://web/guestbook.php,GET,"Cookie:PHPSESSID=7ficmi53fn80h3alhbsb1d4pk3
Accept:text/html,application/xhtml+xml,application/xml;q=0.9,image/avif,image/webp,image/apng,*/*;q=0.8,application/signed-exchange;v=b3;q=0.9
User-Agent:Mozilla/5.0 (X11; Linux x86_64) AppleWebKit/537.36 (KHTML, like Gecko) Chrome/85.0.4183.102 Safari/537.36
Referer:http://web/guestbook.php
Upgrade-Insecure-Requests:1
",cf83e1357eefb8bdf1542850d66d8007d620e4050b5715dc83f4a921d36ce9ce47d0d13c5d85f2b0ff8318d2877eec2f63b931bd47417a81a538327af927da3e,"Keep-Alive:timeout=5, max=95
Server:Apache/2.4.7 (Ubuntu)
Connection:Keep-Alive
Pragma:no-cache
Date:Mon, 11 May 2026 20:40:56 GMT
Cache-Control:no-store, no-cache, must-revalidate, post-check=0, pre-check=0
Content-Encoding:gzip
Vary:Accept-Encoding
Expires:Thu, 19 Nov 1981 08:52:00 GMT
Content-Length:999
X-Powered-By:PHP/5.5.9-1ubuntu4.29
Content-Type:text/html
",00016e120f2b7efe79fc830ff953ee038fc5811895d1b05180c167c5fdd564260388783d2fb0e44f5af08c2eb5b5e7a85f982ae21947fc115059aca73a84282c,200
http://web/calendar.php?date=1778705051,GET,"Cookie:PHPSESSID=7ficmi53fn80h3alhbsb1d4pk3
Accept:text/html,application/xhtml+xml,application/xml;q=0.9,image/avif,image/webp,image/apng,*/*;q=0.8,application/signed-exchange;v=b3;q=0.9
User-Agent:Mozilla/5.0 (X11; Linux x86_64) AppleWebKit/537.36 (KHTML, like Gecko) Chrome/85.0.4183.102 Safari/537.36
Referer:http://web/calendar.php?date=1778618651
Upgrade-Insecure-Requests:1
",cf83e1357eefb8bdf1542850d66d8007d620e4050b5715dc83f4a921d36ce9ce47d0d13c5d85f2b0ff8318d2877eec2f63b931bd47417a81a538327af927da3e,"Keep-Alive:timeout=5, max=30
Server:Apache/2.4.7 (Ubuntu)
Connection:Keep-Alive
Pragma:no-cache
Date:Mon, 11 May 2026 20:44:12 GMT
Cache-Control:no-store, no-cache, must-revalidate, post-check=0, pre-check=0
Content-Encoding:gzip
Vary:Accept-Encoding
Expires:Thu, 19 Nov 1981 08:52:00 GMT
Content-Length:945
X-Powered-By:PHP/5.5.9-1ubuntu4.29
Content-Type:text/html
",3e9c9301d6db3d7ba2a9c5a82781805bc5f3af2304c1ec20d56d75d58e450fef6e9bf3140d1b894775e4006df468b7a36295c5d64b9f809bbe2309cab49c0579,200
http://web/css/blueprint/print.css,GET,"Cookie:PHPSESSID=7ficmi53fn80h3alhbsb1d4pk3
Accept:text/css,*/*;q=0.1
User-Agent:Mozilla/5.0 (X11; Linux x86_64) AppleWebKit/537.36 (KHTML, like Gecko) Chrome/85.0.4183.102 Safari/537.36
Referer:http://web/users/register.php
",cf83e1357eefb8bdf1542850d66d8007d620e4050b5715dc83f4a921d36ce9ce47d0d13c5d85f2b0ff8318d2877eec2f63b931bd47417a81a538327af927da3e,"Server:Apache/2.4.7 (Ubuntu)
Last-Modified:Thu, 02 Feb 2017 22:24:09 GMT
Date:Mon, 11 May 2026 20:39:28 GMT
Accept-Ranges:bytes
ETag:""52d-547939fb8b440-gzip""
Content-Encoding:gzip
Vary:Accept-Encoding
Content-Length:674
Content-Type:text/css
",382bc7f4ad396de8dacb65598554ab8e1fe76b268c9b97e377be5fe694d07688463ac138e683332f401b64a7a2e8418a2a9f7f9d96e548ee8581d228368f7524,200
http://web/upload/flowers/flowers.128_128.jpg,GET,"Cookie:PHPSESSID=7ficmi53fn80h3alhbsb1d4pk3
Accept:image/avif,image/webp,image/apng,image/*,*/*;q=0.8
User-Agent:Mozilla/5.0 (X11; Linux x86_64) AppleWebKit/537.36 (KHTML, like Gecko) Chrome/85.0.4183.102 Safari/537.36
Referer:http://web/pictures/recent.php
",cf83e1357eefb8bdf1542850d66d8007d620e4050b5715dc83f4a921d36ce9ce47d0d13c5d85f2b0ff8318d2877eec2f63b931bd47417a81a538327af927da3e,"Keep-Alive:timeout=5, max=100
Server:Apache/2.4.7 (Ubuntu)
Connection:Keep-Alive
Last-Modified:Thu, 02 Feb 2017 22:24:09 GMT
Date:Mon, 11 May 2026 20:39:39 GMT
Accept-Ranges:bytes
ETag:""3c3d-547939fb8b440""
Content-Length:15421
Content-Type:image/jpeg
",3582ed1354c33d3f042461e0f766e5a7dcffac105b0b153a6c31ce83abf5b5914714203850b1066d6a97bf901925ce573d549ebdc47272138324ba8f2dbb00d7,200
http://web/,GET,"Cookie:PHPSESSID=7ficmi53fn80h3alhbsb1d4pk3
Accept:text/html,application/xhtml+xml,application/xml;q=0.9,image/avif,image/webp,image/apng,*/*;q=0.8,application/signed-exchange;v=b3;q=0.9
User-Agent:Mozilla/5.0 (X11; Linux x86_64) AppleWebKit/537.36 (KHTML, like Gecko) Chrome/85.0.4183.102 Safari/537.36
Upgrade-Insecure-Requests:1
",cf83e1357eefb8bdf1542850d66d8007d620e4050b5715dc83f4a921d36ce9ce47d0d13c5d85f2b0ff8318d2877eec2f63b931bd47417a81a538327af927da3e,"Keep-Alive:timeout=5, max=59
Server:Apache/2.4.7 (Ubuntu)
Connection:Keep-Alive
Pragma:no-cache
Date:Mon, 11 May 2026 20:43:53 GMT
Cache-Control:no-store, no-cache, must-revalidate, post-check=0, pre-check=0
Content-Encoding:gzip
Vary:Accept-Encoding
Expires:Thu, 19 Nov 1981 08:52:00 GMT
Content-Length:1285
X-Powered-By:PHP/5.5.9-1ubuntu4.29
Content-Type:text/html
",eb61588d908bbeb62d214a087931e7b1d77e4bd48534bad9e2f8bad5c14eb36878dad888baf624d99f2343dd4aeb0637c55d90641ca5c515b2927eca28b6a1f2,200
http://web/calendar.php?date=1778705038,GET,"Cookie:PHPSESSID=7ficmi53fn80h3alhbsb1d4pk3
Accept:text/html,application/xhtml+xml,application/xml;q=0.9,image/avif,image/webp,image/apng,*/*;q=0.8,application/signed-exchange;v=b3;q=0.9
User-Agent:Mozilla/5.0 (X11; Linux x86_64) AppleWebKit/537.36 (KHTML, like Gecko) Chrome/85.0.4183.102 Safari/537.36
Referer:http://web/calendar.php?date=1778618638
Upgrade-Insecure-Requests:1
",cf83e1357eefb8bdf1542850d66d8007d620e4050b5715dc83f4a921d36ce9ce47d0d13c5d85f2b0ff8318d2877eec2f63b931bd47417a81a538327af927da3e,"Keep-Alive:timeout=5, max=49
Server:Apache/2.4.7 (Ubuntu)
Connection:Keep-Alive
Pragma:no-cache
Date:Mon, 11 May 2026 20:44:00 GMT
Cache-Control:no-store, no-cache, must-revalidate, post-check=0, pre-check=0
Content-Encoding:gzip
Vary:Accept-Encoding
Expires:Thu, 19 Nov 1981 08:52:00 GMT
Content-Length:946
X-Powered-By:PHP/5.5.9-1ubuntu4.29
Content-Type:text/html
",a382958ad7cc51b793e10a55850df15ab793e9c953ac135dfd368769163bd4fe3917500a5b7bfe08fa53df99612ead367715af098d8cb0d196f0601805f19ea0,200
http://web/,GET,"Cookie:PHPSESSID=7ficmi53fn80h3alhbsb1d4pk3
Accept:text/html,application/xhtml+xml,application/xml;q=0.9,image/avif,image/webp,image/apng,*/*;q=0.8,application/signed-exchange;v=b3;q=0.9
User-Agent:Mozilla/5.0 (X11; Linux x86_64) AppleWebKit/537.36 (KHTML, like Gecko) Chrome/85.0.4183.102 Safari/537.36
Upgrade-Insecure-Requests:1
",cf83e1357eefb8bdf1542850d66d8007d620e4050b5715dc83f4a921d36ce9ce47d0d13c5d85f2b0ff8318d2877eec2f63b931bd47417a81a538327af927da3e,"Keep-Alive:timeout=5, max=23
Server:Apache/2.4.7 (Ubuntu)
Connection:Keep-Alive
Pragma:no-cache
Date:Mon, 11 May 2026 20:43:07 GMT
Cache-Control:no-store, no-cache, must-revalidate, post-check=0, pre-check=0
Content-Encoding:gzip
Vary:Accept-Encoding
Expires:Thu, 19 Nov 1981 08:52:00 GMT
Content-Length:1283
X-Powered-By:PHP/5.5.9-1ubuntu4.29
Content-Type:text/html
",ee950ff81d94be16d553428ce0dd395316ffedbff2e6d3d9516f4d1aa57a70ea66f93dcc6ebb1e645c4e4c96f82f76b10b02c42b9578e653bb4bc7a1e8d42c6c,200
http://web/calendar.php,GET,"Cookie:PHPSESSID=7ficmi53fn80h3alhbsb1d4pk3
Accept:text/html,application/xhtml+xml,application/xml;q=0.9,image/avif,image/webp,image/apng,*/*;q=0.8,application/signed-exchange;v=b3;q=0.9
User-Agent:Mozilla/5.0 (X11; Linux x86_64) AppleWebKit/537.36 (KHTML, like Gecko) Chrome/85.0.4183.102 Safari/537.36
Referer:http://web/
Upgrade-Insecure-Requests:1
",cf83e1357eefb8bdf1542850d66d8007d620e4050b5715dc83f4a921d36ce9ce47d0d13c5d85f2b0ff8318d2877eec2f63b931bd47417a81a538327af927da3e,"Keep-Alive:timeout=5, max=38
Server:Apache/2.4.7 (Ubuntu)
Connection:Keep-Alive
Pragma:no-cache
Date:Mon, 11 May 2026 20:44:07 GMT
Cache-Control:no-store, no-cache, must-revalidate, post-check=0, pre-check=0
Content-Encoding:gzip
Vary:Accept-Encoding
Expires:Thu, 19 Nov 1981 08:52:00 GMT
Content-Length:944
X-Powered-By:PHP/5.5.9-1ubuntu4.29
Content-Type:text/html
",be3fb5480b4be414b3304a2c708da358b5c4901ff097076e2ec0688e2ab6d55bb08e850539cdd545e2a6b2e477a0db72a1fe7a04f14cd9db5b9ad9ac85f8743d,200
http://web/users/home.php,GET,"Cookie:PHPSESSID=7ficmi53fn80h3alhbsb1d4pk3
Accept:text/html,application/xhtml+xml,application/xml;q=0.9,image/avif,image/webp,image/apng,*/*;q=0.8,application/signed-exchange;v=b3;q=0.9
User-Agent:Mozilla/5.0 (X11; Linux x86_64) AppleWebKit/537.36 (KHTML, like Gecko) Chrome/85.0.4183.102 Safari/537.36
Referer:http://web/pictures/recent.php
Upgrade-Insecure-Requests:1
",cf83e1357eefb8bdf1542850d66d8007d620e4050b5715dc83f4a921d36ce9ce47d0d13c5d85f2b0ff8318d2877eec2f63b931bd47417a81a538327af927da3e,"Keep-Alive:timeout=5, max=96
Server:Apache/2.4.7 (Ubuntu)
Connection:Keep-Alive
Pragma:no-cache
Date:Mon, 11 May 2026 20:39:42 GMT
Cache-Control:no-store, no-cache, must-revalidate, post-check=0, pre-check=0
Expires:Thu, 19 Nov 1981 08:52:00 GMT
Content-Length:41
X-Powered-By:PHP/5.5.9-1ubuntu4.29
Location:/users/login.php
Content-Type:text/html
",cf83e1357eefb8bdf1542850d66d8007d620e4050b5715dc83f4a921d36ce9ce47d0d13c5d85f2b0ff8318d2877eec2f63b931bd47417a81a538327af927da3e,303
http://web/,GET,"Cookie:PHPSESSID=7ficmi53fn80h3alhbsb1d4pk3
Accept:text/html,application/xhtml+xml,application/xml;q=0.9,image/avif,image/webp,image/apng,*/*;q=0.8,application/signed-exchange;v=b3;q=0.9
User-Agent:Mozilla/5.0 (X11; Linux x86_64) AppleWebKit/537.36 (KHTML, like Gecko) Chrome/85.0.4183.102 Safari/537.36
Referer:http://web/passcheck.php
Upgrade-Insecure-Requests:1
",cf83e1357eefb8bdf1542850d66d8007d620e4050b5715dc83f4a921d36ce9ce47d0d13c5d85f2b0ff8318d2877eec2f63b931bd47417a81a538327af927da3e,"Keep-Alive:timeout=5, max=64
Server:Apache/2.4.7 (Ubuntu)
Connection:Keep-Alive
Pragma:no-cache
Date:Mon, 11 May 2026 20:41:21 GMT
Cache-Control:no-store, no-cache, must-revalidate, post-check=0, pre-check=0
Content-Encoding:gzip
Vary:Accept-Encoding
Expires:Thu, 19 Nov 1981 08:52:00 GMT
Content-Length:1282
X-Powered-By:PHP/5.5.9-1ubuntu4.29
Content-Type:text/html
",1f2fbab28950e68c47b990eb5f43865de30ae04003a171ac268f0787fc6a596bd322ba6de2d2ef8a19737d2190de76ef9dcbaa6651dd420c681d1dc24abd29fb,200
http://web/,GET,"Cookie:PHPSESSID=7ficmi53fn80h3alhbsb1d4pk3
Accept:text/html,application/xhtml+xml,application/xml;q=0.9,image/avif,image/webp,image/apng,*/*;q=0.8,application/signed-exchange;v=b3;q=0.9
User-Agent:Mozilla/5.0 (X11; Linux x86_64) AppleWebKit/537.36 (KHTML, like Gecko) Chrome/85.0.4183.102 Safari/537.36
Referer:http://web/
Upgrade-Insecure-Requests:1
",cf83e1357eefb8bdf1542850d66d8007d620e4050b5715dc83f4a921d36ce9ce47d0d13c5d85f2b0ff8318d2877eec2f63b931bd47417a81a538327af927da3e,"Keep-Alive:timeout=5, max=67
Server:Apache/2.4.7 (Ubuntu)
Connection:Keep-Alive
Pragma:no-cache
Date:Mon, 11 May 2026 20:40:07 GMT
Cache-Control:no-store, no-cache, must-revalidate, post-check=0, pre-check=0
Content-Encoding:gzip
Vary:Accept-Encoding
Expires:Thu, 19 Nov 1981 08:52:00 GMT
Content-Length:1284
X-Powered-By:PHP/5.5.9-1ubuntu4.29
Content-Type:text/html
",639f3b97ed3eaa631f22093e16512ffc10ccbe61ec32b466c89676965a0c3356e272e6a87681267d41885bd35dcf625ab06b483b9864ca76aea34df0ef382285,200
http://web/calendar.php,GET,"Cookie:PHPSESSID=7ficmi53fn80h3alhbsb1d4pk3
Accept:text/html,application/xhtml+xml,application/xml;q=0.9,image/avif,image/webp,image/apng,*/*;q=0.8,application/signed-exchange;v=b3;q=0.9
User-Agent:Mozilla/5.0 (X11; Linux x86_64) AppleWebKit/537.36 (KHTML, like Gecko) Chrome/85.0.4183.102 Safari/537.36
Referer:http://web/
Upgrade-Insecure-Requests:1
",cf83e1357eefb8bdf1542850d66d8007d620e4050b5715dc83f4a921d36ce9ce47d0d13c5d85f2b0ff8318d2877eec2f63b931bd47417a81a538327af927da3e,"Keep-Alive:timeout=5, max=22
Server:Apache/2.4.7 (Ubuntu)
Connection:Keep-Alive
Pragma:no-cache
Date:Mon, 11 May 2026 20:43:08 GMT
Cache-Control:no-store, no-cache, must-revalidate, post-check=0, pre-check=0
Content-Encoding:gzip
Vary:Accept-Encoding
Expires:Thu, 19 Nov 1981 08:52:00 GMT
Content-Length:944
X-Powered-By:PHP/5.5.9-1ubuntu4.29
Content-Type:text/html
",02051a736794b0d6238374dba57d26934d26e91f5a6a1e1afcaebab99916c0650805a5122e47261acbbd09fe51ac8a103fdb5ae1ed96ccf15d4a3cddae5a4977,200
http://web/calendar.php?date=1778618627,GET,"Cookie:PHPSESSID=7ficmi53fn80h3alhbsb1d4pk3
Accept:text/html,application/xhtml+xml,application/xml;q=0.9,image/avif,image/webp,image/apng,*/*;q=0.8,application/signed-exchange;v=b3;q=0.9
User-Agent:Mozilla/5.0 (X11; Linux x86_64) AppleWebKit/537.36 (KHTML, like Gecko) Chrome/85.0.4183.102 Safari/537.36
Referer:http://web/calendar.php
Upgrade-Insecure-Requests:1
",cf83e1357eefb8bdf1542850d66d8007d620e4050b5715dc83f4a921d36ce9ce47d0d13c5d85f2b0ff8318d2877eec2f63b931bd47417a81a538327af927da3e,"Keep-Alive:timeout=5, max=67
Server:Apache/2.4.7 (Ubuntu)
Connection:Keep-Alive
Pragma:no-cache
Date:Mon, 11 May 2026 20:43:48 GMT
Cache-Control:no-store, no-cache, must-revalidate, post-check=0, pre-check=0
Content-Encoding:gzip
Vary:Accept-Encoding
Expires:Thu, 19 Nov 1981 08:52:00 GMT
Content-Length:945
X-Powered-By:PHP/5.5.9-1ubuntu4.29
Content-Type:text/html
",fb9ba9e75b3cc7d7123266ddcb46e01cc3b2aa2ea5a1a741f728dfd4af005da8b1c02d09d9967ecb29c04a6051cd8c9de41994844b7c55bdddaee77a8f1fc150,200
http://web/admin/index.php?page=login,GET,"Cookie:PHPSESSID=7ficmi53fn80h3alhbsb1d4pk3
Accept:text/html,application/xhtml+xml,application/xml;q=0.9,image/avif,image/webp,image/apng,*/*;q=0.8,application/signed-exchange;v=b3;q=0.9
User-Agent:Mozilla/5.0 (X11; Linux x86_64) AppleWebKit/537.36 (KHTML, like Gecko) Chrome/85.0.4183.102 Safari/537.36
Referer:http://web/pictures/recent.php
Upgrade-Insecure-Requests:1
",cf83e1357eefb8bdf1542850d66d8007d620e4050b5715dc83f4a921d36ce9ce47d0d13c5d85f2b0ff8318d2877eec2f63b931bd47417a81a538327af927da3e,"Keep-Alive:timeout=5, max=5
Server:Apache/2.4.7 (Ubuntu)
Connection:Keep-Alive
Pragma:no-cache
Date:Mon, 11 May 2026 20:40:48 GMT
Cache-Control:no-store, no-cache, must-revalidate, post-check=0, pre-check=0
Content-Encoding:gzip
Vary:Accept-Encoding
Expires:Thu, 19 Nov 1981 08:52:00 GMT
Content-Length:216
X-Powered-By:PHP/5.5.9-1ubuntu4.29
Content-Type:text/html
",94a0be94df9fab811013e69d8749149dd42304929f81b101b2e7ab32f2d0fe95938448f32121a4e0f7acb5fc2c9e730578befece55cd7a77d89ba055c267260d,200
http://web/,GET,"Cookie:PHPSESSID=7ficmi53fn80h3alhbsb1d4pk3
Accept:text/html,application/xhtml+xml,application/xml;q=0.9,image/avif,image/webp,image/apng,*/*;q=0.8,application/signed-exchange;v=b3;q=0.9
User-Agent:Mozilla/5.0 (X11; Linux x86_64) AppleWebKit/537.36 (KHTML, like Gecko) Chrome/85.0.4183.102 Safari/537.36
Upgrade-Insecure-Requests:1
",cf83e1357eefb8bdf1542850d66d8007d620e4050b5715dc83f4a921d36ce9ce47d0d13c5d85f2b0ff8318d2877eec2f63b931bd47417a81a538327af927da3e,"Keep-Alive:timeout=5, max=10
Server:Apache/2.4.7 (Ubuntu)
Connection:Keep-Alive
Pragma:no-cache
Date:Mon, 11 May 2026 20:40:44 GMT
Cache-Control:no-store, no-cache, must-revalidate, post-check=0, pre-check=0
Content-Encoding:gzip
Vary:Accept-Encoding
Expires:Thu, 19 Nov 1981 08:52:00 GMT
Content-Length:1282
X-Powered-By:PHP/5.5.9-1ubuntu4.29
Content-Type:text/html
",eb60e1c67f4b62f09a941b291b95538a124888e516ca57ab2ca2a27bfd4be68f436e7917c91a3762ce796de12270744620b29ca6aa9d16c3c9838d67bf331191,200
http://web/calendar.php?date=1778791451,GET,"Cookie:PHPSESSID=7ficmi53fn80h3alhbsb1d4pk3
Accept:text/html,application/xhtml+xml,application/xml;q=0.9,image/avif,image/webp,image/apng,*/*;q=0.8,application/signed-exchange;v=b3;q=0.9
User-Agent:Mozilla/5.0 (X11; Linux x86_64) AppleWebKit/537.36 (KHTML, like Gecko) Chrome/85.0.4183.102 Safari/537.36
Referer:http://web/calendar.php?date=1778705051
Upgrade-Insecure-Requests:1
",cf83e1357eefb8bdf1542850d66d8007d620e4050b5715dc83f4a921d36ce9ce47d0d13c5d85f2b0ff8318d2877eec2f63b931bd47417a81a538327af927da3e,"Keep-Alive:timeout=5, max=29
Server:Apache/2.4.7 (Ubuntu)
Connection:Keep-Alive
Pragma:no-cache
Date:Mon, 11 May 2026 20:44:13 GMT
Cache-Control:no-store, no-cache, must-revalidate, post-check=0, pre-check=0
Content-Encoding:gzip
Vary:Accept-Encoding
Expires:Thu, 19 Nov 1981 08:52:00 GMT
Content-Length:944
X-Powered-By:PHP/5.5.9-1ubuntu4.29
Content-Type:text/html
",02b50573bf429c32dd7a6670c27d01db43a0e14496463d04d95feebf9311c3c47ebcc23f499d070ed029e574c6c0392c92fc753f62432a073a651a8cc33a7f6f,200
http://web/calendar.php,GET,"Cookie:PHPSESSID=7ficmi53fn80h3alhbsb1d4pk3
Accept:text/html,application/xhtml+xml,application/xml;q=0.9,image/avif,image/webp,image/apng,*/*;q=0.8,application/signed-exchange;v=b3;q=0.9
User-Agent:Mozilla/5.0 (X11; Linux x86_64) AppleWebKit/537.36 (KHTML, like Gecko) Chrome/85.0.4183.102 Safari/537.36
Referer:http://web/
Upgrade-Insecure-Requests:1
",cf83e1357eefb8bdf1542850d66d8007d620e4050b5715dc83f4a921d36ce9ce47d0d13c5d85f2b0ff8318d2877eec2f63b931bd47417a81a538327af927da3e,"Keep-Alive:timeout=5, max=34
Server:Apache/2.4.7 (Ubuntu)
Connection:Keep-Alive
Pragma:no-cache
Date:Mon, 11 May 2026 20:42:59 GMT
Cache-Control:no-store, no-cache, must-revalidate, post-check=0, pre-check=0
Content-Encoding:gzip
Vary:Accept-Encoding
Expires:Thu, 19 Nov 1981 08:52:00 GMT
Content-Length:944
X-Powered-By:PHP/5.5.9-1ubuntu4.29
Content-Type:text/html
",9b5f303d269199956b2ee104a977bef0c86b432c327bab62f5cc868dee489361666f1c6d9442ddbeb1cd75a90bc3a2cf83a5fa2e180e79874b47468831529e19,200
http://web/calendar.php?date=1778705047,GET,"Cookie:PHPSESSID=7ficmi53fn80h3alhbsb1d4pk3
Accept:text/html,application/xhtml+xml,application/xml;q=0.9,image/avif,image/webp,image/apng,*/*;q=0.8,application/signed-exchange;v=b3;q=0.9
User-Agent:Mozilla/5.0 (X11; Linux x86_64) AppleWebKit/537.36 (KHTML, like Gecko) Chrome/85.0.4183.102 Safari/537.36
Referer:http://web/calendar.php?date=1778618647
Upgrade-Insecure-Requests:1
",cf83e1357eefb8bdf1542850d66d8007d620e4050b5715dc83f4a921d36ce9ce47d0d13c5d85f2b0ff8318d2877eec2f63b931bd47417a81a538327af927da3e,"Keep-Alive:timeout=5, max=36
Server:Apache/2.4.7 (Ubuntu)
Connection:Keep-Alive
Pragma:no-cache
Date:Mon, 11 May 2026 20:44:08 GMT
Cache-Control:no-store, no-cache, must-revalidate, post-check=0, pre-check=0
Content-Encoding:gzip
Vary:Accept-Encoding
Expires:Thu, 19 Nov 1981 08:52:00 GMT
Content-Length:946
X-Powered-By:PHP/5.5.9-1ubuntu4.29
Content-Type:text/html
",3186ddcf4e3386e4de99b9e0707a8baf7188e907eb1d06ce8e407db25452fd05e3fecefef0f4ad70e2decf563a2c0a6312fb43096838ce385d54569cb6cd8fd7,200
http://web/users/login.php,GET,"Cookie:PHPSESSID=7ficmi53fn80h3alhbsb1d4pk3
Accept:text/html,application/xhtml+xml,application/xml;q=0.9,image/avif,image/webp,image/apng,*/*;q=0.8,application/signed-exchange;v=b3;q=0.9
User-Agent:Mozilla/5.0 (X11; Linux x86_64) AppleWebKit/537.36 (KHTML, like Gecko) Chrome/85.0.4183.102 Safari/537.36
Referer:http://web/pictures/recent.php
Upgrade-Insecure-Requests:1
",cf83e1357eefb8bdf1542850d66d8007d620e4050b5715dc83f4a921d36ce9ce47d0d13c5d85f2b0ff8318d2877eec2f63b931bd47417a81a538327af927da3e,"Keep-Alive:timeout=5, max=43
Server:Apache/2.4.7 (Ubuntu)
Connection:Keep-Alive
Pragma:no-cache
Date:Mon, 11 May 2026 20:40:23 GMT
Cache-Control:no-store, no-cache, must-revalidate, post-check=0, pre-check=0
Content-Encoding:gzip
Vary:Accept-Encoding
Expires:Thu, 19 Nov 1981 08:52:00 GMT
Content-Length:976
X-Powered-By:PHP/5.5.9-1ubuntu4.29
Content-Type:text/html
",3930f399646aa4b98b07f3baad7f5301b3902404205c746118a4e4b0ee65cb7890196c21960522e4ff93b185e8177ca6d9683126b6264acb46e0d2bb6becce60,200
http://web/calendar.php?date=1778618528,GET,"Cookie:PHPSESSID=7ficmi53fn80h3alhbsb1d4pk3
Accept:text/html,application/xhtml+xml,application/xml;q=0.9,image/avif,image/webp,image/apng,*/*;q=0.8,application/signed-exchange;v=b3;q=0.9
User-Agent:Mozilla/5.0 (X11; Linux x86_64) AppleWebKit/537.36 (KHTML, like Gecko) Chrome/85.0.4183.102 Safari/537.36
Referer:http://web/calendar.php
Upgrade-Insecure-Requests:1
",cf83e1357eefb8bdf1542850d66d8007d620e4050b5715dc83f4a921d36ce9ce47d0d13c5d85f2b0ff8318d2877eec2f63b931bd47417a81a538327af927da3e,"Server:Apache/2.4.7 (Ubuntu)
Connection:close
Pragma:no-cache
Date:Mon, 11 May 2026 20:42:09 GMT
Cache-Control:no-store, no-cache, must-revalidate, post-check=0, pre-check=0
Content-Encoding:gzip
Vary:Accept-Encoding
Expires:Thu, 19 Nov 1981 08:52:00 GMT
Content-Length:946
X-Powered-By:PHP/5.5.9-1ubuntu4.29
Content-Type:text/html
",83543ec89bda40ad03adecccb603bda98faa6cce4704908887209dca078f5aa1d3271c3a40fa3ce62ccbef3da8faac7306d61f6bf8415ab96ac30bec47003fc0,200
http://web/upload/doggie/Dog.jpg.128_128.jpg,GET,"Cookie:PHPSESSID=7ficmi53fn80h3alhbsb1d4pk3
Accept:image/avif,image/webp,image/apng,image/*,*/*;q=0.8
User-Agent:Mozilla/5.0 (X11; Linux x86_64) AppleWebKit/537.36 (KHTML, like Gecko) Chrome/85.0.4183.102 Safari/537.36
Referer:http://web/pictures/recent.php
",cf83e1357eefb8bdf1542850d66d8007d620e4050b5715dc83f4a921d36ce9ce47d0d13c5d85f2b0ff8318d2877eec2f63b931bd47417a81a538327af927da3e,"Keep-Alive:timeout=5, max=99
Server:Apache/2.4.7 (Ubuntu)
Connection:Keep-Alive
Last-Modified:Thu, 02 Feb 2017 22:24:09 GMT
Date:Mon, 11 May 2026 20:39:39 GMT
Accept-Ranges:bytes
ETag:""30b7-547939fb8b440""
Content-Length:12471
Content-Type:image/jpeg
",69d56f0425632e752413df2dedbeab35c78b04f88b4b5e0c3ff3c082644643ba0b4ecff40c05ff2c89177b1d27351cfad091a14195a74b8f1a0a38960c402f09,200
http://web/,GET,"Cookie:PHPSESSID=7ficmi53fn80h3alhbsb1d4pk3
Accept:text/html,application/xhtml+xml,application/xml;q=0.9,image/avif,image/webp,image/apng,*/*;q=0.8,application/signed-exchange;v=b3;q=0.9
User-Agent:Mozilla/5.0 (X11; Linux x86_64) AppleWebKit/537.36 (KHTML, like Gecko) Chrome/85.0.4183.102 Safari/537.36
Upgrade-Insecure-Requests:1
",cf83e1357eefb8bdf1542850d66d8007d620e4050b5715dc83f4a921d36ce9ce47d0d13c5d85f2b0ff8318d2877eec2f63b931bd47417a81a538327af927da3e,"Keep-Alive:timeout=5, max=61
Server:Apache/2.4.7 (Ubuntu)
Connection:Keep-Alive
Pragma:no-cache
Date:Mon, 11 May 2026 20:42:39 GMT
Cache-Control:no-store, no-cache, must-revalidate, post-check=0, pre-check=0
Content-Encoding:gzip
Vary:Accept-Encoding
Expires:Thu, 19 Nov 1981 08:52:00 GMT
Content-Length:1282
X-Powered-By:PHP/5.5.9-1ubuntu4.29
Content-Type:text/html
",d844b7be24b2a19d766d211191f978fe11a7ae67e2c7825904c9df666c449b71018c93e1138c320b2edab2a0a70c3a0b552f76c297030fa714020e6476a3755f,200
http://web/users/register.php,GET,"Cookie:PHPSESSID=7ficmi53fn80h3alhbsb1d4pk3
Accept:text/html,application/xhtml+xml,application/xml;q=0.9,image/avif,image/webp,image/apng,*/*;q=0.8,application/signed-exchange;v=b3;q=0.9
User-Agent:Mozilla/5.0 (X11; Linux x86_64) AppleWebKit/537.36 (KHTML, like Gecko) Chrome/85.0.4183.102 Safari/537.36
Referer:http://web/
Upgrade-Insecure-Requests:1
",cf83e1357eefb8bdf1542850d66d8007d620e4050b5715dc83f4a921d36ce9ce47d0d13c5d85f2b0ff8318d2877eec2f63b931bd47417a81a538327af927da3e,"Keep-Alive:timeout=5, max=75
Server:Apache/2.4.7 (Ubuntu)
Connection:Keep-Alive
Pragma:no-cache
Date:Mon, 11 May 2026 20:41:12 GMT
Cache-Control:no-store, no-cache, must-revalidate, post-check=0, pre-check=0
Content-Encoding:gzip
Vary:Accept-Encoding
Expires:Thu, 19 Nov 1981 08:52:00 GMT
Content-Length:1100
X-Powered-By:PHP/5.5.9-1ubuntu4.29
Content-Type:text/html
",af7711e57125eef725d42914a8822a0c22b19b64db0dba96f71215b3e4d5542c230f100d71a07fd4dbd65adea4fa265b26c588dce89f3366600d4758f42ebc97,200
http://web/,GET,"Cookie:PHPSESSID=7ficmi53fn80h3alhbsb1d4pk3
Accept:text/html,application/xhtml+xml,application/xml;q=0.9,image/avif,image/webp,image/apng,*/*;q=0.8,application/signed-exchange;v=b3;q=0.9
User-Agent:Mozilla/5.0 (X11; Linux x86_64) AppleWebKit/537.36 (KHTML, like Gecko) Chrome/85.0.4183.102 Safari/537.36
Upgrade-Insecure-Requests:1
",cf83e1357eefb8bdf1542850d66d8007d620e4050b5715dc83f4a921d36ce9ce47d0d13c5d85f2b0ff8318d2877eec2f63b931bd47417a81a538327af927da3e,"Keep-Alive:timeout=5, max=6
Server:Apache/2.4.7 (Ubuntu)
Connection:Keep-Alive
Pragma:no-cache
Date:Mon, 11 May 2026 20:43:20 GMT
Cache-Control:no-store, no-cache, must-revalidate, post-check=0, pre-check=0
Content-Encoding:gzip
Vary:Accept-Encoding
Expires:Thu, 19 Nov 1981 08:52:00 GMT
Content-Length:1284
X-Powered-By:PHP/5.5.9-1ubuntu4.29
Content-Type:text/html
",1ae8cca16bf2f755615a05061e09e2c24fdfb38eab41cdb64b3be7518c4008de6512464e692221647cf4741cea5276f7e1cfc1d0d9c1208ca6c5e97678f52410,200
http://web/guestbook.php,GET,"Cookie:PHPSESSID=7ficmi53fn80h3alhbsb1d4pk3
Accept:text/html,application/xhtml+xml,application/xml;q=0.9,image/avif,image/webp,image/apng,*/*;q=0.8,application/signed-exchange;v=b3;q=0.9
User-Agent:Mozilla/5.0 (X11; Linux x86_64) AppleWebKit/537.36 (KHTML, like Gecko) Chrome/85.0.4183.102 Safari/537.36
Referer:http://web/calendar.php?date=1778791447
Upgrade-Insecure-Requests:1
",cf83e1357eefb8bdf1542850d66d8007d620e4050b5715dc83f4a921d36ce9ce47d0d13c5d85f2b0ff8318d2877eec2f63b931bd47417a81a538327af927da3e,"Keep-Alive:timeout=5, max=34
Server:Apache/2.4.7 (Ubuntu)
Connection:Keep-Alive
Pragma:no-cache
Date:Mon, 11 May 2026 20:44:09 GMT
Cache-Control:no-store, no-cache, must-revalidate, post-check=0, pre-check=0
Content-Encoding:gzip
Vary:Accept-Encoding
Expires:Thu, 19 Nov 1981 08:52:00 GMT
Content-Length:999
X-Powered-By:PHP/5.5.9-1ubuntu4.29
Content-Type:text/html
",d797e272aaeed9e134322cd6e2af9eb4d012352cefab7e41da0c425797880d6a40f4552104957bf735c97f0d46d2752fec64b4be5d36983c496d0adc82bd392c,200
http://web/,GET,"Cookie:PHPSESSID=7ficmi53fn80h3alhbsb1d4pk3
Accept:text/html,application/xhtml+xml,application/xml;q=0.9,image/avif,image/webp,image/apng,*/*;q=0.8,application/signed-exchange;v=b3;q=0.9
User-Agent:Mozilla/5.0 (X11; Linux x86_64) AppleWebKit/537.36 (KHTML, like Gecko) Chrome/85.0.4183.102 Safari/537.36
Referer:http://web/calendar.php?date=1778618528
Upgrade-Insecure-Requests:1
",cf83e1357eefb8bdf1542850d66d8007d620e4050b5715dc83f4a921d36ce9ce47d0d13c5d85f2b0ff8318d2877eec2f63b931bd47417a81a538327af927da3e,"Keep-Alive:timeout=5, max=100
Server:Apache/2.4.7 (Ubuntu)
Connection:Keep-Alive
Pragma:no-cache
Date:Mon, 11 May 2026 20:42:10 GMT
Cache-Control:no-store, no-cache, must-revalidate, post-check=0, pre-check=0
Content-Encoding:gzip
Vary:Accept-Encoding
Expires:Thu, 19 Nov 1981 08:52:00 GMT
Content-Length:1283
X-Powered-By:PHP/5.5.9-1ubuntu4.29
Content-Type:text/html
",e81f932a802c9b61b8204293a118998a4f0bbf3aadba60eae72c1d5ecb48265834666e6a3b3b6650c23a316968d70d7484bc614bbb7ac48afd1cd86fc7a2b4b1,200
http://web/tos.php,GET,"Cookie:PHPSESSID=7ficmi53fn80h3alhbsb1d4pk3
Accept:text/html,application/xhtml+xml,application/xml;q=0.9,image/avif,image/webp,image/apng,*/*;q=0.8,application/signed-exchange;v=b3;q=0.9
User-Agent:Mozilla/5.0 (X11; Linux x86_64) AppleWebKit/537.36 (KHTML, like Gecko) Chrome/85.0.4183.102 Safari/537.36
Referer:http://web/calendar.php?date=1778705030
Upgrade-Insecure-Requests:1
",cf83e1357eefb8bdf1542850d66d8007d620e4050b5715dc83f4a921d36ce9ce47d0d13c5d85f2b0ff8318d2877eec2f63b931bd47417a81a538327af927da3e,"Keep-Alive:timeout=5, max=60
Server:Apache/2.4.7 (Ubuntu)
Connection:Keep-Alive
Pragma:no-cache
Date:Mon, 11 May 2026 20:43:52 GMT
Cache-Control:no-store, no-cache, must-revalidate, post-check=0, pre-check=0
Content-Encoding:gzip
Vary:Accept-Encoding
Expires:Thu, 19 Nov 1981 08:52:00 GMT
Content-Length:10227
X-Powered-By:PHP/5.5.9-1ubuntu4.29
Content-Type:text/html
",282452014c4a73c75eb3d53b5bce1d2d78552940a099fa9d7a405deab37381887571cc8732190b50f86498aa9956fe8f4e9d64f54f59a8f0d912631180c07bbf,200
http://web/pictures/recent.php,GET,"Cookie:PHPSESSID=7ficmi53fn80h3alhbsb1d4pk3
Accept:text/html,application/xhtml+xml,application/xml;q=0.9,image/avif,image/webp,image/apng,*/*;q=0.8,application/signed-exchange;v=b3;q=0.9
User-Agent:Mozilla/5.0 (X11; Linux x86_64) AppleWebKit/537.36 (KHTML, like Gecko) Chrome/85.0.4183.102 Safari/537.36
Referer:http://web/guestbook.php
Upgrade-Insecure-Requests:1
",cf83e1357eefb8bdf1542850d66d8007d620e4050b5715dc83f4a921d36ce9ce47d0d13c5d85f2b0ff8318d2877eec2f63b931bd47417a81a538327af927da3e,"Keep-Alive:timeout=5, max=98
Server:Apache/2.4.7 (Ubuntu)
Connection:Keep-Alive
Pragma:no-cache
Date:Mon, 11 May 2026 20:40:53 GMT
Cache-Control:no-store, no-cache, must-revalidate, post-check=0, pre-check=0
Content-Encoding:gzip
Vary:Accept-Encoding
Expires:Thu, 19 Nov 1981 08:52:00 GMT
Content-Length:1087
X-Powered-By:PHP/5.5.9-1ubuntu4.29
Content-Type:text/html
",a9ea0fd02205ccb664f31bd73376eca72c2e3ee732c8384ac8a0aaf149fd1eb140f4ef7e47dbf7d1a999da8fe20aca7a48603a5e81bb4243af50cef89e1f9191,200
http://web/upload/flowers/flowers.128_128.jpg,GET,"Cookie:PHPSESSID=7ficmi53fn80h3alhbsb1d4pk3
Accept:image/avif,image/webp,image/apng,image/*,*/*;q=0.8
User-Agent:Mozilla/5.0 (X11; Linux x86_64) AppleWebKit/537.36 (KHTML, like Gecko) Chrome/85.0.4183.102 Safari/537.36
Referer:http://web/pictures/recent.php
",cf83e1357eefb8bdf1542850d66d8007d620e4050b5715dc83f4a921d36ce9ce47d0d13c5d85f2b0ff8318d2877eec2f63b931bd47417a81a538327af927da3e,"Server:Apache/2.4.7 (Ubuntu)
Last-Modified:Thu, 02 Feb 2017 22:24:09 GMT
Date:Mon, 11 May 2026 20:39:39 GMT
Accept-Ranges:bytes
ETag:""3c3d-547939fb8b440""
Content-Length:15421
Content-Type:image/jpeg
",3582ed1354c33d3f042461e0f766e5a7dcffac105b0b153a6c31ce83abf5b5914714203850b1066d6a97bf901925ce573d549ebdc47272138324ba8f2dbb00d7,200
http://web/,GET,"Cookie:PHPSESSID=7ficmi53fn80h3alhbsb1d4pk3
Accept:text/html,application/xhtml+xml,application/xml;q=0.9,image/avif,image/webp,image/apng,*/*;q=0.8,application/signed-exchange;v=b3;q=0.9
User-Agent:Mozilla/5.0 (X11; Linux x86_64) AppleWebKit/537.36 (KHTML, like Gecko) Chrome/85.0.4183.102 Safari/537.36
Upgrade-Insecure-Requests:1
",cf83e1357eefb8bdf1542850d66d8007d620e4050b5715dc83f4a921d36ce9ce47d0d13c5d85f2b0ff8318d2877eec2f63b931bd47417a81a538327af927da3e,"Keep-Alive:timeout=5, max=93
Server:Apache/2.4.7 (Ubuntu)
Connection:Keep-Alive
Pragma:no-cache
Date:Mon, 11 May 2026 20:40:58 GMT
Cache-Control:no-store, no-cache, must-revalidate, post-check=0, pre-check=0
Content-Encoding:gzip
Vary:Accept-Encoding
Expires:Thu, 19 Nov 1981 08:52:00 GMT
Content-Length:1284
X-Powered-By:PHP/5.5.9-1ubuntu4.29
Content-Type:text/html
",e91b47b8a588a8e9dff59f99f5e56d3916cf00f266e33a494e9255736eccd69b179551494d919924fad3a9d633f61400ee856a98e24dedaef4bd578d41a45242,200
http://web/passcheck.php,GET,"Cookie:PHPSESSID=7ficmi53fn80h3alhbsb1d4pk3
Accept:text/html,application/xhtml+xml,application/xml;q=0.9,image/avif,image/webp,image/apng,*/*;q=0.8,application/signed-exchange;v=b3;q=0.9
User-Agent:Mozilla/5.0 (X11; Linux x86_64) AppleWebKit/537.36 (KHTML, like Gecko) Chrome/85.0.4183.102 Safari/537.36
Referer:http://web/users/register.php
Upgrade-Insecure-Requests:1
",cf83e1357eefb8bdf1542850d66d8007d620e4050b5715dc83f4a921d36ce9ce47d0d13c5d85f2b0ff8318d2877eec2f63b931bd47417a81a538327af927da3e,"Keep-Alive:timeout=5, max=51
Server:Apache/2.4.7 (Ubuntu)
Connection:Keep-Alive
Pragma:no-cache
Date:Mon, 11 May 2026 20:42:47 GMT
Cache-Control:no-store, no-cache, must-revalidate, post-check=0, pre-check=0
Content-Encoding:gzip
Vary:Accept-Encoding
Expires:Thu, 19 Nov 1981 08:52:00 GMT
Content-Length:927
X-Powered-By:PHP/5.5.9-1ubuntu4.29
Content-Type:text/html
",20fe80448052b22fde7a69d62ce73ca45acee9c0c91b1e964b9dd3948c248eb181fef90b31b58aeaefa963aa0c653211e03e146906dd271323b7b9f5ec7d0703,200
http://web/users/register.php,GET,"Cookie:PHPSESSID=7ficmi53fn80h3alhbsb1d4pk3
Accept:text/html,application/xhtml+xml,application/xml;q=0.9,image/avif,image/webp,image/apng,*/*;q=0.8,application/signed-exchange;v=b3;q=0.9
User-Agent:Mozilla/5.0 (X11; Linux x86_64) AppleWebKit/537.36 (KHTML, like Gecko) Chrome/85.0.4183.102 Safari/537.36
Referer:http://web/
Upgrade-Insecure-Requests:1
",cf83e1357eefb8bdf1542850d66d8007d620e4050b5715dc83f4a921d36ce9ce47d0d13c5d85f2b0ff8318d2877eec2f63b931bd47417a81a538327af927da3e,"Keep-Alive:timeout=5, max=60
Server:Apache/2.4.7 (Ubuntu)
Connection:Keep-Alive
Pragma:no-cache
Date:Mon, 11 May 2026 20:42:40 GMT
Cache-Control:no-store, no-cache, must-revalidate, post-check=0, pre-check=0
Content-Encoding:gzip
Vary:Accept-Encoding
Expires:Thu, 19 Nov 1981 08:52:00 GMT
Content-Length:1101
X-Powered-By:PHP/5.5.9-1ubuntu4.29
Content-Type:text/html
",941ed5424b31ff16611c0cc9b9b46a920f25992ab21d48b281f1e4ddd6e46208d4f0420bcedff631cef8b06068eab79d3065223426751440cf73d1de453567d1,200
http://web/calendar.php?date=1778618634,GET,"Cookie:PHPSESSID=7ficmi53fn80h3alhbsb1d4pk3
Accept:text/html,application/xhtml+xml,application/xml;q=0.9,image/avif,image/webp,image/apng,*/*;q=0.8,application/signed-exchange;v=b3;q=0.9
User-Agent:Mozilla/5.0 (X11; Linux x86_64) AppleWebKit/537.36 (KHTML, like Gecko) Chrome/85.0.4183.102 Safari/537.36
Referer:http://web/calendar.php
Upgrade-Insecure-Requests:1
",cf83e1357eefb8bdf1542850d66d8007d620e4050b5715dc83f4a921d36ce9ce47d0d13c5d85f2b0ff8318d2877eec2f63b931bd47417a81a538327af927da3e,"Keep-Alive:timeout=5, max=57
Server:Apache/2.4.7 (Ubuntu)
Connection:Keep-Alive
Pragma:no-cache
Date:Mon, 11 May 2026 20:43:55 GMT
Cache-Control:no-store, no-cache, must-revalidate, post-check=0, pre-check=0
Content-Encoding:gzip
Vary:Accept-Encoding
Expires:Thu, 19 Nov 1981 08:52:00 GMT
Content-Length:945
X-Powered-By:PHP/5.5.9-1ubuntu4.29
Content-Type:text/html
",4abf71f680db98c0fc473891b2fa5567638694e50c71a8234e5decad1e4ed54c2e1b5c9f84e8b67d43c233f49169463e998dbb166b76cc87cc40ed7239f35f85,200
http://web/users/login.php,GET,"Cookie:PHPSESSID=7ficmi53fn80h3alhbsb1d4pk3
Accept:text/html,application/xhtml+xml,application/xml;q=0.9,image/avif,image/webp,image/apng,*/*;q=0.8,application/signed-exchange;v=b3;q=0.9
User-Agent:Mozilla/5.0 (X11; Linux x86_64) AppleWebKit/537.36 (KHTML, like Gecko) Chrome/85.0.4183.102 Safari/537.36
Referer:http://web/pictures/recent.php
Upgrade-Insecure-Requests:1
",cf83e1357eefb8bdf1542850d66d8007d620e4050b5715dc83f4a921d36ce9ce47d0d13c5d85f2b0ff8318d2877eec2f63b931bd47417a81a538327af927da3e,"Keep-Alive:timeout=5, max=19
Server:Apache/2.4.7 (Ubuntu)
Connection:Keep-Alive
Pragma:no-cache
Date:Mon, 11 May 2026 20:40:38 GMT
Cache-Control:no-store, no-cache, must-revalidate, post-check=0, pre-check=0
Content-Encoding:gzip
Vary:Accept-Encoding
Expires:Thu, 19 Nov 1981 08:52:00 GMT
Content-Length:976
X-Powered-By:PHP/5.5.9-1ubuntu4.29
Content-Type:text/html
",f93c45684fd7c48166317db4dc1b4a880ecb4c5c5db268a66a8585302fff5f95c9ef69c2b284d2cf41e501db4871b5decb2030ab9ce8351f5c7a03c3a6ee9109,200
http://web/pictures/recent.php,GET,"Cookie:PHPSESSID=7ficmi53fn80h3alhbsb1d4pk3
Accept:text/html,application/xhtml+xml,application/xml;q=0.9,image/avif,image/webp,image/apng,*/*;q=0.8,application/signed-exchange;v=b3;q=0.9
User-Agent:Mozilla/5.0 (X11; Linux x86_64) AppleWebKit/537.36 (KHTML, like Gecko) Chrome/85.0.4183.102 Safari/537.36
Referer:http://web/
Upgrade-Insecure-Requests:1
",cf83e1357eefb8bdf1542850d66d8007d620e4050b5715dc83f4a921d36ce9ce47d0d13c5d85f2b0ff8318d2877eec2f63b931bd47417a81a538327af927da3e,"Keep-Alive:timeout=5, max=9
Server:Apache/2.4.7 (Ubuntu)
Connection:Keep-Alive
Pragma:no-cache
Date:Mon, 11 May 2026 20:40:45 GMT
Cache-Control:no-store, no-cache, must-revalidate, post-check=0, pre-check=0
Content-Encoding:gzip
Vary:Accept-Encoding
Expires:Thu, 19 Nov 1981 08:52:00 GMT
Content-Length:1088
X-Powered-By:PHP/5.5.9-1ubuntu4.29
Content-Type:text/html
",cfb290fe0a19ca64b9ae6e47d4f241067e958b4e07f97db78b606fe2270698ff258061614ea0ef02f7ad8e90a67748eb66eab35d278bb2727a9dcaa5cdde5c51,200
http://web/,GET,"Cookie:PHPSESSID=7ficmi53fn80h3alhbsb1d4pk3
Accept:text/html,application/xhtml+xml,application/xml;q=0.9,image/avif,image/webp,image/apng,*/*;q=0.8,application/signed-exchange;v=b3;q=0.9
User-Agent:Mozilla/5.0 (X11; Linux x86_64) AppleWebKit/537.36 (KHTML, like Gecko) Chrome/85.0.4183.102 Safari/537.36
Upgrade-Insecure-Requests:1
",cf83e1357eefb8bdf1542850d66d8007d620e4050b5715dc83f4a921d36ce9ce47d0d13c5d85f2b0ff8318d2877eec2f63b931bd47417a81a538327af927da3e,"Keep-Alive:timeout=5, max=42
Server:Apache/2.4.7 (Ubuntu)
Connection:Keep-Alive
Pragma:no-cache
Date:Mon, 11 May 2026 20:40:24 GMT
Cache-Control:no-store, no-cache, must-revalidate, post-check=0, pre-check=0
Content-Encoding:gzip
Vary:Accept-Encoding
Expires:Thu, 19 Nov 1981 08:52:00 GMT
Content-Length:1283
X-Powered-By:PHP/5.5.9-1ubuntu4.29
Content-Type:text/html
",c674a2414539e66ebfb2cc7fc1e420265d718b9910bcefd730124a013a4a0f3aacfc4dfd8065033e46d16f3d31f05fb40524c8192c755a063e3949b98f728403,200
http://web/calendar.php?date=1778618608,GET,"Cookie:PHPSESSID=7ficmi53fn80h3alhbsb1d4pk3
Accept:text/html,application/xhtml+xml,application/xml;q=0.9,image/avif,image/webp,image/apng,*/*;q=0.8,application/signed-exchange;v=b3;q=0.9
User-Agent:Mozilla/5.0 (X11; Linux x86_64) AppleWebKit/537.36 (KHTML, like Gecko) Chrome/85.0.4183.102 Safari/537.36
Referer:http://web/calendar.php
Upgrade-Insecure-Requests:1
",cf83e1357eefb8bdf1542850d66d8007d620e4050b5715dc83f4a921d36ce9ce47d0d13c5d85f2b0ff8318d2877eec2f63b931bd47417a81a538327af927da3e,"Keep-Alive:timeout=5, max=93
Server:Apache/2.4.7 (Ubuntu)
Connection:Keep-Alive
Pragma:no-cache
Date:Mon, 11 May 2026 20:43:29 GMT
Cache-Control:no-store, no-cache, must-revalidate, post-check=0, pre-check=0
Content-Encoding:gzip
Vary:Accept-Encoding
Expires:Thu, 19 Nov 1981 08:52:00 GMT
Content-Length:945
X-Powered-By:PHP/5.5.9-1ubuntu4.29
Content-Type:text/html
",c3c1ff8271e49e1dd5443122e7a3a94f98d845a737f9536127640b79b9105d135e376c23d576c8cdf7887a4948ab9ff7c1ca2dd5a2371bbb8e3e038d61f470d4,200
http://web/,GET,"Cookie:PHPSESSID=7ficmi53fn80h3alhbsb1d4pk3
Accept:text/html,application/xhtml+xml,application/xml;q=0.9,image/avif,image/webp,image/apng,*/*;q=0.8,application/signed-exchange;v=b3;q=0.9
User-Agent:Mozilla/5.0 (X11; Linux x86_64) AppleWebKit/537.36 (KHTML, like Gecko) Chrome/85.0.4183.102 Safari/537.36
Upgrade-Insecure-Requests:1
",cf83e1357eefb8bdf1542850d66d8007d620e4050b5715dc83f4a921d36ce9ce47d0d13c5d85f2b0ff8318d2877eec2f63b931bd47417a81a538327af927da3e,"Keep-Alive:timeout=5, max=71
Server:Apache/2.4.7 (Ubuntu)
Connection:Keep-Alive
Pragma:no-cache
Date:Mon, 11 May 2026 20:40:04 GMT
Cache-Control:no-store, no-cache, must-revalidate, post-check=0, pre-check=0
Content-Encoding:gzip
Vary:Accept-Encoding
Expires:Thu, 19 Nov 1981 08:52:00 GMT
Content-Length:1284
X-Powered-By:PHP/5.5.9-1ubuntu4.29
Content-Type:text/html
",b91e27cf68a87dd506357a306a9485fd377d1dac64bd950d41301a418cda75bad6b1ae0da7dfb0e0c3d60238891fb26d6b965b301935c97dcc3705c83c82b736,200
http://web/guestbook.php,GET,"Cookie:PHPSESSID=7ficmi53fn80h3alhbsb1d4pk3
Accept:text/html,application/xhtml+xml,application/xml;q=0.9,image/avif,image/webp,image/apng,*/*;q=0.8,application/signed-exchange;v=b3;q=0.9
User-Agent:Mozilla/5.0 (X11; Linux x86_64) AppleWebKit/537.36 (KHTML, like Gecko) Chrome/85.0.4183.102 Safari/537.36
Referer:http://web/pictures/recent.php
Upgrade-Insecure-Requests:1
",cf83e1357eefb8bdf1542850d66d8007d620e4050b5715dc83f4a921d36ce9ce47d0d13c5d85f2b0ff8318d2877eec2f63b931bd47417a81a538327af927da3e,"Keep-Alive:timeout=5, max=52
Server:Apache/2.4.7 (Ubuntu)
Connection:Keep-Alive
Pragma:no-cache
Date:Mon, 11 May 2026 20:40:17 GMT
Cache-Control:no-store, no-cache, must-revalidate, post-check=0, pre-check=0
Content-Encoding:gzip
Vary:Accept-Encoding
Expires:Thu, 19 Nov 1981 08:52:00 GMT
Content-Length:998
X-Powered-By:PHP/5.5.9-1ubuntu4.29
Content-Type:text/html
",197c209ace738083adca860e7472413258c5ce89c27c008b6b70ae52aec2e32725cb168d53851ba2bde2816f85576b1c04f30e92018ee984258851e61c5ea640,200
http://web/,GET,"Cookie:PHPSESSID=7ficmi53fn80h3alhbsb1d4pk3
Accept:text/html,application/xhtml+xml,application/xml;q=0.9,image/avif,image/webp,image/apng,*/*;q=0.8,application/signed-exchange;v=b3;q=0.9
User-Agent:Mozilla/5.0 (X11; Linux x86_64) AppleWebKit/537.36 (KHTML, like Gecko) Chrome/85.0.4183.102 Safari/537.36
Upgrade-Insecure-Requests:1
",cf83e1357eefb8bdf1542850d66d8007d620e4050b5715dc83f4a921d36ce9ce47d0d13c5d85f2b0ff8318d2877eec2f63b931bd47417a81a538327af927da3e,"Keep-Alive:timeout=5, max=40
Server:Apache/2.4.7 (Ubuntu)
Connection:Keep-Alive
Pragma:no-cache
Date:Mon, 11 May 2026 20:42:55 GMT
Cache-Control:no-store, no-cache, must-revalidate, post-check=0, pre-check=0
Content-Encoding:gzip
Vary:Accept-Encoding
Expires:Thu, 19 Nov 1981 08:52:00 GMT
Content-Length:1283
X-Powered-By:PHP/5.5.9-1ubuntu4.29
Content-Type:text/html
",6257ee67e081a38fd8840cbc48a7498c86c14d8d4607a6370442a8c82ff678ce97ee1b1f29798e50eda719f7fe88cb4747b03c7ed6643ef38459f97aa6a0b458,200
http://web/,GET,"Cookie:PHPSESSID=7ficmi53fn80h3alhbsb1d4pk3
Accept:text/html,application/xhtml+xml,application/xml;q=0.9,image/avif,image/webp,image/apng,*/*;q=0.8,application/signed-exchange;v=b3;q=0.9
User-Agent:Mozilla/5.0 (X11; Linux x86_64) AppleWebKit/537.36 (KHTML, like Gecko) Chrome/85.0.4183.102 Safari/537.36
Upgrade-Insecure-Requests:1
",cf83e1357eefb8bdf1542850d66d8007d620e4050b5715dc83f4a921d36ce9ce47d0d13c5d85f2b0ff8318d2877eec2f63b931bd47417a81a538327af927da3e,"Keep-Alive:timeout=5, max=74
Server:Apache/2.4.7 (Ubuntu)
Connection:Keep-Alive
Pragma:no-cache
Date:Mon, 11 May 2026 20:43:42 GMT
Cache-Control:no-store, no-cache, must-revalidate, post-check=0, pre-check=0
Content-Encoding:gzip
Vary:Accept-Encoding
Expires:Thu, 19 Nov 1981 08:52:00 GMT
Content-Length:1283
X-Powered-By:PHP/5.5.9-1ubuntu4.29
Content-Type:text/html
",81344e1ed13418dda9a0b189f57d43772a693eb6b27288a251f5f003ff10a317d71f933859aab678cdb2fc431478763b9e5ebb4a7b103d4011d8a0c9704dca0d,200
http://web/css/blueprint/screen.css,GET,"Cookie:PHPSESSID=7ficmi53fn80h3alhbsb1d4pk3
Accept:text/css,*/*;q=0.1
User-Agent:Mozilla/5.0 (X11; Linux x86_64) AppleWebKit/537.36 (KHTML, like Gecko) Chrome/85.0.4183.102 Safari/537.36
Referer:http://web/tos.php
",cf83e1357eefb8bdf1542850d66d8007d620e4050b5715dc83f4a921d36ce9ce47d0d13c5d85f2b0ff8318d2877eec2f63b931bd47417a81a538327af927da3e,"Server:Apache/2.4.7 (Ubuntu)
Last-Modified:Thu, 02 Feb 2017 22:24:09 GMT
Date:Mon, 11 May 2026 20:39:28 GMT
Accept-Ranges:bytes
ETag:""24c7-547939fb8b440-gzip""
Content-Encoding:gzip
Vary:Accept-Encoding
Content-Length:2682
Content-Type:text/css
",c0995dbb8c323ef465d8cc5d7b640b1a5435beb529b0c6e55594b1c0f3db66e859d23f70cfe8d93285234e722d677fca7c8887bee81a636881b2f91f221f976e,200
http://web/users/home.php,GET,"Cookie:PHPSESSID=7ficmi53fn80h3alhbsb1d4pk3
Accept:text/html,application/xhtml+xml,application/xml;q=0.9,image/avif,image/webp,image/apng,*/*;q=0.8,application/signed-exchange;v=b3;q=0.9
User-Agent:Mozilla/5.0 (X11; Linux x86_64) AppleWebKit/537.36 (KHTML, like Gecko) Chrome/85.0.4183.102 Safari/537.36
Referer:http://web/
Upgrade-Insecure-Requests:1
",cf83e1357eefb8bdf1542850d66d8007d620e4050b5715dc83f4a921d36ce9ce47d0d13c5d85f2b0ff8318d2877eec2f63b931bd47417a81a538327af927da3e,"Keep-Alive:timeout=5, max=95
Server:Apache/2.4.7 (Ubuntu)
Connection:Keep-Alive
Pragma:no-cache
Date:Mon, 11 May 2026 20:39:32 GMT
Cache-Control:no-store, no-cache, must-revalidate, post-check=0, pre-check=0
Expires:Thu, 19 Nov 1981 08:52:00 GMT
Content-Length:41
X-Powered-By:PHP/5.5.9-1ubuntu4.29
Location:/users/login.php
Content-Type:text/html
",cf83e1357eefb8bdf1542850d66d8007d620e4050b5715dc83f4a921d36ce9ce47d0d13c5d85f2b0ff8318d2877eec2f63b931bd47417a81a538327af927da3e,303
http://web/pictures/recent.php,GET,"Cookie:PHPSESSID=7ficmi53fn80h3alhbsb1d4pk3
Accept:text/html,application/xhtml+xml,application/xml;q=0.9,image/avif,image/webp,image/apng,*/*;q=0.8,application/signed-exchange;v=b3;q=0.9
User-Agent:Mozilla/5.0 (X11; Linux x86_64) AppleWebKit/537.36 (KHTML, like Gecko) Chrome/85.0.4183.102 Safari/537.36
Referer:http://web/
Upgrade-Insecure-Requests:1
",cf83e1357eefb8bdf1542850d66d8007d620e4050b5715dc83f4a921d36ce9ce47d0d13c5d85f2b0ff8318d2877eec2f63b931bd47417a81a538327af927da3e,"Keep-Alive:timeout=5, max=58
Server:Apache/2.4.7 (Ubuntu)
Connection:Keep-Alive
Pragma:no-cache
Date:Mon, 11 May 2026 20:40:13 GMT
Cache-Control:no-store, no-cache, must-revalidate, post-check=0, pre-check=0
Content-Encoding:gzip
Vary:Accept-Encoding
Expires:Thu, 19 Nov 1981 08:52:00 GMT
Content-Length:1088
X-Powered-By:PHP/5.5.9-1ubuntu4.29
Content-Type:text/html
",1159528ea76d8073da27954775b9d06c8384d96e201cf1c75a8fccfe4323e7826344a045f55de069f0ae4bbade2deaf65fb86849b075ab6c1640c08ebaa1dafb,200
http://web/passcheck.php,GET,"Cookie:PHPSESSID=7ficmi53fn80h3alhbsb1d4pk3
Accept:text/html,application/xhtml+xml,application/xml;q=0.9,image/avif,image/webp,image/apng,*/*;q=0.8,application/signed-exchange;v=b3;q=0.9
User-Agent:Mozilla/5.0 (X11; Linux x86_64) AppleWebKit/537.36 (KHTML, like Gecko) Chrome/85.0.4183.102 Safari/537.36
Referer:http://web/users/register.php
Upgrade-Insecure-Requests:1
",cf83e1357eefb8bdf1542850d66d8007d620e4050b5715dc83f4a921d36ce9ce47d0d13c5d85f2b0ff8318d2877eec2f63b931bd47417a81a538327af927da3e,"Keep-Alive:timeout=5, max=67
Server:Apache/2.4.7 (Ubuntu)
Connection:Keep-Alive
Pragma:no-cache
Date:Mon, 11 May 2026 20:42:35 GMT
Cache-Control:no-store, no-cache, must-revalidate, post-check=0, pre-check=0
Content-Encoding:gzip
Vary:Accept-Encoding
Expires:Thu, 19 Nov 1981 08:52:00 GMT
Content-Length:928
X-Powered-By:PHP/5.5.9-1ubuntu4.29
Content-Type:text/html
",986302b2142b9946d5f6ca66f5fedcc11f5a299a4d2041ad912aa3b4b2fcd482ce0374eb55293da155650247b1d69494839b5cf74626c336819c6e1238d85c58,200
http://web/users/login.php,GET,"Cookie:PHPSESSID=7ficmi53fn80h3alhbsb1d4pk3
Accept:text/html,application/xhtml+xml,application/xml;q=0.9,image/avif,image/webp,image/apng,*/*;q=0.8,application/signed-exchange;v=b3;q=0.9
User-Agent:Mozilla/5.0 (X11; Linux x86_64) AppleWebKit/537.36 (KHTML, like Gecko) Chrome/85.0.4183.102 Safari/537.36
Referer:http://web/users/login.php
Upgrade-Insecure-Requests:1
",cf83e1357eefb8bdf1542850d66d8007d620e4050b5715dc83f4a921d36ce9ce47d0d13c5d85f2b0ff8318d2877eec2f63b931bd47417a81a538327af927da3e,"Keep-Alive:timeout=5, max=87
Server:Apache/2.4.7 (Ubuntu)
Connection:Keep-Alive
Pragma:no-cache
Date:Mon, 11 May 2026 20:39:38 GMT
Cache-Control:no-store, no-cache, must-revalidate, post-check=0, pre-check=0
Content-Encoding:gzip
Vary:Accept-Encoding
Expires:Thu, 19 Nov 1981 08:52:00 GMT
Content-Length:977
X-Powered-By:PHP/5.5.9-1ubuntu4.29
Content-Type:text/html
",ddec184347d6e3336b918537e7afbef286cde8242180a51876efb2f8874b6bfeef455cf981fdea30def407bfa6bb401db301a0385ebba72591d88d91c5142bae,200
http://web/css/stylings.css,GET,"Cookie:PHPSESSID=7ficmi53fn80h3alhbsb1d4pk3
Accept:text/css,*/*;q=0.1
User-Agent:Mozilla/5.0 (X11; Linux x86_64) AppleWebKit/537.36 (KHTML, like Gecko) Chrome/85.0.4183.102 Safari/537.36
Referer:http://web/
",cf83e1357eefb8bdf1542850d66d8007d620e4050b5715dc83f4a921d36ce9ce47d0d13c5d85f2b0ff8318d2877eec2f63b931bd47417a81a538327af927da3e,"Keep-Alive:timeout=5, max=100
Server:Apache/2.4.7 (Ubuntu)
Connection:Keep-Alive
Last-Modified:Thu, 02 Feb 2017 22:24:09 GMT
Date:Mon, 11 May 2026 20:39:28 GMT
Accept-Ranges:bytes
ETag:""c29-547939fb8b440-gzip""
Content-Encoding:gzip
Vary:Accept-Encoding
Content-Length:838
Content-Type:text/css
",e6142d743628221ad60b6d12a0b444a077ed8ede2504b511ffffde908ffe459f09875b3901f9a63ec228906521c445248f9277e14f591205808d8dfc200df823,200
http://web/pictures/recent.php,GET,"Cookie:PHPSESSID=7ficmi53fn80h3alhbsb1d4pk3
Accept:text/html,application/xhtml+xml,application/xml;q=0.9,image/avif,image/webp,image/apng,*/*;q=0.8,application/signed-exchange;v=b3;q=0.9
User-Agent:Mozilla/5.0 (X11; Linux x86_64) AppleWebKit/537.36 (KHTML, like Gecko) Chrome/85.0.4183.102 Safari/537.36
Referer:http://web/calendar.php?date=1778618579
Upgrade-Insecure-Requests:1
",cf83e1357eefb8bdf1542850d66d8007d620e4050b5715dc83f4a921d36ce9ce47d0d13c5d85f2b0ff8318d2877eec2f63b931bd47417a81a538327af927da3e,"Keep-Alive:timeout=5, max=32
Server:Apache/2.4.7 (Ubuntu)
Connection:Keep-Alive
Pragma:no-cache
Date:Mon, 11 May 2026 20:43:00 GMT
Cache-Control:no-store, no-cache, must-revalidate, post-check=0, pre-check=0
Content-Encoding:gzip
Vary:Accept-Encoding
Expires:Thu, 19 Nov 1981 08:52:00 GMT
Content-Length:1088
X-Powered-By:PHP/5.5.9-1ubuntu4.29
Content-Type:text/html
",a59247c627b37b85227b01de0deb9b11fb4bf4d6e61a12ff76aaa7b876cb06b00dfd71f64fbddb4158677da3be01e023e67bdab464d58b9731cfff1fd2a63faf,200
http://web/upload/house/hodjjgld.128_128.jpg,GET,"Cookie:PHPSESSID=7ficmi53fn80h3alhbsb1d4pk3
Accept:image/avif,image/webp,image/apng,image/*,*/*;q=0.8
User-Agent:Mozilla/5.0 (X11; Linux x86_64) AppleWebKit/537.36 (KHTML, like Gecko) Chrome/85.0.4183.102 Safari/537.36
Referer:http://web/pictures/recent.php
",cf83e1357eefb8bdf1542850d66d8007d620e4050b5715dc83f4a921d36ce9ce47d0d13c5d85f2b0ff8318d2877eec2f63b931bd47417a81a538327af927da3e,"Server:Apache/2.4.7 (Ubuntu)
Last-Modified:Thu, 02 Feb 2017 22:24:09 GMT
Date:Mon, 11 May 2026 20:39:39 GMT
Accept-Ranges:bytes
ETag:""2f6e-547939fb8b440""
Content-Length:12142
Content-Type:image/jpeg
",d78d726ba03cd4ab6cfb2ff024e33ec7f851cdd7cf3389acb2ab700df6399122ee3bc74dc664abba8ea40f4d49e5c03e3def6eae872504e6aba993ed1b3b2fc0,200
