url,method,req_headers,req_hash,resp_headers,resp_hash,status
http://web/,GET,"Cookie:PHPSESSID=bduljn3us8qcn51cj3fjjpbc43
Accept:text/html,application/xhtml+xml,application/xml;q=0.9,image/avif,image/webp,image/apng,*/*;q=0.8,application/signed-exchange;v=b3;q=0.9
User-Agent:Mozilla/5.0 (X11; Linux x86_64) AppleWebKit/537.36 (KHTML, like Gecko) Chrome/85.0.4183.102 Safari/537.36
Upgrade-Insecure-Requests:1
",cf83e1357eefb8bdf1542850d66d8007d620e4050b5715dc83f4a921d36ce9ce47d0d13c5d85f2b0ff8318d2877eec2f63b931bd47417a81a538327af927da3e,"Keep-Alive:timeout=5, max=4
Server:Apache/2.4.7 (Ubuntu)
Connection:Keep-Alive
Pragma:no-cache
Date:Mon, 11 May 2026 20:55:59 GMT
Cache-Control:no-store, no-cache, must-revalidate, post-check=0, pre-check=0
Content-Encoding:gzip
Vary:Accept-Encoding
Expires:Thu, 19 Nov 1981 08:52:00 GMT
Content-Length:1284
X-Powered-By:PHP/5.5.9-1ubuntu4.29
Content-Type:text/html
",f533d1b8ab05468af5ff5c7e12057ffc3e3a69a374712e05d1a0b8eaf30f466346fd59beb8b5524a12689f1b8a698ed9718dc0dcba2394d9f2356a6812adc7b3,200
http://web/tos.php,GET,"Cookie:PHPSESSID=bduljn3us8qcn51cj3fjjpbc43
Accept:text/html,application/xhtml+xml,application/xml;q=0.9,image/avif,image/webp,image/apng,*/*;q=0.8,application/signed-exchange;v=b3;q=0.9
User-Agent:Mozilla/5.0 (X11; Linux x86_64) AppleWebKit/537.36 (KHTML, like Gecko) Chrome/85.0.4183.102 Safari/537.36
Referer:http://web/calendar.php
Upgrade-Insecure-Requests:1
",cf83e1357eefb8bdf1542850d66d8007d620e4050b5715dc83f4a921d36ce9ce47d0d13c5d85f2b0ff8318d2877eec2f63b931bd47417a81a538327af927da3e,"Keep-Alive:timeout=5, max=29
Server:Apache/2.4.7 (Ubuntu)
Connection:Keep-Alive
Pragma:no-cache
Date:Mon, 11 May 2026 20:56:47 GMT
Cache-Control:no-store, no-cache, must-revalidate, post-check=0, pre-check=0
Content-Encoding:gzip
Vary:Accept-Encoding
Expires:Thu, 19 Nov 1981 08:52:00 GMT
Content-Length:10228
X-Powered-By:PHP/5.5.9-1ubuntu4.29
Content-Type:text/html
",fc9ac555f987cfbe022bed7fbc6afe1f405529fa7ad42576473179c893bb1e8b977ad053e9e0a9305a4ba1aa9eb06e206c0d003a672d71073cbdb0dba89cf85a,200
http://web/upload/house/My_House.128_128.jpg,GET,"Cookie:PHPSESSID=bduljn3us8qcn51cj3fjjpbc43
Accept:image/avif,image/webp,image/apng,image/*,*/*;q=0.8
User-Agent:Mozilla/5.0 (X11; Linux x86_64) AppleWebKit/537.36 (KHTML, like Gecko) Chrome/85.0.4183.102 Safari/537.36
Referer:http://web/pictures/recent.php
",cf83e1357eefb8bdf1542850d66d8007d620e4050b5715dc83f4a921d36ce9ce47d0d13c5d85f2b0ff8318d2877eec2f63b931bd47417a81a538327af927da3e,"Keep-Alive:timeout=5, max=99
Server:Apache/2.4.7 (Ubuntu)
Connection:Keep-Alive
Last-Modified:Thu, 02 Feb 2017 22:24:09 GMT
Date:Mon, 11 May 2026 20:55:14 GMT
Accept-Ranges:bytes
ETag:""359b-547939fb8b440""
Content-Length:13723
Content-Type:image/jpeg
",8c4f3e706b9e8b7f56594f846de689869eda70bf37f962ef75d26f1490ef415896dc9f7a3a8e5b263ccc541d9cd895f8851a47300c6d8ce6b7def2d21eb2bcde,200
http://web/,GET,"Cookie:PHPSESSID=bduljn3us8qcn51cj3fjjpbc43
Accept:text/html,application/xhtml+xml,application/xml;q=0.9,image/avif,image/webp,image/apng,*/*;q=0.8,application/signed-exchange;v=b3;q=0.9
User-Agent:Mozilla/5.0 (X11; Linux x86_64) AppleWebKit/537.36 (KHTML, like Gecko) Chrome/85.0.4183.102 Safari/537.36
Referer:http://web/users/register.php
Upgrade-Insecure-Requests:1
",cf83e1357eefb8bdf1542850d66d8007d620e4050b5715dc83f4a921d36ce9ce47d0d13c5d85f2b0ff8318d2877eec2f63b931bd47417a81a538327af927da3e,"Keep-Alive:timeout=5, max=70
Server:Apache/2.4.7 (Ubuntu)
Connection:Keep-Alive
Pragma:no-cache
Date:Mon, 11 May 2026 20:55:22 GMT
Cache-Control:no-store, no-cache, must-revalidate, post-check=0, pre-check=0
Content-Encoding:gzip
Vary:Accept-Encoding
Expires:Thu, 19 Nov 1981 08:52:00 GMT
Content-Length:1283
X-Powered-By:PHP/5.5.9-1ubuntu4.29
Content-Type:text/html
",9d8af218112a1ba63da2893c812a71b40237b37b68858ff437421b87b4c88a61946c8c456311fa1ea2c9c993833209a94485eee491144b2885f1bfb247dde457,200
http://web/calendar.php,GET,"Cookie:PHPSESSID=bduljn3us8qcn51cj3fjjpbc43
Accept:text/html,application/xhtml+xml,application/xml;q=0.9,image/avif,image/webp,image/apng,*/*;q=0.8,application/signed-exchange;v=b3;q=0.9
User-Agent:Mozilla/5.0 (X11; Linux x86_64) AppleWebKit/537.36 (KHTML, like Gecko) Chrome/85.0.4183.102 Safari/537.36
Referer:http://web/
Upgrade-Insecure-Requests:1
",cf83e1357eefb8bdf1542850d66d8007d620e4050b5715dc83f4a921d36ce9ce47d0d13c5d85f2b0ff8318d2877eec2f63b931bd47417a81a538327af927da3e,"Keep-Alive:timeout=5, max=46
Server:Apache/2.4.7 (Ubuntu)
Connection:Keep-Alive
Pragma:no-cache
Date:Mon, 11 May 2026 20:56:36 GMT
Cache-Control:no-store, no-cache, must-revalidate, post-check=0, pre-check=0
Content-Encoding:gzip
Vary:Accept-Encoding
Expires:Thu, 19 Nov 1981 08:52:00 GMT
Content-Length:944
X-Powered-By:PHP/5.5.9-1ubuntu4.29
Content-Type:text/html
",05d3fd2f530081f7b0e04f037bbbf649c52402bf8bc5a997f28a1fed78c2f3a53a6d6dd617e28da9f92e2c25a44505518f3c7f84df42afa09697ea22768ff630,200
http://web/calendar.php,GET,"Cookie:PHPSESSID=bduljn3us8qcn51cj3fjjpbc43
Accept:text/html,application/xhtml+xml,application/xml;q=0.9,image/avif,image/webp,image/apng,*/*;q=0.8,application/signed-exchange;v=b3;q=0.9
User-Agent:Mozilla/5.0 (X11; Linux x86_64) AppleWebKit/537.36 (KHTML, like Gecko) Chrome/85.0.4183.102 Safari/537.36
Referer:http://web/
Upgrade-Insecure-Requests:1
",cf83e1357eefb8bdf1542850d66d8007d620e4050b5715dc83f4a921d36ce9ce47d0d13c5d85f2b0ff8318d2877eec2f63b931bd47417a81a538327af927da3e,"Keep-Alive:timeout=5, max=56
Server:Apache/2.4.7 (Ubuntu)
Connection:Keep-Alive
Pragma:no-cache
Date:Mon, 11 May 2026 20:55:32 GMT
Cache-Control:no-store, no-cache, must-revalidate, post-check=0, pre-check=0
Content-Encoding:gzip
Vary:Accept-Encoding
Expires:Thu, 19 Nov 1981 08:52:00 GMT
Content-Length:944
X-Powered-By:PHP/5.5.9-1ubuntu4.29
Content-Type:text/html
",f7f807c34a11e0d431e3bff278be0229f9369bb5ac7dc032094264f37f0c61cd48f902f9ffe509c3ca576207a9f63d2bb9340fb1747495151ef4c813a816545d,200
http://web/,GET,"Cookie:PHPSESSID=bduljn3us8qcn51cj3fjjpbc43
Accept:text/html,application/xhtml+xml,application/xml;q=0.9,image/avif,image/webp,image/apng,*/*;q=0.8,application/signed-exchange;v=b3;q=0.9
User-Agent:Mozilla/5.0 (X11; Linux x86_64) AppleWebKit/537.36 (KHTML, like Gecko) Chrome/85.0.4183.102 Safari/537.36
Upgrade-Insecure-Requests:1
",cf83e1357eefb8bdf1542850d66d8007d620e4050b5715dc83f4a921d36ce9ce47d0d13c5d85f2b0ff8318d2877eec2f63b931bd47417a81a538327af927da3e,"Keep-Alive:timeout=5, max=57
Server:Apache/2.4.7 (Ubuntu)
Connection:Keep-Alive
Pragma:no-cache
Date:Mon, 11 May 2026 20:55:31 GMT
Cache-Control:no-store, no-cache, must-revalidate, post-check=0, pre-check=0
Content-Encoding:gzip
Vary:Accept-Encoding
Expires:Thu, 19 Nov 1981 08:52:00 GMT
Content-Length:1283
X-Powered-By:PHP/5.5.9-1ubuntu4.29
Content-Type:text/html
",9cdc8e918cd80dcb7cda7a9176aab3cbaa382458b62063ad765758f69ed2a268b206af82750c08e2863cb60ea6cff6bb5f5bc07c1fe1c41c315ed847269ca6b2,200
http://web/pictures/recent.php,GET,"Cookie:PHPSESSID=bduljn3us8qcn51cj3fjjpbc43
Accept:text/html,application/xhtml+xml,application/xml;q=0.9,image/avif,image/webp,image/apng,*/*;q=0.8,application/signed-exchange;v=b3;q=0.9
User-Agent:Mozilla/5.0 (X11; Linux x86_64) AppleWebKit/537.36 (KHTML, like Gecko) Chrome/85.0.4183.102 Safari/537.36
Referer:http://web/
Upgrade-Insecure-Requests:1
",cf83e1357eefb8bdf1542850d66d8007d620e4050b5715dc83f4a921d36ce9ce47d0d13c5d85f2b0ff8318d2877eec2f63b931bd47417a81a538327af927da3e,"Keep-Alive:timeout=5, max=7
Server:Apache/2.4.7 (Ubuntu)
Connection:Keep-Alive
Pragma:no-cache
Date:Mon, 11 May 2026 20:55:58 GMT
Cache-Control:no-store, no-cache, must-revalidate, post-check=0, pre-check=0
Content-Encoding:gzip
Vary:Accept-Encoding
Expires:Thu, 19 Nov 1981 08:52:00 GMT
Content-Length:1088
X-Powered-By:PHP/5.5.9-1ubuntu4.29
Content-Type:text/html
",5c8758f2a7bd73280400b92a144dae700f483fc4220c71f3bafcbef1d1dab417b19a9f7a9c2fde33f500669d3975600bdc2ed0977a535f38ee9d4b4e87803bb0,200
http://web/pictures/upload.php,GET,"Cookie:PHPSESSID=bduljn3us8qcn51cj3fjjpbc43
Accept:text/html,application/xhtml+xml,application/xml;q=0.9,image/avif,image/webp,image/apng,*/*;q=0.8,application/signed-exchange;v=b3;q=0.9
User-Agent:Mozilla/5.0 (X11; Linux x86_64) AppleWebKit/537.36 (KHTML, like Gecko) Chrome/85.0.4183.102 Safari/537.36
Referer:http://web/guestbook.php
Upgrade-Insecure-Requests:1
",cf83e1357eefb8bdf1542850d66d8007d620e4050b5715dc83f4a921d36ce9ce47d0d13c5d85f2b0ff8318d2877eec2f63b931bd47417a81a538327af927da3e,"Keep-Alive:timeout=5, max=41
Server:Apache/2.4.7 (Ubuntu)
Connection:Keep-Alive
Pragma:no-cache
Date:Mon, 11 May 2026 20:55:41 GMT
Cache-Control:no-store, no-cache, must-revalidate, post-check=0, pre-check=0
Expires:Thu, 19 Nov 1981 08:52:00 GMT
Content-Length:41
X-Powered-By:PHP/5.5.9-1ubuntu4.29
Location:/users/login.php
Content-Type:text/html
",cf83e1357eefb8bdf1542850d66d8007d620e4050b5715dc83f4a921d36ce9ce47d0d13c5d85f2b0ff8318d2877eec2f63b931bd47417a81a538327af927da3e,303
http://web/,GET,"Cookie:PHPSESSID=bduljn3us8qcn51cj3fjjpbc43
Accept:text/html,application/xhtml+xml,application/xml;q=0.9,image/avif,image/webp,image/apng,*/*;q=0.8,application/signed-exchange;v=b3;q=0.9
User-Agent:Mozilla/5.0 (X11; Linux x86_64) AppleWebKit/537.36 (KHTML, like Gecko) Chrome/85.0.4183.102 Safari/537.36
Upgrade-Insecure-Requests:1
",cf83e1357eefb8bdf1542850d66d8007d620e4050b5715dc83f4a921d36ce9ce47d0d13c5d85f2b0ff8318d2877eec2f63b931bd47417a81a538327af927da3e,"Keep-Alive:timeout=5, max=90
Server:Apache/2.4.7 (Ubuntu)
Connection:Keep-Alive
Pragma:no-cache
Date:Mon, 11 May 2026 20:56:08 GMT
Cache-Control:no-store, no-cache, must-revalidate, post-check=0, pre-check=0
Content-Encoding:gzip
Vary:Accept-Encoding
Expires:Thu, 19 Nov 1981 08:52:00 GMT
Content-Length:1285
X-Powered-By:PHP/5.5.9-1ubuntu4.29
Content-Type:text/html
",91d93d184d9742931477814d6013168cf300b34cf3c40488704806059e179f58c07a27ed4ab32b5f9d2d03eb128aa70ebc34c1ef790e43344a8addf8401f665b,200
http://web/,GET,"Cookie:PHPSESSID=bduljn3us8qcn51cj3fjjpbc43
Accept:text/html,application/xhtml+xml,application/xml;q=0.9,image/avif,image/webp,image/apng,*/*;q=0.8,application/signed-exchange;v=b3;q=0.9
User-Agent:Mozilla/5.0 (X11; Linux x86_64) AppleWebKit/537.36 (KHTML, like Gecko) Chrome/85.0.4183.102 Safari/537.36
Upgrade-Insecure-Requests:1
",cf83e1357eefb8bdf1542850d66d8007d620e4050b5715dc83f4a921d36ce9ce47d0d13c5d85f2b0ff8318d2877eec2f63b931bd47417a81a538327af927da3e,"Keep-Alive:timeout=5, max=45
Server:Apache/2.4.7 (Ubuntu)
Connection:Keep-Alive
Pragma:no-cache
Date:Mon, 11 May 2026 20:55:38 GMT
Cache-Control:no-store, no-cache, must-revalidate, post-check=0, pre-check=0
Content-Encoding:gzip
Vary:Accept-Encoding
Expires:Thu, 19 Nov 1981 08:52:00 GMT
Content-Length:1283
X-Powered-By:PHP/5.5.9-1ubuntu4.29
Content-Type:text/html
",a2fca04f83b42824e853fd231f0ddcaf3181a4cd36f8bade0cbabf965ef57f4158652c50e2c4129733902b44c30948a685933682429a40a186413fb1dcedc470,200
http://web/,GET,"Cookie:PHPSESSID=bduljn3us8qcn51cj3fjjpbc43
Accept:text/html,application/xhtml+xml,application/xml;q=0.9,image/avif,image/webp,image/apng,*/*;q=0.8,application/signed-exchange;v=b3;q=0.9
User-Agent:Mozilla/5.0 (X11; Linux x86_64) AppleWebKit/537.36 (KHTML, like Gecko) Chrome/85.0.4183.102 Safari/537.36
Upgrade-Insecure-Requests:1
",cf83e1357eefb8bdf1542850d66d8007d620e4050b5715dc83f4a921d36ce9ce47d0d13c5d85f2b0ff8318d2877eec2f63b931bd47417a81a538327af927da3e,"Keep-Alive:timeout=5, max=41
Server:Apache/2.4.7 (Ubuntu)
Connection:Keep-Alive
Pragma:no-cache
Date:Mon, 11 May 2026 20:56:39 GMT
Cache-Control:no-store, no-cache, must-revalidate, post-check=0, pre-check=0
Content-Encoding:gzip
Vary:Accept-Encoding
Expires:Thu, 19 Nov 1981 08:52:00 GMT
Content-Length:1285
X-Powered-By:PHP/5.5.9-1ubuntu4.29
Content-Type:text/html
",5b562b709818a704e07ced4fa91cad97a7098bdf4f5464d8c3726373d0b361c7e534ece54daba3783d8c2e4f51478bdb5509767d33a7ecb1dd1a7ed067c02473,200
http://web/upload/waterfall/Waterfall.128_128.jpg,GET,"Cookie:PHPSESSID=bduljn3us8qcn51cj3fjjpbc43
Accept:image/avif,image/webp,image/apng,image/*,*/*;q=0.8
User-Agent:Mozilla/5.0 (X11; Linux x86_64) AppleWebKit/537.36 (KHTML, like Gecko) Chrome/85.0.4183.102 Safari/537.36
Referer:http://web/pictures/recent.php
",cf83e1357eefb8bdf1542850d66d8007d620e4050b5715dc83f4a921d36ce9ce47d0d13c5d85f2b0ff8318d2877eec2f63b931bd47417a81a538327af927da3e,"Server:Apache/2.4.7 (Ubuntu)
Last-Modified:Thu, 02 Feb 2017 22:24:09 GMT
Date:Mon, 11 May 2026 20:55:14 GMT
Accept-Ranges:bytes
ETag:""3950-547939fb8b440""
Content-Length:14672
Content-Type:image/jpeg
",b4cf82dbfa6dd1d66ab0e526149bcfb14444941e01c00d5afee0b0a79ee6168b00bc6969f9ad0fdf9b2b75a6ddf60da5fffbc01ffad4f107b0001c213260c858,200
http://web/,GET,"Cookie:PHPSESSID=bduljn3us8qcn51cj3fjjpbc43
Accept:text/html,application/xhtml+xml,application/xml;q=0.9,image/avif,image/webp,image/apng,*/*;q=0.8,application/signed-exchange;v=b3;q=0.9
User-Agent:Mozilla/5.0 (X11; Linux x86_64) AppleWebKit/537.36 (KHTML, like Gecko) Chrome/85.0.4183.102 Safari/537.36
Upgrade-Insecure-Requests:1
",cf83e1357eefb8bdf1542850d66d8007d620e4050b5715dc83f4a921d36ce9ce47d0d13c5d85f2b0ff8318d2877eec2f63b931bd47417a81a538327af927da3e,"Keep-Alive:timeout=5, max=98
Server:Apache/2.4.7 (Ubuntu)
Connection:Keep-Alive
Pragma:no-cache
Date:Mon, 11 May 2026 20:56:03 GMT
Cache-Control:no-store, no-cache, must-revalidate, post-check=0, pre-check=0
Content-Encoding:gzip
Vary:Accept-Encoding
Expires:Thu, 19 Nov 1981 08:52:00 GMT
Content-Length:1284
X-Powered-By:PHP/5.5.9-1ubuntu4.29
Content-Type:text/html
",a17de72d996061d12a9f0633608a6325fafbc7dae7b697c7d7a07b0ab6f414b18ce0b196a4da4fe775b4ee99f5e4512ba2fffc86980a48285b6e7c6bb76007ba,200
http://web/upload/house/hodjjgld.128_128.jpg,GET,"Cookie:PHPSESSID=bduljn3us8qcn51cj3fjjpbc43
Accept:image/avif,image/webp,image/apng,image/*,*/*;q=0.8
User-Agent:Mozilla/5.0 (X11; Linux x86_64) AppleWebKit/537.36 (KHTML, like Gecko) Chrome/85.0.4183.102 Safari/537.36
Referer:http://web/pictures/recent.php
",cf83e1357eefb8bdf1542850d66d8007d620e4050b5715dc83f4a921d36ce9ce47d0d13c5d85f2b0ff8318d2877eec2f63b931bd47417a81a538327af927da3e,"Keep-Alive:timeout=5, max=100
Server:Apache/2.4.7 (Ubuntu)
Connection:Keep-Alive
Last-Modified:Thu, 02 Feb 2017 22:24:09 GMT
Date:Mon, 11 May 2026 20:55:14 GMT
Accept-Ranges:bytes
ETag:""2f6e-547939fb8b440""
Content-Length:12142
Content-Type:image/jpeg
",d78d726ba03cd4ab6cfb2ff024e33ec7f851cdd7cf3389acb2ab700df6399122ee3bc74dc664abba8ea40f4d49e5c03e3def6eae872504e6aba993ed1b3b2fc0,200
http://web/tos.php,GET,"Cookie:PHPSESSID=bduljn3us8qcn51cj3fjjpbc43
Accept:text/html,application/xhtml+xml,application/xml;q=0.9,image/avif,image/webp,image/apng,*/*;q=0.8,application/signed-exchange;v=b3;q=0.9
User-Agent:Mozilla/5.0 (X11; Linux x86_64) AppleWebKit/537.36 (KHTML, like Gecko) Chrome/85.0.4183.102 Safari/537.36
Referer:http://web/
Upgrade-Insecure-Requests:1
",cf83e1357eefb8bdf1542850d66d8007d620e4050b5715dc83f4a921d36ce9ce47d0d13c5d85f2b0ff8318d2877eec2f63b931bd47417a81a538327af927da3e,"Keep-Alive:timeout=5, max=51
Server:Apache/2.4.7 (Ubuntu)
Connection:Keep-Alive
Pragma:no-cache
Date:Mon, 11 May 2026 20:55:35 GMT
Cache-Control:no-store, no-cache, must-revalidate, post-check=0, pre-check=0
Content-Encoding:gzip
Vary:Accept-Encoding
Expires:Thu, 19 Nov 1981 08:52:00 GMT
Content-Length:10227
X-Powered-By:PHP/5.5.9-1ubuntu4.29
Content-Type:text/html
",e0cb16e2100656f2ccf1f60b5ec1719c5e768cbd24f4cb25085633b642353a134534c5b2951ee23d6442eebb3f337b2431cf94a4211d86741d6cb947fb002d3d,200
http://web/admin/index.php?page=login,GET,"Cookie:PHPSESSID=bduljn3us8qcn51cj3fjjpbc43
Accept:text/html,application/xhtml+xml,application/xml;q=0.9,image/avif,image/webp,image/apng,*/*;q=0.8,application/signed-exchange;v=b3;q=0.9
User-Agent:Mozilla/5.0 (X11; Linux x86_64) AppleWebKit/537.36 (KHTML, like Gecko) Chrome/85.0.4183.102 Safari/537.36
Referer:http://web/users/login.php
Upgrade-Insecure-Requests:1
",cf83e1357eefb8bdf1542850d66d8007d620e4050b5715dc83f4a921d36ce9ce47d0d13c5d85f2b0ff8318d2877eec2f63b931bd47417a81a538327af927da3e,"Keep-Alive:timeout=5, max=68
Server:Apache/2.4.7 (Ubuntu)
Connection:Keep-Alive
Pragma:no-cache
Date:Mon, 11 May 2026 20:55:24 GMT
Cache-Control:no-store, no-cache, must-revalidate, post-check=0, pre-check=0
Content-Encoding:gzip
Vary:Accept-Encoding
Expires:Thu, 19 Nov 1981 08:52:00 GMT
Content-Length:217
X-Powered-By:PHP/5.5.9-1ubuntu4.29
Content-Type:text/html
",f0dd3daedc23da37b73bcaa6f54bd91a8a51dc5575ed4c3a9f016a218c2c435dc9b2cab2fbc377d08b084f2ace64dc487a88de390fea1b3ec7264a54c677914d,200
http://web/users/login.php,GET,"Cookie:PHPSESSID=bduljn3us8qcn51cj3fjjpbc43
Accept:text/html,application/xhtml+xml,application/xml;q=0.9,image/avif,image/webp,image/apng,*/*;q=0.8,application/signed-exchange;v=b3;q=0.9
User-Agent:Mozilla/5.0 (X11; Linux x86_64) AppleWebKit/537.36 (KHTML, like Gecko) Chrome/85.0.4183.102 Safari/537.36
Referer:http://web/tos.php
Upgrade-Insecure-Requests:1
",cf83e1357eefb8bdf1542850d66d8007d620e4050b5715dc83f4a921d36ce9ce47d0d13c5d85f2b0ff8318d2877eec2f63b931bd47417a81a538327af927da3e,"Keep-Alive:timeout=5, max=49
Server:Apache/2.4.7 (Ubuntu)
Connection:Keep-Alive
Pragma:no-cache
Date:Mon, 11 May 2026 20:55:36 GMT
Cache-Control:no-store, no-cache, must-revalidate, post-check=0, pre-check=0
Content-Encoding:gzip
Vary:Accept-Encoding
Expires:Thu, 19 Nov 1981 08:52:00 GMT
Content-Length:978
X-Powered-By:PHP/5.5.9-1ubuntu4.29
Content-Type:text/html
",fa1c8e83e0b943b73b0f72d5a3f2c2255a928748dfad90a8033d92112e9047243882099503c3dc639462d8eb7798b60c226d75b480cc1c543e7e459456a23c11,200
http://web/pictures/recent.php,GET,"Cookie:PHPSESSID=bduljn3us8qcn51cj3fjjpbc43
Accept:text/html,application/xhtml+xml,application/xml;q=0.9,image/avif,image/webp,image/apng,*/*;q=0.8,application/signed-exchange;v=b3;q=0.9
User-Agent:Mozilla/5.0 (X11; Linux x86_64) AppleWebKit/537.36 (KHTML, like Gecko) Chrome/85.0.4183.102 Safari/537.36
Referer:http://web/calendar.php
Upgrade-Insecure-Requests:1
",cf83e1357eefb8bdf1542850d66d8007d620e4050b5715dc83f4a921d36ce9ce47d0d13c5d85f2b0ff8318d2877eec2f63b931bd47417a81a538327af927da3e,"Keep-Alive:timeout=5, max=45
Server:Apache/2.4.7 (Ubuntu)
Connection:Keep-Alive
Pragma:no-cache
Date:Mon, 11 May 2026 20:56:36 GMT
Cache-Control:no-store, no-cache, must-revalidate, post-check=0, pre-check=0
Content-Encoding:gzip
Vary:Accept-Encoding
Expires:Thu, 19 Nov 1981 08:52:00 GMT
Content-Length:1088
X-Powered-By:PHP/5.5.9-1ubuntu4.29
Content-Type:text/html
",7cb0bb0f72ce72f39567e59aedb4e4d0ba6ffb03286e27400f5245a9c5fa6961575255cd68e41dd74bfa85968d7402ea3c571a6c016246abd6a4fd62b6ee95de,200
http://web/,GET,"Cookie:PHPSESSID=bduljn3us8qcn51cj3fjjpbc43
Accept:text/html,application/xhtml+xml,application/xml;q=0.9,image/avif,image/webp,image/apng,*/*;q=0.8,application/signed-exchange;v=b3;q=0.9
User-Agent:Mozilla/5.0 (X11; Linux x86_64) AppleWebKit/537.36 (KHTML, like Gecko) Chrome/85.0.4183.102 Safari/537.36
Upgrade-Insecure-Requests:1
",cf83e1357eefb8bdf1542850d66d8007d620e4050b5715dc83f4a921d36ce9ce47d0d13c5d85f2b0ff8318d2877eec2f63b931bd47417a81a538327af927da3e,"Keep-Alive:timeout=5, max=48
Server:Apache/2.4.7 (Ubuntu)
Connection:Keep-Alive
Pragma:no-cache
Date:Mon, 11 May 2026 20:55:37 GMT
Cache-Control:no-store, no-cache, must-revalidate, post-check=0, pre-check=0
Content-Encoding:gzip
Vary:Accept-Encoding
Expires:Thu, 19 Nov 1981 08:52:00 GMT
Content-Length:1284
X-Powered-By:PHP/5.5.9-1ubuntu4.29
Content-Type:text/html
",4b898c5a5dfcf68a7ef925a49473d726461a39c7e8a140199e9eb836a4cfe005013cd0f17edf2e6f645538fb44ed162d39a4d46b50bfd202f0b619b99bdcd09c,200
http://web/upload/doggie/Dog.jpg.128_128.jpg,GET,"Cookie:PHPSESSID=bduljn3us8qcn51cj3fjjpbc43
Accept:image/avif,image/webp,image/apng,image/*,*/*;q=0.8
User-Agent:Mozilla/5.0 (X11; Linux x86_64) AppleWebKit/537.36 (KHTML, like Gecko) Chrome/85.0.4183.102 Safari/537.36
Referer:http://web/pictures/recent.php
",cf83e1357eefb8bdf1542850d66d8007d620e4050b5715dc83f4a921d36ce9ce47d0d13c5d85f2b0ff8318d2877eec2f63b931bd47417a81a538327af927da3e,"Server:Apache/2.4.7 (Ubuntu)
Last-Modified:Thu, 02 Feb 2017 22:24:09 GMT
Date:Mon, 11 May 2026 20:55:14 GMT
Accept-Ranges:bytes
ETag:""30b7-547939fb8b440""
Content-Length:12471
Content-Type:image/jpeg
",69d56f0425632e752413df2dedbeab35c78b04f88b4b5e0c3ff3c082644643ba0b4ecff40c05ff2c89177b1d27351cfad091a14195a74b8f1a0a38960c402f09,200
http://web/upload/house/our_house.128_128.jpg,GET,"Cookie:PHPSESSID=bduljn3us8qcn51cj3fjjpbc43
Accept:image/avif,image/webp,image/apng,image/*,*/*;q=0.8
User-Agent:Mozilla/5.0 (X11; Linux x86_64) AppleWebKit/537.36 (KHTML, like Gecko) Chrome/85.0.4183.102 Safari/537.36
Referer:http://web/pictures/recent.php
",cf83e1357eefb8bdf1542850d66d8007d620e4050b5715dc83f4a921d36ce9ce47d0d13c5d85f2b0ff8318d2877eec2f63b931bd47417a81a538327af927da3e,"Keep-Alive:timeout=5, max=100
Server:Apache/2.4.7 (Ubuntu)
Connection:Keep-Alive
Last-Modified:Thu, 02 Feb 2017 22:24:09 GMT
Date:Mon, 11 May 2026 20:55:14 GMT
Accept-Ranges:bytes
ETag:""309c-547939fb8b440""
Content-Length:12444
Content-Type:image/jpeg
",7398d28ba3dbb6919f8252647510815990d20ed11d0df1881c26de538c790d1114201d4bbee0c5dbf69074677723ca5f4759e3c0f31ab392c87362001168c7d8,200
http://web/images/search_button_white.gif,GET,"Cookie:PHPSESSID=bduljn3us8qcn51cj3fjjpbc43
Accept:image/avif,image/webp,image/apng,image/*,*/*;q=0.8
User-Agent:Mozilla/5.0 (X11; Linux x86_64) AppleWebKit/537.36 (KHTML, like Gecko) Chrome/85.0.4183.102 Safari/537.36
Referer:http://web/
",cf83e1357eefb8bdf1542850d66d8007d620e4050b5715dc83f4a921d36ce9ce47d0d13c5d85f2b0ff8318d2877eec2f63b931bd47417a81a538327af927da3e,"Keep-Alive:timeout=5, max=100
Server:Apache/2.4.7 (Ubuntu)
Connection:Keep-Alive
Last-Modified:Thu, 02 Feb 2017 22:24:09 GMT
Date:Mon, 11 May 2026 20:55:06 GMT
Accept-Ranges:bytes
ETag:""1fc-547939fb8b440""
Content-Length:508
Content-Type:image/gif
",c3542cdf07970477cd82086f3e0968a355533cde628c45a2018ac340357b7d2ee35b6e4bf7915290f24a679250722d300985f0ea7b2482b30ac4f8447b2f35c8,200
http://web/tos.php,GET,"Cookie:PHPSESSID=bduljn3us8qcn51cj3fjjpbc43
Accept:text/html,application/xhtml+xml,application/xml;q=0.9,image/avif,image/webp,image/apng,*/*;q=0.8,application/signed-exchange;v=b3;q=0.9
User-Agent:Mozilla/5.0 (X11; Linux x86_64) AppleWebKit/537.36 (KHTML, like Gecko) Chrome/85.0.4183.102 Safari/537.36
Referer:http://web/
Upgrade-Insecure-Requests:1
",cf83e1357eefb8bdf1542850d66d8007d620e4050b5715dc83f4a921d36ce9ce47d0d13c5d85f2b0ff8318d2877eec2f63b931bd47417a81a538327af927da3e,"Keep-Alive:timeout=5, max=63
Server:Apache/2.4.7 (Ubuntu)
Connection:Keep-Alive
Pragma:no-cache
Date:Mon, 11 May 2026 20:56:26 GMT
Cache-Control:no-store, no-cache, must-revalidate, post-check=0, pre-check=0
Content-Encoding:gzip
Vary:Accept-Encoding
Expires:Thu, 19 Nov 1981 08:52:00 GMT
Content-Length:10228
X-Powered-By:PHP/5.5.9-1ubuntu4.29
Content-Type:text/html
",fee01cef8f4edc85a98ae5e9b475d7f6b0096df39de19508b795ea89bfa1624d428b0f643ca44c52b765ed5190e1418ec563ad4d0c7e0ea091b0a173745a4838,200
http://web/tos.php,GET,"Cookie:PHPSESSID=bduljn3us8qcn51cj3fjjpbc43
Accept:text/html,application/xhtml+xml,application/xml;q=0.9,image/avif,image/webp,image/apng,*/*;q=0.8,application/signed-exchange;v=b3;q=0.9
User-Agent:Mozilla/5.0 (X11; Linux x86_64) AppleWebKit/537.36 (KHTML, like Gecko) Chrome/85.0.4183.102 Safari/537.36
Referer:http://web/pictures/recent.php
Upgrade-Insecure-Requests:1
",cf83e1357eefb8bdf1542850d66d8007d620e4050b5715dc83f4a921d36ce9ce47d0d13c5d85f2b0ff8318d2877eec2f63b931bd47417a81a538327af927da3e,"Keep-Alive:timeout=5, max=93
Server:Apache/2.4.7 (Ubuntu)
Connection:Keep-Alive
Pragma:no-cache
Date:Mon, 11 May 2026 20:56:06 GMT
Cache-Control:no-store, no-cache, must-revalidate, post-check=0, pre-check=0
Content-Encoding:gzip
Vary:Accept-Encoding
Expires:Thu, 19 Nov 1981 08:52:00 GMT
Content-Length:10228
X-Powered-By:PHP/5.5.9-1ubuntu4.29
Content-Type:text/html
",ab1f589bdbcaca01e0b4488bb08d719083c19676ed4c6e2077a8c4c0cd29592030d6985071b3f16848c03e10801dbe82fe750f8c9c677aed0c1f7fbf116fa9ec,200
http://web/users/login.php,GET,"Cookie:PHPSESSID=bduljn3us8qcn51cj3fjjpbc43
Accept:text/html,application/xhtml+xml,application/xml;q=0.9,image/avif,image/webp,image/apng,*/*;q=0.8,application/signed-exchange;v=b3;q=0.9
User-Agent:Mozilla/5.0 (X11; Linux x86_64) AppleWebKit/537.36 (KHTML, like Gecko) Chrome/85.0.4183.102 Safari/537.36
Referer:http://web/pictures/recent.php
Upgrade-Insecure-Requests:1
",cf83e1357eefb8bdf1542850d66d8007d620e4050b5715dc83f4a921d36ce9ce47d0d13c5d85f2b0ff8318d2877eec2f63b931bd47417a81a538327af927da3e,"Keep-Alive:timeout=5, max=25
Server:Apache/2.4.7 (Ubuntu)
Connection:Keep-Alive
Pragma:no-cache
Date:Mon, 11 May 2026 20:55:49 GMT
Cache-Control:no-store, no-cache, must-revalidate, post-check=0, pre-check=0
Content-Encoding:gzip
Vary:Accept-Encoding
Expires:Thu, 19 Nov 1981 08:52:00 GMT
Content-Length:976
X-Powered-By:PHP/5.5.9-1ubuntu4.29
Content-Type:text/html
",e228781e5409d5553b3b75b28dd640c29486c4aec5497235c6cc1cf8604366bcb17cd78749869edd59f08ef6d6888f3be3bb13e24574d9d1ed0c537586b76869,200
http://web/pictures/recent.php,GET,"Cookie:PHPSESSID=bduljn3us8qcn51cj3fjjpbc43
Accept:text/html,application/xhtml+xml,application/xml;q=0.9,image/avif,image/webp,image/apng,*/*;q=0.8,application/signed-exchange;v=b3;q=0.9
User-Agent:Mozilla/5.0 (X11; Linux x86_64) AppleWebKit/537.36 (KHTML, like Gecko) Chrome/85.0.4183.102 Safari/537.36
Referer:http://web/
Upgrade-Insecure-Requests:1
",cf83e1357eefb8bdf1542850d66d8007d620e4050b5715dc83f4a921d36ce9ce47d0d13c5d85f2b0ff8318d2877eec2f63b931bd47417a81a538327af927da3e,"Keep-Alive:timeout=5, max=15
Server:Apache/2.4.7 (Ubuntu)
Connection:Keep-Alive
Pragma:no-cache
Date:Mon, 11 May 2026 20:55:54 GMT
Cache-Control:no-store, no-cache, must-revalidate, post-check=0, pre-check=0
Content-Encoding:gzip
Vary:Accept-Encoding
Expires:Thu, 19 Nov 1981 08:52:00 GMT
Content-Length:1087
X-Powered-By:PHP/5.5.9-1ubuntu4.29
Content-Type:text/html
",29030e826592847b4efaa299246bba330eee119ba85413a975984f6e5a6d5752e0fe67f98e0cbe82fb70a322d33f1b1e5191691f7c75d0a108827c38670861e0,200
http://web/guestbook.php,GET,"Cookie:PHPSESSID=bduljn3us8qcn51cj3fjjpbc43
Accept:text/html,application/xhtml+xml,application/xml;q=0.9,image/avif,image/webp,image/apng,*/*;q=0.8,application/signed-exchange;v=b3;q=0.9
User-Agent:Mozilla/5.0 (X11; Linux x86_64) AppleWebKit/537.36 (KHTML, like Gecko) Chrome/85.0.4183.102 Safari/537.36
Referer:http://web/
Upgrade-Insecure-Requests:1
",cf83e1357eefb8bdf1542850d66d8007d620e4050b5715dc83f4a921d36ce9ce47d0d13c5d85f2b0ff8318d2877eec2f63b931bd47417a81a538327af927da3e,"Keep-Alive:timeout=5, max=86
Server:Apache/2.4.7 (Ubuntu)
Connection:Keep-Alive
Pragma:no-cache
Date:Mon, 11 May 2026 20:56:11 GMT
Cache-Control:no-store, no-cache, must-revalidate, post-check=0, pre-check=0
Content-Encoding:gzip
Vary:Accept-Encoding
Expires:Thu, 19 Nov 1981 08:52:00 GMT
Content-Length:999
X-Powered-By:PHP/5.5.9-1ubuntu4.29
Content-Type:text/html
",481c5406e9ee0b640982404512a365413fe25e37e1089d2a1f0cd06d27dfad82f68e297a687bcb8f340602dde5e6e0d27f915c919ef3e6caf2f362a191c0a1c5,200
http://web/admin/index.php?page=login,POST,"Origin:http://web
Cookie:PHPSESSID=bduljn3us8qcn51cj3fjjpbc43
Accept:text/html,application/xhtml+xml,application/xml;q=0.9,image/avif,image/webp,image/apng,*/*;q=0.8,application/signed-exchange;v=b3;q=0.9
User-Agent:Mozilla/5.0 (X11; Linux x86_64) AppleWebKit/537.36 (KHTML, like Gecko) Chrome/85.0.4183.102 Safari/537.36
Referer:http://web/admin/index.php?page=login
Upgrade-Insecure-Requests:1
Content-Type:application/x-www-form-urlencoded
",548377f2e5696d602ebea5cf51b1a44ec490373d18d7bf7279cdf508a0ebb68c5b213972afdf381cd9fc180c48a33f3bd2a8d32cb3ef18fd7254e3947c1ddf31,"Keep-Alive:timeout=5, max=67
Server:Apache/2.4.7 (Ubuntu)
Connection:Keep-Alive
Pragma:no-cache
Date:Mon, 11 May 2026 20:55:24 GMT
Cache-Control:no-store, no-cache, must-revalidate, post-check=0, pre-check=0
Content-Encoding:gzip
Vary:Accept-Encoding
Expires:Thu, 19 Nov 1981 08:52:00 GMT
Content-Length:217
X-Powered-By:PHP/5.5.9-1ubuntu4.29
Content-Type:text/html
",1e0770f35e2807dc7e9ad0392981178de933e2281ee42b47b2dbb6e38220aa59b0d4e35b4b33521bded21ddd5741b2e2a40e26570a96256d03c3a63743402d7e,200
http://web/pictures/view.php?picid=12,GET,"Cookie:PHPSESSID=bduljn3us8qcn51cj3fjjpbc43
Accept:text/html,application/xhtml+xml,application/xml;q=0.9,image/avif,image/webp,image/apng,*/*;q=0.8,application/signed-exchange;v=b3;q=0.9
User-Agent:Mozilla/5.0 (X11; Linux x86_64) AppleWebKit/537.36 (KHTML, like Gecko) Chrome/85.0.4183.102 Safari/537.36
Referer:http://web/pictures/recent.php
Upgrade-Insecure-Requests:1
",cf83e1357eefb8bdf1542850d66d8007d620e4050b5715dc83f4a921d36ce9ce47d0d13c5d85f2b0ff8318d2877eec2f63b931bd47417a81a538327af927da3e,"Keep-Alive:timeout=5, max=22
Server:Apache/2.4.7 (Ubuntu)
Connection:Keep-Alive
Pragma:no-cache
Date:Mon, 11 May 2026 20:55:51 GMT
Cache-Control:no-store, no-cache, must-revalidate, post-check=0, pre-check=0
Expires:Thu, 19 Nov 1981 08:52:00 GMT
Content-Length:41
X-Powered-By:PHP/5.5.9-1ubuntu4.29
Location:/users/login.php
Content-Type:text/html
",cf83e1357eefb8bdf1542850d66d8007d620e4050b5715dc83f4a921d36ce9ce47d0d13c5d85f2b0ff8318d2877eec2f63b931bd47417a81a538327af927da3e,303
http://web/guestbook.php,GET,"Cookie:PHPSESSID=bduljn3us8qcn51cj3fjjpbc43
Accept:text/html,application/xhtml+xml,application/xml;q=0.9,image/avif,image/webp,image/apng,*/*;q=0.8,application/signed-exchange;v=b3;q=0.9
User-Agent:Mozilla/5.0 (X11; Linux x86_64) AppleWebKit/537.36 (KHTML, like Gecko) Chrome/85.0.4183.102 Safari/537.36
Referer:http://web/users/login.php
Upgrade-Insecure-Requests:1
",cf83e1357eefb8bdf1542850d66d8007d620e4050b5715dc83f4a921d36ce9ce47d0d13c5d85f2b0ff8318d2877eec2f63b931bd47417a81a538327af927da3e,"Keep-Alive:timeout=5, max=77
Server:Apache/2.4.7 (Ubuntu)
Connection:Keep-Alive
Pragma:no-cache
Date:Mon, 11 May 2026 20:55:17 GMT
Cache-Control:no-store, no-cache, must-revalidate, post-check=0, pre-check=0
Content-Encoding:gzip
Vary:Accept-Encoding
Expires:Thu, 19 Nov 1981 08:52:00 GMT
Content-Length:1000
X-Powered-By:PHP/5.5.9-1ubuntu4.29
Content-Type:text/html
",3a60258d24d86bebeaff8904f5e821be6737e43f56a7d77e30b4922e9baefd833c9feec21f7a71018680f8989b20cf811436be12448e38ce12a0d4a80f0036c5,200
http://web/calendar.php,GET,"Cookie:PHPSESSID=bduljn3us8qcn51cj3fjjpbc43
Accept:text/html,application/xhtml+xml,application/xml;q=0.9,image/avif,image/webp,image/apng,*/*;q=0.8,application/signed-exchange;v=b3;q=0.9
User-Agent:Mozilla/5.0 (X11; Linux x86_64) AppleWebKit/537.36 (KHTML, like Gecko) Chrome/85.0.4183.102 Safari/537.36
Referer:http://web/
Upgrade-Insecure-Requests:1
",cf83e1357eefb8bdf1542850d66d8007d620e4050b5715dc83f4a921d36ce9ce47d0d13c5d85f2b0ff8318d2877eec2f63b931bd47417a81a538327af927da3e,"Keep-Alive:timeout=5, max=30
Server:Apache/2.4.7 (Ubuntu)
Connection:Keep-Alive
Pragma:no-cache
Date:Mon, 11 May 2026 20:56:46 GMT
Cache-Control:no-store, no-cache, must-revalidate, post-check=0, pre-check=0
Content-Encoding:gzip
Vary:Accept-Encoding
Expires:Thu, 19 Nov 1981 08:52:00 GMT
Content-Length:943
X-Powered-By:PHP/5.5.9-1ubuntu4.29
Content-Type:text/html
",0670cf2f2e8d43c77e9925c42eb464843717941c546682717713b384d75685d37bee7262493f7ce29bf18253012307048eca4e4901172476de8cde15e1f07e97,200
http://web/users/login.php,GET,"Cookie:PHPSESSID=bduljn3us8qcn51cj3fjjpbc43
Accept:text/html,application/xhtml+xml,application/xml;q=0.9,image/avif,image/webp,image/apng,*/*;q=0.8,application/signed-exchange;v=b3;q=0.9
User-Agent:Mozilla/5.0 (X11; Linux x86_64) AppleWebKit/537.36 (KHTML, like Gecko) Chrome/85.0.4183.102 Safari/537.36
Referer:http://web/users/login.php
Upgrade-Insecure-Requests:1
",cf83e1357eefb8bdf1542850d66d8007d620e4050b5715dc83f4a921d36ce9ce47d0d13c5d85f2b0ff8318d2877eec2f63b931bd47417a81a538327af927da3e,"Keep-Alive:timeout=5, max=87
Server:Apache/2.4.7 (Ubuntu)
Connection:Keep-Alive
Pragma:no-cache
Date:Mon, 11 May 2026 20:55:12 GMT
Cache-Control:no-store, no-cache, must-revalidate, post-check=0, pre-check=0
Content-Encoding:gzip
Vary:Accept-Encoding
Expires:Thu, 19 Nov 1981 08:52:00 GMT
Content-Length:977
X-Powered-By:PHP/5.5.9-1ubuntu4.29
Content-Type:text/html
",0a9fdf05136cf89d704f3a3edecb71dca152bd353cea09024900a9bd2dce9e0e24d981eca2b7575ba53f9e4ca43074c82c5e5d90082cfa1edf9cb6cd224b3cad,200
http://web/users/login.php,GET,"Cookie:PHPSESSID=bduljn3us8qcn51cj3fjjpbc43
Accept:text/html,application/xhtml+xml,application/xml;q=0.9,image/avif,image/webp,image/apng,*/*;q=0.8,application/signed-exchange;v=b3;q=0.9
User-Agent:Mozilla/5.0 (X11; Linux x86_64) AppleWebKit/537.36 (KHTML, like Gecko) Chrome/85.0.4183.102 Safari/537.36
Referer:http://web/pictures/recent.php
Upgrade-Insecure-Requests:1
",cf83e1357eefb8bdf1542850d66d8007d620e4050b5715dc83f4a921d36ce9ce47d0d13c5d85f2b0ff8318d2877eec2f63b931bd47417a81a538327af927da3e,"Keep-Alive:timeout=5, max=9
Server:Apache/2.4.7 (Ubuntu)
Connection:Keep-Alive
Pragma:no-cache
Date:Mon, 11 May 2026 20:55:57 GMT
Cache-Control:no-store, no-cache, must-revalidate, post-check=0, pre-check=0
Content-Encoding:gzip
Vary:Accept-Encoding
Expires:Thu, 19 Nov 1981 08:52:00 GMT
Content-Length:976
X-Powered-By:PHP/5.5.9-1ubuntu4.29
Content-Type:text/html
",bfee00e3b6dafad3cd7b44c9e8f1f8d86fab720be2e5f14ea2f51a558debe65486ec66958a21147ff6b53d5f16da16373df0a71d643ea3cf536585ed9ba43de2,200
http://web/pictures/upload.php,GET,"Cookie:PHPSESSID=bduljn3us8qcn51cj3fjjpbc43
Accept:text/html,application/xhtml+xml,application/xml;q=0.9,image/avif,image/webp,image/apng,*/*;q=0.8,application/signed-exchange;v=b3;q=0.9
User-Agent:Mozilla/5.0 (X11; Linux x86_64) AppleWebKit/537.36 (KHTML, like Gecko) Chrome/85.0.4183.102 Safari/537.36
Referer:http://web/users/login.php
Upgrade-Insecure-Requests:1
",cf83e1357eefb8bdf1542850d66d8007d620e4050b5715dc83f4a921d36ce9ce47d0d13c5d85f2b0ff8318d2877eec2f63b931bd47417a81a538327af927da3e,"Keep-Alive:timeout=5, max=86
Server:Apache/2.4.7 (Ubuntu)
Connection:Keep-Alive
Pragma:no-cache
Date:Mon, 11 May 2026 20:55:13 GMT
Cache-Control:no-store, no-cache, must-revalidate, post-check=0, pre-check=0
Expires:Thu, 19 Nov 1981 08:52:00 GMT
Content-Length:41
X-Powered-By:PHP/5.5.9-1ubuntu4.29
Location:/users/login.php
Content-Type:text/html
",cf83e1357eefb8bdf1542850d66d8007d620e4050b5715dc83f4a921d36ce9ce47d0d13c5d85f2b0ff8318d2877eec2f63b931bd47417a81a538327af927da3e,303
http://web/,GET,"Cookie:PHPSESSID=bduljn3us8qcn51cj3fjjpbc43
Accept:text/html,application/xhtml+xml,application/xml;q=0.9,image/avif,image/webp,image/apng,*/*;q=0.8,application/signed-exchange;v=b3;q=0.9
User-Agent:Mozilla/5.0 (X11; Linux x86_64) AppleWebKit/537.36 (KHTML, like Gecko) Chrome/85.0.4183.102 Safari/537.36
Upgrade-Insecure-Requests:1
",cf83e1357eefb8bdf1542850d66d8007d620e4050b5715dc83f4a921d36ce9ce47d0d13c5d85f2b0ff8318d2877eec2f63b931bd47417a81a538327af927da3e,"Keep-Alive:timeout=5, max=24
Server:Apache/2.4.7 (Ubuntu)
Connection:Keep-Alive
Pragma:no-cache
Date:Mon, 11 May 2026 20:55:49 GMT
Cache-Control:no-store, no-cache, must-revalidate, post-check=0, pre-check=0
Content-Encoding:gzip
Vary:Accept-Encoding
Expires:Thu, 19 Nov 1981 08:52:00 GMT
Content-Length:1284
X-Powered-By:PHP/5.5.9-1ubuntu4.29
Content-Type:text/html
",0eb67669131740b6a6931639aeeb81b7834cd07babb6b2dd1066614d94b9414ac61cd8444d96582278c1be723f870101fa62edcc48677c309df4a484e1f3b646,200
http://web/pictures/recent.php,GET,"Cookie:PHPSESSID=bduljn3us8qcn51cj3fjjpbc43
Accept:text/html,application/xhtml+xml,application/xml;q=0.9,image/avif,image/webp,image/apng,*/*;q=0.8,application/signed-exchange;v=b3;q=0.9
User-Agent:Mozilla/5.0 (X11; Linux x86_64) AppleWebKit/537.36 (KHTML, like Gecko) Chrome/85.0.4183.102 Safari/537.36
Referer:http://web/
Upgrade-Insecure-Requests:1
",cf83e1357eefb8bdf1542850d66d8007d620e4050b5715dc83f4a921d36ce9ce47d0d13c5d85f2b0ff8318d2877eec2f63b931bd47417a81a538327af927da3e,"Keep-Alive:timeout=5, max=23
Server:Apache/2.4.7 (Ubuntu)
Connection:Keep-Alive
Pragma:no-cache
Date:Mon, 11 May 2026 20:55:50 GMT
Cache-Control:no-store, no-cache, must-revalidate, post-check=0, pre-check=0
Content-Encoding:gzip
Vary:Accept-Encoding
Expires:Thu, 19 Nov 1981 08:52:00 GMT
Content-Length:1087
X-Powered-By:PHP/5.5.9-1ubuntu4.29
Content-Type:text/html
",ef07807d0006bdf18826f52c2826da18954058a3c124ae422cca0484e43fe4023add733901d81617b1edf6221c701a1268c0ea6353f867890ea6b05fd9a76b04,200
http://web/,GET,"Cookie:PHPSESSID=bduljn3us8qcn51cj3fjjpbc43
Accept:text/html,application/xhtml+xml,application/xml;q=0.9,image/avif,image/webp,image/apng,*/*;q=0.8,application/signed-exchange;v=b3;q=0.9
User-Agent:Mozilla/5.0 (X11; Linux x86_64) AppleWebKit/537.36 (KHTML, like Gecko) Chrome/85.0.4183.102 Safari/537.36
Upgrade-Insecure-Requests:1
",cf83e1357eefb8bdf1542850d66d8007d620e4050b5715dc83f4a921d36ce9ce47d0d13c5d85f2b0ff8318d2877eec2f63b931bd47417a81a538327af927da3e,"Keep-Alive:timeout=5, max=73
Server:Apache/2.4.7 (Ubuntu)
Connection:Keep-Alive
Pragma:no-cache
Date:Mon, 11 May 2026 20:56:19 GMT
Cache-Control:no-store, no-cache, must-revalidate, post-check=0, pre-check=0
Content-Encoding:gzip
Vary:Accept-Encoding
Expires:Thu, 19 Nov 1981 08:52:00 GMT
Content-Length:1283
X-Powered-By:PHP/5.5.9-1ubuntu4.29
Content-Type:text/html
",a7bd43edb2d00cbc7d127228ee316b54228263e4bbe374c726a52e107b8539737401247f623af79fe264388555b3472dfa02c9c627c91c6e417ff94ce18fca55,200
http://web/users/login.php,GET,"Cookie:PHPSESSID=bduljn3us8qcn51cj3fjjpbc43
Accept:text/html,application/xhtml+xml,application/xml;q=0.9,image/avif,image/webp,image/apng,*/*;q=0.8,application/signed-exchange;v=b3;q=0.9
User-Agent:Mozilla/5.0 (X11; Linux x86_64) AppleWebKit/537.36 (KHTML, like Gecko) Chrome/85.0.4183.102 Safari/537.36
Referer:http://web/
Upgrade-Insecure-Requests:1
",cf83e1357eefb8bdf1542850d66d8007d620e4050b5715dc83f4a921d36ce9ce47d0d13c5d85f2b0ff8318d2877eec2f63b931bd47417a81a538327af927da3e,"Keep-Alive:timeout=5, max=92
Server:Apache/2.4.7 (Ubuntu)
Connection:Keep-Alive
Pragma:no-cache
Date:Mon, 11 May 2026 20:55:09 GMT
Cache-Control:no-store, no-cache, must-revalidate, post-check=0, pre-check=0
Content-Encoding:gzip
Vary:Accept-Encoding
Expires:Thu, 19 Nov 1981 08:52:00 GMT
Content-Length:977
X-Powered-By:PHP/5.5.9-1ubuntu4.29
Content-Type:text/html
",ec16572b10ba472259edcc2707786003cccee77f95d2fbf1b4814c0861e6f21cebfa58ca7a23316519bc9ab364cd105c7ccfb02c26531cc249a5455c431e9394,200
http://web/pictures/recent.php,GET,"Cookie:PHPSESSID=bduljn3us8qcn51cj3fjjpbc43
Accept:text/html,application/xhtml+xml,application/xml;q=0.9,image/avif,image/webp,image/apng,*/*;q=0.8,application/signed-exchange;v=b3;q=0.9
User-Agent:Mozilla/5.0 (X11; Linux x86_64) AppleWebKit/537.36 (KHTML, like Gecko) Chrome/85.0.4183.102 Safari/537.36
Referer:http://web/pictures/recent.php
Upgrade-Insecure-Requests:1
",cf83e1357eefb8bdf1542850d66d8007d620e4050b5715dc83f4a921d36ce9ce47d0d13c5d85f2b0ff8318d2877eec2f63b931bd47417a81a538327af927da3e,"Keep-Alive:timeout=5, max=43
Server:Apache/2.4.7 (Ubuntu)
Connection:Keep-Alive
Pragma:no-cache
Date:Mon, 11 May 2026 20:55:39 GMT
Cache-Control:no-store, no-cache, must-revalidate, post-check=0, pre-check=0
Content-Encoding:gzip
Vary:Accept-Encoding
Expires:Thu, 19 Nov 1981 08:52:00 GMT
Content-Length:1088
X-Powered-By:PHP/5.5.9-1ubuntu4.29
Content-Type:text/html
",45eb8cd85bec31bf969ed7e523f89a4429d8e321ccaab3b1e8510bfe50cf6f271c505dfbd0a746b508e59e4ccb33b49ebefa89774f6e1e87834d6ab7b6d51876,200
http://web/pictures/view.php?picid=11,GET,"Cookie:PHPSESSID=bduljn3us8qcn51cj3fjjpbc43
Accept:text/html,application/xhtml+xml,application/xml;q=0.9,image/avif,image/webp,image/apng,*/*;q=0.8,application/signed-exchange;v=b3;q=0.9
User-Agent:Mozilla/5.0 (X11; Linux x86_64) AppleWebKit/537.36 (KHTML, like Gecko) Chrome/85.0.4183.102 Safari/537.36
Referer:http://web/pictures/recent.php
Upgrade-Insecure-Requests:1
",cf83e1357eefb8bdf1542850d66d8007d620e4050b5715dc83f4a921d36ce9ce47d0d13c5d85f2b0ff8318d2877eec2f63b931bd47417a81a538327af927da3e,"Keep-Alive:timeout=5, max=18
Server:Apache/2.4.7 (Ubuntu)
Connection:Keep-Alive
Pragma:no-cache
Date:Mon, 11 May 2026 20:55:53 GMT
Cache-Control:no-store, no-cache, must-revalidate, post-check=0, pre-check=0
Expires:Thu, 19 Nov 1981 08:52:00 GMT
Content-Length:41
X-Powered-By:PHP/5.5.9-1ubuntu4.29
Location:/users/login.php
Content-Type:text/html
",cf83e1357eefb8bdf1542850d66d8007d620e4050b5715dc83f4a921d36ce9ce47d0d13c5d85f2b0ff8318d2877eec2f63b931bd47417a81a538327af927da3e,303
http://web/guestbook.php,POST,"Origin:http://web
Cookie:PHPSESSID=bduljn3us8qcn51cj3fjjpbc43
Accept:text/html,application/xhtml+xml,application/xml;q=0.9,image/avif,image/webp,image/apng,*/*;q=0.8,application/signed-exchange;v=b3;q=0.9
User-Agent:Mozilla/5.0 (X11; Linux x86_64) AppleWebKit/537.36 (KHTML, like Gecko) Chrome/85.0.4183.102 Safari/537.36
Referer:http://web/guestbook.php
Upgrade-Insecure-Requests:1
Content-Type:application/x-www-form-urlencoded
",75d39fa9466bca777b3b76594825e5ec1f97dc9d5dc18a8994de4a2357a7c294ac0e10a8f115ed3b500ccf7a7823a850a0f6cc1f7c295f91dd03f3ef01e4380a,"Keep-Alive:timeout=5, max=71
Server:Apache/2.4.7 (Ubuntu)
Connection:Keep-Alive
Pragma:no-cache
Date:Mon, 11 May 2026 20:56:21 GMT
Cache-Control:no-store, no-cache, must-revalidate, post-check=0, pre-check=0
Content-Encoding:gzip
Vary:Accept-Encoding
Expires:Thu, 19 Nov 1981 08:52:00 GMT
Content-Length:999
X-Powered-By:PHP/5.5.9-1ubuntu4.29
Content-Type:text/html
",1b42730edae0cff3538664315f4f63c1d752e9f565000c1aa1c9f339a4f22d5d0b3a1c24ab8f76840155281f53c0bb86252448b383ce7c36b7288d6cafa6860d,200
http://web/pictures/upload.php,GET,"Cookie:PHPSESSID=bduljn3us8qcn51cj3fjjpbc43
Accept:text/html,application/xhtml+xml,application/xml;q=0.9,image/avif,image/webp,image/apng,*/*;q=0.8,application/signed-exchange;v=b3;q=0.9
User-Agent:Mozilla/5.0 (X11; Linux x86_64) AppleWebKit/537.36 (KHTML, like Gecko) Chrome/85.0.4183.102 Safari/537.36
Referer:http://web/tos.php
Upgrade-Insecure-Requests:1
",cf83e1357eefb8bdf1542850d66d8007d620e4050b5715dc83f4a921d36ce9ce47d0d13c5d85f2b0ff8318d2877eec2f63b931bd47417a81a538327af927da3e,"Keep-Alive:timeout=5, max=92
Server:Apache/2.4.7 (Ubuntu)
Connection:Keep-Alive
Pragma:no-cache
Date:Mon, 11 May 2026 20:56:07 GMT
Cache-Control:no-store, no-cache, must-revalidate, post-check=0, pre-check=0
Expires:Thu, 19 Nov 1981 08:52:00 GMT
Content-Length:41
X-Powered-By:PHP/5.5.9-1ubuntu4.29
Location:/users/login.php
Content-Type:text/html
",cf83e1357eefb8bdf1542850d66d8007d620e4050b5715dc83f4a921d36ce9ce47d0d13c5d85f2b0ff8318d2877eec2f63b931bd47417a81a538327af927da3e,303
http://web/tos.php,GET,"Cookie:PHPSESSID=bduljn3us8qcn51cj3fjjpbc43
Accept:text/html,application/xhtml+xml,application/xml;q=0.9,image/avif,image/webp,image/apng,*/*;q=0.8,application/signed-exchange;v=b3;q=0.9
User-Agent:Mozilla/5.0 (X11; Linux x86_64) AppleWebKit/537.36 (KHTML, like Gecko) Chrome/85.0.4183.102 Safari/537.36
Referer:http://web/tos.php
Upgrade-Insecure-Requests:1
",cf83e1357eefb8bdf1542850d66d8007d620e4050b5715dc83f4a921d36ce9ce47d0d13c5d85f2b0ff8318d2877eec2f63b931bd47417a81a538327af927da3e,"Keep-Alive:timeout=5, max=56
Server:Apache/2.4.7 (Ubuntu)
Connection:Keep-Alive
Pragma:no-cache
Date:Mon, 11 May 2026 20:56:31 GMT
Cache-Control:no-store, no-cache, must-revalidate, post-check=0, pre-check=0
Content-Encoding:gzip
Vary:Accept-Encoding
Expires:Thu, 19 Nov 1981 08:52:00 GMT
Content-Length:10227
X-Powered-By:PHP/5.5.9-1ubuntu4.29
Content-Type:text/html
",b49a1bb7211bc0bb73fe2ff06521fa4cd282704818405e5220051a2a6cfcfc85b10372352754a657d11abec7f7043fd010b90a0893d4ecaacae945f44555bb8d,200
http://web/users/home.php,GET,"Cookie:PHPSESSID=bduljn3us8qcn51cj3fjjpbc43
Accept:text/html,application/xhtml+xml,application/xml;q=0.9,image/avif,image/webp,image/apng,*/*;q=0.8,application/signed-exchange;v=b3;q=0.9
User-Agent:Mozilla/5.0 (X11; Linux x86_64) AppleWebKit/537.36 (KHTML, like Gecko) Chrome/85.0.4183.102 Safari/537.36
Referer:http://web/pictures/recent.php
Upgrade-Insecure-Requests:1
",cf83e1357eefb8bdf1542850d66d8007d620e4050b5715dc83f4a921d36ce9ce47d0d13c5d85f2b0ff8318d2877eec2f63b931bd47417a81a538327af927da3e,"Keep-Alive:timeout=5, max=79
Server:Apache/2.4.7 (Ubuntu)
Connection:Keep-Alive
Pragma:no-cache
Date:Mon, 11 May 2026 20:55:17 GMT
Cache-Control:no-store, no-cache, must-revalidate, post-check=0, pre-check=0
Expires:Thu, 19 Nov 1981 08:52:00 GMT
Content-Length:41
X-Powered-By:PHP/5.5.9-1ubuntu4.29
Location:/users/login.php
Content-Type:text/html
",cf83e1357eefb8bdf1542850d66d8007d620e4050b5715dc83f4a921d36ce9ce47d0d13c5d85f2b0ff8318d2877eec2f63b931bd47417a81a538327af927da3e,303
http://web/,GET,"Cookie:PHPSESSID=bduljn3us8qcn51cj3fjjpbc43
Accept:text/html,application/xhtml+xml,application/xml;q=0.9,image/avif,image/webp,image/apng,*/*;q=0.8,application/signed-exchange;v=b3;q=0.9
User-Agent:Mozilla/5.0 (X11; Linux x86_64) AppleWebKit/537.36 (KHTML, like Gecko) Chrome/85.0.4183.102 Safari/537.36
Upgrade-Insecure-Requests:1
",cf83e1357eefb8bdf1542850d66d8007d620e4050b5715dc83f4a921d36ce9ce47d0d13c5d85f2b0ff8318d2877eec2f63b931bd47417a81a538327af927da3e,"Keep-Alive:timeout=5, max=67
Server:Apache/2.4.7 (Ubuntu)
Connection:Keep-Alive
Pragma:no-cache
Date:Mon, 11 May 2026 20:56:23 GMT
Cache-Control:no-store, no-cache, must-revalidate, post-check=0, pre-check=0
Content-Encoding:gzip
Vary:Accept-Encoding
Expires:Thu, 19 Nov 1981 08:52:00 GMT
Content-Length:1283
X-Powered-By:PHP/5.5.9-1ubuntu4.29
Content-Type:text/html
",3d05ff54879141f5f26a29628f9b550b7684e5b41d277079f28269f4160048ed07f061e1e9fed32d241860d02b2dc0e80de3d2e46e5362ead7fb62145a977f50,200
http://web/upload/house/My_House.128_128.jpg,GET,"Cookie:PHPSESSID=bduljn3us8qcn51cj3fjjpbc43
Accept:image/avif,image/webp,image/apng,image/*,*/*;q=0.8
User-Agent:Mozilla/5.0 (X11; Linux x86_64) AppleWebKit/537.36 (KHTML, like Gecko) Chrome/85.0.4183.102 Safari/537.36
Referer:http://web/pictures/recent.php
",cf83e1357eefb8bdf1542850d66d8007d620e4050b5715dc83f4a921d36ce9ce47d0d13c5d85f2b0ff8318d2877eec2f63b931bd47417a81a538327af927da3e,"Server:Apache/2.4.7 (Ubuntu)
Last-Modified:Thu, 02 Feb 2017 22:24:09 GMT
Date:Mon, 11 May 2026 20:55:14 GMT
Accept-Ranges:bytes
ETag:""359b-547939fb8b440""
Content-Length:13723
Content-Type:image/jpeg
",8c4f3e706b9e8b7f56594f846de689869eda70bf37f962ef75d26f1490ef415896dc9f7a3a8e5b263ccc541d9cd895f8851a47300c6d8ce6b7def2d21eb2bcde,200
http://web/,GET,"Accept:text/html,application/xhtml+xml,application/xml;q=0.9,image/avif,image/webp,image/apng,*/*;q=0.8,application/signed-exchange;v=b3;q=0.9
User-Agent:Mozilla/5.0 (X11; Linux x86_64) AppleWebKit/537.36 (KHTML, like Gecko) Chrome/85.0.4183.102 Safari/537.36
Upgrade-Insecure-Requests:1
",cf83e1357eefb8bdf1542850d66d8007d620e4050b5715dc83f4a921d36ce9ce47d0d13c5d85f2b0ff8318d2877eec2f63b931bd47417a81a538327af927da3e,"Keep-Alive:timeout=5, max=100
Server:Apache/2.4.7 (Ubuntu)
Connection:Keep-Alive
Pragma:no-cache
Date:Mon, 11 May 2026 20:55:05 GMT
Cache-Control:no-store, no-cache, must-revalidate, post-check=0, pre-check=0
Content-Encoding:gzip
Vary:Accept-Encoding
Expires:Thu, 19 Nov 1981 08:52:00 GMT
Content-Length:1281
X-Powered-By:PHP/5.5.9-1ubuntu4.29
Content-Type:text/html
",aa476b8ab77c040ea9ae5c0f73a3780846a0eec8f79dad65b3a17176bec366c4bc0d003c11aca33cfe98acdf50353c4db33d7db155c1c26b4e281d5658ab74b3,200
http://web/pictures/view.php?picid=10,GET,"Cookie:PHPSESSID=bduljn3us8qcn51cj3fjjpbc43
Accept:text/html,application/xhtml+xml,application/xml;q=0.9,image/avif,image/webp,image/apng,*/*;q=0.8,application/signed-exchange;v=b3;q=0.9
User-Agent:Mozilla/5.0 (X11; Linux x86_64) AppleWebKit/537.36 (KHTML, like Gecko) Chrome/85.0.4183.102 Safari/537.36
Referer:http://web/pictures/recent.php
Upgrade-Insecure-Requests:1
",cf83e1357eefb8bdf1542850d66d8007d620e4050b5715dc83f4a921d36ce9ce47d0d13c5d85f2b0ff8318d2877eec2f63b931bd47417a81a538327af927da3e,"Keep-Alive:timeout=5, max=14
Server:Apache/2.4.7 (Ubuntu)
Connection:Keep-Alive
Pragma:no-cache
Date:Mon, 11 May 2026 20:55:55 GMT
Cache-Control:no-store, no-cache, must-revalidate, post-check=0, pre-check=0
Expires:Thu, 19 Nov 1981 08:52:00 GMT
Content-Length:41
X-Powered-By:PHP/5.5.9-1ubuntu4.29
Location:/users/login.php
Content-Type:text/html
",cf83e1357eefb8bdf1542850d66d8007d620e4050b5715dc83f4a921d36ce9ce47d0d13c5d85f2b0ff8318d2877eec2f63b931bd47417a81a538327af927da3e,303
http://web/users/login.php,GET,"Cookie:PHPSESSID=bduljn3us8qcn51cj3fjjpbc43
Accept:text/html,application/xhtml+xml,application/xml;q=0.9,image/avif,image/webp,image/apng,*/*;q=0.8,application/signed-exchange;v=b3;q=0.9
User-Agent:Mozilla/5.0 (X11; Linux x86_64) AppleWebKit/537.36 (KHTML, like Gecko) Chrome/85.0.4183.102 Safari/537.36
Referer:http://web/pictures/recent.php
Upgrade-Insecure-Requests:1
",cf83e1357eefb8bdf1542850d66d8007d620e4050b5715dc83f4a921d36ce9ce47d0d13c5d85f2b0ff8318d2877eec2f63b931bd47417a81a538327af927da3e,"Keep-Alive:timeout=5, max=5
Server:Apache/2.4.7 (Ubuntu)
Connection:Keep-Alive
Pragma:no-cache
Date:Mon, 11 May 2026 20:55:59 GMT
Cache-Control:no-store, no-cache, must-revalidate, post-check=0, pre-check=0
Content-Encoding:gzip
Vary:Accept-Encoding
Expires:Thu, 19 Nov 1981 08:52:00 GMT
Content-Length:976
X-Powered-By:PHP/5.5.9-1ubuntu4.29
Content-Type:text/html
",0152dd944dfd0006bf86e91b7ffad650df8460807650721725027c6cfe874b7a2a14286939d8696287d17e9d8f3aab881fff449e45759d2b1b7a1e1c4482061d,200
http://web/admin/index.php?page=login,GET,"Cookie:PHPSESSID=bduljn3us8qcn51cj3fjjpbc43
Accept:text/html,application/xhtml+xml,application/xml;q=0.9,image/avif,image/webp,image/apng,*/*;q=0.8,application/signed-exchange;v=b3;q=0.9
User-Agent:Mozilla/5.0 (X11; Linux x86_64) AppleWebKit/537.36 (KHTML, like Gecko) Chrome/85.0.4183.102 Safari/537.36
Referer:http://web/
Upgrade-Insecure-Requests:1
",cf83e1357eefb8bdf1542850d66d8007d620e4050b5715dc83f4a921d36ce9ce47d0d13c5d85f2b0ff8318d2877eec2f63b931bd47417a81a538327af927da3e,"Keep-Alive:timeout=5, max=53
Server:Apache/2.4.7 (Ubuntu)
Connection:Keep-Alive
Pragma:no-cache
Date:Mon, 11 May 2026 20:55:34 GMT
Cache-Control:no-store, no-cache, must-revalidate, post-check=0, pre-check=0
Content-Encoding:gzip
Vary:Accept-Encoding
Expires:Thu, 19 Nov 1981 08:52:00 GMT
Content-Length:215
X-Powered-By:PHP/5.5.9-1ubuntu4.29
Content-Type:text/html
",551014ba9519168602d3ef00957046f29e00a86e6f691db514e7d5dd5e6911d2c5c21964ca08145a025367864aceb6a45750901e0b322ea7e1ca491268fbd4a7,200
http://web/users/login.php,GET,"Cookie:PHPSESSID=bduljn3us8qcn51cj3fjjpbc43
Accept:text/html,application/xhtml+xml,application/xml;q=0.9,image/avif,image/webp,image/apng,*/*;q=0.8,application/signed-exchange;v=b3;q=0.9
User-Agent:Mozilla/5.0 (X11; Linux x86_64) AppleWebKit/537.36 (KHTML, like Gecko) Chrome/85.0.4183.102 Safari/537.36
Referer:http://web/pictures/recent.php
Upgrade-Insecure-Requests:1
",cf83e1357eefb8bdf1542850d66d8007d620e4050b5715dc83f4a921d36ce9ce47d0d13c5d85f2b0ff8318d2877eec2f63b931bd47417a81a538327af927da3e,"Keep-Alive:timeout=5, max=78
Server:Apache/2.4.7 (Ubuntu)
Connection:Keep-Alive
Pragma:no-cache
Date:Mon, 11 May 2026 20:55:17 GMT
Cache-Control:no-store, no-cache, must-revalidate, post-check=0, pre-check=0
Content-Encoding:gzip
Vary:Accept-Encoding
Expires:Thu, 19 Nov 1981 08:52:00 GMT
Content-Length:977
X-Powered-By:PHP/5.5.9-1ubuntu4.29
Content-Type:text/html
",36aba871d7f0ccc7473f9aabdf460ecbae70a6baab28cd99e9df6d91b1e4acf584afdd6db3aba90eeb6897dd03c5e96b746c44493dc2577191290ae1817e9b4f,200
http://web/upload/doggie/Dog.jpg.128_128.jpg,GET,"Cookie:PHPSESSID=bduljn3us8qcn51cj3fjjpbc43
Accept:image/avif,image/webp,image/apng,image/*,*/*;q=0.8
User-Agent:Mozilla/5.0 (X11; Linux x86_64) AppleWebKit/537.36 (KHTML, like Gecko) Chrome/85.0.4183.102 Safari/537.36
Referer:http://web/users/sample.php?userid=1
",cf83e1357eefb8bdf1542850d66d8007d620e4050b5715dc83f4a921d36ce9ce47d0d13c5d85f2b0ff8318d2877eec2f63b931bd47417a81a538327af927da3e,"Server:Apache/2.4.7 (Ubuntu)
Last-Modified:Thu, 02 Feb 2017 22:24:09 GMT
Date:Mon, 11 May 2026 20:55:14 GMT
Accept-Ranges:bytes
ETag:""30b7-547939fb8b440""
Content-Length:12471
Content-Type:image/jpeg
",69d56f0425632e752413df2dedbeab35c78b04f88b4b5e0c3ff3c082644643ba0b4ecff40c05ff2c89177b1d27351cfad091a14195a74b8f1a0a38960c402f09,200
http://web/users/home.php,GET,"Cookie:PHPSESSID=bduljn3us8qcn51cj3fjjpbc43
Accept:text/html,application/xhtml+xml,application/xml;q=0.9,image/avif,image/webp,image/apng,*/*;q=0.8,application/signed-exchange;v=b3;q=0.9
User-Agent:Mozilla/5.0 (X11; Linux x86_64) AppleWebKit/537.36 (KHTML, like Gecko) Chrome/85.0.4183.102 Safari/537.36
Referer:http://web/users/login.php
Upgrade-Insecure-Requests:1
",cf83e1357eefb8bdf1542850d66d8007d620e4050b5715dc83f4a921d36ce9ce47d0d13c5d85f2b0ff8318d2877eec2f63b931bd47417a81a538327af927da3e,"Keep-Alive:timeout=5, max=88
Server:Apache/2.4.7 (Ubuntu)
Connection:Keep-Alive
Pragma:no-cache
Date:Mon, 11 May 2026 20:55:12 GMT
Cache-Control:no-store, no-cache, must-revalidate, post-check=0, pre-check=0
Expires:Thu, 19 Nov 1981 08:52:00 GMT
Content-Length:41
X-Powered-By:PHP/5.5.9-1ubuntu4.29
Location:/users/login.php
Content-Type:text/html
",cf83e1357eefb8bdf1542850d66d8007d620e4050b5715dc83f4a921d36ce9ce47d0d13c5d85f2b0ff8318d2877eec2f63b931bd47417a81a538327af927da3e,303
http://web/pictures/view.php?picid=7,GET,"Cookie:PHPSESSID=bduljn3us8qcn51cj3fjjpbc43
Accept:text/html,application/xhtml+xml,application/xml;q=0.9,image/avif,image/webp,image/apng,*/*;q=0.8,application/signed-exchange;v=b3;q=0.9
User-Agent:Mozilla/5.0 (X11; Linux x86_64) AppleWebKit/537.36 (KHTML, like Gecko) Chrome/85.0.4183.102 Safari/537.36
Referer:http://web/pictures/recent.php
Upgrade-Insecure-Requests:1
",cf83e1357eefb8bdf1542850d66d8007d620e4050b5715dc83f4a921d36ce9ce47d0d13c5d85f2b0ff8318d2877eec2f63b931bd47417a81a538327af927da3e,"Keep-Alive:timeout=5, max=2
Server:Apache/2.4.7 (Ubuntu)
Connection:Keep-Alive
Pragma:no-cache
Date:Mon, 11 May 2026 20:56:00 GMT
Cache-Control:no-store, no-cache, must-revalidate, post-check=0, pre-check=0
Expires:Thu, 19 Nov 1981 08:52:00 GMT
Content-Length:41
X-Powered-By:PHP/5.5.9-1ubuntu4.29
Location:/users/login.php
Content-Type:text/html
",cf83e1357eefb8bdf1542850d66d8007d620e4050b5715dc83f4a921d36ce9ce47d0d13c5d85f2b0ff8318d2877eec2f63b931bd47417a81a538327af927da3e,303
http://web/,GET,"Cookie:PHPSESSID=bduljn3us8qcn51cj3fjjpbc43
Accept:text/html,application/xhtml+xml,application/xml;q=0.9,image/avif,image/webp,image/apng,*/*;q=0.8,application/signed-exchange;v=b3;q=0.9
User-Agent:Mozilla/5.0 (X11; Linux x86_64) AppleWebKit/537.36 (KHTML, like Gecko) Chrome/85.0.4183.102 Safari/537.36
Upgrade-Insecure-Requests:1
",cf83e1357eefb8bdf1542850d66d8007d620e4050b5715dc83f4a921d36ce9ce47d0d13c5d85f2b0ff8318d2877eec2f63b931bd47417a81a538327af927da3e,"Keep-Alive:timeout=5, max=58
Server:Apache/2.4.7 (Ubuntu)
Connection:Keep-Alive
Pragma:no-cache
Date:Mon, 11 May 2026 20:56:29 GMT
Cache-Control:no-store, no-cache, must-revalidate, post-check=0, pre-check=0
Content-Encoding:gzip
Vary:Accept-Encoding
Expires:Thu, 19 Nov 1981 08:52:00 GMT
Content-Length:1283
X-Powered-By:PHP/5.5.9-1ubuntu4.29
Content-Type:text/html
",75e7ab333a92631f09d82bdbd0e77678c534117967020d8d927f9dd5d456abbe4c6d47e63bd7a041b7678568ee40ed57da73adafdafd3355c9ef7472f7482947,200
http://web/pictures/upload.php,GET,"Cookie:PHPSESSID=bduljn3us8qcn51cj3fjjpbc43
Accept:text/html,application/xhtml+xml,application/xml;q=0.9,image/avif,image/webp,image/apng,*/*;q=0.8,application/signed-exchange;v=b3;q=0.9
User-Agent:Mozilla/5.0 (X11; Linux x86_64) AppleWebKit/537.36 (KHTML, like Gecko) Chrome/85.0.4183.102 Safari/537.36
Referer:http://web/calendar.php
Upgrade-Insecure-Requests:1
",cf83e1357eefb8bdf1542850d66d8007d620e4050b5715dc83f4a921d36ce9ce47d0d13c5d85f2b0ff8318d2877eec2f63b931bd47417a81a538327af927da3e,"Keep-Alive:timeout=5, max=49
Server:Apache/2.4.7 (Ubuntu)
Connection:Keep-Alive
Pragma:no-cache
Date:Mon, 11 May 2026 20:56:34 GMT
Cache-Control:no-store, no-cache, must-revalidate, post-check=0, pre-check=0
Expires:Thu, 19 Nov 1981 08:52:00 GMT
Content-Length:41
X-Powered-By:PHP/5.5.9-1ubuntu4.29
Location:/users/login.php
Content-Type:text/html
",cf83e1357eefb8bdf1542850d66d8007d620e4050b5715dc83f4a921d36ce9ce47d0d13c5d85f2b0ff8318d2877eec2f63b931bd47417a81a538327af927da3e,303
http://web/,GET,"Cookie:PHPSESSID=bduljn3us8qcn51cj3fjjpbc43
Accept:text/html,application/xhtml+xml,application/xml;q=0.9,image/avif,image/webp,image/apng,*/*;q=0.8,application/signed-exchange;v=b3;q=0.9
User-Agent:Mozilla/5.0 (X11; Linux x86_64) AppleWebKit/537.36 (KHTML, like Gecko) Chrome/85.0.4183.102 Safari/537.36
Upgrade-Insecure-Requests:1
",cf83e1357eefb8bdf1542850d66d8007d620e4050b5715dc83f4a921d36ce9ce47d0d13c5d85f2b0ff8318d2877eec2f63b931bd47417a81a538327af927da3e,"Keep-Alive:timeout=5, max=95
Server:Apache/2.4.7 (Ubuntu)
Connection:Keep-Alive
Pragma:no-cache
Date:Mon, 11 May 2026 20:56:05 GMT
Cache-Control:no-store, no-cache, must-revalidate, post-check=0, pre-check=0
Content-Encoding:gzip
Vary:Accept-Encoding
Expires:Thu, 19 Nov 1981 08:52:00 GMT
Content-Length:1284
X-Powered-By:PHP/5.5.9-1ubuntu4.29
Content-Type:text/html
",0ff99fd8ebae50f4e1266a781a9c5fa320aea769e4d1e420516c39c93c40164695bd885b436e32d547a667f56f910eea53455d3e4f1f599e05bed8c6ca6e8078,200
http://web/,GET,"Cookie:PHPSESSID=bduljn3us8qcn51cj3fjjpbc43
Accept:text/html,application/xhtml+xml,application/xml;q=0.9,image/avif,image/webp,image/apng,*/*;q=0.8,application/signed-exchange;v=b3;q=0.9
User-Agent:Mozilla/5.0 (X11; Linux x86_64) AppleWebKit/537.36 (KHTML, like Gecko) Chrome/85.0.4183.102 Safari/537.36
Upgrade-Insecure-Requests:1
",cf83e1357eefb8bdf1542850d66d8007d620e4050b5715dc83f4a921d36ce9ce47d0d13c5d85f2b0ff8318d2877eec2f63b931bd47417a81a538327af927da3e,"Keep-Alive:timeout=5, max=52
Server:Apache/2.4.7 (Ubuntu)
Connection:Keep-Alive
Pragma:no-cache
Date:Mon, 11 May 2026 20:55:35 GMT
Cache-Control:no-store, no-cache, must-revalidate, post-check=0, pre-check=0
Content-Encoding:gzip
Vary:Accept-Encoding
Expires:Thu, 19 Nov 1981 08:52:00 GMT
Content-Length:1284
X-Powered-By:PHP/5.5.9-1ubuntu4.29
Content-Type:text/html
",ccf3941c14fe16eeb2dab3f35882b6847680c9310ec2f7c6b0c6114c9dbacee0fe7504e780f8c18458ff59a9cd5b0011a58f19a3c10408fe4dc497a42ccda27c,200
http://web/,GET,"Cookie:PHPSESSID=bduljn3us8qcn51cj3fjjpbc43
Accept:text/html,application/xhtml+xml,application/xml;q=0.9,image/avif,image/webp,image/apng,*/*;q=0.8,application/signed-exchange;v=b3;q=0.9
User-Agent:Mozilla/5.0 (X11; Linux x86_64) AppleWebKit/537.36 (KHTML, like Gecko) Chrome/85.0.4183.102 Safari/537.36
Upgrade-Insecure-Requests:1
",cf83e1357eefb8bdf1542850d66d8007d620e4050b5715dc83f4a921d36ce9ce47d0d13c5d85f2b0ff8318d2877eec2f63b931bd47417a81a538327af927da3e,"Keep-Alive:timeout=5, max=47
Server:Apache/2.4.7 (Ubuntu)
Connection:Keep-Alive
Pragma:no-cache
Date:Mon, 11 May 2026 20:56:35 GMT
Cache-Control:no-store, no-cache, must-revalidate, post-check=0, pre-check=0
Content-Encoding:gzip
Vary:Accept-Encoding
Expires:Thu, 19 Nov 1981 08:52:00 GMT
Content-Length:1284
X-Powered-By:PHP/5.5.9-1ubuntu4.29
Content-Type:text/html
",390a2a2c3d373b5e8f5431ecff7fb8952249007f25cb49356df34bc411dc153f61d079ad27a3d427c481045fbd1fb4a29620cb7ab266edc5fb9279fdcafc0f16,200
http://web/upload/waterfall/Waterfall.128_128.jpg,GET,"Cookie:PHPSESSID=bduljn3us8qcn51cj3fjjpbc43
Accept:image/avif,image/webp,image/apng,image/*,*/*;q=0.8
User-Agent:Mozilla/5.0 (X11; Linux x86_64) AppleWebKit/537.36 (KHTML, like Gecko) Chrome/85.0.4183.102 Safari/537.36
Referer:http://web/pictures/recent.php
",cf83e1357eefb8bdf1542850d66d8007d620e4050b5715dc83f4a921d36ce9ce47d0d13c5d85f2b0ff8318d2877eec2f63b931bd47417a81a538327af927da3e,"Keep-Alive:timeout=5, max=100
Server:Apache/2.4.7 (Ubuntu)
Connection:Keep-Alive
Last-Modified:Thu, 02 Feb 2017 22:24:09 GMT
Date:Mon, 11 May 2026 20:55:14 GMT
Accept-Ranges:bytes
ETag:""3950-547939fb8b440""
Content-Length:14672
Content-Type:image/jpeg
",b4cf82dbfa6dd1d66ab0e526149bcfb14444941e01c00d5afee0b0a79ee6168b00bc6969f9ad0fdf9b2b75a6ddf60da5fffbc01ffad4f107b0001c213260c858,200
http://web/calendar.php?date=1778619402,GET,"Cookie:PHPSESSID=bduljn3us8qcn51cj3fjjpbc43
Accept:text/html,application/xhtml+xml,application/xml;q=0.9,image/avif,image/webp,image/apng,*/*;q=0.8,application/signed-exchange;v=b3;q=0.9
User-Agent:Mozilla/5.0 (X11; Linux x86_64) AppleWebKit/537.36 (KHTML, like Gecko) Chrome/85.0.4183.102 Safari/537.36
Referer:http://web/calendar.php
Upgrade-Insecure-Requests:1
",cf83e1357eefb8bdf1542850d66d8007d620e4050b5715dc83f4a921d36ce9ce47d0d13c5d85f2b0ff8318d2877eec2f63b931bd47417a81a538327af927da3e,"Keep-Alive:timeout=5, max=36
Server:Apache/2.4.7 (Ubuntu)
Connection:Keep-Alive
Pragma:no-cache
Date:Mon, 11 May 2026 20:56:42 GMT
Cache-Control:no-store, no-cache, must-revalidate, post-check=0, pre-check=0
Content-Encoding:gzip
Vary:Accept-Encoding
Expires:Thu, 19 Nov 1981 08:52:00 GMT
Content-Length:944
X-Powered-By:PHP/5.5.9-1ubuntu4.29
Content-Type:text/html
",670f07b0113e344fecb7fc975d653325239e84a73f42f356cc435d2736b8037d0c2c21e9f0e0d0d3aa093f6b13fc305a4767bdadee2979311dd6fa6c9e635719,200
http://web/,GET,"Cookie:PHPSESSID=bduljn3us8qcn51cj3fjjpbc43
Accept:text/html,application/xhtml+xml,application/xml;q=0.9,image/avif,image/webp,image/apng,*/*;q=0.8,application/signed-exchange;v=b3;q=0.9
User-Agent:Mozilla/5.0 (X11; Linux x86_64) AppleWebKit/537.36 (KHTML, like Gecko) Chrome/85.0.4183.102 Safari/537.36
Referer:http://web/calendar.php?date=1778619402
Upgrade-Insecure-Requests:1
",cf83e1357eefb8bdf1542850d66d8007d620e4050b5715dc83f4a921d36ce9ce47d0d13c5d85f2b0ff8318d2877eec2f63b931bd47417a81a538327af927da3e,"Keep-Alive:timeout=5, max=35
Server:Apache/2.4.7 (Ubuntu)
Connection:Keep-Alive
Pragma:no-cache
Date:Mon, 11 May 2026 20:56:43 GMT
Cache-Control:no-store, no-cache, must-revalidate, post-check=0, pre-check=0
Content-Encoding:gzip
Vary:Accept-Encoding
Expires:Thu, 19 Nov 1981 08:52:00 GMT
Content-Length:1284
X-Powered-By:PHP/5.5.9-1ubuntu4.29
Content-Type:text/html
",e76644f4de4c50249c1d3d79f04b81938c7006436b8243ff1f172522296b38e0f5cf9ceaa22d4962e908638771180a20d280a6fca2e0712f4245ce9df4f15d32,200
http://web/upload/doggie/Dog.jpg.128_128.jpg,GET,"Cookie:PHPSESSID=bduljn3us8qcn51cj3fjjpbc43
Accept:image/avif,image/webp,image/apng,image/*,*/*;q=0.8
User-Agent:Mozilla/5.0 (X11; Linux x86_64) AppleWebKit/537.36 (KHTML, like Gecko) Chrome/85.0.4183.102 Safari/537.36
Referer:http://web/pictures/recent.php
",cf83e1357eefb8bdf1542850d66d8007d620e4050b5715dc83f4a921d36ce9ce47d0d13c5d85f2b0ff8318d2877eec2f63b931bd47417a81a538327af927da3e,"Keep-Alive:timeout=5, max=100
Server:Apache/2.4.7 (Ubuntu)
Connection:Keep-Alive
Last-Modified:Thu, 02 Feb 2017 22:24:09 GMT
Date:Mon, 11 May 2026 20:55:14 GMT
Accept-Ranges:bytes
ETag:""30b7-547939fb8b440""
Content-Length:12471
Content-Type:image/jpeg
",69d56f0425632e752413df2dedbeab35c78b04f88b4b5e0c3ff3c082644643ba0b4ecff40c05ff2c89177b1d27351cfad091a14195a74b8f1a0a38960c402f09,200
http://web/users/sample.php?userid=1,GET,"Cookie:PHPSESSID=bduljn3us8qcn51cj3fjjpbc43
Accept:text/html,application/xhtml+xml,application/xml;q=0.9,image/avif,image/webp,image/apng,*/*;q=0.8,application/signed-exchange;v=b3;q=0.9
User-Agent:Mozilla/5.0 (X11; Linux x86_64) AppleWebKit/537.36 (KHTML, like Gecko) Chrome/85.0.4183.102 Safari/537.36
Referer:http://web/
Upgrade-Insecure-Requests:1
",cf83e1357eefb8bdf1542850d66d8007d620e4050b5715dc83f4a921d36ce9ce47d0d13c5d85f2b0ff8318d2877eec2f63b931bd47417a81a538327af927da3e,"Keep-Alive:timeout=5, max=61
Server:Apache/2.4.7 (Ubuntu)
Connection:Keep-Alive
Pragma:no-cache
Date:Mon, 11 May 2026 20:55:29 GMT
Cache-Control:no-store, no-cache, must-revalidate, post-check=0, pre-check=0
Content-Encoding:gzip
Vary:Accept-Encoding
Expires:Thu, 19 Nov 1981 08:52:00 GMT
Content-Length:983
X-Powered-By:PHP/5.5.9-1ubuntu4.29
Content-Type:text/html
",69bdc4667114b3f2544af67772d5c12cf42fc4a84e49e402f06a7bb3523d5c7f1ec84badf99269f95a584ae909bf63180fd7ad947090b284c296380971d7a651,200
http://web/upload/house/our_house.128_128.jpg,GET,"Cookie:PHPSESSID=bduljn3us8qcn51cj3fjjpbc43
Accept:image/avif,image/webp,image/apng,image/*,*/*;q=0.8
User-Agent:Mozilla/5.0 (X11; Linux x86_64) AppleWebKit/537.36 (KHTML, like Gecko) Chrome/85.0.4183.102 Safari/537.36
Referer:http://web/pictures/recent.php
",cf83e1357eefb8bdf1542850d66d8007d620e4050b5715dc83f4a921d36ce9ce47d0d13c5d85f2b0ff8318d2877eec2f63b931bd47417a81a538327af927da3e,"Server:Apache/2.4.7 (Ubuntu)
Last-Modified:Thu, 02 Feb 2017 22:24:09 GMT
Date:Mon, 11 May 2026 20:55:14 GMT
Accept-Ranges:bytes
ETag:""309c-547939fb8b440""
Content-Length:12444
Content-Type:image/jpeg
",7398d28ba3dbb6919f8252647510815990d20ed11d0df1881c26de538c790d1114201d4bbee0c5dbf69074677723ca5f4759e3c0f31ab392c87362001168c7d8,200
http://web/users/login.php,GET,"Cookie:PHPSESSID=bduljn3us8qcn51cj3fjjpbc43
Accept:text/html,application/xhtml+xml,application/xml;q=0.9,image/avif,image/webp,image/apng,*/*;q=0.8,application/signed-exchange;v=b3;q=0.9
User-Agent:Mozilla/5.0 (X11; Linux x86_64) AppleWebKit/537.36 (KHTML, like Gecko) Chrome/85.0.4183.102 Safari/537.36
Referer:http://web/guestbook.php
Upgrade-Insecure-Requests:1
",cf83e1357eefb8bdf1542850d66d8007d620e4050b5715dc83f4a921d36ce9ce47d0d13c5d85f2b0ff8318d2877eec2f63b931bd47417a81a538327af927da3e,"Keep-Alive:timeout=5, max=73
Server:Apache/2.4.7 (Ubuntu)
Connection:Keep-Alive
Pragma:no-cache
Date:Mon, 11 May 2026 20:55:20 GMT
Cache-Control:no-store, no-cache, must-revalidate, post-check=0, pre-check=0
Content-Encoding:gzip
Vary:Accept-Encoding
Expires:Thu, 19 Nov 1981 08:52:00 GMT
Content-Length:977
X-Powered-By:PHP/5.5.9-1ubuntu4.29
Content-Type:text/html
",bf8db4fa1d031f9e7ac76b39e751680eb30dd0161ee6a938e23abf3cf6fa7bb2211dea9c7d7ca34f27e5c847149d2af02a4d18f0d809fe0b965262c4b0308ca3,200
http://web/,GET,"Cookie:PHPSESSID=bduljn3us8qcn51cj3fjjpbc43
Accept:text/html,application/xhtml+xml,application/xml;q=0.9,image/avif,image/webp,image/apng,*/*;q=0.8,application/signed-exchange;v=b3;q=0.9
User-Agent:Mozilla/5.0 (X11; Linux x86_64) AppleWebKit/537.36 (KHTML, like Gecko) Chrome/85.0.4183.102 Safari/537.36
Upgrade-Insecure-Requests:1
",cf83e1357eefb8bdf1542850d66d8007d620e4050b5715dc83f4a921d36ce9ce47d0d13c5d85f2b0ff8318d2877eec2f63b931bd47417a81a538327af927da3e,"Keep-Alive:timeout=5, max=51
Server:Apache/2.4.7 (Ubuntu)
Connection:Keep-Alive
Pragma:no-cache
Date:Mon, 11 May 2026 20:56:33 GMT
Cache-Control:no-store, no-cache, must-revalidate, post-check=0, pre-check=0
Content-Encoding:gzip
Vary:Accept-Encoding
Expires:Thu, 19 Nov 1981 08:52:00 GMT
Content-Length:1284
X-Powered-By:PHP/5.5.9-1ubuntu4.29
Content-Type:text/html
",6c80f55c028947525cc58e88143d0637742f9f3faa13aec3cd885fa200a1476b27531f680b459f1f7acb264cd1d75e9442642fdf7a8b620df733293c00f5572f,200
http://web/calendar.php,GET,"Cookie:PHPSESSID=bduljn3us8qcn51cj3fjjpbc43
Accept:text/html,application/xhtml+xml,application/xml;q=0.9,image/avif,image/webp,image/apng,*/*;q=0.8,application/signed-exchange;v=b3;q=0.9
User-Agent:Mozilla/5.0 (X11; Linux x86_64) AppleWebKit/537.36 (KHTML, like Gecko) Chrome/85.0.4183.102 Safari/537.36
Referer:http://web/
Upgrade-Insecure-Requests:1
",cf83e1357eefb8bdf1542850d66d8007d620e4050b5715dc83f4a921d36ce9ce47d0d13c5d85f2b0ff8318d2877eec2f63b931bd47417a81a538327af927da3e,"Keep-Alive:timeout=5, max=37
Server:Apache/2.4.7 (Ubuntu)
Connection:Keep-Alive
Pragma:no-cache
Date:Mon, 11 May 2026 20:56:42 GMT
Cache-Control:no-store, no-cache, must-revalidate, post-check=0, pre-check=0
Content-Encoding:gzip
Vary:Accept-Encoding
Expires:Thu, 19 Nov 1981 08:52:00 GMT
Content-Length:942
X-Powered-By:PHP/5.5.9-1ubuntu4.29
Content-Type:text/html
",8ee312efa6197b4eca72f99f1efe97455d96eb67c9c87909bdaf40b29f9b86ebab1141d411797ac2852b41da387f46179155044586b87e82c9858a99eddd8deb,200
http://web/guestbook.php,GET,"Cookie:PHPSESSID=bduljn3us8qcn51cj3fjjpbc43
Accept:text/html,application/xhtml+xml,application/xml;q=0.9,image/avif,image/webp,image/apng,*/*;q=0.8,application/signed-exchange;v=b3;q=0.9
User-Agent:Mozilla/5.0 (X11; Linux x86_64) AppleWebKit/537.36 (KHTML, like Gecko) Chrome/85.0.4183.102 Safari/537.36
Referer:http://web/
Upgrade-Insecure-Requests:1
",cf83e1357eefb8bdf1542850d66d8007d620e4050b5715dc83f4a921d36ce9ce47d0d13c5d85f2b0ff8318d2877eec2f63b931bd47417a81a538327af927da3e,"Keep-Alive:timeout=5, max=89
Server:Apache/2.4.7 (Ubuntu)
Connection:Keep-Alive
Pragma:no-cache
Date:Mon, 11 May 2026 20:56:09 GMT
Cache-Control:no-store, no-cache, must-revalidate, post-check=0, pre-check=0
Content-Encoding:gzip
Vary:Accept-Encoding
Expires:Thu, 19 Nov 1981 08:52:00 GMT
Content-Length:999
X-Powered-By:PHP/5.5.9-1ubuntu4.29
Content-Type:text/html
",bc16d369252bd152dd2b7d0d2c430d978fc376ebc8eca7e89c6b87f106da5da3d4ae2e691c68635eb4b69531b5034a26dfbfe1a4ec5878a8053b5d8996f55078,200
http://web/guestbook.php,GET,"Cookie:PHPSESSID=bduljn3us8qcn51cj3fjjpbc43
Accept:text/html,application/xhtml+xml,application/xml;q=0.9,image/avif,image/webp,image/apng,*/*;q=0.8,application/signed-exchange;v=b3;q=0.9
User-Agent:Mozilla/5.0 (X11; Linux x86_64) AppleWebKit/537.36 (KHTML, like Gecko) Chrome/85.0.4183.102 Safari/537.36
Referer:http://web/guestbook.php
Upgrade-Insecure-Requests:1
",cf83e1357eefb8bdf1542850d66d8007d620e4050b5715dc83f4a921d36ce9ce47d0d13c5d85f2b0ff8318d2877eec2f63b931bd47417a81a538327af927da3e,"Keep-Alive:timeout=5, max=85
Server:Apache/2.4.7 (Ubuntu)
Connection:Keep-Alive
Pragma:no-cache
Date:Mon, 11 May 2026 20:56:11 GMT
Cache-Control:no-store, no-cache, must-revalidate, post-check=0, pre-check=0
Content-Encoding:gzip
Vary:Accept-Encoding
Expires:Thu, 19 Nov 1981 08:52:00 GMT
Content-Length:999
X-Powered-By:PHP/5.5.9-1ubuntu4.29
Content-Type:text/html
",19a9752176f67a1b68c0ca5bb14969f5a53b62138e01181b4c3ea36397318c986d1af6eccb5237bd298dae12ae8cf1d314be7c61f49b73f633cbcbdeb229c26f,200
http://web/users/register.php,GET,"Cookie:PHPSESSID=bduljn3us8qcn51cj3fjjpbc43
Accept:text/html,application/xhtml+xml,application/xml;q=0.9,image/avif,image/webp,image/apng,*/*;q=0.8,application/signed-exchange;v=b3;q=0.9
User-Agent:Mozilla/5.0 (X11; Linux x86_64) AppleWebKit/537.36 (KHTML, like Gecko) Chrome/85.0.4183.102 Safari/537.36
Referer:http://web/
Upgrade-Insecure-Requests:1
",cf83e1357eefb8bdf1542850d66d8007d620e4050b5715dc83f4a921d36ce9ce47d0d13c5d85f2b0ff8318d2877eec2f63b931bd47417a81a538327af927da3e,"Keep-Alive:timeout=5, max=64
Server:Apache/2.4.7 (Ubuntu)
Connection:Keep-Alive
Pragma:no-cache
Date:Mon, 11 May 2026 20:55:26 GMT
Cache-Control:no-store, no-cache, must-revalidate, post-check=0, pre-check=0
Content-Encoding:gzip
Vary:Accept-Encoding
Expires:Thu, 19 Nov 1981 08:52:00 GMT
Content-Length:1100
X-Powered-By:PHP/5.5.9-1ubuntu4.29
Content-Type:text/html
",28f9898e15baaa738642d8d68bb9b5c126ea7bdce78c687269c26921ba219ca3b01495341d9a8ea617d9f91fd7f70367e5098572a682b10d33ed23d76323f4cf,200
http://web/tos.php,GET,"Cookie:PHPSESSID=bduljn3us8qcn51cj3fjjpbc43
Accept:text/html,application/xhtml+xml,application/xml;q=0.9,image/avif,image/webp,image/apng,*/*;q=0.8,application/signed-exchange;v=b3;q=0.9
User-Agent:Mozilla/5.0 (X11; Linux x86_64) AppleWebKit/537.36 (KHTML, like Gecko) Chrome/85.0.4183.102 Safari/537.36
Referer:http://web/
Upgrade-Insecure-Requests:1
",cf83e1357eefb8bdf1542850d66d8007d620e4050b5715dc83f4a921d36ce9ce47d0d13c5d85f2b0ff8318d2877eec2f63b931bd47417a81a538327af927da3e,"Keep-Alive:timeout=5, max=66
Server:Apache/2.4.7 (Ubuntu)
Connection:Keep-Alive
Pragma:no-cache
Date:Mon, 11 May 2026 20:56:24 GMT
Cache-Control:no-store, no-cache, must-revalidate, post-check=0, pre-check=0
Content-Encoding:gzip
Vary:Accept-Encoding
Expires:Thu, 19 Nov 1981 08:52:00 GMT
Content-Length:10229
X-Powered-By:PHP/5.5.9-1ubuntu4.29
Content-Type:text/html
",4ae3ed9207b97485ed61ec699f0b9be97cffb83385d5bdb3ae732d417fd7fefe60c8e6156030316d506e6bb6e7dc571bc31e0963288992c11ff49e835aab0bed,200
http://web/calendar.php,GET,"Cookie:PHPSESSID=bduljn3us8qcn51cj3fjjpbc43
Accept:text/html,application/xhtml+xml,application/xml;q=0.9,image/avif,image/webp,image/apng,*/*;q=0.8,application/signed-exchange;v=b3;q=0.9
User-Agent:Mozilla/5.0 (X11; Linux x86_64) AppleWebKit/537.36 (KHTML, like Gecko) Chrome/85.0.4183.102 Safari/537.36
Referer:http://web/
Upgrade-Insecure-Requests:1
",cf83e1357eefb8bdf1542850d66d8007d620e4050b5715dc83f4a921d36ce9ce47d0d13c5d85f2b0ff8318d2877eec2f63b931bd47417a81a538327af927da3e,"Keep-Alive:timeout=5, max=54
Server:Apache/2.4.7 (Ubuntu)
Connection:Keep-Alive
Pragma:no-cache
Date:Mon, 11 May 2026 20:56:32 GMT
Cache-Control:no-store, no-cache, must-revalidate, post-check=0, pre-check=0
Content-Encoding:gzip
Vary:Accept-Encoding
Expires:Thu, 19 Nov 1981 08:52:00 GMT
Content-Length:943
X-Powered-By:PHP/5.5.9-1ubuntu4.29
Content-Type:text/html
",80bc100b2b40a8a915b87fb710b597b7250f658baf4e305d815f44d373c0027e7fdf0c83e3802e67466fba84884c66ef671e466371d089afe4ed6adc0cf0e007,200
http://web/,GET,"Cookie:PHPSESSID=bduljn3us8qcn51cj3fjjpbc43
Accept:text/html,application/xhtml+xml,application/xml;q=0.9,image/avif,image/webp,image/apng,*/*;q=0.8,application/signed-exchange;v=b3;q=0.9
User-Agent:Mozilla/5.0 (X11; Linux x86_64) AppleWebKit/537.36 (KHTML, like Gecko) Chrome/85.0.4183.102 Safari/537.36
Upgrade-Insecure-Requests:1
",cf83e1357eefb8bdf1542850d66d8007d620e4050b5715dc83f4a921d36ce9ce47d0d13c5d85f2b0ff8318d2877eec2f63b931bd47417a81a538327af927da3e,"Keep-Alive:timeout=5, max=34
Server:Apache/2.4.7 (Ubuntu)
Connection:Keep-Alive
Pragma:no-cache
Date:Mon, 11 May 2026 20:56:43 GMT
Cache-Control:no-store, no-cache, must-revalidate, post-check=0, pre-check=0
Content-Encoding:gzip
Vary:Accept-Encoding
Expires:Thu, 19 Nov 1981 08:52:00 GMT
Content-Length:1284
X-Powered-By:PHP/5.5.9-1ubuntu4.29
Content-Type:text/html
",af2f16f90f610b23402b4b1f3678c0b7a29d64b8fa90452c43f657f618d1b721fe2df1032b50b4bd0c8e83cf5eec9f1a590c30ba792c3389fc79c1c74a49dafe,200
http://web/users/login.php,GET,"Cookie:PHPSESSID=bduljn3us8qcn51cj3fjjpbc43
Accept:text/html,application/xhtml+xml,application/xml;q=0.9,image/avif,image/webp,image/apng,*/*;q=0.8,application/signed-exchange;v=b3;q=0.9
User-Agent:Mozilla/5.0 (X11; Linux x86_64) AppleWebKit/537.36 (KHTML, like Gecko) Chrome/85.0.4183.102 Safari/537.36
Referer:http://web/pictures/recent.php
Upgrade-Insecure-Requests:1
",cf83e1357eefb8bdf1542850d66d8007d620e4050b5715dc83f4a921d36ce9ce47d0d13c5d85f2b0ff8318d2877eec2f63b931bd47417a81a538327af927da3e,"Keep-Alive:timeout=5, max=33
Server:Apache/2.4.7 (Ubuntu)
Connection:Keep-Alive
Pragma:no-cache
Date:Mon, 11 May 2026 20:55:45 GMT
Cache-Control:no-store, no-cache, must-revalidate, post-check=0, pre-check=0
Content-Encoding:gzip
Vary:Accept-Encoding
Expires:Thu, 19 Nov 1981 08:52:00 GMT
Content-Length:977
X-Powered-By:PHP/5.5.9-1ubuntu4.29
Content-Type:text/html
",758abe981ef7d4c3025a4ce656658aea83c8fba08c72ef3ad9004503ec1035f5576954a882ccc73d850fd10e14994f136b11192ea884210ee1dabfb0ef8b5ac8,200
http://web/pictures/recent.php,GET,"Cookie:PHPSESSID=bduljn3us8qcn51cj3fjjpbc43
Accept:text/html,application/xhtml+xml,application/xml;q=0.9,image/avif,image/webp,image/apng,*/*;q=0.8,application/signed-exchange;v=b3;q=0.9
User-Agent:Mozilla/5.0 (X11; Linux x86_64) AppleWebKit/537.36 (KHTML, like Gecko) Chrome/85.0.4183.102 Safari/537.36
Referer:http://web/
Upgrade-Insecure-Requests:1
",cf83e1357eefb8bdf1542850d66d8007d620e4050b5715dc83f4a921d36ce9ce47d0d13c5d85f2b0ff8318d2877eec2f63b931bd47417a81a538327af927da3e,"Keep-Alive:timeout=5, max=31
Server:Apache/2.4.7 (Ubuntu)
Connection:Keep-Alive
Pragma:no-cache
Date:Mon, 11 May 2026 20:55:46 GMT
Cache-Control:no-store, no-cache, must-revalidate, post-check=0, pre-check=0
Content-Encoding:gzip
Vary:Accept-Encoding
Expires:Thu, 19 Nov 1981 08:52:00 GMT
Content-Length:1088
X-Powered-By:PHP/5.5.9-1ubuntu4.29
Content-Type:text/html
",66d60e03cfbe9179f3be46dc508ac6f080f651d09f848f0570024b8c08dbfefad2fddba5cc5c98ffa95c3bd4e3c34f7537281b1d0435f6ce9ae01a51b4330582,200
http://web/pictures/view.php?picid=8,GET,"Cookie:PHPSESSID=bduljn3us8qcn51cj3fjjpbc43
Accept:text/html,application/xhtml+xml,application/xml;q=0.9,image/avif,image/webp,image/apng,*/*;q=0.8,application/signed-exchange;v=b3;q=0.9
User-Agent:Mozilla/5.0 (X11; Linux x86_64) AppleWebKit/537.36 (KHTML, like Gecko) Chrome/85.0.4183.102 Safari/537.36
Referer:http://web/pictures/recent.php
Upgrade-Insecure-Requests:1
",cf83e1357eefb8bdf1542850d66d8007d620e4050b5715dc83f4a921d36ce9ce47d0d13c5d85f2b0ff8318d2877eec2f63b931bd47417a81a538327af927da3e,"Keep-Alive:timeout=5, max=6
Server:Apache/2.4.7 (Ubuntu)
Connection:Keep-Alive
Pragma:no-cache
Date:Mon, 11 May 2026 20:55:59 GMT
Cache-Control:no-store, no-cache, must-revalidate, post-check=0, pre-check=0
Expires:Thu, 19 Nov 1981 08:52:00 GMT
Content-Length:41
X-Powered-By:PHP/5.5.9-1ubuntu4.29
Location:/users/login.php
Content-Type:text/html
",cf83e1357eefb8bdf1542850d66d8007d620e4050b5715dc83f4a921d36ce9ce47d0d13c5d85f2b0ff8318d2877eec2f63b931bd47417a81a538327af927da3e,303
http://web/,GET,"Cookie:PHPSESSID=bduljn3us8qcn51cj3fjjpbc43
Accept:text/html,application/xhtml+xml,application/xml;q=0.9,image/avif,image/webp,image/apng,*/*;q=0.8,application/signed-exchange;v=b3;q=0.9
User-Agent:Mozilla/5.0 (X11; Linux x86_64) AppleWebKit/537.36 (KHTML, like Gecko) Chrome/85.0.4183.102 Safari/537.36
Referer:http://web/pictures/recent.php
Upgrade-Insecure-Requests:1
",cf83e1357eefb8bdf1542850d66d8007d620e4050b5715dc83f4a921d36ce9ce47d0d13c5d85f2b0ff8318d2877eec2f63b931bd47417a81a538327af927da3e,"Keep-Alive:timeout=5, max=99
Server:Apache/2.4.7 (Ubuntu)
Connection:Keep-Alive
Pragma:no-cache
Date:Mon, 11 May 2026 20:56:02 GMT
Cache-Control:no-store, no-cache, must-revalidate, post-check=0, pre-check=0
Content-Encoding:gzip
Vary:Accept-Encoding
Expires:Thu, 19 Nov 1981 08:52:00 GMT
Content-Length:1283
X-Powered-By:PHP/5.5.9-1ubuntu4.29
Content-Type:text/html
",109e665da086e715d7e97f43e687664e7cd3336f8ea474d5feaca27dc6ca976937509f96790d9f55d6fd78eacb49c3b84a2b7aa8152670969b6e55321258ba63,200
http://web/pictures/recent.php,GET,"Cookie:PHPSESSID=bduljn3us8qcn51cj3fjjpbc43
Accept:text/html,application/xhtml+xml,application/xml;q=0.9,image/avif,image/webp,image/apng,*/*;q=0.8,application/signed-exchange;v=b3;q=0.9
User-Agent:Mozilla/5.0 (X11; Linux x86_64) AppleWebKit/537.36 (KHTML, like Gecko) Chrome/85.0.4183.102 Safari/537.36
Referer:http://web/
Upgrade-Insecure-Requests:1
",cf83e1357eefb8bdf1542850d66d8007d620e4050b5715dc83f4a921d36ce9ce47d0d13c5d85f2b0ff8318d2877eec2f63b931bd47417a81a538327af927da3e,"Keep-Alive:timeout=5, max=44
Server:Apache/2.4.7 (Ubuntu)
Connection:Keep-Alive
Pragma:no-cache
Date:Mon, 11 May 2026 20:55:39 GMT
Cache-Control:no-store, no-cache, must-revalidate, post-check=0, pre-check=0
Content-Encoding:gzip
Vary:Accept-Encoding
Expires:Thu, 19 Nov 1981 08:52:00 GMT
Content-Length:1088
X-Powered-By:PHP/5.5.9-1ubuntu4.29
Content-Type:text/html
",edc06e6dc442eb67de59639585d74fa5675d8665b2ee78e9ca0949abb81bd66590b8576341f513b26b559bdb586ab82810561c39f0383057a41a3a333b30938f,200
http://web/admin/index.php?page=login,GET,"Cookie:PHPSESSID=bduljn3us8qcn51cj3fjjpbc43
Accept:text/html,application/xhtml+xml,application/xml;q=0.9,image/avif,image/webp,image/apng,*/*;q=0.8,application/signed-exchange;v=b3;q=0.9
User-Agent:Mozilla/5.0 (X11; Linux x86_64) AppleWebKit/537.36 (KHTML, like Gecko) Chrome/85.0.4183.102 Safari/537.36
Referer:http://web/tos.php
Upgrade-Insecure-Requests:1
",cf83e1357eefb8bdf1542850d66d8007d620e4050b5715dc83f4a921d36ce9ce47d0d13c5d85f2b0ff8318d2877eec2f63b931bd47417a81a538327af927da3e,"Keep-Alive:timeout=5, max=59
Server:Apache/2.4.7 (Ubuntu)
Connection:Keep-Alive
Pragma:no-cache
Date:Mon, 11 May 2026 20:56:29 GMT
Cache-Control:no-store, no-cache, must-revalidate, post-check=0, pre-check=0
Content-Encoding:gzip
Vary:Accept-Encoding
Expires:Thu, 19 Nov 1981 08:52:00 GMT
Content-Length:216
X-Powered-By:PHP/5.5.9-1ubuntu4.29
Content-Type:text/html
",990c680a4d7745333ad64f756aff9052aa0245889482d3d135bdcc1ba7b94c0356877282cf04588e61e2b036e89a4f9b73d29a1bc839af96bc7461075fabf5fd,200
http://web/pictures/view.php?picid=15,GET,"Cookie:PHPSESSID=bduljn3us8qcn51cj3fjjpbc43
Accept:text/html,application/xhtml+xml,application/xml;q=0.9,image/avif,image/webp,image/apng,*/*;q=0.8,application/signed-exchange;v=b3;q=0.9
User-Agent:Mozilla/5.0 (X11; Linux x86_64) AppleWebKit/537.36 (KHTML, like Gecko) Chrome/85.0.4183.102 Safari/537.36
Referer:http://web/pictures/recent.php
Upgrade-Insecure-Requests:1
",cf83e1357eefb8bdf1542850d66d8007d620e4050b5715dc83f4a921d36ce9ce47d0d13c5d85f2b0ff8318d2877eec2f63b931bd47417a81a538327af927da3e,"Keep-Alive:timeout=5, max=34
Server:Apache/2.4.7 (Ubuntu)
Connection:Keep-Alive
Pragma:no-cache
Date:Mon, 11 May 2026 20:55:45 GMT
Cache-Control:no-store, no-cache, must-revalidate, post-check=0, pre-check=0
Expires:Thu, 19 Nov 1981 08:52:00 GMT
Content-Length:41
X-Powered-By:PHP/5.5.9-1ubuntu4.29
Location:/users/login.php
Content-Type:text/html
",cf83e1357eefb8bdf1542850d66d8007d620e4050b5715dc83f4a921d36ce9ce47d0d13c5d85f2b0ff8318d2877eec2f63b931bd47417a81a538327af927da3e,303
http://web/users/home.php,GET,"Cookie:PHPSESSID=bduljn3us8qcn51cj3fjjpbc43
Accept:text/html,application/xhtml+xml,application/xml;q=0.9,image/avif,image/webp,image/apng,*/*;q=0.8,application/signed-exchange;v=b3;q=0.9
User-Agent:Mozilla/5.0 (X11; Linux x86_64) AppleWebKit/537.36 (KHTML, like Gecko) Chrome/85.0.4183.102 Safari/537.36
Referer:http://web/tos.php
Upgrade-Insecure-Requests:1
",cf83e1357eefb8bdf1542850d66d8007d620e4050b5715dc83f4a921d36ce9ce47d0d13c5d85f2b0ff8318d2877eec2f63b931bd47417a81a538327af927da3e,"Keep-Alive:timeout=5, max=50
Server:Apache/2.4.7 (Ubuntu)
Connection:Keep-Alive
Pragma:no-cache
Date:Mon, 11 May 2026 20:55:36 GMT
Cache-Control:no-store, no-cache, must-revalidate, post-check=0, pre-check=0
Expires:Thu, 19 Nov 1981 08:52:00 GMT
Content-Length:41
X-Powered-By:PHP/5.5.9-1ubuntu4.29
Location:/users/login.php
Content-Type:text/html
",cf83e1357eefb8bdf1542850d66d8007d620e4050b5715dc83f4a921d36ce9ce47d0d13c5d85f2b0ff8318d2877eec2f63b931bd47417a81a538327af927da3e,303
http://web/pictures/recent.php,GET,"Cookie:PHPSESSID=bduljn3us8qcn51cj3fjjpbc43
Accept:text/html,application/xhtml+xml,application/xml;q=0.9,image/avif,image/webp,image/apng,*/*;q=0.8,application/signed-exchange;v=b3;q=0.9
User-Agent:Mozilla/5.0 (X11; Linux x86_64) AppleWebKit/537.36 (KHTML, like Gecko) Chrome/85.0.4183.102 Safari/537.36
Referer:http://web/
Upgrade-Insecure-Requests:1
",cf83e1357eefb8bdf1542850d66d8007d620e4050b5715dc83f4a921d36ce9ce47d0d13c5d85f2b0ff8318d2877eec2f63b931bd47417a81a538327af927da3e,"Keep-Alive:timeout=5, max=94
Server:Apache/2.4.7 (Ubuntu)
Connection:Keep-Alive
Pragma:no-cache
Date:Mon, 11 May 2026 20:56:06 GMT
Cache-Control:no-store, no-cache, must-revalidate, post-check=0, pre-check=0
Content-Encoding:gzip
Vary:Accept-Encoding
Expires:Thu, 19 Nov 1981 08:52:00 GMT
Content-Length:1088
X-Powered-By:PHP/5.5.9-1ubuntu4.29
Content-Type:text/html
",a0e2bcb5b8e0cab6687d4ef1679933e3620651cc907054ff2f02ceb196cfafafa2acaae0b007fed99bc0c9fcfbb466dcf8e3a105b45eb139ed921e60e6ed8866,200
http://web/users/login.php,GET,"Cookie:PHPSESSID=bduljn3us8qcn51cj3fjjpbc43
Accept:text/html,application/xhtml+xml,application/xml;q=0.9,image/avif,image/webp,image/apng,*/*;q=0.8,application/signed-exchange;v=b3;q=0.9
User-Agent:Mozilla/5.0 (X11; Linux x86_64) AppleWebKit/537.36 (KHTML, like Gecko) Chrome/85.0.4183.102 Safari/537.36
Referer:http://web/users/login.php
Upgrade-Insecure-Requests:1
",cf83e1357eefb8bdf1542850d66d8007d620e4050b5715dc83f4a921d36ce9ce47d0d13c5d85f2b0ff8318d2877eec2f63b931bd47417a81a538327af927da3e,"Keep-Alive:timeout=5, max=85
Server:Apache/2.4.7 (Ubuntu)
Connection:Keep-Alive
Pragma:no-cache
Date:Mon, 11 May 2026 20:55:13 GMT
Cache-Control:no-store, no-cache, must-revalidate, post-check=0, pre-check=0
Content-Encoding:gzip
Vary:Accept-Encoding
Expires:Thu, 19 Nov 1981 08:52:00 GMT
Content-Length:976
X-Powered-By:PHP/5.5.9-1ubuntu4.29
Content-Type:text/html
",24d715941ae75a70d653f008dee19613a92f7bc0430d0e90e3c307e679f8a45d5decb32f162312dc9bdbb311cdb2d2307f1610a15be749ca4c0c1b2fb9627be7,200
http://web/tos.php,GET,"Cookie:PHPSESSID=bduljn3us8qcn51cj3fjjpbc43
Accept:text/html,application/xhtml+xml,application/xml;q=0.9,image/avif,image/webp,image/apng,*/*;q=0.8,application/signed-exchange;v=b3;q=0.9
User-Agent:Mozilla/5.0 (X11; Linux x86_64) AppleWebKit/537.36 (KHTML, like Gecko) Chrome/85.0.4183.102 Safari/537.36
Referer:http://web/
Upgrade-Insecure-Requests:1
",cf83e1357eefb8bdf1542850d66d8007d620e4050b5715dc83f4a921d36ce9ce47d0d13c5d85f2b0ff8318d2877eec2f63b931bd47417a81a538327af927da3e,"Keep-Alive:timeout=5, max=69
Server:Apache/2.4.7 (Ubuntu)
Connection:Keep-Alive
Pragma:no-cache
Date:Mon, 11 May 2026 20:56:22 GMT
Cache-Control:no-store, no-cache, must-revalidate, post-check=0, pre-check=0
Content-Encoding:gzip
Vary:Accept-Encoding
Expires:Thu, 19 Nov 1981 08:52:00 GMT
Content-Length:10229
X-Powered-By:PHP/5.5.9-1ubuntu4.29
Content-Type:text/html
",035f2111971e628d03aebd4d4f9dccc769f4a8af7b887064657ec9cc6eaec1c1d3dac56f0ae0294206df86674b922404fc8e3259d226bbd60b3c70c004f295a2,200
http://web/,GET,"Cookie:PHPSESSID=bduljn3us8qcn51cj3fjjpbc43
Accept:text/html,application/xhtml+xml,application/xml;q=0.9,image/avif,image/webp,image/apng,*/*;q=0.8,application/signed-exchange;v=b3;q=0.9
User-Agent:Mozilla/5.0 (X11; Linux x86_64) AppleWebKit/537.36 (KHTML, like Gecko) Chrome/85.0.4183.102 Safari/537.36
Upgrade-Insecure-Requests:1
",cf83e1357eefb8bdf1542850d66d8007d620e4050b5715dc83f4a921d36ce9ce47d0d13c5d85f2b0ff8318d2877eec2f63b931bd47417a81a538327af927da3e,"Keep-Alive:timeout=5, max=36
Server:Apache/2.4.7 (Ubuntu)
Connection:Keep-Alive
Pragma:no-cache
Date:Mon, 11 May 2026 20:55:43 GMT
Cache-Control:no-store, no-cache, must-revalidate, post-check=0, pre-check=0
Content-Encoding:gzip
Vary:Accept-Encoding
Expires:Thu, 19 Nov 1981 08:52:00 GMT
Content-Length:1283
X-Powered-By:PHP/5.5.9-1ubuntu4.29
Content-Type:text/html
",fb89ce6295145eefc9f921c43536f526dc48dd55545bb12f83b5d748bec75a0bac357ae009f81e1d4bfd4f141fbadd378aee0d6cd45659ce3c3633facae983e3,200
http://web/pictures/recent.php,GET,"Cookie:PHPSESSID=bduljn3us8qcn51cj3fjjpbc43
Accept:text/html,application/xhtml+xml,application/xml;q=0.9,image/avif,image/webp,image/apng,*/*;q=0.8,application/signed-exchange;v=b3;q=0.9
User-Agent:Mozilla/5.0 (X11; Linux x86_64) AppleWebKit/537.36 (KHTML, like Gecko) Chrome/85.0.4183.102 Safari/537.36
Referer:http://web/
Upgrade-Insecure-Requests:1
",cf83e1357eefb8bdf1542850d66d8007d620e4050b5715dc83f4a921d36ce9ce47d0d13c5d85f2b0ff8318d2877eec2f63b931bd47417a81a538327af927da3e,"Keep-Alive:timeout=5, max=3
Server:Apache/2.4.7 (Ubuntu)
Connection:Keep-Alive
Pragma:no-cache
Date:Mon, 11 May 2026 20:56:00 GMT
Cache-Control:no-store, no-cache, must-revalidate, post-check=0, pre-check=0
Content-Encoding:gzip
Vary:Accept-Encoding
Expires:Thu, 19 Nov 1981 08:52:00 GMT
Content-Length:1087
X-Powered-By:PHP/5.5.9-1ubuntu4.29
Content-Type:text/html
",096228cf2ad8a8049d6777c944d69ff73f3875fd93e1509ceebcf88a93a10fc9fe407a0d8ef2c2fd678dee3735ce64e4f188a8546a1d5b412b0b9d135dd268ee,200
http://web/users/login.php,GET,"Cookie:PHPSESSID=bduljn3us8qcn51cj3fjjpbc43
Accept:text/html,application/xhtml+xml,application/xml;q=0.9,image/avif,image/webp,image/apng,*/*;q=0.8,application/signed-exchange;v=b3;q=0.9
User-Agent:Mozilla/5.0 (X11; Linux x86_64) AppleWebKit/537.36 (KHTML, like Gecko) Chrome/85.0.4183.102 Safari/537.36
Referer:http://web/users/login.php
Upgrade-Insecure-Requests:1
",cf83e1357eefb8bdf1542850d66d8007d620e4050b5715dc83f4a921d36ce9ce47d0d13c5d85f2b0ff8318d2877eec2f63b931bd47417a81a538327af927da3e,"Keep-Alive:timeout=5, max=72
Server:Apache/2.4.7 (Ubuntu)
Connection:Keep-Alive
Pragma:no-cache
Date:Mon, 11 May 2026 20:55:21 GMT
Cache-Control:no-store, no-cache, must-revalidate, post-check=0, pre-check=0
Content-Encoding:gzip
Vary:Accept-Encoding
Expires:Thu, 19 Nov 1981 08:52:00 GMT
Content-Length:977
X-Powered-By:PHP/5.5.9-1ubuntu4.29
Content-Type:text/html
",e7bca4767b3e4ae7131dc70409fc62105d79f8e686aa702bea37a02bb339de62d7d221a9ec33d0c130d8e2555a6c7692254b379b8bf59c4d0075ffbbdb622ac1,200
http://web/upload/toga/togasfs.128_128.jpg,GET,"Cookie:PHPSESSID=bduljn3us8qcn51cj3fjjpbc43
Accept:image/avif,image/webp,image/apng,image/*,*/*;q=0.8
User-Agent:Mozilla/5.0 (X11; Linux x86_64) AppleWebKit/537.36 (KHTML, like Gecko) Chrome/85.0.4183.102 Safari/537.36
Referer:http://web/pictures/recent.php
",cf83e1357eefb8bdf1542850d66d8007d620e4050b5715dc83f4a921d36ce9ce47d0d13c5d85f2b0ff8318d2877eec2f63b931bd47417a81a538327af927da3e,"Server:Apache/2.4.7 (Ubuntu)
Last-Modified:Thu, 02 Feb 2017 22:24:09 GMT
Date:Mon, 11 May 2026 20:55:14 GMT
Accept-Ranges:bytes
ETag:""321f-547939fb8b440""
Content-Length:12831
Content-Type:image/jpeg
",f9e00cc601dc7ed7b36ceb20d99655fbfae55b276341df50cc847ccbc4692a94cd49e6eb38bef9d2fc13a1e4900795b7234110c8ba66bf9a7b7f0d12f264bf16,200
http://web/css/stylings.css,GET,"Cookie:PHPSESSID=bduljn3us8qcn51cj3fjjpbc43
Accept:text/css,*/*;q=0.1
User-Agent:Mozilla/5.0 (X11; Linux x86_64) AppleWebKit/537.36 (KHTML, like Gecko) Chrome/85.0.4183.102 Safari/537.36
Referer:http://web/
",cf83e1357eefb8bdf1542850d66d8007d620e4050b5715dc83f4a921d36ce9ce47d0d13c5d85f2b0ff8318d2877eec2f63b931bd47417a81a538327af927da3e,"Keep-Alive:timeout=5, max=99
Server:Apache/2.4.7 (Ubuntu)
Connection:Keep-Alive
Last-Modified:Thu, 02 Feb 2017 22:24:09 GMT
Date:Mon, 11 May 2026 20:55:06 GMT
Accept-Ranges:bytes
ETag:""c29-547939fb8b440-gzip""
Content-Encoding:gzip
Vary:Accept-Encoding
Content-Length:838
Content-Type:text/css
",e6142d743628221ad60b6d12a0b444a077ed8ede2504b511ffffde908ffe459f09875b3901f9a63ec228906521c445248f9277e14f591205808d8dfc200df823,200
http://web/,GET,"Cookie:PHPSESSID=bduljn3us8qcn51cj3fjjpbc43
Accept:text/html,application/xhtml+xml,application/xml;q=0.9,image/avif,image/webp,image/apng,*/*;q=0.8,application/signed-exchange;v=b3;q=0.9
User-Agent:Mozilla/5.0 (X11; Linux x86_64) AppleWebKit/537.36 (KHTML, like Gecko) Chrome/85.0.4183.102 Safari/537.36
Referer:http://web/
Upgrade-Insecure-Requests:1
",cf83e1357eefb8bdf1542850d66d8007d620e4050b5715dc83f4a921d36ce9ce47d0d13c5d85f2b0ff8318d2877eec2f63b931bd47417a81a538327af927da3e,"Keep-Alive:timeout=5, max=46
Server:Apache/2.4.7 (Ubuntu)
Connection:Keep-Alive
Pragma:no-cache
Date:Mon, 11 May 2026 20:55:37 GMT
Cache-Control:no-store, no-cache, must-revalidate, post-check=0, pre-check=0
Content-Encoding:gzip
Vary:Accept-Encoding
Expires:Thu, 19 Nov 1981 08:52:00 GMT
Content-Length:1284
X-Powered-By:PHP/5.5.9-1ubuntu4.29
Content-Type:text/html
",3ec1ab57dddb0ce6bbbcd938aca5e9ff190eb1ab37439e07c2f65b9a97582d8ec514d8e9070c05cabd1590a3deb8501014cf3127166fd4ca3f7ae965f87f5602,200
http://web/,GET,"Cookie:PHPSESSID=bduljn3us8qcn51cj3fjjpbc43
Accept:text/html,application/xhtml+xml,application/xml;q=0.9,image/avif,image/webp,image/apng,*/*;q=0.8,application/signed-exchange;v=b3;q=0.9
User-Agent:Mozilla/5.0 (X11; Linux x86_64) AppleWebKit/537.36 (KHTML, like Gecko) Chrome/85.0.4183.102 Safari/537.36
Upgrade-Insecure-Requests:1
",cf83e1357eefb8bdf1542850d66d8007d620e4050b5715dc83f4a921d36ce9ce47d0d13c5d85f2b0ff8318d2877eec2f63b931bd47417a81a538327af927da3e,"Keep-Alive:timeout=5, max=28
Server:Apache/2.4.7 (Ubuntu)
Connection:Keep-Alive
Pragma:no-cache
Date:Mon, 11 May 2026 20:55:47 GMT
Cache-Control:no-store, no-cache, must-revalidate, post-check=0, pre-check=0
Content-Encoding:gzip
Vary:Accept-Encoding
Expires:Thu, 19 Nov 1981 08:52:00 GMT
Content-Length:1284
X-Powered-By:PHP/5.5.9-1ubuntu4.29
Content-Type:text/html
",099f2da8bbbb9a84a9979c93a9f9791794ac4732d7d0b9256275d7aa39f998a795b358de83d46d698ee1439e72798f272ac19a237ae4e65b6fb7d216830089e7,200
http://web/,GET,"Cookie:PHPSESSID=bduljn3us8qcn51cj3fjjpbc43
Accept:text/html,application/xhtml+xml,application/xml;q=0.9,image/avif,image/webp,image/apng,*/*;q=0.8,application/signed-exchange;v=b3;q=0.9
User-Agent:Mozilla/5.0 (X11; Linux x86_64) AppleWebKit/537.36 (KHTML, like Gecko) Chrome/85.0.4183.102 Safari/537.36
Referer:http://web/pictures/recent.php
Upgrade-Insecure-Requests:1
",cf83e1357eefb8bdf1542850d66d8007d620e4050b5715dc83f4a921d36ce9ce47d0d13c5d85f2b0ff8318d2877eec2f63b931bd47417a81a538327af927da3e,"Keep-Alive:timeout=5, max=81
Server:Apache/2.4.7 (Ubuntu)
Connection:Keep-Alive
Pragma:no-cache
Date:Mon, 11 May 2026 20:55:15 GMT
Cache-Control:no-store, no-cache, must-revalidate, post-check=0, pre-check=0
Content-Encoding:gzip
Vary:Accept-Encoding
Expires:Thu, 19 Nov 1981 08:52:00 GMT
Content-Length:1284
X-Powered-By:PHP/5.5.9-1ubuntu4.29
Content-Type:text/html
",98e8fbc8eccebdad8a10e8307cabc96ac0797736b7a4a0fc2dd588cef895acf7c57fdf15d903913a486e849603ada0e74c16bb9537cb0112bb8fb46fcd076538,200
http://web/users/login.php,GET,"Cookie:PHPSESSID=bduljn3us8qcn51cj3fjjpbc43
Accept:text/html,application/xhtml+xml,application/xml;q=0.9,image/avif,image/webp,image/apng,*/*;q=0.8,application/signed-exchange;v=b3;q=0.9
User-Agent:Mozilla/5.0 (X11; Linux x86_64) AppleWebKit/537.36 (KHTML, like Gecko) Chrome/85.0.4183.102 Safari/537.36
Referer:http://web/calendar.php
Upgrade-Insecure-Requests:1
",cf83e1357eefb8bdf1542850d66d8007d620e4050b5715dc83f4a921d36ce9ce47d0d13c5d85f2b0ff8318d2877eec2f63b931bd47417a81a538327af927da3e,"Keep-Alive:timeout=5, max=39
Server:Apache/2.4.7 (Ubuntu)
Connection:Keep-Alive
Pragma:no-cache
Date:Mon, 11 May 2026 20:56:40 GMT
Cache-Control:no-store, no-cache, must-revalidate, post-check=0, pre-check=0
Content-Encoding:gzip
Vary:Accept-Encoding
Expires:Thu, 19 Nov 1981 08:52:00 GMT
Content-Length:976
X-Powered-By:PHP/5.5.9-1ubuntu4.29
Content-Type:text/html
",6ef31de589299803b2b63774c502822db713a101a3ef63293a38fe8e04d20045aad1cecf344cb72af928cb3ec31076ddbb9fb466abbb18853822549376277836,200
http://web/upload/toga/togas.128_128.jpg,GET,"Cookie:PHPSESSID=bduljn3us8qcn51cj3fjjpbc43
Accept:image/avif,image/webp,image/apng,image/*,*/*;q=0.8
User-Agent:Mozilla/5.0 (X11; Linux x86_64) AppleWebKit/537.36 (KHTML, like Gecko) Chrome/85.0.4183.102 Safari/537.36
Referer:http://web/pictures/recent.php
",cf83e1357eefb8bdf1542850d66d8007d620e4050b5715dc83f4a921d36ce9ce47d0d13c5d85f2b0ff8318d2877eec2f63b931bd47417a81a538327af927da3e,"Server:Apache/2.4.7 (Ubuntu)
Last-Modified:Thu, 02 Feb 2017 22:24:09 GMT
Date:Mon, 11 May 2026 20:55:14 GMT
Accept-Ranges:bytes
ETag:""3ead-547939fb8b440""
Content-Length:16045
Content-Type:image/jpeg
",705372a26505ff43e9523cc12732de0b4ac071ab4c1ae439d67b834552468f58efbfc0a701ef3e00c2c1986f08c806b867152e9aa8ef769f3c270341d30775d9,200
http://web/favicon.ico,GET,"Cookie:PHPSESSID=bduljn3us8qcn51cj3fjjpbc43
Accept:image/avif,image/webp,image/apng,image/*,*/*;q=0.8
User-Agent:Mozilla/5.0 (X11; Linux x86_64) AppleWebKit/537.36 (KHTML, like Gecko) Chrome/85.0.4183.102 Safari/537.36
Referer:http://web/
",cf83e1357eefb8bdf1542850d66d8007d620e4050b5715dc83f4a921d36ce9ce47d0d13c5d85f2b0ff8318d2877eec2f63b931bd47417a81a538327af927da3e,"Keep-Alive:timeout=5, max=96
Server:Apache/2.4.7 (Ubuntu)
Connection:Keep-Alive
Date:Mon, 11 May 2026 20:55:06 GMT
Content-Length:277
Content-Type:text/html; charset=iso-8859-1
",7cda8cf4cc94218cf444e131839ad94dc4c4fe0fa9124de62f58b4de30050c4523a5aa7427bf6f1c227a2f180045b7abaeb83f0fe4df11846cc2e684578ac6a7,404
http://web/calendar.php,GET,"Cookie:PHPSESSID=bduljn3us8qcn51cj3fjjpbc43
Accept:text/html,application/xhtml+xml,application/xml;q=0.9,image/avif,image/webp,image/apng,*/*;q=0.8,application/signed-exchange;v=b3;q=0.9
User-Agent:Mozilla/5.0 (X11; Linux x86_64) AppleWebKit/537.36 (KHTML, like Gecko) Chrome/85.0.4183.102 Safari/537.36
Referer:http://web/
Upgrade-Insecure-Requests:1
",cf83e1357eefb8bdf1542850d66d8007d620e4050b5715dc83f4a921d36ce9ce47d0d13c5d85f2b0ff8318d2877eec2f63b931bd47417a81a538327af927da3e,"Keep-Alive:timeout=5, max=40
Server:Apache/2.4.7 (Ubuntu)
Connection:Keep-Alive
Pragma:no-cache
Date:Mon, 11 May 2026 20:56:40 GMT
Cache-Control:no-store, no-cache, must-revalidate, post-check=0, pre-check=0
Content-Encoding:gzip
Vary:Accept-Encoding
Expires:Thu, 19 Nov 1981 08:52:00 GMT
Content-Length:944
X-Powered-By:PHP/5.5.9-1ubuntu4.29
Content-Type:text/html
",bb856bd7d39edab8957ae94f403e5c772430617099aa31e89fd04c5641cc68629d9be55e256d5d4cf0e4746a187d182736064da32a15400eb7fc8410f52de791,200
http://web/guestbook.php,GET,"Cookie:PHPSESSID=bduljn3us8qcn51cj3fjjpbc43
Accept:text/html,application/xhtml+xml,application/xml;q=0.9,image/avif,image/webp,image/apng,*/*;q=0.8,application/signed-exchange;v=b3;q=0.9
User-Agent:Mozilla/5.0 (X11; Linux x86_64) AppleWebKit/537.36 (KHTML, like Gecko) Chrome/85.0.4183.102 Safari/537.36
Referer:http://web/tos.php
Upgrade-Insecure-Requests:1
",cf83e1357eefb8bdf1542850d66d8007d620e4050b5715dc83f4a921d36ce9ce47d0d13c5d85f2b0ff8318d2877eec2f63b931bd47417a81a538327af927da3e,"Keep-Alive:timeout=5, max=68
Server:Apache/2.4.7 (Ubuntu)
Connection:Keep-Alive
Pragma:no-cache
Date:Mon, 11 May 2026 20:56:23 GMT
Cache-Control:no-store, no-cache, must-revalidate, post-check=0, pre-check=0
Content-Encoding:gzip
Vary:Accept-Encoding
Expires:Thu, 19 Nov 1981 08:52:00 GMT
Content-Length:998
X-Powered-By:PHP/5.5.9-1ubuntu4.29
Content-Type:text/html
",c99e61228c3f11c888596fba9eee8506083eb30903b32e0fcd39b5d2640663b85705c819e3ddb9b7effc1295ce406d4b32b5c864f6ba7100d76f65cfe1fcc1c7,200
http://web/,GET,"Cookie:PHPSESSID=bduljn3us8qcn51cj3fjjpbc43
Accept:text/html,application/xhtml+xml,application/xml;q=0.9,image/avif,image/webp,image/apng,*/*;q=0.8,application/signed-exchange;v=b3;q=0.9
User-Agent:Mozilla/5.0 (X11; Linux x86_64) AppleWebKit/537.36 (KHTML, like Gecko) Chrome/85.0.4183.102 Safari/537.36
Upgrade-Insecure-Requests:1
",cf83e1357eefb8bdf1542850d66d8007d620e4050b5715dc83f4a921d36ce9ce47d0d13c5d85f2b0ff8318d2877eec2f63b931bd47417a81a538327af927da3e,"Keep-Alive:timeout=5, max=31
Server:Apache/2.4.7 (Ubuntu)
Connection:Keep-Alive
Pragma:no-cache
Date:Mon, 11 May 2026 20:56:45 GMT
Cache-Control:no-store, no-cache, must-revalidate, post-check=0, pre-check=0
Content-Encoding:gzip
Vary:Accept-Encoding
Expires:Thu, 19 Nov 1981 08:52:00 GMT
Content-Length:1282
X-Powered-By:PHP/5.5.9-1ubuntu4.29
Content-Type:text/html
",67f0aa31391584ca9e81b549455dec54c3efa2faa2d506bd81d881743348d48b1fe58293cbb0d0cd6a40783da38fd2d7ea799c128424cb1219a9c60da02268a3,200
http://web/upload/flowers/flowers.128_128.jpg,GET,"Cookie:PHPSESSID=bduljn3us8qcn51cj3fjjpbc43
Accept:image/avif,image/webp,image/apng,image/*,*/*;q=0.8
User-Agent:Mozilla/5.0 (X11; Linux x86_64) AppleWebKit/537.36 (KHTML, like Gecko) Chrome/85.0.4183.102 Safari/537.36
Referer:http://web/pictures/recent.php
",cf83e1357eefb8bdf1542850d66d8007d620e4050b5715dc83f4a921d36ce9ce47d0d13c5d85f2b0ff8318d2877eec2f63b931bd47417a81a538327af927da3e,"Keep-Alive:timeout=5, max=99
Server:Apache/2.4.7 (Ubuntu)
Connection:Keep-Alive
Last-Modified:Thu, 02 Feb 2017 22:24:09 GMT
Date:Mon, 11 May 2026 20:55:14 GMT
Accept-Ranges:bytes
ETag:""3c3d-547939fb8b440""
Content-Length:15421
Content-Type:image/jpeg
",3582ed1354c33d3f042461e0f766e5a7dcffac105b0b153a6c31ce83abf5b5914714203850b1066d6a97bf901925ce573d549ebdc47272138324ba8f2dbb00d7,200
http://web/css/blueprint/screen.css,GET,"Cookie:PHPSESSID=bduljn3us8qcn51cj3fjjpbc43
Accept:text/css,*/*;q=0.1
User-Agent:Mozilla/5.0 (X11; Linux x86_64) AppleWebKit/537.36 (KHTML, like Gecko) Chrome/85.0.4183.102 Safari/537.36
Referer:http://web/
",cf83e1357eefb8bdf1542850d66d8007d620e4050b5715dc83f4a921d36ce9ce47d0d13c5d85f2b0ff8318d2877eec2f63b931bd47417a81a538327af927da3e,"Keep-Alive:timeout=5, max=100
Server:Apache/2.4.7 (Ubuntu)
Connection:Keep-Alive
Last-Modified:Thu, 02 Feb 2017 22:24:09 GMT
Date:Mon, 11 May 2026 20:55:06 GMT
Accept-Ranges:bytes
ETag:""24c7-547939fb8b440-gzip""
Content-Encoding:gzip
Vary:Accept-Encoding
Content-Length:2682
Content-Type:text/css
",c0995dbb8c323ef465d8cc5d7b640b1a5435beb529b0c6e55594b1c0f3db66e859d23f70cfe8d93285234e722d677fca7c8887bee81a636881b2f91f221f976e,200
http://web/guestbook.php,GET,"Cookie:PHPSESSID=bduljn3us8qcn51cj3fjjpbc43
Accept:text/html,application/xhtml+xml,application/xml;q=0.9,image/avif,image/webp,image/apng,*/*;q=0.8,application/signed-exchange;v=b3;q=0.9
User-Agent:Mozilla/5.0 (X11; Linux x86_64) AppleWebKit/537.36 (KHTML, like Gecko) Chrome/85.0.4183.102 Safari/537.36
Referer:http://web/
Upgrade-Insecure-Requests:1
",cf83e1357eefb8bdf1542850d66d8007d620e4050b5715dc83f4a921d36ce9ce47d0d13c5d85f2b0ff8318d2877eec2f63b931bd47417a81a538327af927da3e,"Keep-Alive:timeout=5, max=75
Server:Apache/2.4.7 (Ubuntu)
Connection:Keep-Alive
Pragma:no-cache
Date:Mon, 11 May 2026 20:55:19 GMT
Cache-Control:no-store, no-cache, must-revalidate, post-check=0, pre-check=0
Content-Encoding:gzip
Vary:Accept-Encoding
Expires:Thu, 19 Nov 1981 08:52:00 GMT
Content-Length:1000
X-Powered-By:PHP/5.5.9-1ubuntu4.29
Content-Type:text/html
",a392fef275d8d98f5f2a1fb5f74b62bfb97c7dcbc64216b339b946a00f919eace89a121cd292101f1e29952d55bc00e9e17b78b6be215b95c4cdfd559507961a,200
http://web/pictures/recent.php,GET,"Cookie:PHPSESSID=bduljn3us8qcn51cj3fjjpbc43
Accept:text/html,application/xhtml+xml,application/xml;q=0.9,image/avif,image/webp,image/apng,*/*;q=0.8,application/signed-exchange;v=b3;q=0.9
User-Agent:Mozilla/5.0 (X11; Linux x86_64) AppleWebKit/537.36 (KHTML, like Gecko) Chrome/85.0.4183.102 Safari/537.36
Referer:http://web/
Upgrade-Insecure-Requests:1
",cf83e1357eefb8bdf1542850d66d8007d620e4050b5715dc83f4a921d36ce9ce47d0d13c5d85f2b0ff8318d2877eec2f63b931bd47417a81a538327af927da3e,"Keep-Alive:timeout=5, max=27
Server:Apache/2.4.7 (Ubuntu)
Connection:Keep-Alive
Pragma:no-cache
Date:Mon, 11 May 2026 20:55:48 GMT
Cache-Control:no-store, no-cache, must-revalidate, post-check=0, pre-check=0
Content-Encoding:gzip
Vary:Accept-Encoding
Expires:Thu, 19 Nov 1981 08:52:00 GMT
Content-Length:1088
X-Powered-By:PHP/5.5.9-1ubuntu4.29
Content-Type:text/html
",51d0f4c4f40afdd0146251740f323cae047ee616149423fa24bb9a964f7708d850f0001a3028b618b1f10d6c6c8e434f0bfa7cd8557ebcc61704f56faf396f5d,200
http://web/,GET,"Cookie:PHPSESSID=bduljn3us8qcn51cj3fjjpbc43
Accept:text/html,application/xhtml+xml,application/xml;q=0.9,image/avif,image/webp,image/apng,*/*;q=0.8,application/signed-exchange;v=b3;q=0.9
User-Agent:Mozilla/5.0 (X11; Linux x86_64) AppleWebKit/537.36 (KHTML, like Gecko) Chrome/85.0.4183.102 Safari/537.36
Upgrade-Insecure-Requests:1
",cf83e1357eefb8bdf1542850d66d8007d620e4050b5715dc83f4a921d36ce9ce47d0d13c5d85f2b0ff8318d2877eec2f63b931bd47417a81a538327af927da3e,"Keep-Alive:timeout=5, max=16
Server:Apache/2.4.7 (Ubuntu)
Connection:Keep-Alive
Pragma:no-cache
Date:Mon, 11 May 2026 20:55:53 GMT
Cache-Control:no-store, no-cache, must-revalidate, post-check=0, pre-check=0
Content-Encoding:gzip
Vary:Accept-Encoding
Expires:Thu, 19 Nov 1981 08:52:00 GMT
Content-Length:1284
X-Powered-By:PHP/5.5.9-1ubuntu4.29
Content-Type:text/html
",f608c46cb84bf783a060735685ff604917f19f1e7f358cbb43c95bf6ca7d6283ece53c4bcec999b5695ba8e816f801a9827659d75efa9f55615da0dd2eb6f763,200
http://web/users/home.php,GET,"Cookie:PHPSESSID=bduljn3us8qcn51cj3fjjpbc43
Accept:text/html,application/xhtml+xml,application/xml;q=0.9,image/avif,image/webp,image/apng,*/*;q=0.8,application/signed-exchange;v=b3;q=0.9
User-Agent:Mozilla/5.0 (X11; Linux x86_64) AppleWebKit/537.36 (KHTML, like Gecko) Chrome/85.0.4183.102 Safari/537.36
Referer:http://web/calendar.php
Upgrade-Insecure-Requests:1
",cf83e1357eefb8bdf1542850d66d8007d620e4050b5715dc83f4a921d36ce9ce47d0d13c5d85f2b0ff8318d2877eec2f63b931bd47417a81a538327af927da3e,"Keep-Alive:timeout=5, max=53
Server:Apache/2.4.7 (Ubuntu)
Connection:Keep-Alive
Pragma:no-cache
Date:Mon, 11 May 2026 20:56:32 GMT
Cache-Control:no-store, no-cache, must-revalidate, post-check=0, pre-check=0
Expires:Thu, 19 Nov 1981 08:52:00 GMT
Content-Length:41
X-Powered-By:PHP/5.5.9-1ubuntu4.29
Location:/users/login.php
Content-Type:text/html
",cf83e1357eefb8bdf1542850d66d8007d620e4050b5715dc83f4a921d36ce9ce47d0d13c5d85f2b0ff8318d2877eec2f63b931bd47417a81a538327af927da3e,303
http://web/upload/flowers/flowers.128_128.jpg,GET,"Cookie:PHPSESSID=bduljn3us8qcn51cj3fjjpbc43
Accept:image/avif,image/webp,image/apng,image/*,*/*;q=0.8
User-Agent:Mozilla/5.0 (X11; Linux x86_64) AppleWebKit/537.36 (KHTML, like Gecko) Chrome/85.0.4183.102 Safari/537.36
Referer:http://web/pictures/recent.php
",cf83e1357eefb8bdf1542850d66d8007d620e4050b5715dc83f4a921d36ce9ce47d0d13c5d85f2b0ff8318d2877eec2f63b931bd47417a81a538327af927da3e,"Server:Apache/2.4.7 (Ubuntu)
Last-Modified:Thu, 02 Feb 2017 22:24:09 GMT
Date:Mon, 11 May 2026 20:55:14 GMT
Accept-Ranges:bytes
ETag:""3c3d-547939fb8b440""
Content-Length:15421
Content-Type:image/jpeg
",3582ed1354c33d3f042461e0f766e5a7dcffac105b0b153a6c31ce83abf5b5914714203850b1066d6a97bf901925ce573d549ebdc47272138324ba8f2dbb00d7,200
http://web/,GET,"Cookie:PHPSESSID=bduljn3us8qcn51cj3fjjpbc43
Accept:text/html,application/xhtml+xml,application/xml;q=0.9,image/avif,image/webp,image/apng,*/*;q=0.8,application/signed-exchange;v=b3;q=0.9
User-Agent:Mozilla/5.0 (X11; Linux x86_64) AppleWebKit/537.36 (KHTML, like Gecko) Chrome/85.0.4183.102 Safari/537.36
Upgrade-Insecure-Requests:1
",cf83e1357eefb8bdf1542850d66d8007d620e4050b5715dc83f4a921d36ce9ce47d0d13c5d85f2b0ff8318d2877eec2f63b931bd47417a81a538327af927da3e,"Keep-Alive:timeout=5, max=64
Server:Apache/2.4.7 (Ubuntu)
Connection:Keep-Alive
Pragma:no-cache
Date:Mon, 11 May 2026 20:56:25 GMT
Cache-Control:no-store, no-cache, must-revalidate, post-check=0, pre-check=0
Content-Encoding:gzip
Vary:Accept-Encoding
Expires:Thu, 19 Nov 1981 08:52:00 GMT
Content-Length:1283
X-Powered-By:PHP/5.5.9-1ubuntu4.29
Content-Type:text/html
",8592ea1afacd0ca64348175634c307dcb71b1825784e0c948e4399004ed419985e348b68e81f592c724cd75eefee41edc1d471f91d7afe594ca413769f3ae370,200
http://web/users/login.php,GET,"Cookie:PHPSESSID=bduljn3us8qcn51cj3fjjpbc43
Accept:text/html,application/xhtml+xml,application/xml;q=0.9,image/avif,image/webp,image/apng,*/*;q=0.8,application/signed-exchange;v=b3;q=0.9
User-Agent:Mozilla/5.0 (X11; Linux x86_64) AppleWebKit/537.36 (KHTML, like Gecko) Chrome/85.0.4183.102 Safari/537.36
Referer:http://web/tos.php
Upgrade-Insecure-Requests:1
",cf83e1357eefb8bdf1542850d66d8007d620e4050b5715dc83f4a921d36ce9ce47d0d13c5d85f2b0ff8318d2877eec2f63b931bd47417a81a538327af927da3e,"Keep-Alive:timeout=5, max=65
Server:Apache/2.4.7 (Ubuntu)
Connection:Keep-Alive
Pragma:no-cache
Date:Mon, 11 May 2026 20:56:25 GMT
Cache-Control:no-store, no-cache, must-revalidate, post-check=0, pre-check=0
Content-Encoding:gzip
Vary:Accept-Encoding
Expires:Thu, 19 Nov 1981 08:52:00 GMT
Content-Length:977
X-Powered-By:PHP/5.5.9-1ubuntu4.29
Content-Type:text/html
",4f1d6d03721f49d7b2727f69e5317e26458163b58757d410c7319ae4468c8cc4b1aaa708d68b326f01a70ca32779f43b782f6ea54c56c7b2811e6d055364a79f,200
http://web/,GET,"Cookie:PHPSESSID=bduljn3us8qcn51cj3fjjpbc43
Accept:text/html,application/xhtml+xml,application/xml;q=0.9,image/avif,image/webp,image/apng,*/*;q=0.8,application/signed-exchange;v=b3;q=0.9
User-Agent:Mozilla/5.0 (X11; Linux x86_64) AppleWebKit/537.36 (KHTML, like Gecko) Chrome/85.0.4183.102 Safari/537.36
Upgrade-Insecure-Requests:1
",cf83e1357eefb8bdf1542850d66d8007d620e4050b5715dc83f4a921d36ce9ce47d0d13c5d85f2b0ff8318d2877eec2f63b931bd47417a81a538327af927da3e,"Server:Apache/2.4.7 (Ubuntu)
Connection:close
Pragma:no-cache
Date:Mon, 11 May 2026 20:56:01 GMT
Cache-Control:no-store, no-cache, must-revalidate, post-check=0, pre-check=0
Content-Encoding:gzip
Vary:Accept-Encoding
Expires:Thu, 19 Nov 1981 08:52:00 GMT
Content-Length:1284
X-Powered-By:PHP/5.5.9-1ubuntu4.29
Content-Type:text/html
",12be52e9638fd2878e96d340c2fda32f07f9b08e7118ea3e3d4894844e79f73ddc9096bda099ed4908e98364f47a1c59a03651543847ee3bce3f520acd17158b,200
http://web/,GET,"Cookie:PHPSESSID=bduljn3us8qcn51cj3fjjpbc43
Accept:text/html,application/xhtml+xml,application/xml;q=0.9,image/avif,image/webp,image/apng,*/*;q=0.8,application/signed-exchange;v=b3;q=0.9
User-Agent:Mozilla/5.0 (X11; Linux x86_64) AppleWebKit/537.36 (KHTML, like Gecko) Chrome/85.0.4183.102 Safari/537.36
Upgrade-Insecure-Requests:1
",cf83e1357eefb8bdf1542850d66d8007d620e4050b5715dc83f4a921d36ce9ce47d0d13c5d85f2b0ff8318d2877eec2f63b931bd47417a81a538327af927da3e,"Keep-Alive:timeout=5, max=12
Server:Apache/2.4.7 (Ubuntu)
Connection:Keep-Alive
Pragma:no-cache
Date:Mon, 11 May 2026 20:55:55 GMT
Cache-Control:no-store, no-cache, must-revalidate, post-check=0, pre-check=0
Content-Encoding:gzip
Vary:Accept-Encoding
Expires:Thu, 19 Nov 1981 08:52:00 GMT
Content-Length:1284
X-Powered-By:PHP/5.5.9-1ubuntu4.29
Content-Type:text/html
",8e90845488d7bc6bec4af1dc2ba9487748ca520f1cd46d4b38de6fd67a5c9d57c7798418237a5379acfdaefa839cd978206f5e202fbe0372ff4e8b4ac63f2aae,200
http://web/guestbook.php,GET,"Cookie:PHPSESSID=bduljn3us8qcn51cj3fjjpbc43
Accept:text/html,application/xhtml+xml,application/xml;q=0.9,image/avif,image/webp,image/apng,*/*;q=0.8,application/signed-exchange;v=b3;q=0.9
User-Agent:Mozilla/5.0 (X11; Linux x86_64) AppleWebKit/537.36 (KHTML, like Gecko) Chrome/85.0.4183.102 Safari/537.36
Referer:http://web/
Upgrade-Insecure-Requests:1
",cf83e1357eefb8bdf1542850d66d8007d620e4050b5715dc83f4a921d36ce9ce47d0d13c5d85f2b0ff8318d2877eec2f63b931bd47417a81a538327af927da3e,"Keep-Alive:timeout=5, max=72
Server:Apache/2.4.7 (Ubuntu)
Connection:Keep-Alive
Pragma:no-cache
Date:Mon, 11 May 2026 20:56:20 GMT
Cache-Control:no-store, no-cache, must-revalidate, post-check=0, pre-check=0
Content-Encoding:gzip
Vary:Accept-Encoding
Expires:Thu, 19 Nov 1981 08:52:00 GMT
Content-Length:998
X-Powered-By:PHP/5.5.9-1ubuntu4.29
Content-Type:text/html
",eca687ff2be156e1c9a9eb08a2f8f9f8a88f66d65f20e39ebb4730fe3b1a4b5005ac285d37f572cd57e2aa8f12b6b1d81fd20407b7035dcb37c3a752c4b1b72b,200
http://web/,GET,"Cookie:PHPSESSID=bduljn3us8qcn51cj3fjjpbc43
Accept:text/html,application/xhtml+xml,application/xml;q=0.9,image/avif,image/webp,image/apng,*/*;q=0.8,application/signed-exchange;v=b3;q=0.9
User-Agent:Mozilla/5.0 (X11; Linux x86_64) AppleWebKit/537.36 (KHTML, like Gecko) Chrome/85.0.4183.102 Safari/537.36
Referer:http://web/
Upgrade-Insecure-Requests:1
",cf83e1357eefb8bdf1542850d66d8007d620e4050b5715dc83f4a921d36ce9ce47d0d13c5d85f2b0ff8318d2877eec2f63b931bd47417a81a538327af927da3e,"Keep-Alive:timeout=5, max=54
Server:Apache/2.4.7 (Ubuntu)
Connection:Keep-Alive
Pragma:no-cache
Date:Mon, 11 May 2026 20:55:33 GMT
Cache-Control:no-store, no-cache, must-revalidate, post-check=0, pre-check=0
Content-Encoding:gzip
Vary:Accept-Encoding
Expires:Thu, 19 Nov 1981 08:52:00 GMT
Content-Length:1284
X-Powered-By:PHP/5.5.9-1ubuntu4.29
Content-Type:text/html
",840cccc7e62890d1169765723e36aa666da4af777c98a9553f3b1402608335520c1cfd0dceba89198653a39e5a54398dde17a3686c7e9a7e0d53ea04bb4dfc62,200
http://web/users/login.php,GET,"Cookie:PHPSESSID=bduljn3us8qcn51cj3fjjpbc43
Accept:text/html,application/xhtml+xml,application/xml;q=0.9,image/avif,image/webp,image/apng,*/*;q=0.8,application/signed-exchange;v=b3;q=0.9
User-Agent:Mozilla/5.0 (X11; Linux x86_64) AppleWebKit/537.36 (KHTML, like Gecko) Chrome/85.0.4183.102 Safari/537.36
Referer:http://web/pictures/recent.php
Upgrade-Insecure-Requests:1
",cf83e1357eefb8bdf1542850d66d8007d620e4050b5715dc83f4a921d36ce9ce47d0d13c5d85f2b0ff8318d2877eec2f63b931bd47417a81a538327af927da3e,"Keep-Alive:timeout=5, max=29
Server:Apache/2.4.7 (Ubuntu)
Connection:Keep-Alive
Pragma:no-cache
Date:Mon, 11 May 2026 20:55:47 GMT
Cache-Control:no-store, no-cache, must-revalidate, post-check=0, pre-check=0
Content-Encoding:gzip
Vary:Accept-Encoding
Expires:Thu, 19 Nov 1981 08:52:00 GMT
Content-Length:977
X-Powered-By:PHP/5.5.9-1ubuntu4.29
Content-Type:text/html
",a28a299b10317658e54c8c46c26096cfbbf933bc217c914648e800c2692c17187a6e417ea1ae5d258b503e3142288616f74d2a4b124622b8b4045132924d4e8c,200
http://web/upload/flowers/flweofoee.128_128.jpg,GET,"Cookie:PHPSESSID=bduljn3us8qcn51cj3fjjpbc43
Accept:image/avif,image/webp,image/apng,image/*,*/*;q=0.8
User-Agent:Mozilla/5.0 (X11; Linux x86_64) AppleWebKit/537.36 (KHTML, like Gecko) Chrome/85.0.4183.102 Safari/537.36
Referer:http://web/pictures/recent.php
",cf83e1357eefb8bdf1542850d66d8007d620e4050b5715dc83f4a921d36ce9ce47d0d13c5d85f2b0ff8318d2877eec2f63b931bd47417a81a538327af927da3e,"Keep-Alive:timeout=5, max=83
Server:Apache/2.4.7 (Ubuntu)
Connection:Keep-Alive
Last-Modified:Thu, 02 Feb 2017 22:24:09 GMT
Date:Mon, 11 May 2026 20:55:14 GMT
Accept-Ranges:bytes
ETag:""3c1d-547939fb8b440""
Content-Length:15389
Content-Type:image/jpeg
",7e129e0bbb863976449db3222dba9d0d4f5eec34568417e96ab615e4f7981ee1790944f510629e1b701ae68b35b272656ced86d6fea3a727adec1063e078f609,200
http://web/,GET,"Cookie:PHPSESSID=bduljn3us8qcn51cj3fjjpbc43
Accept:text/html,application/xhtml+xml,application/xml;q=0.9,image/avif,image/webp,image/apng,*/*;q=0.8,application/signed-exchange;v=b3;q=0.9
User-Agent:Mozilla/5.0 (X11; Linux x86_64) AppleWebKit/537.36 (KHTML, like Gecko) Chrome/85.0.4183.102 Safari/537.36
Upgrade-Insecure-Requests:1
",cf83e1357eefb8bdf1542850d66d8007d620e4050b5715dc83f4a921d36ce9ce47d0d13c5d85f2b0ff8318d2877eec2f63b931bd47417a81a538327af927da3e,"Keep-Alive:timeout=5, max=65
Server:Apache/2.4.7 (Ubuntu)
Connection:Keep-Alive
Pragma:no-cache
Date:Mon, 11 May 2026 20:55:26 GMT
Cache-Control:no-store, no-cache, must-revalidate, post-check=0, pre-check=0
Content-Encoding:gzip
Vary:Accept-Encoding
Expires:Thu, 19 Nov 1981 08:52:00 GMT
Content-Length:1284
X-Powered-By:PHP/5.5.9-1ubuntu4.29
Content-Type:text/html
",b5e0fc3c4f4f21ca600708d6174da042811a6549597d83c7b3e5e31543ecf560e8a5a3b8f2b3050c9f14cc649af6c9b0debf7ef8e8a9741873ea29ed17b03e58,200
http://web/,GET,"Cookie:PHPSESSID=bduljn3us8qcn51cj3fjjpbc43
Accept:text/html,application/xhtml+xml,application/xml;q=0.9,image/avif,image/webp,image/apng,*/*;q=0.8,application/signed-exchange;v=b3;q=0.9
User-Agent:Mozilla/5.0 (X11; Linux x86_64) AppleWebKit/537.36 (KHTML, like Gecko) Chrome/85.0.4183.102 Safari/537.36
Upgrade-Insecure-Requests:1
",cf83e1357eefb8bdf1542850d66d8007d620e4050b5715dc83f4a921d36ce9ce47d0d13c5d85f2b0ff8318d2877eec2f63b931bd47417a81a538327af927da3e,"Keep-Alive:timeout=5, max=87
Server:Apache/2.4.7 (Ubuntu)
Connection:Keep-Alive
Pragma:no-cache
Date:Mon, 11 May 2026 20:56:10 GMT
Cache-Control:no-store, no-cache, must-revalidate, post-check=0, pre-check=0
Content-Encoding:gzip
Vary:Accept-Encoding
Expires:Thu, 19 Nov 1981 08:52:00 GMT
Content-Length:1284
X-Powered-By:PHP/5.5.9-1ubuntu4.29
Content-Type:text/html
",0cc22713bbb5fdd7e730018e56cab131fdc316247235f26e0ac4f0ea069f276b411cc87a3d0e29f125a2eac102806337abe2cbfe37e02ffaa5c541aac93c7026,200
http://web/pictures/recent.php,GET,"Cookie:PHPSESSID=bduljn3us8qcn51cj3fjjpbc43
Accept:text/html,application/xhtml+xml,application/xml;q=0.9,image/avif,image/webp,image/apng,*/*;q=0.8,application/signed-exchange;v=b3;q=0.9
User-Agent:Mozilla/5.0 (X11; Linux x86_64) AppleWebKit/537.36 (KHTML, like Gecko) Chrome/85.0.4183.102 Safari/537.36
Referer:http://web/
Upgrade-Insecure-Requests:1
",cf83e1357eefb8bdf1542850d66d8007d620e4050b5715dc83f4a921d36ce9ce47d0d13c5d85f2b0ff8318d2877eec2f63b931bd47417a81a538327af927da3e,"Keep-Alive:timeout=5, max=38
Server:Apache/2.4.7 (Ubuntu)
Connection:Keep-Alive
Pragma:no-cache
Date:Mon, 11 May 2026 20:55:42 GMT
Cache-Control:no-store, no-cache, must-revalidate, post-check=0, pre-check=0
Content-Encoding:gzip
Vary:Accept-Encoding
Expires:Thu, 19 Nov 1981 08:52:00 GMT
Content-Length:1087
X-Powered-By:PHP/5.5.9-1ubuntu4.29
Content-Type:text/html
",81a71566185c5bc34b13c3e47f40a58c7165c530befa0dede5a915467f5467bc0ddad5fd51dd076c4cd6ec2128aa50741888c3f456eb2d92c27a5b6e4c9547c5,200
http://web/guestbook.php,GET,"Cookie:PHPSESSID=bduljn3us8qcn51cj3fjjpbc43
Accept:text/html,application/xhtml+xml,application/xml;q=0.9,image/avif,image/webp,image/apng,*/*;q=0.8,application/signed-exchange;v=b3;q=0.9
User-Agent:Mozilla/5.0 (X11; Linux x86_64) AppleWebKit/537.36 (KHTML, like Gecko) Chrome/85.0.4183.102 Safari/537.36
Referer:http://web/
Upgrade-Insecure-Requests:1
",cf83e1357eefb8bdf1542850d66d8007d620e4050b5715dc83f4a921d36ce9ce47d0d13c5d85f2b0ff8318d2877eec2f63b931bd47417a81a538327af927da3e,"Keep-Alive:timeout=5, max=82
Server:Apache/2.4.7 (Ubuntu)
Connection:Keep-Alive
Pragma:no-cache
Date:Mon, 11 May 2026 20:56:13 GMT
Cache-Control:no-store, no-cache, must-revalidate, post-check=0, pre-check=0
Content-Encoding:gzip
Vary:Accept-Encoding
Expires:Thu, 19 Nov 1981 08:52:00 GMT
Content-Length:999
X-Powered-By:PHP/5.5.9-1ubuntu4.29
Content-Type:text/html
",8e37a2794717f7cbfcd7fba93646d5f13cf10c8929ba0ee77f6569c95767c424077ee4d33e86d2b5a0daf5e7f4404bca83fc44b740149fc93a7e8d8b7944f1ea,200
http://web/tos.php,GET,"Cookie:PHPSESSID=bduljn3us8qcn51cj3fjjpbc43
Accept:text/html,application/xhtml+xml,application/xml;q=0.9,image/avif,image/webp,image/apng,*/*;q=0.8,application/signed-exchange;v=b3;q=0.9
User-Agent:Mozilla/5.0 (X11; Linux x86_64) AppleWebKit/537.36 (KHTML, like Gecko) Chrome/85.0.4183.102 Safari/537.36
Referer:http://web/
Upgrade-Insecure-Requests:1
",cf83e1357eefb8bdf1542850d66d8007d620e4050b5715dc83f4a921d36ce9ce47d0d13c5d85f2b0ff8318d2877eec2f63b931bd47417a81a538327af927da3e,"Keep-Alive:timeout=5, max=57
Server:Apache/2.4.7 (Ubuntu)
Connection:Keep-Alive
Pragma:no-cache
Date:Mon, 11 May 2026 20:56:30 GMT
Cache-Control:no-store, no-cache, must-revalidate, post-check=0, pre-check=0
Content-Encoding:gzip
Vary:Accept-Encoding
Expires:Thu, 19 Nov 1981 08:52:00 GMT
Content-Length:10225
X-Powered-By:PHP/5.5.9-1ubuntu4.29
Content-Type:text/html
",6df2a6290451b8bb188d49e752cc6a95a864fd8c82ad28723bc2a2d8d550f5d28c97ddfb3a3a16edd5732e15d5b04e6723d08e5a2c0b8fd838ab0babe18af8c0,200
http://web/users/login.php,GET,"Cookie:PHPSESSID=bduljn3us8qcn51cj3fjjpbc43
Accept:text/html,application/xhtml+xml,application/xml;q=0.9,image/avif,image/webp,image/apng,*/*;q=0.8,application/signed-exchange;v=b3;q=0.9
User-Agent:Mozilla/5.0 (X11; Linux x86_64) AppleWebKit/537.36 (KHTML, like Gecko) Chrome/85.0.4183.102 Safari/537.36
Referer:http://web/calendar.php
Upgrade-Insecure-Requests:1
",cf83e1357eefb8bdf1542850d66d8007d620e4050b5715dc83f4a921d36ce9ce47d0d13c5d85f2b0ff8318d2877eec2f63b931bd47417a81a538327af927da3e,"Keep-Alive:timeout=5, max=48
Server:Apache/2.4.7 (Ubuntu)
Connection:Keep-Alive
Pragma:no-cache
Date:Mon, 11 May 2026 20:56:34 GMT
Cache-Control:no-store, no-cache, must-revalidate, post-check=0, pre-check=0
Content-Encoding:gzip
Vary:Accept-Encoding
Expires:Thu, 19 Nov 1981 08:52:00 GMT
Content-Length:976
X-Powered-By:PHP/5.5.9-1ubuntu4.29
Content-Type:text/html
",d4380ce02e7274c23ad2e074e0c52031c58770d4142bec81801cd79fe75643a162baadebebef9a74afd4c843782037b2fefafdbb60ffb4fc47f5b2a57d94bedc,200
http://web/pictures/recent.php,GET,"Cookie:PHPSESSID=bduljn3us8qcn51cj3fjjpbc43
Accept:text/html,application/xhtml+xml,application/xml;q=0.9,image/avif,image/webp,image/apng,*/*;q=0.8,application/signed-exchange;v=b3;q=0.9
User-Agent:Mozilla/5.0 (X11; Linux x86_64) AppleWebKit/537.36 (KHTML, like Gecko) Chrome/85.0.4183.102 Safari/537.36
Referer:http://web/
Upgrade-Insecure-Requests:1
",cf83e1357eefb8bdf1542850d66d8007d620e4050b5715dc83f4a921d36ce9ce47d0d13c5d85f2b0ff8318d2877eec2f63b931bd47417a81a538327af927da3e,"Keep-Alive:timeout=5, max=80
Server:Apache/2.4.7 (Ubuntu)
Connection:Keep-Alive
Pragma:no-cache
Date:Mon, 11 May 2026 20:55:16 GMT
Cache-Control:no-store, no-cache, must-revalidate, post-check=0, pre-check=0
Content-Encoding:gzip
Vary:Accept-Encoding
Expires:Thu, 19 Nov 1981 08:52:00 GMT
Content-Length:1088
X-Powered-By:PHP/5.5.9-1ubuntu4.29
Content-Type:text/html
",8177987c788f6f63a70c74abf9a91dc4a4517f652ad54711b0a5af8b59bd9a3af946f473055561b0e2c749c1a91bc143ab14c9ee20bfc98caf974dc8442207c7,200
http://web/piccheck.php,POST,"Origin:http://web
Cookie:PHPSESSID=bduljn3us8qcn51cj3fjjpbc43
Accept:text/html,application/xhtml+xml,application/xml;q=0.9,image/avif,image/webp,image/apng,*/*;q=0.8,application/signed-exchange;v=b3;q=0.9
User-Agent:Mozilla/5.0 (X11; Linux x86_64) AppleWebKit/537.36 (KHTML, like Gecko) Chrome/85.0.4183.102 Safari/537.36
Referer:http://web/
Upgrade-Insecure-Requests:1
Content-Type:multipart/form-data; boundary=----WebKitFormBoundaryN7yIQktcMTb0sPSq
",c74b47fcd4ffe1d7b47f02f5449fbd34fd245531fbfe703f0966f39db4d3abbf1738781055a6c9386381dcba85230914c2e90cd3c0ed13422be91add0afb08ce,"Keep-Alive:timeout=5, max=47
Server:Apache/2.4.7 (Ubuntu)
Connection:Keep-Alive
Pragma:no-cache
Date:Mon, 11 May 2026 20:55:37 GMT
Cache-Control:no-store, no-cache, must-revalidate, post-check=0, pre-check=0
Expires:Thu, 19 Nov 1981 08:52:00 GMT
Content-Length:41
X-Powered-By:PHP/5.5.9-1ubuntu4.29
Location:/
Content-Type:text/html
",cf83e1357eefb8bdf1542850d66d8007d620e4050b5715dc83f4a921d36ce9ce47d0d13c5d85f2b0ff8318d2877eec2f63b931bd47417a81a538327af927da3e,303
http://web/pictures/recent.php,GET,"Cookie:PHPSESSID=bduljn3us8qcn51cj3fjjpbc43
Accept:text/html,application/xhtml+xml,application/xml;q=0.9,image/avif,image/webp,image/apng,*/*;q=0.8,application/signed-exchange;v=b3;q=0.9
User-Agent:Mozilla/5.0 (X11; Linux x86_64) AppleWebKit/537.36 (KHTML, like Gecko) Chrome/85.0.4183.102 Safari/537.36
Referer:http://web/
Upgrade-Insecure-Requests:1
",cf83e1357eefb8bdf1542850d66d8007d620e4050b5715dc83f4a921d36ce9ce47d0d13c5d85f2b0ff8318d2877eec2f63b931bd47417a81a538327af927da3e,"Keep-Alive:timeout=5, max=35
Server:Apache/2.4.7 (Ubuntu)
Connection:Keep-Alive
Pragma:no-cache
Date:Mon, 11 May 2026 20:55:44 GMT
Cache-Control:no-store, no-cache, must-revalidate, post-check=0, pre-check=0
Content-Encoding:gzip
Vary:Accept-Encoding
Expires:Thu, 19 Nov 1981 08:52:00 GMT
Content-Length:1087
X-Powered-By:PHP/5.5.9-1ubuntu4.29
Content-Type:text/html
",b15d4c9ff7202da4d03f3e558226492165ad858c857c0af109e86b781e07bbcc36435a280efc8c96de93a889ed73dd3b5ed00da8b69f69a41384d69701e2f58d,200
http://web/users/login.php,GET,"Cookie:PHPSESSID=bduljn3us8qcn51cj3fjjpbc43
Accept:text/html,application/xhtml+xml,application/xml;q=0.9,image/avif,image/webp,image/apng,*/*;q=0.8,application/signed-exchange;v=b3;q=0.9
User-Agent:Mozilla/5.0 (X11; Linux x86_64) AppleWebKit/537.36 (KHTML, like Gecko) Chrome/85.0.4183.102 Safari/537.36
Referer:http://web/
Upgrade-Insecure-Requests:1
",cf83e1357eefb8bdf1542850d66d8007d620e4050b5715dc83f4a921d36ce9ce47d0d13c5d85f2b0ff8318d2877eec2f63b931bd47417a81a538327af927da3e,"Keep-Alive:timeout=5, max=89
Server:Apache/2.4.7 (Ubuntu)
Connection:Keep-Alive
Pragma:no-cache
Date:Mon, 11 May 2026 20:55:11 GMT
Cache-Control:no-store, no-cache, must-revalidate, post-check=0, pre-check=0
Content-Encoding:gzip
Vary:Accept-Encoding
Expires:Thu, 19 Nov 1981 08:52:00 GMT
Content-Length:977
X-Powered-By:PHP/5.5.9-1ubuntu4.29
Content-Type:text/html
",321bd81d9baaf0638767e4a2caab4db4193e8b87e5d827549ae1251662b56a25b58c224007f8f0218dc3e602edf8c43be2d51ea6a17b4252b22ffc9364922a46,200
http://web/upload/toga/togasfs.128_128.jpg,GET,"Cookie:PHPSESSID=bduljn3us8qcn51cj3fjjpbc43
Accept:image/avif,image/webp,image/apng,image/*,*/*;q=0.8
User-Agent:Mozilla/5.0 (X11; Linux x86_64) AppleWebKit/537.36 (KHTML, like Gecko) Chrome/85.0.4183.102 Safari/537.36
Referer:http://web/pictures/recent.php
",cf83e1357eefb8bdf1542850d66d8007d620e4050b5715dc83f4a921d36ce9ce47d0d13c5d85f2b0ff8318d2877eec2f63b931bd47417a81a538327af927da3e,"Keep-Alive:timeout=5, max=82
Server:Apache/2.4.7 (Ubuntu)
Connection:Keep-Alive
Last-Modified:Thu, 02 Feb 2017 22:24:09 GMT
Date:Mon, 11 May 2026 20:55:14 GMT
Accept-Ranges:bytes
ETag:""321f-547939fb8b440""
Content-Length:12831
Content-Type:image/jpeg
",f9e00cc601dc7ed7b36ceb20d99655fbfae55b276341df50cc847ccbc4692a94cd49e6eb38bef9d2fc13a1e4900795b7234110c8ba66bf9a7b7f0d12f264bf16,200
http://web/,GET,"Cookie:PHPSESSID=bduljn3us8qcn51cj3fjjpbc43
Accept:text/html,application/xhtml+xml,application/xml;q=0.9,image/avif,image/webp,image/apng,*/*;q=0.8,application/signed-exchange;v=b3;q=0.9
User-Agent:Mozilla/5.0 (X11; Linux x86_64) AppleWebKit/537.36 (KHTML, like Gecko) Chrome/85.0.4183.102 Safari/537.36
Referer:http://web/guestbook.php
Upgrade-Insecure-Requests:1
",cf83e1357eefb8bdf1542850d66d8007d620e4050b5715dc83f4a921d36ce9ce47d0d13c5d85f2b0ff8318d2877eec2f63b931bd47417a81a538327af927da3e,"Keep-Alive:timeout=5, max=76
Server:Apache/2.4.7 (Ubuntu)
Connection:Keep-Alive
Pragma:no-cache
Date:Mon, 11 May 2026 20:55:18 GMT
Cache-Control:no-store, no-cache, must-revalidate, post-check=0, pre-check=0
Content-Encoding:gzip
Vary:Accept-Encoding
Expires:Thu, 19 Nov 1981 08:52:00 GMT
Content-Length:1284
X-Powered-By:PHP/5.5.9-1ubuntu4.29
Content-Type:text/html
",9d0f23e67460f80c57ce21a4ac865c2296a8ef35f5ef38f75e60fc7908a8c8f62620cbe24795b781ad0fa75f3d4f448fa434ee09424ed88a2a5c8157fba5bfa7,200
http://web/,GET,"Cookie:PHPSESSID=bduljn3us8qcn51cj3fjjpbc43
Accept:text/html,application/xhtml+xml,application/xml;q=0.9,image/avif,image/webp,image/apng,*/*;q=0.8,application/signed-exchange;v=b3;q=0.9
User-Agent:Mozilla/5.0 (X11; Linux x86_64) AppleWebKit/537.36 (KHTML, like Gecko) Chrome/85.0.4183.102 Safari/537.36
Upgrade-Insecure-Requests:1
",cf83e1357eefb8bdf1542850d66d8007d620e4050b5715dc83f4a921d36ce9ce47d0d13c5d85f2b0ff8318d2877eec2f63b931bd47417a81a538327af927da3e,"Keep-Alive:timeout=5, max=44
Server:Apache/2.4.7 (Ubuntu)
Connection:Keep-Alive
Pragma:no-cache
Date:Mon, 11 May 2026 20:56:37 GMT
Cache-Control:no-store, no-cache, must-revalidate, post-check=0, pre-check=0
Content-Encoding:gzip
Vary:Accept-Encoding
Expires:Thu, 19 Nov 1981 08:52:00 GMT
Content-Length:1284
X-Powered-By:PHP/5.5.9-1ubuntu4.29
Content-Type:text/html
",2cffb95cc75dec49ace5ab67fd44f686ddda28862efff8c167528b809fe85fe4c466b34077159da89ae9a34fdd0be362630d41bc3cfb3eff3fa03e890885427b,200
http://web/users/home.php,GET,"Cookie:PHPSESSID=bduljn3us8qcn51cj3fjjpbc43
Accept:text/html,application/xhtml+xml,application/xml;q=0.9,image/avif,image/webp,image/apng,*/*;q=0.8,application/signed-exchange;v=b3;q=0.9
User-Agent:Mozilla/5.0 (X11; Linux x86_64) AppleWebKit/537.36 (KHTML, like Gecko) Chrome/85.0.4183.102 Safari/537.36
Referer:http://web/
Upgrade-Insecure-Requests:1
",cf83e1357eefb8bdf1542850d66d8007d620e4050b5715dc83f4a921d36ce9ce47d0d13c5d85f2b0ff8318d2877eec2f63b931bd47417a81a538327af927da3e,"Keep-Alive:timeout=5, max=93
Server:Apache/2.4.7 (Ubuntu)
Connection:Keep-Alive
Pragma:no-cache
Date:Mon, 11 May 2026 20:55:09 GMT
Cache-Control:no-store, no-cache, must-revalidate, post-check=0, pre-check=0
Expires:Thu, 19 Nov 1981 08:52:00 GMT
Content-Length:41
X-Powered-By:PHP/5.5.9-1ubuntu4.29
Location:/users/login.php
Content-Type:text/html
",cf83e1357eefb8bdf1542850d66d8007d620e4050b5715dc83f4a921d36ce9ce47d0d13c5d85f2b0ff8318d2877eec2f63b931bd47417a81a538327af927da3e,303
http://web/css/blueprint/print.css,GET,"Cookie:PHPSESSID=bduljn3us8qcn51cj3fjjpbc43
Accept:text/css,*/*;q=0.1
User-Agent:Mozilla/5.0 (X11; Linux x86_64) AppleWebKit/537.36 (KHTML, like Gecko) Chrome/85.0.4183.102 Safari/537.36
Referer:http://web/
",cf83e1357eefb8bdf1542850d66d8007d620e4050b5715dc83f4a921d36ce9ce47d0d13c5d85f2b0ff8318d2877eec2f63b931bd47417a81a538327af927da3e,"Keep-Alive:timeout=5, max=98
Server:Apache/2.4.7 (Ubuntu)
Connection:Keep-Alive
Last-Modified:Thu, 02 Feb 2017 22:24:09 GMT
Date:Mon, 11 May 2026 20:55:06 GMT
Accept-Ranges:bytes
ETag:""52d-547939fb8b440-gzip""
Content-Encoding:gzip
Vary:Accept-Encoding
Content-Length:674
Content-Type:text/css
",382bc7f4ad396de8dacb65598554ab8e1fe76b268c9b97e377be5fe694d07688463ac138e683332f401b64a7a2e8418a2a9f7f9d96e548ee8581d228368f7524,200
http://web/guestbook.php,GET,"Cookie:PHPSESSID=bduljn3us8qcn51cj3fjjpbc43
Accept:text/html,application/xhtml+xml,application/xml;q=0.9,image/avif,image/webp,image/apng,*/*;q=0.8,application/signed-exchange;v=b3;q=0.9
User-Agent:Mozilla/5.0 (X11; Linux x86_64) AppleWebKit/537.36 (KHTML, like Gecko) Chrome/85.0.4183.102 Safari/537.36
Referer:http://web/pictures/recent.php
Upgrade-Insecure-Requests:1
",cf83e1357eefb8bdf1542850d66d8007d620e4050b5715dc83f4a921d36ce9ce47d0d13c5d85f2b0ff8318d2877eec2f63b931bd47417a81a538327af927da3e,"Keep-Alive:timeout=5, max=42
Server:Apache/2.4.7 (Ubuntu)
Connection:Keep-Alive
Pragma:no-cache
Date:Mon, 11 May 2026 20:55:40 GMT
Cache-Control:no-store, no-cache, must-revalidate, post-check=0, pre-check=0
Content-Encoding:gzip
Vary:Accept-Encoding
Expires:Thu, 19 Nov 1981 08:52:00 GMT
Content-Length:999
X-Powered-By:PHP/5.5.9-1ubuntu4.29
Content-Type:text/html
",4c2001c0176d7a95a6296477baec398dc3dac94133d4394aed0d0ff844accb12904fea4bfc4d75dca07cbfa626d7cc49399390904218975b41bdabd7ae8ba31e,200
http://web/pictures/recent.php,GET,"Cookie:PHPSESSID=bduljn3us8qcn51cj3fjjpbc43
Accept:text/html,application/xhtml+xml,application/xml;q=0.9,image/avif,image/webp,image/apng,*/*;q=0.8,application/signed-exchange;v=b3;q=0.9
User-Agent:Mozilla/5.0 (X11; Linux x86_64) AppleWebKit/537.36 (KHTML, like Gecko) Chrome/85.0.4183.102 Safari/537.36
Referer:http://web/
Upgrade-Insecure-Requests:1
",cf83e1357eefb8bdf1542850d66d8007d620e4050b5715dc83f4a921d36ce9ce47d0d13c5d85f2b0ff8318d2877eec2f63b931bd47417a81a538327af927da3e,"Keep-Alive:timeout=5, max=11
Server:Apache/2.4.7 (Ubuntu)
Connection:Keep-Alive
Pragma:no-cache
Date:Mon, 11 May 2026 20:55:56 GMT
Cache-Control:no-store, no-cache, must-revalidate, post-check=0, pre-check=0
Content-Encoding:gzip
Vary:Accept-Encoding
Expires:Thu, 19 Nov 1981 08:52:00 GMT
Content-Length:1089
X-Powered-By:PHP/5.5.9-1ubuntu4.29
Content-Type:text/html
",c4c60cc5befbf0147236cd286339bc92b54b6e18dfb2b10be17df301e6bc691da3ea8e0152a206e663d243df6b718620479e5ed23450e5a75f9a322278d6c81d,200
http://web/upload/flowers/flweofoee.128_128.jpg,GET,"Cookie:PHPSESSID=bduljn3us8qcn51cj3fjjpbc43
Accept:image/avif,image/webp,image/apng,image/*,*/*;q=0.8
User-Agent:Mozilla/5.0 (X11; Linux x86_64) AppleWebKit/537.36 (KHTML, like Gecko) Chrome/85.0.4183.102 Safari/537.36
Referer:http://web/pictures/recent.php
",cf83e1357eefb8bdf1542850d66d8007d620e4050b5715dc83f4a921d36ce9ce47d0d13c5d85f2b0ff8318d2877eec2f63b931bd47417a81a538327af927da3e,"Server:Apache/2.4.7 (Ubuntu)
Last-Modified:Thu, 02 Feb 2017 22:24:09 GMT
Date:Mon, 11 May 2026 20:55:14 GMT
Accept-Ranges:bytes
ETag:""3c1d-547939fb8b440""
Content-Length:15389
Content-Type:image/jpeg
",7e129e0bbb863976449db3222dba9d0d4f5eec34568417e96ab615e4f7981ee1790944f510629e1b701ae68b35b272656ced86d6fea3a727adec1063e078f609,200
http://web/users/login.php,GET,"Cookie:PHPSESSID=bduljn3us8qcn51cj3fjjpbc43
Accept:text/html,application/xhtml+xml,application/xml;q=0.9,image/avif,image/webp,image/apng,*/*;q=0.8,application/signed-exchange;v=b3;q=0.9
User-Agent:Mozilla/5.0 (X11; Linux x86_64) AppleWebKit/537.36 (KHTML, like Gecko) Chrome/85.0.4183.102 Safari/537.36
Referer:http://web/pictures/recent.php
Upgrade-Insecure-Requests:1
",cf83e1357eefb8bdf1542850d66d8007d620e4050b5715dc83f4a921d36ce9ce47d0d13c5d85f2b0ff8318d2877eec2f63b931bd47417a81a538327af927da3e,"Keep-Alive:timeout=5, max=37
Server:Apache/2.4.7 (Ubuntu)
Connection:Keep-Alive
Pragma:no-cache
Date:Mon, 11 May 2026 20:55:43 GMT
Cache-Control:no-store, no-cache, must-revalidate, post-check=0, pre-check=0
Content-Encoding:gzip
Vary:Accept-Encoding
Expires:Thu, 19 Nov 1981 08:52:00 GMT
Content-Length:976
X-Powered-By:PHP/5.5.9-1ubuntu4.29
Content-Type:text/html
",cd161d369d460a37bb474ad2cd7631b27992257ad1e48af73b21034c987900b5d1ed4dbe49608971d4f47ab557c445ad4d8f89b90ef232c7700efda3151021b0,200
http://web/,GET,"Cookie:PHPSESSID=bduljn3us8qcn51cj3fjjpbc43
Accept:text/html,application/xhtml+xml,application/xml;q=0.9,image/avif,image/webp,image/apng,*/*;q=0.8,application/signed-exchange;v=b3;q=0.9
User-Agent:Mozilla/5.0 (X11; Linux x86_64) AppleWebKit/537.36 (KHTML, like Gecko) Chrome/85.0.4183.102 Safari/537.36
Upgrade-Insecure-Requests:1
",cf83e1357eefb8bdf1542850d66d8007d620e4050b5715dc83f4a921d36ce9ce47d0d13c5d85f2b0ff8318d2877eec2f63b931bd47417a81a538327af927da3e,"Keep-Alive:timeout=5, max=38
Server:Apache/2.4.7 (Ubuntu)
Connection:Keep-Alive
Pragma:no-cache
Date:Mon, 11 May 2026 20:56:41 GMT
Cache-Control:no-store, no-cache, must-revalidate, post-check=0, pre-check=0
Content-Encoding:gzip
Vary:Accept-Encoding
Expires:Thu, 19 Nov 1981 08:52:00 GMT
Content-Length:1284
X-Powered-By:PHP/5.5.9-1ubuntu4.29
Content-Type:text/html
",a012d5377d66723e16ebdf7422e3e7be66a0dcf3741c151c9859824188aad7660c12ea9c53c0e9e1f5f6cf0e59a9fce3bb980112de3e141473ae23c9341b231b,200
http://web/,GET,"Cookie:PHPSESSID=bduljn3us8qcn51cj3fjjpbc43
Accept:text/html,application/xhtml+xml,application/xml;q=0.9,image/avif,image/webp,image/apng,*/*;q=0.8,application/signed-exchange;v=b3;q=0.9
User-Agent:Mozilla/5.0 (X11; Linux x86_64) AppleWebKit/537.36 (KHTML, like Gecko) Chrome/85.0.4183.102 Safari/537.36
Upgrade-Insecure-Requests:1
",cf83e1357eefb8bdf1542850d66d8007d620e4050b5715dc83f4a921d36ce9ce47d0d13c5d85f2b0ff8318d2877eec2f63b931bd47417a81a538327af927da3e,"Keep-Alive:timeout=5, max=61
Server:Apache/2.4.7 (Ubuntu)
Connection:Keep-Alive
Pragma:no-cache
Date:Mon, 11 May 2026 20:56:27 GMT
Cache-Control:no-store, no-cache, must-revalidate, post-check=0, pre-check=0
Content-Encoding:gzip
Vary:Accept-Encoding
Expires:Thu, 19 Nov 1981 08:52:00 GMT
Content-Length:1283
X-Powered-By:PHP/5.5.9-1ubuntu4.29
Content-Type:text/html
",cccc2453515dcf202e9f84f009f1f997c0c5c86655c7bb8399138620d866d0ee40a6b94e0a12350e2ba1123279a2723b373b8658980a41fb6abb169852f47ff2,200
http://web/pictures/recent.php,GET,"Cookie:PHPSESSID=bduljn3us8qcn51cj3fjjpbc43
Accept:text/html,application/xhtml+xml,application/xml;q=0.9,image/avif,image/webp,image/apng,*/*;q=0.8,application/signed-exchange;v=b3;q=0.9
User-Agent:Mozilla/5.0 (X11; Linux x86_64) AppleWebKit/537.36 (KHTML, like Gecko) Chrome/85.0.4183.102 Safari/537.36
Referer:http://web/
Upgrade-Insecure-Requests:1
",cf83e1357eefb8bdf1542850d66d8007d620e4050b5715dc83f4a921d36ce9ce47d0d13c5d85f2b0ff8318d2877eec2f63b931bd47417a81a538327af927da3e,"Keep-Alive:timeout=5, max=19
Server:Apache/2.4.7 (Ubuntu)
Connection:Keep-Alive
Pragma:no-cache
Date:Mon, 11 May 2026 20:55:52 GMT
Cache-Control:no-store, no-cache, must-revalidate, post-check=0, pre-check=0
Content-Encoding:gzip
Vary:Accept-Encoding
Expires:Thu, 19 Nov 1981 08:52:00 GMT
Content-Length:1088
X-Powered-By:PHP/5.5.9-1ubuntu4.29
Content-Type:text/html
",3ad84cfd4883b4b74928fe4353e410e1e0938d6f0c104275283c3b340b0432b57a2b39fb5fff2f409c2fd5b629b7bcfe69a445663e2722c33327bacf8a3a292d,200
http://web/admin/index.php?page=login,GET,"Cookie:PHPSESSID=bduljn3us8qcn51cj3fjjpbc43
Accept:text/html,application/xhtml+xml,application/xml;q=0.9,image/avif,image/webp,image/apng,*/*;q=0.8,application/signed-exchange;v=b3;q=0.9
User-Agent:Mozilla/5.0 (X11; Linux x86_64) AppleWebKit/537.36 (KHTML, like Gecko) Chrome/85.0.4183.102 Safari/537.36
Referer:http://web/guestbook.php
Upgrade-Insecure-Requests:1
",cf83e1357eefb8bdf1542850d66d8007d620e4050b5715dc83f4a921d36ce9ce47d0d13c5d85f2b0ff8318d2877eec2f63b931bd47417a81a538327af927da3e,"Keep-Alive:timeout=5, max=78
Server:Apache/2.4.7 (Ubuntu)
Connection:Keep-Alive
Pragma:no-cache
Date:Mon, 11 May 2026 20:56:16 GMT
Cache-Control:no-store, no-cache, must-revalidate, post-check=0, pre-check=0
Content-Encoding:gzip
Vary:Accept-Encoding
Expires:Thu, 19 Nov 1981 08:52:00 GMT
Content-Length:215
X-Powered-By:PHP/5.5.9-1ubuntu4.29
Content-Type:text/html
",c974446b0b6c7b0c2e4a7b8f508aca67fbad727853f721456295d6df772f51eff208e45b9aa26beab1cc1dc3a4031b55a189cb66c32a7fe0c9c5f2390c5a6420,200
http://web/calendar.php,GET,"Cookie:PHPSESSID=bduljn3us8qcn51cj3fjjpbc43
Accept:text/html,application/xhtml+xml,application/xml;q=0.9,image/avif,image/webp,image/apng,*/*;q=0.8,application/signed-exchange;v=b3;q=0.9
User-Agent:Mozilla/5.0 (X11; Linux x86_64) AppleWebKit/537.36 (KHTML, like Gecko) Chrome/85.0.4183.102 Safari/537.36
Referer:http://web/
Upgrade-Insecure-Requests:1
",cf83e1357eefb8bdf1542850d66d8007d620e4050b5715dc83f4a921d36ce9ce47d0d13c5d85f2b0ff8318d2877eec2f63b931bd47417a81a538327af927da3e,"Keep-Alive:timeout=5, max=43
Server:Apache/2.4.7 (Ubuntu)
Connection:Keep-Alive
Pragma:no-cache
Date:Mon, 11 May 2026 20:56:38 GMT
Cache-Control:no-store, no-cache, must-revalidate, post-check=0, pre-check=0
Content-Encoding:gzip
Vary:Accept-Encoding
Expires:Thu, 19 Nov 1981 08:52:00 GMT
Content-Length:945
X-Powered-By:PHP/5.5.9-1ubuntu4.29
Content-Type:text/html
",7fe607523cd63ce729f8ce2f006a2cf3f31deebe841acef8abaaa3ac94228e9300dd8c159a27f1792b4a39dae5fcd85f997ac99bf70b9e43c9dc142ea158b98e,200
http://web/users/login.php,GET,"Cookie:PHPSESSID=bduljn3us8qcn51cj3fjjpbc43
Accept:text/html,application/xhtml+xml,application/xml;q=0.9,image/avif,image/webp,image/apng,*/*;q=0.8,application/signed-exchange;v=b3;q=0.9
User-Agent:Mozilla/5.0 (X11; Linux x86_64) AppleWebKit/537.36 (KHTML, like Gecko) Chrome/85.0.4183.102 Safari/537.36
Referer:http://web/pictures/recent.php
Upgrade-Insecure-Requests:1
",cf83e1357eefb8bdf1542850d66d8007d620e4050b5715dc83f4a921d36ce9ce47d0d13c5d85f2b0ff8318d2877eec2f63b931bd47417a81a538327af927da3e,"Keep-Alive:timeout=5, max=1
Server:Apache/2.4.7 (Ubuntu)
Connection:Keep-Alive
Pragma:no-cache
Date:Mon, 11 May 2026 20:56:00 GMT
Cache-Control:no-store, no-cache, must-revalidate, post-check=0, pre-check=0
Content-Encoding:gzip
Vary:Accept-Encoding
Expires:Thu, 19 Nov 1981 08:52:00 GMT
Content-Length:976
X-Powered-By:PHP/5.5.9-1ubuntu4.29
Content-Type:text/html
",4057ce9b12614b8812bb6704689c16ab5028f10532e7b4d7c26b9a486a5e7df301cc9c6b4a923308936f491a247e3dde11a1d9a4a3e349373fff0fbe736e868a,200
http://web/,GET,"Cookie:PHPSESSID=bduljn3us8qcn51cj3fjjpbc43
Accept:text/html,application/xhtml+xml,application/xml;q=0.9,image/avif,image/webp,image/apng,*/*;q=0.8,application/signed-exchange;v=b3;q=0.9
User-Agent:Mozilla/5.0 (X11; Linux x86_64) AppleWebKit/537.36 (KHTML, like Gecko) Chrome/85.0.4183.102 Safari/537.36
Upgrade-Insecure-Requests:1
",cf83e1357eefb8bdf1542850d66d8007d620e4050b5715dc83f4a921d36ce9ce47d0d13c5d85f2b0ff8318d2877eec2f63b931bd47417a81a538327af927da3e,"Keep-Alive:timeout=5, max=55
Server:Apache/2.4.7 (Ubuntu)
Connection:Keep-Alive
Pragma:no-cache
Date:Mon, 11 May 2026 20:56:31 GMT
Cache-Control:no-store, no-cache, must-revalidate, post-check=0, pre-check=0
Content-Encoding:gzip
Vary:Accept-Encoding
Expires:Thu, 19 Nov 1981 08:52:00 GMT
Content-Length:1284
X-Powered-By:PHP/5.5.9-1ubuntu4.29
Content-Type:text/html
",13b88a8de36d021d0b1c45f271ae40aef8e10de4a37af7757100d375b9a1e75c924dae1495fe26a4deb7e5f1ff3f662dd0458fef968ec206b196f75c55c36a47,200
http://web/users/login.php,GET,"Cookie:PHPSESSID=bduljn3us8qcn51cj3fjjpbc43
Accept:text/html,application/xhtml+xml,application/xml;q=0.9,image/avif,image/webp,image/apng,*/*;q=0.8,application/signed-exchange;v=b3;q=0.9
User-Agent:Mozilla/5.0 (X11; Linux x86_64) AppleWebKit/537.36 (KHTML, like Gecko) Chrome/85.0.4183.102 Safari/537.36
Referer:http://web/
Upgrade-Insecure-Requests:1
",cf83e1357eefb8bdf1542850d66d8007d620e4050b5715dc83f4a921d36ce9ce47d0d13c5d85f2b0ff8318d2877eec2f63b931bd47417a81a538327af927da3e,"Keep-Alive:timeout=5, max=69
Server:Apache/2.4.7 (Ubuntu)
Connection:Keep-Alive
Pragma:no-cache
Date:Mon, 11 May 2026 20:55:23 GMT
Cache-Control:no-store, no-cache, must-revalidate, post-check=0, pre-check=0
Content-Encoding:gzip
Vary:Accept-Encoding
Expires:Thu, 19 Nov 1981 08:52:00 GMT
Content-Length:977
X-Powered-By:PHP/5.5.9-1ubuntu4.29
Content-Type:text/html
",cca937528644ff235975a494b68b2460e345d76803ac85295f21edf81e547c3ec33910c556aab76ed476dbd46255e632b99ae3aa71e540086f73afc0b220471a,200
http://web/pictures/recent.php,GET,"Cookie:PHPSESSID=bduljn3us8qcn51cj3fjjpbc43
Accept:text/html,application/xhtml+xml,application/xml;q=0.9,image/avif,image/webp,image/apng,*/*;q=0.8,application/signed-exchange;v=b3;q=0.9
User-Agent:Mozilla/5.0 (X11; Linux x86_64) AppleWebKit/537.36 (KHTML, like Gecko) Chrome/85.0.4183.102 Safari/537.36
Referer:http://web/users/login.php
Upgrade-Insecure-Requests:1
",cf83e1357eefb8bdf1542850d66d8007d620e4050b5715dc83f4a921d36ce9ce47d0d13c5d85f2b0ff8318d2877eec2f63b931bd47417a81a538327af927da3e,"Keep-Alive:timeout=5, max=84
Server:Apache/2.4.7 (Ubuntu)
Connection:Keep-Alive
Pragma:no-cache
Date:Mon, 11 May 2026 20:55:13 GMT
Cache-Control:no-store, no-cache, must-revalidate, post-check=0, pre-check=0
Content-Encoding:gzip
Vary:Accept-Encoding
Expires:Thu, 19 Nov 1981 08:52:00 GMT
Content-Length:1089
X-Powered-By:PHP/5.5.9-1ubuntu4.29
Content-Type:text/html
",7cdadadf6ee998576a98a160e7e842d8d4abc4db73abc86e1de18044cb6d6cb39409bbc1735194d8b7a9717ae5b8d1bd0e2ddccb71bb1a71a080d269c5df3e24,200
http://web/users/register.php,GET,"Cookie:PHPSESSID=bduljn3us8qcn51cj3fjjpbc43
Accept:text/html,application/xhtml+xml,application/xml;q=0.9,image/avif,image/webp,image/apng,*/*;q=0.8,application/signed-exchange;v=b3;q=0.9
User-Agent:Mozilla/5.0 (X11; Linux x86_64) AppleWebKit/537.36 (KHTML, like Gecko) Chrome/85.0.4183.102 Safari/537.36
Referer:http://web/users/login.php
Upgrade-Insecure-Requests:1
",cf83e1357eefb8bdf1542850d66d8007d620e4050b5715dc83f4a921d36ce9ce47d0d13c5d85f2b0ff8318d2877eec2f63b931bd47417a81a538327af927da3e,"Keep-Alive:timeout=5, max=71
Server:Apache/2.4.7 (Ubuntu)
Connection:Keep-Alive
Pragma:no-cache
Date:Mon, 11 May 2026 20:55:21 GMT
Cache-Control:no-store, no-cache, must-revalidate, post-check=0, pre-check=0
Content-Encoding:gzip
Vary:Accept-Encoding
Expires:Thu, 19 Nov 1981 08:52:00 GMT
Content-Length:1101
X-Powered-By:PHP/5.5.9-1ubuntu4.29
Content-Type:text/html
",9a75536d67999a4150dabe926650e45195bc51373a62e4292a0e4ce3825e877d7b401058bb5768aed03366784c1e64ad1b467668c944e96f38673158efb8d61f,200
http://web/,GET,"Cookie:PHPSESSID=bduljn3us8qcn51cj3fjjpbc43
Accept:text/html,application/xhtml+xml,application/xml;q=0.9,image/avif,image/webp,image/apng,*/*;q=0.8,application/signed-exchange;v=b3;q=0.9
User-Agent:Mozilla/5.0 (X11; Linux x86_64) AppleWebKit/537.36 (KHTML, like Gecko) Chrome/85.0.4183.102 Safari/537.36
Referer:http://web/guestbook.php
Upgrade-Insecure-Requests:1
",cf83e1357eefb8bdf1542850d66d8007d620e4050b5715dc83f4a921d36ce9ce47d0d13c5d85f2b0ff8318d2877eec2f63b931bd47417a81a538327af927da3e,"Keep-Alive:timeout=5, max=81
Server:Apache/2.4.7 (Ubuntu)
Connection:Keep-Alive
Pragma:no-cache
Date:Mon, 11 May 2026 20:56:14 GMT
Cache-Control:no-store, no-cache, must-revalidate, post-check=0, pre-check=0
Content-Encoding:gzip
Vary:Accept-Encoding
Expires:Thu, 19 Nov 1981 08:52:00 GMT
Content-Length:1283
X-Powered-By:PHP/5.5.9-1ubuntu4.29
Content-Type:text/html
",902b76f02c175a71df6ed94ce608f5cecfbfa8a7d5c9ba6ca3deb766c55be02956c2a5704d5e46314b38eab0bccdf17b75ea466206f5d903db2e57c8b3fc0725,200
http://web/guestbook.php,GET,"Cookie:PHPSESSID=bduljn3us8qcn51cj3fjjpbc43
Accept:text/html,application/xhtml+xml,application/xml;q=0.9,image/avif,image/webp,image/apng,*/*;q=0.8,application/signed-exchange;v=b3;q=0.9
User-Agent:Mozilla/5.0 (X11; Linux x86_64) AppleWebKit/537.36 (KHTML, like Gecko) Chrome/85.0.4183.102 Safari/537.36
Referer:http://web/
Upgrade-Insecure-Requests:1
",cf83e1357eefb8bdf1542850d66d8007d620e4050b5715dc83f4a921d36ce9ce47d0d13c5d85f2b0ff8318d2877eec2f63b931bd47417a81a538327af927da3e,"Keep-Alive:timeout=5, max=76
Server:Apache/2.4.7 (Ubuntu)
Connection:Keep-Alive
Pragma:no-cache
Date:Mon, 11 May 2026 20:56:17 GMT
Cache-Control:no-store, no-cache, must-revalidate, post-check=0, pre-check=0
Content-Encoding:gzip
Vary:Accept-Encoding
Expires:Thu, 19 Nov 1981 08:52:00 GMT
Content-Length:998
X-Powered-By:PHP/5.5.9-1ubuntu4.29
Content-Type:text/html
",32497829b7cfc013b19d9c615926ff5871173e985973027bc8d2a93274480c1a9658f4ff76cafdbb4b739ec15f4fd1f1768c203f6c6409a41e2332450d67f5a6,200
http://web/,GET,"Cookie:PHPSESSID=bduljn3us8qcn51cj3fjjpbc43
Accept:text/html,application/xhtml+xml,application/xml;q=0.9,image/avif,image/webp,image/apng,*/*;q=0.8,application/signed-exchange;v=b3;q=0.9
User-Agent:Mozilla/5.0 (X11; Linux x86_64) AppleWebKit/537.36 (KHTML, like Gecko) Chrome/85.0.4183.102 Safari/537.36
Upgrade-Insecure-Requests:1
",cf83e1357eefb8bdf1542850d66d8007d620e4050b5715dc83f4a921d36ce9ce47d0d13c5d85f2b0ff8318d2877eec2f63b931bd47417a81a538327af927da3e,"Keep-Alive:timeout=5, max=70
Server:Apache/2.4.7 (Ubuntu)
Connection:Keep-Alive
Pragma:no-cache
Date:Mon, 11 May 2026 20:56:21 GMT
Cache-Control:no-store, no-cache, must-revalidate, post-check=0, pre-check=0
Content-Encoding:gzip
Vary:Accept-Encoding
Expires:Thu, 19 Nov 1981 08:52:00 GMT
Content-Length:1283
X-Powered-By:PHP/5.5.9-1ubuntu4.29
Content-Type:text/html
",e29743db9db849295592009e65ef6eaf00f66711de44bdb337bb297149fea16952667f71eb589fdaa0ec2b62d928a5665b66c9fbb06fd02ffeb498c92499f0f1,200
http://web/,GET,"Cookie:PHPSESSID=bduljn3us8qcn51cj3fjjpbc43
Accept:text/html,application/xhtml+xml,application/xml;q=0.9,image/avif,image/webp,image/apng,*/*;q=0.8,application/signed-exchange;v=b3;q=0.9
User-Agent:Mozilla/5.0 (X11; Linux x86_64) AppleWebKit/537.36 (KHTML, like Gecko) Chrome/85.0.4183.102 Safari/537.36
Referer:http://web/
Upgrade-Insecure-Requests:1
",cf83e1357eefb8bdf1542850d66d8007d620e4050b5715dc83f4a921d36ce9ce47d0d13c5d85f2b0ff8318d2877eec2f63b931bd47417a81a538327af927da3e,"Keep-Alive:timeout=5, max=94
Server:Apache/2.4.7 (Ubuntu)
Connection:Keep-Alive
Pragma:no-cache
Date:Mon, 11 May 2026 20:55:08 GMT
Cache-Control:no-store, no-cache, must-revalidate, post-check=0, pre-check=0
Content-Encoding:gzip
Vary:Accept-Encoding
Expires:Thu, 19 Nov 1981 08:52:00 GMT
Content-Length:1282
X-Powered-By:PHP/5.5.9-1ubuntu4.29
Content-Type:text/html
",434bd571e2f7678631c9678458f177f575a5e7c834f9de0578bf523172da82e7e5ef24f4371c8b252d3310e63a07d910e419004348f324d8eb3d1fe840d6e23c,200
http://web/users/login.php,GET,"Cookie:PHPSESSID=bduljn3us8qcn51cj3fjjpbc43
Accept:text/html,application/xhtml+xml,application/xml;q=0.9,image/avif,image/webp,image/apng,*/*;q=0.8,application/signed-exchange;v=b3;q=0.9
User-Agent:Mozilla/5.0 (X11; Linux x86_64) AppleWebKit/537.36 (KHTML, like Gecko) Chrome/85.0.4183.102 Safari/537.36
Referer:http://web/pictures/recent.php
Upgrade-Insecure-Requests:1
",cf83e1357eefb8bdf1542850d66d8007d620e4050b5715dc83f4a921d36ce9ce47d0d13c5d85f2b0ff8318d2877eec2f63b931bd47417a81a538327af927da3e,"Keep-Alive:timeout=5, max=17
Server:Apache/2.4.7 (Ubuntu)
Connection:Keep-Alive
Pragma:no-cache
Date:Mon, 11 May 2026 20:55:53 GMT
Cache-Control:no-store, no-cache, must-revalidate, post-check=0, pre-check=0
Content-Encoding:gzip
Vary:Accept-Encoding
Expires:Thu, 19 Nov 1981 08:52:00 GMT
Content-Length:977
X-Powered-By:PHP/5.5.9-1ubuntu4.29
Content-Type:text/html
",ada413682d683cc28c9645044b1143858e3cf81a5dbec414aaaf2698db8c4bfa2b42929f1c17dd115b75471a7c831f43b3229d6f1ce0ac31733fa710040e46a0,200
http://web/users/login.php,GET,"Cookie:PHPSESSID=bduljn3us8qcn51cj3fjjpbc43
Accept:text/html,application/xhtml+xml,application/xml;q=0.9,image/avif,image/webp,image/apng,*/*;q=0.8,application/signed-exchange;v=b3;q=0.9
User-Agent:Mozilla/5.0 (X11; Linux x86_64) AppleWebKit/537.36 (KHTML, like Gecko) Chrome/85.0.4183.102 Safari/537.36
Referer:http://web/guestbook.php
Upgrade-Insecure-Requests:1
",cf83e1357eefb8bdf1542850d66d8007d620e4050b5715dc83f4a921d36ce9ce47d0d13c5d85f2b0ff8318d2877eec2f63b931bd47417a81a538327af927da3e,"Keep-Alive:timeout=5, max=84
Server:Apache/2.4.7 (Ubuntu)
Connection:Keep-Alive
Pragma:no-cache
Date:Mon, 11 May 2026 20:56:12 GMT
Cache-Control:no-store, no-cache, must-revalidate, post-check=0, pre-check=0
Content-Encoding:gzip
Vary:Accept-Encoding
Expires:Thu, 19 Nov 1981 08:52:00 GMT
Content-Length:976
X-Powered-By:PHP/5.5.9-1ubuntu4.29
Content-Type:text/html
",77afb1971d6952649021389415a2c5b9e54eb04e4054bfec928e7fa2bed001492448a2854616d1d368babfa544bd4ac624d7b1d7386d82b0b8444b927ce54679,200
http://web/users/login.php,GET,"Cookie:PHPSESSID=bduljn3us8qcn51cj3fjjpbc43
Accept:text/html,application/xhtml+xml,application/xml;q=0.9,image/avif,image/webp,image/apng,*/*;q=0.8,application/signed-exchange;v=b3;q=0.9
User-Agent:Mozilla/5.0 (X11; Linux x86_64) AppleWebKit/537.36 (KHTML, like Gecko) Chrome/85.0.4183.102 Safari/537.36
Referer:http://web/calendar.php
Upgrade-Insecure-Requests:1
",cf83e1357eefb8bdf1542850d66d8007d620e4050b5715dc83f4a921d36ce9ce47d0d13c5d85f2b0ff8318d2877eec2f63b931bd47417a81a538327af927da3e,"Keep-Alive:timeout=5, max=52
Server:Apache/2.4.7 (Ubuntu)
Connection:Keep-Alive
Pragma:no-cache
Date:Mon, 11 May 2026 20:56:33 GMT
Cache-Control:no-store, no-cache, must-revalidate, post-check=0, pre-check=0
Content-Encoding:gzip
Vary:Accept-Encoding
Expires:Thu, 19 Nov 1981 08:52:00 GMT
Content-Length:977
X-Powered-By:PHP/5.5.9-1ubuntu4.29
Content-Type:text/html
",c715baa2622141e9f4e3dab2e87f0de9387dbef2aaa9f5aa4aed9e90c57b92b0f24d32024f88088ab4e19b2b1ebef552738eeedae01156bb93283398f1896352,200
http://web/,GET,"Cookie:PHPSESSID=bduljn3us8qcn51cj3fjjpbc43
Accept:text/html,application/xhtml+xml,application/xml;q=0.9,image/avif,image/webp,image/apng,*/*;q=0.8,application/signed-exchange;v=b3;q=0.9
User-Agent:Mozilla/5.0 (X11; Linux x86_64) AppleWebKit/537.36 (KHTML, like Gecko) Chrome/85.0.4183.102 Safari/537.36
Referer:http://web/calendar.php
Upgrade-Insecure-Requests:1
",cf83e1357eefb8bdf1542850d66d8007d620e4050b5715dc83f4a921d36ce9ce47d0d13c5d85f2b0ff8318d2877eec2f63b931bd47417a81a538327af927da3e,"Keep-Alive:timeout=5, max=55
Server:Apache/2.4.7 (Ubuntu)
Connection:Keep-Alive
Pragma:no-cache
Date:Mon, 11 May 2026 20:55:33 GMT
Cache-Control:no-store, no-cache, must-revalidate, post-check=0, pre-check=0
Content-Encoding:gzip
Vary:Accept-Encoding
Expires:Thu, 19 Nov 1981 08:52:00 GMT
Content-Length:1283
X-Powered-By:PHP/5.5.9-1ubuntu4.29
Content-Type:text/html
",eb1885611736a1784159fe9530f531d55ddbd7780c340eb6e8d9da446c42759f485188b1efcb8f6966b3a884855f71545074dca2f95d9a9f1da4245e60fc9f35,200
http://web/,GET,"Cookie:PHPSESSID=bduljn3us8qcn51cj3fjjpbc43
Accept:text/html,application/xhtml+xml,application/xml;q=0.9,image/avif,image/webp,image/apng,*/*;q=0.8,application/signed-exchange;v=b3;q=0.9
User-Agent:Mozilla/5.0 (X11; Linux x86_64) AppleWebKit/537.36 (KHTML, like Gecko) Chrome/85.0.4183.102 Safari/537.36
Upgrade-Insecure-Requests:1
",cf83e1357eefb8bdf1542850d66d8007d620e4050b5715dc83f4a921d36ce9ce47d0d13c5d85f2b0ff8318d2877eec2f63b931bd47417a81a538327af927da3e,"Keep-Alive:timeout=5, max=32
Server:Apache/2.4.7 (Ubuntu)
Connection:Keep-Alive
Pragma:no-cache
Date:Mon, 11 May 2026 20:55:45 GMT
Cache-Control:no-store, no-cache, must-revalidate, post-check=0, pre-check=0
Content-Encoding:gzip
Vary:Accept-Encoding
Expires:Thu, 19 Nov 1981 08:52:00 GMT
Content-Length:1283
X-Powered-By:PHP/5.5.9-1ubuntu4.29
Content-Type:text/html
",e2d811de866a27a74984993b3f7d4689a94d129a694211182f47c782f59b0fdefc131128a2dc3a7a4e70cf07aa92adc07328458407110f3d76b437919f1c61e9,200
http://web/,GET,"Cookie:PHPSESSID=bduljn3us8qcn51cj3fjjpbc43
Accept:text/html,application/xhtml+xml,application/xml;q=0.9,image/avif,image/webp,image/apng,*/*;q=0.8,application/signed-exchange;v=b3;q=0.9
User-Agent:Mozilla/5.0 (X11; Linux x86_64) AppleWebKit/537.36 (KHTML, like Gecko) Chrome/85.0.4183.102 Safari/537.36
Upgrade-Insecure-Requests:1
",cf83e1357eefb8bdf1542850d66d8007d620e4050b5715dc83f4a921d36ce9ce47d0d13c5d85f2b0ff8318d2877eec2f63b931bd47417a81a538327af927da3e,"Keep-Alive:timeout=5, max=83
Server:Apache/2.4.7 (Ubuntu)
Connection:Keep-Alive
Pragma:no-cache
Date:Mon, 11 May 2026 20:56:13 GMT
Cache-Control:no-store, no-cache, must-revalidate, post-check=0, pre-check=0
Content-Encoding:gzip
Vary:Accept-Encoding
Expires:Thu, 19 Nov 1981 08:52:00 GMT
Content-Length:1284
X-Powered-By:PHP/5.5.9-1ubuntu4.29
Content-Type:text/html
",e7b61f0056767b11a8adfe6961c4426efe414791e7be299f4c3f462284647f4f2640c7b93c24d2b259ff71870111e9db4faec545045bd8eee03d3293a65d4fd2,200
http://web/admin/index.php?page=login,POST,"Origin:http://web
Cookie:PHPSESSID=bduljn3us8qcn51cj3fjjpbc43
Accept:text/html,application/xhtml+xml,application/xml;q=0.9,image/avif,image/webp,image/apng,*/*;q=0.8,application/signed-exchange;v=b3;q=0.9
User-Agent:Mozilla/5.0 (X11; Linux x86_64) AppleWebKit/537.36 (KHTML, like Gecko) Chrome/85.0.4183.102 Safari/537.36
Referer:http://web/admin/index.php?page=login
Upgrade-Insecure-Requests:1
Content-Type:application/x-www-form-urlencoded
",548377f2e5696d602ebea5cf51b1a44ec490373d18d7bf7279cdf508a0ebb68c5b213972afdf381cd9fc180c48a33f3bd2a8d32cb3ef18fd7254e3947c1ddf31,"Keep-Alive:timeout=5, max=66
Server:Apache/2.4.7 (Ubuntu)
Connection:Keep-Alive
Pragma:no-cache
Date:Mon, 11 May 2026 20:55:25 GMT
Cache-Control:no-store, no-cache, must-revalidate, post-check=0, pre-check=0
Content-Encoding:gzip
Vary:Accept-Encoding
Expires:Thu, 19 Nov 1981 08:52:00 GMT
Content-Length:214
X-Powered-By:PHP/5.5.9-1ubuntu4.29
Content-Type:text/html
",2591afe766ecf0c020c3b290246417b04d83ef87fd8a4c70e9e0c43a63e5dbcfd56cb4f3492896122a8781e50bf707c1da93e972d03e8c3481972bf7cd7d38f4,200
http://web/tos.php,GET,"Cookie:PHPSESSID=bduljn3us8qcn51cj3fjjpbc43
Accept:text/html,application/xhtml+xml,application/xml;q=0.9,image/avif,image/webp,image/apng,*/*;q=0.8,application/signed-exchange;v=b3;q=0.9
User-Agent:Mozilla/5.0 (X11; Linux x86_64) AppleWebKit/537.36 (KHTML, like Gecko) Chrome/85.0.4183.102 Safari/537.36
Referer:http://web/
Upgrade-Insecure-Requests:1
",cf83e1357eefb8bdf1542850d66d8007d620e4050b5715dc83f4a921d36ce9ce47d0d13c5d85f2b0ff8318d2877eec2f63b931bd47417a81a538327af927da3e,"Keep-Alive:timeout=5, max=60
Server:Apache/2.4.7 (Ubuntu)
Connection:Keep-Alive
Pragma:no-cache
Date:Mon, 11 May 2026 20:56:28 GMT
Cache-Control:no-store, no-cache, must-revalidate, post-check=0, pre-check=0
Content-Encoding:gzip
Vary:Accept-Encoding
Expires:Thu, 19 Nov 1981 08:52:00 GMT
Content-Length:10229
X-Powered-By:PHP/5.5.9-1ubuntu4.29
Content-Type:text/html
",8481c7133a986571160141eba44ac54d4363e0a26639ec9fab052cc0420f62505464ddebbd66f0b3dcd621399158b9d07821a7e56c0e96077aa10523694ef2fc,200
http://web/users/login.php,GET,"Cookie:PHPSESSID=bduljn3us8qcn51cj3fjjpbc43
Accept:text/html,application/xhtml+xml,application/xml;q=0.9,image/avif,image/webp,image/apng,*/*;q=0.8,application/signed-exchange;v=b3;q=0.9
User-Agent:Mozilla/5.0 (X11; Linux x86_64) AppleWebKit/537.36 (KHTML, like Gecko) Chrome/85.0.4183.102 Safari/537.36
Referer:http://web/pictures/recent.php
Upgrade-Insecure-Requests:1
",cf83e1357eefb8bdf1542850d66d8007d620e4050b5715dc83f4a921d36ce9ce47d0d13c5d85f2b0ff8318d2877eec2f63b931bd47417a81a538327af927da3e,"Keep-Alive:timeout=5, max=21
Server:Apache/2.4.7 (Ubuntu)
Connection:Keep-Alive
Pragma:no-cache
Date:Mon, 11 May 2026 20:55:51 GMT
Cache-Control:no-store, no-cache, must-revalidate, post-check=0, pre-check=0
Content-Encoding:gzip
Vary:Accept-Encoding
Expires:Thu, 19 Nov 1981 08:52:00 GMT
Content-Length:977
X-Powered-By:PHP/5.5.9-1ubuntu4.29
Content-Type:text/html
",d67735d458b3bff08fed34a416ef013a0b17dd4edd8f0ea6e9ca914c5f81a091050acbaeaefc82da14a3af6aaff5d3bd698b2dd2867832ae4e979ee31bcaf921,200
http://web/pictures/recent.php,GET,"Cookie:PHPSESSID=bduljn3us8qcn51cj3fjjpbc43
Accept:text/html,application/xhtml+xml,application/xml;q=0.9,image/avif,image/webp,image/apng,*/*;q=0.8,application/signed-exchange;v=b3;q=0.9
User-Agent:Mozilla/5.0 (X11; Linux x86_64) AppleWebKit/537.36 (KHTML, like Gecko) Chrome/85.0.4183.102 Safari/537.36
Referer:http://web/
Upgrade-Insecure-Requests:1
",cf83e1357eefb8bdf1542850d66d8007d620e4050b5715dc83f4a921d36ce9ce47d0d13c5d85f2b0ff8318d2877eec2f63b931bd47417a81a538327af927da3e,"Keep-Alive:timeout=5, max=100
Server:Apache/2.4.7 (Ubuntu)
Connection:Keep-Alive
Pragma:no-cache
Date:Mon, 11 May 2026 20:56:02 GMT
Cache-Control:no-store, no-cache, must-revalidate, post-check=0, pre-check=0
Content-Encoding:gzip
Vary:Accept-Encoding
Expires:Thu, 19 Nov 1981 08:52:00 GMT
Content-Length:1087
X-Powered-By:PHP/5.5.9-1ubuntu4.29
Content-Type:text/html
",1150535266e554486b0d04e776f817f4a6f4b324c0fcf32e6401fdab0611dadacfeb8d2dec16c9aaede07a98ad0ed196219a0ac4a5ad1fec704f1fe901b4ff19,200
http://web/pictures/recent.php,GET,"Cookie:PHPSESSID=bduljn3us8qcn51cj3fjjpbc43
Accept:text/html,application/xhtml+xml,application/xml;q=0.9,image/avif,image/webp,image/apng,*/*;q=0.8,application/signed-exchange;v=b3;q=0.9
User-Agent:Mozilla/5.0 (X11; Linux x86_64) AppleWebKit/537.36 (KHTML, like Gecko) Chrome/85.0.4183.102 Safari/537.36
Referer:http://web/guestbook.php
Upgrade-Insecure-Requests:1
",cf83e1357eefb8bdf1542850d66d8007d620e4050b5715dc83f4a921d36ce9ce47d0d13c5d85f2b0ff8318d2877eec2f63b931bd47417a81a538327af927da3e,"Keep-Alive:timeout=5, max=88
Server:Apache/2.4.7 (Ubuntu)
Connection:Keep-Alive
Pragma:no-cache
Date:Mon, 11 May 2026 20:56:09 GMT
Cache-Control:no-store, no-cache, must-revalidate, post-check=0, pre-check=0
Content-Encoding:gzip
Vary:Accept-Encoding
Expires:Thu, 19 Nov 1981 08:52:00 GMT
Content-Length:1088
X-Powered-By:PHP/5.5.9-1ubuntu4.29
Content-Type:text/html
",9a232d069af36971b14bb6e80e5b9c31a2468e8a3fd46f83992cbe227dc7e0f819a67e26c4b534c359b195a0cbb4003c39d0a4beb992924a5f9184fc9795fa3b,200
http://web/tos.php,GET,"Cookie:PHPSESSID=bduljn3us8qcn51cj3fjjpbc43
Accept:text/html,application/xhtml+xml,application/xml;q=0.9,image/avif,image/webp,image/apng,*/*;q=0.8,application/signed-exchange;v=b3;q=0.9
User-Agent:Mozilla/5.0 (X11; Linux x86_64) AppleWebKit/537.36 (KHTML, like Gecko) Chrome/85.0.4183.102 Safari/537.36
Referer:http://web/guestbook.php
Upgrade-Insecure-Requests:1
",cf83e1357eefb8bdf1542850d66d8007d620e4050b5715dc83f4a921d36ce9ce47d0d13c5d85f2b0ff8318d2877eec2f63b931bd47417a81a538327af927da3e,"Keep-Alive:timeout=5, max=75
Server:Apache/2.4.7 (Ubuntu)
Connection:Keep-Alive
Pragma:no-cache
Date:Mon, 11 May 2026 20:56:18 GMT
Cache-Control:no-store, no-cache, must-revalidate, post-check=0, pre-check=0
Content-Encoding:gzip
Vary:Accept-Encoding
Expires:Thu, 19 Nov 1981 08:52:00 GMT
Content-Length:10225
X-Powered-By:PHP/5.5.9-1ubuntu4.29
Content-Type:text/html
",10c7ea78af4535f0089030b78dc4de900e735993a51324e2fe017f8848a331efba7f392568a7a9b6fd51dc63f2fcd7b6d0ccd3b2e64a01fdefc0eb77231147be,200
http://web/upload/house/hodjjgld.128_128.jpg,GET,"Cookie:PHPSESSID=bduljn3us8qcn51cj3fjjpbc43
Accept:image/avif,image/webp,image/apng,image/*,*/*;q=0.8
User-Agent:Mozilla/5.0 (X11; Linux x86_64) AppleWebKit/537.36 (KHTML, like Gecko) Chrome/85.0.4183.102 Safari/537.36
Referer:http://web/pictures/recent.php
",cf83e1357eefb8bdf1542850d66d8007d620e4050b5715dc83f4a921d36ce9ce47d0d13c5d85f2b0ff8318d2877eec2f63b931bd47417a81a538327af927da3e,"Server:Apache/2.4.7 (Ubuntu)
Last-Modified:Thu, 02 Feb 2017 22:24:09 GMT
Date:Mon, 11 May 2026 20:55:14 GMT
Accept-Ranges:bytes
ETag:""2f6e-547939fb8b440""
Content-Length:12142
Content-Type:image/jpeg
",d78d726ba03cd4ab6cfb2ff024e33ec7f851cdd7cf3389acb2ab700df6399122ee3bc74dc664abba8ea40f4d49e5c03e3def6eae872504e6aba993ed1b3b2fc0,200
http://web/users/login.php,GET,"Cookie:PHPSESSID=bduljn3us8qcn51cj3fjjpbc43
Accept:text/html,application/xhtml+xml,application/xml;q=0.9,image/avif,image/webp,image/apng,*/*;q=0.8,application/signed-exchange;v=b3;q=0.9
User-Agent:Mozilla/5.0 (X11; Linux x86_64) AppleWebKit/537.36 (KHTML, like Gecko) Chrome/85.0.4183.102 Safari/537.36
Referer:http://web/guestbook.php
Upgrade-Insecure-Requests:1
",cf83e1357eefb8bdf1542850d66d8007d620e4050b5715dc83f4a921d36ce9ce47d0d13c5d85f2b0ff8318d2877eec2f63b931bd47417a81a538327af927da3e,"Keep-Alive:timeout=5, max=40
Server:Apache/2.4.7 (Ubuntu)
Connection:Keep-Alive
Pragma:no-cache
Date:Mon, 11 May 2026 20:55:41 GMT
Cache-Control:no-store, no-cache, must-revalidate, post-check=0, pre-check=0
Content-Encoding:gzip
Vary:Accept-Encoding
Expires:Thu, 19 Nov 1981 08:52:00 GMT
Content-Length:976
X-Powered-By:PHP/5.5.9-1ubuntu4.29
Content-Type:text/html
",c8a7c2397ce51c356a24932c2bdaa1a04712a90f3e6c3c263127bfa1029a2308b1eaf19351955b139859a4565a89d770aed611be5d6d91df82318d0378da6cd5,200
http://web/users/login.php,GET,"Cookie:PHPSESSID=bduljn3us8qcn51cj3fjjpbc43
Accept:text/html,application/xhtml+xml,application/xml;q=0.9,image/avif,image/webp,image/apng,*/*;q=0.8,application/signed-exchange;v=b3;q=0.9
User-Agent:Mozilla/5.0 (X11; Linux x86_64) AppleWebKit/537.36 (KHTML, like Gecko) Chrome/85.0.4183.102 Safari/537.36
Referer:http://web/pictures/recent.php
Upgrade-Insecure-Requests:1
",cf83e1357eefb8bdf1542850d66d8007d620e4050b5715dc83f4a921d36ce9ce47d0d13c5d85f2b0ff8318d2877eec2f63b931bd47417a81a538327af927da3e,"Keep-Alive:timeout=5, max=13
Server:Apache/2.4.7 (Ubuntu)
Connection:Keep-Alive
Pragma:no-cache
Date:Mon, 11 May 2026 20:55:55 GMT
Cache-Control:no-store, no-cache, must-revalidate, post-check=0, pre-check=0
Content-Encoding:gzip
Vary:Accept-Encoding
Expires:Thu, 19 Nov 1981 08:52:00 GMT
Content-Length:975
X-Powered-By:PHP/5.5.9-1ubuntu4.29
Content-Type:text/html
",7c9ebd4d61f6299e673c01937da5b2b1c52e267448286d275d680c8264a1d5350a670327ff8d09b11868ea4f17aaf8ac337bf90e6e87b59a90efe09cd7b4d248,200
http://web/pictures/recent.php,GET,"Cookie:PHPSESSID=bduljn3us8qcn51cj3fjjpbc43
Accept:text/html,application/xhtml+xml,application/xml;q=0.9,image/avif,image/webp,image/apng,*/*;q=0.8,application/signed-exchange;v=b3;q=0.9
User-Agent:Mozilla/5.0 (X11; Linux x86_64) AppleWebKit/537.36 (KHTML, like Gecko) Chrome/85.0.4183.102 Safari/537.36
Referer:http://web/
Upgrade-Insecure-Requests:1
",cf83e1357eefb8bdf1542850d66d8007d620e4050b5715dc83f4a921d36ce9ce47d0d13c5d85f2b0ff8318d2877eec2f63b931bd47417a81a538327af927da3e,"Keep-Alive:timeout=5, max=97
Server:Apache/2.4.7 (Ubuntu)
Connection:Keep-Alive
Pragma:no-cache
Date:Mon, 11 May 2026 20:56:04 GMT
Cache-Control:no-store, no-cache, must-revalidate, post-check=0, pre-check=0
Content-Encoding:gzip
Vary:Accept-Encoding
Expires:Thu, 19 Nov 1981 08:52:00 GMT
Content-Length:1088
X-Powered-By:PHP/5.5.9-1ubuntu4.29
Content-Type:text/html
",c7cefc2dd738898d55b5d0eb3e7ffc9024dfc99d1c39075dcd09e534d3223237403d314f630389bed132813f8dcdb164fc6b0def924948be38cbe8e532bf28af,200
http://web/users/login.php,GET,"Cookie:PHPSESSID=bduljn3us8qcn51cj3fjjpbc43
Accept:text/html,application/xhtml+xml,application/xml;q=0.9,image/avif,image/webp,image/apng,*/*;q=0.8,application/signed-exchange;v=b3;q=0.9
User-Agent:Mozilla/5.0 (X11; Linux x86_64) AppleWebKit/537.36 (KHTML, like Gecko) Chrome/85.0.4183.102 Safari/537.36
Referer:http://web/tos.php
Upgrade-Insecure-Requests:1
",cf83e1357eefb8bdf1542850d66d8007d620e4050b5715dc83f4a921d36ce9ce47d0d13c5d85f2b0ff8318d2877eec2f63b931bd47417a81a538327af927da3e,"Keep-Alive:timeout=5, max=91
Server:Apache/2.4.7 (Ubuntu)
Connection:Keep-Alive
Pragma:no-cache
Date:Mon, 11 May 2026 20:56:07 GMT
Cache-Control:no-store, no-cache, must-revalidate, post-check=0, pre-check=0
Content-Encoding:gzip
Vary:Accept-Encoding
Expires:Thu, 19 Nov 1981 08:52:00 GMT
Content-Length:977
X-Powered-By:PHP/5.5.9-1ubuntu4.29
Content-Type:text/html
",9cc6dc438f755c838a5e0f2e60c329bb4f6d7bd1335b673a699aa387f3d83c5cbf7a321bd8ddb7a07a34d811ccaf676c0578477bdc03245e41fb799d226c4877,200
http://web/upload/toga/togas.128_128.jpg,GET,"Cookie:PHPSESSID=bduljn3us8qcn51cj3fjjpbc43
Accept:image/avif,image/webp,image/apng,image/*,*/*;q=0.8
User-Agent:Mozilla/5.0 (X11; Linux x86_64) AppleWebKit/537.36 (KHTML, like Gecko) Chrome/85.0.4183.102 Safari/537.36
Referer:http://web/pictures/recent.php
",cf83e1357eefb8bdf1542850d66d8007d620e4050b5715dc83f4a921d36ce9ce47d0d13c5d85f2b0ff8318d2877eec2f63b931bd47417a81a538327af927da3e,"Keep-Alive:timeout=5, max=99
Server:Apache/2.4.7 (Ubuntu)
Connection:Keep-Alive
Last-Modified:Thu, 02 Feb 2017 22:24:09 GMT
Date:Mon, 11 May 2026 20:55:14 GMT
Accept-Ranges:bytes
ETag:""3ead-547939fb8b440""
Content-Length:16045
Content-Type:image/jpeg
",705372a26505ff43e9523cc12732de0b4ac071ab4c1ae439d67b834552468f58efbfc0a701ef3e00c2c1986f08c806b867152e9aa8ef769f3c270341d30775d9,200
http://web/pictures/view.php?picid=9,GET,"Cookie:PHPSESSID=bduljn3us8qcn51cj3fjjpbc43
Accept:text/html,application/xhtml+xml,application/xml;q=0.9,image/avif,image/webp,image/apng,*/*;q=0.8,application/signed-exchange;v=b3;q=0.9
User-Agent:Mozilla/5.0 (X11; Linux x86_64) AppleWebKit/537.36 (KHTML, like Gecko) Chrome/85.0.4183.102 Safari/537.36
Referer:http://web/pictures/recent.php
Upgrade-Insecure-Requests:1
",cf83e1357eefb8bdf1542850d66d8007d620e4050b5715dc83f4a921d36ce9ce47d0d13c5d85f2b0ff8318d2877eec2f63b931bd47417a81a538327af927da3e,"Keep-Alive:timeout=5, max=10
Server:Apache/2.4.7 (Ubuntu)
Connection:Keep-Alive
Pragma:no-cache
Date:Mon, 11 May 2026 20:55:57 GMT
Cache-Control:no-store, no-cache, must-revalidate, post-check=0, pre-check=0
Expires:Thu, 19 Nov 1981 08:52:00 GMT
Content-Length:41
X-Powered-By:PHP/5.5.9-1ubuntu4.29
Location:/users/login.php
Content-Type:text/html
",cf83e1357eefb8bdf1542850d66d8007d620e4050b5715dc83f4a921d36ce9ce47d0d13c5d85f2b0ff8318d2877eec2f63b931bd47417a81a538327af927da3e,303
http://web/admin/index.php?page=login,GET,"Cookie:PHPSESSID=bduljn3us8qcn51cj3fjjpbc43
Accept:text/html,application/xhtml+xml,application/xml;q=0.9,image/avif,image/webp,image/apng,*/*;q=0.8,application/signed-exchange;v=b3;q=0.9
User-Agent:Mozilla/5.0 (X11; Linux x86_64) AppleWebKit/537.36 (KHTML, like Gecko) Chrome/85.0.4183.102 Safari/537.36
Referer:http://web/calendar.php
Upgrade-Insecure-Requests:1
",cf83e1357eefb8bdf1542850d66d8007d620e4050b5715dc83f4a921d36ce9ce47d0d13c5d85f2b0ff8318d2877eec2f63b931bd47417a81a538327af927da3e,"Keep-Alive:timeout=5, max=32
Server:Apache/2.4.7 (Ubuntu)
Connection:Keep-Alive
Pragma:no-cache
Date:Mon, 11 May 2026 20:56:45 GMT
Cache-Control:no-store, no-cache, must-revalidate, post-check=0, pre-check=0
Content-Encoding:gzip
Vary:Accept-Encoding
Expires:Thu, 19 Nov 1981 08:52:00 GMT
Content-Length:216
X-Powered-By:PHP/5.5.9-1ubuntu4.29
Content-Type:text/html
",0488c4d6736848a29e678b224ecd9c95ae8b1eaa516c98324c9c5137f9f2279d1c111e1a296bba52c5328dafb95635c3f97ec1e2841a0631f67264b2471e7a88,200
http://web/users/login.php,POST,"Origin:http://web
Cookie:PHPSESSID=bduljn3us8qcn51cj3fjjpbc43
Accept:text/html,application/xhtml+xml,application/xml;q=0.9,image/avif,image/webp,image/apng,*/*;q=0.8,application/signed-exchange;v=b3;q=0.9
User-Agent:Mozilla/5.0 (X11; Linux x86_64) AppleWebKit/537.36 (KHTML, like Gecko) Chrome/85.0.4183.102 Safari/537.36
Referer:http://web/users/login.php
Upgrade-Insecure-Requests:1
Content-Type:application/x-www-form-urlencoded
",53f17d5373a9e9e7a638d5d43493aedca5d974210ffb61afb65ae619bd5ef318883b7b4054795acaccb54ded1b7f639fde2790db8b4cb8975cb10226c79629cc,"Keep-Alive:timeout=5, max=58
Server:Apache/2.4.7 (Ubuntu)
Connection:Keep-Alive
Pragma:no-cache
Date:Mon, 11 May 2026 20:55:31 GMT
Cache-Control:no-store, no-cache, must-revalidate, post-check=0, pre-check=0
Content-Encoding:gzip
Vary:Accept-Encoding
Expires:Thu, 19 Nov 1981 08:52:00 GMT
Content-Length:976
X-Powered-By:PHP/5.5.9-1ubuntu4.29
Content-Type:text/html
",b079a0cacc79b960d10cdcf6832cefee29267914c760ebca2d5821824bd5c737665329bb6cd6aed4c873a87fb2050104f2c7fa415ccddc6eb7f06e956850a3b6,200
http://web/,GET,"Cookie:PHPSESSID=bduljn3us8qcn51cj3fjjpbc43
Accept:text/html,application/xhtml+xml,application/xml;q=0.9,image/avif,image/webp,image/apng,*/*;q=0.8,application/signed-exchange;v=b3;q=0.9
User-Agent:Mozilla/5.0 (X11; Linux x86_64) AppleWebKit/537.36 (KHTML, like Gecko) Chrome/85.0.4183.102 Safari/537.36
Upgrade-Insecure-Requests:1
",cf83e1357eefb8bdf1542850d66d8007d620e4050b5715dc83f4a921d36ce9ce47d0d13c5d85f2b0ff8318d2877eec2f63b931bd47417a81a538327af927da3e,"Keep-Alive:timeout=5, max=20
Server:Apache/2.4.7 (Ubuntu)
Connection:Keep-Alive
Pragma:no-cache
Date:Mon, 11 May 2026 20:55:51 GMT
Cache-Control:no-store, no-cache, must-revalidate, post-check=0, pre-check=0
Content-Encoding:gzip
Vary:Accept-Encoding
Expires:Thu, 19 Nov 1981 08:52:00 GMT
Content-Length:1284
X-Powered-By:PHP/5.5.9-1ubuntu4.29
Content-Type:text/html
",e7270c5c676a4b1e2c23e001a0067e6780e00496c6ea04c0ca38ce33b2ad46a5eec26867f3d5149a15802ba9b63ca453b1fe4d12a64ea676856d9b6cd838bd75,200
http://web/,GET,"Cookie:PHPSESSID=bduljn3us8qcn51cj3fjjpbc43
Accept:text/html,application/xhtml+xml,application/xml;q=0.9,image/avif,image/webp,image/apng,*/*;q=0.8,application/signed-exchange;v=b3;q=0.9
User-Agent:Mozilla/5.0 (X11; Linux x86_64) AppleWebKit/537.36 (KHTML, like Gecko) Chrome/85.0.4183.102 Safari/537.36
Upgrade-Insecure-Requests:1
",cf83e1357eefb8bdf1542850d66d8007d620e4050b5715dc83f4a921d36ce9ce47d0d13c5d85f2b0ff8318d2877eec2f63b931bd47417a81a538327af927da3e,"Keep-Alive:timeout=5, max=8
Server:Apache/2.4.7 (Ubuntu)
Connection:Keep-Alive
Pragma:no-cache
Date:Mon, 11 May 2026 20:55:57 GMT
Cache-Control:no-store, no-cache, must-revalidate, post-check=0, pre-check=0
Content-Encoding:gzip
Vary:Accept-Encoding
Expires:Thu, 19 Nov 1981 08:52:00 GMT
Content-Length:1282
X-Powered-By:PHP/5.5.9-1ubuntu4.29
Content-Type:text/html
",5cececc4b4dd0ff5a35d8aec7b2c3c8a9faf092e4779c53bef67e390324b14b320355b6fa3da13a8ac7c9b1eb1a3bf75be048c7b798e8dafbc8b0964308f1e73,200
http://web/pictures/view.php?picid=13,GET,"Cookie:PHPSESSID=bduljn3us8qcn51cj3fjjpbc43
Accept:text/html,application/xhtml+xml,application/xml;q=0.9,image/avif,image/webp,image/apng,*/*;q=0.8,application/signed-exchange;v=b3;q=0.9
User-Agent:Mozilla/5.0 (X11; Linux x86_64) AppleWebKit/537.36 (KHTML, like Gecko) Chrome/85.0.4183.102 Safari/537.36
Referer:http://web/pictures/recent.php
Upgrade-Insecure-Requests:1
",cf83e1357eefb8bdf1542850d66d8007d620e4050b5715dc83f4a921d36ce9ce47d0d13c5d85f2b0ff8318d2877eec2f63b931bd47417a81a538327af927da3e,"Keep-Alive:timeout=5, max=26
Server:Apache/2.4.7 (Ubuntu)
Connection:Keep-Alive
Pragma:no-cache
Date:Mon, 11 May 2026 20:55:49 GMT
Cache-Control:no-store, no-cache, must-revalidate, post-check=0, pre-check=0
Expires:Thu, 19 Nov 1981 08:52:00 GMT
Content-Length:41
X-Powered-By:PHP/5.5.9-1ubuntu4.29
Location:/users/login.php
Content-Type:text/html
",cf83e1357eefb8bdf1542850d66d8007d620e4050b5715dc83f4a921d36ce9ce47d0d13c5d85f2b0ff8318d2877eec2f63b931bd47417a81a538327af927da3e,303
http://web/pictures/recent.php,GET,"Cookie:PHPSESSID=bduljn3us8qcn51cj3fjjpbc43
Accept:text/html,application/xhtml+xml,application/xml;q=0.9,image/avif,image/webp,image/apng,*/*;q=0.8,application/signed-exchange;v=b3;q=0.9
User-Agent:Mozilla/5.0 (X11; Linux x86_64) AppleWebKit/537.36 (KHTML, like Gecko) Chrome/85.0.4183.102 Safari/537.36
Referer:http://web/tos.php
Upgrade-Insecure-Requests:1
",cf83e1357eefb8bdf1542850d66d8007d620e4050b5715dc83f4a921d36ce9ce47d0d13c5d85f2b0ff8318d2877eec2f63b931bd47417a81a538327af927da3e,"Keep-Alive:timeout=5, max=74
Server:Apache/2.4.7 (Ubuntu)
Connection:Keep-Alive
Pragma:no-cache
Date:Mon, 11 May 2026 20:56:19 GMT
Cache-Control:no-store, no-cache, must-revalidate, post-check=0, pre-check=0
Content-Encoding:gzip
Vary:Accept-Encoding
Expires:Thu, 19 Nov 1981 08:52:00 GMT
Content-Length:1088
X-Powered-By:PHP/5.5.9-1ubuntu4.29
Content-Type:text/html
",467836182627e214a8a330611d068d2595c4cbf575521cc77ba92252bda1b604855c9c945861a7f63a2796467e6feb3242b62bf26cb415bc8ecc750cbe5e7232,200
http://web/images/menu/menu_tabs.gif,GET,"Cookie:PHPSESSID=bduljn3us8qcn51cj3fjjpbc43
Accept:image/avif,image/webp,image/apng,image/*,*/*;q=0.8
User-Agent:Mozilla/5.0 (X11; Linux x86_64) AppleWebKit/537.36 (KHTML, like Gecko) Chrome/85.0.4183.102 Safari/537.36
Referer:http://web/css/stylings.css
",cf83e1357eefb8bdf1542850d66d8007d620e4050b5715dc83f4a921d36ce9ce47d0d13c5d85f2b0ff8318d2877eec2f63b931bd47417a81a538327af927da3e,"Keep-Alive:timeout=5, max=97
Server:Apache/2.4.7 (Ubuntu)
Connection:Keep-Alive
Last-Modified:Thu, 02 Feb 2017 22:24:09 GMT
Date:Mon, 11 May 2026 20:55:06 GMT
Accept-Ranges:bytes
ETag:""f78-547939fb8b440""
Content-Length:3960
Content-Type:image/gif
",3eb49ef7e8e7e02a1bff29ac33707f5a473495974c0f3cc1937f03198075c0d2b0aaf7f2937030c43b34c560f19c5c6502345d5af0ac36b7e66d8deea4ef55d4,200
http://web/tos.php,GET,"Cookie:PHPSESSID=bduljn3us8qcn51cj3fjjpbc43
Accept:text/html,application/xhtml+xml,application/xml;q=0.9,image/avif,image/webp,image/apng,*/*;q=0.8,application/signed-exchange;v=b3;q=0.9
User-Agent:Mozilla/5.0 (X11; Linux x86_64) AppleWebKit/537.36 (KHTML, like Gecko) Chrome/85.0.4183.102 Safari/537.36
Referer:http://web/users/register.php
Upgrade-Insecure-Requests:1
",cf83e1357eefb8bdf1542850d66d8007d620e4050b5715dc83f4a921d36ce9ce47d0d13c5d85f2b0ff8318d2877eec2f63b931bd47417a81a538327af927da3e,"Keep-Alive:timeout=5, max=63
Server:Apache/2.4.7 (Ubuntu)
Connection:Keep-Alive
Pragma:no-cache
Date:Mon, 11 May 2026 20:55:27 GMT
Cache-Control:no-store, no-cache, must-revalidate, post-check=0, pre-check=0
Content-Encoding:gzip
Vary:Accept-Encoding
Expires:Thu, 19 Nov 1981 08:52:00 GMT
Content-Length:10226
X-Powered-By:PHP/5.5.9-1ubuntu4.29
Content-Type:text/html
",431d868e9064757b5da5aa1f04c69d20fbc1e584b1891660b000d829b80715a5a7a33758cc7ad7d2bdd818efa7aebe218f068471ff608a7206bbf1b65c0a0420,200
http://web/,GET,"Cookie:PHPSESSID=bduljn3us8qcn51cj3fjjpbc43
Accept:text/html,application/xhtml+xml,application/xml;q=0.9,image/avif,image/webp,image/apng,*/*;q=0.8,application/signed-exchange;v=b3;q=0.9
User-Agent:Mozilla/5.0 (X11; Linux x86_64) AppleWebKit/537.36 (KHTML, like Gecko) Chrome/85.0.4183.102 Safari/537.36
Referer:http://web/users/login.php
Upgrade-Insecure-Requests:1
",cf83e1357eefb8bdf1542850d66d8007d620e4050b5715dc83f4a921d36ce9ce47d0d13c5d85f2b0ff8318d2877eec2f63b931bd47417a81a538327af927da3e,"Keep-Alive:timeout=5, max=91
Server:Apache/2.4.7 (Ubuntu)
Connection:Keep-Alive
Pragma:no-cache
Date:Mon, 11 May 2026 20:55:10 GMT
Cache-Control:no-store, no-cache, must-revalidate, post-check=0, pre-check=0
Content-Encoding:gzip
Vary:Accept-Encoding
Expires:Thu, 19 Nov 1981 08:52:00 GMT
Content-Length:1284
X-Powered-By:PHP/5.5.9-1ubuntu4.29
Content-Type:text/html
",70247dc85a714de3f8bdf18ff72eb0f9d85545aff3c55943c7b4bfa47bd5f1669885f08442d08c9abed35a831889fed2a50ad9f40835cb4e030384fd627e901e,200
http://web/,GET,"Cookie:PHPSESSID=bduljn3us8qcn51cj3fjjpbc43
Accept:text/html,application/xhtml+xml,application/xml;q=0.9,image/avif,image/webp,image/apng,*/*;q=0.8,application/signed-exchange;v=b3;q=0.9
User-Agent:Mozilla/5.0 (X11; Linux x86_64) AppleWebKit/537.36 (KHTML, like Gecko) Chrome/85.0.4183.102 Safari/537.36
Upgrade-Insecure-Requests:1
",cf83e1357eefb8bdf1542850d66d8007d620e4050b5715dc83f4a921d36ce9ce47d0d13c5d85f2b0ff8318d2877eec2f63b931bd47417a81a538327af927da3e,"Keep-Alive:timeout=5, max=77
Server:Apache/2.4.7 (Ubuntu)
Connection:Keep-Alive
Pragma:no-cache
Date:Mon, 11 May 2026 20:56:17 GMT
Cache-Control:no-store, no-cache, must-revalidate, post-check=0, pre-check=0
Content-Encoding:gzip
Vary:Accept-Encoding
Expires:Thu, 19 Nov 1981 08:52:00 GMT
Content-Length:1284
X-Powered-By:PHP/5.5.9-1ubuntu4.29
Content-Type:text/html
",047560f1c8152eeb303d943b1a7bf49696d94544a57c9be1294d60ab3275435e82e504c2adad67cf6461f72f4aa98f7b85534fda846c822d5cbbd08a7a53c4fa,200
http://web/guestbook.php,GET,"Cookie:PHPSESSID=bduljn3us8qcn51cj3fjjpbc43
Accept:text/html,application/xhtml+xml,application/xml;q=0.9,image/avif,image/webp,image/apng,*/*;q=0.8,application/signed-exchange;v=b3;q=0.9
User-Agent:Mozilla/5.0 (X11; Linux x86_64) AppleWebKit/537.36 (KHTML, like Gecko) Chrome/85.0.4183.102 Safari/537.36
Referer:http://web/
Upgrade-Insecure-Requests:1
",cf83e1357eefb8bdf1542850d66d8007d620e4050b5715dc83f4a921d36ce9ce47d0d13c5d85f2b0ff8318d2877eec2f63b931bd47417a81a538327af927da3e,"Keep-Alive:timeout=5, max=79
Server:Apache/2.4.7 (Ubuntu)
Connection:Keep-Alive
Pragma:no-cache
Date:Mon, 11 May 2026 20:56:15 GMT
Cache-Control:no-store, no-cache, must-revalidate, post-check=0, pre-check=0
Content-Encoding:gzip
Vary:Accept-Encoding
Expires:Thu, 19 Nov 1981 08:52:00 GMT
Content-Length:999
X-Powered-By:PHP/5.5.9-1ubuntu4.29
Content-Type:text/html
",e09645a42e6f294e35ecd939a575d69ea9ad2c6a401b8c235e8e014bf210c06fcc39cb58de8ce62b5b26c1872cc9ba2493994b4938eafb5d4e79030362a6022c,200
http://web/guestbook.php,GET,"Cookie:PHPSESSID=bduljn3us8qcn51cj3fjjpbc43
Accept:text/html,application/xhtml+xml,application/xml;q=0.9,image/avif,image/webp,image/apng,*/*;q=0.8,application/signed-exchange;v=b3;q=0.9
User-Agent:Mozilla/5.0 (X11; Linux x86_64) AppleWebKit/537.36 (KHTML, like Gecko) Chrome/85.0.4183.102 Safari/537.36
Referer:http://web/calendar.php
Upgrade-Insecure-Requests:1
",cf83e1357eefb8bdf1542850d66d8007d620e4050b5715dc83f4a921d36ce9ce47d0d13c5d85f2b0ff8318d2877eec2f63b931bd47417a81a538327af927da3e,"Keep-Alive:timeout=5, max=42
Server:Apache/2.4.7 (Ubuntu)
Connection:Keep-Alive
Pragma:no-cache
Date:Mon, 11 May 2026 20:56:38 GMT
Cache-Control:no-store, no-cache, must-revalidate, post-check=0, pre-check=0
Content-Encoding:gzip
Vary:Accept-Encoding
Expires:Thu, 19 Nov 1981 08:52:00 GMT
Content-Length:999
X-Powered-By:PHP/5.5.9-1ubuntu4.29
Content-Type:text/html
",a3170ab5adc2ad439349b3a07071c6667aa047617e2ca3ba3c8262644a7ff9de09e9cc953199f54210ee0bdb0c7538415f5015c9277a0d3062dce436742322b7,200
http://web/,GET,"Cookie:PHPSESSID=bduljn3us8qcn51cj3fjjpbc43
Accept:text/html,application/xhtml+xml,application/xml;q=0.9,image/avif,image/webp,image/apng,*/*;q=0.8,application/signed-exchange;v=b3;q=0.9
User-Agent:Mozilla/5.0 (X11; Linux x86_64) AppleWebKit/537.36 (KHTML, like Gecko) Chrome/85.0.4183.102 Safari/537.36
Upgrade-Insecure-Requests:1
",cf83e1357eefb8bdf1542850d66d8007d620e4050b5715dc83f4a921d36ce9ce47d0d13c5d85f2b0ff8318d2877eec2f63b931bd47417a81a538327af927da3e,"Keep-Alive:timeout=5, max=95
Server:Apache/2.4.7 (Ubuntu)
Connection:Keep-Alive
Pragma:no-cache
Date:Mon, 11 May 2026 20:55:07 GMT
Cache-Control:no-store, no-cache, must-revalidate, post-check=0, pre-check=0
Content-Encoding:gzip
Vary:Accept-Encoding
Expires:Thu, 19 Nov 1981 08:52:00 GMT
Content-Length:1284
X-Powered-By:PHP/5.5.9-1ubuntu4.29
Content-Type:text/html
",25691a735d8bdcdecbccc91b72e8d06711fac7911702bbf974b71db783bb514fb8b1995f56b072d539659b128198c93577b02ae5c742b5c335f41673ac9a183d,200
http://web/,GET,"Cookie:PHPSESSID=bduljn3us8qcn51cj3fjjpbc43
Accept:text/html,application/xhtml+xml,application/xml;q=0.9,image/avif,image/webp,image/apng,*/*;q=0.8,application/signed-exchange;v=b3;q=0.9
User-Agent:Mozilla/5.0 (X11; Linux x86_64) AppleWebKit/537.36 (KHTML, like Gecko) Chrome/85.0.4183.102 Safari/537.36
Upgrade-Insecure-Requests:1
",cf83e1357eefb8bdf1542850d66d8007d620e4050b5715dc83f4a921d36ce9ce47d0d13c5d85f2b0ff8318d2877eec2f63b931bd47417a81a538327af927da3e,"Keep-Alive:timeout=5, max=39
Server:Apache/2.4.7 (Ubuntu)
Connection:Keep-Alive
Pragma:no-cache
Date:Mon, 11 May 2026 20:55:41 GMT
Cache-Control:no-store, no-cache, must-revalidate, post-check=0, pre-check=0
Content-Encoding:gzip
Vary:Accept-Encoding
Expires:Thu, 19 Nov 1981 08:52:00 GMT
Content-Length:1283
X-Powered-By:PHP/5.5.9-1ubuntu4.29
Content-Type:text/html
",0b24faf3bab10289468474a4f0c34928666a4f696bfc085a86419f59c20a8e597023d2efe5c17d45cd27e57bbcd78546269b18ef7adf321315eb13300416c164,200
http://web/admin/index.php?page=login,GET,"Cookie:PHPSESSID=bduljn3us8qcn51cj3fjjpbc43
Accept:text/html,application/xhtml+xml,application/xml;q=0.9,image/avif,image/webp,image/apng,*/*;q=0.8,application/signed-exchange;v=b3;q=0.9
User-Agent:Mozilla/5.0 (X11; Linux x86_64) AppleWebKit/537.36 (KHTML, like Gecko) Chrome/85.0.4183.102 Safari/537.36
Referer:http://web/pictures/recent.php
Upgrade-Insecure-Requests:1
",cf83e1357eefb8bdf1542850d66d8007d620e4050b5715dc83f4a921d36ce9ce47d0d13c5d85f2b0ff8318d2877eec2f63b931bd47417a81a538327af927da3e,"Keep-Alive:timeout=5, max=96
Server:Apache/2.4.7 (Ubuntu)
Connection:Keep-Alive
Pragma:no-cache
Date:Mon, 11 May 2026 20:56:04 GMT
Cache-Control:no-store, no-cache, must-revalidate, post-check=0, pre-check=0
Content-Encoding:gzip
Vary:Accept-Encoding
Expires:Thu, 19 Nov 1981 08:52:00 GMT
Content-Length:216
X-Powered-By:PHP/5.5.9-1ubuntu4.29
Content-Type:text/html
",241c52c93a19bfb6fb36e8149d7b79edff92969e13506cf1184095dcb79e6326cdb866ddc673f5cfbe0eb93da919ee9d35d511e6e59f7a9c6c945cdbab701383,200
http://web/calendar.php,GET,"Cookie:PHPSESSID=bduljn3us8qcn51cj3fjjpbc43
Accept:text/html,application/xhtml+xml,application/xml;q=0.9,image/avif,image/webp,image/apng,*/*;q=0.8,application/signed-exchange;v=b3;q=0.9
User-Agent:Mozilla/5.0 (X11; Linux x86_64) AppleWebKit/537.36 (KHTML, like Gecko) Chrome/85.0.4183.102 Safari/537.36
Referer:http://web/
Upgrade-Insecure-Requests:1
",cf83e1357eefb8bdf1542850d66d8007d620e4050b5715dc83f4a921d36ce9ce47d0d13c5d85f2b0ff8318d2877eec2f63b931bd47417a81a538327af927da3e,"Keep-Alive:timeout=5, max=50
Server:Apache/2.4.7 (Ubuntu)
Connection:Keep-Alive
Pragma:no-cache
Date:Mon, 11 May 2026 20:56:34 GMT
Cache-Control:no-store, no-cache, must-revalidate, post-check=0, pre-check=0
Content-Encoding:gzip
Vary:Accept-Encoding
Expires:Thu, 19 Nov 1981 08:52:00 GMT
Content-Length:944
X-Powered-By:PHP/5.5.9-1ubuntu4.29
Content-Type:text/html
",93b62975adf5c8b2b4cc45154ccc5265950156ebe531b8e959629503aaaa78d1b27541720c715e7820c28015bf40be0ccafdd5d585265198192126212ccd9698,200
http://web/pictures/upload.php,GET,"Cookie:PHPSESSID=bduljn3us8qcn51cj3fjjpbc43
Accept:text/html,application/xhtml+xml,application/xml;q=0.9,image/avif,image/webp,image/apng,*/*;q=0.8,application/signed-exchange;v=b3;q=0.9
User-Agent:Mozilla/5.0 (X11; Linux x86_64) AppleWebKit/537.36 (KHTML, like Gecko) Chrome/85.0.4183.102 Safari/537.36
Referer:http://web/users/sample.php?userid=1
Upgrade-Insecure-Requests:1
",cf83e1357eefb8bdf1542850d66d8007d620e4050b5715dc83f4a921d36ce9ce47d0d13c5d85f2b0ff8318d2877eec2f63b931bd47417a81a538327af927da3e,"Keep-Alive:timeout=5, max=60
Server:Apache/2.4.7 (Ubuntu)
Connection:Keep-Alive
Pragma:no-cache
Date:Mon, 11 May 2026 20:55:30 GMT
Cache-Control:no-store, no-cache, must-revalidate, post-check=0, pre-check=0
Expires:Thu, 19 Nov 1981 08:52:00 GMT
Content-Length:41
X-Powered-By:PHP/5.5.9-1ubuntu4.29
Location:/users/login.php
Content-Type:text/html
",cf83e1357eefb8bdf1542850d66d8007d620e4050b5715dc83f4a921d36ce9ce47d0d13c5d85f2b0ff8318d2877eec2f63b931bd47417a81a538327af927da3e,303
http://web/,GET,"Cookie:PHPSESSID=bduljn3us8qcn51cj3fjjpbc43
Accept:text/html,application/xhtml+xml,application/xml;q=0.9,image/avif,image/webp,image/apng,*/*;q=0.8,application/signed-exchange;v=b3;q=0.9
User-Agent:Mozilla/5.0 (X11; Linux x86_64) AppleWebKit/537.36 (KHTML, like Gecko) Chrome/85.0.4183.102 Safari/537.36
Referer:http://web/tos.php
Upgrade-Insecure-Requests:1
",cf83e1357eefb8bdf1542850d66d8007d620e4050b5715dc83f4a921d36ce9ce47d0d13c5d85f2b0ff8318d2877eec2f63b931bd47417a81a538327af927da3e,"Keep-Alive:timeout=5, max=62
Server:Apache/2.4.7 (Ubuntu)
Connection:Keep-Alive
Pragma:no-cache
Date:Mon, 11 May 2026 20:55:28 GMT
Cache-Control:no-store, no-cache, must-revalidate, post-check=0, pre-check=0
Content-Encoding:gzip
Vary:Accept-Encoding
Expires:Thu, 19 Nov 1981 08:52:00 GMT
Content-Length:1284
X-Powered-By:PHP/5.5.9-1ubuntu4.29
Content-Type:text/html
",21f71362427cb35fede6c41a773f17640f799e3710451f2ece0cd0cbfb6efb78e2a7c0d54294259ecb3f4b82e6bbb56be578c59afe71d659f8a1bbeae84e10e8,200
http://web/calendar.php,GET,"Cookie:PHPSESSID=bduljn3us8qcn51cj3fjjpbc43
Accept:text/html,application/xhtml+xml,application/xml;q=0.9,image/avif,image/webp,image/apng,*/*;q=0.8,application/signed-exchange;v=b3;q=0.9
User-Agent:Mozilla/5.0 (X11; Linux x86_64) AppleWebKit/537.36 (KHTML, like Gecko) Chrome/85.0.4183.102 Safari/537.36
Referer:http://web/
Upgrade-Insecure-Requests:1
",cf83e1357eefb8bdf1542850d66d8007d620e4050b5715dc83f4a921d36ce9ce47d0d13c5d85f2b0ff8318d2877eec2f63b931bd47417a81a538327af927da3e,"Keep-Alive:timeout=5, max=33
Server:Apache/2.4.7 (Ubuntu)
Connection:Keep-Alive
Pragma:no-cache
Date:Mon, 11 May 2026 20:56:44 GMT
Cache-Control:no-store, no-cache, must-revalidate, post-check=0, pre-check=0
Content-Encoding:gzip
Vary:Accept-Encoding
Expires:Thu, 19 Nov 1981 08:52:00 GMT
Content-Length:944
X-Powered-By:PHP/5.5.9-1ubuntu4.29
Content-Type:text/html
",c196dc554a27cb878fd978a6c7879f26924c0cf9a1e3816f0b574f0bf1b5e85358aef75b7c31c69f3e7a1b890456dbe00633bb93848de331f3e8ae1f2f437c0b,200
http://web/,GET,"Cookie:PHPSESSID=bduljn3us8qcn51cj3fjjpbc43
Accept:text/html,application/xhtml+xml,application/xml;q=0.9,image/avif,image/webp,image/apng,*/*;q=0.8,application/signed-exchange;v=b3;q=0.9
User-Agent:Mozilla/5.0 (X11; Linux x86_64) AppleWebKit/537.36 (KHTML, like Gecko) Chrome/85.0.4183.102 Safari/537.36
Upgrade-Insecure-Requests:1
",cf83e1357eefb8bdf1542850d66d8007d620e4050b5715dc83f4a921d36ce9ce47d0d13c5d85f2b0ff8318d2877eec2f63b931bd47417a81a538327af927da3e,"Keep-Alive:timeout=5, max=80
Server:Apache/2.4.7 (Ubuntu)
Connection:Keep-Alive
Pragma:no-cache
Date:Mon, 11 May 2026 20:56:15 GMT
Cache-Control:no-store, no-cache, must-revalidate, post-check=0, pre-check=0
Content-Encoding:gzip
Vary:Accept-Encoding
Expires:Thu, 19 Nov 1981 08:52:00 GMT
Content-Length:1283
X-Powered-By:PHP/5.5.9-1ubuntu4.29
Content-Type:text/html
",2c7f724ffa681cb70d3704c246e2cb140bdebe354df2ad90cd8e70bbdf369ed77de7b00dcad9e63245f530ffec953a26ea1fe17fdfa4973fae4adb99d46455bf,200
http://web/pictures/upload.php,GET,"Cookie:PHPSESSID=bduljn3us8qcn51cj3fjjpbc43
Accept:text/html,application/xhtml+xml,application/xml;q=0.9,image/avif,image/webp,image/apng,*/*;q=0.8,application/signed-exchange;v=b3;q=0.9
User-Agent:Mozilla/5.0 (X11; Linux x86_64) AppleWebKit/537.36 (KHTML, like Gecko) Chrome/85.0.4183.102 Safari/537.36
Referer:http://web/
Upgrade-Insecure-Requests:1
",cf83e1357eefb8bdf1542850d66d8007d620e4050b5715dc83f4a921d36ce9ce47d0d13c5d85f2b0ff8318d2877eec2f63b931bd47417a81a538327af927da3e,"Keep-Alive:timeout=5, max=90
Server:Apache/2.4.7 (Ubuntu)
Connection:Keep-Alive
Pragma:no-cache
Date:Mon, 11 May 2026 20:55:11 GMT
Cache-Control:no-store, no-cache, must-revalidate, post-check=0, pre-check=0
Expires:Thu, 19 Nov 1981 08:52:00 GMT
Content-Length:41
X-Powered-By:PHP/5.5.9-1ubuntu4.29
Location:/users/login.php
Content-Type:text/html
",cf83e1357eefb8bdf1542850d66d8007d620e4050b5715dc83f4a921d36ce9ce47d0d13c5d85f2b0ff8318d2877eec2f63b931bd47417a81a538327af927da3e,303
http://web/users/login.php,GET,"Cookie:PHPSESSID=bduljn3us8qcn51cj3fjjpbc43
Accept:text/html,application/xhtml+xml,application/xml;q=0.9,image/avif,image/webp,image/apng,*/*;q=0.8,application/signed-exchange;v=b3;q=0.9
User-Agent:Mozilla/5.0 (X11; Linux x86_64) AppleWebKit/537.36 (KHTML, like Gecko) Chrome/85.0.4183.102 Safari/537.36
Referer:http://web/users/sample.php?userid=1
Upgrade-Insecure-Requests:1
",cf83e1357eefb8bdf1542850d66d8007d620e4050b5715dc83f4a921d36ce9ce47d0d13c5d85f2b0ff8318d2877eec2f63b931bd47417a81a538327af927da3e,"Keep-Alive:timeout=5, max=59
Server:Apache/2.4.7 (Ubuntu)
Connection:Keep-Alive
Pragma:no-cache
Date:Mon, 11 May 2026 20:55:30 GMT
Cache-Control:no-store, no-cache, must-revalidate, post-check=0, pre-check=0
Content-Encoding:gzip
Vary:Accept-Encoding
Expires:Thu, 19 Nov 1981 08:52:00 GMT
Content-Length:974
X-Powered-By:PHP/5.5.9-1ubuntu4.29
Content-Type:text/html
",cd41cfe103b2a2a7c430e120a14d2dd27ade93060e633e66d5f0ffaa75568760c9fce2b893da5dd832c699c0a141658a9b80126350348ae09c6c4f4b835587f9,200
http://web/pictures/view.php?picid=14,GET,"Cookie:PHPSESSID=bduljn3us8qcn51cj3fjjpbc43
Accept:text/html,application/xhtml+xml,application/xml;q=0.9,image/avif,image/webp,image/apng,*/*;q=0.8,application/signed-exchange;v=b3;q=0.9
User-Agent:Mozilla/5.0 (X11; Linux x86_64) AppleWebKit/537.36 (KHTML, like Gecko) Chrome/85.0.4183.102 Safari/537.36
Referer:http://web/pictures/recent.php
Upgrade-Insecure-Requests:1
",cf83e1357eefb8bdf1542850d66d8007d620e4050b5715dc83f4a921d36ce9ce47d0d13c5d85f2b0ff8318d2877eec2f63b931bd47417a81a538327af927da3e,"Keep-Alive:timeout=5, max=30
Server:Apache/2.4.7 (Ubuntu)
Connection:Keep-Alive
Pragma:no-cache
Date:Mon, 11 May 2026 20:55:47 GMT
Cache-Control:no-store, no-cache, must-revalidate, post-check=0, pre-check=0
Expires:Thu, 19 Nov 1981 08:52:00 GMT
Content-Length:41
X-Powered-By:PHP/5.5.9-1ubuntu4.29
Location:/users/login.php
Content-Type:text/html
",cf83e1357eefb8bdf1542850d66d8007d620e4050b5715dc83f4a921d36ce9ce47d0d13c5d85f2b0ff8318d2877eec2f63b931bd47417a81a538327af927da3e,303
http://web/users/home.php,GET,"Cookie:PHPSESSID=bduljn3us8qcn51cj3fjjpbc43
Accept:text/html,application/xhtml+xml,application/xml;q=0.9,image/avif,image/webp,image/apng,*/*;q=0.8,application/signed-exchange;v=b3;q=0.9
User-Agent:Mozilla/5.0 (X11; Linux x86_64) AppleWebKit/537.36 (KHTML, like Gecko) Chrome/85.0.4183.102 Safari/537.36
Referer:http://web/guestbook.php
Upgrade-Insecure-Requests:1
",cf83e1357eefb8bdf1542850d66d8007d620e4050b5715dc83f4a921d36ce9ce47d0d13c5d85f2b0ff8318d2877eec2f63b931bd47417a81a538327af927da3e,"Keep-Alive:timeout=5, max=74
Server:Apache/2.4.7 (Ubuntu)
Connection:Keep-Alive
Pragma:no-cache
Date:Mon, 11 May 2026 20:55:20 GMT
Cache-Control:no-store, no-cache, must-revalidate, post-check=0, pre-check=0
Expires:Thu, 19 Nov 1981 08:52:00 GMT
Content-Length:41
X-Powered-By:PHP/5.5.9-1ubuntu4.29
Location:/users/login.php
Content-Type:text/html
",cf83e1357eefb8bdf1542850d66d8007d620e4050b5715dc83f4a921d36ce9ce47d0d13c5d85f2b0ff8318d2877eec2f63b931bd47417a81a538327af927da3e,303
http://web/,GET,"Cookie:PHPSESSID=bduljn3us8qcn51cj3fjjpbc43
Accept:text/html,application/xhtml+xml,application/xml;q=0.9,image/avif,image/webp,image/apng,*/*;q=0.8,application/signed-exchange;v=b3;q=0.9
User-Agent:Mozilla/5.0 (X11; Linux x86_64) AppleWebKit/537.36 (KHTML, like Gecko) Chrome/85.0.4183.102 Safari/537.36
Referer:http://web/tos.php
Upgrade-Insecure-Requests:1
",cf83e1357eefb8bdf1542850d66d8007d620e4050b5715dc83f4a921d36ce9ce47d0d13c5d85f2b0ff8318d2877eec2f63b931bd47417a81a538327af927da3e,"Keep-Alive:timeout=5, max=62
Server:Apache/2.4.7 (Ubuntu)
Connection:Keep-Alive
Pragma:no-cache
Date:Mon, 11 May 2026 20:56:27 GMT
Cache-Control:no-store, no-cache, must-revalidate, post-check=0, pre-check=0
Content-Encoding:gzip
Vary:Accept-Encoding
Expires:Thu, 19 Nov 1981 08:52:00 GMT
Content-Length:1283
X-Powered-By:PHP/5.5.9-1ubuntu4.29
Content-Type:text/html
",d2d09d9e66c993f4d7acd2e699b0da9c4aace95ba42cb7a84af04e1a09f71f3e7e0a318f5a3b93ce9418171f9a35f59bb8532f1ab61c508f98c3596c1abfbbc2,200
