url,method,req_headers,req_hash,resp_headers,resp_hash,status
http://web/,GET,"Cookie:PHPSESSID=aq38o30dsel6tah45jb4oarml7
Accept:text/html,application/xhtml+xml,application/xml;q=0.9,image/avif,image/webp,image/apng,*/*;q=0.8,application/signed-exchange;v=b3;q=0.9
User-Agent:Mozilla/5.0 (X11; Linux x86_64) AppleWebKit/537.36 (KHTML, like Gecko) Chrome/85.0.4183.102 Safari/537.36
Upgrade-Insecure-Requests:1
",cf83e1357eefb8bdf1542850d66d8007d620e4050b5715dc83f4a921d36ce9ce47d0d13c5d85f2b0ff8318d2877eec2f63b931bd47417a81a538327af927da3e,"Keep-Alive:timeout=5, max=9
Server:Apache/2.4.7 (Ubuntu)
Connection:Keep-Alive
Pragma:no-cache
Date:Mon, 11 May 2026 20:57:59 GMT
Cache-Control:no-store, no-cache, must-revalidate, post-check=0, pre-check=0
Content-Encoding:gzip
Vary:Accept-Encoding
Expires:Thu, 19 Nov 1981 08:52:00 GMT
Content-Length:1284
X-Powered-By:PHP/5.5.9-1ubuntu4.29
Content-Type:text/html
",622b6f8ba52d5ca2d33566f8ea1ccd87e5d701c3929c3971864e7b01963625078a46fe67d24a41ad28658a034d803c26d457ab208336b032f060508739c4594e,200
http://web/users/login.php,GET,"Cookie:PHPSESSID=aq38o30dsel6tah45jb4oarml7
Accept:text/html,application/xhtml+xml,application/xml;q=0.9,image/avif,image/webp,image/apng,*/*;q=0.8,application/signed-exchange;v=b3;q=0.9
User-Agent:Mozilla/5.0 (X11; Linux x86_64) AppleWebKit/537.36 (KHTML, like Gecko) Chrome/85.0.4183.102 Safari/537.36
Referer:http://web/passcheck.php
Upgrade-Insecure-Requests:1
",cf83e1357eefb8bdf1542850d66d8007d620e4050b5715dc83f4a921d36ce9ce47d0d13c5d85f2b0ff8318d2877eec2f63b931bd47417a81a538327af927da3e,"Keep-Alive:timeout=5, max=62
Server:Apache/2.4.7 (Ubuntu)
Connection:Keep-Alive
Pragma:no-cache
Date:Mon, 11 May 2026 20:59:51 GMT
Cache-Control:no-store, no-cache, must-revalidate, post-check=0, pre-check=0
Content-Encoding:gzip
Vary:Accept-Encoding
Expires:Thu, 19 Nov 1981 08:52:00 GMT
Content-Length:977
X-Powered-By:PHP/5.5.9-1ubuntu4.29
Content-Type:text/html
",84a76095f0ea338a3b5887f4df6e95859776e00763838bc2852374bc57d4da31a29a82a53ea0a907d5f215d5d7f622cfa9bb6d9052ddc17e7c7daa7150f2fd1b,200
http://web/,GET,"Cookie:PHPSESSID=aq38o30dsel6tah45jb4oarml7
Accept:text/html,application/xhtml+xml,application/xml;q=0.9,image/avif,image/webp,image/apng,*/*;q=0.8,application/signed-exchange;v=b3;q=0.9
User-Agent:Mozilla/5.0 (X11; Linux x86_64) AppleWebKit/537.36 (KHTML, like Gecko) Chrome/85.0.4183.102 Safari/537.36
Upgrade-Insecure-Requests:1
",cf83e1357eefb8bdf1542850d66d8007d620e4050b5715dc83f4a921d36ce9ce47d0d13c5d85f2b0ff8318d2877eec2f63b931bd47417a81a538327af927da3e,"Keep-Alive:timeout=5, max=33
Server:Apache/2.4.7 (Ubuntu)
Connection:Keep-Alive
Pragma:no-cache
Date:Mon, 11 May 2026 20:58:59 GMT
Cache-Control:no-store, no-cache, must-revalidate, post-check=0, pre-check=0
Content-Encoding:gzip
Vary:Accept-Encoding
Expires:Thu, 19 Nov 1981 08:52:00 GMT
Content-Length:1284
X-Powered-By:PHP/5.5.9-1ubuntu4.29
Content-Type:text/html
",4a3acc0e88e2a7e96addd4ee99c9647eb5a4f37eee0415931082581855f3f1425902f80175075f034a76b96c067c64c04d2655ec834b1d52bdcabf6448ff2919,200
http://web/css/stylings.css,GET,"Cookie:PHPSESSID=aq38o30dsel6tah45jb4oarml7
Accept:text/css,*/*;q=0.1
User-Agent:Mozilla/5.0 (X11; Linux x86_64) AppleWebKit/537.36 (KHTML, like Gecko) Chrome/85.0.4183.102 Safari/537.36
Referer:http://web/pictures/recent.php
",cf83e1357eefb8bdf1542850d66d8007d620e4050b5715dc83f4a921d36ce9ce47d0d13c5d85f2b0ff8318d2877eec2f63b931bd47417a81a538327af927da3e,"Server:Apache/2.4.7 (Ubuntu)
Last-Modified:Thu, 02 Feb 2017 22:24:09 GMT
Date:Mon, 11 May 2026 20:56:53 GMT
Accept-Ranges:bytes
ETag:""c29-547939fb8b440-gzip""
Content-Encoding:gzip
Vary:Accept-Encoding
Content-Length:838
Content-Type:text/css
",e6142d743628221ad60b6d12a0b444a077ed8ede2504b511ffffde908ffe459f09875b3901f9a63ec228906521c445248f9277e14f591205808d8dfc200df823,200
http://web/css/blueprint/screen.css,GET,"Cookie:PHPSESSID=aq38o30dsel6tah45jb4oarml7
Accept:text/css,*/*;q=0.1
User-Agent:Mozilla/5.0 (X11; Linux x86_64) AppleWebKit/537.36 (KHTML, like Gecko) Chrome/85.0.4183.102 Safari/537.36
Referer:http://web/users/register.php
",cf83e1357eefb8bdf1542850d66d8007d620e4050b5715dc83f4a921d36ce9ce47d0d13c5d85f2b0ff8318d2877eec2f63b931bd47417a81a538327af927da3e,"Server:Apache/2.4.7 (Ubuntu)
Last-Modified:Thu, 02 Feb 2017 22:24:09 GMT
Date:Mon, 11 May 2026 20:56:53 GMT
Accept-Ranges:bytes
ETag:""24c7-547939fb8b440-gzip""
Content-Encoding:gzip
Vary:Accept-Encoding
Content-Length:2682
Content-Type:text/css
",c0995dbb8c323ef465d8cc5d7b640b1a5435beb529b0c6e55594b1c0f3db66e859d23f70cfe8d93285234e722d677fca7c8887bee81a636881b2f91f221f976e,200
http://web/users/sample.php?userid=1,GET,"Cookie:PHPSESSID=aq38o30dsel6tah45jb4oarml7
Accept:text/html,application/xhtml+xml,application/xml;q=0.9,image/avif,image/webp,image/apng,*/*;q=0.8,application/signed-exchange;v=b3;q=0.9
User-Agent:Mozilla/5.0 (X11; Linux x86_64) AppleWebKit/537.36 (KHTML, like Gecko) Chrome/85.0.4183.102 Safari/537.36
Referer:http://web/
Upgrade-Insecure-Requests:1
",cf83e1357eefb8bdf1542850d66d8007d620e4050b5715dc83f4a921d36ce9ce47d0d13c5d85f2b0ff8318d2877eec2f63b931bd47417a81a538327af927da3e,"Keep-Alive:timeout=5, max=18
Server:Apache/2.4.7 (Ubuntu)
Connection:Keep-Alive
Pragma:no-cache
Date:Mon, 11 May 2026 20:59:09 GMT
Cache-Control:no-store, no-cache, must-revalidate, post-check=0, pre-check=0
Content-Encoding:gzip
Vary:Accept-Encoding
Expires:Thu, 19 Nov 1981 08:52:00 GMT
Content-Length:982
X-Powered-By:PHP/5.5.9-1ubuntu4.29
Content-Type:text/html
",473e2aa272f2570d3dd73a3fb31393a660737fe3fb9ecc0bdb4738f080c557c207beaf752acfe5da9b61b0d772bb7eef22862b46e3644d822bd416d54b262ac8,200
http://web/calendar.php,GET,"Cookie:PHPSESSID=aq38o30dsel6tah45jb4oarml7
Accept:text/html,application/xhtml+xml,application/xml;q=0.9,image/avif,image/webp,image/apng,*/*;q=0.8,application/signed-exchange;v=b3;q=0.9
User-Agent:Mozilla/5.0 (X11; Linux x86_64) AppleWebKit/537.36 (KHTML, like Gecko) Chrome/85.0.4183.102 Safari/537.36
Referer:http://web/
Upgrade-Insecure-Requests:1
",cf83e1357eefb8bdf1542850d66d8007d620e4050b5715dc83f4a921d36ce9ce47d0d13c5d85f2b0ff8318d2877eec2f63b931bd47417a81a538327af927da3e,"Keep-Alive:timeout=5, max=15
Server:Apache/2.4.7 (Ubuntu)
Connection:Keep-Alive
Pragma:no-cache
Date:Mon, 11 May 2026 21:01:37 GMT
Cache-Control:no-store, no-cache, must-revalidate, post-check=0, pre-check=0
Content-Encoding:gzip
Vary:Accept-Encoding
Expires:Thu, 19 Nov 1981 08:52:00 GMT
Content-Length:943
X-Powered-By:PHP/5.5.9-1ubuntu4.29
Content-Type:text/html
",a9e26721f093a8c3d09f42ddd35b6400c6118ba840114f46a93467a90fbe4e2518c03d808bb2639f7a84b25ef0f5b653677f4b3d0526831823c065fa40cea898,200
http://web/,GET,"Cookie:PHPSESSID=aq38o30dsel6tah45jb4oarml7
Accept:text/html,application/xhtml+xml,application/xml;q=0.9,image/avif,image/webp,image/apng,*/*;q=0.8,application/signed-exchange;v=b3;q=0.9
User-Agent:Mozilla/5.0 (X11; Linux x86_64) AppleWebKit/537.36 (KHTML, like Gecko) Chrome/85.0.4183.102 Safari/537.36
Upgrade-Insecure-Requests:1
",cf83e1357eefb8bdf1542850d66d8007d620e4050b5715dc83f4a921d36ce9ce47d0d13c5d85f2b0ff8318d2877eec2f63b931bd47417a81a538327af927da3e,"Keep-Alive:timeout=5, max=42
Server:Apache/2.4.7 (Ubuntu)
Connection:Keep-Alive
Pragma:no-cache
Date:Mon, 11 May 2026 20:57:37 GMT
Cache-Control:no-store, no-cache, must-revalidate, post-check=0, pre-check=0
Content-Encoding:gzip
Vary:Accept-Encoding
Expires:Thu, 19 Nov 1981 08:52:00 GMT
Content-Length:1284
X-Powered-By:PHP/5.5.9-1ubuntu4.29
Content-Type:text/html
",fc665db59d1021eca3f0eece8ec93c7633b97294df7e40076a1f9dab5e0b38043a7ceb911bb5cef5814017c8ef5c74f04dbfe84c5bcfb919246dad4c47f0fc0f,200
http://web/guestbook.php,POST,"Origin:http://web
Cookie:PHPSESSID=aq38o30dsel6tah45jb4oarml7
Accept:text/html,application/xhtml+xml,application/xml;q=0.9,image/avif,image/webp,image/apng,*/*;q=0.8,application/signed-exchange;v=b3;q=0.9
User-Agent:Mozilla/5.0 (X11; Linux x86_64) AppleWebKit/537.36 (KHTML, like Gecko) Chrome/85.0.4183.102 Safari/537.36
Referer:http://web/guestbook.php
Upgrade-Insecure-Requests:1
Content-Type:application/x-www-form-urlencoded
",f0219757371ce814331e98a3a33467d6e01cdc78362008c6d7c034f31f099f5725e6fe3fcf632133f750f4bdb5ac90fbddc26a75725e844f28a72c5072278b70,"Keep-Alive:timeout=5, max=64
Server:Apache/2.4.7 (Ubuntu)
Connection:Keep-Alive
Pragma:no-cache
Date:Mon, 11 May 2026 20:58:33 GMT
Cache-Control:no-store, no-cache, must-revalidate, post-check=0, pre-check=0
Content-Encoding:gzip
Vary:Accept-Encoding
Expires:Thu, 19 Nov 1981 08:52:00 GMT
Content-Length:999
X-Powered-By:PHP/5.5.9-1ubuntu4.29
Content-Type:text/html
",ed5cd29f62668aec5d17cbfc287834b43d36379fdff1946f6399eae0e09dd7e71e4aea912bd2acb82b0d2f74b29e15f68a3c42f6b5ccd2d1b249cb150d61143a,200
http://web/pictures/upload.php,GET,"Cookie:PHPSESSID=aq38o30dsel6tah45jb4oarml7
Accept:text/html,application/xhtml+xml,application/xml;q=0.9,image/avif,image/webp,image/apng,*/*;q=0.8,application/signed-exchange;v=b3;q=0.9
User-Agent:Mozilla/5.0 (X11; Linux x86_64) AppleWebKit/537.36 (KHTML, like Gecko) Chrome/85.0.4183.102 Safari/537.36
Referer:http://web/calendar.php?date=1778619622
Upgrade-Insecure-Requests:1
",cf83e1357eefb8bdf1542850d66d8007d620e4050b5715dc83f4a921d36ce9ce47d0d13c5d85f2b0ff8318d2877eec2f63b931bd47417a81a538327af927da3e,"Keep-Alive:timeout=5, max=20
Server:Apache/2.4.7 (Ubuntu)
Connection:Keep-Alive
Pragma:no-cache
Date:Mon, 11 May 2026 21:00:23 GMT
Cache-Control:no-store, no-cache, must-revalidate, post-check=0, pre-check=0
Expires:Thu, 19 Nov 1981 08:52:00 GMT
Content-Length:41
X-Powered-By:PHP/5.5.9-1ubuntu4.29
Location:/users/login.php
Content-Type:text/html
",cf83e1357eefb8bdf1542850d66d8007d620e4050b5715dc83f4a921d36ce9ce47d0d13c5d85f2b0ff8318d2877eec2f63b931bd47417a81a538327af927da3e,303
http://web/users/register.php,GET,"Cookie:PHPSESSID=aq38o30dsel6tah45jb4oarml7
Accept:text/html,application/xhtml+xml,application/xml;q=0.9,image/avif,image/webp,image/apng,*/*;q=0.8,application/signed-exchange;v=b3;q=0.9
User-Agent:Mozilla/5.0 (X11; Linux x86_64) AppleWebKit/537.36 (KHTML, like Gecko) Chrome/85.0.4183.102 Safari/537.36
Referer:http://web/
Upgrade-Insecure-Requests:1
",cf83e1357eefb8bdf1542850d66d8007d620e4050b5715dc83f4a921d36ce9ce47d0d13c5d85f2b0ff8318d2877eec2f63b931bd47417a81a538327af927da3e,"Keep-Alive:timeout=5, max=43
Server:Apache/2.4.7 (Ubuntu)
Connection:Keep-Alive
Pragma:no-cache
Date:Mon, 11 May 2026 21:00:06 GMT
Cache-Control:no-store, no-cache, must-revalidate, post-check=0, pre-check=0
Content-Encoding:gzip
Vary:Accept-Encoding
Expires:Thu, 19 Nov 1981 08:52:00 GMT
Content-Length:1101
X-Powered-By:PHP/5.5.9-1ubuntu4.29
Content-Type:text/html
",2b2e2b7f56807594d4411fba68d87a9bdea5e9f024052fed36e2f04ec89fc5c2852a1aff73ec7641140fefed7532ddb9f049f54cf70c22e843f83ad7c848f111,200
http://web/users/login.php,GET,"Cookie:PHPSESSID=aq38o30dsel6tah45jb4oarml7
Accept:text/html,application/xhtml+xml,application/xml;q=0.9,image/avif,image/webp,image/apng,*/*;q=0.8,application/signed-exchange;v=b3;q=0.9
User-Agent:Mozilla/5.0 (X11; Linux x86_64) AppleWebKit/537.36 (KHTML, like Gecko) Chrome/85.0.4183.102 Safari/537.36
Referer:http://web/pictures/recent.php
Upgrade-Insecure-Requests:1
",cf83e1357eefb8bdf1542850d66d8007d620e4050b5715dc83f4a921d36ce9ce47d0d13c5d85f2b0ff8318d2877eec2f63b931bd47417a81a538327af927da3e,"Keep-Alive:timeout=5, max=2
Server:Apache/2.4.7 (Ubuntu)
Connection:Keep-Alive
Pragma:no-cache
Date:Mon, 11 May 2026 20:58:03 GMT
Cache-Control:no-store, no-cache, must-revalidate, post-check=0, pre-check=0
Content-Encoding:gzip
Vary:Accept-Encoding
Expires:Thu, 19 Nov 1981 08:52:00 GMT
Content-Length:977
X-Powered-By:PHP/5.5.9-1ubuntu4.29
Content-Type:text/html
",ab65de32ed997b22f8fe7f261e0ba85b310f982a79d1111635e3c823637b35dcec0c141d4bf096d5268d5fae1b63282919704cadd9f95dd03ce3da07c7ba2b99,200
http://web/pictures/recent.php,GET,"Cookie:PHPSESSID=aq38o30dsel6tah45jb4oarml7
Accept:text/html,application/xhtml+xml,application/xml;q=0.9,image/avif,image/webp,image/apng,*/*;q=0.8,application/signed-exchange;v=b3;q=0.9
User-Agent:Mozilla/5.0 (X11; Linux x86_64) AppleWebKit/537.36 (KHTML, like Gecko) Chrome/85.0.4183.102 Safari/537.36
Referer:http://web/
Upgrade-Insecure-Requests:1
",cf83e1357eefb8bdf1542850d66d8007d620e4050b5715dc83f4a921d36ce9ce47d0d13c5d85f2b0ff8318d2877eec2f63b931bd47417a81a538327af927da3e,"Keep-Alive:timeout=5, max=97
Server:Apache/2.4.7 (Ubuntu)
Connection:Keep-Alive
Pragma:no-cache
Date:Mon, 11 May 2026 20:58:07 GMT
Cache-Control:no-store, no-cache, must-revalidate, post-check=0, pre-check=0
Content-Encoding:gzip
Vary:Accept-Encoding
Expires:Thu, 19 Nov 1981 08:52:00 GMT
Content-Length:1087
X-Powered-By:PHP/5.5.9-1ubuntu4.29
Content-Type:text/html
",b8b00b4e38fc695bb55c577ebe39955834d9db69750857f8321606a31c6323fb04652b691c3c29e8a2274f825c5de0d76109747da15ddf1a0d9f34f3a6602f8c,200
http://web/calendar.php,GET,"Cookie:PHPSESSID=aq38o30dsel6tah45jb4oarml7
Accept:text/html,application/xhtml+xml,application/xml;q=0.9,image/avif,image/webp,image/apng,*/*;q=0.8,application/signed-exchange;v=b3;q=0.9
User-Agent:Mozilla/5.0 (X11; Linux x86_64) AppleWebKit/537.36 (KHTML, like Gecko) Chrome/85.0.4183.102 Safari/537.36
Referer:http://web/
Upgrade-Insecure-Requests:1
",cf83e1357eefb8bdf1542850d66d8007d620e4050b5715dc83f4a921d36ce9ce47d0d13c5d85f2b0ff8318d2877eec2f63b931bd47417a81a538327af927da3e,"Keep-Alive:timeout=5, max=22
Server:Apache/2.4.7 (Ubuntu)
Connection:Keep-Alive
Pragma:no-cache
Date:Mon, 11 May 2026 21:00:22 GMT
Cache-Control:no-store, no-cache, must-revalidate, post-check=0, pre-check=0
Content-Encoding:gzip
Vary:Accept-Encoding
Expires:Thu, 19 Nov 1981 08:52:00 GMT
Content-Length:944
X-Powered-By:PHP/5.5.9-1ubuntu4.29
Content-Type:text/html
",0f011f3f551df34b916b80fa95bda2a1e3827a39d515f839bc5d727d03c7fe22743879b6017ab38760738c40094f2361cbbfb60cbc2e622413b852bf21c7365d,200
http://web/admin/index.php?page=login,GET,"Cookie:PHPSESSID=aq38o30dsel6tah45jb4oarml7
Accept:text/html,application/xhtml+xml,application/xml;q=0.9,image/avif,image/webp,image/apng,*/*;q=0.8,application/signed-exchange;v=b3;q=0.9
User-Agent:Mozilla/5.0 (X11; Linux x86_64) AppleWebKit/537.36 (KHTML, like Gecko) Chrome/85.0.4183.102 Safari/537.36
Referer:http://web/users/sample.php?userid=1
Upgrade-Insecure-Requests:1
",cf83e1357eefb8bdf1542850d66d8007d620e4050b5715dc83f4a921d36ce9ce47d0d13c5d85f2b0ff8318d2877eec2f63b931bd47417a81a538327af927da3e,"Keep-Alive:timeout=5, max=7
Server:Apache/2.4.7 (Ubuntu)
Connection:Keep-Alive
Pragma:no-cache
Date:Mon, 11 May 2026 20:59:17 GMT
Cache-Control:no-store, no-cache, must-revalidate, post-check=0, pre-check=0
Content-Encoding:gzip
Vary:Accept-Encoding
Expires:Thu, 19 Nov 1981 08:52:00 GMT
Content-Length:215
X-Powered-By:PHP/5.5.9-1ubuntu4.29
Content-Type:text/html
",a3f7939ab962bb25173dfbece17763c0ecf902f727e1e115ecaafa8756362e3ce313fd5f71563ce341be612951650e876e28f9b3c1b5c0e017012c04bb48a279,200
http://web/css/blueprint/screen.css,GET,"Cookie:PHPSESSID=aq38o30dsel6tah45jb4oarml7
Accept:text/css,*/*;q=0.1
User-Agent:Mozilla/5.0 (X11; Linux x86_64) AppleWebKit/537.36 (KHTML, like Gecko) Chrome/85.0.4183.102 Safari/537.36
Referer:http://web/users/sample.php?userid=1
",cf83e1357eefb8bdf1542850d66d8007d620e4050b5715dc83f4a921d36ce9ce47d0d13c5d85f2b0ff8318d2877eec2f63b931bd47417a81a538327af927da3e,"Server:Apache/2.4.7 (Ubuntu)
Last-Modified:Thu, 02 Feb 2017 22:24:09 GMT
Date:Mon, 11 May 2026 20:56:53 GMT
Accept-Ranges:bytes
ETag:""24c7-547939fb8b440-gzip""
Content-Encoding:gzip
Vary:Accept-Encoding
Content-Length:2682
Content-Type:text/css
",c0995dbb8c323ef465d8cc5d7b640b1a5435beb529b0c6e55594b1c0f3db66e859d23f70cfe8d93285234e722d677fca7c8887bee81a636881b2f91f221f976e,200
http://web/calendar.php?date=1778706101,GET,"Cookie:PHPSESSID=aq38o30dsel6tah45jb4oarml7
Accept:text/html,application/xhtml+xml,application/xml;q=0.9,image/avif,image/webp,image/apng,*/*;q=0.8,application/signed-exchange;v=b3;q=0.9
User-Agent:Mozilla/5.0 (X11; Linux x86_64) AppleWebKit/537.36 (KHTML, like Gecko) Chrome/85.0.4183.102 Safari/537.36
Referer:http://web/calendar.php?date=1778619701
Upgrade-Insecure-Requests:1
",cf83e1357eefb8bdf1542850d66d8007d620e4050b5715dc83f4a921d36ce9ce47d0d13c5d85f2b0ff8318d2877eec2f63b931bd47417a81a538327af927da3e,"Keep-Alive:timeout=5, max=7
Server:Apache/2.4.7 (Ubuntu)
Connection:Keep-Alive
Pragma:no-cache
Date:Mon, 11 May 2026 21:01:43 GMT
Cache-Control:no-store, no-cache, must-revalidate, post-check=0, pre-check=0
Content-Encoding:gzip
Vary:Accept-Encoding
Expires:Thu, 19 Nov 1981 08:52:00 GMT
Content-Length:946
X-Powered-By:PHP/5.5.9-1ubuntu4.29
Content-Type:text/html
",d53218c2c9fdd9eb37ee995ce975a924fb8d7ca4e5506fb9beefc5927b17f9f693ab6f921adbd6ff2454d6db537f95e3e98096a0a52a14165f677ea4a31f19bf,200
http://web/calendar.php?date=1778706073,GET,"Cookie:PHPSESSID=aq38o30dsel6tah45jb4oarml7
Accept:text/html,application/xhtml+xml,application/xml;q=0.9,image/avif,image/webp,image/apng,*/*;q=0.8,application/signed-exchange;v=b3;q=0.9
User-Agent:Mozilla/5.0 (X11; Linux x86_64) AppleWebKit/537.36 (KHTML, like Gecko) Chrome/85.0.4183.102 Safari/537.36
Referer:http://web/calendar.php?date=1778619673
Upgrade-Insecure-Requests:1
",cf83e1357eefb8bdf1542850d66d8007d620e4050b5715dc83f4a921d36ce9ce47d0d13c5d85f2b0ff8318d2877eec2f63b931bd47417a81a538327af927da3e,"Keep-Alive:timeout=5, max=49
Server:Apache/2.4.7 (Ubuntu)
Connection:Keep-Alive
Pragma:no-cache
Date:Mon, 11 May 2026 21:01:14 GMT
Cache-Control:no-store, no-cache, must-revalidate, post-check=0, pre-check=0
Content-Encoding:gzip
Vary:Accept-Encoding
Expires:Thu, 19 Nov 1981 08:52:00 GMT
Content-Length:945
X-Powered-By:PHP/5.5.9-1ubuntu4.29
Content-Type:text/html
",ac2ce117d08f6be30e6abb3e8079a823934fef43354f313898ea46e93cd9021287a63c0a99c29e2b2d0db9a3c19e65bb9d29cc11461754ca928966060e5fd682,200
http://web/,GET,"Cookie:PHPSESSID=aq38o30dsel6tah45jb4oarml7
Accept:text/html,application/xhtml+xml,application/xml;q=0.9,image/avif,image/webp,image/apng,*/*;q=0.8,application/signed-exchange;v=b3;q=0.9
User-Agent:Mozilla/5.0 (X11; Linux x86_64) AppleWebKit/537.36 (KHTML, like Gecko) Chrome/85.0.4183.102 Safari/537.36
Upgrade-Insecure-Requests:1
",cf83e1357eefb8bdf1542850d66d8007d620e4050b5715dc83f4a921d36ce9ce47d0d13c5d85f2b0ff8318d2877eec2f63b931bd47417a81a538327af927da3e,"Keep-Alive:timeout=5, max=80
Server:Apache/2.4.7 (Ubuntu)
Connection:Keep-Alive
Pragma:no-cache
Date:Mon, 11 May 2026 20:58:19 GMT
Cache-Control:no-store, no-cache, must-revalidate, post-check=0, pre-check=0
Content-Encoding:gzip
Vary:Accept-Encoding
Expires:Thu, 19 Nov 1981 08:52:00 GMT
Content-Length:1283
X-Powered-By:PHP/5.5.9-1ubuntu4.29
Content-Type:text/html
",2c8ca1008e713ce34f8a93d33998637b4d02238bdcfd94bb129bcad66d81de7cc5d67c6c41c1748b73fb2ef36184bedaea4a484750471f74ea8baef6684c56ad,200
http://web/calendar.php,GET,"Cookie:PHPSESSID=aq38o30dsel6tah45jb4oarml7
Accept:text/html,application/xhtml+xml,application/xml;q=0.9,image/avif,image/webp,image/apng,*/*;q=0.8,application/signed-exchange;v=b3;q=0.9
User-Agent:Mozilla/5.0 (X11; Linux x86_64) AppleWebKit/537.36 (KHTML, like Gecko) Chrome/85.0.4183.102 Safari/537.36
Referer:http://web/
Upgrade-Insecure-Requests:1
",cf83e1357eefb8bdf1542850d66d8007d620e4050b5715dc83f4a921d36ce9ce47d0d13c5d85f2b0ff8318d2877eec2f63b931bd47417a81a538327af927da3e,"Keep-Alive:timeout=5, max=1
Server:Apache/2.4.7 (Ubuntu)
Connection:Keep-Alive
Pragma:no-cache
Date:Mon, 11 May 2026 20:59:22 GMT
Cache-Control:no-store, no-cache, must-revalidate, post-check=0, pre-check=0
Content-Encoding:gzip
Vary:Accept-Encoding
Expires:Thu, 19 Nov 1981 08:52:00 GMT
Content-Length:944
X-Powered-By:PHP/5.5.9-1ubuntu4.29
Content-Type:text/html
",45943f20299af4fcee84d604cc53539e462c7db3cda812eb7e49eac878c0da1f35bea3a12cb6ed5075e8e5d1564346ace53d64ab6a45eb27f048030a9dd75944,200
http://web/css/blueprint/screen.css,GET,"Cookie:PHPSESSID=aq38o30dsel6tah45jb4oarml7
Accept:text/css,*/*;q=0.1
User-Agent:Mozilla/5.0 (X11; Linux x86_64) AppleWebKit/537.36 (KHTML, like Gecko) Chrome/85.0.4183.102 Safari/537.36
Referer:http://web/tos.php
",cf83e1357eefb8bdf1542850d66d8007d620e4050b5715dc83f4a921d36ce9ce47d0d13c5d85f2b0ff8318d2877eec2f63b931bd47417a81a538327af927da3e,"Server:Apache/2.4.7 (Ubuntu)
Last-Modified:Thu, 02 Feb 2017 22:24:09 GMT
Date:Mon, 11 May 2026 20:56:53 GMT
Accept-Ranges:bytes
ETag:""24c7-547939fb8b440-gzip""
Content-Encoding:gzip
Vary:Accept-Encoding
Content-Length:2682
Content-Type:text/css
",c0995dbb8c323ef465d8cc5d7b640b1a5435beb529b0c6e55594b1c0f3db66e859d23f70cfe8d93285234e722d677fca7c8887bee81a636881b2f91f221f976e,200
http://web/guestbook.php,GET,"Cookie:PHPSESSID=aq38o30dsel6tah45jb4oarml7
Accept:text/html,application/xhtml+xml,application/xml;q=0.9,image/avif,image/webp,image/apng,*/*;q=0.8,application/signed-exchange;v=b3;q=0.9
User-Agent:Mozilla/5.0 (X11; Linux x86_64) AppleWebKit/537.36 (KHTML, like Gecko) Chrome/85.0.4183.102 Safari/537.36
Referer:http://web/
Upgrade-Insecure-Requests:1
",cf83e1357eefb8bdf1542850d66d8007d620e4050b5715dc83f4a921d36ce9ce47d0d13c5d85f2b0ff8318d2877eec2f63b931bd47417a81a538327af927da3e,"Keep-Alive:timeout=5, max=75
Server:Apache/2.4.7 (Ubuntu)
Connection:Keep-Alive
Pragma:no-cache
Date:Mon, 11 May 2026 20:57:10 GMT
Cache-Control:no-store, no-cache, must-revalidate, post-check=0, pre-check=0
Content-Encoding:gzip
Vary:Accept-Encoding
Expires:Thu, 19 Nov 1981 08:52:00 GMT
Content-Length:999
X-Powered-By:PHP/5.5.9-1ubuntu4.29
Content-Type:text/html
",25ee410f37f685582cf39aa4aae7b709b481470cc1a5284c9e0d257b7d442c38afa221882be86cd0c0baccadad4cd59fd85fb8da61625d90b63049f1fdae61b6,200
http://web/,GET,"Cookie:PHPSESSID=aq38o30dsel6tah45jb4oarml7
Accept:text/html,application/xhtml+xml,application/xml;q=0.9,image/avif,image/webp,image/apng,*/*;q=0.8,application/signed-exchange;v=b3;q=0.9
User-Agent:Mozilla/5.0 (X11; Linux x86_64) AppleWebKit/537.36 (KHTML, like Gecko) Chrome/85.0.4183.102 Safari/537.36
Upgrade-Insecure-Requests:1
",cf83e1357eefb8bdf1542850d66d8007d620e4050b5715dc83f4a921d36ce9ce47d0d13c5d85f2b0ff8318d2877eec2f63b931bd47417a81a538327af927da3e,"Keep-Alive:timeout=5, max=73
Server:Apache/2.4.7 (Ubuntu)
Connection:Keep-Alive
Pragma:no-cache
Date:Mon, 11 May 2026 21:00:57 GMT
Cache-Control:no-store, no-cache, must-revalidate, post-check=0, pre-check=0
Content-Encoding:gzip
Vary:Accept-Encoding
Expires:Thu, 19 Nov 1981 08:52:00 GMT
Content-Length:1284
X-Powered-By:PHP/5.5.9-1ubuntu4.29
Content-Type:text/html
",405ddb78d4d2a97893d2e26a8c8c9692c61a5e51fe7ed6ae7ace5b39a04d92e9798652a531d4c30d4837b8164c7cc1043b8cf9a8628aa9e0393e8da2edac83c5,200
http://web/users/login.php,GET,"Cookie:PHPSESSID=aq38o30dsel6tah45jb4oarml7
Accept:text/html,application/xhtml+xml,application/xml;q=0.9,image/avif,image/webp,image/apng,*/*;q=0.8,application/signed-exchange;v=b3;q=0.9
User-Agent:Mozilla/5.0 (X11; Linux x86_64) AppleWebKit/537.36 (KHTML, like Gecko) Chrome/85.0.4183.102 Safari/537.36
Referer:http://web/users/sample.php?userid=1
Upgrade-Insecure-Requests:1
",cf83e1357eefb8bdf1542850d66d8007d620e4050b5715dc83f4a921d36ce9ce47d0d13c5d85f2b0ff8318d2877eec2f63b931bd47417a81a538327af927da3e,"Keep-Alive:timeout=5, max=13
Server:Apache/2.4.7 (Ubuntu)
Connection:Keep-Alive
Pragma:no-cache
Date:Mon, 11 May 2026 20:59:12 GMT
Cache-Control:no-store, no-cache, must-revalidate, post-check=0, pre-check=0
Content-Encoding:gzip
Vary:Accept-Encoding
Expires:Thu, 19 Nov 1981 08:52:00 GMT
Content-Length:976
X-Powered-By:PHP/5.5.9-1ubuntu4.29
Content-Type:text/html
",1e465cd981934c9e9b5743febfc6e6ed65825560125cdfe685cdbed807d31b9bfc581acf2945a4e7c36d3083dfceaf60b7b038bd3be8db33e663d361e0a4ad80,200
http://web/tos.php,GET,"Cookie:PHPSESSID=aq38o30dsel6tah45jb4oarml7
Accept:text/html,application/xhtml+xml,application/xml;q=0.9,image/avif,image/webp,image/apng,*/*;q=0.8,application/signed-exchange;v=b3;q=0.9
User-Agent:Mozilla/5.0 (X11; Linux x86_64) AppleWebKit/537.36 (KHTML, like Gecko) Chrome/85.0.4183.102 Safari/537.36
Referer:http://web/
Upgrade-Insecure-Requests:1
",cf83e1357eefb8bdf1542850d66d8007d620e4050b5715dc83f4a921d36ce9ce47d0d13c5d85f2b0ff8318d2877eec2f63b931bd47417a81a538327af927da3e,"Keep-Alive:timeout=5, max=53
Server:Apache/2.4.7 (Ubuntu)
Connection:Keep-Alive
Pragma:no-cache
Date:Mon, 11 May 2026 20:57:30 GMT
Cache-Control:no-store, no-cache, must-revalidate, post-check=0, pre-check=0
Content-Encoding:gzip
Vary:Accept-Encoding
Expires:Thu, 19 Nov 1981 08:52:00 GMT
Content-Length:10228
X-Powered-By:PHP/5.5.9-1ubuntu4.29
Content-Type:text/html
",cbfdc78b8c860c50b033fd69f061ffb27068ced80ab71d482c6ab2285c42394fc8daab85c6260ce67bf4eae60387f7fa3fd0776c14dc62c0da15967476009d3a,200
http://web/guestbook.php,GET,"Cookie:PHPSESSID=aq38o30dsel6tah45jb4oarml7
Accept:text/html,application/xhtml+xml,application/xml;q=0.9,image/avif,image/webp,image/apng,*/*;q=0.8,application/signed-exchange;v=b3;q=0.9
User-Agent:Mozilla/5.0 (X11; Linux x86_64) AppleWebKit/537.36 (KHTML, like Gecko) Chrome/85.0.4183.102 Safari/537.36
Referer:http://web/users/login.php
Upgrade-Insecure-Requests:1
",cf83e1357eefb8bdf1542850d66d8007d620e4050b5715dc83f4a921d36ce9ce47d0d13c5d85f2b0ff8318d2877eec2f63b931bd47417a81a538327af927da3e,"Keep-Alive:timeout=5, max=77
Server:Apache/2.4.7 (Ubuntu)
Connection:Keep-Alive
Pragma:no-cache
Date:Mon, 11 May 2026 20:57:08 GMT
Cache-Control:no-store, no-cache, must-revalidate, post-check=0, pre-check=0
Content-Encoding:gzip
Vary:Accept-Encoding
Expires:Thu, 19 Nov 1981 08:52:00 GMT
Content-Length:1000
X-Powered-By:PHP/5.5.9-1ubuntu4.29
Content-Type:text/html
",5386afcbb2e074539ce36d0a6c4bc7529a6977383def5d70f643f3ab9743d81963a182bc62a10fbf4740c083135b5b36355eb07425af68d59195dd5e98b7434f,200
http://web/admin/index.php?page=login,GET,"Cookie:PHPSESSID=aq38o30dsel6tah45jb4oarml7
Accept:text/html,application/xhtml+xml,application/xml;q=0.9,image/avif,image/webp,image/apng,*/*;q=0.8,application/signed-exchange;v=b3;q=0.9
User-Agent:Mozilla/5.0 (X11; Linux x86_64) AppleWebKit/537.36 (KHTML, like Gecko) Chrome/85.0.4183.102 Safari/537.36
Referer:http://web/users/login.php
Upgrade-Insecure-Requests:1
",cf83e1357eefb8bdf1542850d66d8007d620e4050b5715dc83f4a921d36ce9ce47d0d13c5d85f2b0ff8318d2877eec2f63b931bd47417a81a538327af927da3e,"Keep-Alive:timeout=5, max=64
Server:Apache/2.4.7 (Ubuntu)
Connection:Keep-Alive
Pragma:no-cache
Date:Mon, 11 May 2026 20:57:20 GMT
Cache-Control:no-store, no-cache, must-revalidate, post-check=0, pre-check=0
Content-Encoding:gzip
Vary:Accept-Encoding
Expires:Thu, 19 Nov 1981 08:52:00 GMT
Content-Length:217
X-Powered-By:PHP/5.5.9-1ubuntu4.29
Content-Type:text/html
",822780d9b8ffcf1b6065444dfc08b145abce7d21a8aa0918a0e4a74b64df809b8809c69a9f2c4322115f350167ae81b314ca3051fdd78451e2a5d0c42f1855e5,200
http://web/piccheck.php,POST,"Origin:http://web
Cookie:PHPSESSID=aq38o30dsel6tah45jb4oarml7
Accept:text/html,application/xhtml+xml,application/xml;q=0.9,image/avif,image/webp,image/apng,*/*;q=0.8,application/signed-exchange;v=b3;q=0.9
User-Agent:Mozilla/5.0 (X11; Linux x86_64) AppleWebKit/537.36 (KHTML, like Gecko) Chrome/85.0.4183.102 Safari/537.36
Referer:http://web/
Upgrade-Insecure-Requests:1
Content-Type:multipart/form-data; boundary=----WebKitFormBoundarycPF1UgCzzO7tytxZ
",03c8b2c359ce1b9b41d1cb63317b5e6453818ade3c96a4a2617d3815d963ecb7e7fba6048d5e4ec73045bfe4e5a8181efdb6d46552ce8b929dd300d116ab9b7d,"Keep-Alive:timeout=5, max=51
Server:Apache/2.4.7 (Ubuntu)
Connection:Keep-Alive
Pragma:no-cache
Date:Mon, 11 May 2026 20:57:32 GMT
Cache-Control:no-store, no-cache, must-revalidate, post-check=0, pre-check=0
Expires:Thu, 19 Nov 1981 08:52:00 GMT
Content-Length:41
X-Powered-By:PHP/5.5.9-1ubuntu4.29
Location:/
Content-Type:text/html
",cf83e1357eefb8bdf1542850d66d8007d620e4050b5715dc83f4a921d36ce9ce47d0d13c5d85f2b0ff8318d2877eec2f63b931bd47417a81a538327af927da3e,303
http://web/calendar.php?date=1778706093,GET,"Cookie:PHPSESSID=aq38o30dsel6tah45jb4oarml7
Accept:text/html,application/xhtml+xml,application/xml;q=0.9,image/avif,image/webp,image/apng,*/*;q=0.8,application/signed-exchange;v=b3;q=0.9
User-Agent:Mozilla/5.0 (X11; Linux x86_64) AppleWebKit/537.36 (KHTML, like Gecko) Chrome/85.0.4183.102 Safari/537.36
Referer:http://web/calendar.php?date=1778619693
Upgrade-Insecure-Requests:1
",cf83e1357eefb8bdf1542850d66d8007d620e4050b5715dc83f4a921d36ce9ce47d0d13c5d85f2b0ff8318d2877eec2f63b931bd47417a81a538327af927da3e,"Keep-Alive:timeout=5, max=19
Server:Apache/2.4.7 (Ubuntu)
Connection:Keep-Alive
Pragma:no-cache
Date:Mon, 11 May 2026 21:01:34 GMT
Cache-Control:no-store, no-cache, must-revalidate, post-check=0, pre-check=0
Content-Encoding:gzip
Vary:Accept-Encoding
Expires:Thu, 19 Nov 1981 08:52:00 GMT
Content-Length:946
X-Powered-By:PHP/5.5.9-1ubuntu4.29
Content-Type:text/html
",625f1871825c1ff9f80022cc5bd74f59582afa5e41ffb99c7f8b870dc584ffb54b1302eb9579347f2f073cdb61d70e3140a515659334996e4084de9b78a91b3c,200
http://web/calendar.php?date=1778706097,GET,"Cookie:PHPSESSID=aq38o30dsel6tah45jb4oarml7
Accept:text/html,application/xhtml+xml,application/xml;q=0.9,image/avif,image/webp,image/apng,*/*;q=0.8,application/signed-exchange;v=b3;q=0.9
User-Agent:Mozilla/5.0 (X11; Linux x86_64) AppleWebKit/537.36 (KHTML, like Gecko) Chrome/85.0.4183.102 Safari/537.36
Referer:http://web/calendar.php?date=1778619697
Upgrade-Insecure-Requests:1
",cf83e1357eefb8bdf1542850d66d8007d620e4050b5715dc83f4a921d36ce9ce47d0d13c5d85f2b0ff8318d2877eec2f63b931bd47417a81a538327af927da3e,"Keep-Alive:timeout=5, max=13
Server:Apache/2.4.7 (Ubuntu)
Connection:Keep-Alive
Pragma:no-cache
Date:Mon, 11 May 2026 21:01:38 GMT
Cache-Control:no-store, no-cache, must-revalidate, post-check=0, pre-check=0
Content-Encoding:gzip
Vary:Accept-Encoding
Expires:Thu, 19 Nov 1981 08:52:00 GMT
Content-Length:943
X-Powered-By:PHP/5.5.9-1ubuntu4.29
Content-Type:text/html
",4c2f53a7800dec7938a1a57498109af9fe09474a11c6fa4ccb8116e903b05c9a1fee6124766d9560ce498715631fe4e51eb82c8f07d978a0504fa8d669f728d1,200
http://web/users/login.php,GET,"Cookie:PHPSESSID=aq38o30dsel6tah45jb4oarml7
Accept:text/html,application/xhtml+xml,application/xml;q=0.9,image/avif,image/webp,image/apng,*/*;q=0.8,application/signed-exchange;v=b3;q=0.9
User-Agent:Mozilla/5.0 (X11; Linux x86_64) AppleWebKit/537.36 (KHTML, like Gecko) Chrome/85.0.4183.102 Safari/537.36
Referer:http://web/users/sample.php?userid=1
Upgrade-Insecure-Requests:1
",cf83e1357eefb8bdf1542850d66d8007d620e4050b5715dc83f4a921d36ce9ce47d0d13c5d85f2b0ff8318d2877eec2f63b931bd47417a81a538327af927da3e,"Keep-Alive:timeout=5, max=30
Server:Apache/2.4.7 (Ubuntu)
Connection:Keep-Alive
Pragma:no-cache
Date:Mon, 11 May 2026 20:59:01 GMT
Cache-Control:no-store, no-cache, must-revalidate, post-check=0, pre-check=0
Content-Encoding:gzip
Vary:Accept-Encoding
Expires:Thu, 19 Nov 1981 08:52:00 GMT
Content-Length:977
X-Powered-By:PHP/5.5.9-1ubuntu4.29
Content-Type:text/html
",9a2af605ef7130d08772bb9f9d99e58dd13ee83a1a6045a2b858d40d6d37c69a467c59b975d55b1803d471412957589c50df1b1ea83ac1460e37a53d6e2dac38,200
http://web/pictures/view.php?picid=14,GET,"Cookie:PHPSESSID=aq38o30dsel6tah45jb4oarml7
Accept:text/html,application/xhtml+xml,application/xml;q=0.9,image/avif,image/webp,image/apng,*/*;q=0.8,application/signed-exchange;v=b3;q=0.9
User-Agent:Mozilla/5.0 (X11; Linux x86_64) AppleWebKit/537.36 (KHTML, like Gecko) Chrome/85.0.4183.102 Safari/537.36
Referer:http://web/pictures/recent.php
Upgrade-Insecure-Requests:1
",cf83e1357eefb8bdf1542850d66d8007d620e4050b5715dc83f4a921d36ce9ce47d0d13c5d85f2b0ff8318d2877eec2f63b931bd47417a81a538327af927da3e,"Keep-Alive:timeout=5, max=23
Server:Apache/2.4.7 (Ubuntu)
Connection:Keep-Alive
Pragma:no-cache
Date:Mon, 11 May 2026 20:57:51 GMT
Cache-Control:no-store, no-cache, must-revalidate, post-check=0, pre-check=0
Expires:Thu, 19 Nov 1981 08:52:00 GMT
Content-Length:41
X-Powered-By:PHP/5.5.9-1ubuntu4.29
Location:/users/login.php
Content-Type:text/html
",cf83e1357eefb8bdf1542850d66d8007d620e4050b5715dc83f4a921d36ce9ce47d0d13c5d85f2b0ff8318d2877eec2f63b931bd47417a81a538327af927da3e,303
http://web/css/blueprint/screen.css,GET,"Cookie:PHPSESSID=aq38o30dsel6tah45jb4oarml7
Accept:text/css,*/*;q=0.1
User-Agent:Mozilla/5.0 (X11; Linux x86_64) AppleWebKit/537.36 (KHTML, like Gecko) Chrome/85.0.4183.102 Safari/537.36
Referer:http://web/passcheck.php
",cf83e1357eefb8bdf1542850d66d8007d620e4050b5715dc83f4a921d36ce9ce47d0d13c5d85f2b0ff8318d2877eec2f63b931bd47417a81a538327af927da3e,"Server:Apache/2.4.7 (Ubuntu)
Last-Modified:Thu, 02 Feb 2017 22:24:09 GMT
Date:Mon, 11 May 2026 20:56:53 GMT
Accept-Ranges:bytes
ETag:""24c7-547939fb8b440-gzip""
Content-Encoding:gzip
Vary:Accept-Encoding
Content-Length:2682
Content-Type:text/css
",c0995dbb8c323ef465d8cc5d7b640b1a5435beb529b0c6e55594b1c0f3db66e859d23f70cfe8d93285234e722d677fca7c8887bee81a636881b2f91f221f976e,200
http://web/calendar.php,GET,"Cookie:PHPSESSID=aq38o30dsel6tah45jb4oarml7
Accept:text/html,application/xhtml+xml,application/xml;q=0.9,image/avif,image/webp,image/apng,*/*;q=0.8,application/signed-exchange;v=b3;q=0.9
User-Agent:Mozilla/5.0 (X11; Linux x86_64) AppleWebKit/537.36 (KHTML, like Gecko) Chrome/85.0.4183.102 Safari/537.36
Referer:http://web/
Upgrade-Insecure-Requests:1
",cf83e1357eefb8bdf1542850d66d8007d620e4050b5715dc83f4a921d36ce9ce47d0d13c5d85f2b0ff8318d2877eec2f63b931bd47417a81a538327af927da3e,"Keep-Alive:timeout=5, max=67
Server:Apache/2.4.7 (Ubuntu)
Connection:Keep-Alive
Pragma:no-cache
Date:Mon, 11 May 2026 21:01:01 GMT
Cache-Control:no-store, no-cache, must-revalidate, post-check=0, pre-check=0
Content-Encoding:gzip
Vary:Accept-Encoding
Expires:Thu, 19 Nov 1981 08:52:00 GMT
Content-Length:944
X-Powered-By:PHP/5.5.9-1ubuntu4.29
Content-Type:text/html
",067bf40e9476bfce79890a8c1d3391ef9abd0b4bc18b4d228255cddf4be8aadf375c4af640b96280d851f09f369a0fba084c6b08877746158d0e0d432b2c6e75,200
http://web/,GET,"Cookie:PHPSESSID=aq38o30dsel6tah45jb4oarml7
Accept:text/html,application/xhtml+xml,application/xml;q=0.9,image/avif,image/webp,image/apng,*/*;q=0.8,application/signed-exchange;v=b3;q=0.9
User-Agent:Mozilla/5.0 (X11; Linux x86_64) AppleWebKit/537.36 (KHTML, like Gecko) Chrome/85.0.4183.102 Safari/537.36
Upgrade-Insecure-Requests:1
",cf83e1357eefb8bdf1542850d66d8007d620e4050b5715dc83f4a921d36ce9ce47d0d13c5d85f2b0ff8318d2877eec2f63b931bd47417a81a538327af927da3e,"Keep-Alive:timeout=5, max=43
Server:Apache/2.4.7 (Ubuntu)
Connection:Keep-Alive
Pragma:no-cache
Date:Mon, 11 May 2026 20:58:50 GMT
Cache-Control:no-store, no-cache, must-revalidate, post-check=0, pre-check=0
Content-Encoding:gzip
Vary:Accept-Encoding
Expires:Thu, 19 Nov 1981 08:52:00 GMT
Content-Length:1282
X-Powered-By:PHP/5.5.9-1ubuntu4.29
Content-Type:text/html
",94d187314adfcc5a1ef95166791bacc8ac5d7378043e8b89511a55e5899c050c0e8a6208ca2e24497c4e7dc9000144071666d470d2c4238c6268f52fdfc41a2a,200
http://web/passcheck.php,GET,"Cookie:PHPSESSID=aq38o30dsel6tah45jb4oarml7
Accept:text/html,application/xhtml+xml,application/xml;q=0.9,image/avif,image/webp,image/apng,*/*;q=0.8,application/signed-exchange;v=b3;q=0.9
User-Agent:Mozilla/5.0 (X11; Linux x86_64) AppleWebKit/537.36 (KHTML, like Gecko) Chrome/85.0.4183.102 Safari/537.36
Referer:http://web/users/register.php
Upgrade-Insecure-Requests:1
",cf83e1357eefb8bdf1542850d66d8007d620e4050b5715dc83f4a921d36ce9ce47d0d13c5d85f2b0ff8318d2877eec2f63b931bd47417a81a538327af927da3e,"Keep-Alive:timeout=5, max=46
Server:Apache/2.4.7 (Ubuntu)
Connection:Keep-Alive
Pragma:no-cache
Date:Mon, 11 May 2026 21:00:04 GMT
Cache-Control:no-store, no-cache, must-revalidate, post-check=0, pre-check=0
Content-Encoding:gzip
Vary:Accept-Encoding
Expires:Thu, 19 Nov 1981 08:52:00 GMT
Content-Length:929
X-Powered-By:PHP/5.5.9-1ubuntu4.29
Content-Type:text/html
",3dbbf7b930bb1750f96ccc7398dae518224c7d05c1d7f178e6bf37e05f9463e0e4dfefb671dc0537f337f07f6aea2bbb7bad3475a0d0fcd18d72847d012cf490,200
http://web/calendar.php?date=1778619628,GET,"Cookie:PHPSESSID=aq38o30dsel6tah45jb4oarml7
Accept:text/html,application/xhtml+xml,application/xml;q=0.9,image/avif,image/webp,image/apng,*/*;q=0.8,application/signed-exchange;v=b3;q=0.9
User-Agent:Mozilla/5.0 (X11; Linux x86_64) AppleWebKit/537.36 (KHTML, like Gecko) Chrome/85.0.4183.102 Safari/537.36
Referer:http://web/calendar.php
Upgrade-Insecure-Requests:1
",cf83e1357eefb8bdf1542850d66d8007d620e4050b5715dc83f4a921d36ce9ce47d0d13c5d85f2b0ff8318d2877eec2f63b931bd47417a81a538327af927da3e,"Keep-Alive:timeout=5, max=12
Server:Apache/2.4.7 (Ubuntu)
Connection:Keep-Alive
Pragma:no-cache
Date:Mon, 11 May 2026 21:00:28 GMT
Cache-Control:no-store, no-cache, must-revalidate, post-check=0, pre-check=0
Content-Encoding:gzip
Vary:Accept-Encoding
Expires:Thu, 19 Nov 1981 08:52:00 GMT
Content-Length:944
X-Powered-By:PHP/5.5.9-1ubuntu4.29
Content-Type:text/html
",12edf48a8d9bfec98d4a924035c948592394e8c9115ab8e475ac387417d58a342ce61e473d072c5e6e22b2a892cd5d6f0e2f1237bb3143e1d3370a5f2c43e480,200
http://web/users/sample.php?userid=1,GET,"Cookie:PHPSESSID=aq38o30dsel6tah45jb4oarml7
Accept:text/html,application/xhtml+xml,application/xml;q=0.9,image/avif,image/webp,image/apng,*/*;q=0.8,application/signed-exchange;v=b3;q=0.9
User-Agent:Mozilla/5.0 (X11; Linux x86_64) AppleWebKit/537.36 (KHTML, like Gecko) Chrome/85.0.4183.102 Safari/537.36
Referer:http://web/
Upgrade-Insecure-Requests:1
",cf83e1357eefb8bdf1542850d66d8007d620e4050b5715dc83f4a921d36ce9ce47d0d13c5d85f2b0ff8318d2877eec2f63b931bd47417a81a538327af927da3e,"Keep-Alive:timeout=5, max=60
Server:Apache/2.4.7 (Ubuntu)
Connection:Keep-Alive
Pragma:no-cache
Date:Mon, 11 May 2026 20:57:23 GMT
Cache-Control:no-store, no-cache, must-revalidate, post-check=0, pre-check=0
Content-Encoding:gzip
Vary:Accept-Encoding
Expires:Thu, 19 Nov 1981 08:52:00 GMT
Content-Length:981
X-Powered-By:PHP/5.5.9-1ubuntu4.29
Content-Type:text/html
",c73895a0033f9d7deb3b535f8e0ee80f360ef3483978ec205cd97d64ba5ef0a0f7f7074564268df5a839e2ab1f0760720e3e56e6ec48ebe43aff0b77a0bc1534,200
http://web/users/login.php,GET,"Cookie:PHPSESSID=aq38o30dsel6tah45jb4oarml7
Accept:text/html,application/xhtml+xml,application/xml;q=0.9,image/avif,image/webp,image/apng,*/*;q=0.8,application/signed-exchange;v=b3;q=0.9
User-Agent:Mozilla/5.0 (X11; Linux x86_64) AppleWebKit/537.36 (KHTML, like Gecko) Chrome/85.0.4183.102 Safari/537.36
Referer:http://web/calendar.php?date=1778706061
Upgrade-Insecure-Requests:1
",cf83e1357eefb8bdf1542850d66d8007d620e4050b5715dc83f4a921d36ce9ce47d0d13c5d85f2b0ff8318d2877eec2f63b931bd47417a81a538327af927da3e,"Keep-Alive:timeout=5, max=64
Server:Apache/2.4.7 (Ubuntu)
Connection:Keep-Alive
Pragma:no-cache
Date:Mon, 11 May 2026 21:01:03 GMT
Cache-Control:no-store, no-cache, must-revalidate, post-check=0, pre-check=0
Content-Encoding:gzip
Vary:Accept-Encoding
Expires:Thu, 19 Nov 1981 08:52:00 GMT
Content-Length:977
X-Powered-By:PHP/5.5.9-1ubuntu4.29
Content-Type:text/html
",bfd9148000b58b5f63130453b285b238d9ff68679f23c10b434db92d16ca0b08f3e2a530b76629875b0ac6019cfbbd6cfc6e225477a30c38740af11278589916,200
http://web/upload/doggie/Dog.jpg.128_128.jpg,GET,"Cookie:PHPSESSID=aq38o30dsel6tah45jb4oarml7
Accept:image/avif,image/webp,image/apng,image/*,*/*;q=0.8
User-Agent:Mozilla/5.0 (X11; Linux x86_64) AppleWebKit/537.36 (KHTML, like Gecko) Chrome/85.0.4183.102 Safari/537.36
Referer:http://web/users/sample.php?userid=1
",cf83e1357eefb8bdf1542850d66d8007d620e4050b5715dc83f4a921d36ce9ce47d0d13c5d85f2b0ff8318d2877eec2f63b931bd47417a81a538327af927da3e,"Server:Apache/2.4.7 (Ubuntu)
Last-Modified:Thu, 02 Feb 2017 22:24:09 GMT
Date:Mon, 11 May 2026 20:57:04 GMT
Accept-Ranges:bytes
ETag:""30b7-547939fb8b440""
Content-Length:12471
Content-Type:image/jpeg
",69d56f0425632e752413df2dedbeab35c78b04f88b4b5e0c3ff3c082644643ba0b4ecff40c05ff2c89177b1d27351cfad091a14195a74b8f1a0a38960c402f09,200
http://web/guestbook.php,GET,"Cookie:PHPSESSID=aq38o30dsel6tah45jb4oarml7
Accept:text/html,application/xhtml+xml,application/xml;q=0.9,image/avif,image/webp,image/apng,*/*;q=0.8,application/signed-exchange;v=b3;q=0.9
User-Agent:Mozilla/5.0 (X11; Linux x86_64) AppleWebKit/537.36 (KHTML, like Gecko) Chrome/85.0.4183.102 Safari/537.36
Referer:http://web/
Upgrade-Insecure-Requests:1
",cf83e1357eefb8bdf1542850d66d8007d620e4050b5715dc83f4a921d36ce9ce47d0d13c5d85f2b0ff8318d2877eec2f63b931bd47417a81a538327af927da3e,"Keep-Alive:timeout=5, max=65
Server:Apache/2.4.7 (Ubuntu)
Connection:Keep-Alive
Pragma:no-cache
Date:Mon, 11 May 2026 20:58:32 GMT
Cache-Control:no-store, no-cache, must-revalidate, post-check=0, pre-check=0
Content-Encoding:gzip
Vary:Accept-Encoding
Expires:Thu, 19 Nov 1981 08:52:00 GMT
Content-Length:999
X-Powered-By:PHP/5.5.9-1ubuntu4.29
Content-Type:text/html
",f63bccc47dfa5bd97892278ed18f9c667b8021ecacbb6307066410e0f5b987a777b4b6e95e274813cb0dae8b7effd512df6587d223b77d1878d2c4121908a6ed,200
http://web/css/stylings.css,GET,"Cookie:PHPSESSID=aq38o30dsel6tah45jb4oarml7
Accept:text/css,*/*;q=0.1
User-Agent:Mozilla/5.0 (X11; Linux x86_64) AppleWebKit/537.36 (KHTML, like Gecko) Chrome/85.0.4183.102 Safari/537.36
Referer:http://web/
",cf83e1357eefb8bdf1542850d66d8007d620e4050b5715dc83f4a921d36ce9ce47d0d13c5d85f2b0ff8318d2877eec2f63b931bd47417a81a538327af927da3e,"Keep-Alive:timeout=5, max=100
Server:Apache/2.4.7 (Ubuntu)
Connection:Keep-Alive
Last-Modified:Thu, 02 Feb 2017 22:24:09 GMT
Date:Mon, 11 May 2026 20:56:53 GMT
Accept-Ranges:bytes
ETag:""c29-547939fb8b440-gzip""
Content-Encoding:gzip
Vary:Accept-Encoding
Content-Length:838
Content-Type:text/css
",e6142d743628221ad60b6d12a0b444a077ed8ede2504b511ffffde908ffe459f09875b3901f9a63ec228906521c445248f9277e14f591205808d8dfc200df823,200
http://web/guestbook.php,GET,"Cookie:PHPSESSID=aq38o30dsel6tah45jb4oarml7
Accept:text/html,application/xhtml+xml,application/xml;q=0.9,image/avif,image/webp,image/apng,*/*;q=0.8,application/signed-exchange;v=b3;q=0.9
User-Agent:Mozilla/5.0 (X11; Linux x86_64) AppleWebKit/537.36 (KHTML, like Gecko) Chrome/85.0.4183.102 Safari/537.36
Referer:http://web/users/sample.php?userid=1
Upgrade-Insecure-Requests:1
",cf83e1357eefb8bdf1542850d66d8007d620e4050b5715dc83f4a921d36ce9ce47d0d13c5d85f2b0ff8318d2877eec2f63b931bd47417a81a538327af927da3e,"Keep-Alive:timeout=5, max=20
Server:Apache/2.4.7 (Ubuntu)
Connection:Keep-Alive
Pragma:no-cache
Date:Mon, 11 May 2026 20:59:08 GMT
Cache-Control:no-store, no-cache, must-revalidate, post-check=0, pre-check=0
Content-Encoding:gzip
Vary:Accept-Encoding
Expires:Thu, 19 Nov 1981 08:52:00 GMT
Content-Length:998
X-Powered-By:PHP/5.5.9-1ubuntu4.29
Content-Type:text/html
",da6da50eb5cc388b691d62113aacd0462244bb4e36db51172c23c89e4299136636741d0a3f38f7e78305b4a89355aa8dde36a21be8e3bdd5b68bbc7f51328835,200
http://web/pictures/recent.php,GET,"Cookie:PHPSESSID=aq38o30dsel6tah45jb4oarml7
Accept:text/html,application/xhtml+xml,application/xml;q=0.9,image/avif,image/webp,image/apng,*/*;q=0.8,application/signed-exchange;v=b3;q=0.9
User-Agent:Mozilla/5.0 (X11; Linux x86_64) AppleWebKit/537.36 (KHTML, like Gecko) Chrome/85.0.4183.102 Safari/537.36
Referer:http://web/
Upgrade-Insecure-Requests:1
",cf83e1357eefb8bdf1542850d66d8007d620e4050b5715dc83f4a921d36ce9ce47d0d13c5d85f2b0ff8318d2877eec2f63b931bd47417a81a538327af927da3e,"Keep-Alive:timeout=5, max=31
Server:Apache/2.4.7 (Ubuntu)
Connection:Keep-Alive
Pragma:no-cache
Date:Mon, 11 May 2026 20:57:45 GMT
Cache-Control:no-store, no-cache, must-revalidate, post-check=0, pre-check=0
Content-Encoding:gzip
Vary:Accept-Encoding
Expires:Thu, 19 Nov 1981 08:52:00 GMT
Content-Length:1086
X-Powered-By:PHP/5.5.9-1ubuntu4.29
Content-Type:text/html
",0dcf7bfff84a922c2724f35245140815a1ff8887410aed281ec7f6de32efb4e750a00ef38aeb267e6fd8c9261d12e23f79452cbef2f05af81b49152ac442d7d5,200
http://web/calendar.php?date=1778792507,GET,"Cookie:PHPSESSID=aq38o30dsel6tah45jb4oarml7
Accept:text/html,application/xhtml+xml,application/xml;q=0.9,image/avif,image/webp,image/apng,*/*;q=0.8,application/signed-exchange;v=b3;q=0.9
User-Agent:Mozilla/5.0 (X11; Linux x86_64) AppleWebKit/537.36 (KHTML, like Gecko) Chrome/85.0.4183.102 Safari/537.36
Referer:http://web/calendar.php?date=1778706107
Upgrade-Insecure-Requests:1
",cf83e1357eefb8bdf1542850d66d8007d620e4050b5715dc83f4a921d36ce9ce47d0d13c5d85f2b0ff8318d2877eec2f63b931bd47417a81a538327af927da3e,"Keep-Alive:timeout=5, max=100
Server:Apache/2.4.7 (Ubuntu)
Connection:Keep-Alive
Pragma:no-cache
Date:Mon, 11 May 2026 21:01:48 GMT
Cache-Control:no-store, no-cache, must-revalidate, post-check=0, pre-check=0
Content-Encoding:gzip
Vary:Accept-Encoding
Expires:Thu, 19 Nov 1981 08:52:00 GMT
Content-Length:945
X-Powered-By:PHP/5.5.9-1ubuntu4.29
Content-Type:text/html
",9b2e45c8b920f2ad3d700da24f5ecf146d9d27ca12bb4bdb7a4353b263796b782cfa803ecfc53a2bf8c27c995c100f6a018b863fc18a4dfa65c3dde0d0518767,200
http://web/css/blueprint/print.css,GET,"Cookie:PHPSESSID=aq38o30dsel6tah45jb4oarml7
Accept:text/css,*/*;q=0.1
User-Agent:Mozilla/5.0 (X11; Linux x86_64) AppleWebKit/537.36 (KHTML, like Gecko) Chrome/85.0.4183.102 Safari/537.36
Referer:http://web/users/sample.php?userid=1
",cf83e1357eefb8bdf1542850d66d8007d620e4050b5715dc83f4a921d36ce9ce47d0d13c5d85f2b0ff8318d2877eec2f63b931bd47417a81a538327af927da3e,"Server:Apache/2.4.7 (Ubuntu)
Last-Modified:Thu, 02 Feb 2017 22:24:09 GMT
Date:Mon, 11 May 2026 20:56:53 GMT
Accept-Ranges:bytes
ETag:""52d-547939fb8b440-gzip""
Content-Encoding:gzip
Vary:Accept-Encoding
Content-Length:674
Content-Type:text/css
",382bc7f4ad396de8dacb65598554ab8e1fe76b268c9b97e377be5fe694d07688463ac138e683332f401b64a7a2e8418a2a9f7f9d96e548ee8581d228368f7524,200
http://web/tos.php,GET,"Cookie:PHPSESSID=aq38o30dsel6tah45jb4oarml7
Accept:text/html,application/xhtml+xml,application/xml;q=0.9,image/avif,image/webp,image/apng,*/*;q=0.8,application/signed-exchange;v=b3;q=0.9
User-Agent:Mozilla/5.0 (X11; Linux x86_64) AppleWebKit/537.36 (KHTML, like Gecko) Chrome/85.0.4183.102 Safari/537.36
Referer:http://web/
Upgrade-Insecure-Requests:1
",cf83e1357eefb8bdf1542850d66d8007d620e4050b5715dc83f4a921d36ce9ce47d0d13c5d85f2b0ff8318d2877eec2f63b931bd47417a81a538327af927da3e,"Keep-Alive:timeout=5, max=71
Server:Apache/2.4.7 (Ubuntu)
Connection:Keep-Alive
Pragma:no-cache
Date:Mon, 11 May 2026 20:59:45 GMT
Cache-Control:no-store, no-cache, must-revalidate, post-check=0, pre-check=0
Content-Encoding:gzip
Vary:Accept-Encoding
Expires:Thu, 19 Nov 1981 08:52:00 GMT
Content-Length:10226
X-Powered-By:PHP/5.5.9-1ubuntu4.29
Content-Type:text/html
",36e7c36584745ff93e71362d07b632e3eb4ed889dba2ecc0ad34744576ebcbfafd2cfe332438aea0403896f427e556799fa13ab049d14f7787503eee40837eba,200
http://web/upload/house/hodjjgld.128_128.jpg,GET,"Cookie:PHPSESSID=aq38o30dsel6tah45jb4oarml7
Accept:image/avif,image/webp,image/apng,image/*,*/*;q=0.8
User-Agent:Mozilla/5.0 (X11; Linux x86_64) AppleWebKit/537.36 (KHTML, like Gecko) Chrome/85.0.4183.102 Safari/537.36
Referer:http://web/pictures/recent.php
",cf83e1357eefb8bdf1542850d66d8007d620e4050b5715dc83f4a921d36ce9ce47d0d13c5d85f2b0ff8318d2877eec2f63b931bd47417a81a538327af927da3e,"Server:Apache/2.4.7 (Ubuntu)
Last-Modified:Thu, 02 Feb 2017 22:24:09 GMT
Date:Mon, 11 May 2026 20:57:04 GMT
Accept-Ranges:bytes
ETag:""2f6e-547939fb8b440""
Content-Length:12142
Content-Type:image/jpeg
",d78d726ba03cd4ab6cfb2ff024e33ec7f851cdd7cf3389acb2ab700df6399122ee3bc74dc664abba8ea40f4d49e5c03e3def6eae872504e6aba993ed1b3b2fc0,200
http://web/css/stylings.css,GET,"Cookie:PHPSESSID=aq38o30dsel6tah45jb4oarml7
Accept:text/css,*/*;q=0.1
User-Agent:Mozilla/5.0 (X11; Linux x86_64) AppleWebKit/537.36 (KHTML, like Gecko) Chrome/85.0.4183.102 Safari/537.36
Referer:http://web/guestbook.php
",cf83e1357eefb8bdf1542850d66d8007d620e4050b5715dc83f4a921d36ce9ce47d0d13c5d85f2b0ff8318d2877eec2f63b931bd47417a81a538327af927da3e,"Server:Apache/2.4.7 (Ubuntu)
Last-Modified:Thu, 02 Feb 2017 22:24:09 GMT
Date:Mon, 11 May 2026 20:56:53 GMT
Accept-Ranges:bytes
ETag:""c29-547939fb8b440-gzip""
Content-Encoding:gzip
Vary:Accept-Encoding
Content-Length:838
Content-Type:text/css
",e6142d743628221ad60b6d12a0b444a077ed8ede2504b511ffffde908ffe459f09875b3901f9a63ec228906521c445248f9277e14f591205808d8dfc200df823,200
http://web/tos.php,GET,"Cookie:PHPSESSID=aq38o30dsel6tah45jb4oarml7
Accept:text/html,application/xhtml+xml,application/xml;q=0.9,image/avif,image/webp,image/apng,*/*;q=0.8,application/signed-exchange;v=b3;q=0.9
User-Agent:Mozilla/5.0 (X11; Linux x86_64) AppleWebKit/537.36 (KHTML, like Gecko) Chrome/85.0.4183.102 Safari/537.36
Referer:http://web/guestbook.php
Upgrade-Insecure-Requests:1
",cf83e1357eefb8bdf1542850d66d8007d620e4050b5715dc83f4a921d36ce9ce47d0d13c5d85f2b0ff8318d2877eec2f63b931bd47417a81a538327af927da3e,"Keep-Alive:timeout=5, max=68
Server:Apache/2.4.7 (Ubuntu)
Connection:Keep-Alive
Pragma:no-cache
Date:Mon, 11 May 2026 20:58:29 GMT
Cache-Control:no-store, no-cache, must-revalidate, post-check=0, pre-check=0
Content-Encoding:gzip
Vary:Accept-Encoding
Expires:Thu, 19 Nov 1981 08:52:00 GMT
Content-Length:10228
X-Powered-By:PHP/5.5.9-1ubuntu4.29
Content-Type:text/html
",eca1b186fa5daeb5f0b6f24d2ebe406bbbb2af59a59267dc13aca6ebfc6b2a11cbfdfc946faa029b1ad4eb94dcfa0b1edc4e7674174e821e08c81a4e1ff55d38,200
http://web/,GET,"Cookie:PHPSESSID=aq38o30dsel6tah45jb4oarml7
Accept:text/html,application/xhtml+xml,application/xml;q=0.9,image/avif,image/webp,image/apng,*/*;q=0.8,application/signed-exchange;v=b3;q=0.9
User-Agent:Mozilla/5.0 (X11; Linux x86_64) AppleWebKit/537.36 (KHTML, like Gecko) Chrome/85.0.4183.102 Safari/537.36
Upgrade-Insecure-Requests:1
",cf83e1357eefb8bdf1542850d66d8007d620e4050b5715dc83f4a921d36ce9ce47d0d13c5d85f2b0ff8318d2877eec2f63b931bd47417a81a538327af927da3e,"Keep-Alive:timeout=5, max=89
Server:Apache/2.4.7 (Ubuntu)
Connection:Keep-Alive
Pragma:no-cache
Date:Mon, 11 May 2026 20:59:31 GMT
Cache-Control:no-store, no-cache, must-revalidate, post-check=0, pre-check=0
Content-Encoding:gzip
Vary:Accept-Encoding
Expires:Thu, 19 Nov 1981 08:52:00 GMT
Content-Length:1282
X-Powered-By:PHP/5.5.9-1ubuntu4.29
Content-Type:text/html
",125e566005cd31bbed01cd77354f210aa8ad31d1d2a3a17ff071346ee046f00439f67c2b6190bb266321be1d026c6fd5d93cdc9e96250e4768a362adce55078d,200
http://web/,GET,"Cookie:PHPSESSID=aq38o30dsel6tah45jb4oarml7
Accept:text/html,application/xhtml+xml,application/xml;q=0.9,image/avif,image/webp,image/apng,*/*;q=0.8,application/signed-exchange;v=b3;q=0.9
User-Agent:Mozilla/5.0 (X11; Linux x86_64) AppleWebKit/537.36 (KHTML, like Gecko) Chrome/85.0.4183.102 Safari/537.36
Referer:http://web/passcheck.php
Upgrade-Insecure-Requests:1
",cf83e1357eefb8bdf1542850d66d8007d620e4050b5715dc83f4a921d36ce9ce47d0d13c5d85f2b0ff8318d2877eec2f63b931bd47417a81a538327af927da3e,"Keep-Alive:timeout=5, max=41
Server:Apache/2.4.7 (Ubuntu)
Connection:Keep-Alive
Pragma:no-cache
Date:Mon, 11 May 2026 21:00:08 GMT
Cache-Control:no-store, no-cache, must-revalidate, post-check=0, pre-check=0
Content-Encoding:gzip
Vary:Accept-Encoding
Expires:Thu, 19 Nov 1981 08:52:00 GMT
Content-Length:1285
X-Powered-By:PHP/5.5.9-1ubuntu4.29
Content-Type:text/html
",a26b96e65228ae3b2a3fc81c5ea216bb4655f10fa090d17e85a3eca45910191b708ce2c15f2a1b04460d457ab883bb23dd71c4fb51950eba0fff95f8d67ee66f,200
http://web/admin/index.php?page=login,GET,"Cookie:PHPSESSID=aq38o30dsel6tah45jb4oarml7
Accept:text/html,application/xhtml+xml,application/xml;q=0.9,image/avif,image/webp,image/apng,*/*;q=0.8,application/signed-exchange;v=b3;q=0.9
User-Agent:Mozilla/5.0 (X11; Linux x86_64) AppleWebKit/537.36 (KHTML, like Gecko) Chrome/85.0.4183.102 Safari/537.36
Referer:http://web/calendar.php?date=1778619641
Upgrade-Insecure-Requests:1
",cf83e1357eefb8bdf1542850d66d8007d620e4050b5715dc83f4a921d36ce9ce47d0d13c5d85f2b0ff8318d2877eec2f63b931bd47417a81a538327af927da3e,"Keep-Alive:timeout=5, max=95
Server:Apache/2.4.7 (Ubuntu)
Connection:Keep-Alive
Pragma:no-cache
Date:Mon, 11 May 2026 21:00:42 GMT
Cache-Control:no-store, no-cache, must-revalidate, post-check=0, pre-check=0
Content-Encoding:gzip
Vary:Accept-Encoding
Expires:Thu, 19 Nov 1981 08:52:00 GMT
Content-Length:216
X-Powered-By:PHP/5.5.9-1ubuntu4.29
Content-Type:text/html
",5bbee1bce6f068a1d108c6f1752cd4b139fabf62084f1b4fa1b93afd9a1d55512314ad2cfc99f0cc99693842ec548d71d0312a89d53aab2164eaf3d8fc484654,200
http://web/pictures/upload.php,GET,"Cookie:PHPSESSID=aq38o30dsel6tah45jb4oarml7
Accept:text/html,application/xhtml+xml,application/xml;q=0.9,image/avif,image/webp,image/apng,*/*;q=0.8,application/signed-exchange;v=b3;q=0.9
User-Agent:Mozilla/5.0 (X11; Linux x86_64) AppleWebKit/537.36 (KHTML, like Gecko) Chrome/85.0.4183.102 Safari/537.36
Referer:http://web/calendar.php
Upgrade-Insecure-Requests:1
",cf83e1357eefb8bdf1542850d66d8007d620e4050b5715dc83f4a921d36ce9ce47d0d13c5d85f2b0ff8318d2877eec2f63b931bd47417a81a538327af927da3e,"Keep-Alive:timeout=5, max=97
Server:Apache/2.4.7 (Ubuntu)
Connection:Keep-Alive
Pragma:no-cache
Date:Mon, 11 May 2026 20:59:25 GMT
Cache-Control:no-store, no-cache, must-revalidate, post-check=0, pre-check=0
Expires:Thu, 19 Nov 1981 08:52:00 GMT
Content-Length:41
X-Powered-By:PHP/5.5.9-1ubuntu4.29
Location:/users/login.php
Content-Type:text/html
",cf83e1357eefb8bdf1542850d66d8007d620e4050b5715dc83f4a921d36ce9ce47d0d13c5d85f2b0ff8318d2877eec2f63b931bd47417a81a538327af927da3e,303
http://web/pictures/recent.php,GET,"Cookie:PHPSESSID=aq38o30dsel6tah45jb4oarml7
Accept:text/html,application/xhtml+xml,application/xml;q=0.9,image/avif,image/webp,image/apng,*/*;q=0.8,application/signed-exchange;v=b3;q=0.9
User-Agent:Mozilla/5.0 (X11; Linux x86_64) AppleWebKit/537.36 (KHTML, like Gecko) Chrome/85.0.4183.102 Safari/537.36
Referer:http://web/
Upgrade-Insecure-Requests:1
",cf83e1357eefb8bdf1542850d66d8007d620e4050b5715dc83f4a921d36ce9ce47d0d13c5d85f2b0ff8318d2877eec2f63b931bd47417a81a538327af927da3e,"Keep-Alive:timeout=5, max=80
Server:Apache/2.4.7 (Ubuntu)
Connection:Keep-Alive
Pragma:no-cache
Date:Mon, 11 May 2026 20:57:06 GMT
Cache-Control:no-store, no-cache, must-revalidate, post-check=0, pre-check=0
Content-Encoding:gzip
Vary:Accept-Encoding
Expires:Thu, 19 Nov 1981 08:52:00 GMT
Content-Length:1089
X-Powered-By:PHP/5.5.9-1ubuntu4.29
Content-Type:text/html
",4824bd2d4fe2e2ce3bfbfac792b7c59fa5e652e794f5fcb169fcf07cb5944cc046a05506eaa653dea9549207aab58d368a6c54081ab399634c6e0ec1c1ab041e,200
http://web/,GET,"Cookie:PHPSESSID=aq38o30dsel6tah45jb4oarml7
Accept:text/html,application/xhtml+xml,application/xml;q=0.9,image/avif,image/webp,image/apng,*/*;q=0.8,application/signed-exchange;v=b3;q=0.9
User-Agent:Mozilla/5.0 (X11; Linux x86_64) AppleWebKit/537.36 (KHTML, like Gecko) Chrome/85.0.4183.102 Safari/537.36
Upgrade-Insecure-Requests:1
",cf83e1357eefb8bdf1542850d66d8007d620e4050b5715dc83f4a921d36ce9ce47d0d13c5d85f2b0ff8318d2877eec2f63b931bd47417a81a538327af927da3e,"Keep-Alive:timeout=5, max=68
Server:Apache/2.4.7 (Ubuntu)
Connection:Keep-Alive
Pragma:no-cache
Date:Mon, 11 May 2026 21:01:00 GMT
Cache-Control:no-store, no-cache, must-revalidate, post-check=0, pre-check=0
Content-Encoding:gzip
Vary:Accept-Encoding
Expires:Thu, 19 Nov 1981 08:52:00 GMT
Content-Length:1284
X-Powered-By:PHP/5.5.9-1ubuntu4.29
Content-Type:text/html
",554d74e6988528dfad3350c72d2ed470418a00bec9f69100a39f660d0d889cf7dabe7595ca13c3d46be5bd31abacd92837471995fca67623ca5023d43a7c5aa3,200
http://web/users/register.php,GET,"Cookie:PHPSESSID=aq38o30dsel6tah45jb4oarml7
Accept:text/html,application/xhtml+xml,application/xml;q=0.9,image/avif,image/webp,image/apng,*/*;q=0.8,application/signed-exchange;v=b3;q=0.9
User-Agent:Mozilla/5.0 (X11; Linux x86_64) AppleWebKit/537.36 (KHTML, like Gecko) Chrome/85.0.4183.102 Safari/537.36
Referer:http://web/
Upgrade-Insecure-Requests:1
",cf83e1357eefb8bdf1542850d66d8007d620e4050b5715dc83f4a921d36ce9ce47d0d13c5d85f2b0ff8318d2877eec2f63b931bd47417a81a538327af927da3e,"Keep-Alive:timeout=5, max=55
Server:Apache/2.4.7 (Ubuntu)
Connection:Keep-Alive
Pragma:no-cache
Date:Mon, 11 May 2026 20:59:56 GMT
Cache-Control:no-store, no-cache, must-revalidate, post-check=0, pre-check=0
Content-Encoding:gzip
Vary:Accept-Encoding
Expires:Thu, 19 Nov 1981 08:52:00 GMT
Content-Length:1100
X-Powered-By:PHP/5.5.9-1ubuntu4.29
Content-Type:text/html
",72fc8840f932aefd1bd58083a41fadbe1100abd4c93cb0f6df286b198c3b68cd90dea696cd24f7794cb26fdf94aa1fd4cc3efe9d9a2630a9ee0e30a9e5298ce6,200
http://web/,GET,"Cookie:PHPSESSID=aq38o30dsel6tah45jb4oarml7
Accept:text/html,application/xhtml+xml,application/xml;q=0.9,image/avif,image/webp,image/apng,*/*;q=0.8,application/signed-exchange;v=b3;q=0.9
User-Agent:Mozilla/5.0 (X11; Linux x86_64) AppleWebKit/537.36 (KHTML, like Gecko) Chrome/85.0.4183.102 Safari/537.36
Upgrade-Insecure-Requests:1
",cf83e1357eefb8bdf1542850d66d8007d620e4050b5715dc83f4a921d36ce9ce47d0d13c5d85f2b0ff8318d2877eec2f63b931bd47417a81a538327af927da3e,"Keep-Alive:timeout=5, max=57
Server:Apache/2.4.7 (Ubuntu)
Connection:Keep-Alive
Pragma:no-cache
Date:Mon, 11 May 2026 21:01:09 GMT
Cache-Control:no-store, no-cache, must-revalidate, post-check=0, pre-check=0
Content-Encoding:gzip
Vary:Accept-Encoding
Expires:Thu, 19 Nov 1981 08:52:00 GMT
Content-Length:1284
X-Powered-By:PHP/5.5.9-1ubuntu4.29
Content-Type:text/html
",f7e933b141ce8eac49862485f8f6f078840fc46c7281444b0cdf7626bd3505dbfef2f97578a7d207e761437715e65eb2c7b71e53397c86274a14532396f26278,200
http://web/users/login.php,GET,"Cookie:PHPSESSID=aq38o30dsel6tah45jb4oarml7
Accept:text/html,application/xhtml+xml,application/xml;q=0.9,image/avif,image/webp,image/apng,*/*;q=0.8,application/signed-exchange;v=b3;q=0.9
User-Agent:Mozilla/5.0 (X11; Linux x86_64) AppleWebKit/537.36 (KHTML, like Gecko) Chrome/85.0.4183.102 Safari/537.36
Referer:http://web/tos.php
Upgrade-Insecure-Requests:1
",cf83e1357eefb8bdf1542850d66d8007d620e4050b5715dc83f4a921d36ce9ce47d0d13c5d85f2b0ff8318d2877eec2f63b931bd47417a81a538327af927da3e,"Keep-Alive:timeout=5, max=44
Server:Apache/2.4.7 (Ubuntu)
Connection:Keep-Alive
Pragma:no-cache
Date:Mon, 11 May 2026 20:57:35 GMT
Cache-Control:no-store, no-cache, must-revalidate, post-check=0, pre-check=0
Content-Encoding:gzip
Vary:Accept-Encoding
Expires:Thu, 19 Nov 1981 08:52:00 GMT
Content-Length:975
X-Powered-By:PHP/5.5.9-1ubuntu4.29
Content-Type:text/html
",3d01c29e814be83624e027b448b21e8580fdfb32929b375fb54ca217f477198b4ed360ef8f0c9ac5aa0ae1538c76fb034b36beda427283e3b1927c23121a0494,200
http://web/calendar.php,GET,"Cookie:PHPSESSID=aq38o30dsel6tah45jb4oarml7
Accept:text/html,application/xhtml+xml,application/xml;q=0.9,image/avif,image/webp,image/apng,*/*;q=0.8,application/signed-exchange;v=b3;q=0.9
User-Agent:Mozilla/5.0 (X11; Linux x86_64) AppleWebKit/537.36 (KHTML, like Gecko) Chrome/85.0.4183.102 Safari/537.36
Referer:http://web/
Upgrade-Insecure-Requests:1
",cf83e1357eefb8bdf1542850d66d8007d620e4050b5715dc83f4a921d36ce9ce47d0d13c5d85f2b0ff8318d2877eec2f63b931bd47417a81a538327af927da3e,"Keep-Alive:timeout=5, max=94
Server:Apache/2.4.7 (Ubuntu)
Connection:Keep-Alive
Pragma:no-cache
Date:Mon, 11 May 2026 20:59:27 GMT
Cache-Control:no-store, no-cache, must-revalidate, post-check=0, pre-check=0
Content-Encoding:gzip
Vary:Accept-Encoding
Expires:Thu, 19 Nov 1981 08:52:00 GMT
Content-Length:944
X-Powered-By:PHP/5.5.9-1ubuntu4.29
Content-Type:text/html
",6c4259b41e5a801b0fa86acd6a25488190d0407cbe481d1d44c7faf490c59a942a71f4501dc20cdc0d472fc93e29ce12816ce4d9a505aa37df597a11a8ab080e,200
http://web/,GET,"Cookie:PHPSESSID=aq38o30dsel6tah45jb4oarml7
Accept:text/html,application/xhtml+xml,application/xml;q=0.9,image/avif,image/webp,image/apng,*/*;q=0.8,application/signed-exchange;v=b3;q=0.9
User-Agent:Mozilla/5.0 (X11; Linux x86_64) AppleWebKit/537.36 (KHTML, like Gecko) Chrome/85.0.4183.102 Safari/537.36
Upgrade-Insecure-Requests:1
",cf83e1357eefb8bdf1542850d66d8007d620e4050b5715dc83f4a921d36ce9ce47d0d13c5d85f2b0ff8318d2877eec2f63b931bd47417a81a538327af927da3e,"Keep-Alive:timeout=5, max=36
Server:Apache/2.4.7 (Ubuntu)
Connection:Keep-Alive
Pragma:no-cache
Date:Mon, 11 May 2026 20:58:56 GMT
Cache-Control:no-store, no-cache, must-revalidate, post-check=0, pre-check=0
Content-Encoding:gzip
Vary:Accept-Encoding
Expires:Thu, 19 Nov 1981 08:52:00 GMT
Content-Length:1284
X-Powered-By:PHP/5.5.9-1ubuntu4.29
Content-Type:text/html
",c14e340dd8c6c39a1f7fe8b1008aedb5f02d5c58292fffceb1a6f3bf256df17221325d29279ab0b1513eb4538e6966d2f878f5f38dfd243465aafc0ff4bacdd4,200
http://web/users/login.php,GET,"Cookie:PHPSESSID=aq38o30dsel6tah45jb4oarml7
Accept:text/html,application/xhtml+xml,application/xml;q=0.9,image/avif,image/webp,image/apng,*/*;q=0.8,application/signed-exchange;v=b3;q=0.9
User-Agent:Mozilla/5.0 (X11; Linux x86_64) AppleWebKit/537.36 (KHTML, like Gecko) Chrome/85.0.4183.102 Safari/537.36
Referer:http://web/pictures/recent.php
Upgrade-Insecure-Requests:1
",cf83e1357eefb8bdf1542850d66d8007d620e4050b5715dc83f4a921d36ce9ce47d0d13c5d85f2b0ff8318d2877eec2f63b931bd47417a81a538327af927da3e,"Keep-Alive:timeout=5, max=39
Server:Apache/2.4.7 (Ubuntu)
Connection:Keep-Alive
Pragma:no-cache
Date:Mon, 11 May 2026 20:57:39 GMT
Cache-Control:no-store, no-cache, must-revalidate, post-check=0, pre-check=0
Content-Encoding:gzip
Vary:Accept-Encoding
Expires:Thu, 19 Nov 1981 08:52:00 GMT
Content-Length:977
X-Powered-By:PHP/5.5.9-1ubuntu4.29
Content-Type:text/html
",e8285e3bebf4498ccd53095688872d5d0c2c739544e3e236ca391de0f7725e423a58ee47ac4eec97e8172f991fc185d99de4e3dc85c4cf30a6c7513802e50097,200
http://web/tos.php,GET,"Cookie:PHPSESSID=aq38o30dsel6tah45jb4oarml7
Accept:text/html,application/xhtml+xml,application/xml;q=0.9,image/avif,image/webp,image/apng,*/*;q=0.8,application/signed-exchange;v=b3;q=0.9
User-Agent:Mozilla/5.0 (X11; Linux x86_64) AppleWebKit/537.36 (KHTML, like Gecko) Chrome/85.0.4183.102 Safari/537.36
Referer:http://web/
Upgrade-Insecure-Requests:1
",cf83e1357eefb8bdf1542850d66d8007d620e4050b5715dc83f4a921d36ce9ce47d0d13c5d85f2b0ff8318d2877eec2f63b931bd47417a81a538327af927da3e,"Keep-Alive:timeout=5, max=68
Server:Apache/2.4.7 (Ubuntu)
Connection:Keep-Alive
Pragma:no-cache
Date:Mon, 11 May 2026 20:59:48 GMT
Cache-Control:no-store, no-cache, must-revalidate, post-check=0, pre-check=0
Content-Encoding:gzip
Vary:Accept-Encoding
Expires:Thu, 19 Nov 1981 08:52:00 GMT
Content-Length:10229
X-Powered-By:PHP/5.5.9-1ubuntu4.29
Content-Type:text/html
",6a7b92c503cd66514342eb970a25acfe88d21f7c6ad38e87278b2ab7e48df7f95a969d1040f0e02f379ec9358826d5b8b3227b3f08052ff37420ee2dc94f5f94,200
http://web/users/login.php,GET,"Cookie:PHPSESSID=aq38o30dsel6tah45jb4oarml7
Accept:text/html,application/xhtml+xml,application/xml;q=0.9,image/avif,image/webp,image/apng,*/*;q=0.8,application/signed-exchange;v=b3;q=0.9
User-Agent:Mozilla/5.0 (X11; Linux x86_64) AppleWebKit/537.36 (KHTML, like Gecko) Chrome/85.0.4183.102 Safari/537.36
Referer:http://web/pictures/recent.php
Upgrade-Insecure-Requests:1
",cf83e1357eefb8bdf1542850d66d8007d620e4050b5715dc83f4a921d36ce9ce47d0d13c5d85f2b0ff8318d2877eec2f63b931bd47417a81a538327af927da3e,"Keep-Alive:timeout=5, max=10
Server:Apache/2.4.7 (Ubuntu)
Connection:Keep-Alive
Pragma:no-cache
Date:Mon, 11 May 2026 20:57:58 GMT
Cache-Control:no-store, no-cache, must-revalidate, post-check=0, pre-check=0
Content-Encoding:gzip
Vary:Accept-Encoding
Expires:Thu, 19 Nov 1981 08:52:00 GMT
Content-Length:976
X-Powered-By:PHP/5.5.9-1ubuntu4.29
Content-Type:text/html
",2e417ce3fd3fa26bee878c1ca9d6ad283154409cd2661cc51c88f215f025b85bf029c0f0c3456e69347259f99e5cbc8d00ee8980c88e003bd91ca7edaff77621,200
http://web/,GET,"Cookie:PHPSESSID=aq38o30dsel6tah45jb4oarml7
Accept:text/html,application/xhtml+xml,application/xml;q=0.9,image/avif,image/webp,image/apng,*/*;q=0.8,application/signed-exchange;v=b3;q=0.9
User-Agent:Mozilla/5.0 (X11; Linux x86_64) AppleWebKit/537.36 (KHTML, like Gecko) Chrome/85.0.4183.102 Safari/537.36
Upgrade-Insecure-Requests:1
",cf83e1357eefb8bdf1542850d66d8007d620e4050b5715dc83f4a921d36ce9ce47d0d13c5d85f2b0ff8318d2877eec2f63b931bd47417a81a538327af927da3e,"Keep-Alive:timeout=5, max=1
Server:Apache/2.4.7 (Ubuntu)
Connection:Keep-Alive
Pragma:no-cache
Date:Mon, 11 May 2026 21:00:37 GMT
Cache-Control:no-store, no-cache, must-revalidate, post-check=0, pre-check=0
Content-Encoding:gzip
Vary:Accept-Encoding
Expires:Thu, 19 Nov 1981 08:52:00 GMT
Content-Length:1285
X-Powered-By:PHP/5.5.9-1ubuntu4.29
Content-Type:text/html
",4e4b0eceaffde5c3046d0f092e0391d3be2690a77ed1edfd16cd3e472a6825a04d62b04a33a9d1e09a6cda48525f60907499dd0ad6fcd3ccf1fd7f17efd7ba7e,200
http://web/images/menu/menu_tabs.gif,GET,"Cookie:PHPSESSID=aq38o30dsel6tah45jb4oarml7
Accept:image/avif,image/webp,image/apng,image/*,*/*;q=0.8
User-Agent:Mozilla/5.0 (X11; Linux x86_64) AppleWebKit/537.36 (KHTML, like Gecko) Chrome/85.0.4183.102 Safari/537.36
Referer:http://web/css/stylings.css
",cf83e1357eefb8bdf1542850d66d8007d620e4050b5715dc83f4a921d36ce9ce47d0d13c5d85f2b0ff8318d2877eec2f63b931bd47417a81a538327af927da3e,"Keep-Alive:timeout=5, max=97
Server:Apache/2.4.7 (Ubuntu)
Connection:Keep-Alive
Last-Modified:Thu, 02 Feb 2017 22:24:09 GMT
Date:Mon, 11 May 2026 20:56:53 GMT
Accept-Ranges:bytes
ETag:""f78-547939fb8b440""
Content-Length:3960
Content-Type:image/gif
",3eb49ef7e8e7e02a1bff29ac33707f5a473495974c0f3cc1937f03198075c0d2b0aaf7f2937030c43b34c560f19c5c6502345d5af0ac36b7e66d8deea4ef55d4,200
http://web/,GET,"Cookie:PHPSESSID=aq38o30dsel6tah45jb4oarml7
Accept:text/html,application/xhtml+xml,application/xml;q=0.9,image/avif,image/webp,image/apng,*/*;q=0.8,application/signed-exchange;v=b3;q=0.9
User-Agent:Mozilla/5.0 (X11; Linux x86_64) AppleWebKit/537.36 (KHTML, like Gecko) Chrome/85.0.4183.102 Safari/537.36
Referer:http://web/users/login.php
Upgrade-Insecure-Requests:1
",cf83e1357eefb8bdf1542850d66d8007d620e4050b5715dc83f4a921d36ce9ce47d0d13c5d85f2b0ff8318d2877eec2f63b931bd47417a81a538327af927da3e,"Keep-Alive:timeout=5, max=91
Server:Apache/2.4.7 (Ubuntu)
Connection:Keep-Alive
Pragma:no-cache
Date:Mon, 11 May 2026 20:56:59 GMT
Cache-Control:no-store, no-cache, must-revalidate, post-check=0, pre-check=0
Content-Encoding:gzip
Vary:Accept-Encoding
Expires:Thu, 19 Nov 1981 08:52:00 GMT
Content-Length:1283
X-Powered-By:PHP/5.5.9-1ubuntu4.29
Content-Type:text/html
",96aac35b031753cc94de2ad1384c7cee854aface90b3979b99ef13d3844ed4908516d4a7faa6de5b1d2e72273c1e878c9c92009234c0ed6b4cb3adf6ddee7f2c,200
http://web/css/blueprint/print.css,GET,"Cookie:PHPSESSID=aq38o30dsel6tah45jb4oarml7
Accept:text/css,*/*;q=0.1
User-Agent:Mozilla/5.0 (X11; Linux x86_64) AppleWebKit/537.36 (KHTML, like Gecko) Chrome/85.0.4183.102 Safari/537.36
Referer:http://web/passcheck.php
",cf83e1357eefb8bdf1542850d66d8007d620e4050b5715dc83f4a921d36ce9ce47d0d13c5d85f2b0ff8318d2877eec2f63b931bd47417a81a538327af927da3e,"Server:Apache/2.4.7 (Ubuntu)
Last-Modified:Thu, 02 Feb 2017 22:24:09 GMT
Date:Mon, 11 May 2026 20:56:53 GMT
Accept-Ranges:bytes
ETag:""52d-547939fb8b440-gzip""
Content-Encoding:gzip
Vary:Accept-Encoding
Content-Length:674
Content-Type:text/css
",382bc7f4ad396de8dacb65598554ab8e1fe76b268c9b97e377be5fe694d07688463ac138e683332f401b64a7a2e8418a2a9f7f9d96e548ee8581d228368f7524,200
http://web/users/login.php,GET,"Cookie:PHPSESSID=aq38o30dsel6tah45jb4oarml7
Accept:text/html,application/xhtml+xml,application/xml;q=0.9,image/avif,image/webp,image/apng,*/*;q=0.8,application/signed-exchange;v=b3;q=0.9
User-Agent:Mozilla/5.0 (X11; Linux x86_64) AppleWebKit/537.36 (KHTML, like Gecko) Chrome/85.0.4183.102 Safari/537.36
Referer:http://web/calendar.php?date=1778792497
Upgrade-Insecure-Requests:1
",cf83e1357eefb8bdf1542850d66d8007d620e4050b5715dc83f4a921d36ce9ce47d0d13c5d85f2b0ff8318d2877eec2f63b931bd47417a81a538327af927da3e,"Keep-Alive:timeout=5, max=11
Server:Apache/2.4.7 (Ubuntu)
Connection:Keep-Alive
Pragma:no-cache
Date:Mon, 11 May 2026 21:01:40 GMT
Cache-Control:no-store, no-cache, must-revalidate, post-check=0, pre-check=0
Content-Encoding:gzip
Vary:Accept-Encoding
Expires:Thu, 19 Nov 1981 08:52:00 GMT
Content-Length:975
X-Powered-By:PHP/5.5.9-1ubuntu4.29
Content-Type:text/html
",ed54000c21fa9333d06c0542e583aab62a29e7b1e71e50616c70a092d1d42d7c675a1818edf62ec54e83c3327d606b4d6f34dffe216435e3b98edab262fc48fa,200
http://web/guestbook.php,GET,"Cookie:PHPSESSID=aq38o30dsel6tah45jb4oarml7
Accept:text/html,application/xhtml+xml,application/xml;q=0.9,image/avif,image/webp,image/apng,*/*;q=0.8,application/signed-exchange;v=b3;q=0.9
User-Agent:Mozilla/5.0 (X11; Linux x86_64) AppleWebKit/537.36 (KHTML, like Gecko) Chrome/85.0.4183.102 Safari/537.36
Referer:http://web/users/register.php
Upgrade-Insecure-Requests:1
",cf83e1357eefb8bdf1542850d66d8007d620e4050b5715dc83f4a921d36ce9ce47d0d13c5d85f2b0ff8318d2877eec2f63b931bd47417a81a538327af927da3e,"Keep-Alive:timeout=5, max=54
Server:Apache/2.4.7 (Ubuntu)
Connection:Keep-Alive
Pragma:no-cache
Date:Mon, 11 May 2026 20:58:41 GMT
Cache-Control:no-store, no-cache, must-revalidate, post-check=0, pre-check=0
Content-Encoding:gzip
Vary:Accept-Encoding
Expires:Thu, 19 Nov 1981 08:52:00 GMT
Content-Length:1000
X-Powered-By:PHP/5.5.9-1ubuntu4.29
Content-Type:text/html
",e81943923a7967afd9f4d3157bcde291d10373e453945d57e1017bbfacb88f0de00ed5ded5a25873b36c62e6952754f9c3ea46998e1f67dbd4ce6499ed19a9be,200
http://web/calendar.php?date=1778792501,GET,"Cookie:PHPSESSID=aq38o30dsel6tah45jb4oarml7
Accept:text/html,application/xhtml+xml,application/xml;q=0.9,image/avif,image/webp,image/apng,*/*;q=0.8,application/signed-exchange;v=b3;q=0.9
User-Agent:Mozilla/5.0 (X11; Linux x86_64) AppleWebKit/537.36 (KHTML, like Gecko) Chrome/85.0.4183.102 Safari/537.36
Referer:http://web/calendar.php?date=1778706101
Upgrade-Insecure-Requests:1
",cf83e1357eefb8bdf1542850d66d8007d620e4050b5715dc83f4a921d36ce9ce47d0d13c5d85f2b0ff8318d2877eec2f63b931bd47417a81a538327af927da3e,"Keep-Alive:timeout=5, max=6
Server:Apache/2.4.7 (Ubuntu)
Connection:Keep-Alive
Pragma:no-cache
Date:Mon, 11 May 2026 21:01:43 GMT
Cache-Control:no-store, no-cache, must-revalidate, post-check=0, pre-check=0
Content-Encoding:gzip
Vary:Accept-Encoding
Expires:Thu, 19 Nov 1981 08:52:00 GMT
Content-Length:946
X-Powered-By:PHP/5.5.9-1ubuntu4.29
Content-Type:text/html
",3f38edfa3ca0b2f3323915f7990de1982006658f86e3ce06ec15990fb0a21f627abe26a57a000161ce21812e3588b7365f26ce5581d1ebec66db87f2cee637dd,200
http://web/,GET,"Cookie:PHPSESSID=aq38o30dsel6tah45jb4oarml7
Accept:text/html,application/xhtml+xml,application/xml;q=0.9,image/avif,image/webp,image/apng,*/*;q=0.8,application/signed-exchange;v=b3;q=0.9
User-Agent:Mozilla/5.0 (X11; Linux x86_64) AppleWebKit/537.36 (KHTML, like Gecko) Chrome/85.0.4183.102 Safari/537.36
Upgrade-Insecure-Requests:1
",cf83e1357eefb8bdf1542850d66d8007d620e4050b5715dc83f4a921d36ce9ce47d0d13c5d85f2b0ff8318d2877eec2f63b931bd47417a81a538327af927da3e,"Keep-Alive:timeout=5, max=52
Server:Apache/2.4.7 (Ubuntu)
Connection:Keep-Alive
Pragma:no-cache
Date:Mon, 11 May 2026 20:59:58 GMT
Cache-Control:no-store, no-cache, must-revalidate, post-check=0, pre-check=0
Content-Encoding:gzip
Vary:Accept-Encoding
Expires:Thu, 19 Nov 1981 08:52:00 GMT
Content-Length:1283
X-Powered-By:PHP/5.5.9-1ubuntu4.29
Content-Type:text/html
",7a952835266fb2c9bf3570597cb761c087cd82aacd3993803a79857b383cc250d1b54706d651aefe60744e90efef1420f51d59cc51888dbb898e8c9abcd9060f,200
http://web/calendar.php,GET,"Cookie:PHPSESSID=aq38o30dsel6tah45jb4oarml7
Accept:text/html,application/xhtml+xml,application/xml;q=0.9,image/avif,image/webp,image/apng,*/*;q=0.8,application/signed-exchange;v=b3;q=0.9
User-Agent:Mozilla/5.0 (X11; Linux x86_64) AppleWebKit/537.36 (KHTML, like Gecko) Chrome/85.0.4183.102 Safari/537.36
Referer:http://web/
Upgrade-Insecure-Requests:1
",cf83e1357eefb8bdf1542850d66d8007d620e4050b5715dc83f4a921d36ce9ce47d0d13c5d85f2b0ff8318d2877eec2f63b931bd47417a81a538327af927da3e,"Keep-Alive:timeout=5, max=62
Server:Apache/2.4.7 (Ubuntu)
Connection:Keep-Alive
Pragma:no-cache
Date:Mon, 11 May 2026 21:01:05 GMT
Cache-Control:no-store, no-cache, must-revalidate, post-check=0, pre-check=0
Content-Encoding:gzip
Vary:Accept-Encoding
Expires:Thu, 19 Nov 1981 08:52:00 GMT
Content-Length:944
X-Powered-By:PHP/5.5.9-1ubuntu4.29
Content-Type:text/html
",147ffe6e32174b76f97011b94485c82e97fe91fb79642946eb82f84ada10d1e422af10b66df1d445ba342acabfecd123045793019f5ad038714256c00874b43f,200
http://web/users/sample.php?userid=1,GET,"Cookie:PHPSESSID=aq38o30dsel6tah45jb4oarml7
Accept:text/html,application/xhtml+xml,application/xml;q=0.9,image/avif,image/webp,image/apng,*/*;q=0.8,application/signed-exchange;v=b3;q=0.9
User-Agent:Mozilla/5.0 (X11; Linux x86_64) AppleWebKit/537.36 (KHTML, like Gecko) Chrome/85.0.4183.102 Safari/537.36
Referer:http://web/
Upgrade-Insecure-Requests:1
",cf83e1357eefb8bdf1542850d66d8007d620e4050b5715dc83f4a921d36ce9ce47d0d13c5d85f2b0ff8318d2877eec2f63b931bd47417a81a538327af927da3e,"Keep-Alive:timeout=5, max=8
Server:Apache/2.4.7 (Ubuntu)
Connection:Keep-Alive
Pragma:no-cache
Date:Mon, 11 May 2026 20:59:17 GMT
Cache-Control:no-store, no-cache, must-revalidate, post-check=0, pre-check=0
Content-Encoding:gzip
Vary:Accept-Encoding
Expires:Thu, 19 Nov 1981 08:52:00 GMT
Content-Length:982
X-Powered-By:PHP/5.5.9-1ubuntu4.29
Content-Type:text/html
",c68b1c15179475494e34306713722decb6fb1383d29c67995d9276dcd5fe413e3300f8dd60303c04330f4fa150e4a9b5ec7a84e548cb7c44619d8330fed1394d,200
http://web/pictures/recent.php,GET,"Cookie:PHPSESSID=aq38o30dsel6tah45jb4oarml7
Accept:text/html,application/xhtml+xml,application/xml;q=0.9,image/avif,image/webp,image/apng,*/*;q=0.8,application/signed-exchange;v=b3;q=0.9
User-Agent:Mozilla/5.0 (X11; Linux x86_64) AppleWebKit/537.36 (KHTML, like Gecko) Chrome/85.0.4183.102 Safari/537.36
Referer:http://web/
Upgrade-Insecure-Requests:1
",cf83e1357eefb8bdf1542850d66d8007d620e4050b5715dc83f4a921d36ce9ce47d0d13c5d85f2b0ff8318d2877eec2f63b931bd47417a81a538327af927da3e,"Keep-Alive:timeout=5, max=24
Server:Apache/2.4.7 (Ubuntu)
Connection:Keep-Alive
Pragma:no-cache
Date:Mon, 11 May 2026 20:57:50 GMT
Cache-Control:no-store, no-cache, must-revalidate, post-check=0, pre-check=0
Content-Encoding:gzip
Vary:Accept-Encoding
Expires:Thu, 19 Nov 1981 08:52:00 GMT
Content-Length:1087
X-Powered-By:PHP/5.5.9-1ubuntu4.29
Content-Type:text/html
",e0d7f7724568cb102c2e07a42872ae20cecd317a23aaa24edf64ccb55daad7b473a7c49bea713f826843b5baad404384ceebde49daa822cb5c8a31fa237c6a86,200
http://web/pictures/recent.php,GET,"Cookie:PHPSESSID=aq38o30dsel6tah45jb4oarml7
Accept:text/html,application/xhtml+xml,application/xml;q=0.9,image/avif,image/webp,image/apng,*/*;q=0.8,application/signed-exchange;v=b3;q=0.9
User-Agent:Mozilla/5.0 (X11; Linux x86_64) AppleWebKit/537.36 (KHTML, like Gecko) Chrome/85.0.4183.102 Safari/537.36
Referer:http://web/
Upgrade-Insecure-Requests:1
",cf83e1357eefb8bdf1542850d66d8007d620e4050b5715dc83f4a921d36ce9ce47d0d13c5d85f2b0ff8318d2877eec2f63b931bd47417a81a538327af927da3e,"Keep-Alive:timeout=5, max=37
Server:Apache/2.4.7 (Ubuntu)
Connection:Keep-Alive
Pragma:no-cache
Date:Mon, 11 May 2026 20:57:41 GMT
Cache-Control:no-store, no-cache, must-revalidate, post-check=0, pre-check=0
Content-Encoding:gzip
Vary:Accept-Encoding
Expires:Thu, 19 Nov 1981 08:52:00 GMT
Content-Length:1088
X-Powered-By:PHP/5.5.9-1ubuntu4.29
Content-Type:text/html
",6a2e548de3d7c60d337225704756484ed5086088cb814837ded6113641e6c895b361cc536ba82c9bc0d3c37c07feb09a33f1c43beb891a21b17529358a058079,200
http://web/calendar.php?date=1778619697,GET,"Cookie:PHPSESSID=aq38o30dsel6tah45jb4oarml7
Accept:text/html,application/xhtml+xml,application/xml;q=0.9,image/avif,image/webp,image/apng,*/*;q=0.8,application/signed-exchange;v=b3;q=0.9
User-Agent:Mozilla/5.0 (X11; Linux x86_64) AppleWebKit/537.36 (KHTML, like Gecko) Chrome/85.0.4183.102 Safari/537.36
Referer:http://web/calendar.php
Upgrade-Insecure-Requests:1
",cf83e1357eefb8bdf1542850d66d8007d620e4050b5715dc83f4a921d36ce9ce47d0d13c5d85f2b0ff8318d2877eec2f63b931bd47417a81a538327af927da3e,"Keep-Alive:timeout=5, max=14
Server:Apache/2.4.7 (Ubuntu)
Connection:Keep-Alive
Pragma:no-cache
Date:Mon, 11 May 2026 21:01:38 GMT
Cache-Control:no-store, no-cache, must-revalidate, post-check=0, pre-check=0
Content-Encoding:gzip
Vary:Accept-Encoding
Expires:Thu, 19 Nov 1981 08:52:00 GMT
Content-Length:944
X-Powered-By:PHP/5.5.9-1ubuntu4.29
Content-Type:text/html
",0d8719d2734fc209627d8f1552c1afe4f43546813afd5cde81a5b1c1f21b07f41c1ca6b2bc00b2c949aa30637ad9ba9dbd0f8cff702f1a002acd8cc5e70bfc28,200
http://web/,GET,"Cookie:PHPSESSID=aq38o30dsel6tah45jb4oarml7
Accept:text/html,application/xhtml+xml,application/xml;q=0.9,image/avif,image/webp,image/apng,*/*;q=0.8,application/signed-exchange;v=b3;q=0.9
User-Agent:Mozilla/5.0 (X11; Linux x86_64) AppleWebKit/537.36 (KHTML, like Gecko) Chrome/85.0.4183.102 Safari/537.36
Upgrade-Insecure-Requests:1
",cf83e1357eefb8bdf1542850d66d8007d620e4050b5715dc83f4a921d36ce9ce47d0d13c5d85f2b0ff8318d2877eec2f63b931bd47417a81a538327af927da3e,"Keep-Alive:timeout=5, max=53
Server:Apache/2.4.7 (Ubuntu)
Connection:Keep-Alive
Pragma:no-cache
Date:Mon, 11 May 2026 20:58:41 GMT
Cache-Control:no-store, no-cache, must-revalidate, post-check=0, pre-check=0
Content-Encoding:gzip
Vary:Accept-Encoding
Expires:Thu, 19 Nov 1981 08:52:00 GMT
Content-Length:1283
X-Powered-By:PHP/5.5.9-1ubuntu4.29
Content-Type:text/html
",5317f3251a763ea60fb74a82bbe0e5efd4a608ee59d2cc1d57632d3d26db6cbf8c3c8e215721c486d9c3d7c3e092ca67ad454f7681c0cbf2e76bf24b222e3f01,200
http://web/users/login.php,GET,"Cookie:PHPSESSID=aq38o30dsel6tah45jb4oarml7
Accept:text/html,application/xhtml+xml,application/xml;q=0.9,image/avif,image/webp,image/apng,*/*;q=0.8,application/signed-exchange;v=b3;q=0.9
User-Agent:Mozilla/5.0 (X11; Linux x86_64) AppleWebKit/537.36 (KHTML, like Gecko) Chrome/85.0.4183.102 Safari/537.36
Referer:http://web/calendar.php?date=1778792484
Upgrade-Insecure-Requests:1
",cf83e1357eefb8bdf1542850d66d8007d620e4050b5715dc83f4a921d36ce9ce47d0d13c5d85f2b0ff8318d2877eec2f63b931bd47417a81a538327af927da3e,"Keep-Alive:timeout=5, max=29
Server:Apache/2.4.7 (Ubuntu)
Connection:Keep-Alive
Pragma:no-cache
Date:Mon, 11 May 2026 21:01:27 GMT
Cache-Control:no-store, no-cache, must-revalidate, post-check=0, pre-check=0
Content-Encoding:gzip
Vary:Accept-Encoding
Expires:Thu, 19 Nov 1981 08:52:00 GMT
Content-Length:977
X-Powered-By:PHP/5.5.9-1ubuntu4.29
Content-Type:text/html
",30d29cdecf4d18814136be5f1831cd79ee852ac5d93b1bc199f239787e6d6ea27f930158635c64bf2a1ef43a27ddd8672cb49deb8279112250a3fb6f6f20f4e0,200
http://web/calendar.php?date=1778878901,GET,"Cookie:PHPSESSID=aq38o30dsel6tah45jb4oarml7
Accept:text/html,application/xhtml+xml,application/xml;q=0.9,image/avif,image/webp,image/apng,*/*;q=0.8,application/signed-exchange;v=b3;q=0.9
User-Agent:Mozilla/5.0 (X11; Linux x86_64) AppleWebKit/537.36 (KHTML, like Gecko) Chrome/85.0.4183.102 Safari/537.36
Referer:http://web/calendar.php?date=1778792501
Upgrade-Insecure-Requests:1
",cf83e1357eefb8bdf1542850d66d8007d620e4050b5715dc83f4a921d36ce9ce47d0d13c5d85f2b0ff8318d2877eec2f63b931bd47417a81a538327af927da3e,"Keep-Alive:timeout=5, max=5
Server:Apache/2.4.7 (Ubuntu)
Connection:Keep-Alive
Pragma:no-cache
Date:Mon, 11 May 2026 21:01:44 GMT
Cache-Control:no-store, no-cache, must-revalidate, post-check=0, pre-check=0
Content-Encoding:gzip
Vary:Accept-Encoding
Expires:Thu, 19 Nov 1981 08:52:00 GMT
Content-Length:1003
X-Powered-By:PHP/5.5.9-1ubuntu4.29
Content-Type:text/html
",9dad7a4c1a7d4c431cbae0951a8320a937f8c1f1f94c6e9b7dcfdc0f515561e80eae7b451a194deff37a32c2bd92663842cdd5c8e8fa8b7860b666e8ccfdbf33,200
http://web/admin/index.php?page=login,POST,"Origin:http://web
Cookie:PHPSESSID=aq38o30dsel6tah45jb4oarml7
Accept:text/html,application/xhtml+xml,application/xml;q=0.9,image/avif,image/webp,image/apng,*/*;q=0.8,application/signed-exchange;v=b3;q=0.9
User-Agent:Mozilla/5.0 (X11; Linux x86_64) AppleWebKit/537.36 (KHTML, like Gecko) Chrome/85.0.4183.102 Safari/537.36
Referer:http://web/admin/index.php?page=login
Upgrade-Insecure-Requests:1
Content-Type:application/x-www-form-urlencoded
",548377f2e5696d602ebea5cf51b1a44ec490373d18d7bf7279cdf508a0ebb68c5b213972afdf381cd9fc180c48a33f3bd2a8d32cb3ef18fd7254e3947c1ddf31,"Keep-Alive:timeout=5, max=63
Server:Apache/2.4.7 (Ubuntu)
Connection:Keep-Alive
Pragma:no-cache
Date:Mon, 11 May 2026 20:57:21 GMT
Cache-Control:no-store, no-cache, must-revalidate, post-check=0, pre-check=0
Content-Encoding:gzip
Vary:Accept-Encoding
Expires:Thu, 19 Nov 1981 08:52:00 GMT
Content-Length:216
X-Powered-By:PHP/5.5.9-1ubuntu4.29
Content-Type:text/html
",127c5c4b7458198b97f1e4839a8f5256860768e9467e506b8dd8fbe2400b91d6b36f03c2724c5d443e72eb61690956f08e2b5622ccf5b8e33a429a46407f7be0,200
http://web/,GET,"Cookie:PHPSESSID=aq38o30dsel6tah45jb4oarml7
Accept:text/html,application/xhtml+xml,application/xml;q=0.9,image/avif,image/webp,image/apng,*/*;q=0.8,application/signed-exchange;v=b3;q=0.9
User-Agent:Mozilla/5.0 (X11; Linux x86_64) AppleWebKit/537.36 (KHTML, like Gecko) Chrome/85.0.4183.102 Safari/537.36
Referer:http://web/users/sample.php?userid=1
Upgrade-Insecure-Requests:1
",cf83e1357eefb8bdf1542850d66d8007d620e4050b5715dc83f4a921d36ce9ce47d0d13c5d85f2b0ff8318d2877eec2f63b931bd47417a81a538327af927da3e,"Keep-Alive:timeout=5, max=10
Server:Apache/2.4.7 (Ubuntu)
Connection:Keep-Alive
Pragma:no-cache
Date:Mon, 11 May 2026 20:59:15 GMT
Cache-Control:no-store, no-cache, must-revalidate, post-check=0, pre-check=0
Content-Encoding:gzip
Vary:Accept-Encoding
Expires:Thu, 19 Nov 1981 08:52:00 GMT
Content-Length:1282
X-Powered-By:PHP/5.5.9-1ubuntu4.29
Content-Type:text/html
",ef3b5ce7fd2a9c8d2dd6c3d8c65e4672f309d7955ebe2920f93041647ecd00087292adbd2ffd8fbc61c1f7d6605ceb1da6aca1da964044036140410d7540119e,200
http://web/calendar.php,GET,"Cookie:PHPSESSID=aq38o30dsel6tah45jb4oarml7
Accept:text/html,application/xhtml+xml,application/xml;q=0.9,image/avif,image/webp,image/apng,*/*;q=0.8,application/signed-exchange;v=b3;q=0.9
User-Agent:Mozilla/5.0 (X11; Linux x86_64) AppleWebKit/537.36 (KHTML, like Gecko) Chrome/85.0.4183.102 Safari/537.36
Referer:http://web/
Upgrade-Insecure-Requests:1
",cf83e1357eefb8bdf1542850d66d8007d620e4050b5715dc83f4a921d36ce9ce47d0d13c5d85f2b0ff8318d2877eec2f63b931bd47417a81a538327af927da3e,"Keep-Alive:timeout=5, max=5
Server:Apache/2.4.7 (Ubuntu)
Connection:Keep-Alive
Pragma:no-cache
Date:Mon, 11 May 2026 21:00:34 GMT
Cache-Control:no-store, no-cache, must-revalidate, post-check=0, pre-check=0
Content-Encoding:gzip
Vary:Accept-Encoding
Expires:Thu, 19 Nov 1981 08:52:00 GMT
Content-Length:945
X-Powered-By:PHP/5.5.9-1ubuntu4.29
Content-Type:text/html
",dee37e28342b621113229022fa5c55f46b0768e57f5768f49cc591d1b33c7aed89bf9bd319ed50693e73fefcf41ecfe7cb28f8e7a2b1b355f1b451ff5ad4d447,200
http://web/users/login.php,GET,"Cookie:PHPSESSID=aq38o30dsel6tah45jb4oarml7
Accept:text/html,application/xhtml+xml,application/xml;q=0.9,image/avif,image/webp,image/apng,*/*;q=0.8,application/signed-exchange;v=b3;q=0.9
User-Agent:Mozilla/5.0 (X11; Linux x86_64) AppleWebKit/537.36 (KHTML, like Gecko) Chrome/85.0.4183.102 Safari/537.36
Referer:http://web/calendar.php?date=1778792480
Upgrade-Insecure-Requests:1
",cf83e1357eefb8bdf1542850d66d8007d620e4050b5715dc83f4a921d36ce9ce47d0d13c5d85f2b0ff8318d2877eec2f63b931bd47417a81a538327af927da3e,"Keep-Alive:timeout=5, max=36
Server:Apache/2.4.7 (Ubuntu)
Connection:Keep-Alive
Pragma:no-cache
Date:Mon, 11 May 2026 21:01:23 GMT
Cache-Control:no-store, no-cache, must-revalidate, post-check=0, pre-check=0
Content-Encoding:gzip
Vary:Accept-Encoding
Expires:Thu, 19 Nov 1981 08:52:00 GMT
Content-Length:977
X-Powered-By:PHP/5.5.9-1ubuntu4.29
Content-Type:text/html
",0c7defeb5a8b430ce64d788e4d03546db12f4c1ad30f82c74b2c789c4411a66750810701285a1f92eb4e8ee0c2064ad64361c6b9ec332a36777f062062f91b13,200
http://web/users/login.php,POST,"Origin:http://web
Cookie:PHPSESSID=aq38o30dsel6tah45jb4oarml7
Accept:text/html,application/xhtml+xml,application/xml;q=0.9,image/avif,image/webp,image/apng,*/*;q=0.8,application/signed-exchange;v=b3;q=0.9
User-Agent:Mozilla/5.0 (X11; Linux x86_64) AppleWebKit/537.36 (KHTML, like Gecko) Chrome/85.0.4183.102 Safari/537.36
Referer:http://web/users/login.php
Upgrade-Insecure-Requests:1
Content-Type:application/x-www-form-urlencoded
",4ecae40bd3b6ef42f5fbc3c0af53828d352539f262e2a6e1289278874061db77b2e38894b95a07c77241b201891924d12b9e9197090962eeff59f592df1a10b9,"Keep-Alive:timeout=5, max=43
Server:Apache/2.4.7 (Ubuntu)
Connection:Keep-Alive
Pragma:no-cache
Date:Mon, 11 May 2026 20:57:36 GMT
Cache-Control:no-store, no-cache, must-revalidate, post-check=0, pre-check=0
Content-Encoding:gzip
Vary:Accept-Encoding
Expires:Thu, 19 Nov 1981 08:52:00 GMT
Content-Length:975
X-Powered-By:PHP/5.5.9-1ubuntu4.29
Content-Type:text/html
",919c77168b1b12563b78c011da81d272715fc994d258c4ca6c3b747b7d25021a6408db106b4b3b27d74d3dfd808c2c51c8052db42e4b5de7e90e93639bd8f062,200
http://web/users/register.php,GET,"Cookie:PHPSESSID=aq38o30dsel6tah45jb4oarml7
Accept:text/html,application/xhtml+xml,application/xml;q=0.9,image/avif,image/webp,image/apng,*/*;q=0.8,application/signed-exchange;v=b3;q=0.9
User-Agent:Mozilla/5.0 (X11; Linux x86_64) AppleWebKit/537.36 (KHTML, like Gecko) Chrome/85.0.4183.102 Safari/537.36
Referer:http://web/
Upgrade-Insecure-Requests:1
",cf83e1357eefb8bdf1542850d66d8007d620e4050b5715dc83f4a921d36ce9ce47d0d13c5d85f2b0ff8318d2877eec2f63b931bd47417a81a538327af927da3e,"Keep-Alive:timeout=5, max=52
Server:Apache/2.4.7 (Ubuntu)
Connection:Keep-Alive
Pragma:no-cache
Date:Mon, 11 May 2026 20:58:42 GMT
Cache-Control:no-store, no-cache, must-revalidate, post-check=0, pre-check=0
Content-Encoding:gzip
Vary:Accept-Encoding
Expires:Thu, 19 Nov 1981 08:52:00 GMT
Content-Length:1100
X-Powered-By:PHP/5.5.9-1ubuntu4.29
Content-Type:text/html
",76b506d8b4470c0a54691249a5bcc337bf0d87f343408971f213fc508de5cd6dd7decbfa375676bbe14e387bd7803049fcecca25ff7ad2e0f317fc60cbc44978,200
http://web/upload/doggie/Dog.jpg.128_128.jpg,GET,"Cookie:PHPSESSID=aq38o30dsel6tah45jb4oarml7
Accept:image/avif,image/webp,image/apng,image/*,*/*;q=0.8
User-Agent:Mozilla/5.0 (X11; Linux x86_64) AppleWebKit/537.36 (KHTML, like Gecko) Chrome/85.0.4183.102 Safari/537.36
Referer:http://web/pictures/recent.php
",cf83e1357eefb8bdf1542850d66d8007d620e4050b5715dc83f4a921d36ce9ce47d0d13c5d85f2b0ff8318d2877eec2f63b931bd47417a81a538327af927da3e,"Server:Apache/2.4.7 (Ubuntu)
Last-Modified:Thu, 02 Feb 2017 22:24:09 GMT
Date:Mon, 11 May 2026 20:57:04 GMT
Accept-Ranges:bytes
ETag:""30b7-547939fb8b440""
Content-Length:12471
Content-Type:image/jpeg
",69d56f0425632e752413df2dedbeab35c78b04f88b4b5e0c3ff3c082644643ba0b4ecff40c05ff2c89177b1d27351cfad091a14195a74b8f1a0a38960c402f09,200
http://web/,GET,"Cookie:PHPSESSID=aq38o30dsel6tah45jb4oarml7
Accept:text/html,application/xhtml+xml,application/xml;q=0.9,image/avif,image/webp,image/apng,*/*;q=0.8,application/signed-exchange;v=b3;q=0.9
User-Agent:Mozilla/5.0 (X11; Linux x86_64) AppleWebKit/537.36 (KHTML, like Gecko) Chrome/85.0.4183.102 Safari/537.36
Upgrade-Insecure-Requests:1
",cf83e1357eefb8bdf1542850d66d8007d620e4050b5715dc83f4a921d36ce9ce47d0d13c5d85f2b0ff8318d2877eec2f63b931bd47417a81a538327af927da3e,"Keep-Alive:timeout=5, max=70
Server:Apache/2.4.7 (Ubuntu)
Connection:Keep-Alive
Pragma:no-cache
Date:Mon, 11 May 2026 20:58:28 GMT
Cache-Control:no-store, no-cache, must-revalidate, post-check=0, pre-check=0
Content-Encoding:gzip
Vary:Accept-Encoding
Expires:Thu, 19 Nov 1981 08:52:00 GMT
Content-Length:1283
X-Powered-By:PHP/5.5.9-1ubuntu4.29
Content-Type:text/html
",bf483575aec9271e4a6844c34c3f4e46a26618a8d4b8560bd30cf7d0df1ca0d611f3c8e8fac1c86ebdf7e4296d9824b17ff157c755ecc33f0d45fa4cde0c64be,200
http://web/calendar.php?date=1778619638,GET,"Cookie:PHPSESSID=aq38o30dsel6tah45jb4oarml7
Accept:text/html,application/xhtml+xml,application/xml;q=0.9,image/avif,image/webp,image/apng,*/*;q=0.8,application/signed-exchange;v=b3;q=0.9
User-Agent:Mozilla/5.0 (X11; Linux x86_64) AppleWebKit/537.36 (KHTML, like Gecko) Chrome/85.0.4183.102 Safari/537.36
Referer:http://web/calendar.php
Upgrade-Insecure-Requests:1
",cf83e1357eefb8bdf1542850d66d8007d620e4050b5715dc83f4a921d36ce9ce47d0d13c5d85f2b0ff8318d2877eec2f63b931bd47417a81a538327af927da3e,"Keep-Alive:timeout=5, max=100
Server:Apache/2.4.7 (Ubuntu)
Connection:Keep-Alive
Pragma:no-cache
Date:Mon, 11 May 2026 21:00:38 GMT
Cache-Control:no-store, no-cache, must-revalidate, post-check=0, pre-check=0
Content-Encoding:gzip
Vary:Accept-Encoding
Expires:Thu, 19 Nov 1981 08:52:00 GMT
Content-Length:942
X-Powered-By:PHP/5.5.9-1ubuntu4.29
Content-Type:text/html
",7657c48d2df8799e213f7697f7a9bba018637f098cc44007f99587b5782e8e0b57d4be2e91bc88f40122cebd3ccf02ce6d92f689149858efe7b71b5308fd0c91,200
http://web/pictures/upload.php,GET,"Cookie:PHPSESSID=aq38o30dsel6tah45jb4oarml7
Accept:text/html,application/xhtml+xml,application/xml;q=0.9,image/avif,image/webp,image/apng,*/*;q=0.8,application/signed-exchange;v=b3;q=0.9
User-Agent:Mozilla/5.0 (X11; Linux x86_64) AppleWebKit/537.36 (KHTML, like Gecko) Chrome/85.0.4183.102 Safari/537.36
Referer:http://web/passcheck.php
Upgrade-Insecure-Requests:1
",cf83e1357eefb8bdf1542850d66d8007d620e4050b5715dc83f4a921d36ce9ce47d0d13c5d85f2b0ff8318d2877eec2f63b931bd47417a81a538327af927da3e,"Keep-Alive:timeout=5, max=58
Server:Apache/2.4.7 (Ubuntu)
Connection:Keep-Alive
Pragma:no-cache
Date:Mon, 11 May 2026 20:59:55 GMT
Cache-Control:no-store, no-cache, must-revalidate, post-check=0, pre-check=0
Expires:Thu, 19 Nov 1981 08:52:00 GMT
Content-Length:41
X-Powered-By:PHP/5.5.9-1ubuntu4.29
Location:/users/login.php
Content-Type:text/html
",cf83e1357eefb8bdf1542850d66d8007d620e4050b5715dc83f4a921d36ce9ce47d0d13c5d85f2b0ff8318d2877eec2f63b931bd47417a81a538327af927da3e,303
http://web/upload/flowers/flweofoee.128_128.jpg,GET,"Cookie:PHPSESSID=aq38o30dsel6tah45jb4oarml7
Accept:image/avif,image/webp,image/apng,image/*,*/*;q=0.8
User-Agent:Mozilla/5.0 (X11; Linux x86_64) AppleWebKit/537.36 (KHTML, like Gecko) Chrome/85.0.4183.102 Safari/537.36
Referer:http://web/pictures/recent.php
",cf83e1357eefb8bdf1542850d66d8007d620e4050b5715dc83f4a921d36ce9ce47d0d13c5d85f2b0ff8318d2877eec2f63b931bd47417a81a538327af927da3e,"Keep-Alive:timeout=5, max=100
Server:Apache/2.4.7 (Ubuntu)
Connection:Keep-Alive
Last-Modified:Thu, 02 Feb 2017 22:24:09 GMT
Date:Mon, 11 May 2026 20:57:04 GMT
Accept-Ranges:bytes
ETag:""3c1d-547939fb8b440""
Content-Length:15389
Content-Type:image/jpeg
",7e129e0bbb863976449db3222dba9d0d4f5eec34568417e96ab615e4f7981ee1790944f510629e1b701ae68b35b272656ced86d6fea3a727adec1063e078f609,200
http://web/,GET,"Cookie:PHPSESSID=aq38o30dsel6tah45jb4oarml7
Accept:text/html,application/xhtml+xml,application/xml;q=0.9,image/avif,image/webp,image/apng,*/*;q=0.8,application/signed-exchange;v=b3;q=0.9
User-Agent:Mozilla/5.0 (X11; Linux x86_64) AppleWebKit/537.36 (KHTML, like Gecko) Chrome/85.0.4183.102 Safari/537.36
Upgrade-Insecure-Requests:1
",cf83e1357eefb8bdf1542850d66d8007d620e4050b5715dc83f4a921d36ce9ce47d0d13c5d85f2b0ff8318d2877eec2f63b931bd47417a81a538327af927da3e,"Keep-Alive:timeout=5, max=86
Server:Apache/2.4.7 (Ubuntu)
Connection:Keep-Alive
Pragma:no-cache
Date:Mon, 11 May 2026 20:59:33 GMT
Cache-Control:no-store, no-cache, must-revalidate, post-check=0, pre-check=0
Content-Encoding:gzip
Vary:Accept-Encoding
Expires:Thu, 19 Nov 1981 08:52:00 GMT
Content-Length:1285
X-Powered-By:PHP/5.5.9-1ubuntu4.29
Content-Type:text/html
",576bb7bfe90011767841054aab4b8edcbb4d7e940a34e74a5e21512e2ddd3a9f5f0cfbf30d7dca9f20db8f7b9242a51e24c17710f2d34df4e8193c2df5211dbb,200
http://web/,GET,"Cookie:PHPSESSID=aq38o30dsel6tah45jb4oarml7
Accept:text/html,application/xhtml+xml,application/xml;q=0.9,image/avif,image/webp,image/apng,*/*;q=0.8,application/signed-exchange;v=b3;q=0.9
User-Agent:Mozilla/5.0 (X11; Linux x86_64) AppleWebKit/537.36 (KHTML, like Gecko) Chrome/85.0.4183.102 Safari/537.36
Upgrade-Insecure-Requests:1
",cf83e1357eefb8bdf1542850d66d8007d620e4050b5715dc83f4a921d36ce9ce47d0d13c5d85f2b0ff8318d2877eec2f63b931bd47417a81a538327af927da3e,"Keep-Alive:timeout=5, max=23
Server:Apache/2.4.7 (Ubuntu)
Connection:Keep-Alive
Pragma:no-cache
Date:Mon, 11 May 2026 21:00:21 GMT
Cache-Control:no-store, no-cache, must-revalidate, post-check=0, pre-check=0
Content-Encoding:gzip
Vary:Accept-Encoding
Expires:Thu, 19 Nov 1981 08:52:00 GMT
Content-Length:1285
X-Powered-By:PHP/5.5.9-1ubuntu4.29
Content-Type:text/html
",28f3ddda90cf46bc9cf4373b5984a59744708a07a6c8a5ea98ce9bbe52982fdc716671f82a736bb823b8f64551697fee1f90f31489e4314fc04dbfd053e1a6dd,200
http://web/calendar.php,GET,"Cookie:PHPSESSID=aq38o30dsel6tah45jb4oarml7
Accept:text/html,application/xhtml+xml,application/xml;q=0.9,image/avif,image/webp,image/apng,*/*;q=0.8,application/signed-exchange;v=b3;q=0.9
User-Agent:Mozilla/5.0 (X11; Linux x86_64) AppleWebKit/537.36 (KHTML, like Gecko) Chrome/85.0.4183.102 Safari/537.36
Referer:http://web/
Upgrade-Insecure-Requests:1
",cf83e1357eefb8bdf1542850d66d8007d620e4050b5715dc83f4a921d36ce9ce47d0d13c5d85f2b0ff8318d2877eec2f63b931bd47417a81a538327af927da3e,"Keep-Alive:timeout=5, max=51
Server:Apache/2.4.7 (Ubuntu)
Connection:Keep-Alive
Pragma:no-cache
Date:Mon, 11 May 2026 21:01:13 GMT
Cache-Control:no-store, no-cache, must-revalidate, post-check=0, pre-check=0
Content-Encoding:gzip
Vary:Accept-Encoding
Expires:Thu, 19 Nov 1981 08:52:00 GMT
Content-Length:944
X-Powered-By:PHP/5.5.9-1ubuntu4.29
Content-Type:text/html
",f33b9e025e2a33e668b90ce1a69d381e172f01f68b38f534f8da66fcc4fb8977461470e4d2b87eb09e27e9ee8e1d4d5a976d45071f255b4bbce5c297e994878c,200
http://web/upload/house/our_house.128_128.jpg,GET,"Cookie:PHPSESSID=aq38o30dsel6tah45jb4oarml7
Accept:image/avif,image/webp,image/apng,image/*,*/*;q=0.8
User-Agent:Mozilla/5.0 (X11; Linux x86_64) AppleWebKit/537.36 (KHTML, like Gecko) Chrome/85.0.4183.102 Safari/537.36
Referer:http://web/pictures/recent.php
",cf83e1357eefb8bdf1542850d66d8007d620e4050b5715dc83f4a921d36ce9ce47d0d13c5d85f2b0ff8318d2877eec2f63b931bd47417a81a538327af927da3e,"Server:Apache/2.4.7 (Ubuntu)
Last-Modified:Thu, 02 Feb 2017 22:24:09 GMT
Date:Mon, 11 May 2026 20:57:04 GMT
Accept-Ranges:bytes
ETag:""309c-547939fb8b440""
Content-Length:12444
Content-Type:image/jpeg
",7398d28ba3dbb6919f8252647510815990d20ed11d0df1881c26de538c790d1114201d4bbee0c5dbf69074677723ca5f4759e3c0f31ab392c87362001168c7d8,200
http://web/pictures/recent.php,GET,"Cookie:PHPSESSID=aq38o30dsel6tah45jb4oarml7
Accept:text/html,application/xhtml+xml,application/xml;q=0.9,image/avif,image/webp,image/apng,*/*;q=0.8,application/signed-exchange;v=b3;q=0.9
User-Agent:Mozilla/5.0 (X11; Linux x86_64) AppleWebKit/537.36 (KHTML, like Gecko) Chrome/85.0.4183.102 Safari/537.36
Referer:http://web/
Upgrade-Insecure-Requests:1
",cf83e1357eefb8bdf1542850d66d8007d620e4050b5715dc83f4a921d36ce9ce47d0d13c5d85f2b0ff8318d2877eec2f63b931bd47417a81a538327af927da3e,"Keep-Alive:timeout=5, max=16
Server:Apache/2.4.7 (Ubuntu)
Connection:Keep-Alive
Pragma:no-cache
Date:Mon, 11 May 2026 20:57:55 GMT
Cache-Control:no-store, no-cache, must-revalidate, post-check=0, pre-check=0
Content-Encoding:gzip
Vary:Accept-Encoding
Expires:Thu, 19 Nov 1981 08:52:00 GMT
Content-Length:1088
X-Powered-By:PHP/5.5.9-1ubuntu4.29
Content-Type:text/html
",cf227fba2a92d88911c70645e921e97eb7c100918ed2327a4c2e628f75f3e965a2e1b01f0b243b17fe48f00fe9a522e4c49a23b12feb6853ac2200108e6037ed,200
http://web/,GET,"Cookie:PHPSESSID=aq38o30dsel6tah45jb4oarml7
Accept:text/html,application/xhtml+xml,application/xml;q=0.9,image/avif,image/webp,image/apng,*/*;q=0.8,application/signed-exchange;v=b3;q=0.9
User-Agent:Mozilla/5.0 (X11; Linux x86_64) AppleWebKit/537.36 (KHTML, like Gecko) Chrome/85.0.4183.102 Safari/537.36
Upgrade-Insecure-Requests:1
",cf83e1357eefb8bdf1542850d66d8007d620e4050b5715dc83f4a921d36ce9ce47d0d13c5d85f2b0ff8318d2877eec2f63b931bd47417a81a538327af927da3e,"Keep-Alive:timeout=5, max=17
Server:Apache/2.4.7 (Ubuntu)
Connection:Keep-Alive
Pragma:no-cache
Date:Mon, 11 May 2026 20:57:54 GMT
Cache-Control:no-store, no-cache, must-revalidate, post-check=0, pre-check=0
Content-Encoding:gzip
Vary:Accept-Encoding
Expires:Thu, 19 Nov 1981 08:52:00 GMT
Content-Length:1284
X-Powered-By:PHP/5.5.9-1ubuntu4.29
Content-Type:text/html
",e151a73ab813e668911eb35df3138b2468acf026c7e653791615a88e52dbd982bb8af76d010241f8d6e8bd5a8ee3bf9850f6619c6d846b615300c962515780bb,200
http://web/,GET,"Cookie:PHPSESSID=aq38o30dsel6tah45jb4oarml7
Accept:text/html,application/xhtml+xml,application/xml;q=0.9,image/avif,image/webp,image/apng,*/*;q=0.8,application/signed-exchange;v=b3;q=0.9
User-Agent:Mozilla/5.0 (X11; Linux x86_64) AppleWebKit/537.36 (KHTML, like Gecko) Chrome/85.0.4183.102 Safari/537.36
Upgrade-Insecure-Requests:1
",cf83e1357eefb8bdf1542850d66d8007d620e4050b5715dc83f4a921d36ce9ce47d0d13c5d85f2b0ff8318d2877eec2f63b931bd47417a81a538327af927da3e,"Keep-Alive:timeout=5, max=61
Server:Apache/2.4.7 (Ubuntu)
Connection:Keep-Alive
Pragma:no-cache
Date:Mon, 11 May 2026 20:59:52 GMT
Cache-Control:no-store, no-cache, must-revalidate, post-check=0, pre-check=0
Content-Encoding:gzip
Vary:Accept-Encoding
Expires:Thu, 19 Nov 1981 08:52:00 GMT
Content-Length:1284
X-Powered-By:PHP/5.5.9-1ubuntu4.29
Content-Type:text/html
",8296e8c3ce2e703cab04d71825080033f379f3eb0f1611184da7cbfdaf9613d43bd2daab991e27b88f65a06bcb81ce71d24ff330cb89b83e2b65a570e47ed11d,200
http://web/admin/index.php?page=login,GET,"Cookie:PHPSESSID=aq38o30dsel6tah45jb4oarml7
Accept:text/html,application/xhtml+xml,application/xml;q=0.9,image/avif,image/webp,image/apng,*/*;q=0.8,application/signed-exchange;v=b3;q=0.9
User-Agent:Mozilla/5.0 (X11; Linux x86_64) AppleWebKit/537.36 (KHTML, like Gecko) Chrome/85.0.4183.102 Safari/537.36
Referer:http://web/passcheck.php
Upgrade-Insecure-Requests:1
",cf83e1357eefb8bdf1542850d66d8007d620e4050b5715dc83f4a921d36ce9ce47d0d13c5d85f2b0ff8318d2877eec2f63b931bd47417a81a538327af927da3e,"Keep-Alive:timeout=5, max=37
Server:Apache/2.4.7 (Ubuntu)
Connection:Keep-Alive
Pragma:no-cache
Date:Mon, 11 May 2026 21:00:11 GMT
Cache-Control:no-store, no-cache, must-revalidate, post-check=0, pre-check=0
Content-Encoding:gzip
Vary:Accept-Encoding
Expires:Thu, 19 Nov 1981 08:52:00 GMT
Content-Length:215
X-Powered-By:PHP/5.5.9-1ubuntu4.29
Content-Type:text/html
",5d9817693b2ab5df8ede48627420c6f55ee375f6481288a8e575971fb122f0cc3fdc88a3e90cfccaefb065d6b7b482dc9c4535149f6dad84b3e572ccd8a48ba0,200
http://web/calendar.php?date=1778619673,GET,"Cookie:PHPSESSID=aq38o30dsel6tah45jb4oarml7
Accept:text/html,application/xhtml+xml,application/xml;q=0.9,image/avif,image/webp,image/apng,*/*;q=0.8,application/signed-exchange;v=b3;q=0.9
User-Agent:Mozilla/5.0 (X11; Linux x86_64) AppleWebKit/537.36 (KHTML, like Gecko) Chrome/85.0.4183.102 Safari/537.36
Referer:http://web/calendar.php
Upgrade-Insecure-Requests:1
",cf83e1357eefb8bdf1542850d66d8007d620e4050b5715dc83f4a921d36ce9ce47d0d13c5d85f2b0ff8318d2877eec2f63b931bd47417a81a538327af927da3e,"Keep-Alive:timeout=5, max=50
Server:Apache/2.4.7 (Ubuntu)
Connection:Keep-Alive
Pragma:no-cache
Date:Mon, 11 May 2026 21:01:14 GMT
Cache-Control:no-store, no-cache, must-revalidate, post-check=0, pre-check=0
Content-Encoding:gzip
Vary:Accept-Encoding
Expires:Thu, 19 Nov 1981 08:52:00 GMT
Content-Length:945
X-Powered-By:PHP/5.5.9-1ubuntu4.29
Content-Type:text/html
",1e0834c5f30fdcc6c4f3925219a7205fee4005efe62cac8c062298ddc911752346bd899f221fef45d40e4a14cd182eb19328e504ba464bd9d5ca40c0daf102bc,200
http://web/pictures/recent.php,GET,"Cookie:PHPSESSID=aq38o30dsel6tah45jb4oarml7
Accept:text/html,application/xhtml+xml,application/xml;q=0.9,image/avif,image/webp,image/apng,*/*;q=0.8,application/signed-exchange;v=b3;q=0.9
User-Agent:Mozilla/5.0 (X11; Linux x86_64) AppleWebKit/537.36 (KHTML, like Gecko) Chrome/85.0.4183.102 Safari/537.36
Referer:http://web/passcheck.php
Upgrade-Insecure-Requests:1
",cf83e1357eefb8bdf1542850d66d8007d620e4050b5715dc83f4a921d36ce9ce47d0d13c5d85f2b0ff8318d2877eec2f63b931bd47417a81a538327af927da3e,"Keep-Alive:timeout=5, max=53
Server:Apache/2.4.7 (Ubuntu)
Connection:Keep-Alive
Pragma:no-cache
Date:Mon, 11 May 2026 20:59:58 GMT
Cache-Control:no-store, no-cache, must-revalidate, post-check=0, pre-check=0
Content-Encoding:gzip
Vary:Accept-Encoding
Expires:Thu, 19 Nov 1981 08:52:00 GMT
Content-Length:1088
X-Powered-By:PHP/5.5.9-1ubuntu4.29
Content-Type:text/html
",b58c1dee625a184f819ce2c502b9215aed412dc5774024ab1351f8deeea8f1964b253c8358cf7f5995e22c3bf898f796c9dd2b19ce15001270a2abf81c2a160d,200
http://web/calendar.php?date=1778706084,GET,"Cookie:PHPSESSID=aq38o30dsel6tah45jb4oarml7
Accept:text/html,application/xhtml+xml,application/xml;q=0.9,image/avif,image/webp,image/apng,*/*;q=0.8,application/signed-exchange;v=b3;q=0.9
User-Agent:Mozilla/5.0 (X11; Linux x86_64) AppleWebKit/537.36 (KHTML, like Gecko) Chrome/85.0.4183.102 Safari/537.36
Referer:http://web/calendar.php?date=1778619684
Upgrade-Insecure-Requests:1
",cf83e1357eefb8bdf1542850d66d8007d620e4050b5715dc83f4a921d36ce9ce47d0d13c5d85f2b0ff8318d2877eec2f63b931bd47417a81a538327af927da3e,"Keep-Alive:timeout=5, max=32
Server:Apache/2.4.7 (Ubuntu)
Connection:Keep-Alive
Pragma:no-cache
Date:Mon, 11 May 2026 21:01:26 GMT
Cache-Control:no-store, no-cache, must-revalidate, post-check=0, pre-check=0
Content-Encoding:gzip
Vary:Accept-Encoding
Expires:Thu, 19 Nov 1981 08:52:00 GMT
Content-Length:946
X-Powered-By:PHP/5.5.9-1ubuntu4.29
Content-Type:text/html
",15a5cef687dc7587ab5b16c375e4c5121d3afad388c8c9a2979e03bd97a3199a4c1325689a6219070dd42a95836123a5263b7dca84973be9e050793fb376741c,200
http://web/,GET,"Cookie:PHPSESSID=aq38o30dsel6tah45jb4oarml7
Accept:text/html,application/xhtml+xml,application/xml;q=0.9,image/avif,image/webp,image/apng,*/*;q=0.8,application/signed-exchange;v=b3;q=0.9
User-Agent:Mozilla/5.0 (X11; Linux x86_64) AppleWebKit/537.36 (KHTML, like Gecko) Chrome/85.0.4183.102 Safari/537.36
Upgrade-Insecure-Requests:1
",cf83e1357eefb8bdf1542850d66d8007d620e4050b5715dc83f4a921d36ce9ce47d0d13c5d85f2b0ff8318d2877eec2f63b931bd47417a81a538327af927da3e,"Keep-Alive:timeout=5, max=29
Server:Apache/2.4.7 (Ubuntu)
Connection:Keep-Alive
Pragma:no-cache
Date:Mon, 11 May 2026 20:59:01 GMT
Cache-Control:no-store, no-cache, must-revalidate, post-check=0, pre-check=0
Content-Encoding:gzip
Vary:Accept-Encoding
Expires:Thu, 19 Nov 1981 08:52:00 GMT
Content-Length:1284
X-Powered-By:PHP/5.5.9-1ubuntu4.29
Content-Type:text/html
",93bc2b4dc667211eaa10714b5f06884e7bd1511d2ec5b21d774b494980e392b53c419caf54482285743ef24108a4e320195a278adc20f992068e60d6abfefd26,200
http://web/upload/toga/togasfs.128_128.jpg,GET,"Cookie:PHPSESSID=aq38o30dsel6tah45jb4oarml7
Accept:image/avif,image/webp,image/apng,image/*,*/*;q=0.8
User-Agent:Mozilla/5.0 (X11; Linux x86_64) AppleWebKit/537.36 (KHTML, like Gecko) Chrome/85.0.4183.102 Safari/537.36
Referer:http://web/pictures/recent.php
",cf83e1357eefb8bdf1542850d66d8007d620e4050b5715dc83f4a921d36ce9ce47d0d13c5d85f2b0ff8318d2877eec2f63b931bd47417a81a538327af927da3e,"Server:Apache/2.4.7 (Ubuntu)
Last-Modified:Thu, 02 Feb 2017 22:24:09 GMT
Date:Mon, 11 May 2026 20:57:04 GMT
Accept-Ranges:bytes
ETag:""321f-547939fb8b440""
Content-Length:12831
Content-Type:image/jpeg
",f9e00cc601dc7ed7b36ceb20d99655fbfae55b276341df50cc847ccbc4692a94cd49e6eb38bef9d2fc13a1e4900795b7234110c8ba66bf9a7b7f0d12f264bf16,200
http://web/admin/index.php?page=login,GET,"Cookie:PHPSESSID=aq38o30dsel6tah45jb4oarml7
Accept:text/html,application/xhtml+xml,application/xml;q=0.9,image/avif,image/webp,image/apng,*/*;q=0.8,application/signed-exchange;v=b3;q=0.9
User-Agent:Mozilla/5.0 (X11; Linux x86_64) AppleWebKit/537.36 (KHTML, like Gecko) Chrome/85.0.4183.102 Safari/537.36
Referer:http://web/pictures/recent.php
Upgrade-Insecure-Requests:1
",cf83e1357eefb8bdf1542850d66d8007d620e4050b5715dc83f4a921d36ce9ce47d0d13c5d85f2b0ff8318d2877eec2f63b931bd47417a81a538327af927da3e,"Keep-Alive:timeout=5, max=89
Server:Apache/2.4.7 (Ubuntu)
Connection:Keep-Alive
Pragma:no-cache
Date:Mon, 11 May 2026 20:58:13 GMT
Cache-Control:no-store, no-cache, must-revalidate, post-check=0, pre-check=0
Content-Encoding:gzip
Vary:Accept-Encoding
Expires:Thu, 19 Nov 1981 08:52:00 GMT
Content-Length:215
X-Powered-By:PHP/5.5.9-1ubuntu4.29
Content-Type:text/html
",e052b4c4436370a23a0a1b6d2eb300483b4bdcefae2f2ad813646639430f399c7086d5f273926ca8704d884933e5830cda5f05ee0ff98d6674fe70cb520fb7ee,200
http://web/users/login.php,GET,"Cookie:PHPSESSID=aq38o30dsel6tah45jb4oarml7
Accept:text/html,application/xhtml+xml,application/xml;q=0.9,image/avif,image/webp,image/apng,*/*;q=0.8,application/signed-exchange;v=b3;q=0.9
User-Agent:Mozilla/5.0 (X11; Linux x86_64) AppleWebKit/537.36 (KHTML, like Gecko) Chrome/85.0.4183.102 Safari/537.36
Referer:http://web/passcheck.php
Upgrade-Insecure-Requests:1
",cf83e1357eefb8bdf1542850d66d8007d620e4050b5715dc83f4a921d36ce9ce47d0d13c5d85f2b0ff8318d2877eec2f63b931bd47417a81a538327af927da3e,"Keep-Alive:timeout=5, max=57
Server:Apache/2.4.7 (Ubuntu)
Connection:Keep-Alive
Pragma:no-cache
Date:Mon, 11 May 2026 20:59:55 GMT
Cache-Control:no-store, no-cache, must-revalidate, post-check=0, pre-check=0
Content-Encoding:gzip
Vary:Accept-Encoding
Expires:Thu, 19 Nov 1981 08:52:00 GMT
Content-Length:977
X-Powered-By:PHP/5.5.9-1ubuntu4.29
Content-Type:text/html
",6296d816ac7576389ba7972003c17af46b2f5dd26662da6b59a39f00ee95e6bdddd3be84e832f51b5d427c7573410356df00d810c9dcf4ed8802f6702859e1be,200
http://web/pictures/upload.php,GET,"Cookie:PHPSESSID=aq38o30dsel6tah45jb4oarml7
Accept:text/html,application/xhtml+xml,application/xml;q=0.9,image/avif,image/webp,image/apng,*/*;q=0.8,application/signed-exchange;v=b3;q=0.9
User-Agent:Mozilla/5.0 (X11; Linux x86_64) AppleWebKit/537.36 (KHTML, like Gecko) Chrome/85.0.4183.102 Safari/537.36
Referer:http://web/users/login.php
Upgrade-Insecure-Requests:1
",cf83e1357eefb8bdf1542850d66d8007d620e4050b5715dc83f4a921d36ce9ce47d0d13c5d85f2b0ff8318d2877eec2f63b931bd47417a81a538327af927da3e,"Keep-Alive:timeout=5, max=86
Server:Apache/2.4.7 (Ubuntu)
Connection:Keep-Alive
Pragma:no-cache
Date:Mon, 11 May 2026 20:57:03 GMT
Cache-Control:no-store, no-cache, must-revalidate, post-check=0, pre-check=0
Expires:Thu, 19 Nov 1981 08:52:00 GMT
Content-Length:41
X-Powered-By:PHP/5.5.9-1ubuntu4.29
Location:/users/login.php
Content-Type:text/html
",cf83e1357eefb8bdf1542850d66d8007d620e4050b5715dc83f4a921d36ce9ce47d0d13c5d85f2b0ff8318d2877eec2f63b931bd47417a81a538327af927da3e,303
http://web/passcheck.php,GET,"Cookie:PHPSESSID=aq38o30dsel6tah45jb4oarml7
Accept:text/html,application/xhtml+xml,application/xml;q=0.9,image/avif,image/webp,image/apng,*/*;q=0.8,application/signed-exchange;v=b3;q=0.9
User-Agent:Mozilla/5.0 (X11; Linux x86_64) AppleWebKit/537.36 (KHTML, like Gecko) Chrome/85.0.4183.102 Safari/537.36
Referer:http://web/users/register.php
Upgrade-Insecure-Requests:1
",cf83e1357eefb8bdf1542850d66d8007d620e4050b5715dc83f4a921d36ce9ce47d0d13c5d85f2b0ff8318d2877eec2f63b931bd47417a81a538327af927da3e,"Keep-Alive:timeout=5, max=38
Server:Apache/2.4.7 (Ubuntu)
Connection:Keep-Alive
Pragma:no-cache
Date:Mon, 11 May 2026 21:00:10 GMT
Cache-Control:no-store, no-cache, must-revalidate, post-check=0, pre-check=0
Content-Encoding:gzip
Vary:Accept-Encoding
Expires:Thu, 19 Nov 1981 08:52:00 GMT
Content-Length:928
X-Powered-By:PHP/5.5.9-1ubuntu4.29
Content-Type:text/html
",a4e3a607db20a292b5a1c3d91721912e19ac11b750b23aa2e19fac3b16e3194b401be409af58d45dbcbce5b9e1f5b733e3c664368208f94d710227de4271e26d,200
http://web/guestbook.php,GET,"Cookie:PHPSESSID=aq38o30dsel6tah45jb4oarml7
Accept:text/html,application/xhtml+xml,application/xml;q=0.9,image/avif,image/webp,image/apng,*/*;q=0.8,application/signed-exchange;v=b3;q=0.9
User-Agent:Mozilla/5.0 (X11; Linux x86_64) AppleWebKit/537.36 (KHTML, like Gecko) Chrome/85.0.4183.102 Safari/537.36
Referer:http://web/calendar.php?date=1778792493
Upgrade-Insecure-Requests:1
",cf83e1357eefb8bdf1542850d66d8007d620e4050b5715dc83f4a921d36ce9ce47d0d13c5d85f2b0ff8318d2877eec2f63b931bd47417a81a538327af927da3e,"Keep-Alive:timeout=5, max=17
Server:Apache/2.4.7 (Ubuntu)
Connection:Keep-Alive
Pragma:no-cache
Date:Mon, 11 May 2026 21:01:35 GMT
Cache-Control:no-store, no-cache, must-revalidate, post-check=0, pre-check=0
Content-Encoding:gzip
Vary:Accept-Encoding
Expires:Thu, 19 Nov 1981 08:52:00 GMT
Content-Length:998
X-Powered-By:PHP/5.5.9-1ubuntu4.29
Content-Type:text/html
",755ad69721e34fe49479833efd20012838b1c878a420e61fbccf65b89fb9e1917be112ae3ead89f886fe58f4b6a524342fee7e579b9c139eea5b5c2f0ba68689,200
http://web/,GET,"Cookie:PHPSESSID=aq38o30dsel6tah45jb4oarml7
Accept:text/html,application/xhtml+xml,application/xml;q=0.9,image/avif,image/webp,image/apng,*/*;q=0.8,application/signed-exchange;v=b3;q=0.9
User-Agent:Mozilla/5.0 (X11; Linux x86_64) AppleWebKit/537.36 (KHTML, like Gecko) Chrome/85.0.4183.102 Safari/537.36
Upgrade-Insecure-Requests:1
",cf83e1357eefb8bdf1542850d66d8007d620e4050b5715dc83f4a921d36ce9ce47d0d13c5d85f2b0ff8318d2877eec2f63b931bd47417a81a538327af927da3e,"Keep-Alive:timeout=5, max=49
Server:Apache/2.4.7 (Ubuntu)
Connection:Keep-Alive
Pragma:no-cache
Date:Mon, 11 May 2026 20:57:33 GMT
Cache-Control:no-store, no-cache, must-revalidate, post-check=0, pre-check=0
Content-Encoding:gzip
Vary:Accept-Encoding
Expires:Thu, 19 Nov 1981 08:52:00 GMT
Content-Length:1284
X-Powered-By:PHP/5.5.9-1ubuntu4.29
Content-Type:text/html
",44153404d7344883ef943de71f2f289981fd13c7e1f46fa30ecef0d05a1f60596f53ec99cf5dfdd3cb4ea9efbdb5e120da4d646c6ad51c5d5e1e5c818adf2bd7,200
http://web/,GET,"Cookie:PHPSESSID=aq38o30dsel6tah45jb4oarml7
Accept:text/html,application/xhtml+xml,application/xml;q=0.9,image/avif,image/webp,image/apng,*/*;q=0.8,application/signed-exchange;v=b3;q=0.9
User-Agent:Mozilla/5.0 (X11; Linux x86_64) AppleWebKit/537.36 (KHTML, like Gecko) Chrome/85.0.4183.102 Safari/537.36
Upgrade-Insecure-Requests:1
",cf83e1357eefb8bdf1542850d66d8007d620e4050b5715dc83f4a921d36ce9ce47d0d13c5d85f2b0ff8318d2877eec2f63b931bd47417a81a538327af927da3e,"Keep-Alive:timeout=5, max=12
Server:Apache/2.4.7 (Ubuntu)
Connection:Keep-Alive
Pragma:no-cache
Date:Mon, 11 May 2026 20:59:13 GMT
Cache-Control:no-store, no-cache, must-revalidate, post-check=0, pre-check=0
Content-Encoding:gzip
Vary:Accept-Encoding
Expires:Thu, 19 Nov 1981 08:52:00 GMT
Content-Length:1283
X-Powered-By:PHP/5.5.9-1ubuntu4.29
Content-Type:text/html
",6a10c89824c398b9531230446bffd011626bca7435cfaffeb075c33495c21f2f81ebedad4a6bc1397e27c6d047c37c8c1a04431501a3c5a6ae24e9a4616bd810,200
http://web/pictures/recent.php,GET,"Cookie:PHPSESSID=aq38o30dsel6tah45jb4oarml7
Accept:text/html,application/xhtml+xml,application/xml;q=0.9,image/avif,image/webp,image/apng,*/*;q=0.8,application/signed-exchange;v=b3;q=0.9
User-Agent:Mozilla/5.0 (X11; Linux x86_64) AppleWebKit/537.36 (KHTML, like Gecko) Chrome/85.0.4183.102 Safari/537.36
Referer:http://web/
Upgrade-Insecure-Requests:1
",cf83e1357eefb8bdf1542850d66d8007d620e4050b5715dc83f4a921d36ce9ce47d0d13c5d85f2b0ff8318d2877eec2f63b931bd47417a81a538327af927da3e,"Keep-Alive:timeout=5, max=8
Server:Apache/2.4.7 (Ubuntu)
Connection:Keep-Alive
Pragma:no-cache
Date:Mon, 11 May 2026 20:58:00 GMT
Cache-Control:no-store, no-cache, must-revalidate, post-check=0, pre-check=0
Content-Encoding:gzip
Vary:Accept-Encoding
Expires:Thu, 19 Nov 1981 08:52:00 GMT
Content-Length:1088
X-Powered-By:PHP/5.5.9-1ubuntu4.29
Content-Type:text/html
",651427af562b6101a5e0f0e4877a986d59d18bfb13a7237896e603cfbe1e2ec0aec1262285382949d4c5e35d7d6852c45b284d8759c5c175c2dec7f578732a91,200
http://web/passcheck.php,GET,"Cookie:PHPSESSID=aq38o30dsel6tah45jb4oarml7
Accept:text/html,application/xhtml+xml,application/xml;q=0.9,image/avif,image/webp,image/apng,*/*;q=0.8,application/signed-exchange;v=b3;q=0.9
User-Agent:Mozilla/5.0 (X11; Linux x86_64) AppleWebKit/537.36 (KHTML, like Gecko) Chrome/85.0.4183.102 Safari/537.36
Referer:http://web/users/register.php
Upgrade-Insecure-Requests:1
",cf83e1357eefb8bdf1542850d66d8007d620e4050b5715dc83f4a921d36ce9ce47d0d13c5d85f2b0ff8318d2877eec2f63b931bd47417a81a538327af927da3e,"Keep-Alive:timeout=5, max=30
Server:Apache/2.4.7 (Ubuntu)
Connection:Keep-Alive
Pragma:no-cache
Date:Mon, 11 May 2026 21:00:16 GMT
Cache-Control:no-store, no-cache, must-revalidate, post-check=0, pre-check=0
Content-Encoding:gzip
Vary:Accept-Encoding
Expires:Thu, 19 Nov 1981 08:52:00 GMT
Content-Length:927
X-Powered-By:PHP/5.5.9-1ubuntu4.29
Content-Type:text/html
",6887e1f0456746ae8518ffb6e43e40f3b13bf20d07d14af524402bc34217ff116fd86794649fe6c50fba28fd0e3bd5989641be5b62e93933a4ccad79f08e4f0b,200
http://web/users/login.php,GET,"Cookie:PHPSESSID=aq38o30dsel6tah45jb4oarml7
Accept:text/html,application/xhtml+xml,application/xml;q=0.9,image/avif,image/webp,image/apng,*/*;q=0.8,application/signed-exchange;v=b3;q=0.9
User-Agent:Mozilla/5.0 (X11; Linux x86_64) AppleWebKit/537.36 (KHTML, like Gecko) Chrome/85.0.4183.102 Safari/537.36
Referer:http://web/users/login.php
Upgrade-Insecure-Requests:1
",cf83e1357eefb8bdf1542850d66d8007d620e4050b5715dc83f4a921d36ce9ce47d0d13c5d85f2b0ff8318d2877eec2f63b931bd47417a81a538327af927da3e,"Keep-Alive:timeout=5, max=87
Server:Apache/2.4.7 (Ubuntu)
Connection:Keep-Alive
Pragma:no-cache
Date:Mon, 11 May 2026 20:57:02 GMT
Cache-Control:no-store, no-cache, must-revalidate, post-check=0, pre-check=0
Content-Encoding:gzip
Vary:Accept-Encoding
Expires:Thu, 19 Nov 1981 08:52:00 GMT
Content-Length:976
X-Powered-By:PHP/5.5.9-1ubuntu4.29
Content-Type:text/html
",68fab1e361bed12c454360957e9dde5df19ba9c742b65b03adece7ea0b9caea0f376e4329f074aa35d7c8d8870b72470d714549c75d3bf9fa3286ee6ef153919,200
http://web/,GET,"Cookie:PHPSESSID=aq38o30dsel6tah45jb4oarml7
Accept:text/html,application/xhtml+xml,application/xml;q=0.9,image/avif,image/webp,image/apng,*/*;q=0.8,application/signed-exchange;v=b3;q=0.9
User-Agent:Mozilla/5.0 (X11; Linux x86_64) AppleWebKit/537.36 (KHTML, like Gecko) Chrome/85.0.4183.102 Safari/537.36
Referer:http://web/calendar.php?date=1778706069
Upgrade-Insecure-Requests:1
",cf83e1357eefb8bdf1542850d66d8007d620e4050b5715dc83f4a921d36ce9ce47d0d13c5d85f2b0ff8318d2877eec2f63b931bd47417a81a538327af927da3e,"Keep-Alive:timeout=5, max=53
Server:Apache/2.4.7 (Ubuntu)
Connection:Keep-Alive
Pragma:no-cache
Date:Mon, 11 May 2026 21:01:11 GMT
Cache-Control:no-store, no-cache, must-revalidate, post-check=0, pre-check=0
Content-Encoding:gzip
Vary:Accept-Encoding
Expires:Thu, 19 Nov 1981 08:52:00 GMT
Content-Length:1285
X-Powered-By:PHP/5.5.9-1ubuntu4.29
Content-Type:text/html
",cc30a1482a65b77b1bcefd8de1ea3cc374a1974cbe88fee12889c8a0cc0a71531325e29eeed0b4d91336f8b193d6fbb3be73b404f456096ce786261759e8cea3,200
http://web/passcheck.php,GET,"Cookie:PHPSESSID=aq38o30dsel6tah45jb4oarml7
Accept:text/html,application/xhtml+xml,application/xml;q=0.9,image/avif,image/webp,image/apng,*/*;q=0.8,application/signed-exchange;v=b3;q=0.9
User-Agent:Mozilla/5.0 (X11; Linux x86_64) AppleWebKit/537.36 (KHTML, like Gecko) Chrome/85.0.4183.102 Safari/537.36
Referer:http://web/users/register.php
Upgrade-Insecure-Requests:1
",cf83e1357eefb8bdf1542850d66d8007d620e4050b5715dc83f4a921d36ce9ce47d0d13c5d85f2b0ff8318d2877eec2f63b931bd47417a81a538327af927da3e,"Keep-Alive:timeout=5, max=48
Server:Apache/2.4.7 (Ubuntu)
Connection:Keep-Alive
Pragma:no-cache
Date:Mon, 11 May 2026 20:58:46 GMT
Cache-Control:no-store, no-cache, must-revalidate, post-check=0, pre-check=0
Content-Encoding:gzip
Vary:Accept-Encoding
Expires:Thu, 19 Nov 1981 08:52:00 GMT
Content-Length:929
X-Powered-By:PHP/5.5.9-1ubuntu4.29
Content-Type:text/html
",142cd053b0147583b055b42dbc236281b4637b92906ea04219a263cfb1262ca0b74cf06a78280703cf6e574737b4f548a0f68fb6bbf076caf993fa5ab70907ef,200
http://web/calendar.php,GET,"Cookie:PHPSESSID=aq38o30dsel6tah45jb4oarml7
Accept:text/html,application/xhtml+xml,application/xml;q=0.9,image/avif,image/webp,image/apng,*/*;q=0.8,application/signed-exchange;v=b3;q=0.9
User-Agent:Mozilla/5.0 (X11; Linux x86_64) AppleWebKit/537.36 (KHTML, like Gecko) Chrome/85.0.4183.102 Safari/537.36
Referer:http://web/
Upgrade-Insecure-Requests:1
",cf83e1357eefb8bdf1542850d66d8007d620e4050b5715dc83f4a921d36ce9ce47d0d13c5d85f2b0ff8318d2877eec2f63b931bd47417a81a538327af927da3e,"Keep-Alive:timeout=5, max=17
Server:Apache/2.4.7 (Ubuntu)
Connection:Keep-Alive
Pragma:no-cache
Date:Mon, 11 May 2026 21:00:25 GMT
Cache-Control:no-store, no-cache, must-revalidate, post-check=0, pre-check=0
Content-Encoding:gzip
Vary:Accept-Encoding
Expires:Thu, 19 Nov 1981 08:52:00 GMT
Content-Length:944
X-Powered-By:PHP/5.5.9-1ubuntu4.29
Content-Type:text/html
",a26ac4db966cf0f1ebc7f61018dc74dce02a059ce410ab1c51d2796c5c4b25b0ae4f539ceda5dfd65537c8acacb9b1dddbfb5e7600db1e41ddb72c91b9c5b318,200
http://web/css/stylings.css,GET,"Cookie:PHPSESSID=aq38o30dsel6tah45jb4oarml7
Accept:text/css,*/*;q=0.1
User-Agent:Mozilla/5.0 (X11; Linux x86_64) AppleWebKit/537.36 (KHTML, like Gecko) Chrome/85.0.4183.102 Safari/537.36
Referer:http://web/
",cf83e1357eefb8bdf1542850d66d8007d620e4050b5715dc83f4a921d36ce9ce47d0d13c5d85f2b0ff8318d2877eec2f63b931bd47417a81a538327af927da3e,"Server:Apache/2.4.7 (Ubuntu)
Last-Modified:Thu, 02 Feb 2017 22:24:09 GMT
Date:Mon, 11 May 2026 20:56:53 GMT
Accept-Ranges:bytes
ETag:""c29-547939fb8b440-gzip""
Content-Encoding:gzip
Vary:Accept-Encoding
Content-Length:838
Content-Type:text/css
",e6142d743628221ad60b6d12a0b444a077ed8ede2504b511ffffde908ffe459f09875b3901f9a63ec228906521c445248f9277e14f591205808d8dfc200df823,200
http://web/images/search_button_white.gif,GET,"Cookie:PHPSESSID=aq38o30dsel6tah45jb4oarml7
Accept:image/avif,image/webp,image/apng,image/*,*/*;q=0.8
User-Agent:Mozilla/5.0 (X11; Linux x86_64) AppleWebKit/537.36 (KHTML, like Gecko) Chrome/85.0.4183.102 Safari/537.36
Referer:http://web/
",cf83e1357eefb8bdf1542850d66d8007d620e4050b5715dc83f4a921d36ce9ce47d0d13c5d85f2b0ff8318d2877eec2f63b931bd47417a81a538327af927da3e,"Server:Apache/2.4.7 (Ubuntu)
Last-Modified:Thu, 02 Feb 2017 22:24:09 GMT
Date:Mon, 11 May 2026 20:56:53 GMT
Accept-Ranges:bytes
ETag:""1fc-547939fb8b440""
Content-Length:508
Content-Type:image/gif
",c3542cdf07970477cd82086f3e0968a355533cde628c45a2018ac340357b7d2ee35b6e4bf7915290f24a679250722d300985f0ea7b2482b30ac4f8447b2f35c8,200
http://web/,GET,"Cookie:PHPSESSID=aq38o30dsel6tah45jb4oarml7
Accept:text/html,application/xhtml+xml,application/xml;q=0.9,image/avif,image/webp,image/apng,*/*;q=0.8,application/signed-exchange;v=b3;q=0.9
User-Agent:Mozilla/5.0 (X11; Linux x86_64) AppleWebKit/537.36 (KHTML, like Gecko) Chrome/85.0.4183.102 Safari/537.36
Upgrade-Insecure-Requests:1
",cf83e1357eefb8bdf1542850d66d8007d620e4050b5715dc83f4a921d36ce9ce47d0d13c5d85f2b0ff8318d2877eec2f63b931bd47417a81a538327af927da3e,"Keep-Alive:timeout=5, max=3
Server:Apache/2.4.7 (Ubuntu)
Connection:Keep-Alive
Pragma:no-cache
Date:Mon, 11 May 2026 21:01:46 GMT
Cache-Control:no-store, no-cache, must-revalidate, post-check=0, pre-check=0
Content-Encoding:gzip
Vary:Accept-Encoding
Expires:Thu, 19 Nov 1981 08:52:00 GMT
Content-Length:1283
X-Powered-By:PHP/5.5.9-1ubuntu4.29
Content-Type:text/html
",53cda69b5f9d9eff20a4c3794f32dc17baad21aaf5edbbadd6e8a5b03c21565661e04e24b03cdca26d666c51e004be11c10cdc75ae3abf13a5363ae9b7a87b8b,200
http://web/,GET,"Cookie:PHPSESSID=aq38o30dsel6tah45jb4oarml7
Accept:text/html,application/xhtml+xml,application/xml;q=0.9,image/avif,image/webp,image/apng,*/*;q=0.8,application/signed-exchange;v=b3;q=0.9
User-Agent:Mozilla/5.0 (X11; Linux x86_64) AppleWebKit/537.36 (KHTML, like Gecko) Chrome/85.0.4183.102 Safari/537.36
Upgrade-Insecure-Requests:1
",cf83e1357eefb8bdf1542850d66d8007d620e4050b5715dc83f4a921d36ce9ce47d0d13c5d85f2b0ff8318d2877eec2f63b931bd47417a81a538327af927da3e,"Keep-Alive:timeout=5, max=63
Server:Apache/2.4.7 (Ubuntu)
Connection:Keep-Alive
Pragma:no-cache
Date:Mon, 11 May 2026 20:58:33 GMT
Cache-Control:no-store, no-cache, must-revalidate, post-check=0, pre-check=0
Content-Encoding:gzip
Vary:Accept-Encoding
Expires:Thu, 19 Nov 1981 08:52:00 GMT
Content-Length:1284
X-Powered-By:PHP/5.5.9-1ubuntu4.29
Content-Type:text/html
",7b2a1f19ec0b31a93864ab6eda2b5476235074c77be137c959810ca4239d13e89fb8551f2c52547f08b45df7ca6f3f2ab580782b8d77b9162935d93463c0d940,200
http://web/users/login.php,GET,"Cookie:PHPSESSID=aq38o30dsel6tah45jb4oarml7
Accept:text/html,application/xhtml+xml,application/xml;q=0.9,image/avif,image/webp,image/apng,*/*;q=0.8,application/signed-exchange;v=b3;q=0.9
User-Agent:Mozilla/5.0 (X11; Linux x86_64) AppleWebKit/537.36 (KHTML, like Gecko) Chrome/85.0.4183.102 Safari/537.36
Referer:http://web/calendar.php
Upgrade-Insecure-Requests:1
",cf83e1357eefb8bdf1542850d66d8007d620e4050b5715dc83f4a921d36ce9ce47d0d13c5d85f2b0ff8318d2877eec2f63b931bd47417a81a538327af927da3e,"Keep-Alive:timeout=5, max=96
Server:Apache/2.4.7 (Ubuntu)
Connection:Keep-Alive
Pragma:no-cache
Date:Mon, 11 May 2026 20:59:25 GMT
Cache-Control:no-store, no-cache, must-revalidate, post-check=0, pre-check=0
Content-Encoding:gzip
Vary:Accept-Encoding
Expires:Thu, 19 Nov 1981 08:52:00 GMT
Content-Length:977
X-Powered-By:PHP/5.5.9-1ubuntu4.29
Content-Type:text/html
",1d12a1257c5cb060e64d65622568f0819c119cdd26e203ce75db4257003d29fd456125448c0a45a345ada4e8f704d1af9ee75488ed02bab97007706ea8b0b7d7,200
http://web/,GET,"Cookie:PHPSESSID=aq38o30dsel6tah45jb4oarml7
Accept:text/html,application/xhtml+xml,application/xml;q=0.9,image/avif,image/webp,image/apng,*/*;q=0.8,application/signed-exchange;v=b3;q=0.9
User-Agent:Mozilla/5.0 (X11; Linux x86_64) AppleWebKit/537.36 (KHTML, like Gecko) Chrome/85.0.4183.102 Safari/537.36
Upgrade-Insecure-Requests:1
",cf83e1357eefb8bdf1542850d66d8007d620e4050b5715dc83f4a921d36ce9ce47d0d13c5d85f2b0ff8318d2877eec2f63b931bd47417a81a538327af927da3e,"Keep-Alive:timeout=5, max=35
Server:Apache/2.4.7 (Ubuntu)
Connection:Keep-Alive
Pragma:no-cache
Date:Mon, 11 May 2026 21:01:24 GMT
Cache-Control:no-store, no-cache, must-revalidate, post-check=0, pre-check=0
Content-Encoding:gzip
Vary:Accept-Encoding
Expires:Thu, 19 Nov 1981 08:52:00 GMT
Content-Length:1283
X-Powered-By:PHP/5.5.9-1ubuntu4.29
Content-Type:text/html
",6f0c4cd65502415127d6de80ac4def47023b1c02e8022062f4397551007e72c65b677806e875d86b8e4e43daa75968adf33e7f0277d1710f88e382320432e8ac,200
http://web/guestbook.php,GET,"Cookie:PHPSESSID=aq38o30dsel6tah45jb4oarml7
Accept:text/html,application/xhtml+xml,application/xml;q=0.9,image/avif,image/webp,image/apng,*/*;q=0.8,application/signed-exchange;v=b3;q=0.9
User-Agent:Mozilla/5.0 (X11; Linux x86_64) AppleWebKit/537.36 (KHTML, like Gecko) Chrome/85.0.4183.102 Safari/537.36
Referer:http://web/
Upgrade-Insecure-Requests:1
",cf83e1357eefb8bdf1542850d66d8007d620e4050b5715dc83f4a921d36ce9ce47d0d13c5d85f2b0ff8318d2877eec2f63b931bd47417a81a538327af927da3e,"Keep-Alive:timeout=5, max=75
Server:Apache/2.4.7 (Ubuntu)
Connection:Keep-Alive
Pragma:no-cache
Date:Mon, 11 May 2026 20:58:24 GMT
Cache-Control:no-store, no-cache, must-revalidate, post-check=0, pre-check=0
Content-Encoding:gzip
Vary:Accept-Encoding
Expires:Thu, 19 Nov 1981 08:52:00 GMT
Content-Length:1000
X-Powered-By:PHP/5.5.9-1ubuntu4.29
Content-Type:text/html
",569c18171c70902ee0381720ebff453c89a240ec5b879a0fcc84242eb39b3b015536258474af4611608d75476eb8292e6b1c7cbfd5a1a4ac0c0ffc7ca12e2b04,200
http://web/,GET,"Cookie:PHPSESSID=aq38o30dsel6tah45jb4oarml7
Accept:text/html,application/xhtml+xml,application/xml;q=0.9,image/avif,image/webp,image/apng,*/*;q=0.8,application/signed-exchange;v=b3;q=0.9
User-Agent:Mozilla/5.0 (X11; Linux x86_64) AppleWebKit/537.36 (KHTML, like Gecko) Chrome/85.0.4183.102 Safari/537.36
Referer:http://web/
Upgrade-Insecure-Requests:1
",cf83e1357eefb8bdf1542850d66d8007d620e4050b5715dc83f4a921d36ce9ce47d0d13c5d85f2b0ff8318d2877eec2f63b931bd47417a81a538327af927da3e,"Keep-Alive:timeout=5, max=94
Server:Apache/2.4.7 (Ubuntu)
Connection:Keep-Alive
Pragma:no-cache
Date:Mon, 11 May 2026 20:56:57 GMT
Cache-Control:no-store, no-cache, must-revalidate, post-check=0, pre-check=0
Content-Encoding:gzip
Vary:Accept-Encoding
Expires:Thu, 19 Nov 1981 08:52:00 GMT
Content-Length:1284
X-Powered-By:PHP/5.5.9-1ubuntu4.29
Content-Type:text/html
",296d0547e634e541a18f2dafae1c88655542bbc7304f53b8fbdcc7018d85a709e89e780464d1f1444582cb8c9a43543fbb2e65b6ea5b2c6248d8cebaad041469,200
http://web/pictures/view.php?picid=8,GET,"Cookie:PHPSESSID=aq38o30dsel6tah45jb4oarml7
Accept:text/html,application/xhtml+xml,application/xml;q=0.9,image/avif,image/webp,image/apng,*/*;q=0.8,application/signed-exchange;v=b3;q=0.9
User-Agent:Mozilla/5.0 (X11; Linux x86_64) AppleWebKit/537.36 (KHTML, like Gecko) Chrome/85.0.4183.102 Safari/537.36
Referer:http://web/pictures/recent.php
Upgrade-Insecure-Requests:1
",cf83e1357eefb8bdf1542850d66d8007d620e4050b5715dc83f4a921d36ce9ce47d0d13c5d85f2b0ff8318d2877eec2f63b931bd47417a81a538327af927da3e,"Keep-Alive:timeout=5, max=100
Server:Apache/2.4.7 (Ubuntu)
Connection:Keep-Alive
Pragma:no-cache
Date:Mon, 11 May 2026 20:58:05 GMT
Cache-Control:no-store, no-cache, must-revalidate, post-check=0, pre-check=0
Expires:Thu, 19 Nov 1981 08:52:00 GMT
Content-Length:41
X-Powered-By:PHP/5.5.9-1ubuntu4.29
Location:/users/login.php
Content-Type:text/html
",cf83e1357eefb8bdf1542850d66d8007d620e4050b5715dc83f4a921d36ce9ce47d0d13c5d85f2b0ff8318d2877eec2f63b931bd47417a81a538327af927da3e,303
http://web/users/login.php,GET,"Cookie:PHPSESSID=aq38o30dsel6tah45jb4oarml7
Accept:text/html,application/xhtml+xml,application/xml;q=0.9,image/avif,image/webp,image/apng,*/*;q=0.8,application/signed-exchange;v=b3;q=0.9
User-Agent:Mozilla/5.0 (X11; Linux x86_64) AppleWebKit/537.36 (KHTML, like Gecko) Chrome/85.0.4183.102 Safari/537.36
Referer:http://web/pictures/recent.php
Upgrade-Insecure-Requests:1
",cf83e1357eefb8bdf1542850d66d8007d620e4050b5715dc83f4a921d36ce9ce47d0d13c5d85f2b0ff8318d2877eec2f63b931bd47417a81a538327af927da3e,"Keep-Alive:timeout=5, max=95
Server:Apache/2.4.7 (Ubuntu)
Connection:Keep-Alive
Pragma:no-cache
Date:Mon, 11 May 2026 20:58:08 GMT
Cache-Control:no-store, no-cache, must-revalidate, post-check=0, pre-check=0
Content-Encoding:gzip
Vary:Accept-Encoding
Expires:Thu, 19 Nov 1981 08:52:00 GMT
Content-Length:976
X-Powered-By:PHP/5.5.9-1ubuntu4.29
Content-Type:text/html
",5745c936a0fd4167c11d1f9729193be365a00520d75a907eb68cdc8ba6ab8a2ff517a5613a30fa57a2d3ddf52c5dfe08bb89a8d98bd8d001be6c2889d162d385,200
http://web/pictures/recent.php,GET,"Cookie:PHPSESSID=aq38o30dsel6tah45jb4oarml7
Accept:text/html,application/xhtml+xml,application/xml;q=0.9,image/avif,image/webp,image/apng,*/*;q=0.8,application/signed-exchange;v=b3;q=0.9
User-Agent:Mozilla/5.0 (X11; Linux x86_64) AppleWebKit/537.36 (KHTML, like Gecko) Chrome/85.0.4183.102 Safari/537.36
Referer:http://web/
Upgrade-Insecure-Requests:1
",cf83e1357eefb8bdf1542850d66d8007d620e4050b5715dc83f4a921d36ce9ce47d0d13c5d85f2b0ff8318d2877eec2f63b931bd47417a81a538327af927da3e,"Server:Apache/2.4.7 (Ubuntu)
Connection:close
Pragma:no-cache
Date:Mon, 11 May 2026 20:58:05 GMT
Cache-Control:no-store, no-cache, must-revalidate, post-check=0, pre-check=0
Content-Encoding:gzip
Vary:Accept-Encoding
Expires:Thu, 19 Nov 1981 08:52:00 GMT
Content-Length:1088
X-Powered-By:PHP/5.5.9-1ubuntu4.29
Content-Type:text/html
",d56da8aa90677bea8440bde2380336da4eb89daedf17a1eaa8cb0f0d2600306f5ab709b0657f46654a4926221ffaf91e1ea8c67bb8cc8cb419d39c4983c31c01,200
http://web/users/login.php,GET,"Cookie:PHPSESSID=aq38o30dsel6tah45jb4oarml7
Accept:text/html,application/xhtml+xml,application/xml;q=0.9,image/avif,image/webp,image/apng,*/*;q=0.8,application/signed-exchange;v=b3;q=0.9
User-Agent:Mozilla/5.0 (X11; Linux x86_64) AppleWebKit/537.36 (KHTML, like Gecko) Chrome/85.0.4183.102 Safari/537.36
Referer:http://web/users/register.php
Upgrade-Insecure-Requests:1
",cf83e1357eefb8bdf1542850d66d8007d620e4050b5715dc83f4a921d36ce9ce47d0d13c5d85f2b0ff8318d2877eec2f63b931bd47417a81a538327af927da3e,"Keep-Alive:timeout=5, max=51
Server:Apache/2.4.7 (Ubuntu)
Connection:Keep-Alive
Pragma:no-cache
Date:Mon, 11 May 2026 20:58:43 GMT
Cache-Control:no-store, no-cache, must-revalidate, post-check=0, pre-check=0
Content-Encoding:gzip
Vary:Accept-Encoding
Expires:Thu, 19 Nov 1981 08:52:00 GMT
Content-Length:976
X-Powered-By:PHP/5.5.9-1ubuntu4.29
Content-Type:text/html
",81c1d88fbc89cb662e06dc88136f3e9b265babe960cc7d2b7c82b4c8cf1d2fe2000d65a396c11e10df514e47a655f0920be1b34ec04c4c9601ce7f1597554830,200
http://web/pictures/recent.php,GET,"Cookie:PHPSESSID=aq38o30dsel6tah45jb4oarml7
Accept:text/html,application/xhtml+xml,application/xml;q=0.9,image/avif,image/webp,image/apng,*/*;q=0.8,application/signed-exchange;v=b3;q=0.9
User-Agent:Mozilla/5.0 (X11; Linux x86_64) AppleWebKit/537.36 (KHTML, like Gecko) Chrome/85.0.4183.102 Safari/537.36
Referer:http://web/calendar.php?date=1778619625
Upgrade-Insecure-Requests:1
",cf83e1357eefb8bdf1542850d66d8007d620e4050b5715dc83f4a921d36ce9ce47d0d13c5d85f2b0ff8318d2877eec2f63b931bd47417a81a538327af927da3e,"Keep-Alive:timeout=5, max=15
Server:Apache/2.4.7 (Ubuntu)
Connection:Keep-Alive
Pragma:no-cache
Date:Mon, 11 May 2026 21:00:26 GMT
Cache-Control:no-store, no-cache, must-revalidate, post-check=0, pre-check=0
Content-Encoding:gzip
Vary:Accept-Encoding
Expires:Thu, 19 Nov 1981 08:52:00 GMT
Content-Length:1088
X-Powered-By:PHP/5.5.9-1ubuntu4.29
Content-Type:text/html
",2c0438d24b1be435c67759ad6bb994bb7904ca6022c7cc24d3a803f1ce9ecf788fb45d59f83873e89b72fd190c651489361ca3968a84923d2232e9b5ce2a06d9,200
http://web/pictures/view.php?picid=7,GET,"Cookie:PHPSESSID=aq38o30dsel6tah45jb4oarml7
Accept:text/html,application/xhtml+xml,application/xml;q=0.9,image/avif,image/webp,image/apng,*/*;q=0.8,application/signed-exchange;v=b3;q=0.9
User-Agent:Mozilla/5.0 (X11; Linux x86_64) AppleWebKit/537.36 (KHTML, like Gecko) Chrome/85.0.4183.102 Safari/537.36
Referer:http://web/pictures/recent.php
Upgrade-Insecure-Requests:1
",cf83e1357eefb8bdf1542850d66d8007d620e4050b5715dc83f4a921d36ce9ce47d0d13c5d85f2b0ff8318d2877eec2f63b931bd47417a81a538327af927da3e,"Keep-Alive:timeout=5, max=96
Server:Apache/2.4.7 (Ubuntu)
Connection:Keep-Alive
Pragma:no-cache
Date:Mon, 11 May 2026 20:58:08 GMT
Cache-Control:no-store, no-cache, must-revalidate, post-check=0, pre-check=0
Expires:Thu, 19 Nov 1981 08:52:00 GMT
Content-Length:41
X-Powered-By:PHP/5.5.9-1ubuntu4.29
Location:/users/login.php
Content-Type:text/html
",cf83e1357eefb8bdf1542850d66d8007d620e4050b5715dc83f4a921d36ce9ce47d0d13c5d85f2b0ff8318d2877eec2f63b931bd47417a81a538327af927da3e,303
http://web/tos.php,GET,"Cookie:PHPSESSID=aq38o30dsel6tah45jb4oarml7
Accept:text/html,application/xhtml+xml,application/xml;q=0.9,image/avif,image/webp,image/apng,*/*;q=0.8,application/signed-exchange;v=b3;q=0.9
User-Agent:Mozilla/5.0 (X11; Linux x86_64) AppleWebKit/537.36 (KHTML, like Gecko) Chrome/85.0.4183.102 Safari/537.36
Referer:http://web/calendar.php?date=1778706077
Upgrade-Insecure-Requests:1
",cf83e1357eefb8bdf1542850d66d8007d620e4050b5715dc83f4a921d36ce9ce47d0d13c5d85f2b0ff8318d2877eec2f63b931bd47417a81a538327af927da3e,"Keep-Alive:timeout=5, max=43
Server:Apache/2.4.7 (Ubuntu)
Connection:Keep-Alive
Pragma:no-cache
Date:Mon, 11 May 2026 21:01:19 GMT
Cache-Control:no-store, no-cache, must-revalidate, post-check=0, pre-check=0
Content-Encoding:gzip
Vary:Accept-Encoding
Expires:Thu, 19 Nov 1981 08:52:00 GMT
Content-Length:10228
X-Powered-By:PHP/5.5.9-1ubuntu4.29
Content-Type:text/html
",4cd11f8d309cfcfeb9191b37890110f81dad3779b1ebbfc32c2d9eb1d8ad58e8ef8e2530394af6f80d9ecf3370ef74b822cbd1f138536863a064dde41cfc2496,200
http://web/upload/flowers/flweofoee.128_128.jpg,GET,"Cookie:PHPSESSID=aq38o30dsel6tah45jb4oarml7
Accept:image/avif,image/webp,image/apng,image/*,*/*;q=0.8
User-Agent:Mozilla/5.0 (X11; Linux x86_64) AppleWebKit/537.36 (KHTML, like Gecko) Chrome/85.0.4183.102 Safari/537.36
Referer:http://web/pictures/recent.php
",cf83e1357eefb8bdf1542850d66d8007d620e4050b5715dc83f4a921d36ce9ce47d0d13c5d85f2b0ff8318d2877eec2f63b931bd47417a81a538327af927da3e,"Server:Apache/2.4.7 (Ubuntu)
Last-Modified:Thu, 02 Feb 2017 22:24:09 GMT
Date:Mon, 11 May 2026 20:57:04 GMT
Accept-Ranges:bytes
ETag:""3c1d-547939fb8b440""
Content-Length:15389
Content-Type:image/jpeg
",7e129e0bbb863976449db3222dba9d0d4f5eec34568417e96ab615e4f7981ee1790944f510629e1b701ae68b35b272656ced86d6fea3a727adec1063e078f609,200
http://web/,GET,"Cookie:PHPSESSID=aq38o30dsel6tah45jb4oarml7
Accept:text/html,application/xhtml+xml,application/xml;q=0.9,image/avif,image/webp,image/apng,*/*;q=0.8,application/signed-exchange;v=b3;q=0.9
User-Agent:Mozilla/5.0 (X11; Linux x86_64) AppleWebKit/537.36 (KHTML, like Gecko) Chrome/85.0.4183.102 Safari/537.36
Upgrade-Insecure-Requests:1
",cf83e1357eefb8bdf1542850d66d8007d620e4050b5715dc83f4a921d36ce9ce47d0d13c5d85f2b0ff8318d2877eec2f63b931bd47417a81a538327af927da3e,"Keep-Alive:timeout=5, max=10
Server:Apache/2.4.7 (Ubuntu)
Connection:Keep-Alive
Pragma:no-cache
Date:Mon, 11 May 2026 21:01:40 GMT
Cache-Control:no-store, no-cache, must-revalidate, post-check=0, pre-check=0
Content-Encoding:gzip
Vary:Accept-Encoding
Expires:Thu, 19 Nov 1981 08:52:00 GMT
Content-Length:1285
X-Powered-By:PHP/5.5.9-1ubuntu4.29
Content-Type:text/html
",4792f7c950f18dc1df710645b22e4c1cabb124638bd4cb78d7fdf7d47af8abd98f4bc7de4aae41a6970f0034d400134e9b0d4fecc752da9b9610c4c28fcd2619,200
http://web/,GET,"Cookie:PHPSESSID=aq38o30dsel6tah45jb4oarml7
Accept:text/html,application/xhtml+xml,application/xml;q=0.9,image/avif,image/webp,image/apng,*/*;q=0.8,application/signed-exchange;v=b3;q=0.9
User-Agent:Mozilla/5.0 (X11; Linux x86_64) AppleWebKit/537.36 (KHTML, like Gecko) Chrome/85.0.4183.102 Safari/537.36
Upgrade-Insecure-Requests:1
",cf83e1357eefb8bdf1542850d66d8007d620e4050b5715dc83f4a921d36ce9ce47d0d13c5d85f2b0ff8318d2877eec2f63b931bd47417a81a538327af927da3e,"Keep-Alive:timeout=5, max=36
Server:Apache/2.4.7 (Ubuntu)
Connection:Keep-Alive
Pragma:no-cache
Date:Mon, 11 May 2026 21:00:12 GMT
Cache-Control:no-store, no-cache, must-revalidate, post-check=0, pre-check=0
Content-Encoding:gzip
Vary:Accept-Encoding
Expires:Thu, 19 Nov 1981 08:52:00 GMT
Content-Length:1284
X-Powered-By:PHP/5.5.9-1ubuntu4.29
Content-Type:text/html
",a058a1a0736c4262934f2c05338bd8798374cac98e5188930e307ea60ac5343cda207718b19b6b37a653469f8e7227dad4a3592b833275b5e38e38b2a7906dd8,200
http://web/calendar.php?date=1778792489,GET,"Cookie:PHPSESSID=aq38o30dsel6tah45jb4oarml7
Accept:text/html,application/xhtml+xml,application/xml;q=0.9,image/avif,image/webp,image/apng,*/*;q=0.8,application/signed-exchange;v=b3;q=0.9
User-Agent:Mozilla/5.0 (X11; Linux x86_64) AppleWebKit/537.36 (KHTML, like Gecko) Chrome/85.0.4183.102 Safari/537.36
Referer:http://web/calendar.php?date=1778706089
Upgrade-Insecure-Requests:1
",cf83e1357eefb8bdf1542850d66d8007d620e4050b5715dc83f4a921d36ce9ce47d0d13c5d85f2b0ff8318d2877eec2f63b931bd47417a81a538327af927da3e,"Keep-Alive:timeout=5, max=24
Server:Apache/2.4.7 (Ubuntu)
Connection:Keep-Alive
Pragma:no-cache
Date:Mon, 11 May 2026 21:01:31 GMT
Cache-Control:no-store, no-cache, must-revalidate, post-check=0, pre-check=0
Content-Encoding:gzip
Vary:Accept-Encoding
Expires:Thu, 19 Nov 1981 08:52:00 GMT
Content-Length:943
X-Powered-By:PHP/5.5.9-1ubuntu4.29
Content-Type:text/html
",d21aa14de05a21acc2532a44cdbe63531342964bb916d7397136c136cd853b11a981954ec98bebb080dc8fa80ae03f6c9d3fb3b6fe7e222c8efc4438d5a187b1,200
http://web/calendar.php?date=1778619693,GET,"Cookie:PHPSESSID=aq38o30dsel6tah45jb4oarml7
Accept:text/html,application/xhtml+xml,application/xml;q=0.9,image/avif,image/webp,image/apng,*/*;q=0.8,application/signed-exchange;v=b3;q=0.9
User-Agent:Mozilla/5.0 (X11; Linux x86_64) AppleWebKit/537.36 (KHTML, like Gecko) Chrome/85.0.4183.102 Safari/537.36
Referer:http://web/calendar.php
Upgrade-Insecure-Requests:1
",cf83e1357eefb8bdf1542850d66d8007d620e4050b5715dc83f4a921d36ce9ce47d0d13c5d85f2b0ff8318d2877eec2f63b931bd47417a81a538327af927da3e,"Keep-Alive:timeout=5, max=20
Server:Apache/2.4.7 (Ubuntu)
Connection:Keep-Alive
Pragma:no-cache
Date:Mon, 11 May 2026 21:01:34 GMT
Cache-Control:no-store, no-cache, must-revalidate, post-check=0, pre-check=0
Content-Encoding:gzip
Vary:Accept-Encoding
Expires:Thu, 19 Nov 1981 08:52:00 GMT
Content-Length:945
X-Powered-By:PHP/5.5.9-1ubuntu4.29
Content-Type:text/html
",54046563f34bb7eb1aaefaf5f2eb615c8d4320033a335276debc4d648d7bb7a326b2edea23b94fc473b374dbdfa9adac7d249d289b2d9c933705d8432e19b7af,200
http://web/calendar.php,GET,"Cookie:PHPSESSID=aq38o30dsel6tah45jb4oarml7
Accept:text/html,application/xhtml+xml,application/xml;q=0.9,image/avif,image/webp,image/apng,*/*;q=0.8,application/signed-exchange;v=b3;q=0.9
User-Agent:Mozilla/5.0 (X11; Linux x86_64) AppleWebKit/537.36 (KHTML, like Gecko) Chrome/85.0.4183.102 Safari/537.36
Referer:http://web/
Upgrade-Insecure-Requests:1
",cf83e1357eefb8bdf1542850d66d8007d620e4050b5715dc83f4a921d36ce9ce47d0d13c5d85f2b0ff8318d2877eec2f63b931bd47417a81a538327af927da3e,"Keep-Alive:timeout=5, max=2
Server:Apache/2.4.7 (Ubuntu)
Connection:Keep-Alive
Pragma:no-cache
Date:Mon, 11 May 2026 21:01:47 GMT
Cache-Control:no-store, no-cache, must-revalidate, post-check=0, pre-check=0
Content-Encoding:gzip
Vary:Accept-Encoding
Expires:Thu, 19 Nov 1981 08:52:00 GMT
Content-Length:942
X-Powered-By:PHP/5.5.9-1ubuntu4.29
Content-Type:text/html
",ec62c59174b3b2dc717828a22239e2ed8819dae7e91fea51abca43e505250de3f43c2dc10b0936f4baa328de5323cc166bb4c6f125b99fa41ac9440d8f85c37b,200
http://web/,GET,"Cookie:PHPSESSID=aq38o30dsel6tah45jb4oarml7
Accept:text/html,application/xhtml+xml,application/xml;q=0.9,image/avif,image/webp,image/apng,*/*;q=0.8,application/signed-exchange;v=b3;q=0.9
User-Agent:Mozilla/5.0 (X11; Linux x86_64) AppleWebKit/537.36 (KHTML, like Gecko) Chrome/85.0.4183.102 Safari/537.36
Upgrade-Insecure-Requests:1
",cf83e1357eefb8bdf1542850d66d8007d620e4050b5715dc83f4a921d36ce9ce47d0d13c5d85f2b0ff8318d2877eec2f63b931bd47417a81a538327af927da3e,"Keep-Alive:timeout=5, max=76
Server:Apache/2.4.7 (Ubuntu)
Connection:Keep-Alive
Pragma:no-cache
Date:Mon, 11 May 2026 20:58:23 GMT
Cache-Control:no-store, no-cache, must-revalidate, post-check=0, pre-check=0
Content-Encoding:gzip
Vary:Accept-Encoding
Expires:Thu, 19 Nov 1981 08:52:00 GMT
Content-Length:1284
X-Powered-By:PHP/5.5.9-1ubuntu4.29
Content-Type:text/html
",037f512c0ecfa2b5b3db7929c4b7e89198fbbf969a6e0ed383121bc9a71700d247318d2e52f44a3439fef57f112feb69eea92cd95e560e1fd9ccda697c09be3e,200
http://web/users/home.php,GET,"Cookie:PHPSESSID=aq38o30dsel6tah45jb4oarml7
Accept:text/html,application/xhtml+xml,application/xml;q=0.9,image/avif,image/webp,image/apng,*/*;q=0.8,application/signed-exchange;v=b3;q=0.9
User-Agent:Mozilla/5.0 (X11; Linux x86_64) AppleWebKit/537.36 (KHTML, like Gecko) Chrome/85.0.4183.102 Safari/537.36
Referer:http://web/users/login.php
Upgrade-Insecure-Requests:1
",cf83e1357eefb8bdf1542850d66d8007d620e4050b5715dc83f4a921d36ce9ce47d0d13c5d85f2b0ff8318d2877eec2f63b931bd47417a81a538327af927da3e,"Keep-Alive:timeout=5, max=88
Server:Apache/2.4.7 (Ubuntu)
Connection:Keep-Alive
Pragma:no-cache
Date:Mon, 11 May 2026 20:57:02 GMT
Cache-Control:no-store, no-cache, must-revalidate, post-check=0, pre-check=0
Expires:Thu, 19 Nov 1981 08:52:00 GMT
Content-Length:41
X-Powered-By:PHP/5.5.9-1ubuntu4.29
Location:/users/login.php
Content-Type:text/html
",cf83e1357eefb8bdf1542850d66d8007d620e4050b5715dc83f4a921d36ce9ce47d0d13c5d85f2b0ff8318d2877eec2f63b931bd47417a81a538327af927da3e,303
http://web/,GET,"Cookie:PHPSESSID=aq38o30dsel6tah45jb4oarml7
Accept:text/html,application/xhtml+xml,application/xml;q=0.9,image/avif,image/webp,image/apng,*/*;q=0.8,application/signed-exchange;v=b3;q=0.9
User-Agent:Mozilla/5.0 (X11; Linux x86_64) AppleWebKit/537.36 (KHTML, like Gecko) Chrome/85.0.4183.102 Safari/537.36
Referer:http://web/pictures/recent.php
Upgrade-Insecure-Requests:1
",cf83e1357eefb8bdf1542850d66d8007d620e4050b5715dc83f4a921d36ce9ce47d0d13c5d85f2b0ff8318d2877eec2f63b931bd47417a81a538327af927da3e,"Keep-Alive:timeout=5, max=81
Server:Apache/2.4.7 (Ubuntu)
Connection:Keep-Alive
Pragma:no-cache
Date:Mon, 11 May 2026 20:57:05 GMT
Cache-Control:no-store, no-cache, must-revalidate, post-check=0, pre-check=0
Content-Encoding:gzip
Vary:Accept-Encoding
Expires:Thu, 19 Nov 1981 08:52:00 GMT
Content-Length:1283
X-Powered-By:PHP/5.5.9-1ubuntu4.29
Content-Type:text/html
",24556bafee47d995d62495d3bed294378503f0759758cb19042e2e258914a2474da3df23e6ca99d62a052ef7cda5a9ccab6a3fd8b256b873485c87f8fbf5a8cd,200
http://web/calendar.php,GET,"Cookie:PHPSESSID=aq38o30dsel6tah45jb4oarml7
Accept:text/html,application/xhtml+xml,application/xml;q=0.9,image/avif,image/webp,image/apng,*/*;q=0.8,application/signed-exchange;v=b3;q=0.9
User-Agent:Mozilla/5.0 (X11; Linux x86_64) AppleWebKit/537.36 (KHTML, like Gecko) Chrome/85.0.4183.102 Safari/537.36
Referer:http://web/
Upgrade-Insecure-Requests:1
",cf83e1357eefb8bdf1542850d66d8007d620e4050b5715dc83f4a921d36ce9ce47d0d13c5d85f2b0ff8318d2877eec2f63b931bd47417a81a538327af927da3e,"Keep-Alive:timeout=5, max=34
Server:Apache/2.4.7 (Ubuntu)
Connection:Keep-Alive
Pragma:no-cache
Date:Mon, 11 May 2026 21:01:24 GMT
Cache-Control:no-store, no-cache, must-revalidate, post-check=0, pre-check=0
Content-Encoding:gzip
Vary:Accept-Encoding
Expires:Thu, 19 Nov 1981 08:52:00 GMT
Content-Length:943
X-Powered-By:PHP/5.5.9-1ubuntu4.29
Content-Type:text/html
",db117eb16bdf15d756dc0817c628f12406256a20c1db674b6338336cc3463843d5b1fb019163ed10a2be77c8a1eadd54c3e258a7ea26bdc6e8e9a0fb5f19bf3c,200
http://web/,GET,"Cookie:PHPSESSID=aq38o30dsel6tah45jb4oarml7
Accept:text/html,application/xhtml+xml,application/xml;q=0.9,image/avif,image/webp,image/apng,*/*;q=0.8,application/signed-exchange;v=b3;q=0.9
User-Agent:Mozilla/5.0 (X11; Linux x86_64) AppleWebKit/537.36 (KHTML, like Gecko) Chrome/85.0.4183.102 Safari/537.36
Upgrade-Insecure-Requests:1
",cf83e1357eefb8bdf1542850d66d8007d620e4050b5715dc83f4a921d36ce9ce47d0d13c5d85f2b0ff8318d2877eec2f63b931bd47417a81a538327af927da3e,"Keep-Alive:timeout=5, max=94
Server:Apache/2.4.7 (Ubuntu)
Connection:Keep-Alive
Pragma:no-cache
Date:Mon, 11 May 2026 21:00:43 GMT
Cache-Control:no-store, no-cache, must-revalidate, post-check=0, pre-check=0
Content-Encoding:gzip
Vary:Accept-Encoding
Expires:Thu, 19 Nov 1981 08:52:00 GMT
Content-Length:1284
X-Powered-By:PHP/5.5.9-1ubuntu4.29
Content-Type:text/html
",31147757a51549f8e720d868c5b153d6ac01b02a60988c7f521b22fcebe3dab8e0fd4b3f1dd02738482ecc8fd96d6fbc1558ddec9a372546b270cc3d176ba658,200
http://web/tos.php,GET,"Cookie:PHPSESSID=aq38o30dsel6tah45jb4oarml7
Accept:text/html,application/xhtml+xml,application/xml;q=0.9,image/avif,image/webp,image/apng,*/*;q=0.8,application/signed-exchange;v=b3;q=0.9
User-Agent:Mozilla/5.0 (X11; Linux x86_64) AppleWebKit/537.36 (KHTML, like Gecko) Chrome/85.0.4183.102 Safari/537.36
Referer:http://web/calendar.php?date=1778619644
Upgrade-Insecure-Requests:1
",cf83e1357eefb8bdf1542850d66d8007d620e4050b5715dc83f4a921d36ce9ce47d0d13c5d85f2b0ff8318d2877eec2f63b931bd47417a81a538327af927da3e,"Keep-Alive:timeout=5, max=91
Server:Apache/2.4.7 (Ubuntu)
Connection:Keep-Alive
Pragma:no-cache
Date:Mon, 11 May 2026 21:00:45 GMT
Cache-Control:no-store, no-cache, must-revalidate, post-check=0, pre-check=0
Content-Encoding:gzip
Vary:Accept-Encoding
Expires:Thu, 19 Nov 1981 08:52:00 GMT
Content-Length:10228
X-Powered-By:PHP/5.5.9-1ubuntu4.29
Content-Type:text/html
",b428938ddb86f6010091caa4f2f9ecd32dae2857ccad62c105a77eb93e352106db3ee48e14c1e0ce9d4185934263b2741c3b9c32b5575283659a7ac5b41897ab,200
http://web/calendar.php,GET,"Cookie:PHPSESSID=aq38o30dsel6tah45jb4oarml7
Accept:text/html,application/xhtml+xml,application/xml;q=0.9,image/avif,image/webp,image/apng,*/*;q=0.8,application/signed-exchange;v=b3;q=0.9
User-Agent:Mozilla/5.0 (X11; Linux x86_64) AppleWebKit/537.36 (KHTML, like Gecko) Chrome/85.0.4183.102 Safari/537.36
Referer:http://web/
Upgrade-Insecure-Requests:1
",cf83e1357eefb8bdf1542850d66d8007d620e4050b5715dc83f4a921d36ce9ce47d0d13c5d85f2b0ff8318d2877eec2f63b931bd47417a81a538327af927da3e,"Keep-Alive:timeout=5, max=46
Server:Apache/2.4.7 (Ubuntu)
Connection:Keep-Alive
Pragma:no-cache
Date:Mon, 11 May 2026 21:01:17 GMT
Cache-Control:no-store, no-cache, must-revalidate, post-check=0, pre-check=0
Content-Encoding:gzip
Vary:Accept-Encoding
Expires:Thu, 19 Nov 1981 08:52:00 GMT
Content-Length:944
X-Powered-By:PHP/5.5.9-1ubuntu4.29
Content-Type:text/html
",0fe0b1fdeb8c79c7eac22b1d00a5d555f1579ba96a1bd96657a9a6a2f28ba51cdbb4df0d9d1807ffdb802295f1631c7cafabbd2572be3ac6fb3a685867a8519c,200
http://web/calendar.php?date=1778792497,GET,"Cookie:PHPSESSID=aq38o30dsel6tah45jb4oarml7
Accept:text/html,application/xhtml+xml,application/xml;q=0.9,image/avif,image/webp,image/apng,*/*;q=0.8,application/signed-exchange;v=b3;q=0.9
User-Agent:Mozilla/5.0 (X11; Linux x86_64) AppleWebKit/537.36 (KHTML, like Gecko) Chrome/85.0.4183.102 Safari/537.36
Referer:http://web/calendar.php?date=1778706097
Upgrade-Insecure-Requests:1
",cf83e1357eefb8bdf1542850d66d8007d620e4050b5715dc83f4a921d36ce9ce47d0d13c5d85f2b0ff8318d2877eec2f63b931bd47417a81a538327af927da3e,"Keep-Alive:timeout=5, max=12
Server:Apache/2.4.7 (Ubuntu)
Connection:Keep-Alive
Pragma:no-cache
Date:Mon, 11 May 2026 21:01:39 GMT
Cache-Control:no-store, no-cache, must-revalidate, post-check=0, pre-check=0
Content-Encoding:gzip
Vary:Accept-Encoding
Expires:Thu, 19 Nov 1981 08:52:00 GMT
Content-Length:945
X-Powered-By:PHP/5.5.9-1ubuntu4.29
Content-Type:text/html
",a2d8a43262db6c0bfd7daa2668f59a5a41dedee51c263197613ecee2f05a737e4e9e262c1b006d954f621a8b0f28ff0b6621aeea35eda8edc63b0974544675c7,200
http://web/,GET,"Cookie:PHPSESSID=aq38o30dsel6tah45jb4oarml7
Accept:text/html,application/xhtml+xml,application/xml;q=0.9,image/avif,image/webp,image/apng,*/*;q=0.8,application/signed-exchange;v=b3;q=0.9
User-Agent:Mozilla/5.0 (X11; Linux x86_64) AppleWebKit/537.36 (KHTML, like Gecko) Chrome/85.0.4183.102 Safari/537.36
Upgrade-Insecure-Requests:1
",cf83e1357eefb8bdf1542850d66d8007d620e4050b5715dc83f4a921d36ce9ce47d0d13c5d85f2b0ff8318d2877eec2f63b931bd47417a81a538327af927da3e,"Keep-Alive:timeout=5, max=6
Server:Apache/2.4.7 (Ubuntu)
Connection:Keep-Alive
Pragma:no-cache
Date:Mon, 11 May 2026 20:59:18 GMT
Cache-Control:no-store, no-cache, must-revalidate, post-check=0, pre-check=0
Content-Encoding:gzip
Vary:Accept-Encoding
Expires:Thu, 19 Nov 1981 08:52:00 GMT
Content-Length:1285
X-Powered-By:PHP/5.5.9-1ubuntu4.29
Content-Type:text/html
",36862abf6e8d941056312120f85c012381ea60b7264d373b99bfbc1cb959adeeff98fbda02f8a92d409b471b4470b1052c44ebf1fcdd539ede44542a5f9df32e,200
http://web/,GET,"Cookie:PHPSESSID=aq38o30dsel6tah45jb4oarml7
Accept:text/html,application/xhtml+xml,application/xml;q=0.9,image/avif,image/webp,image/apng,*/*;q=0.8,application/signed-exchange;v=b3;q=0.9
User-Agent:Mozilla/5.0 (X11; Linux x86_64) AppleWebKit/537.36 (KHTML, like Gecko) Chrome/85.0.4183.102 Safari/537.36
Upgrade-Insecure-Requests:1
",cf83e1357eefb8bdf1542850d66d8007d620e4050b5715dc83f4a921d36ce9ce47d0d13c5d85f2b0ff8318d2877eec2f63b931bd47417a81a538327af927da3e,"Keep-Alive:timeout=5, max=38
Server:Apache/2.4.7 (Ubuntu)
Connection:Keep-Alive
Pragma:no-cache
Date:Mon, 11 May 2026 20:57:40 GMT
Cache-Control:no-store, no-cache, must-revalidate, post-check=0, pre-check=0
Content-Encoding:gzip
Vary:Accept-Encoding
Expires:Thu, 19 Nov 1981 08:52:00 GMT
Content-Length:1284
X-Powered-By:PHP/5.5.9-1ubuntu4.29
Content-Type:text/html
",a3e5a2f58ee44ee3c99e0d09cbfd123a7c016355d1ad06140ae28bf8c551c0a0dee65f691918a0096c5e7ec2fb96c14dd47720ae2054ae35f494109760b60157,200
http://web/calendar.php?date=1778619622,GET,"Cookie:PHPSESSID=aq38o30dsel6tah45jb4oarml7
Accept:text/html,application/xhtml+xml,application/xml;q=0.9,image/avif,image/webp,image/apng,*/*;q=0.8,application/signed-exchange;v=b3;q=0.9
User-Agent:Mozilla/5.0 (X11; Linux x86_64) AppleWebKit/537.36 (KHTML, like Gecko) Chrome/85.0.4183.102 Safari/537.36
Referer:http://web/calendar.php
Upgrade-Insecure-Requests:1
",cf83e1357eefb8bdf1542850d66d8007d620e4050b5715dc83f4a921d36ce9ce47d0d13c5d85f2b0ff8318d2877eec2f63b931bd47417a81a538327af927da3e,"Keep-Alive:timeout=5, max=21
Server:Apache/2.4.7 (Ubuntu)
Connection:Keep-Alive
Pragma:no-cache
Date:Mon, 11 May 2026 21:00:23 GMT
Cache-Control:no-store, no-cache, must-revalidate, post-check=0, pre-check=0
Content-Encoding:gzip
Vary:Accept-Encoding
Expires:Thu, 19 Nov 1981 08:52:00 GMT
Content-Length:944
X-Powered-By:PHP/5.5.9-1ubuntu4.29
Content-Type:text/html
",c259c64e229e0776751bb0fdbb03386903db08d06b7e853d5b060607abc6da3fb1f3cf71d73047b84380fdb7586eda72052d736d4780881e47b41a966a419baf,200
http://web/,GET,"Cookie:PHPSESSID=aq38o30dsel6tah45jb4oarml7
Accept:text/html,application/xhtml+xml,application/xml;q=0.9,image/avif,image/webp,image/apng,*/*;q=0.8,application/signed-exchange;v=b3;q=0.9
User-Agent:Mozilla/5.0 (X11; Linux x86_64) AppleWebKit/537.36 (KHTML, like Gecko) Chrome/85.0.4183.102 Safari/537.36
Upgrade-Insecure-Requests:1
",cf83e1357eefb8bdf1542850d66d8007d620e4050b5715dc83f4a921d36ce9ce47d0d13c5d85f2b0ff8318d2877eec2f63b931bd47417a81a538327af927da3e,"Keep-Alive:timeout=5, max=50
Server:Apache/2.4.7 (Ubuntu)
Connection:Keep-Alive
Pragma:no-cache
Date:Mon, 11 May 2026 20:58:44 GMT
Cache-Control:no-store, no-cache, must-revalidate, post-check=0, pre-check=0
Content-Encoding:gzip
Vary:Accept-Encoding
Expires:Thu, 19 Nov 1981 08:52:00 GMT
Content-Length:1284
X-Powered-By:PHP/5.5.9-1ubuntu4.29
Content-Type:text/html
",02e9ed90e8ee8fd9fc2e23e684849723e720f73afd675f074ceb9ff6a03cf9856b0f7132b9638bb8ae4de11108397b99394feee8f4caf062098c0abece26795c,200
http://web/calendar.php?date=1778792484,GET,"Cookie:PHPSESSID=aq38o30dsel6tah45jb4oarml7
Accept:text/html,application/xhtml+xml,application/xml;q=0.9,image/avif,image/webp,image/apng,*/*;q=0.8,application/signed-exchange;v=b3;q=0.9
User-Agent:Mozilla/5.0 (X11; Linux x86_64) AppleWebKit/537.36 (KHTML, like Gecko) Chrome/85.0.4183.102 Safari/537.36
Referer:http://web/calendar.php?date=1778706084
Upgrade-Insecure-Requests:1
",cf83e1357eefb8bdf1542850d66d8007d620e4050b5715dc83f4a921d36ce9ce47d0d13c5d85f2b0ff8318d2877eec2f63b931bd47417a81a538327af927da3e,"Keep-Alive:timeout=5, max=31
Server:Apache/2.4.7 (Ubuntu)
Connection:Keep-Alive
Pragma:no-cache
Date:Mon, 11 May 2026 21:01:26 GMT
Cache-Control:no-store, no-cache, must-revalidate, post-check=0, pre-check=0
Content-Encoding:gzip
Vary:Accept-Encoding
Expires:Thu, 19 Nov 1981 08:52:00 GMT
Content-Length:945
X-Powered-By:PHP/5.5.9-1ubuntu4.29
Content-Type:text/html
",ac04349efcae327bbe19c77e34e7f55f6b89b46b08e35e8f0c9ccbec941f5a43337ab30d64c9ea16e297aa30d8d2cfdbf09be29bfc3250f9a716331e42af2585,200
http://web/users/register.php,GET,"Cookie:PHPSESSID=aq38o30dsel6tah45jb4oarml7
Accept:text/html,application/xhtml+xml,application/xml;q=0.9,image/avif,image/webp,image/apng,*/*;q=0.8,application/signed-exchange;v=b3;q=0.9
User-Agent:Mozilla/5.0 (X11; Linux x86_64) AppleWebKit/537.36 (KHTML, like Gecko) Chrome/85.0.4183.102 Safari/537.36
Referer:http://web/
Upgrade-Insecure-Requests:1
",cf83e1357eefb8bdf1542850d66d8007d620e4050b5715dc83f4a921d36ce9ce47d0d13c5d85f2b0ff8318d2877eec2f63b931bd47417a81a538327af927da3e,"Keep-Alive:timeout=5, max=47
Server:Apache/2.4.7 (Ubuntu)
Connection:Keep-Alive
Pragma:no-cache
Date:Mon, 11 May 2026 21:00:03 GMT
Cache-Control:no-store, no-cache, must-revalidate, post-check=0, pre-check=0
Content-Encoding:gzip
Vary:Accept-Encoding
Expires:Thu, 19 Nov 1981 08:52:00 GMT
Content-Length:1101
X-Powered-By:PHP/5.5.9-1ubuntu4.29
Content-Type:text/html
",613b2ef027d97428f0516de3e87941a7e1e5344483d3d2cff3dd2a1206d851f12cbd9da029dadb381e0f3041ba11c7886fcd2500b33ed029f1f388089148a343,200
http://web/favicon.ico,GET,"Cookie:PHPSESSID=aq38o30dsel6tah45jb4oarml7
Accept:image/avif,image/webp,image/apng,image/*,*/*;q=0.8
User-Agent:Mozilla/5.0 (X11; Linux x86_64) AppleWebKit/537.36 (KHTML, like Gecko) Chrome/85.0.4183.102 Safari/537.36
Referer:http://web/
",cf83e1357eefb8bdf1542850d66d8007d620e4050b5715dc83f4a921d36ce9ce47d0d13c5d85f2b0ff8318d2877eec2f63b931bd47417a81a538327af927da3e,"Keep-Alive:timeout=5, max=96
Server:Apache/2.4.7 (Ubuntu)
Connection:Keep-Alive
Date:Mon, 11 May 2026 20:56:53 GMT
Content-Length:277
Content-Type:text/html; charset=iso-8859-1
",7cda8cf4cc94218cf444e131839ad94dc4c4fe0fa9124de62f58b4de30050c4523a5aa7427bf6f1c227a2f180045b7abaeb83f0fe4df11846cc2e684578ac6a7,404
http://web/css/stylings.css,GET,"Cookie:PHPSESSID=aq38o30dsel6tah45jb4oarml7
Accept:text/css,*/*;q=0.1
User-Agent:Mozilla/5.0 (X11; Linux x86_64) AppleWebKit/537.36 (KHTML, like Gecko) Chrome/85.0.4183.102 Safari/537.36
Referer:http://web/users/login.php
",cf83e1357eefb8bdf1542850d66d8007d620e4050b5715dc83f4a921d36ce9ce47d0d13c5d85f2b0ff8318d2877eec2f63b931bd47417a81a538327af927da3e,"Server:Apache/2.4.7 (Ubuntu)
Last-Modified:Thu, 02 Feb 2017 22:24:09 GMT
Date:Mon, 11 May 2026 20:56:53 GMT
Accept-Ranges:bytes
ETag:""c29-547939fb8b440-gzip""
Content-Encoding:gzip
Vary:Accept-Encoding
Content-Length:838
Content-Type:text/css
",e6142d743628221ad60b6d12a0b444a077ed8ede2504b511ffffde908ffe459f09875b3901f9a63ec228906521c445248f9277e14f591205808d8dfc200df823,200
http://web/users/home.php,GET,"Cookie:PHPSESSID=aq38o30dsel6tah45jb4oarml7
Accept:text/html,application/xhtml+xml,application/xml;q=0.9,image/avif,image/webp,image/apng,*/*;q=0.8,application/signed-exchange;v=b3;q=0.9
User-Agent:Mozilla/5.0 (X11; Linux x86_64) AppleWebKit/537.36 (KHTML, like Gecko) Chrome/85.0.4183.102 Safari/537.36
Referer:http://web/tos.php
Upgrade-Insecure-Requests:1
",cf83e1357eefb8bdf1542850d66d8007d620e4050b5715dc83f4a921d36ce9ce47d0d13c5d85f2b0ff8318d2877eec2f63b931bd47417a81a538327af927da3e,"Keep-Alive:timeout=5, max=45
Server:Apache/2.4.7 (Ubuntu)
Connection:Keep-Alive
Pragma:no-cache
Date:Mon, 11 May 2026 20:57:35 GMT
Cache-Control:no-store, no-cache, must-revalidate, post-check=0, pre-check=0
Expires:Thu, 19 Nov 1981 08:52:00 GMT
Content-Length:41
X-Powered-By:PHP/5.5.9-1ubuntu4.29
Location:/users/login.php
Content-Type:text/html
",cf83e1357eefb8bdf1542850d66d8007d620e4050b5715dc83f4a921d36ce9ce47d0d13c5d85f2b0ff8318d2877eec2f63b931bd47417a81a538327af927da3e,303
http://web/css/blueprint/screen.css,GET,"Cookie:PHPSESSID=aq38o30dsel6tah45jb4oarml7
Accept:text/css,*/*;q=0.1
User-Agent:Mozilla/5.0 (X11; Linux x86_64) AppleWebKit/537.36 (KHTML, like Gecko) Chrome/85.0.4183.102 Safari/537.36
Referer:http://web/calendar.php
",cf83e1357eefb8bdf1542850d66d8007d620e4050b5715dc83f4a921d36ce9ce47d0d13c5d85f2b0ff8318d2877eec2f63b931bd47417a81a538327af927da3e,"Server:Apache/2.4.7 (Ubuntu)
Last-Modified:Thu, 02 Feb 2017 22:24:09 GMT
Date:Mon, 11 May 2026 20:56:53 GMT
Accept-Ranges:bytes
ETag:""24c7-547939fb8b440-gzip""
Content-Encoding:gzip
Vary:Accept-Encoding
Content-Length:2682
Content-Type:text/css
",c0995dbb8c323ef465d8cc5d7b640b1a5435beb529b0c6e55594b1c0f3db66e859d23f70cfe8d93285234e722d677fca7c8887bee81a636881b2f91f221f976e,200
http://web/passcheck.php,GET,"Cookie:PHPSESSID=aq38o30dsel6tah45jb4oarml7
Accept:text/html,application/xhtml+xml,application/xml;q=0.9,image/avif,image/webp,image/apng,*/*;q=0.8,application/signed-exchange;v=b3;q=0.9
User-Agent:Mozilla/5.0 (X11; Linux x86_64) AppleWebKit/537.36 (KHTML, like Gecko) Chrome/85.0.4183.102 Safari/537.36
Referer:http://web/users/register.php
Upgrade-Insecure-Requests:1
",cf83e1357eefb8bdf1542850d66d8007d620e4050b5715dc83f4a921d36ce9ce47d0d13c5d85f2b0ff8318d2877eec2f63b931bd47417a81a538327af927da3e,"Keep-Alive:timeout=5, max=42
Server:Apache/2.4.7 (Ubuntu)
Connection:Keep-Alive
Pragma:no-cache
Date:Mon, 11 May 2026 21:00:07 GMT
Cache-Control:no-store, no-cache, must-revalidate, post-check=0, pre-check=0
Content-Encoding:gzip
Vary:Accept-Encoding
Expires:Thu, 19 Nov 1981 08:52:00 GMT
Content-Length:928
X-Powered-By:PHP/5.5.9-1ubuntu4.29
Content-Type:text/html
",a460c7e0e0f071c1b0aebe9e5ab22bb92bd6c9f984f1a05c76db23f375853e0286d392a14110bef29140370f7b5558b2990eaeb5bef5fb641f29ce285d20806f,200
http://web/users/register.php,GET,"Cookie:PHPSESSID=aq38o30dsel6tah45jb4oarml7
Accept:text/html,application/xhtml+xml,application/xml;q=0.9,image/avif,image/webp,image/apng,*/*;q=0.8,application/signed-exchange;v=b3;q=0.9
User-Agent:Mozilla/5.0 (X11; Linux x86_64) AppleWebKit/537.36 (KHTML, like Gecko) Chrome/85.0.4183.102 Safari/537.36
Referer:http://web/
Upgrade-Insecure-Requests:1
",cf83e1357eefb8bdf1542850d66d8007d620e4050b5715dc83f4a921d36ce9ce47d0d13c5d85f2b0ff8318d2877eec2f63b931bd47417a81a538327af927da3e,"Keep-Alive:timeout=5, max=31
Server:Apache/2.4.7 (Ubuntu)
Connection:Keep-Alive
Pragma:no-cache
Date:Mon, 11 May 2026 21:00:16 GMT
Cache-Control:no-store, no-cache, must-revalidate, post-check=0, pre-check=0
Content-Encoding:gzip
Vary:Accept-Encoding
Expires:Thu, 19 Nov 1981 08:52:00 GMT
Content-Length:1101
X-Powered-By:PHP/5.5.9-1ubuntu4.29
Content-Type:text/html
",6d67eaa33d558bd0b690f5339767f3b2f732ba418d33f9ba4966435c24ed53d8dc4a2c71b2b215da5d8d0f36a1969b0fdfa8eecc7984c83b18d4c1a3d8a562ca,200
http://web/calendar.php,GET,"Cookie:PHPSESSID=aq38o30dsel6tah45jb4oarml7
Accept:text/html,application/xhtml+xml,application/xml;q=0.9,image/avif,image/webp,image/apng,*/*;q=0.8,application/signed-exchange;v=b3;q=0.9
User-Agent:Mozilla/5.0 (X11; Linux x86_64) AppleWebKit/537.36 (KHTML, like Gecko) Chrome/85.0.4183.102 Safari/537.36
Referer:http://web/
Upgrade-Insecure-Requests:1
",cf83e1357eefb8bdf1542850d66d8007d620e4050b5715dc83f4a921d36ce9ce47d0d13c5d85f2b0ff8318d2877eec2f63b931bd47417a81a538327af927da3e,"Keep-Alive:timeout=5, max=78
Server:Apache/2.4.7 (Ubuntu)
Connection:Keep-Alive
Pragma:no-cache
Date:Mon, 11 May 2026 20:59:40 GMT
Cache-Control:no-store, no-cache, must-revalidate, post-check=0, pre-check=0
Content-Encoding:gzip
Vary:Accept-Encoding
Expires:Thu, 19 Nov 1981 08:52:00 GMT
Content-Length:945
X-Powered-By:PHP/5.5.9-1ubuntu4.29
Content-Type:text/html
",7e35a7d4d91349e23c8c783dec60793ca9718cde9df6f679fa680469f6bbb351b8b0c763fd3ecf2a7978c549ec19df3fc1f7797808d8085653fc6662b6cf79c3,200
http://web/users/login.php,GET,"Cookie:PHPSESSID=aq38o30dsel6tah45jb4oarml7
Accept:text/html,application/xhtml+xml,application/xml;q=0.9,image/avif,image/webp,image/apng,*/*;q=0.8,application/signed-exchange;v=b3;q=0.9
User-Agent:Mozilla/5.0 (X11; Linux x86_64) AppleWebKit/537.36 (KHTML, like Gecko) Chrome/85.0.4183.102 Safari/537.36
Referer:http://web/pictures/recent.php
Upgrade-Insecure-Requests:1
",cf83e1357eefb8bdf1542850d66d8007d620e4050b5715dc83f4a921d36ce9ce47d0d13c5d85f2b0ff8318d2877eec2f63b931bd47417a81a538327af927da3e,"Keep-Alive:timeout=5, max=30
Server:Apache/2.4.7 (Ubuntu)
Connection:Keep-Alive
Pragma:no-cache
Date:Mon, 11 May 2026 20:57:46 GMT
Cache-Control:no-store, no-cache, must-revalidate, post-check=0, pre-check=0
Content-Encoding:gzip
Vary:Accept-Encoding
Expires:Thu, 19 Nov 1981 08:52:00 GMT
Content-Length:976
X-Powered-By:PHP/5.5.9-1ubuntu4.29
Content-Type:text/html
",911d188eee882ad4cf204667a8e04c7fb0ac9f49817042c816e7bb6c58a3982c9122205af355707d3e68e0fd48bd5861ab634cd472a418c553f880b74f0f3b9f,200
http://web/images/menu/menu_tabs.gif,GET,"Cookie:PHPSESSID=aq38o30dsel6tah45jb4oarml7
Accept:image/avif,image/webp,image/apng,image/*,*/*;q=0.8
User-Agent:Mozilla/5.0 (X11; Linux x86_64) AppleWebKit/537.36 (KHTML, like Gecko) Chrome/85.0.4183.102 Safari/537.36
Referer:http://web/css/stylings.css
",cf83e1357eefb8bdf1542850d66d8007d620e4050b5715dc83f4a921d36ce9ce47d0d13c5d85f2b0ff8318d2877eec2f63b931bd47417a81a538327af927da3e,"Server:Apache/2.4.7 (Ubuntu)
Last-Modified:Thu, 02 Feb 2017 22:24:09 GMT
Date:Mon, 11 May 2026 20:56:53 GMT
Accept-Ranges:bytes
ETag:""f78-547939fb8b440""
Content-Length:3960
Content-Type:image/gif
",3eb49ef7e8e7e02a1bff29ac33707f5a473495974c0f3cc1937f03198075c0d2b0aaf7f2937030c43b34c560f19c5c6502345d5af0ac36b7e66d8deea4ef55d4,200
http://web/calendar.php?date=1778706047,GET,"Cookie:PHPSESSID=aq38o30dsel6tah45jb4oarml7
Accept:text/html,application/xhtml+xml,application/xml;q=0.9,image/avif,image/webp,image/apng,*/*;q=0.8,application/signed-exchange;v=b3;q=0.9
User-Agent:Mozilla/5.0 (X11; Linux x86_64) AppleWebKit/537.36 (KHTML, like Gecko) Chrome/85.0.4183.102 Safari/537.36
Referer:http://web/calendar.php?date=1778619647
Upgrade-Insecure-Requests:1
",cf83e1357eefb8bdf1542850d66d8007d620e4050b5715dc83f4a921d36ce9ce47d0d13c5d85f2b0ff8318d2877eec2f63b931bd47417a81a538327af927da3e,"Keep-Alive:timeout=5, max=87
Server:Apache/2.4.7 (Ubuntu)
Connection:Keep-Alive
Pragma:no-cache
Date:Mon, 11 May 2026 21:00:48 GMT
Cache-Control:no-store, no-cache, must-revalidate, post-check=0, pre-check=0
Content-Encoding:gzip
Vary:Accept-Encoding
Expires:Thu, 19 Nov 1981 08:52:00 GMT
Content-Length:946
X-Powered-By:PHP/5.5.9-1ubuntu4.29
Content-Type:text/html
",e829972020f7e9e002fdb033331f298afc76e2c7baabe3b5fb37b77c3c1ab3d423fa601de3ef40a4e159d54ba1f33aa23dcb53594d9a928c5d3940391707a116,200
http://web/calendar.php?date=1778792465,GET,"Cookie:PHPSESSID=aq38o30dsel6tah45jb4oarml7
Accept:text/html,application/xhtml+xml,application/xml;q=0.9,image/avif,image/webp,image/apng,*/*;q=0.8,application/signed-exchange;v=b3;q=0.9
User-Agent:Mozilla/5.0 (X11; Linux x86_64) AppleWebKit/537.36 (KHTML, like Gecko) Chrome/85.0.4183.102 Safari/537.36
Referer:http://web/calendar.php?date=1778706065
Upgrade-Insecure-Requests:1
",cf83e1357eefb8bdf1542850d66d8007d620e4050b5715dc83f4a921d36ce9ce47d0d13c5d85f2b0ff8318d2877eec2f63b931bd47417a81a538327af927da3e,"Keep-Alive:timeout=5, max=59
Server:Apache/2.4.7 (Ubuntu)
Connection:Keep-Alive
Pragma:no-cache
Date:Mon, 11 May 2026 21:01:07 GMT
Cache-Control:no-store, no-cache, must-revalidate, post-check=0, pre-check=0
Content-Encoding:gzip
Vary:Accept-Encoding
Expires:Thu, 19 Nov 1981 08:52:00 GMT
Content-Length:946
X-Powered-By:PHP/5.5.9-1ubuntu4.29
Content-Type:text/html
",2179de5232f9761560c5d2f58d5f693b297c2660dd6f6b40dd36fe31c4a6cce51789a9f6563512082d5afd2bc06e6b006f9578765b8beb81ce2f4c656cdfc9ee,200
http://web/,GET,"Cookie:PHPSESSID=aq38o30dsel6tah45jb4oarml7
Accept:text/html,application/xhtml+xml,application/xml;q=0.9,image/avif,image/webp,image/apng,*/*;q=0.8,application/signed-exchange;v=b3;q=0.9
User-Agent:Mozilla/5.0 (X11; Linux x86_64) AppleWebKit/537.36 (KHTML, like Gecko) Chrome/85.0.4183.102 Safari/537.36
Upgrade-Insecure-Requests:1
",cf83e1357eefb8bdf1542850d66d8007d620e4050b5715dc83f4a921d36ce9ce47d0d13c5d85f2b0ff8318d2877eec2f63b931bd47417a81a538327af927da3e,"Keep-Alive:timeout=5, max=84
Server:Apache/2.4.7 (Ubuntu)
Connection:Keep-Alive
Pragma:no-cache
Date:Mon, 11 May 2026 21:00:49 GMT
Cache-Control:no-store, no-cache, must-revalidate, post-check=0, pre-check=0
Content-Encoding:gzip
Vary:Accept-Encoding
Expires:Thu, 19 Nov 1981 08:52:00 GMT
Content-Length:1284
X-Powered-By:PHP/5.5.9-1ubuntu4.29
Content-Type:text/html
",e0b41a1905cacc6cdc8bcc846e1e985db7f8e940a4e652884413d43fa771bd7589d5bf1e09ca6a1cb124471ec9a36a8c63f58a18b5c78fd276c31fad348bf808,200
http://web/users/sample.php?userid=1,GET,"Cookie:PHPSESSID=aq38o30dsel6tah45jb4oarml7
Accept:text/html,application/xhtml+xml,application/xml;q=0.9,image/avif,image/webp,image/apng,*/*;q=0.8,application/signed-exchange;v=b3;q=0.9
User-Agent:Mozilla/5.0 (X11; Linux x86_64) AppleWebKit/537.36 (KHTML, like Gecko) Chrome/85.0.4183.102 Safari/537.36
Referer:http://web/
Upgrade-Insecure-Requests:1
",cf83e1357eefb8bdf1542850d66d8007d620e4050b5715dc83f4a921d36ce9ce47d0d13c5d85f2b0ff8318d2877eec2f63b931bd47417a81a538327af927da3e,"Keep-Alive:timeout=5, max=28
Server:Apache/2.4.7 (Ubuntu)
Connection:Keep-Alive
Pragma:no-cache
Date:Mon, 11 May 2026 20:59:02 GMT
Cache-Control:no-store, no-cache, must-revalidate, post-check=0, pre-check=0
Content-Encoding:gzip
Vary:Accept-Encoding
Expires:Thu, 19 Nov 1981 08:52:00 GMT
Content-Length:982
X-Powered-By:PHP/5.5.9-1ubuntu4.29
Content-Type:text/html
",0835af789f29886adc7a912cc0e24bd1311e81977300addac3736abfea5d8f9ddbda3db82700453df51666c8fa33cfab97cf5536dcf13ae5234e8530b48787d0,200
http://web/users/login.php,GET,"Cookie:PHPSESSID=aq38o30dsel6tah45jb4oarml7
Accept:text/html,application/xhtml+xml,application/xml;q=0.9,image/avif,image/webp,image/apng,*/*;q=0.8,application/signed-exchange;v=b3;q=0.9
User-Agent:Mozilla/5.0 (X11; Linux x86_64) AppleWebKit/537.36 (KHTML, like Gecko) Chrome/85.0.4183.102 Safari/537.36
Referer:http://web/users/sample.php?userid=1
Upgrade-Insecure-Requests:1
",cf83e1357eefb8bdf1542850d66d8007d620e4050b5715dc83f4a921d36ce9ce47d0d13c5d85f2b0ff8318d2877eec2f63b931bd47417a81a538327af927da3e,"Keep-Alive:timeout=5, max=17
Server:Apache/2.4.7 (Ubuntu)
Connection:Keep-Alive
Pragma:no-cache
Date:Mon, 11 May 2026 20:59:10 GMT
Cache-Control:no-store, no-cache, must-revalidate, post-check=0, pre-check=0
Content-Encoding:gzip
Vary:Accept-Encoding
Expires:Thu, 19 Nov 1981 08:52:00 GMT
Content-Length:975
X-Powered-By:PHP/5.5.9-1ubuntu4.29
Content-Type:text/html
",b44d3eb93aa65d1ea38428fc98ddd6b774e3dd5446f79d1e0e4d70b247b8a40047ae7d61339ff7b1abb2bbc3a77738f266b225b12f2bdf153cc2b1a6e230d4a4,200
http://web/users/register.php,GET,"Cookie:PHPSESSID=aq38o30dsel6tah45jb4oarml7
Accept:text/html,application/xhtml+xml,application/xml;q=0.9,image/avif,image/webp,image/apng,*/*;q=0.8,application/signed-exchange;v=b3;q=0.9
User-Agent:Mozilla/5.0 (X11; Linux x86_64) AppleWebKit/537.36 (KHTML, like Gecko) Chrome/85.0.4183.102 Safari/537.36
Referer:http://web/
Upgrade-Insecure-Requests:1
",cf83e1357eefb8bdf1542850d66d8007d620e4050b5715dc83f4a921d36ce9ce47d0d13c5d85f2b0ff8318d2877eec2f63b931bd47417a81a538327af927da3e,"Keep-Alive:timeout=5, max=55
Server:Apache/2.4.7 (Ubuntu)
Connection:Keep-Alive
Pragma:no-cache
Date:Mon, 11 May 2026 20:58:40 GMT
Cache-Control:no-store, no-cache, must-revalidate, post-check=0, pre-check=0
Content-Encoding:gzip
Vary:Accept-Encoding
Expires:Thu, 19 Nov 1981 08:52:00 GMT
Content-Length:1101
X-Powered-By:PHP/5.5.9-1ubuntu4.29
Content-Type:text/html
",ebf884df18504bcf87596a4215d171bd87c3ef8c04a2c70f7128a47fd816114da76febe93d058e4b14f5deb647df96ed940e29d38c282a4ef88a0eec3f8a4a9d,200
http://web/guestbook.php,GET,"Cookie:PHPSESSID=aq38o30dsel6tah45jb4oarml7
Accept:text/html,application/xhtml+xml,application/xml;q=0.9,image/avif,image/webp,image/apng,*/*;q=0.8,application/signed-exchange;v=b3;q=0.9
User-Agent:Mozilla/5.0 (X11; Linux x86_64) AppleWebKit/537.36 (KHTML, like Gecko) Chrome/85.0.4183.102 Safari/537.36
Referer:http://web/
Upgrade-Insecure-Requests:1
",cf83e1357eefb8bdf1542850d66d8007d620e4050b5715dc83f4a921d36ce9ce47d0d13c5d85f2b0ff8318d2877eec2f63b931bd47417a81a538327af927da3e,"Keep-Alive:timeout=5, max=79
Server:Apache/2.4.7 (Ubuntu)
Connection:Keep-Alive
Pragma:no-cache
Date:Mon, 11 May 2026 20:58:20 GMT
Cache-Control:no-store, no-cache, must-revalidate, post-check=0, pre-check=0
Content-Encoding:gzip
Vary:Accept-Encoding
Expires:Thu, 19 Nov 1981 08:52:00 GMT
Content-Length:998
X-Powered-By:PHP/5.5.9-1ubuntu4.29
Content-Type:text/html
",7c35aa1e3d9a3b06cb9334c3f917709fbd5600ec2eda6c70adc5b7f2e9b25cd160ac4491a328447deab70caa2d38f47c49a01ead7993d12ae55a7e9c74a0b769,200
http://web/calendar.php?date=1778619631,GET,"Cookie:PHPSESSID=aq38o30dsel6tah45jb4oarml7
Accept:text/html,application/xhtml+xml,application/xml;q=0.9,image/avif,image/webp,image/apng,*/*;q=0.8,application/signed-exchange;v=b3;q=0.9
User-Agent:Mozilla/5.0 (X11; Linux x86_64) AppleWebKit/537.36 (KHTML, like Gecko) Chrome/85.0.4183.102 Safari/537.36
Referer:http://web/calendar.php
Upgrade-Insecure-Requests:1
",cf83e1357eefb8bdf1542850d66d8007d620e4050b5715dc83f4a921d36ce9ce47d0d13c5d85f2b0ff8318d2877eec2f63b931bd47417a81a538327af927da3e,"Keep-Alive:timeout=5, max=8
Server:Apache/2.4.7 (Ubuntu)
Connection:Keep-Alive
Pragma:no-cache
Date:Mon, 11 May 2026 21:00:31 GMT
Cache-Control:no-store, no-cache, must-revalidate, post-check=0, pre-check=0
Content-Encoding:gzip
Vary:Accept-Encoding
Expires:Thu, 19 Nov 1981 08:52:00 GMT
Content-Length:944
X-Powered-By:PHP/5.5.9-1ubuntu4.29
Content-Type:text/html
",598cd0042ccbc03d2cebed2bb4a677c625614a5c788d4b522b9c2f35149d0bd54e05c68115ebe5a2dfeec892afa89232527ddba3a3b759bf6e24802bc5607bfd,200
http://web/,GET,"Cookie:PHPSESSID=aq38o30dsel6tah45jb4oarml7
Accept:text/html,application/xhtml+xml,application/xml;q=0.9,image/avif,image/webp,image/apng,*/*;q=0.8,application/signed-exchange;v=b3;q=0.9
User-Agent:Mozilla/5.0 (X11; Linux x86_64) AppleWebKit/537.36 (KHTML, like Gecko) Chrome/85.0.4183.102 Safari/537.36
Upgrade-Insecure-Requests:1
",cf83e1357eefb8bdf1542850d66d8007d620e4050b5715dc83f4a921d36ce9ce47d0d13c5d85f2b0ff8318d2877eec2f63b931bd47417a81a538327af927da3e,"Keep-Alive:timeout=5, max=98
Server:Apache/2.4.7 (Ubuntu)
Connection:Keep-Alive
Pragma:no-cache
Date:Mon, 11 May 2026 20:58:06 GMT
Cache-Control:no-store, no-cache, must-revalidate, post-check=0, pre-check=0
Content-Encoding:gzip
Vary:Accept-Encoding
Expires:Thu, 19 Nov 1981 08:52:00 GMT
Content-Length:1283
X-Powered-By:PHP/5.5.9-1ubuntu4.29
Content-Type:text/html
",dbc4b8d093351b4e26d6a291ed25361d28b16047c86dcc93721821862ca900eabc121a31803fc5c5001e9c9d3cd93bb691dc6c9f022fbcff24c7a982d7cd7fce,200
http://web/,GET,"Cookie:PHPSESSID=aq38o30dsel6tah45jb4oarml7
Accept:text/html,application/xhtml+xml,application/xml;q=0.9,image/avif,image/webp,image/apng,*/*;q=0.8,application/signed-exchange;v=b3;q=0.9
User-Agent:Mozilla/5.0 (X11; Linux x86_64) AppleWebKit/537.36 (KHTML, like Gecko) Chrome/85.0.4183.102 Safari/537.36
Referer:http://web/tos.php
Upgrade-Insecure-Requests:1
",cf83e1357eefb8bdf1542850d66d8007d620e4050b5715dc83f4a921d36ce9ce47d0d13c5d85f2b0ff8318d2877eec2f63b931bd47417a81a538327af927da3e,"Keep-Alive:timeout=5, max=73
Server:Apache/2.4.7 (Ubuntu)
Connection:Keep-Alive
Pragma:no-cache
Date:Mon, 11 May 2026 20:59:43 GMT
Cache-Control:no-store, no-cache, must-revalidate, post-check=0, pre-check=0
Content-Encoding:gzip
Vary:Accept-Encoding
Expires:Thu, 19 Nov 1981 08:52:00 GMT
Content-Length:1283
X-Powered-By:PHP/5.5.9-1ubuntu4.29
Content-Type:text/html
",43c295b13b337ff3200c8f5e160552f20e8622d5696e35ec924439334b6e19d4cf3806e130915e64c452d4be1c3b4791fae6e02ecc42b6e3d9ee1a3e3bd2d438,200
http://web/admin/index.php?page=login,POST,"Origin:http://web
Cookie:PHPSESSID=aq38o30dsel6tah45jb4oarml7
Accept:text/html,application/xhtml+xml,application/xml;q=0.9,image/avif,image/webp,image/apng,*/*;q=0.8,application/signed-exchange;v=b3;q=0.9
User-Agent:Mozilla/5.0 (X11; Linux x86_64) AppleWebKit/537.36 (KHTML, like Gecko) Chrome/85.0.4183.102 Safari/537.36
Referer:http://web/admin/index.php?page=login
Upgrade-Insecure-Requests:1
Content-Type:application/x-www-form-urlencoded
",548377f2e5696d602ebea5cf51b1a44ec490373d18d7bf7279cdf508a0ebb68c5b213972afdf381cd9fc180c48a33f3bd2a8d32cb3ef18fd7254e3947c1ddf31,"Keep-Alive:timeout=5, max=62
Server:Apache/2.4.7 (Ubuntu)
Connection:Keep-Alive
Pragma:no-cache
Date:Mon, 11 May 2026 20:57:22 GMT
Cache-Control:no-store, no-cache, must-revalidate, post-check=0, pre-check=0
Content-Encoding:gzip
Vary:Accept-Encoding
Expires:Thu, 19 Nov 1981 08:52:00 GMT
Content-Length:217
X-Powered-By:PHP/5.5.9-1ubuntu4.29
Content-Type:text/html
",4fb065e422dbce08cccd99d3b19390b644a4a5cfa335618cd3bda3ba0a423476276728c306206a7c417acbf1ece8a99f25b266fa2ef3e49c82a662e810be0110,200
http://web/users/register.php,GET,"Cookie:PHPSESSID=aq38o30dsel6tah45jb4oarml7
Accept:text/html,application/xhtml+xml,application/xml;q=0.9,image/avif,image/webp,image/apng,*/*;q=0.8,application/signed-exchange;v=b3;q=0.9
User-Agent:Mozilla/5.0 (X11; Linux x86_64) AppleWebKit/537.36 (KHTML, like Gecko) Chrome/85.0.4183.102 Safari/537.36
Referer:http://web/
Upgrade-Insecure-Requests:1
",cf83e1357eefb8bdf1542850d66d8007d620e4050b5715dc83f4a921d36ce9ce47d0d13c5d85f2b0ff8318d2877eec2f63b931bd47417a81a538327af927da3e,"Keep-Alive:timeout=5, max=45
Server:Apache/2.4.7 (Ubuntu)
Connection:Keep-Alive
Pragma:no-cache
Date:Mon, 11 May 2026 20:58:49 GMT
Cache-Control:no-store, no-cache, must-revalidate, post-check=0, pre-check=0
Content-Encoding:gzip
Vary:Accept-Encoding
Expires:Thu, 19 Nov 1981 08:52:00 GMT
Content-Length:1101
X-Powered-By:PHP/5.5.9-1ubuntu4.29
Content-Type:text/html
",8f02f1ea7ec328315d7baaeec394438e314926172162be4d028f2ed4f0dddf5a51abd8655e8deba6fb907c0ea13fab59973e721c82d2a4a4952747054fd1719d,200
http://web/users/login.php,GET,"Cookie:PHPSESSID=aq38o30dsel6tah45jb4oarml7
Accept:text/html,application/xhtml+xml,application/xml;q=0.9,image/avif,image/webp,image/apng,*/*;q=0.8,application/signed-exchange;v=b3;q=0.9
User-Agent:Mozilla/5.0 (X11; Linux x86_64) AppleWebKit/537.36 (KHTML, like Gecko) Chrome/85.0.4183.102 Safari/537.36
Referer:http://web/calendar.php?date=1778706047
Upgrade-Insecure-Requests:1
",cf83e1357eefb8bdf1542850d66d8007d620e4050b5715dc83f4a921d36ce9ce47d0d13c5d85f2b0ff8318d2877eec2f63b931bd47417a81a538327af927da3e,"Keep-Alive:timeout=5, max=85
Server:Apache/2.4.7 (Ubuntu)
Connection:Keep-Alive
Pragma:no-cache
Date:Mon, 11 May 2026 21:00:49 GMT
Cache-Control:no-store, no-cache, must-revalidate, post-check=0, pre-check=0
Content-Encoding:gzip
Vary:Accept-Encoding
Expires:Thu, 19 Nov 1981 08:52:00 GMT
Content-Length:976
X-Powered-By:PHP/5.5.9-1ubuntu4.29
Content-Type:text/html
",4cf63583150f152efd4b4eae7f398388c374fb0963d8cd6682a197f7092061bfd29bf4985188e3b52fda56a73a27e230cfd06f3c735eb200abd7e9446653e60c,200
http://web/upload/house/My_House.128_128.jpg,GET,"Cookie:PHPSESSID=aq38o30dsel6tah45jb4oarml7
Accept:image/avif,image/webp,image/apng,image/*,*/*;q=0.8
User-Agent:Mozilla/5.0 (X11; Linux x86_64) AppleWebKit/537.36 (KHTML, like Gecko) Chrome/85.0.4183.102 Safari/537.36
Referer:http://web/pictures/recent.php
",cf83e1357eefb8bdf1542850d66d8007d620e4050b5715dc83f4a921d36ce9ce47d0d13c5d85f2b0ff8318d2877eec2f63b931bd47417a81a538327af927da3e,"Server:Apache/2.4.7 (Ubuntu)
Last-Modified:Thu, 02 Feb 2017 22:24:09 GMT
Date:Mon, 11 May 2026 20:57:04 GMT
Accept-Ranges:bytes
ETag:""359b-547939fb8b440""
Content-Length:13723
Content-Type:image/jpeg
",8c4f3e706b9e8b7f56594f846de689869eda70bf37f962ef75d26f1490ef415896dc9f7a3a8e5b263ccc541d9cd895f8851a47300c6d8ce6b7def2d21eb2bcde,200
http://web/calendar.php,GET,"Cookie:PHPSESSID=aq38o30dsel6tah45jb4oarml7
Accept:text/html,application/xhtml+xml,application/xml;q=0.9,image/avif,image/webp,image/apng,*/*;q=0.8,application/signed-exchange;v=b3;q=0.9
User-Agent:Mozilla/5.0 (X11; Linux x86_64) AppleWebKit/537.36 (KHTML, like Gecko) Chrome/85.0.4183.102 Safari/537.36
Referer:http://web/
Upgrade-Insecure-Requests:1
",cf83e1357eefb8bdf1542850d66d8007d620e4050b5715dc83f4a921d36ce9ce47d0d13c5d85f2b0ff8318d2877eec2f63b931bd47417a81a538327af927da3e,"Keep-Alive:timeout=5, max=9
Server:Apache/2.4.7 (Ubuntu)
Connection:Keep-Alive
Pragma:no-cache
Date:Mon, 11 May 2026 21:01:41 GMT
Cache-Control:no-store, no-cache, must-revalidate, post-check=0, pre-check=0
Content-Encoding:gzip
Vary:Accept-Encoding
Expires:Thu, 19 Nov 1981 08:52:00 GMT
Content-Length:943
X-Powered-By:PHP/5.5.9-1ubuntu4.29
Content-Type:text/html
",34a3ace4d16ec0e9552dbbe8e7d6ef81206148eee3e1f4ca6ab4b208d54f5c81ea625a668a47eb5be1188da65016a560dcded62a0a97dfe5882cbd45bd5310c4,200
http://web/upload/house/our_house.128_128.jpg,GET,"Cookie:PHPSESSID=aq38o30dsel6tah45jb4oarml7
Accept:image/avif,image/webp,image/apng,image/*,*/*;q=0.8
User-Agent:Mozilla/5.0 (X11; Linux x86_64) AppleWebKit/537.36 (KHTML, like Gecko) Chrome/85.0.4183.102 Safari/537.36
Referer:http://web/pictures/recent.php
",cf83e1357eefb8bdf1542850d66d8007d620e4050b5715dc83f4a921d36ce9ce47d0d13c5d85f2b0ff8318d2877eec2f63b931bd47417a81a538327af927da3e,"Keep-Alive:timeout=5, max=100
Server:Apache/2.4.7 (Ubuntu)
Connection:Keep-Alive
Last-Modified:Thu, 02 Feb 2017 22:24:09 GMT
Date:Mon, 11 May 2026 20:57:04 GMT
Accept-Ranges:bytes
ETag:""309c-547939fb8b440""
Content-Length:12444
Content-Type:image/jpeg
",7398d28ba3dbb6919f8252647510815990d20ed11d0df1881c26de538c790d1114201d4bbee0c5dbf69074677723ca5f4759e3c0f31ab392c87362001168c7d8,200
http://web/,GET,"Cookie:PHPSESSID=aq38o30dsel6tah45jb4oarml7
Accept:text/html,application/xhtml+xml,application/xml;q=0.9,image/avif,image/webp,image/apng,*/*;q=0.8,application/signed-exchange;v=b3;q=0.9
User-Agent:Mozilla/5.0 (X11; Linux x86_64) AppleWebKit/537.36 (KHTML, like Gecko) Chrome/85.0.4183.102 Safari/537.36
Upgrade-Insecure-Requests:1
",cf83e1357eefb8bdf1542850d66d8007d620e4050b5715dc83f4a921d36ce9ce47d0d13c5d85f2b0ff8318d2877eec2f63b931bd47417a81a538327af927da3e,"Keep-Alive:timeout=5, max=5
Server:Apache/2.4.7 (Ubuntu)
Connection:Keep-Alive
Pragma:no-cache
Date:Mon, 11 May 2026 20:58:01 GMT
Cache-Control:no-store, no-cache, must-revalidate, post-check=0, pre-check=0
Content-Encoding:gzip
Vary:Accept-Encoding
Expires:Thu, 19 Nov 1981 08:52:00 GMT
Content-Length:1284
X-Powered-By:PHP/5.5.9-1ubuntu4.29
Content-Type:text/html
",04b4aeb8458f38e429cec0c380ae08c1c0131a4d7aee01f48dcea2235446b62559cfae8a18b91733ea6f42542f8acf3e47292aab28b4d5368d9a81208ca0b0c5,200
http://web/pictures/view.php?picid=7,GET,"Cookie:PHPSESSID=aq38o30dsel6tah45jb4oarml7
Accept:text/html,application/xhtml+xml,application/xml;q=0.9,image/avif,image/webp,image/apng,*/*;q=0.8,application/signed-exchange;v=b3;q=0.9
User-Agent:Mozilla/5.0 (X11; Linux x86_64) AppleWebKit/537.36 (KHTML, like Gecko) Chrome/85.0.4183.102 Safari/537.36
Referer:http://web/users/sample.php?userid=1
Upgrade-Insecure-Requests:1
",cf83e1357eefb8bdf1542850d66d8007d620e4050b5715dc83f4a921d36ce9ce47d0d13c5d85f2b0ff8318d2877eec2f63b931bd47417a81a538327af927da3e,"Keep-Alive:timeout=5, max=14
Server:Apache/2.4.7 (Ubuntu)
Connection:Keep-Alive
Pragma:no-cache
Date:Mon, 11 May 2026 20:59:12 GMT
Cache-Control:no-store, no-cache, must-revalidate, post-check=0, pre-check=0
Expires:Thu, 19 Nov 1981 08:52:00 GMT
Content-Length:41
X-Powered-By:PHP/5.5.9-1ubuntu4.29
Location:/users/login.php
Content-Type:text/html
",cf83e1357eefb8bdf1542850d66d8007d620e4050b5715dc83f4a921d36ce9ce47d0d13c5d85f2b0ff8318d2877eec2f63b931bd47417a81a538327af927da3e,303
http://web/users/login.php,GET,"Cookie:PHPSESSID=aq38o30dsel6tah45jb4oarml7
Accept:text/html,application/xhtml+xml,application/xml;q=0.9,image/avif,image/webp,image/apng,*/*;q=0.8,application/signed-exchange;v=b3;q=0.9
User-Agent:Mozilla/5.0 (X11; Linux x86_64) AppleWebKit/537.36 (KHTML, like Gecko) Chrome/85.0.4183.102 Safari/537.36
Referer:http://web/users/register.php
Upgrade-Insecure-Requests:1
",cf83e1357eefb8bdf1542850d66d8007d620e4050b5715dc83f4a921d36ce9ce47d0d13c5d85f2b0ff8318d2877eec2f63b931bd47417a81a538327af927da3e,"Keep-Alive:timeout=5, max=60
Server:Apache/2.4.7 (Ubuntu)
Connection:Keep-Alive
Pragma:no-cache
Date:Mon, 11 May 2026 20:58:35 GMT
Cache-Control:no-store, no-cache, must-revalidate, post-check=0, pre-check=0
Content-Encoding:gzip
Vary:Accept-Encoding
Expires:Thu, 19 Nov 1981 08:52:00 GMT
Content-Length:975
X-Powered-By:PHP/5.5.9-1ubuntu4.29
Content-Type:text/html
",2612bfe73dbfad4621a8f4d27662e61efda581c46ca33f19fd1ade3acdd446dbb8cf14036a33d2a45617e75abbd4163044237af7d1ea02b374456918c35526da,200
http://web/calendar.php?date=1778706061,GET,"Cookie:PHPSESSID=aq38o30dsel6tah45jb4oarml7
Accept:text/html,application/xhtml+xml,application/xml;q=0.9,image/avif,image/webp,image/apng,*/*;q=0.8,application/signed-exchange;v=b3;q=0.9
User-Agent:Mozilla/5.0 (X11; Linux x86_64) AppleWebKit/537.36 (KHTML, like Gecko) Chrome/85.0.4183.102 Safari/537.36
Referer:http://web/calendar.php?date=1778619661
Upgrade-Insecure-Requests:1
",cf83e1357eefb8bdf1542850d66d8007d620e4050b5715dc83f4a921d36ce9ce47d0d13c5d85f2b0ff8318d2877eec2f63b931bd47417a81a538327af927da3e,"Keep-Alive:timeout=5, max=65
Server:Apache/2.4.7 (Ubuntu)
Connection:Keep-Alive
Pragma:no-cache
Date:Mon, 11 May 2026 21:01:03 GMT
Cache-Control:no-store, no-cache, must-revalidate, post-check=0, pre-check=0
Content-Encoding:gzip
Vary:Accept-Encoding
Expires:Thu, 19 Nov 1981 08:52:00 GMT
Content-Length:946
X-Powered-By:PHP/5.5.9-1ubuntu4.29
Content-Type:text/html
",c726b45283510b5f172d9dcbebde07bda698c83863f79be0550da05a045475bdad258d496b42b3f4eecf7f55f3104594ce0dcde9cb88fd13424537b623e347b1,200
http://web/,GET,"Cookie:PHPSESSID=aq38o30dsel6tah45jb4oarml7
Accept:text/html,application/xhtml+xml,application/xml;q=0.9,image/avif,image/webp,image/apng,*/*;q=0.8,application/signed-exchange;v=b3;q=0.9
User-Agent:Mozilla/5.0 (X11; Linux x86_64) AppleWebKit/537.36 (KHTML, like Gecko) Chrome/85.0.4183.102 Safari/537.36
Upgrade-Insecure-Requests:1
",cf83e1357eefb8bdf1542850d66d8007d620e4050b5715dc83f4a921d36ce9ce47d0d13c5d85f2b0ff8318d2877eec2f63b931bd47417a81a538327af927da3e,"Keep-Alive:timeout=5, max=40
Server:Apache/2.4.7 (Ubuntu)
Connection:Keep-Alive
Pragma:no-cache
Date:Mon, 11 May 2026 20:58:53 GMT
Cache-Control:no-store, no-cache, must-revalidate, post-check=0, pre-check=0
Content-Encoding:gzip
Vary:Accept-Encoding
Expires:Thu, 19 Nov 1981 08:52:00 GMT
Content-Length:1284
X-Powered-By:PHP/5.5.9-1ubuntu4.29
Content-Type:text/html
",b19da09e33f2300f4a80b9174c890e0bae77428e5ee7880a2483955a35f60c7d8df708b2264f8e00e74be9598554cb9cec2434917cee33ca82717a457af1f85e,200
http://web/pictures/recent.php,GET,"Cookie:PHPSESSID=aq38o30dsel6tah45jb4oarml7
Accept:text/html,application/xhtml+xml,application/xml;q=0.9,image/avif,image/webp,image/apng,*/*;q=0.8,application/signed-exchange;v=b3;q=0.9
User-Agent:Mozilla/5.0 (X11; Linux x86_64) AppleWebKit/537.36 (KHTML, like Gecko) Chrome/85.0.4183.102 Safari/537.36
Referer:http://web/
Upgrade-Insecure-Requests:1
",cf83e1357eefb8bdf1542850d66d8007d620e4050b5715dc83f4a921d36ce9ce47d0d13c5d85f2b0ff8318d2877eec2f63b931bd47417a81a538327af927da3e,"Keep-Alive:timeout=5, max=12
Server:Apache/2.4.7 (Ubuntu)
Connection:Keep-Alive
Pragma:no-cache
Date:Mon, 11 May 2026 20:57:57 GMT
Cache-Control:no-store, no-cache, must-revalidate, post-check=0, pre-check=0
Content-Encoding:gzip
Vary:Accept-Encoding
Expires:Thu, 19 Nov 1981 08:52:00 GMT
Content-Length:1088
X-Powered-By:PHP/5.5.9-1ubuntu4.29
Content-Type:text/html
",c5d4cd9ba607e401c78354424ef69b0803fd1382fe6db2c2adc79bac1429d0b5ee4b96c034ea585b174507fafb28648654ca63558931ff7d6480646abdb4c812,200
http://web/calendar.php?date=1778706034,GET,"Cookie:PHPSESSID=aq38o30dsel6tah45jb4oarml7
Accept:text/html,application/xhtml+xml,application/xml;q=0.9,image/avif,image/webp,image/apng,*/*;q=0.8,application/signed-exchange;v=b3;q=0.9
User-Agent:Mozilla/5.0 (X11; Linux x86_64) AppleWebKit/537.36 (KHTML, like Gecko) Chrome/85.0.4183.102 Safari/537.36
Referer:http://web/calendar.php?date=1778619634
Upgrade-Insecure-Requests:1
",cf83e1357eefb8bdf1542850d66d8007d620e4050b5715dc83f4a921d36ce9ce47d0d13c5d85f2b0ff8318d2877eec2f63b931bd47417a81a538327af927da3e,"Keep-Alive:timeout=5, max=3
Server:Apache/2.4.7 (Ubuntu)
Connection:Keep-Alive
Pragma:no-cache
Date:Mon, 11 May 2026 21:00:35 GMT
Cache-Control:no-store, no-cache, must-revalidate, post-check=0, pre-check=0
Content-Encoding:gzip
Vary:Accept-Encoding
Expires:Thu, 19 Nov 1981 08:52:00 GMT
Content-Length:945
X-Powered-By:PHP/5.5.9-1ubuntu4.29
Content-Type:text/html
",c1b18c4eefa4a4f5aa7764e974971e0da6d47d57a608e5f05f7d1d9baaf9a86b6336bd56d192c2b0eb718045b093329a8f563aaf683760f08084e9472fea9e21,200
http://web/,GET,"Cookie:PHPSESSID=aq38o30dsel6tah45jb4oarml7
Accept:text/html,application/xhtml+xml,application/xml;q=0.9,image/avif,image/webp,image/apng,*/*;q=0.8,application/signed-exchange;v=b3;q=0.9
User-Agent:Mozilla/5.0 (X11; Linux x86_64) AppleWebKit/537.36 (KHTML, like Gecko) Chrome/85.0.4183.102 Safari/537.36
Upgrade-Insecure-Requests:1
",cf83e1357eefb8bdf1542850d66d8007d620e4050b5715dc83f4a921d36ce9ce47d0d13c5d85f2b0ff8318d2877eec2f63b931bd47417a81a538327af927da3e,"Keep-Alive:timeout=5, max=79
Server:Apache/2.4.7 (Ubuntu)
Connection:Keep-Alive
Pragma:no-cache
Date:Mon, 11 May 2026 20:59:39 GMT
Cache-Control:no-store, no-cache, must-revalidate, post-check=0, pre-check=0
Content-Encoding:gzip
Vary:Accept-Encoding
Expires:Thu, 19 Nov 1981 08:52:00 GMT
Content-Length:1284
X-Powered-By:PHP/5.5.9-1ubuntu4.29
Content-Type:text/html
",6485df3917429f968019709b231dca8bb50f1bc92449e4870346b624a4b73a7df09d317e30ebd0016cca1bb091b6d1c8b0f642380ff9a717a412541b4c2219e3,200
http://web/css/blueprint/print.css,GET,"Cookie:PHPSESSID=aq38o30dsel6tah45jb4oarml7
Accept:text/css,*/*;q=0.1
User-Agent:Mozilla/5.0 (X11; Linux x86_64) AppleWebKit/537.36 (KHTML, like Gecko) Chrome/85.0.4183.102 Safari/537.36
Referer:http://web/users/register.php
",cf83e1357eefb8bdf1542850d66d8007d620e4050b5715dc83f4a921d36ce9ce47d0d13c5d85f2b0ff8318d2877eec2f63b931bd47417a81a538327af927da3e,"Server:Apache/2.4.7 (Ubuntu)
Last-Modified:Thu, 02 Feb 2017 22:24:09 GMT
Date:Mon, 11 May 2026 20:56:53 GMT
Accept-Ranges:bytes
ETag:""52d-547939fb8b440-gzip""
Content-Encoding:gzip
Vary:Accept-Encoding
Content-Length:674
Content-Type:text/css
",382bc7f4ad396de8dacb65598554ab8e1fe76b268c9b97e377be5fe694d07688463ac138e683332f401b64a7a2e8418a2a9f7f9d96e548ee8581d228368f7524,200
http://web/,GET,"Cookie:PHPSESSID=aq38o30dsel6tah45jb4oarml7
Accept:text/html,application/xhtml+xml,application/xml;q=0.9,image/avif,image/webp,image/apng,*/*;q=0.8,application/signed-exchange;v=b3;q=0.9
User-Agent:Mozilla/5.0 (X11; Linux x86_64) AppleWebKit/537.36 (KHTML, like Gecko) Chrome/85.0.4183.102 Safari/537.36
Referer:http://web/calendar.php
Upgrade-Insecure-Requests:1
",cf83e1357eefb8bdf1542850d66d8007d620e4050b5715dc83f4a921d36ce9ce47d0d13c5d85f2b0ff8318d2877eec2f63b931bd47417a81a538327af927da3e,"Keep-Alive:timeout=5, max=80
Server:Apache/2.4.7 (Ubuntu)
Connection:Keep-Alive
Pragma:no-cache
Date:Mon, 11 May 2026 20:59:38 GMT
Cache-Control:no-store, no-cache, must-revalidate, post-check=0, pre-check=0
Content-Encoding:gzip
Vary:Accept-Encoding
Expires:Thu, 19 Nov 1981 08:52:00 GMT
Content-Length:1284
X-Powered-By:PHP/5.5.9-1ubuntu4.29
Content-Type:text/html
",ec473275a57b6211ca5819f4368e44bfa82bd259a7275ba5c778226170d877087b6a5db85fac16bff4c27c32dd5b30f64dca201db648bd87147a49fce2be7bcd,200
http://web/calendar.php?date=1778619647,GET,"Cookie:PHPSESSID=aq38o30dsel6tah45jb4oarml7
Accept:text/html,application/xhtml+xml,application/xml;q=0.9,image/avif,image/webp,image/apng,*/*;q=0.8,application/signed-exchange;v=b3;q=0.9
User-Agent:Mozilla/5.0 (X11; Linux x86_64) AppleWebKit/537.36 (KHTML, like Gecko) Chrome/85.0.4183.102 Safari/537.36
Referer:http://web/calendar.php
Upgrade-Insecure-Requests:1
",cf83e1357eefb8bdf1542850d66d8007d620e4050b5715dc83f4a921d36ce9ce47d0d13c5d85f2b0ff8318d2877eec2f63b931bd47417a81a538327af927da3e,"Keep-Alive:timeout=5, max=88
Server:Apache/2.4.7 (Ubuntu)
Connection:Keep-Alive
Pragma:no-cache
Date:Mon, 11 May 2026 21:00:47 GMT
Cache-Control:no-store, no-cache, must-revalidate, post-check=0, pre-check=0
Content-Encoding:gzip
Vary:Accept-Encoding
Expires:Thu, 19 Nov 1981 08:52:00 GMT
Content-Length:945
X-Powered-By:PHP/5.5.9-1ubuntu4.29
Content-Type:text/html
",47c7b5a5889041b6082c8b73c5539aed4c5469c6e3c6614ba9d71beb70c032fac62630111a72d5d561c63269424a549db6fefb0c18a898e1923b0971175dc329,200
http://web/,GET,"Cookie:PHPSESSID=aq38o30dsel6tah45jb4oarml7
Accept:text/html,application/xhtml+xml,application/xml;q=0.9,image/avif,image/webp,image/apng,*/*;q=0.8,application/signed-exchange;v=b3;q=0.9
User-Agent:Mozilla/5.0 (X11; Linux x86_64) AppleWebKit/537.36 (KHTML, like Gecko) Chrome/85.0.4183.102 Safari/537.36
Upgrade-Insecure-Requests:1
",cf83e1357eefb8bdf1542850d66d8007d620e4050b5715dc83f4a921d36ce9ce47d0d13c5d85f2b0ff8318d2877eec2f63b931bd47417a81a538327af927da3e,"Keep-Alive:timeout=5, max=66
Server:Apache/2.4.7 (Ubuntu)
Connection:Keep-Alive
Pragma:no-cache
Date:Mon, 11 May 2026 20:58:31 GMT
Cache-Control:no-store, no-cache, must-revalidate, post-check=0, pre-check=0
Content-Encoding:gzip
Vary:Accept-Encoding
Expires:Thu, 19 Nov 1981 08:52:00 GMT
Content-Length:1283
X-Powered-By:PHP/5.5.9-1ubuntu4.29
Content-Type:text/html
",48f632513a02f7fc016ab0cf735b5da96a07f1d443f46cb68f1e9c0203eb016f372d579c4fee9e80c814823b23a9e5dac8a028390c4e33f09f95a719bbd1511c,200
http://web/admin/index.php?page=login,GET,"Cookie:PHPSESSID=aq38o30dsel6tah45jb4oarml7
Accept:text/html,application/xhtml+xml,application/xml;q=0.9,image/avif,image/webp,image/apng,*/*;q=0.8,application/signed-exchange;v=b3;q=0.9
User-Agent:Mozilla/5.0 (X11; Linux x86_64) AppleWebKit/537.36 (KHTML, like Gecko) Chrome/85.0.4183.102 Safari/537.36
Referer:http://web/users/register.php
Upgrade-Insecure-Requests:1
",cf83e1357eefb8bdf1542850d66d8007d620e4050b5715dc83f4a921d36ce9ce47d0d13c5d85f2b0ff8318d2877eec2f63b931bd47417a81a538327af927da3e,"Keep-Alive:timeout=5, max=41
Server:Apache/2.4.7 (Ubuntu)
Connection:Keep-Alive
Pragma:no-cache
Date:Mon, 11 May 2026 20:58:52 GMT
Cache-Control:no-store, no-cache, must-revalidate, post-check=0, pre-check=0
Content-Encoding:gzip
Vary:Accept-Encoding
Expires:Thu, 19 Nov 1981 08:52:00 GMT
Content-Length:217
X-Powered-By:PHP/5.5.9-1ubuntu4.29
Content-Type:text/html
",2f4b66edfc6194efdfba390a1f8deaaa9567fb687dfe7184da539ad9383a10867c4906de5251ff392bf545968506b902b3353a95b15165c72e2770521bb4d47f,200
http://web/,GET,"Cookie:PHPSESSID=aq38o30dsel6tah45jb4oarml7
Accept:text/html,application/xhtml+xml,application/xml;q=0.9,image/avif,image/webp,image/apng,*/*;q=0.8,application/signed-exchange;v=b3;q=0.9
User-Agent:Mozilla/5.0 (X11; Linux x86_64) AppleWebKit/537.36 (KHTML, like Gecko) Chrome/85.0.4183.102 Safari/537.36
Upgrade-Insecure-Requests:1
",cf83e1357eefb8bdf1542850d66d8007d620e4050b5715dc83f4a921d36ce9ce47d0d13c5d85f2b0ff8318d2877eec2f63b931bd47417a81a538327af927da3e,"Keep-Alive:timeout=5, max=10
Server:Apache/2.4.7 (Ubuntu)
Connection:Keep-Alive
Pragma:no-cache
Date:Mon, 11 May 2026 21:00:30 GMT
Cache-Control:no-store, no-cache, must-revalidate, post-check=0, pre-check=0
Content-Encoding:gzip
Vary:Accept-Encoding
Expires:Thu, 19 Nov 1981 08:52:00 GMT
Content-Length:1284
X-Powered-By:PHP/5.5.9-1ubuntu4.29
Content-Type:text/html
",313b74f4743fc0af79940e0689bf6f5ee7c62c84346fb11a6359128c28baa0b1b36bc345e4fdd7721a5e75298c9d8cd5fc42db9844ace7c190e3f89196b88c5b,200
http://web/pictures/recent.php,GET,"Cookie:PHPSESSID=aq38o30dsel6tah45jb4oarml7
Accept:text/html,application/xhtml+xml,application/xml;q=0.9,image/avif,image/webp,image/apng,*/*;q=0.8,application/signed-exchange;v=b3;q=0.9
User-Agent:Mozilla/5.0 (X11; Linux x86_64) AppleWebKit/537.36 (KHTML, like Gecko) Chrome/85.0.4183.102 Safari/537.36
Referer:http://web/
Upgrade-Insecure-Requests:1
",cf83e1357eefb8bdf1542850d66d8007d620e4050b5715dc83f4a921d36ce9ce47d0d13c5d85f2b0ff8318d2877eec2f63b931bd47417a81a538327af927da3e,"Keep-Alive:timeout=5, max=87
Server:Apache/2.4.7 (Ubuntu)
Connection:Keep-Alive
Pragma:no-cache
Date:Mon, 11 May 2026 20:58:15 GMT
Cache-Control:no-store, no-cache, must-revalidate, post-check=0, pre-check=0
Content-Encoding:gzip
Vary:Accept-Encoding
Expires:Thu, 19 Nov 1981 08:52:00 GMT
Content-Length:1087
X-Powered-By:PHP/5.5.9-1ubuntu4.29
Content-Type:text/html
",00acac3db16bb7c83d4350ba4cacc0f23817add61fa6e615f23ac0621c1724dfa6e951e3bd6bec981ece6a9f0a88e0abae7ee7ca4b02d56fb085738db93b0554,200
http://web/,GET,"Cookie:PHPSESSID=aq38o30dsel6tah45jb4oarml7
Accept:text/html,application/xhtml+xml,application/xml;q=0.9,image/avif,image/webp,image/apng,*/*;q=0.8,application/signed-exchange;v=b3;q=0.9
User-Agent:Mozilla/5.0 (X11; Linux x86_64) AppleWebKit/537.36 (KHTML, like Gecko) Chrome/85.0.4183.102 Safari/537.36
Upgrade-Insecure-Requests:1
",cf83e1357eefb8bdf1542850d66d8007d620e4050b5715dc83f4a921d36ce9ce47d0d13c5d85f2b0ff8318d2877eec2f63b931bd47417a81a538327af927da3e,"Keep-Alive:timeout=5, max=28
Server:Apache/2.4.7 (Ubuntu)
Connection:Keep-Alive
Pragma:no-cache
Date:Mon, 11 May 2026 21:01:28 GMT
Cache-Control:no-store, no-cache, must-revalidate, post-check=0, pre-check=0
Content-Encoding:gzip
Vary:Accept-Encoding
Expires:Thu, 19 Nov 1981 08:52:00 GMT
Content-Length:1284
X-Powered-By:PHP/5.5.9-1ubuntu4.29
Content-Type:text/html
",436bdbf33c1f0ac0c9a5b253b748d20b012c5766b42c07cc33adbdd67e05d737f043621ca46b1dc12bb25223872fa75c28c7fd6b68859343076b0df691230ac4,200
http://web/,GET,"Cookie:PHPSESSID=aq38o30dsel6tah45jb4oarml7
Accept:text/html,application/xhtml+xml,application/xml;q=0.9,image/avif,image/webp,image/apng,*/*;q=0.8,application/signed-exchange;v=b3;q=0.9
User-Agent:Mozilla/5.0 (X11; Linux x86_64) AppleWebKit/537.36 (KHTML, like Gecko) Chrome/85.0.4183.102 Safari/537.36
Upgrade-Insecure-Requests:1
",cf83e1357eefb8bdf1542850d66d8007d620e4050b5715dc83f4a921d36ce9ce47d0d13c5d85f2b0ff8318d2877eec2f63b931bd47417a81a538327af927da3e,"Keep-Alive:timeout=5, max=88
Server:Apache/2.4.7 (Ubuntu)
Connection:Keep-Alive
Pragma:no-cache
Date:Mon, 11 May 2026 20:58:14 GMT
Cache-Control:no-store, no-cache, must-revalidate, post-check=0, pre-check=0
Content-Encoding:gzip
Vary:Accept-Encoding
Expires:Thu, 19 Nov 1981 08:52:00 GMT
Content-Length:1284
X-Powered-By:PHP/5.5.9-1ubuntu4.29
Content-Type:text/html
",3af4ee02aeec97317f5e95d720b5b9f7d6b0f2ad3533f1beecf2e209a6cd762db604f1b0af78317ca765cfc5accedd42486f66142dbfdd34739549e6b0852ecb,200
http://web/users/home.php,GET,"Cookie:PHPSESSID=aq38o30dsel6tah45jb4oarml7
Accept:text/html,application/xhtml+xml,application/xml;q=0.9,image/avif,image/webp,image/apng,*/*;q=0.8,application/signed-exchange;v=b3;q=0.9
User-Agent:Mozilla/5.0 (X11; Linux x86_64) AppleWebKit/537.36 (KHTML, like Gecko) Chrome/85.0.4183.102 Safari/537.36
Referer:http://web/calendar.php
Upgrade-Insecure-Requests:1
",cf83e1357eefb8bdf1542850d66d8007d620e4050b5715dc83f4a921d36ce9ce47d0d13c5d85f2b0ff8318d2877eec2f63b931bd47417a81a538327af927da3e,"Server:Apache/2.4.7 (Ubuntu)
Connection:close
Pragma:no-cache
Date:Mon, 11 May 2026 20:59:23 GMT
Cache-Control:no-store, no-cache, must-revalidate, post-check=0, pre-check=0
Expires:Thu, 19 Nov 1981 08:52:00 GMT
Content-Length:41
X-Powered-By:PHP/5.5.9-1ubuntu4.29
Location:/users/login.php
Content-Type:text/html
",cf83e1357eefb8bdf1542850d66d8007d620e4050b5715dc83f4a921d36ce9ce47d0d13c5d85f2b0ff8318d2877eec2f63b931bd47417a81a538327af927da3e,303
http://web/pictures/upload.php,GET,"Cookie:PHPSESSID=aq38o30dsel6tah45jb4oarml7
Accept:text/html,application/xhtml+xml,application/xml;q=0.9,image/avif,image/webp,image/apng,*/*;q=0.8,application/signed-exchange;v=b3;q=0.9
User-Agent:Mozilla/5.0 (X11; Linux x86_64) AppleWebKit/537.36 (KHTML, like Gecko) Chrome/85.0.4183.102 Safari/537.36
Referer:http://web/pictures/recent.php
Upgrade-Insecure-Requests:1
",cf83e1357eefb8bdf1542850d66d8007d620e4050b5715dc83f4a921d36ce9ce47d0d13c5d85f2b0ff8318d2877eec2f63b931bd47417a81a538327af927da3e,"Keep-Alive:timeout=5, max=40
Server:Apache/2.4.7 (Ubuntu)
Connection:Keep-Alive
Pragma:no-cache
Date:Mon, 11 May 2026 20:57:39 GMT
Cache-Control:no-store, no-cache, must-revalidate, post-check=0, pre-check=0
Expires:Thu, 19 Nov 1981 08:52:00 GMT
Content-Length:41
X-Powered-By:PHP/5.5.9-1ubuntu4.29
Location:/users/login.php
Content-Type:text/html
",cf83e1357eefb8bdf1542850d66d8007d620e4050b5715dc83f4a921d36ce9ce47d0d13c5d85f2b0ff8318d2877eec2f63b931bd47417a81a538327af927da3e,303
http://web/users/sample.php?userid=1,GET,"Cookie:PHPSESSID=aq38o30dsel6tah45jb4oarml7
Accept:text/html,application/xhtml+xml,application/xml;q=0.9,image/avif,image/webp,image/apng,*/*;q=0.8,application/signed-exchange;v=b3;q=0.9
User-Agent:Mozilla/5.0 (X11; Linux x86_64) AppleWebKit/537.36 (KHTML, like Gecko) Chrome/85.0.4183.102 Safari/537.36
Referer:http://web/
Upgrade-Insecure-Requests:1
",cf83e1357eefb8bdf1542850d66d8007d620e4050b5715dc83f4a921d36ce9ce47d0d13c5d85f2b0ff8318d2877eec2f63b931bd47417a81a538327af927da3e,"Keep-Alive:timeout=5, max=11
Server:Apache/2.4.7 (Ubuntu)
Connection:Keep-Alive
Pragma:no-cache
Date:Mon, 11 May 2026 20:59:14 GMT
Cache-Control:no-store, no-cache, must-revalidate, post-check=0, pre-check=0
Content-Encoding:gzip
Vary:Accept-Encoding
Expires:Thu, 19 Nov 1981 08:52:00 GMT
Content-Length:981
X-Powered-By:PHP/5.5.9-1ubuntu4.29
Content-Type:text/html
",ac2b449d8c2cc2dd201efc8967765d80527dd3765ba7ac63732c30b9316ee932de1b916197600b6d20368f6912f35033009af347ad3079a560a53199ba372500,200
http://web/users/login.php,GET,"Cookie:PHPSESSID=aq38o30dsel6tah45jb4oarml7
Accept:text/html,application/xhtml+xml,application/xml;q=0.9,image/avif,image/webp,image/apng,*/*;q=0.8,application/signed-exchange;v=b3;q=0.9
User-Agent:Mozilla/5.0 (X11; Linux x86_64) AppleWebKit/537.36 (KHTML, like Gecko) Chrome/85.0.4183.102 Safari/537.36
Referer:http://web/pictures/recent.php
Upgrade-Insecure-Requests:1
",cf83e1357eefb8bdf1542850d66d8007d620e4050b5715dc83f4a921d36ce9ce47d0d13c5d85f2b0ff8318d2877eec2f63b931bd47417a81a538327af927da3e,"Keep-Alive:timeout=5, max=6
Server:Apache/2.4.7 (Ubuntu)
Connection:Keep-Alive
Pragma:no-cache
Date:Mon, 11 May 2026 20:58:01 GMT
Cache-Control:no-store, no-cache, must-revalidate, post-check=0, pre-check=0
Content-Encoding:gzip
Vary:Accept-Encoding
Expires:Thu, 19 Nov 1981 08:52:00 GMT
Content-Length:977
X-Powered-By:PHP/5.5.9-1ubuntu4.29
Content-Type:text/html
",c0a40e60f5456b431d06d4e9ebe2e89a81a108ed2a722af06512651c32afce3b28bf6a8f5402f3b2a3b20aabd2c6200889ab8d634d96d22ec83020a39ac7d6ed,200
http://web/pictures/recent.php,GET,"Cookie:PHPSESSID=aq38o30dsel6tah45jb4oarml7
Accept:text/html,application/xhtml+xml,application/xml;q=0.9,image/avif,image/webp,image/apng,*/*;q=0.8,application/signed-exchange;v=b3;q=0.9
User-Agent:Mozilla/5.0 (X11; Linux x86_64) AppleWebKit/537.36 (KHTML, like Gecko) Chrome/85.0.4183.102 Safari/537.36
Referer:http://web/tos.php
Upgrade-Insecure-Requests:1
",cf83e1357eefb8bdf1542850d66d8007d620e4050b5715dc83f4a921d36ce9ce47d0d13c5d85f2b0ff8318d2877eec2f63b931bd47417a81a538327af927da3e,"Keep-Alive:timeout=5, max=67
Server:Apache/2.4.7 (Ubuntu)
Connection:Keep-Alive
Pragma:no-cache
Date:Mon, 11 May 2026 20:58:30 GMT
Cache-Control:no-store, no-cache, must-revalidate, post-check=0, pre-check=0
Content-Encoding:gzip
Vary:Accept-Encoding
Expires:Thu, 19 Nov 1981 08:52:00 GMT
Content-Length:1088
X-Powered-By:PHP/5.5.9-1ubuntu4.29
Content-Type:text/html
",b4fb2c2bd82440fba24106cdbc68532ff844471c6c4e9796f64eb1974312dde3a91f6c60965b626c5c794f55315b72c958dd2b157e7ef2b36ec7e69a2138c803,200
http://web/pictures/recent.php,GET,"Cookie:PHPSESSID=aq38o30dsel6tah45jb4oarml7
Accept:text/html,application/xhtml+xml,application/xml;q=0.9,image/avif,image/webp,image/apng,*/*;q=0.8,application/signed-exchange;v=b3;q=0.9
User-Agent:Mozilla/5.0 (X11; Linux x86_64) AppleWebKit/537.36 (KHTML, like Gecko) Chrome/85.0.4183.102 Safari/537.36
Referer:http://web/calendar.php
Upgrade-Insecure-Requests:1
",cf83e1357eefb8bdf1542850d66d8007d620e4050b5715dc83f4a921d36ce9ce47d0d13c5d85f2b0ff8318d2877eec2f63b931bd47417a81a538327af927da3e,"Keep-Alive:timeout=5, max=93
Server:Apache/2.4.7 (Ubuntu)
Connection:Keep-Alive
Pragma:no-cache
Date:Mon, 11 May 2026 20:59:28 GMT
Cache-Control:no-store, no-cache, must-revalidate, post-check=0, pre-check=0
Content-Encoding:gzip
Vary:Accept-Encoding
Expires:Thu, 19 Nov 1981 08:52:00 GMT
Content-Length:1086
X-Powered-By:PHP/5.5.9-1ubuntu4.29
Content-Type:text/html
",0e0e727eb623cc4921ed93fad2e77b2306ed67ee4e0f82b31d43a2318dcf3074d20cae86b0c6e54672cda81376a977ddde425fcf9f277bccfb7e9adcfce9e310,200
http://web/passcheck.php,GET,"Cookie:PHPSESSID=aq38o30dsel6tah45jb4oarml7
Accept:text/html,application/xhtml+xml,application/xml;q=0.9,image/avif,image/webp,image/apng,*/*;q=0.8,application/signed-exchange;v=b3;q=0.9
User-Agent:Mozilla/5.0 (X11; Linux x86_64) AppleWebKit/537.36 (KHTML, like Gecko) Chrome/85.0.4183.102 Safari/537.36
Referer:http://web/users/register.php
Upgrade-Insecure-Requests:1
",cf83e1357eefb8bdf1542850d66d8007d620e4050b5715dc83f4a921d36ce9ce47d0d13c5d85f2b0ff8318d2877eec2f63b931bd47417a81a538327af927da3e,"Keep-Alive:timeout=5, max=34
Server:Apache/2.4.7 (Ubuntu)
Connection:Keep-Alive
Pragma:no-cache
Date:Mon, 11 May 2026 21:00:13 GMT
Cache-Control:no-store, no-cache, must-revalidate, post-check=0, pre-check=0
Content-Encoding:gzip
Vary:Accept-Encoding
Expires:Thu, 19 Nov 1981 08:52:00 GMT
Content-Length:928
X-Powered-By:PHP/5.5.9-1ubuntu4.29
Content-Type:text/html
",ba9167b6c06570d2ada721cdb045c51cc5ffcc2fc130e649f52efbb8629eb76419f9e32bbe00583b1d1f1219fd218a0aa52626236b26dc5f4ff33aa6dd0c299f,200
http://web/,GET,"Cookie:PHPSESSID=aq38o30dsel6tah45jb4oarml7
Accept:text/html,application/xhtml+xml,application/xml;q=0.9,image/avif,image/webp,image/apng,*/*;q=0.8,application/signed-exchange;v=b3;q=0.9
User-Agent:Mozilla/5.0 (X11; Linux x86_64) AppleWebKit/537.36 (KHTML, like Gecko) Chrome/85.0.4183.102 Safari/537.36
Referer:http://web/calendar.php?date=1778619574
Upgrade-Insecure-Requests:1
",cf83e1357eefb8bdf1542850d66d8007d620e4050b5715dc83f4a921d36ce9ce47d0d13c5d85f2b0ff8318d2877eec2f63b931bd47417a81a538327af927da3e,"Keep-Alive:timeout=5, max=83
Server:Apache/2.4.7 (Ubuntu)
Connection:Keep-Alive
Pragma:no-cache
Date:Mon, 11 May 2026 20:59:36 GMT
Cache-Control:no-store, no-cache, must-revalidate, post-check=0, pre-check=0
Content-Encoding:gzip
Vary:Accept-Encoding
Expires:Thu, 19 Nov 1981 08:52:00 GMT
Content-Length:1284
X-Powered-By:PHP/5.5.9-1ubuntu4.29
Content-Type:text/html
",1926d919acf7a96b6cd359479e96a6f10677d582eecdaf584315a23771ab95db5a52c8258e2e79872859847dc15011e7d27d45ce1a90b3d1085adc145ba8c762,200
http://web/users/login.php,GET,"Cookie:PHPSESSID=aq38o30dsel6tah45jb4oarml7
Accept:text/html,application/xhtml+xml,application/xml;q=0.9,image/avif,image/webp,image/apng,*/*;q=0.8,application/signed-exchange;v=b3;q=0.9
User-Agent:Mozilla/5.0 (X11; Linux x86_64) AppleWebKit/537.36 (KHTML, like Gecko) Chrome/85.0.4183.102 Safari/537.36
Referer:http://web/pictures/recent.php
Upgrade-Insecure-Requests:1
",cf83e1357eefb8bdf1542850d66d8007d620e4050b5715dc83f4a921d36ce9ce47d0d13c5d85f2b0ff8318d2877eec2f63b931bd47417a81a538327af927da3e,"Keep-Alive:timeout=5, max=99
Server:Apache/2.4.7 (Ubuntu)
Connection:Keep-Alive
Pragma:no-cache
Date:Mon, 11 May 2026 20:58:05 GMT
Cache-Control:no-store, no-cache, must-revalidate, post-check=0, pre-check=0
Content-Encoding:gzip
Vary:Accept-Encoding
Expires:Thu, 19 Nov 1981 08:52:00 GMT
Content-Length:976
X-Powered-By:PHP/5.5.9-1ubuntu4.29
Content-Type:text/html
",a7986b77f0701e620c8c9d7362e5830b9a332a5b4a98c19015c3332c43a0693d0bb3d462b62154b70081c9d88fea9957883a49c45f9f3b609c4c9a86f5794a95,200
http://web/,GET,"Cookie:PHPSESSID=aq38o30dsel6tah45jb4oarml7
Accept:text/html,application/xhtml+xml,application/xml;q=0.9,image/avif,image/webp,image/apng,*/*;q=0.8,application/signed-exchange;v=b3;q=0.9
User-Agent:Mozilla/5.0 (X11; Linux x86_64) AppleWebKit/537.36 (KHTML, like Gecko) Chrome/85.0.4183.102 Safari/537.36
Upgrade-Insecure-Requests:1
",cf83e1357eefb8bdf1542850d66d8007d620e4050b5715dc83f4a921d36ce9ce47d0d13c5d85f2b0ff8318d2877eec2f63b931bd47417a81a538327af927da3e,"Keep-Alive:timeout=5, max=92
Server:Apache/2.4.7 (Ubuntu)
Connection:Keep-Alive
Pragma:no-cache
Date:Mon, 11 May 2026 20:59:28 GMT
Cache-Control:no-store, no-cache, must-revalidate, post-check=0, pre-check=0
Content-Encoding:gzip
Vary:Accept-Encoding
Expires:Thu, 19 Nov 1981 08:52:00 GMT
Content-Length:1283
X-Powered-By:PHP/5.5.9-1ubuntu4.29
Content-Type:text/html
",afc306410c6b956dda596b334112af4ecf3e8424574bbf2c723921a1e7558b9980e1479f47232451e3411dfd658eed43bcfbf60d3ac023927566038b34aca23b,200
http://web/,GET,"Cookie:PHPSESSID=aq38o30dsel6tah45jb4oarml7
Accept:text/html,application/xhtml+xml,application/xml;q=0.9,image/avif,image/webp,image/apng,*/*;q=0.8,application/signed-exchange;v=b3;q=0.9
User-Agent:Mozilla/5.0 (X11; Linux x86_64) AppleWebKit/537.36 (KHTML, like Gecko) Chrome/85.0.4183.102 Safari/537.36
Upgrade-Insecure-Requests:1
",cf83e1357eefb8bdf1542850d66d8007d620e4050b5715dc83f4a921d36ce9ce47d0d13c5d85f2b0ff8318d2877eec2f63b931bd47417a81a538327af927da3e,"Keep-Alive:timeout=5, max=66
Server:Apache/2.4.7 (Ubuntu)
Connection:Keep-Alive
Pragma:no-cache
Date:Mon, 11 May 2026 20:59:49 GMT
Cache-Control:no-store, no-cache, must-revalidate, post-check=0, pre-check=0
Content-Encoding:gzip
Vary:Accept-Encoding
Expires:Thu, 19 Nov 1981 08:52:00 GMT
Content-Length:1284
X-Powered-By:PHP/5.5.9-1ubuntu4.29
Content-Type:text/html
",fd18b8159ea4f0834b5400358286eff0a9491144baa536b27dbe01680bfe21e65921ec933b6047c20d35ccd22f1c9f76929299c7033705b1b46650a1c5ad46d8,200
http://web/calendar.php,GET,"Cookie:PHPSESSID=aq38o30dsel6tah45jb4oarml7
Accept:text/html,application/xhtml+xml,application/xml;q=0.9,image/avif,image/webp,image/apng,*/*;q=0.8,application/signed-exchange;v=b3;q=0.9
User-Agent:Mozilla/5.0 (X11; Linux x86_64) AppleWebKit/537.36 (KHTML, like Gecko) Chrome/85.0.4183.102 Safari/537.36
Referer:http://web/
Upgrade-Insecure-Requests:1
",cf83e1357eefb8bdf1542850d66d8007d620e4050b5715dc83f4a921d36ce9ce47d0d13c5d85f2b0ff8318d2877eec2f63b931bd47417a81a538327af927da3e,"Keep-Alive:timeout=5, max=27
Server:Apache/2.4.7 (Ubuntu)
Connection:Keep-Alive
Pragma:no-cache
Date:Mon, 11 May 2026 21:01:29 GMT
Cache-Control:no-store, no-cache, must-revalidate, post-check=0, pre-check=0
Content-Encoding:gzip
Vary:Accept-Encoding
Expires:Thu, 19 Nov 1981 08:52:00 GMT
Content-Length:943
X-Powered-By:PHP/5.5.9-1ubuntu4.29
Content-Type:text/html
",2b337d2465cc3e208247cb6e8248b18cc63973274f990881fac682cd4cce9badfc2791179bf42d7037c3aed2f8cf67b40c692e440f0e29ed013c9f92da7f57cc,200
http://web/pictures/recent.php,GET,"Cookie:PHPSESSID=aq38o30dsel6tah45jb4oarml7
Accept:text/html,application/xhtml+xml,application/xml;q=0.9,image/avif,image/webp,image/apng,*/*;q=0.8,application/signed-exchange;v=b3;q=0.9
User-Agent:Mozilla/5.0 (X11; Linux x86_64) AppleWebKit/537.36 (KHTML, like Gecko) Chrome/85.0.4183.102 Safari/537.36
Referer:http://web/users/login.php
Upgrade-Insecure-Requests:1
",cf83e1357eefb8bdf1542850d66d8007d620e4050b5715dc83f4a921d36ce9ce47d0d13c5d85f2b0ff8318d2877eec2f63b931bd47417a81a538327af927da3e,"Keep-Alive:timeout=5, max=84
Server:Apache/2.4.7 (Ubuntu)
Connection:Keep-Alive
Pragma:no-cache
Date:Mon, 11 May 2026 20:57:04 GMT
Cache-Control:no-store, no-cache, must-revalidate, post-check=0, pre-check=0
Content-Encoding:gzip
Vary:Accept-Encoding
Expires:Thu, 19 Nov 1981 08:52:00 GMT
Content-Length:1088
X-Powered-By:PHP/5.5.9-1ubuntu4.29
Content-Type:text/html
",08fcbbc84329984fce1db3d67a0e9e9f533b368618b926d16ff5d401ecf828ead0413330d73771cc2ff12863c87863cbcc7c4510146e5eb25a7a4a624bf48871,200
http://web/pictures/recent.php,GET,"Cookie:PHPSESSID=aq38o30dsel6tah45jb4oarml7
Accept:text/html,application/xhtml+xml,application/xml;q=0.9,image/avif,image/webp,image/apng,*/*;q=0.8,application/signed-exchange;v=b3;q=0.9
User-Agent:Mozilla/5.0 (X11; Linux x86_64) AppleWebKit/537.36 (KHTML, like Gecko) Chrome/85.0.4183.102 Safari/537.36
Referer:http://web/
Upgrade-Insecure-Requests:1
",cf83e1357eefb8bdf1542850d66d8007d620e4050b5715dc83f4a921d36ce9ce47d0d13c5d85f2b0ff8318d2877eec2f63b931bd47417a81a538327af927da3e,"Keep-Alive:timeout=5, max=90
Server:Apache/2.4.7 (Ubuntu)
Connection:Keep-Alive
Pragma:no-cache
Date:Mon, 11 May 2026 20:58:12 GMT
Cache-Control:no-store, no-cache, must-revalidate, post-check=0, pre-check=0
Content-Encoding:gzip
Vary:Accept-Encoding
Expires:Thu, 19 Nov 1981 08:52:00 GMT
Content-Length:1087
X-Powered-By:PHP/5.5.9-1ubuntu4.29
Content-Type:text/html
",286a1d9ade989af8a6cad8bdc4d3eed75ee90ce156ec76f47c763369b15d85d29c60be6e42665f2666d31710548bdb877d0a22e115db82e1f0c82b56782e4091,200
http://web/users/login.php,GET,"Cookie:PHPSESSID=aq38o30dsel6tah45jb4oarml7
Accept:text/html,application/xhtml+xml,application/xml;q=0.9,image/avif,image/webp,image/apng,*/*;q=0.8,application/signed-exchange;v=b3;q=0.9
User-Agent:Mozilla/5.0 (X11; Linux x86_64) AppleWebKit/537.36 (KHTML, like Gecko) Chrome/85.0.4183.102 Safari/537.36
Referer:http://web/calendar.php?date=1778619631
Upgrade-Insecure-Requests:1
",cf83e1357eefb8bdf1542850d66d8007d620e4050b5715dc83f4a921d36ce9ce47d0d13c5d85f2b0ff8318d2877eec2f63b931bd47417a81a538327af927da3e,"Keep-Alive:timeout=5, max=7
Server:Apache/2.4.7 (Ubuntu)
Connection:Keep-Alive
Pragma:no-cache
Date:Mon, 11 May 2026 21:00:32 GMT
Cache-Control:no-store, no-cache, must-revalidate, post-check=0, pre-check=0
Content-Encoding:gzip
Vary:Accept-Encoding
Expires:Thu, 19 Nov 1981 08:52:00 GMT
Content-Length:976
X-Powered-By:PHP/5.5.9-1ubuntu4.29
Content-Type:text/html
",67622782ecfbb1f2c0eef5e8b27da6d86adbd21ee08e7af587fb1121e2933be082a501ccad890395261c945d29c7393cb499b0c767d2e2737aa83929364450ce,200
http://web/,GET,"Cookie:PHPSESSID=aq38o30dsel6tah45jb4oarml7
Accept:text/html,application/xhtml+xml,application/xml;q=0.9,image/avif,image/webp,image/apng,*/*;q=0.8,application/signed-exchange;v=b3;q=0.9
User-Agent:Mozilla/5.0 (X11; Linux x86_64) AppleWebKit/537.36 (KHTML, like Gecko) Chrome/85.0.4183.102 Safari/537.36
Upgrade-Insecure-Requests:1
",cf83e1357eefb8bdf1542850d66d8007d620e4050b5715dc83f4a921d36ce9ce47d0d13c5d85f2b0ff8318d2877eec2f63b931bd47417a81a538327af927da3e,"Keep-Alive:timeout=5, max=91
Server:Apache/2.4.7 (Ubuntu)
Connection:Keep-Alive
Pragma:no-cache
Date:Mon, 11 May 2026 20:58:11 GMT
Cache-Control:no-store, no-cache, must-revalidate, post-check=0, pre-check=0
Content-Encoding:gzip
Vary:Accept-Encoding
Expires:Thu, 19 Nov 1981 08:52:00 GMT
Content-Length:1283
X-Powered-By:PHP/5.5.9-1ubuntu4.29
Content-Type:text/html
",272aa61f56a7b1a6cb21052f046068ef4d5eb0357cda8da2b3e1be69c048ab58d68776d8b0182cd05adb5fb9cbfff2012f6d630b45f0a51c059f0ceae2203ca2,200
http://web/calendar.php?date=1778706080,GET,"Cookie:PHPSESSID=aq38o30dsel6tah45jb4oarml7
Accept:text/html,application/xhtml+xml,application/xml;q=0.9,image/avif,image/webp,image/apng,*/*;q=0.8,application/signed-exchange;v=b3;q=0.9
User-Agent:Mozilla/5.0 (X11; Linux x86_64) AppleWebKit/537.36 (KHTML, like Gecko) Chrome/85.0.4183.102 Safari/537.36
Referer:http://web/calendar.php?date=1778619680
Upgrade-Insecure-Requests:1
",cf83e1357eefb8bdf1542850d66d8007d620e4050b5715dc83f4a921d36ce9ce47d0d13c5d85f2b0ff8318d2877eec2f63b931bd47417a81a538327af927da3e,"Keep-Alive:timeout=5, max=39
Server:Apache/2.4.7 (Ubuntu)
Connection:Keep-Alive
Pragma:no-cache
Date:Mon, 11 May 2026 21:01:21 GMT
Cache-Control:no-store, no-cache, must-revalidate, post-check=0, pre-check=0
Content-Encoding:gzip
Vary:Accept-Encoding
Expires:Thu, 19 Nov 1981 08:52:00 GMT
Content-Length:946
X-Powered-By:PHP/5.5.9-1ubuntu4.29
Content-Type:text/html
",5949da733cef59d49872669cbeac16bf9cdfa20209c32cead3688e158de5c2c159e2fca61cdb42dfb636eb6917abb8a361e7cbc32f7d40b4df93d48e74bb5fda,200
http://web/calendar.php,GET,"Cookie:PHPSESSID=aq38o30dsel6tah45jb4oarml7
Accept:text/html,application/xhtml+xml,application/xml;q=0.9,image/avif,image/webp,image/apng,*/*;q=0.8,application/signed-exchange;v=b3;q=0.9
User-Agent:Mozilla/5.0 (X11; Linux x86_64) AppleWebKit/537.36 (KHTML, like Gecko) Chrome/85.0.4183.102 Safari/537.36
Referer:http://web/
Upgrade-Insecure-Requests:1
",cf83e1357eefb8bdf1542850d66d8007d620e4050b5715dc83f4a921d36ce9ce47d0d13c5d85f2b0ff8318d2877eec2f63b931bd47417a81a538327af927da3e,"Keep-Alive:timeout=5, max=88
Server:Apache/2.4.7 (Ubuntu)
Connection:Keep-Alive
Pragma:no-cache
Date:Mon, 11 May 2026 20:59:32 GMT
Cache-Control:no-store, no-cache, must-revalidate, post-check=0, pre-check=0
Content-Encoding:gzip
Vary:Accept-Encoding
Expires:Thu, 19 Nov 1981 08:52:00 GMT
Content-Length:943
X-Powered-By:PHP/5.5.9-1ubuntu4.29
Content-Type:text/html
",d1ca57ce08eff751eb51a40cce0309520e3266a2821730c8544112fa82576f188980ebf6910fb16dbd9bfaf0f35bf17efe64a73dcf14e3a0be380ebd476c5f18,200
http://web/users/login.php,GET,"Cookie:PHPSESSID=aq38o30dsel6tah45jb4oarml7
Accept:text/html,application/xhtml+xml,application/xml;q=0.9,image/avif,image/webp,image/apng,*/*;q=0.8,application/signed-exchange;v=b3;q=0.9
User-Agent:Mozilla/5.0 (X11; Linux x86_64) AppleWebKit/537.36 (KHTML, like Gecko) Chrome/85.0.4183.102 Safari/537.36
Referer:http://web/calendar.php
Upgrade-Insecure-Requests:1
",cf83e1357eefb8bdf1542850d66d8007d620e4050b5715dc83f4a921d36ce9ce47d0d13c5d85f2b0ff8318d2877eec2f63b931bd47417a81a538327af927da3e,"Keep-Alive:timeout=5, max=100
Server:Apache/2.4.7 (Ubuntu)
Connection:Keep-Alive
Pragma:no-cache
Date:Mon, 11 May 2026 20:59:23 GMT
Cache-Control:no-store, no-cache, must-revalidate, post-check=0, pre-check=0
Content-Encoding:gzip
Vary:Accept-Encoding
Expires:Thu, 19 Nov 1981 08:52:00 GMT
Content-Length:977
X-Powered-By:PHP/5.5.9-1ubuntu4.29
Content-Type:text/html
",3d9a170dc17160a979968213dfc490a74c5b4b5bf26310ec89af812ac66347cac8a9908b2bcdbf17153a557898cbf4e4ee9288f372a7f6b5b1d07b4e935ea292,200
http://web/,GET,"Cookie:PHPSESSID=aq38o30dsel6tah45jb4oarml7
Accept:text/html,application/xhtml+xml,application/xml;q=0.9,image/avif,image/webp,image/apng,*/*;q=0.8,application/signed-exchange;v=b3;q=0.9
User-Agent:Mozilla/5.0 (X11; Linux x86_64) AppleWebKit/537.36 (KHTML, like Gecko) Chrome/85.0.4183.102 Safari/537.36
Upgrade-Insecure-Requests:1
",cf83e1357eefb8bdf1542850d66d8007d620e4050b5715dc83f4a921d36ce9ce47d0d13c5d85f2b0ff8318d2877eec2f63b931bd47417a81a538327af927da3e,"Keep-Alive:timeout=5, max=32
Server:Apache/2.4.7 (Ubuntu)
Connection:Keep-Alive
Pragma:no-cache
Date:Mon, 11 May 2026 21:00:15 GMT
Cache-Control:no-store, no-cache, must-revalidate, post-check=0, pre-check=0
Content-Encoding:gzip
Vary:Accept-Encoding
Expires:Thu, 19 Nov 1981 08:52:00 GMT
Content-Length:1283
X-Powered-By:PHP/5.5.9-1ubuntu4.29
Content-Type:text/html
",029fc4b2422228fc9c0d5bcecb42101ad2695e99287d3a0582bde5c40bc33ab6302da0748c7e2a02ec0f251300d7bba8533f996c1e417cce847dd6be8f1668ed,200
http://web/,GET,"Cookie:PHPSESSID=aq38o30dsel6tah45jb4oarml7
Accept:text/html,application/xhtml+xml,application/xml;q=0.9,image/avif,image/webp,image/apng,*/*;q=0.8,application/signed-exchange;v=b3;q=0.9
User-Agent:Mozilla/5.0 (X11; Linux x86_64) AppleWebKit/537.36 (KHTML, like Gecko) Chrome/85.0.4183.102 Safari/537.36
Upgrade-Insecure-Requests:1
",cf83e1357eefb8bdf1542850d66d8007d620e4050b5715dc83f4a921d36ce9ce47d0d13c5d85f2b0ff8318d2877eec2f63b931bd47417a81a538327af927da3e,"Keep-Alive:timeout=5, max=9
Server:Apache/2.4.7 (Ubuntu)
Connection:Keep-Alive
Pragma:no-cache
Date:Mon, 11 May 2026 20:59:16 GMT
Cache-Control:no-store, no-cache, must-revalidate, post-check=0, pre-check=0
Content-Encoding:gzip
Vary:Accept-Encoding
Expires:Thu, 19 Nov 1981 08:52:00 GMT
Content-Length:1283
X-Powered-By:PHP/5.5.9-1ubuntu4.29
Content-Type:text/html
",b2b6d989a20479707ac1d2652eea8d6dd9dcc53beb75c2c3ee5286205ca6f5674cd296bde141c461e60f6ef14307085aed318c115f29a50a7fdc97b34aea14dc,200
http://web/users/login.php,GET,"Cookie:PHPSESSID=aq38o30dsel6tah45jb4oarml7
Accept:text/html,application/xhtml+xml,application/xml;q=0.9,image/avif,image/webp,image/apng,*/*;q=0.8,application/signed-exchange;v=b3;q=0.9
User-Agent:Mozilla/5.0 (X11; Linux x86_64) AppleWebKit/537.36 (KHTML, like Gecko) Chrome/85.0.4183.102 Safari/537.36
Referer:http://web/pictures/recent.php
Upgrade-Insecure-Requests:1
",cf83e1357eefb8bdf1542850d66d8007d620e4050b5715dc83f4a921d36ce9ce47d0d13c5d85f2b0ff8318d2877eec2f63b931bd47417a81a538327af927da3e,"Keep-Alive:timeout=5, max=22
Server:Apache/2.4.7 (Ubuntu)
Connection:Keep-Alive
Pragma:no-cache
Date:Mon, 11 May 2026 20:57:51 GMT
Cache-Control:no-store, no-cache, must-revalidate, post-check=0, pre-check=0
Content-Encoding:gzip
Vary:Accept-Encoding
Expires:Thu, 19 Nov 1981 08:52:00 GMT
Content-Length:976
X-Powered-By:PHP/5.5.9-1ubuntu4.29
Content-Type:text/html
",f7734943bdeaf7c36e65eb951cf9cc8b42c82930bc67efb5bbd0a54765284d61f1f6ae2e55911f1dac157ec34ad8de520ca2ee788da1f4f88330d65f5cd946d0,200
http://web/css/blueprint/print.css,GET,"Cookie:PHPSESSID=aq38o30dsel6tah45jb4oarml7
Accept:text/css,*/*;q=0.1
User-Agent:Mozilla/5.0 (X11; Linux x86_64) AppleWebKit/537.36 (KHTML, like Gecko) Chrome/85.0.4183.102 Safari/537.36
Referer:http://web/calendar.php
",cf83e1357eefb8bdf1542850d66d8007d620e4050b5715dc83f4a921d36ce9ce47d0d13c5d85f2b0ff8318d2877eec2f63b931bd47417a81a538327af927da3e,"Server:Apache/2.4.7 (Ubuntu)
Last-Modified:Thu, 02 Feb 2017 22:24:09 GMT
Date:Mon, 11 May 2026 20:56:53 GMT
Accept-Ranges:bytes
ETag:""52d-547939fb8b440-gzip""
Content-Encoding:gzip
Vary:Accept-Encoding
Content-Length:674
Content-Type:text/css
",382bc7f4ad396de8dacb65598554ab8e1fe76b268c9b97e377be5fe694d07688463ac138e683332f401b64a7a2e8418a2a9f7f9d96e548ee8581d228368f7524,200
http://web/pictures/recent.php,GET,"Cookie:PHPSESSID=aq38o30dsel6tah45jb4oarml7
Accept:text/html,application/xhtml+xml,application/xml;q=0.9,image/avif,image/webp,image/apng,*/*;q=0.8,application/signed-exchange;v=b3;q=0.9
User-Agent:Mozilla/5.0 (X11; Linux x86_64) AppleWebKit/537.36 (KHTML, like Gecko) Chrome/85.0.4183.102 Safari/537.36
Referer:http://web/
Upgrade-Insecure-Requests:1
",cf83e1357eefb8bdf1542850d66d8007d620e4050b5715dc83f4a921d36ce9ce47d0d13c5d85f2b0ff8318d2877eec2f63b931bd47417a81a538327af927da3e,"Keep-Alive:timeout=5, max=41
Server:Apache/2.4.7 (Ubuntu)
Connection:Keep-Alive
Pragma:no-cache
Date:Mon, 11 May 2026 20:57:38 GMT
Cache-Control:no-store, no-cache, must-revalidate, post-check=0, pre-check=0
Content-Encoding:gzip
Vary:Accept-Encoding
Expires:Thu, 19 Nov 1981 08:52:00 GMT
Content-Length:1086
X-Powered-By:PHP/5.5.9-1ubuntu4.29
Content-Type:text/html
",af64115423a602ef74929f90aaeca574e85c36d1b6c492bfc56dae80c1e6c34fecf9ba98063baf69c1c93c90bae74fbeb027824c03c707dbdc4e05855e20655e,200
http://web/users/register.php,POST,"Origin:http://web
Cookie:PHPSESSID=aq38o30dsel6tah45jb4oarml7
Accept:text/html,application/xhtml+xml,application/xml;q=0.9,image/avif,image/webp,image/apng,*/*;q=0.8,application/signed-exchange;v=b3;q=0.9
User-Agent:Mozilla/5.0 (X11; Linux x86_64) AppleWebKit/537.36 (KHTML, like Gecko) Chrome/85.0.4183.102 Safari/537.36
Referer:http://web/users/register.php
Upgrade-Insecure-Requests:1
Content-Type:application/x-www-form-urlencoded
",798e357dd9ff49a9024f1dcf84059f5b20e1b80b5dea94a83985cd7c918b7446de7b053b626af62837622e758f518205be4087bd16bc59bfe3ab3b5a214cb8b8,"Keep-Alive:timeout=5, max=34
Server:Apache/2.4.7 (Ubuntu)
Connection:Keep-Alive
Pragma:no-cache
Date:Mon, 11 May 2026 20:58:58 GMT
Cache-Control:no-store, no-cache, must-revalidate, post-check=0, pre-check=0
Content-Encoding:gzip
Vary:Accept-Encoding
Expires:Thu, 19 Nov 1981 08:52:00 GMT
Content-Length:1100
X-Powered-By:PHP/5.5.9-1ubuntu4.29
Content-Type:text/html
",d9c2c711771a669435de6cfd4ec25d46cc78456ee8cc4780d6bf9ed46e31eb90e7dc5ddd1cc90e83c5a8e66ed7a9f72c06f5c7469affdba92338d32b66178616,200
http://web/users/login.php,GET,"Cookie:PHPSESSID=aq38o30dsel6tah45jb4oarml7
Accept:text/html,application/xhtml+xml,application/xml;q=0.9,image/avif,image/webp,image/apng,*/*;q=0.8,application/signed-exchange;v=b3;q=0.9
User-Agent:Mozilla/5.0 (X11; Linux x86_64) AppleWebKit/537.36 (KHTML, like Gecko) Chrome/85.0.4183.102 Safari/537.36
Referer:http://web/users/login.php
Upgrade-Insecure-Requests:1
",cf83e1357eefb8bdf1542850d66d8007d620e4050b5715dc83f4a921d36ce9ce47d0d13c5d85f2b0ff8318d2877eec2f63b931bd47417a81a538327af927da3e,"Keep-Alive:timeout=5, max=72
Server:Apache/2.4.7 (Ubuntu)
Connection:Keep-Alive
Pragma:no-cache
Date:Mon, 11 May 2026 20:57:12 GMT
Cache-Control:no-store, no-cache, must-revalidate, post-check=0, pre-check=0
Content-Encoding:gzip
Vary:Accept-Encoding
Expires:Thu, 19 Nov 1981 08:52:00 GMT
Content-Length:976
X-Powered-By:PHP/5.5.9-1ubuntu4.29
Content-Type:text/html
",8b92c0c0efc7dc76c89a324c40329bafc635b5330962334907fe444a8deb77d1b4bdf5a069ff44115e2a43161e2566f8176c2cf5f384e54a31c215f2226fe08f,200
http://web/,GET,"Cookie:PHPSESSID=aq38o30dsel6tah45jb4oarml7
Accept:text/html,application/xhtml+xml,application/xml;q=0.9,image/avif,image/webp,image/apng,*/*;q=0.8,application/signed-exchange;v=b3;q=0.9
User-Agent:Mozilla/5.0 (X11; Linux x86_64) AppleWebKit/537.36 (KHTML, like Gecko) Chrome/85.0.4183.102 Safari/537.36
Upgrade-Insecure-Requests:1
",cf83e1357eefb8bdf1542850d66d8007d620e4050b5715dc83f4a921d36ce9ce47d0d13c5d85f2b0ff8318d2877eec2f63b931bd47417a81a538327af927da3e,"Keep-Alive:timeout=5, max=28
Server:Apache/2.4.7 (Ubuntu)
Connection:Keep-Alive
Pragma:no-cache
Date:Mon, 11 May 2026 21:00:18 GMT
Cache-Control:no-store, no-cache, must-revalidate, post-check=0, pre-check=0
Content-Encoding:gzip
Vary:Accept-Encoding
Expires:Thu, 19 Nov 1981 08:52:00 GMT
Content-Length:1284
X-Powered-By:PHP/5.5.9-1ubuntu4.29
Content-Type:text/html
",d088c5a10c4d85a835010214c08da99bb066d0ff58040efe394285c78ed4ffd892990ede1d5a903eaf3f4e038e8fc77405a2e30df7eb1951f1f85fcea57e3273,200
http://web/users/home.php,GET,"Cookie:PHPSESSID=aq38o30dsel6tah45jb4oarml7
Accept:text/html,application/xhtml+xml,application/xml;q=0.9,image/avif,image/webp,image/apng,*/*;q=0.8,application/signed-exchange;v=b3;q=0.9
User-Agent:Mozilla/5.0 (X11; Linux x86_64) AppleWebKit/537.36 (KHTML, like Gecko) Chrome/85.0.4183.102 Safari/537.36
Referer:http://web/calendar.php?date=1778706047
Upgrade-Insecure-Requests:1
",cf83e1357eefb8bdf1542850d66d8007d620e4050b5715dc83f4a921d36ce9ce47d0d13c5d85f2b0ff8318d2877eec2f63b931bd47417a81a538327af927da3e,"Keep-Alive:timeout=5, max=86
Server:Apache/2.4.7 (Ubuntu)
Connection:Keep-Alive
Pragma:no-cache
Date:Mon, 11 May 2026 21:00:49 GMT
Cache-Control:no-store, no-cache, must-revalidate, post-check=0, pre-check=0
Expires:Thu, 19 Nov 1981 08:52:00 GMT
Content-Length:41
X-Powered-By:PHP/5.5.9-1ubuntu4.29
Location:/users/login.php
Content-Type:text/html
",cf83e1357eefb8bdf1542850d66d8007d620e4050b5715dc83f4a921d36ce9ce47d0d13c5d85f2b0ff8318d2877eec2f63b931bd47417a81a538327af927da3e,303
http://web/calendar.php,GET,"Cookie:PHPSESSID=aq38o30dsel6tah45jb4oarml7
Accept:text/html,application/xhtml+xml,application/xml;q=0.9,image/avif,image/webp,image/apng,*/*;q=0.8,application/signed-exchange;v=b3;q=0.9
User-Agent:Mozilla/5.0 (X11; Linux x86_64) AppleWebKit/537.36 (KHTML, like Gecko) Chrome/85.0.4183.102 Safari/537.36
Referer:http://web/
Upgrade-Insecure-Requests:1
",cf83e1357eefb8bdf1542850d66d8007d620e4050b5715dc83f4a921d36ce9ce47d0d13c5d85f2b0ff8318d2877eec2f63b931bd47417a81a538327af927da3e,"Server:Apache/2.4.7 (Ubuntu)
Connection:close
Pragma:no-cache
Date:Mon, 11 May 2026 21:00:38 GMT
Cache-Control:no-store, no-cache, must-revalidate, post-check=0, pre-check=0
Content-Encoding:gzip
Vary:Accept-Encoding
Expires:Thu, 19 Nov 1981 08:52:00 GMT
Content-Length:945
X-Powered-By:PHP/5.5.9-1ubuntu4.29
Content-Type:text/html
",1e8237cc3422da1bacf056749775f8d0f3eb0238c84eb4d6b4c60c523c1e6698afc1a92400348c8152ab9ddebd51333946e9b1734f15bb18d28579211bead7a1,200
http://web/calendar.php?date=1778619707,GET,"Cookie:PHPSESSID=aq38o30dsel6tah45jb4oarml7
Accept:text/html,application/xhtml+xml,application/xml;q=0.9,image/avif,image/webp,image/apng,*/*;q=0.8,application/signed-exchange;v=b3;q=0.9
User-Agent:Mozilla/5.0 (X11; Linux x86_64) AppleWebKit/537.36 (KHTML, like Gecko) Chrome/85.0.4183.102 Safari/537.36
Referer:http://web/calendar.php
Upgrade-Insecure-Requests:1
",cf83e1357eefb8bdf1542850d66d8007d620e4050b5715dc83f4a921d36ce9ce47d0d13c5d85f2b0ff8318d2877eec2f63b931bd47417a81a538327af927da3e,"Keep-Alive:timeout=5, max=1
Server:Apache/2.4.7 (Ubuntu)
Connection:Keep-Alive
Pragma:no-cache
Date:Mon, 11 May 2026 21:01:47 GMT
Cache-Control:no-store, no-cache, must-revalidate, post-check=0, pre-check=0
Content-Encoding:gzip
Vary:Accept-Encoding
Expires:Thu, 19 Nov 1981 08:52:00 GMT
Content-Length:945
X-Powered-By:PHP/5.5.9-1ubuntu4.29
Content-Type:text/html
",c59c5175c09911f64036930591bbb84c8256b33d8103cfa776e90761f6fb921f6ab8ec83574456599485d0be0b11721c5a87e42d811997f02cc6275dfa6484ad,200
http://web/,GET,"Cookie:PHPSESSID=aq38o30dsel6tah45jb4oarml7
Accept:text/html,application/xhtml+xml,application/xml;q=0.9,image/avif,image/webp,image/apng,*/*;q=0.8,application/signed-exchange;v=b3;q=0.9
User-Agent:Mozilla/5.0 (X11; Linux x86_64) AppleWebKit/537.36 (KHTML, like Gecko) Chrome/85.0.4183.102 Safari/537.36
Referer:http://web/calendar.php?date=1778792507
Upgrade-Insecure-Requests:1
",cf83e1357eefb8bdf1542850d66d8007d620e4050b5715dc83f4a921d36ce9ce47d0d13c5d85f2b0ff8318d2877eec2f63b931bd47417a81a538327af927da3e,"Keep-Alive:timeout=5, max=99
Server:Apache/2.4.7 (Ubuntu)
Connection:Keep-Alive
Pragma:no-cache
Date:Mon, 11 May 2026 21:01:49 GMT
Cache-Control:no-store, no-cache, must-revalidate, post-check=0, pre-check=0
Content-Encoding:gzip
Vary:Accept-Encoding
Expires:Thu, 19 Nov 1981 08:52:00 GMT
Content-Length:1283
X-Powered-By:PHP/5.5.9-1ubuntu4.29
Content-Type:text/html
",a6849b57c9859e6fa5655d7a5b6840c693e83c45781bbb2aad5cd68d39ab67580d402265cbcfa6a704316ef27a2d845c88e9121eef1b6305279ebc1716bc3af0,200
http://web/users/register.php,GET,"Cookie:PHPSESSID=aq38o30dsel6tah45jb4oarml7
Accept:text/html,application/xhtml+xml,application/xml;q=0.9,image/avif,image/webp,image/apng,*/*;q=0.8,application/signed-exchange;v=b3;q=0.9
User-Agent:Mozilla/5.0 (X11; Linux x86_64) AppleWebKit/537.36 (KHTML, like Gecko) Chrome/85.0.4183.102 Safari/537.36
Referer:http://web/
Upgrade-Insecure-Requests:1
",cf83e1357eefb8bdf1542850d66d8007d620e4050b5715dc83f4a921d36ce9ce47d0d13c5d85f2b0ff8318d2877eec2f63b931bd47417a81a538327af927da3e,"Keep-Alive:timeout=5, max=62
Server:Apache/2.4.7 (Ubuntu)
Connection:Keep-Alive
Pragma:no-cache
Date:Mon, 11 May 2026 20:58:34 GMT
Cache-Control:no-store, no-cache, must-revalidate, post-check=0, pre-check=0
Content-Encoding:gzip
Vary:Accept-Encoding
Expires:Thu, 19 Nov 1981 08:52:00 GMT
Content-Length:1099
X-Powered-By:PHP/5.5.9-1ubuntu4.29
Content-Type:text/html
",7bc7b54d8b84a4fc318b856eb1baf00e724e41496893df3d77e53d050a8ef7f0753ecd6327c12a748c070e5b4c735565c06502bb567e4c9899eef0a683d3ff21,200
http://web/tos.php,GET,"Cookie:PHPSESSID=aq38o30dsel6tah45jb4oarml7
Accept:text/html,application/xhtml+xml,application/xml;q=0.9,image/avif,image/webp,image/apng,*/*;q=0.8,application/signed-exchange;v=b3;q=0.9
User-Agent:Mozilla/5.0 (X11; Linux x86_64) AppleWebKit/537.36 (KHTML, like Gecko) Chrome/85.0.4183.102 Safari/537.36
Referer:http://web/calendar.php
Upgrade-Insecure-Requests:1
",cf83e1357eefb8bdf1542850d66d8007d620e4050b5715dc83f4a921d36ce9ce47d0d13c5d85f2b0ff8318d2877eec2f63b931bd47417a81a538327af927da3e,"Keep-Alive:timeout=5, max=74
Server:Apache/2.4.7 (Ubuntu)
Connection:Keep-Alive
Pragma:no-cache
Date:Mon, 11 May 2026 20:59:43 GMT
Cache-Control:no-store, no-cache, must-revalidate, post-check=0, pre-check=0
Content-Encoding:gzip
Vary:Accept-Encoding
Expires:Thu, 19 Nov 1981 08:52:00 GMT
Content-Length:10229
X-Powered-By:PHP/5.5.9-1ubuntu4.29
Content-Type:text/html
",750425d43d62dc9d1c9b7ffd9621f40eb75e9ca11714ccf2daef5b5041c1c3a290ca6d4b6b0abae300f4551cb01efa1184e1ce66c07a5622a70c2cf68bfa48c9,200
http://web/tos.php,GET,"Cookie:PHPSESSID=aq38o30dsel6tah45jb4oarml7
Accept:text/html,application/xhtml+xml,application/xml;q=0.9,image/avif,image/webp,image/apng,*/*;q=0.8,application/signed-exchange;v=b3;q=0.9
User-Agent:Mozilla/5.0 (X11; Linux x86_64) AppleWebKit/537.36 (KHTML, like Gecko) Chrome/85.0.4183.102 Safari/537.36
Referer:http://web/passcheck.php
Upgrade-Insecure-Requests:1
",cf83e1357eefb8bdf1542850d66d8007d620e4050b5715dc83f4a921d36ce9ce47d0d13c5d85f2b0ff8318d2877eec2f63b931bd47417a81a538327af927da3e,"Keep-Alive:timeout=5, max=33
Server:Apache/2.4.7 (Ubuntu)
Connection:Keep-Alive
Pragma:no-cache
Date:Mon, 11 May 2026 21:00:14 GMT
Cache-Control:no-store, no-cache, must-revalidate, post-check=0, pre-check=0
Content-Encoding:gzip
Vary:Accept-Encoding
Expires:Thu, 19 Nov 1981 08:52:00 GMT
Content-Length:10229
X-Powered-By:PHP/5.5.9-1ubuntu4.29
Content-Type:text/html
",59561dcc9f357fb7cb4b0c2a871b5cd27d3e2e121b8f7994b93bb6fdf38a2d61db62af07ae5a99e92273251b7677d19bfce263c3c6f8d9db3aad0bdc0a51b585,200
http://web/pictures/upload.php,GET,"Cookie:PHPSESSID=aq38o30dsel6tah45jb4oarml7
Accept:text/html,application/xhtml+xml,application/xml;q=0.9,image/avif,image/webp,image/apng,*/*;q=0.8,application/signed-exchange;v=b3;q=0.9
User-Agent:Mozilla/5.0 (X11; Linux x86_64) AppleWebKit/537.36 (KHTML, like Gecko) Chrome/85.0.4183.102 Safari/537.36
Referer:http://web/guestbook.php
Upgrade-Insecure-Requests:1
",cf83e1357eefb8bdf1542850d66d8007d620e4050b5715dc83f4a921d36ce9ce47d0d13c5d85f2b0ff8318d2877eec2f63b931bd47417a81a538327af927da3e,"Keep-Alive:timeout=5, max=34
Server:Apache/2.4.7 (Ubuntu)
Connection:Keep-Alive
Pragma:no-cache
Date:Mon, 11 May 2026 20:57:43 GMT
Cache-Control:no-store, no-cache, must-revalidate, post-check=0, pre-check=0
Expires:Thu, 19 Nov 1981 08:52:00 GMT
Content-Length:41
X-Powered-By:PHP/5.5.9-1ubuntu4.29
Location:/users/login.php
Content-Type:text/html
",cf83e1357eefb8bdf1542850d66d8007d620e4050b5715dc83f4a921d36ce9ce47d0d13c5d85f2b0ff8318d2877eec2f63b931bd47417a81a538327af927da3e,303
http://web/css/blueprint/print.css,GET,"Cookie:PHPSESSID=aq38o30dsel6tah45jb4oarml7
Accept:text/css,*/*;q=0.1
User-Agent:Mozilla/5.0 (X11; Linux x86_64) AppleWebKit/537.36 (KHTML, like Gecko) Chrome/85.0.4183.102 Safari/537.36
Referer:http://web/guestbook.php
",cf83e1357eefb8bdf1542850d66d8007d620e4050b5715dc83f4a921d36ce9ce47d0d13c5d85f2b0ff8318d2877eec2f63b931bd47417a81a538327af927da3e,"Server:Apache/2.4.7 (Ubuntu)
Last-Modified:Thu, 02 Feb 2017 22:24:09 GMT
Date:Mon, 11 May 2026 20:56:53 GMT
Accept-Ranges:bytes
ETag:""52d-547939fb8b440-gzip""
Content-Encoding:gzip
Vary:Accept-Encoding
Content-Length:674
Content-Type:text/css
",382bc7f4ad396de8dacb65598554ab8e1fe76b268c9b97e377be5fe694d07688463ac138e683332f401b64a7a2e8418a2a9f7f9d96e548ee8581d228368f7524,200
http://web/admin/index.php?page=login,GET,"Cookie:PHPSESSID=aq38o30dsel6tah45jb4oarml7
Accept:text/html,application/xhtml+xml,application/xml;q=0.9,image/avif,image/webp,image/apng,*/*;q=0.8,application/signed-exchange;v=b3;q=0.9
User-Agent:Mozilla/5.0 (X11; Linux x86_64) AppleWebKit/537.36 (KHTML, like Gecko) Chrome/85.0.4183.102 Safari/537.36
Referer:http://web/guestbook.php
Upgrade-Insecure-Requests:1
",cf83e1357eefb8bdf1542850d66d8007d620e4050b5715dc83f4a921d36ce9ce47d0d13c5d85f2b0ff8318d2877eec2f63b931bd47417a81a538327af927da3e,"Keep-Alive:timeout=5, max=71
Server:Apache/2.4.7 (Ubuntu)
Connection:Keep-Alive
Pragma:no-cache
Date:Mon, 11 May 2026 20:58:27 GMT
Cache-Control:no-store, no-cache, must-revalidate, post-check=0, pre-check=0
Content-Encoding:gzip
Vary:Accept-Encoding
Expires:Thu, 19 Nov 1981 08:52:00 GMT
Content-Length:217
X-Powered-By:PHP/5.5.9-1ubuntu4.29
Content-Type:text/html
",a0b666a6d6d8996053840a2cf042cfa21a5072e512dca9f58ea033a6c6a0ddb92f79b07b1f1716d7639d17616ed3af882cf44c20aca7a1a3bc4f89abfea11b94,200
http://web/,GET,"Cookie:PHPSESSID=aq38o30dsel6tah45jb4oarml7
Accept:text/html,application/xhtml+xml,application/xml;q=0.9,image/avif,image/webp,image/apng,*/*;q=0.8,application/signed-exchange;v=b3;q=0.9
User-Agent:Mozilla/5.0 (X11; Linux x86_64) AppleWebKit/537.36 (KHTML, like Gecko) Chrome/85.0.4183.102 Safari/537.36
Referer:http://web/calendar.php?date=1778792465
Upgrade-Insecure-Requests:1
",cf83e1357eefb8bdf1542850d66d8007d620e4050b5715dc83f4a921d36ce9ce47d0d13c5d85f2b0ff8318d2877eec2f63b931bd47417a81a538327af927da3e,"Keep-Alive:timeout=5, max=58
Server:Apache/2.4.7 (Ubuntu)
Connection:Keep-Alive
Pragma:no-cache
Date:Mon, 11 May 2026 21:01:08 GMT
Cache-Control:no-store, no-cache, must-revalidate, post-check=0, pre-check=0
Content-Encoding:gzip
Vary:Accept-Encoding
Expires:Thu, 19 Nov 1981 08:52:00 GMT
Content-Length:1284
X-Powered-By:PHP/5.5.9-1ubuntu4.29
Content-Type:text/html
",7d608f4426ddbb9e14953b5a5fe90b5b4e9e73872d73b53eed34e51629f479c7a1f6a6897ca03987d58699ab3ed30e84bbb04de7e2f6421d0a64fd4415406124,200
http://web/pictures/recent.php,GET,"Cookie:PHPSESSID=aq38o30dsel6tah45jb4oarml7
Accept:text/html,application/xhtml+xml,application/xml;q=0.9,image/avif,image/webp,image/apng,*/*;q=0.8,application/signed-exchange;v=b3;q=0.9
User-Agent:Mozilla/5.0 (X11; Linux x86_64) AppleWebKit/537.36 (KHTML, like Gecko) Chrome/85.0.4183.102 Safari/537.36
Referer:http://web/
Upgrade-Insecure-Requests:1
",cf83e1357eefb8bdf1542850d66d8007d620e4050b5715dc83f4a921d36ce9ce47d0d13c5d85f2b0ff8318d2877eec2f63b931bd47417a81a538327af927da3e,"Keep-Alive:timeout=5, max=20
Server:Apache/2.4.7 (Ubuntu)
Connection:Keep-Alive
Pragma:no-cache
Date:Mon, 11 May 2026 20:57:52 GMT
Cache-Control:no-store, no-cache, must-revalidate, post-check=0, pre-check=0
Content-Encoding:gzip
Vary:Accept-Encoding
Expires:Thu, 19 Nov 1981 08:52:00 GMT
Content-Length:1088
X-Powered-By:PHP/5.5.9-1ubuntu4.29
Content-Type:text/html
",33866c00ad4767a755cef86fe9665f965b6f6b1182d104e8713b9833d69415fe0dac4209aac525d141eb7cd9f5c240745004a8b8e115f443143185bc7d632a14,200
http://web/passcheck.php,POST,"Origin:http://web
Cookie:PHPSESSID=aq38o30dsel6tah45jb4oarml7
Accept:text/html,application/xhtml+xml,application/xml;q=0.9,image/avif,image/webp,image/apng,*/*;q=0.8,application/signed-exchange;v=b3;q=0.9
User-Agent:Mozilla/5.0 (X11; Linux x86_64) AppleWebKit/537.36 (KHTML, like Gecko) Chrome/85.0.4183.102 Safari/537.36
Referer:http://web/passcheck.php
Upgrade-Insecure-Requests:1
Content-Type:application/x-www-form-urlencoded
",8a68908a87a6cdd8ee39f113bc666b4b002bf82ba2045008513c627578378460bec6bedb37c351dd1f67b86cab873490c708dfdd2b4d55e71dbaf0f05e4f2f32,"Keep-Alive:timeout=5, max=29
Server:Apache/2.4.7 (Ubuntu)
Connection:Keep-Alive
Pragma:no-cache
Date:Mon, 11 May 2026 21:00:17 GMT
Cache-Control:no-store, no-cache, must-revalidate, post-check=0, pre-check=0
Content-Encoding:gzip
Vary:Accept-Encoding
Expires:Thu, 19 Nov 1981 08:52:00 GMT
Content-Length:929
X-Powered-By:PHP/5.5.9-1ubuntu4.29
Content-Type:text/html
",ec0bc5b0f2adcc0177693a9071e275f53b4bb4976d1919dc56b2731d96557d022138ab80e0782c33931c36c2b53ec074718abeb53ac97309bf68f604b506d9f5,200
http://web/,GET,"Cookie:PHPSESSID=aq38o30dsel6tah45jb4oarml7
Accept:text/html,application/xhtml+xml,application/xml;q=0.9,image/avif,image/webp,image/apng,*/*;q=0.8,application/signed-exchange;v=b3;q=0.9
User-Agent:Mozilla/5.0 (X11; Linux x86_64) AppleWebKit/537.36 (KHTML, like Gecko) Chrome/85.0.4183.102 Safari/537.36
Upgrade-Insecure-Requests:1
",cf83e1357eefb8bdf1542850d66d8007d620e4050b5715dc83f4a921d36ce9ce47d0d13c5d85f2b0ff8318d2877eec2f63b931bd47417a81a538327af927da3e,"Keep-Alive:timeout=5, max=95
Server:Apache/2.4.7 (Ubuntu)
Connection:Keep-Alive
Pragma:no-cache
Date:Mon, 11 May 2026 20:56:55 GMT
Cache-Control:no-store, no-cache, must-revalidate, post-check=0, pre-check=0
Content-Encoding:gzip
Vary:Accept-Encoding
Expires:Thu, 19 Nov 1981 08:52:00 GMT
Content-Length:1284
X-Powered-By:PHP/5.5.9-1ubuntu4.29
Content-Type:text/html
",6b110baa9895ff65fa7036a85bfbe40b8d3465b3518ebd036d8fc68e15dd593e8ad4da665d68100c7dee312f5cc246ae4f5e2aa0e83f9bb9bf28c1100213b67b,200
http://web/calendar.php?date=1778706065,GET,"Cookie:PHPSESSID=aq38o30dsel6tah45jb4oarml7
Accept:text/html,application/xhtml+xml,application/xml;q=0.9,image/avif,image/webp,image/apng,*/*;q=0.8,application/signed-exchange;v=b3;q=0.9
User-Agent:Mozilla/5.0 (X11; Linux x86_64) AppleWebKit/537.36 (KHTML, like Gecko) Chrome/85.0.4183.102 Safari/537.36
Referer:http://web/calendar.php?date=1778619665
Upgrade-Insecure-Requests:1
",cf83e1357eefb8bdf1542850d66d8007d620e4050b5715dc83f4a921d36ce9ce47d0d13c5d85f2b0ff8318d2877eec2f63b931bd47417a81a538327af927da3e,"Keep-Alive:timeout=5, max=60
Server:Apache/2.4.7 (Ubuntu)
Connection:Keep-Alive
Pragma:no-cache
Date:Mon, 11 May 2026 21:01:06 GMT
Cache-Control:no-store, no-cache, must-revalidate, post-check=0, pre-check=0
Content-Encoding:gzip
Vary:Accept-Encoding
Expires:Thu, 19 Nov 1981 08:52:00 GMT
Content-Length:946
X-Powered-By:PHP/5.5.9-1ubuntu4.29
Content-Type:text/html
",2aabcd20d07dbb9aeaaaad69415805bf43789fd2ff184c542c3221af41665a74af3bc3f73ddfec7a2def68b45cbcd3dbb5756a520edee06a3f191c259d1c4d96,200
http://web/,GET,"Cookie:PHPSESSID=aq38o30dsel6tah45jb4oarml7
Accept:text/html,application/xhtml+xml,application/xml;q=0.9,image/avif,image/webp,image/apng,*/*;q=0.8,application/signed-exchange;v=b3;q=0.9
User-Agent:Mozilla/5.0 (X11; Linux x86_64) AppleWebKit/537.36 (KHTML, like Gecko) Chrome/85.0.4183.102 Safari/537.36
Referer:http://web/
Upgrade-Insecure-Requests:1
",cf83e1357eefb8bdf1542850d66d8007d620e4050b5715dc83f4a921d36ce9ce47d0d13c5d85f2b0ff8318d2877eec2f63b931bd47417a81a538327af927da3e,"Keep-Alive:timeout=5, max=56
Server:Apache/2.4.7 (Ubuntu)
Connection:Keep-Alive
Pragma:no-cache
Date:Mon, 11 May 2026 20:57:27 GMT
Cache-Control:no-store, no-cache, must-revalidate, post-check=0, pre-check=0
Content-Encoding:gzip
Vary:Accept-Encoding
Expires:Thu, 19 Nov 1981 08:52:00 GMT
Content-Length:1284
X-Powered-By:PHP/5.5.9-1ubuntu4.29
Content-Type:text/html
",124fd87fc9e7c1a0640876b07761342492f1c30dcb7f943d18b3d796054ac982624c7e40f3731419de1b2fb14c9fd4a12f2d9c03a68769bb5fe8233c6311d77b,200
http://web/,GET,"Cookie:PHPSESSID=aq38o30dsel6tah45jb4oarml7
Accept:text/html,application/xhtml+xml,application/xml;q=0.9,image/avif,image/webp,image/apng,*/*;q=0.8,application/signed-exchange;v=b3;q=0.9
User-Agent:Mozilla/5.0 (X11; Linux x86_64) AppleWebKit/537.36 (KHTML, like Gecko) Chrome/85.0.4183.102 Safari/537.36
Upgrade-Insecure-Requests:1
",cf83e1357eefb8bdf1542850d66d8007d620e4050b5715dc83f4a921d36ce9ce47d0d13c5d85f2b0ff8318d2877eec2f63b931bd47417a81a538327af927da3e,"Keep-Alive:timeout=5, max=76
Server:Apache/2.4.7 (Ubuntu)
Connection:Keep-Alive
Pragma:no-cache
Date:Mon, 11 May 2026 20:59:41 GMT
Cache-Control:no-store, no-cache, must-revalidate, post-check=0, pre-check=0
Content-Encoding:gzip
Vary:Accept-Encoding
Expires:Thu, 19 Nov 1981 08:52:00 GMT
Content-Length:1284
X-Powered-By:PHP/5.5.9-1ubuntu4.29
Content-Type:text/html
",61619f8fd825b61cb6ed2332efb620a298f2dd678f6e1328a185db0c280f5a643ebb8d5a51608ef93986d200179087b042cb5bb1b820b9d6d2bf2e977a5a3cae,200
http://web/,GET,"Cookie:PHPSESSID=aq38o30dsel6tah45jb4oarml7
Accept:text/html,application/xhtml+xml,application/xml;q=0.9,image/avif,image/webp,image/apng,*/*;q=0.8,application/signed-exchange;v=b3;q=0.9
User-Agent:Mozilla/5.0 (X11; Linux x86_64) AppleWebKit/537.36 (KHTML, like Gecko) Chrome/85.0.4183.102 Safari/537.36
Upgrade-Insecure-Requests:1
",cf83e1357eefb8bdf1542850d66d8007d620e4050b5715dc83f4a921d36ce9ce47d0d13c5d85f2b0ff8318d2877eec2f63b931bd47417a81a538327af927da3e,"Keep-Alive:timeout=5, max=29
Server:Apache/2.4.7 (Ubuntu)
Connection:Keep-Alive
Pragma:no-cache
Date:Mon, 11 May 2026 20:57:47 GMT
Cache-Control:no-store, no-cache, must-revalidate, post-check=0, pre-check=0
Content-Encoding:gzip
Vary:Accept-Encoding
Expires:Thu, 19 Nov 1981 08:52:00 GMT
Content-Length:1284
X-Powered-By:PHP/5.5.9-1ubuntu4.29
Content-Type:text/html
",98bcbd6267635b54941b93439c58ff351d2ddcf66bdbaee8aea9bca7bf7ea31b6dcb89200c1b45078b57a0ab5ec325972dd1e5797f0d8787d0ed2d4aff6dd795,200
http://web/calendar.php,GET,"Cookie:PHPSESSID=aq38o30dsel6tah45jb4oarml7
Accept:text/html,application/xhtml+xml,application/xml;q=0.9,image/avif,image/webp,image/apng,*/*;q=0.8,application/signed-exchange;v=b3;q=0.9
User-Agent:Mozilla/5.0 (X11; Linux x86_64) AppleWebKit/537.36 (KHTML, like Gecko) Chrome/85.0.4183.102 Safari/537.36
Referer:http://web/
Upgrade-Insecure-Requests:1
",cf83e1357eefb8bdf1542850d66d8007d620e4050b5715dc83f4a921d36ce9ce47d0d13c5d85f2b0ff8318d2877eec2f63b931bd47417a81a538327af927da3e,"Keep-Alive:timeout=5, max=97
Server:Apache/2.4.7 (Ubuntu)
Connection:Keep-Alive
Pragma:no-cache
Date:Mon, 11 May 2026 21:00:41 GMT
Cache-Control:no-store, no-cache, must-revalidate, post-check=0, pre-check=0
Content-Encoding:gzip
Vary:Accept-Encoding
Expires:Thu, 19 Nov 1981 08:52:00 GMT
Content-Length:939
X-Powered-By:PHP/5.5.9-1ubuntu4.29
Content-Type:text/html
",b758d2656d5efae44ef8749d7c7a9a66d7c96e2e2181a311540da0df6b42860111f3a31df490c96f90a353959014a3dfb8d8f91b07bbffa9d4b5c0a53ef2bff4,200
http://web/,GET,"Cookie:PHPSESSID=aq38o30dsel6tah45jb4oarml7
Accept:text/html,application/xhtml+xml,application/xml;q=0.9,image/avif,image/webp,image/apng,*/*;q=0.8,application/signed-exchange;v=b3;q=0.9
User-Agent:Mozilla/5.0 (X11; Linux x86_64) AppleWebKit/537.36 (KHTML, like Gecko) Chrome/85.0.4183.102 Safari/537.36
Referer:http://web/calendar.php?date=1778706034
Upgrade-Insecure-Requests:1
",cf83e1357eefb8bdf1542850d66d8007d620e4050b5715dc83f4a921d36ce9ce47d0d13c5d85f2b0ff8318d2877eec2f63b931bd47417a81a538327af927da3e,"Keep-Alive:timeout=5, max=2
Server:Apache/2.4.7 (Ubuntu)
Connection:Keep-Alive
Pragma:no-cache
Date:Mon, 11 May 2026 21:00:36 GMT
Cache-Control:no-store, no-cache, must-revalidate, post-check=0, pre-check=0
Content-Encoding:gzip
Vary:Accept-Encoding
Expires:Thu, 19 Nov 1981 08:52:00 GMT
Content-Length:1284
X-Powered-By:PHP/5.5.9-1ubuntu4.29
Content-Type:text/html
",3c434ea843daf962758a03903e0d880d1baae204122f74608745422c0399041fd70cc5bb5a22db466fbc4b4f1d6a01287a7751ab341aafdb96e97cbdca7e1acb,200
http://web/users/sample.php?userid=1,GET,"Cookie:PHPSESSID=aq38o30dsel6tah45jb4oarml7
Accept:text/html,application/xhtml+xml,application/xml;q=0.9,image/avif,image/webp,image/apng,*/*;q=0.8,application/signed-exchange;v=b3;q=0.9
User-Agent:Mozilla/5.0 (X11; Linux x86_64) AppleWebKit/537.36 (KHTML, like Gecko) Chrome/85.0.4183.102 Safari/537.36
Referer:http://web/
Upgrade-Insecure-Requests:1
",cf83e1357eefb8bdf1542850d66d8007d620e4050b5715dc83f4a921d36ce9ce47d0d13c5d85f2b0ff8318d2877eec2f63b931bd47417a81a538327af927da3e,"Keep-Alive:timeout=5, max=32
Server:Apache/2.4.7 (Ubuntu)
Connection:Keep-Alive
Pragma:no-cache
Date:Mon, 11 May 2026 20:59:00 GMT
Cache-Control:no-store, no-cache, must-revalidate, post-check=0, pre-check=0
Content-Encoding:gzip
Vary:Accept-Encoding
Expires:Thu, 19 Nov 1981 08:52:00 GMT
Content-Length:983
X-Powered-By:PHP/5.5.9-1ubuntu4.29
Content-Type:text/html
",e16464b8a31f0353168e4e22a39c2152a440a9ed3674bdcf8cf102341834419ce42ef95d84e44a4962e4a6c9ded5365419e441bcbbb9019d24dfeb9b86b5f4b2,200
http://web/,GET,"Cookie:PHPSESSID=aq38o30dsel6tah45jb4oarml7
Accept:text/html,application/xhtml+xml,application/xml;q=0.9,image/avif,image/webp,image/apng,*/*;q=0.8,application/signed-exchange;v=b3;q=0.9
User-Agent:Mozilla/5.0 (X11; Linux x86_64) AppleWebKit/537.36 (KHTML, like Gecko) Chrome/85.0.4183.102 Safari/537.36
Upgrade-Insecure-Requests:1
",cf83e1357eefb8bdf1542850d66d8007d620e4050b5715dc83f4a921d36ce9ce47d0d13c5d85f2b0ff8318d2877eec2f63b931bd47417a81a538327af927da3e,"Keep-Alive:timeout=5, max=6
Server:Apache/2.4.7 (Ubuntu)
Connection:Keep-Alive
Pragma:no-cache
Date:Mon, 11 May 2026 21:00:33 GMT
Cache-Control:no-store, no-cache, must-revalidate, post-check=0, pre-check=0
Content-Encoding:gzip
Vary:Accept-Encoding
Expires:Thu, 19 Nov 1981 08:52:00 GMT
Content-Length:1284
X-Powered-By:PHP/5.5.9-1ubuntu4.29
Content-Type:text/html
",2226acf622ae8f70363e58a3fcb5f899da0e70d048390792c83595f735df5742964db41afbcd8920f586ba241f6e88d3d9336532e8dde8a9ee283883193b6a2e,200
http://web/calendar.php,GET,"Cookie:PHPSESSID=aq38o30dsel6tah45jb4oarml7
Accept:text/html,application/xhtml+xml,application/xml;q=0.9,image/avif,image/webp,image/apng,*/*;q=0.8,application/signed-exchange;v=b3;q=0.9
User-Agent:Mozilla/5.0 (X11; Linux x86_64) AppleWebKit/537.36 (KHTML, like Gecko) Chrome/85.0.4183.102 Safari/537.36
Referer:http://web/
Upgrade-Insecure-Requests:1
",cf83e1357eefb8bdf1542850d66d8007d620e4050b5715dc83f4a921d36ce9ce47d0d13c5d85f2b0ff8318d2877eec2f63b931bd47417a81a538327af927da3e,"Keep-Alive:timeout=5, max=89
Server:Apache/2.4.7 (Ubuntu)
Connection:Keep-Alive
Pragma:no-cache
Date:Mon, 11 May 2026 21:00:47 GMT
Cache-Control:no-store, no-cache, must-revalidate, post-check=0, pre-check=0
Content-Encoding:gzip
Vary:Accept-Encoding
Expires:Thu, 19 Nov 1981 08:52:00 GMT
Content-Length:943
X-Powered-By:PHP/5.5.9-1ubuntu4.29
Content-Type:text/html
",2c62177c34426defc4d79ea22a08bcba2ae3fe724a76b80c1a7ba526c595fd9686be50e292525e9cd2b8063104834f96879d9332f714b515562bd95841b253a0,200
http://web/,GET,"Cookie:PHPSESSID=aq38o30dsel6tah45jb4oarml7
Accept:text/html,application/xhtml+xml,application/xml;q=0.9,image/avif,image/webp,image/apng,*/*;q=0.8,application/signed-exchange;v=b3;q=0.9
User-Agent:Mozilla/5.0 (X11; Linux x86_64) AppleWebKit/537.36 (KHTML, like Gecko) Chrome/85.0.4183.102 Safari/537.36
Upgrade-Insecure-Requests:1
",cf83e1357eefb8bdf1542850d66d8007d620e4050b5715dc83f4a921d36ce9ce47d0d13c5d85f2b0ff8318d2877eec2f63b931bd47417a81a538327af927da3e,"Keep-Alive:timeout=5, max=16
Server:Apache/2.4.7 (Ubuntu)
Connection:Keep-Alive
Pragma:no-cache
Date:Mon, 11 May 2026 21:01:36 GMT
Cache-Control:no-store, no-cache, must-revalidate, post-check=0, pre-check=0
Content-Encoding:gzip
Vary:Accept-Encoding
Expires:Thu, 19 Nov 1981 08:52:00 GMT
Content-Length:1283
X-Powered-By:PHP/5.5.9-1ubuntu4.29
Content-Type:text/html
",db242495d5c5490484dd8e390240d15f6a74cd1d3cc911f95e2551260331bf03e333b14b92453a7db5b6f0547ebab1e40abd3854e65be98d52225ba0f64d5610,200
http://web/css/stylings.css,GET,"Cookie:PHPSESSID=aq38o30dsel6tah45jb4oarml7
Accept:text/css,*/*;q=0.1
User-Agent:Mozilla/5.0 (X11; Linux x86_64) AppleWebKit/537.36 (KHTML, like Gecko) Chrome/85.0.4183.102 Safari/537.36
Referer:http://web/users/sample.php?userid=1
",cf83e1357eefb8bdf1542850d66d8007d620e4050b5715dc83f4a921d36ce9ce47d0d13c5d85f2b0ff8318d2877eec2f63b931bd47417a81a538327af927da3e,"Server:Apache/2.4.7 (Ubuntu)
Last-Modified:Thu, 02 Feb 2017 22:24:09 GMT
Date:Mon, 11 May 2026 20:56:53 GMT
Accept-Ranges:bytes
ETag:""c29-547939fb8b440-gzip""
Content-Encoding:gzip
Vary:Accept-Encoding
Content-Length:838
Content-Type:text/css
",e6142d743628221ad60b6d12a0b444a077ed8ede2504b511ffffde908ffe459f09875b3901f9a63ec228906521c445248f9277e14f591205808d8dfc200df823,200
http://web/,GET,"Cookie:PHPSESSID=aq38o30dsel6tah45jb4oarml7
Accept:text/html,application/xhtml+xml,application/xml;q=0.9,image/avif,image/webp,image/apng,*/*;q=0.8,application/signed-exchange;v=b3;q=0.9
User-Agent:Mozilla/5.0 (X11; Linux x86_64) AppleWebKit/537.36 (KHTML, like Gecko) Chrome/85.0.4183.102 Safari/537.36
Referer:http://web/guestbook.php
Upgrade-Insecure-Requests:1
",cf83e1357eefb8bdf1542850d66d8007d620e4050b5715dc83f4a921d36ce9ce47d0d13c5d85f2b0ff8318d2877eec2f63b931bd47417a81a538327af927da3e,"Keep-Alive:timeout=5, max=74
Server:Apache/2.4.7 (Ubuntu)
Connection:Keep-Alive
Pragma:no-cache
Date:Mon, 11 May 2026 20:58:24 GMT
Cache-Control:no-store, no-cache, must-revalidate, post-check=0, pre-check=0
Content-Encoding:gzip
Vary:Accept-Encoding
Expires:Thu, 19 Nov 1981 08:52:00 GMT
Content-Length:1283
X-Powered-By:PHP/5.5.9-1ubuntu4.29
Content-Type:text/html
",a7e58747416e3342dc6d7581f3f0e6ca71fc5c253a1302e57bce5916114f6ce4f907f9e011beea9868fbb506908a0c085d6dfe45a380877ae31df247419fe798,200
http://web/css/blueprint/screen.css,GET,"Cookie:PHPSESSID=aq38o30dsel6tah45jb4oarml7
Accept:text/css,*/*;q=0.1
User-Agent:Mozilla/5.0 (X11; Linux x86_64) AppleWebKit/537.36 (KHTML, like Gecko) Chrome/85.0.4183.102 Safari/537.36
Referer:http://web/pictures/recent.php
",cf83e1357eefb8bdf1542850d66d8007d620e4050b5715dc83f4a921d36ce9ce47d0d13c5d85f2b0ff8318d2877eec2f63b931bd47417a81a538327af927da3e,"Server:Apache/2.4.7 (Ubuntu)
Last-Modified:Thu, 02 Feb 2017 22:24:09 GMT
Date:Mon, 11 May 2026 20:56:53 GMT
Accept-Ranges:bytes
ETag:""24c7-547939fb8b440-gzip""
Content-Encoding:gzip
Vary:Accept-Encoding
Content-Length:2682
Content-Type:text/css
",c0995dbb8c323ef465d8cc5d7b640b1a5435beb529b0c6e55594b1c0f3db66e859d23f70cfe8d93285234e722d677fca7c8887bee81a636881b2f91f221f976e,200
http://web/css/stylings.css,GET,"Cookie:PHPSESSID=aq38o30dsel6tah45jb4oarml7
Accept:text/css,*/*;q=0.1
User-Agent:Mozilla/5.0 (X11; Linux x86_64) AppleWebKit/537.36 (KHTML, like Gecko) Chrome/85.0.4183.102 Safari/537.36
Referer:http://web/users/register.php
",cf83e1357eefb8bdf1542850d66d8007d620e4050b5715dc83f4a921d36ce9ce47d0d13c5d85f2b0ff8318d2877eec2f63b931bd47417a81a538327af927da3e,"Server:Apache/2.4.7 (Ubuntu)
Last-Modified:Thu, 02 Feb 2017 22:24:09 GMT
Date:Mon, 11 May 2026 20:56:53 GMT
Accept-Ranges:bytes
ETag:""c29-547939fb8b440-gzip""
Content-Encoding:gzip
Vary:Accept-Encoding
Content-Length:838
Content-Type:text/css
",e6142d743628221ad60b6d12a0b444a077ed8ede2504b511ffffde908ffe459f09875b3901f9a63ec228906521c445248f9277e14f591205808d8dfc200df823,200
http://web/,GET,"Cookie:PHPSESSID=aq38o30dsel6tah45jb4oarml7
Accept:text/html,application/xhtml+xml,application/xml;q=0.9,image/avif,image/webp,image/apng,*/*;q=0.8,application/signed-exchange;v=b3;q=0.9
User-Agent:Mozilla/5.0 (X11; Linux x86_64) AppleWebKit/537.36 (KHTML, like Gecko) Chrome/85.0.4183.102 Safari/537.36
Referer:http://web/pictures/recent.php
Upgrade-Insecure-Requests:1
",cf83e1357eefb8bdf1542850d66d8007d620e4050b5715dc83f4a921d36ce9ce47d0d13c5d85f2b0ff8318d2877eec2f63b931bd47417a81a538327af927da3e,"Keep-Alive:timeout=5, max=92
Server:Apache/2.4.7 (Ubuntu)
Connection:Keep-Alive
Pragma:no-cache
Date:Mon, 11 May 2026 20:58:10 GMT
Cache-Control:no-store, no-cache, must-revalidate, post-check=0, pre-check=0
Content-Encoding:gzip
Vary:Accept-Encoding
Expires:Thu, 19 Nov 1981 08:52:00 GMT
Content-Length:1283
X-Powered-By:PHP/5.5.9-1ubuntu4.29
Content-Type:text/html
",03f52c5dcd02e75d41056512b28280948dc9907c572eb85f33a9abf6bafc49c5483430ef15df6096369ff1a205b6729420768515fec1dbab0be89a65ce499713,200
http://web/calendar.php,GET,"Cookie:PHPSESSID=aq38o30dsel6tah45jb4oarml7
Accept:text/html,application/xhtml+xml,application/xml;q=0.9,image/avif,image/webp,image/apng,*/*;q=0.8,application/signed-exchange;v=b3;q=0.9
User-Agent:Mozilla/5.0 (X11; Linux x86_64) AppleWebKit/537.36 (KHTML, like Gecko) Chrome/85.0.4183.102 Safari/537.36
Referer:http://web/
Upgrade-Insecure-Requests:1
",cf83e1357eefb8bdf1542850d66d8007d620e4050b5715dc83f4a921d36ce9ce47d0d13c5d85f2b0ff8318d2877eec2f63b931bd47417a81a538327af927da3e,"Keep-Alive:timeout=5, max=41
Server:Apache/2.4.7 (Ubuntu)
Connection:Keep-Alive
Pragma:no-cache
Date:Mon, 11 May 2026 21:01:20 GMT
Cache-Control:no-store, no-cache, must-revalidate, post-check=0, pre-check=0
Content-Encoding:gzip
Vary:Accept-Encoding
Expires:Thu, 19 Nov 1981 08:52:00 GMT
Content-Length:943
X-Powered-By:PHP/5.5.9-1ubuntu4.29
Content-Type:text/html
",8aada2cdff5a96aea368456b095fda7cc610e6c20b593e8efdfba365964bc0fccbc919e4e3e9ea542c7fce633baf868bf9277b01963216444ba24fb176b9abce,200
http://web/pictures/upload.php,GET,"Cookie:PHPSESSID=aq38o30dsel6tah45jb4oarml7
Accept:text/html,application/xhtml+xml,application/xml;q=0.9,image/avif,image/webp,image/apng,*/*;q=0.8,application/signed-exchange;v=b3;q=0.9
User-Agent:Mozilla/5.0 (X11; Linux x86_64) AppleWebKit/537.36 (KHTML, like Gecko) Chrome/85.0.4183.102 Safari/537.36
Referer:http://web/
Upgrade-Insecure-Requests:1
",cf83e1357eefb8bdf1542850d66d8007d620e4050b5715dc83f4a921d36ce9ce47d0d13c5d85f2b0ff8318d2877eec2f63b931bd47417a81a538327af927da3e,"Keep-Alive:timeout=5, max=90
Server:Apache/2.4.7 (Ubuntu)
Connection:Keep-Alive
Pragma:no-cache
Date:Mon, 11 May 2026 20:57:01 GMT
Cache-Control:no-store, no-cache, must-revalidate, post-check=0, pre-check=0
Expires:Thu, 19 Nov 1981 08:52:00 GMT
Content-Length:41
X-Powered-By:PHP/5.5.9-1ubuntu4.29
Location:/users/login.php
Content-Type:text/html
",cf83e1357eefb8bdf1542850d66d8007d620e4050b5715dc83f4a921d36ce9ce47d0d13c5d85f2b0ff8318d2877eec2f63b931bd47417a81a538327af927da3e,303
http://web/,GET,"Cookie:PHPSESSID=aq38o30dsel6tah45jb4oarml7
Accept:text/html,application/xhtml+xml,application/xml;q=0.9,image/avif,image/webp,image/apng,*/*;q=0.8,application/signed-exchange;v=b3;q=0.9
User-Agent:Mozilla/5.0 (X11; Linux x86_64) AppleWebKit/537.36 (KHTML, like Gecko) Chrome/85.0.4183.102 Safari/537.36
Upgrade-Insecure-Requests:1
",cf83e1357eefb8bdf1542850d66d8007d620e4050b5715dc83f4a921d36ce9ce47d0d13c5d85f2b0ff8318d2877eec2f63b931bd47417a81a538327af927da3e,"Keep-Alive:timeout=5, max=99
Server:Apache/2.4.7 (Ubuntu)
Connection:Keep-Alive
Pragma:no-cache
Date:Mon, 11 May 2026 20:59:24 GMT
Cache-Control:no-store, no-cache, must-revalidate, post-check=0, pre-check=0
Content-Encoding:gzip
Vary:Accept-Encoding
Expires:Thu, 19 Nov 1981 08:52:00 GMT
Content-Length:1283
X-Powered-By:PHP/5.5.9-1ubuntu4.29
Content-Type:text/html
",c4a040ade78edd20eb501061a0a1f1e88f5786fb32d04efd1f8cc04897ea1ac46d06c38ab8de18856467350bb935542ba97fb69b0e83011bf2b2c1429cf5dc9a,200
http://web/css/stylings.css,GET,"Cookie:PHPSESSID=aq38o30dsel6tah45jb4oarml7
Accept:text/css,*/*;q=0.1
User-Agent:Mozilla/5.0 (X11; Linux x86_64) AppleWebKit/537.36 (KHTML, like Gecko) Chrome/85.0.4183.102 Safari/537.36
Referer:http://web/passcheck.php
",cf83e1357eefb8bdf1542850d66d8007d620e4050b5715dc83f4a921d36ce9ce47d0d13c5d85f2b0ff8318d2877eec2f63b931bd47417a81a538327af927da3e,"Server:Apache/2.4.7 (Ubuntu)
Last-Modified:Thu, 02 Feb 2017 22:24:09 GMT
Date:Mon, 11 May 2026 20:56:53 GMT
Accept-Ranges:bytes
ETag:""c29-547939fb8b440-gzip""
Content-Encoding:gzip
Vary:Accept-Encoding
Content-Length:838
Content-Type:text/css
",e6142d743628221ad60b6d12a0b444a077ed8ede2504b511ffffde908ffe459f09875b3901f9a63ec228906521c445248f9277e14f591205808d8dfc200df823,200
http://web/calendar.php?date=1778706077,GET,"Cookie:PHPSESSID=aq38o30dsel6tah45jb4oarml7
Accept:text/html,application/xhtml+xml,application/xml;q=0.9,image/avif,image/webp,image/apng,*/*;q=0.8,application/signed-exchange;v=b3;q=0.9
User-Agent:Mozilla/5.0 (X11; Linux x86_64) AppleWebKit/537.36 (KHTML, like Gecko) Chrome/85.0.4183.102 Safari/537.36
Referer:http://web/calendar.php?date=1778619677
Upgrade-Insecure-Requests:1
",cf83e1357eefb8bdf1542850d66d8007d620e4050b5715dc83f4a921d36ce9ce47d0d13c5d85f2b0ff8318d2877eec2f63b931bd47417a81a538327af927da3e,"Keep-Alive:timeout=5, max=44
Server:Apache/2.4.7 (Ubuntu)
Connection:Keep-Alive
Pragma:no-cache
Date:Mon, 11 May 2026 21:01:18 GMT
Cache-Control:no-store, no-cache, must-revalidate, post-check=0, pre-check=0
Content-Encoding:gzip
Vary:Accept-Encoding
Expires:Thu, 19 Nov 1981 08:52:00 GMT
Content-Length:946
X-Powered-By:PHP/5.5.9-1ubuntu4.29
Content-Type:text/html
",411b62d478855325a34e65c9e2683064798e84fd42836e13d97e8a095ca932f65b51d1989f6bd0f32691dcf8a2acac654126c6f604321700d3612df0632cd32e,200
http://web/,GET,"Cookie:PHPSESSID=aq38o30dsel6tah45jb4oarml7
Accept:text/html,application/xhtml+xml,application/xml;q=0.9,image/avif,image/webp,image/apng,*/*;q=0.8,application/signed-exchange;v=b3;q=0.9
User-Agent:Mozilla/5.0 (X11; Linux x86_64) AppleWebKit/537.36 (KHTML, like Gecko) Chrome/85.0.4183.102 Safari/537.36
Upgrade-Insecure-Requests:1
",cf83e1357eefb8bdf1542850d66d8007d620e4050b5715dc83f4a921d36ce9ce47d0d13c5d85f2b0ff8318d2877eec2f63b931bd47417a81a538327af927da3e,"Keep-Alive:timeout=5, max=82
Server:Apache/2.4.7 (Ubuntu)
Connection:Keep-Alive
Pragma:no-cache
Date:Mon, 11 May 2026 20:59:36 GMT
Cache-Control:no-store, no-cache, must-revalidate, post-check=0, pre-check=0
Content-Encoding:gzip
Vary:Accept-Encoding
Expires:Thu, 19 Nov 1981 08:52:00 GMT
Content-Length:1284
X-Powered-By:PHP/5.5.9-1ubuntu4.29
Content-Type:text/html
",e0ff269c777c2959baecc9ce4910d467b8bd5f38f0ef7bd41749e33ff7020ab852a207563c022f69a55a6802fc4d63a5c2f77d82843ef59ed92e509093f49d24,200
http://web/users/login.php,GET,"Cookie:PHPSESSID=aq38o30dsel6tah45jb4oarml7
Accept:text/html,application/xhtml+xml,application/xml;q=0.9,image/avif,image/webp,image/apng,*/*;q=0.8,application/signed-exchange;v=b3;q=0.9
User-Agent:Mozilla/5.0 (X11; Linux x86_64) AppleWebKit/537.36 (KHTML, like Gecko) Chrome/85.0.4183.102 Safari/537.36
Referer:http://web/calendar.php?date=1778619622
Upgrade-Insecure-Requests:1
",cf83e1357eefb8bdf1542850d66d8007d620e4050b5715dc83f4a921d36ce9ce47d0d13c5d85f2b0ff8318d2877eec2f63b931bd47417a81a538327af927da3e,"Keep-Alive:timeout=5, max=19
Server:Apache/2.4.7 (Ubuntu)
Connection:Keep-Alive
Pragma:no-cache
Date:Mon, 11 May 2026 21:00:23 GMT
Cache-Control:no-store, no-cache, must-revalidate, post-check=0, pre-check=0
Content-Encoding:gzip
Vary:Accept-Encoding
Expires:Thu, 19 Nov 1981 08:52:00 GMT
Content-Length:977
X-Powered-By:PHP/5.5.9-1ubuntu4.29
Content-Type:text/html
",c905e9fe6375f199f648deaeee90725a33b3bf7f3382f8b63a88abff053f41ec8b288b6a9e7da4ecb74ba0d8352311bbbdaf48e4cbdea81a249a85ea9ee3ca9e,200
http://web/users/sample.php?userid=1,GET,"Cookie:PHPSESSID=aq38o30dsel6tah45jb4oarml7
Accept:text/html,application/xhtml+xml,application/xml;q=0.9,image/avif,image/webp,image/apng,*/*;q=0.8,application/signed-exchange;v=b3;q=0.9
User-Agent:Mozilla/5.0 (X11; Linux x86_64) AppleWebKit/537.36 (KHTML, like Gecko) Chrome/85.0.4183.102 Safari/537.36
Referer:http://web/
Upgrade-Insecure-Requests:1
",cf83e1357eefb8bdf1542850d66d8007d620e4050b5715dc83f4a921d36ce9ce47d0d13c5d85f2b0ff8318d2877eec2f63b931bd47417a81a538327af927da3e,"Keep-Alive:timeout=5, max=24
Server:Apache/2.4.7 (Ubuntu)
Connection:Keep-Alive
Pragma:no-cache
Date:Mon, 11 May 2026 20:59:05 GMT
Cache-Control:no-store, no-cache, must-revalidate, post-check=0, pre-check=0
Content-Encoding:gzip
Vary:Accept-Encoding
Expires:Thu, 19 Nov 1981 08:52:00 GMT
Content-Length:983
X-Powered-By:PHP/5.5.9-1ubuntu4.29
Content-Type:text/html
",150bf40c04eef5d16a96a8afad506033a042a804bdb3b7c1cdeac7e5508d87dea7771832aee42a23377599b76919358d125326fbeb8246a8f8098513f21d3d4f,200
http://web/calendar.php?date=1778619684,GET,"Cookie:PHPSESSID=aq38o30dsel6tah45jb4oarml7
Accept:text/html,application/xhtml+xml,application/xml;q=0.9,image/avif,image/webp,image/apng,*/*;q=0.8,application/signed-exchange;v=b3;q=0.9
User-Agent:Mozilla/5.0 (X11; Linux x86_64) AppleWebKit/537.36 (KHTML, like Gecko) Chrome/85.0.4183.102 Safari/537.36
Referer:http://web/calendar.php
Upgrade-Insecure-Requests:1
",cf83e1357eefb8bdf1542850d66d8007d620e4050b5715dc83f4a921d36ce9ce47d0d13c5d85f2b0ff8318d2877eec2f63b931bd47417a81a538327af927da3e,"Keep-Alive:timeout=5, max=33
Server:Apache/2.4.7 (Ubuntu)
Connection:Keep-Alive
Pragma:no-cache
Date:Mon, 11 May 2026 21:01:25 GMT
Cache-Control:no-store, no-cache, must-revalidate, post-check=0, pre-check=0
Content-Encoding:gzip
Vary:Accept-Encoding
Expires:Thu, 19 Nov 1981 08:52:00 GMT
Content-Length:945
X-Powered-By:PHP/5.5.9-1ubuntu4.29
Content-Type:text/html
",f975818fde1d26d9d8224102188ee6a28b247777953cf8b9ebab7c4375b897bfb9adc681e498af826b948f5e47e6952070df1ab6c55dc8922e1d41444eaf5169,200
http://web/users/sample.php?userid=1,GET,"Cookie:PHPSESSID=aq38o30dsel6tah45jb4oarml7
Accept:text/html,application/xhtml+xml,application/xml;q=0.9,image/avif,image/webp,image/apng,*/*;q=0.8,application/signed-exchange;v=b3;q=0.9
User-Agent:Mozilla/5.0 (X11; Linux x86_64) AppleWebKit/537.36 (KHTML, like Gecko) Chrome/85.0.4183.102 Safari/537.36
Referer:http://web/
Upgrade-Insecure-Requests:1
",cf83e1357eefb8bdf1542850d66d8007d620e4050b5715dc83f4a921d36ce9ce47d0d13c5d85f2b0ff8318d2877eec2f63b931bd47417a81a538327af927da3e,"Keep-Alive:timeout=5, max=15
Server:Apache/2.4.7 (Ubuntu)
Connection:Keep-Alive
Pragma:no-cache
Date:Mon, 11 May 2026 20:59:12 GMT
Cache-Control:no-store, no-cache, must-revalidate, post-check=0, pre-check=0
Content-Encoding:gzip
Vary:Accept-Encoding
Expires:Thu, 19 Nov 1981 08:52:00 GMT
Content-Length:982
X-Powered-By:PHP/5.5.9-1ubuntu4.29
Content-Type:text/html
",8e74bbad2a79b93c2a86a465b24cf69ec2640b746c029bcdb02cb44ef700d98c3d26cbcfbcbcfa3ecb02941f666b16e01a52eb64a22c6688b10a4348b8e7d620,200
http://web/,GET,"Cookie:PHPSESSID=aq38o30dsel6tah45jb4oarml7
Accept:text/html,application/xhtml+xml,application/xml;q=0.9,image/avif,image/webp,image/apng,*/*;q=0.8,application/signed-exchange;v=b3;q=0.9
User-Agent:Mozilla/5.0 (X11; Linux x86_64) AppleWebKit/537.36 (KHTML, like Gecko) Chrome/85.0.4183.102 Safari/537.36
Referer:http://web/passcheck.php
Upgrade-Insecure-Requests:1
",cf83e1357eefb8bdf1542850d66d8007d620e4050b5715dc83f4a921d36ce9ce47d0d13c5d85f2b0ff8318d2877eec2f63b931bd47417a81a538327af927da3e,"Keep-Alive:timeout=5, max=47
Server:Apache/2.4.7 (Ubuntu)
Connection:Keep-Alive
Pragma:no-cache
Date:Mon, 11 May 2026 20:58:47 GMT
Cache-Control:no-store, no-cache, must-revalidate, post-check=0, pre-check=0
Content-Encoding:gzip
Vary:Accept-Encoding
Expires:Thu, 19 Nov 1981 08:52:00 GMT
Content-Length:1284
X-Powered-By:PHP/5.5.9-1ubuntu4.29
Content-Type:text/html
",62e6bf50a01626db0552f032dbf6cd87786491e844b44d2dd9c8c2be384da8cc2a5bb327df949bb59239a405beca5f685934bd0c1705ae820b4cc9556214f870,200
http://web/,GET,"Cookie:PHPSESSID=aq38o30dsel6tah45jb4oarml7
Accept:text/html,application/xhtml+xml,application/xml;q=0.9,image/avif,image/webp,image/apng,*/*;q=0.8,application/signed-exchange;v=b3;q=0.9
User-Agent:Mozilla/5.0 (X11; Linux x86_64) AppleWebKit/537.36 (KHTML, like Gecko) Chrome/85.0.4183.102 Safari/537.36
Upgrade-Insecure-Requests:1
",cf83e1357eefb8bdf1542850d66d8007d620e4050b5715dc83f4a921d36ce9ce47d0d13c5d85f2b0ff8318d2877eec2f63b931bd47417a81a538327af927da3e,"Keep-Alive:timeout=5, max=48
Server:Apache/2.4.7 (Ubuntu)
Connection:Keep-Alive
Pragma:no-cache
Date:Mon, 11 May 2026 21:00:02 GMT
Cache-Control:no-store, no-cache, must-revalidate, post-check=0, pre-check=0
Content-Encoding:gzip
Vary:Accept-Encoding
Expires:Thu, 19 Nov 1981 08:52:00 GMT
Content-Length:1284
X-Powered-By:PHP/5.5.9-1ubuntu4.29
Content-Type:text/html
",2cfe1af4fbccb70a936679dacf1d7dabd1850db97b4072c6623bef1fa703e9804940dad56e64805afe25a2ab04d333addd5f18b2f6030e88b41b4c7a19b87863,200
http://web/pictures/upload.php,GET,"Cookie:PHPSESSID=aq38o30dsel6tah45jb4oarml7
Accept:text/html,application/xhtml+xml,application/xml;q=0.9,image/avif,image/webp,image/apng,*/*;q=0.8,application/signed-exchange;v=b3;q=0.9
User-Agent:Mozilla/5.0 (X11; Linux x86_64) AppleWebKit/537.36 (KHTML, like Gecko) Chrome/85.0.4183.102 Safari/537.36
Referer:http://web/users/sample.php?userid=1
Upgrade-Insecure-Requests:1
",cf83e1357eefb8bdf1542850d66d8007d620e4050b5715dc83f4a921d36ce9ce47d0d13c5d85f2b0ff8318d2877eec2f63b931bd47417a81a538327af927da3e,"Keep-Alive:timeout=5, max=27
Server:Apache/2.4.7 (Ubuntu)
Connection:Keep-Alive
Pragma:no-cache
Date:Mon, 11 May 2026 20:59:03 GMT
Cache-Control:no-store, no-cache, must-revalidate, post-check=0, pre-check=0
Expires:Thu, 19 Nov 1981 08:52:00 GMT
Content-Length:41
X-Powered-By:PHP/5.5.9-1ubuntu4.29
Location:/users/login.php
Content-Type:text/html
",cf83e1357eefb8bdf1542850d66d8007d620e4050b5715dc83f4a921d36ce9ce47d0d13c5d85f2b0ff8318d2877eec2f63b931bd47417a81a538327af927da3e,303
http://web/tos.php,GET,"Cookie:PHPSESSID=aq38o30dsel6tah45jb4oarml7
Accept:text/html,application/xhtml+xml,application/xml;q=0.9,image/avif,image/webp,image/apng,*/*;q=0.8,application/signed-exchange;v=b3;q=0.9
User-Agent:Mozilla/5.0 (X11; Linux x86_64) AppleWebKit/537.36 (KHTML, like Gecko) Chrome/85.0.4183.102 Safari/537.36
Referer:http://web/users/register.php
Upgrade-Insecure-Requests:1
",cf83e1357eefb8bdf1542850d66d8007d620e4050b5715dc83f4a921d36ce9ce47d0d13c5d85f2b0ff8318d2877eec2f63b931bd47417a81a538327af927da3e,"Keep-Alive:timeout=5, max=38
Server:Apache/2.4.7 (Ubuntu)
Connection:Keep-Alive
Pragma:no-cache
Date:Mon, 11 May 2026 20:58:55 GMT
Cache-Control:no-store, no-cache, must-revalidate, post-check=0, pre-check=0
Content-Encoding:gzip
Vary:Accept-Encoding
Expires:Thu, 19 Nov 1981 08:52:00 GMT
Content-Length:10227
X-Powered-By:PHP/5.5.9-1ubuntu4.29
Content-Type:text/html
",11dc1e9e94c4287ec38de4dde19a06474458c34aba363b6ad3d32d3a4dac8a3ebdc67da2aff9901b5654cdd8fa09cb2ab32eef7e925d845f31fa036019d1cffc,200
http://web/guestbook.php,GET,"Cookie:PHPSESSID=aq38o30dsel6tah45jb4oarml7
Accept:text/html,application/xhtml+xml,application/xml;q=0.9,image/avif,image/webp,image/apng,*/*;q=0.8,application/signed-exchange;v=b3;q=0.9
User-Agent:Mozilla/5.0 (X11; Linux x86_64) AppleWebKit/537.36 (KHTML, like Gecko) Chrome/85.0.4183.102 Safari/537.36
Referer:http://web/calendar.php?date=1778706058
Upgrade-Insecure-Requests:1
",cf83e1357eefb8bdf1542850d66d8007d620e4050b5715dc83f4a921d36ce9ce47d0d13c5d85f2b0ff8318d2877eec2f63b931bd47417a81a538327af927da3e,"Keep-Alive:timeout=5, max=69
Server:Apache/2.4.7 (Ubuntu)
Connection:Keep-Alive
Pragma:no-cache
Date:Mon, 11 May 2026 21:01:00 GMT
Cache-Control:no-store, no-cache, must-revalidate, post-check=0, pre-check=0
Content-Encoding:gzip
Vary:Accept-Encoding
Expires:Thu, 19 Nov 1981 08:52:00 GMT
Content-Length:1000
X-Powered-By:PHP/5.5.9-1ubuntu4.29
Content-Type:text/html
",4b1df761c371d4b90287a1a7368e39f7950e96b950a5dacabad042ba056c1c9db3625dc52b6d3c3346af376f93659a72d7db17fff84813c714b67f0370d77f4a,200
http://web/,GET,"Cookie:PHPSESSID=aq38o30dsel6tah45jb4oarml7
Accept:text/html,application/xhtml+xml,application/xml;q=0.9,image/avif,image/webp,image/apng,*/*;q=0.8,application/signed-exchange;v=b3;q=0.9
User-Agent:Mozilla/5.0 (X11; Linux x86_64) AppleWebKit/537.36 (KHTML, like Gecko) Chrome/85.0.4183.102 Safari/537.36
Referer:http://web/users/login.php
Upgrade-Insecure-Requests:1
",cf83e1357eefb8bdf1542850d66d8007d620e4050b5715dc83f4a921d36ce9ce47d0d13c5d85f2b0ff8318d2877eec2f63b931bd47417a81a538327af927da3e,"Keep-Alive:timeout=5, max=68
Server:Apache/2.4.7 (Ubuntu)
Connection:Keep-Alive
Pragma:no-cache
Date:Mon, 11 May 2026 20:57:17 GMT
Cache-Control:no-store, no-cache, must-revalidate, post-check=0, pre-check=0
Content-Encoding:gzip
Vary:Accept-Encoding
Expires:Thu, 19 Nov 1981 08:52:00 GMT
Content-Length:1283
X-Powered-By:PHP/5.5.9-1ubuntu4.29
Content-Type:text/html
",f774823d4c83cabd031e8fa09b6c9a98eb5e92ab1359ac7a8e6768641fba40b25201e45d145c2ae3e813b170bd5c0406e80a5656512847f4af0c68a2b4c9c987,200
http://web/calendar.php,GET,"Cookie:PHPSESSID=aq38o30dsel6tah45jb4oarml7
Accept:text/html,application/xhtml+xml,application/xml;q=0.9,image/avif,image/webp,image/apng,*/*;q=0.8,application/signed-exchange;v=b3;q=0.9
User-Agent:Mozilla/5.0 (X11; Linux x86_64) AppleWebKit/537.36 (KHTML, like Gecko) Chrome/85.0.4183.102 Safari/537.36
Referer:http://web/
Upgrade-Insecure-Requests:1
",cf83e1357eefb8bdf1542850d66d8007d620e4050b5715dc83f4a921d36ce9ce47d0d13c5d85f2b0ff8318d2877eec2f63b931bd47417a81a538327af927da3e,"Keep-Alive:timeout=5, max=81
Server:Apache/2.4.7 (Ubuntu)
Connection:Keep-Alive
Pragma:no-cache
Date:Mon, 11 May 2026 20:59:37 GMT
Cache-Control:no-store, no-cache, must-revalidate, post-check=0, pre-check=0
Content-Encoding:gzip
Vary:Accept-Encoding
Expires:Thu, 19 Nov 1981 08:52:00 GMT
Content-Length:944
X-Powered-By:PHP/5.5.9-1ubuntu4.29
Content-Type:text/html
",db36cb5475ef1d96e3a00a304eff785f60f2eaf7f34a6cbc56a360e6dcc061c2e2a95374aae18d39b478586fa2d7805e9165671de83d74e2082e7ed3be75e391,200
http://web/pictures/upload.php,GET,"Cookie:PHPSESSID=aq38o30dsel6tah45jb4oarml7
Accept:text/html,application/xhtml+xml,application/xml;q=0.9,image/avif,image/webp,image/apng,*/*;q=0.8,application/signed-exchange;v=b3;q=0.9
User-Agent:Mozilla/5.0 (X11; Linux x86_64) AppleWebKit/537.36 (KHTML, like Gecko) Chrome/85.0.4183.102 Safari/537.36
Referer:http://web/calendar.php?date=1778706050
Upgrade-Insecure-Requests:1
",cf83e1357eefb8bdf1542850d66d8007d620e4050b5715dc83f4a921d36ce9ce47d0d13c5d85f2b0ff8318d2877eec2f63b931bd47417a81a538327af927da3e,"Keep-Alive:timeout=5, max=80
Server:Apache/2.4.7 (Ubuntu)
Connection:Keep-Alive
Pragma:no-cache
Date:Mon, 11 May 2026 21:00:52 GMT
Cache-Control:no-store, no-cache, must-revalidate, post-check=0, pre-check=0
Expires:Thu, 19 Nov 1981 08:52:00 GMT
Content-Length:41
X-Powered-By:PHP/5.5.9-1ubuntu4.29
Location:/users/login.php
Content-Type:text/html
",cf83e1357eefb8bdf1542850d66d8007d620e4050b5715dc83f4a921d36ce9ce47d0d13c5d85f2b0ff8318d2877eec2f63b931bd47417a81a538327af927da3e,303
http://web/css/stylings.css,GET,"Cookie:PHPSESSID=aq38o30dsel6tah45jb4oarml7
Accept:text/css,*/*;q=0.1
User-Agent:Mozilla/5.0 (X11; Linux x86_64) AppleWebKit/537.36 (KHTML, like Gecko) Chrome/85.0.4183.102 Safari/537.36
Referer:http://web/tos.php
",cf83e1357eefb8bdf1542850d66d8007d620e4050b5715dc83f4a921d36ce9ce47d0d13c5d85f2b0ff8318d2877eec2f63b931bd47417a81a538327af927da3e,"Server:Apache/2.4.7 (Ubuntu)
Last-Modified:Thu, 02 Feb 2017 22:24:09 GMT
Date:Mon, 11 May 2026 20:56:53 GMT
Accept-Ranges:bytes
ETag:""c29-547939fb8b440-gzip""
Content-Encoding:gzip
Vary:Accept-Encoding
Content-Length:838
Content-Type:text/css
",e6142d743628221ad60b6d12a0b444a077ed8ede2504b511ffffde908ffe459f09875b3901f9a63ec228906521c445248f9277e14f591205808d8dfc200df823,200
http://web/,GET,"Cookie:PHPSESSID=aq38o30dsel6tah45jb4oarml7
Accept:text/html,application/xhtml+xml,application/xml;q=0.9,image/avif,image/webp,image/apng,*/*;q=0.8,application/signed-exchange;v=b3;q=0.9
User-Agent:Mozilla/5.0 (X11; Linux x86_64) AppleWebKit/537.36 (KHTML, like Gecko) Chrome/85.0.4183.102 Safari/537.36
Upgrade-Insecure-Requests:1
",cf83e1357eefb8bdf1542850d66d8007d620e4050b5715dc83f4a921d36ce9ce47d0d13c5d85f2b0ff8318d2877eec2f63b931bd47417a81a538327af927da3e,"Keep-Alive:timeout=5, max=98
Server:Apache/2.4.7 (Ubuntu)
Connection:Keep-Alive
Pragma:no-cache
Date:Mon, 11 May 2026 21:00:40 GMT
Cache-Control:no-store, no-cache, must-revalidate, post-check=0, pre-check=0
Content-Encoding:gzip
Vary:Accept-Encoding
Expires:Thu, 19 Nov 1981 08:52:00 GMT
Content-Length:1283
X-Powered-By:PHP/5.5.9-1ubuntu4.29
Content-Type:text/html
",d99282439557f4027e7bf8fa87c9518c7614181cadb316b6f977e4439f87496834994a698e1957576844b4370320ee865ab13be6b8f632cbead3a43fd5d0f38f,200
http://web/upload/toga/togas.128_128.jpg,GET,"Cookie:PHPSESSID=aq38o30dsel6tah45jb4oarml7
Accept:image/avif,image/webp,image/apng,image/*,*/*;q=0.8
User-Agent:Mozilla/5.0 (X11; Linux x86_64) AppleWebKit/537.36 (KHTML, like Gecko) Chrome/85.0.4183.102 Safari/537.36
Referer:http://web/pictures/recent.php
",cf83e1357eefb8bdf1542850d66d8007d620e4050b5715dc83f4a921d36ce9ce47d0d13c5d85f2b0ff8318d2877eec2f63b931bd47417a81a538327af927da3e,"Keep-Alive:timeout=5, max=99
Server:Apache/2.4.7 (Ubuntu)
Connection:Keep-Alive
Last-Modified:Thu, 02 Feb 2017 22:24:09 GMT
Date:Mon, 11 May 2026 20:57:04 GMT
Accept-Ranges:bytes
ETag:""3ead-547939fb8b440""
Content-Length:16045
Content-Type:image/jpeg
",705372a26505ff43e9523cc12732de0b4ac071ab4c1ae439d67b834552468f58efbfc0a701ef3e00c2c1986f08c806b867152e9aa8ef769f3c270341d30775d9,200
http://web/users/home.php,GET,"Cookie:PHPSESSID=aq38o30dsel6tah45jb4oarml7
Accept:text/html,application/xhtml+xml,application/xml;q=0.9,image/avif,image/webp,image/apng,*/*;q=0.8,application/signed-exchange;v=b3;q=0.9
User-Agent:Mozilla/5.0 (X11; Linux x86_64) AppleWebKit/537.36 (KHTML, like Gecko) Chrome/85.0.4183.102 Safari/537.36
Referer:http://web/
Upgrade-Insecure-Requests:1
",cf83e1357eefb8bdf1542850d66d8007d620e4050b5715dc83f4a921d36ce9ce47d0d13c5d85f2b0ff8318d2877eec2f63b931bd47417a81a538327af927da3e,"Keep-Alive:timeout=5, max=93
Server:Apache/2.4.7 (Ubuntu)
Connection:Keep-Alive
Pragma:no-cache
Date:Mon, 11 May 2026 20:56:58 GMT
Cache-Control:no-store, no-cache, must-revalidate, post-check=0, pre-check=0
Expires:Thu, 19 Nov 1981 08:52:00 GMT
Content-Length:41
X-Powered-By:PHP/5.5.9-1ubuntu4.29
Location:/users/login.php
Content-Type:text/html
",cf83e1357eefb8bdf1542850d66d8007d620e4050b5715dc83f4a921d36ce9ce47d0d13c5d85f2b0ff8318d2877eec2f63b931bd47417a81a538327af927da3e,303
http://web/calendar.php?date=1778619669,GET,"Cookie:PHPSESSID=aq38o30dsel6tah45jb4oarml7
Accept:text/html,application/xhtml+xml,application/xml;q=0.9,image/avif,image/webp,image/apng,*/*;q=0.8,application/signed-exchange;v=b3;q=0.9
User-Agent:Mozilla/5.0 (X11; Linux x86_64) AppleWebKit/537.36 (KHTML, like Gecko) Chrome/85.0.4183.102 Safari/537.36
Referer:http://web/calendar.php
Upgrade-Insecure-Requests:1
",cf83e1357eefb8bdf1542850d66d8007d620e4050b5715dc83f4a921d36ce9ce47d0d13c5d85f2b0ff8318d2877eec2f63b931bd47417a81a538327af927da3e,"Keep-Alive:timeout=5, max=55
Server:Apache/2.4.7 (Ubuntu)
Connection:Keep-Alive
Pragma:no-cache
Date:Mon, 11 May 2026 21:01:10 GMT
Cache-Control:no-store, no-cache, must-revalidate, post-check=0, pre-check=0
Content-Encoding:gzip
Vary:Accept-Encoding
Expires:Thu, 19 Nov 1981 08:52:00 GMT
Content-Length:945
X-Powered-By:PHP/5.5.9-1ubuntu4.29
Content-Type:text/html
",f2ceae915280adb8758a8d044a900748033d124d49e58a075a6ae8866116db34155e4084c454352b0bc9433d8ae4a4583506a58f2af4e31b51e1eebdb76e5bf5,200
http://web/,GET,"Cookie:PHPSESSID=aq38o30dsel6tah45jb4oarml7
Accept:text/html,application/xhtml+xml,application/xml;q=0.9,image/avif,image/webp,image/apng,*/*;q=0.8,application/signed-exchange;v=b3;q=0.9
User-Agent:Mozilla/5.0 (X11; Linux x86_64) AppleWebKit/537.36 (KHTML, like Gecko) Chrome/85.0.4183.102 Safari/537.36
Upgrade-Insecure-Requests:1
",cf83e1357eefb8bdf1542850d66d8007d620e4050b5715dc83f4a921d36ce9ce47d0d13c5d85f2b0ff8318d2877eec2f63b931bd47417a81a538327af927da3e,"Keep-Alive:timeout=5, max=16
Server:Apache/2.4.7 (Ubuntu)
Connection:Keep-Alive
Pragma:no-cache
Date:Mon, 11 May 2026 20:59:11 GMT
Cache-Control:no-store, no-cache, must-revalidate, post-check=0, pre-check=0
Content-Encoding:gzip
Vary:Accept-Encoding
Expires:Thu, 19 Nov 1981 08:52:00 GMT
Content-Length:1283
X-Powered-By:PHP/5.5.9-1ubuntu4.29
Content-Type:text/html
",1565c7913626b8817465d5dac526672ac2384b1699659dcd7f3c0d38812fe68f215667eebb20efce87165bbbb81147dc3d7d144d2a99f6993ac84adafd6b9094,200
http://web/pictures/recent.php,GET,"Cookie:PHPSESSID=aq38o30dsel6tah45jb4oarml7
Accept:text/html,application/xhtml+xml,application/xml;q=0.9,image/avif,image/webp,image/apng,*/*;q=0.8,application/signed-exchange;v=b3;q=0.9
User-Agent:Mozilla/5.0 (X11; Linux x86_64) AppleWebKit/537.36 (KHTML, like Gecko) Chrome/85.0.4183.102 Safari/537.36
Referer:http://web/users/sample.php?userid=1
Upgrade-Insecure-Requests:1
",cf83e1357eefb8bdf1542850d66d8007d620e4050b5715dc83f4a921d36ce9ce47d0d13c5d85f2b0ff8318d2877eec2f63b931bd47417a81a538327af927da3e,"Keep-Alive:timeout=5, max=23
Server:Apache/2.4.7 (Ubuntu)
Connection:Keep-Alive
Pragma:no-cache
Date:Mon, 11 May 2026 20:59:05 GMT
Cache-Control:no-store, no-cache, must-revalidate, post-check=0, pre-check=0
Content-Encoding:gzip
Vary:Accept-Encoding
Expires:Thu, 19 Nov 1981 08:52:00 GMT
Content-Length:1087
X-Powered-By:PHP/5.5.9-1ubuntu4.29
Content-Type:text/html
",8b684c405f96eb70946199a28ef92dd286dd4c5b062ca9770fdb344075d0ca5a3d8e541006f50ba8f2b1457abfc9a4442c910e8d1aff47cc9c4ab241d8a0cada,200
http://web/users/login.php,GET,"Cookie:PHPSESSID=aq38o30dsel6tah45jb4oarml7
Accept:text/html,application/xhtml+xml,application/xml;q=0.9,image/avif,image/webp,image/apng,*/*;q=0.8,application/signed-exchange;v=b3;q=0.9
User-Agent:Mozilla/5.0 (X11; Linux x86_64) AppleWebKit/537.36 (KHTML, like Gecko) Chrome/85.0.4183.102 Safari/537.36
Referer:http://web/
Upgrade-Insecure-Requests:1
",cf83e1357eefb8bdf1542850d66d8007d620e4050b5715dc83f4a921d36ce9ce47d0d13c5d85f2b0ff8318d2877eec2f63b931bd47417a81a538327af927da3e,"Keep-Alive:timeout=5, max=89
Server:Apache/2.4.7 (Ubuntu)
Connection:Keep-Alive
Pragma:no-cache
Date:Mon, 11 May 2026 20:57:01 GMT
Cache-Control:no-store, no-cache, must-revalidate, post-check=0, pre-check=0
Content-Encoding:gzip
Vary:Accept-Encoding
Expires:Thu, 19 Nov 1981 08:52:00 GMT
Content-Length:977
X-Powered-By:PHP/5.5.9-1ubuntu4.29
Content-Type:text/html
",d0d1b0cb0ecb6a935ab386cfab55596af8885552369b45c9440e075c9aba50d1e1f74fa5c87769dc08f1afed7c97cf9c6be7610124c0a2ae2667ec71dc575e34,200
http://web/pictures/recent.php,GET,"Cookie:PHPSESSID=aq38o30dsel6tah45jb4oarml7
Accept:text/html,application/xhtml+xml,application/xml;q=0.9,image/avif,image/webp,image/apng,*/*;q=0.8,application/signed-exchange;v=b3;q=0.9
User-Agent:Mozilla/5.0 (X11; Linux x86_64) AppleWebKit/537.36 (KHTML, like Gecko) Chrome/85.0.4183.102 Safari/537.36
Referer:http://web/
Upgrade-Insecure-Requests:1
",cf83e1357eefb8bdf1542850d66d8007d620e4050b5715dc83f4a921d36ce9ce47d0d13c5d85f2b0ff8318d2877eec2f63b931bd47417a81a538327af927da3e,"Keep-Alive:timeout=5, max=93
Server:Apache/2.4.7 (Ubuntu)
Connection:Keep-Alive
Pragma:no-cache
Date:Mon, 11 May 2026 20:58:10 GMT
Cache-Control:no-store, no-cache, must-revalidate, post-check=0, pre-check=0
Content-Encoding:gzip
Vary:Accept-Encoding
Expires:Thu, 19 Nov 1981 08:52:00 GMT
Content-Length:1087
X-Powered-By:PHP/5.5.9-1ubuntu4.29
Content-Type:text/html
",e240b96fd48f597b3b23115fbce23149952d0a24c0e5ee2dbf8530b79cd361bd9c4b4784674c753b86b33e799aa0527e723132886bdfb15943c279b11fe77d32,200
http://web/calendar.php?date=1778619641,GET,"Cookie:PHPSESSID=aq38o30dsel6tah45jb4oarml7
Accept:text/html,application/xhtml+xml,application/xml;q=0.9,image/avif,image/webp,image/apng,*/*;q=0.8,application/signed-exchange;v=b3;q=0.9
User-Agent:Mozilla/5.0 (X11; Linux x86_64) AppleWebKit/537.36 (KHTML, like Gecko) Chrome/85.0.4183.102 Safari/537.36
Referer:http://web/calendar.php
Upgrade-Insecure-Requests:1
",cf83e1357eefb8bdf1542850d66d8007d620e4050b5715dc83f4a921d36ce9ce47d0d13c5d85f2b0ff8318d2877eec2f63b931bd47417a81a538327af927da3e,"Keep-Alive:timeout=5, max=96
Server:Apache/2.4.7 (Ubuntu)
Connection:Keep-Alive
Pragma:no-cache
Date:Mon, 11 May 2026 21:00:41 GMT
Cache-Control:no-store, no-cache, must-revalidate, post-check=0, pre-check=0
Content-Encoding:gzip
Vary:Accept-Encoding
Expires:Thu, 19 Nov 1981 08:52:00 GMT
Content-Length:943
X-Powered-By:PHP/5.5.9-1ubuntu4.29
Content-Type:text/html
",f30cebb0f059794ca96ef4659c28cd29a55902bbebd1e3c04431366dc60de8bc66e0cd3c0f5bcb9f46c3a10abd4e6835a1a247dd323a8ba61bce4d624491a357,200
http://web/users/register.php,GET,"Cookie:PHPSESSID=aq38o30dsel6tah45jb4oarml7
Accept:text/html,application/xhtml+xml,application/xml;q=0.9,image/avif,image/webp,image/apng,*/*;q=0.8,application/signed-exchange;v=b3;q=0.9
User-Agent:Mozilla/5.0 (X11; Linux x86_64) AppleWebKit/537.36 (KHTML, like Gecko) Chrome/85.0.4183.102 Safari/537.36
Referer:http://web/
Upgrade-Insecure-Requests:1
",cf83e1357eefb8bdf1542850d66d8007d620e4050b5715dc83f4a921d36ce9ce47d0d13c5d85f2b0ff8318d2877eec2f63b931bd47417a81a538327af927da3e,"Keep-Alive:timeout=5, max=60
Server:Apache/2.4.7 (Ubuntu)
Connection:Keep-Alive
Pragma:no-cache
Date:Mon, 11 May 2026 20:59:53 GMT
Cache-Control:no-store, no-cache, must-revalidate, post-check=0, pre-check=0
Content-Encoding:gzip
Vary:Accept-Encoding
Expires:Thu, 19 Nov 1981 08:52:00 GMT
Content-Length:1102
X-Powered-By:PHP/5.5.9-1ubuntu4.29
Content-Type:text/html
",f3449997528b17df7c323d8413c0f03948b2f66ba7f97432f414d2fc756a738681df696d2f1e742ffb9389a289edc423121bb1ad5a303d6d5a3ffe9163484a23,200
http://web/css/blueprint/print.css,GET,"Cookie:PHPSESSID=aq38o30dsel6tah45jb4oarml7
Accept:text/css,*/*;q=0.1
User-Agent:Mozilla/5.0 (X11; Linux x86_64) AppleWebKit/537.36 (KHTML, like Gecko) Chrome/85.0.4183.102 Safari/537.36
Referer:http://web/pictures/recent.php
",cf83e1357eefb8bdf1542850d66d8007d620e4050b5715dc83f4a921d36ce9ce47d0d13c5d85f2b0ff8318d2877eec2f63b931bd47417a81a538327af927da3e,"Server:Apache/2.4.7 (Ubuntu)
Last-Modified:Thu, 02 Feb 2017 22:24:09 GMT
Date:Mon, 11 May 2026 20:56:53 GMT
Accept-Ranges:bytes
ETag:""52d-547939fb8b440-gzip""
Content-Encoding:gzip
Vary:Accept-Encoding
Content-Length:674
Content-Type:text/css
",382bc7f4ad396de8dacb65598554ab8e1fe76b268c9b97e377be5fe694d07688463ac138e683332f401b64a7a2e8418a2a9f7f9d96e548ee8581d228368f7524,200
http://web/users/register.php,GET,"Cookie:PHPSESSID=aq38o30dsel6tah45jb4oarml7
Accept:text/html,application/xhtml+xml,application/xml;q=0.9,image/avif,image/webp,image/apng,*/*;q=0.8,application/signed-exchange;v=b3;q=0.9
User-Agent:Mozilla/5.0 (X11; Linux x86_64) AppleWebKit/537.36 (KHTML, like Gecko) Chrome/85.0.4183.102 Safari/537.36
Referer:http://web/
Upgrade-Insecure-Requests:1
",cf83e1357eefb8bdf1542850d66d8007d620e4050b5715dc83f4a921d36ce9ce47d0d13c5d85f2b0ff8318d2877eec2f63b931bd47417a81a538327af927da3e,"Keep-Alive:timeout=5, max=67
Server:Apache/2.4.7 (Ubuntu)
Connection:Keep-Alive
Pragma:no-cache
Date:Mon, 11 May 2026 20:57:18 GMT
Cache-Control:no-store, no-cache, must-revalidate, post-check=0, pre-check=0
Content-Encoding:gzip
Vary:Accept-Encoding
Expires:Thu, 19 Nov 1981 08:52:00 GMT
Content-Length:1099
X-Powered-By:PHP/5.5.9-1ubuntu4.29
Content-Type:text/html
",911002097b86848cf28cd09dec1af97a1b12b6ee2026973d3e17a02d07f73937fb6b7183b1850df7353516e06c7043fd14599f72c3a195b7164c62a3b31e5411,200
http://web/calendar.php?date=1778706089,GET,"Cookie:PHPSESSID=aq38o30dsel6tah45jb4oarml7
Accept:text/html,application/xhtml+xml,application/xml;q=0.9,image/avif,image/webp,image/apng,*/*;q=0.8,application/signed-exchange;v=b3;q=0.9
User-Agent:Mozilla/5.0 (X11; Linux x86_64) AppleWebKit/537.36 (KHTML, like Gecko) Chrome/85.0.4183.102 Safari/537.36
Referer:http://web/calendar.php?date=1778619689
Upgrade-Insecure-Requests:1
",cf83e1357eefb8bdf1542850d66d8007d620e4050b5715dc83f4a921d36ce9ce47d0d13c5d85f2b0ff8318d2877eec2f63b931bd47417a81a538327af927da3e,"Keep-Alive:timeout=5, max=25
Server:Apache/2.4.7 (Ubuntu)
Connection:Keep-Alive
Pragma:no-cache
Date:Mon, 11 May 2026 21:01:30 GMT
Cache-Control:no-store, no-cache, must-revalidate, post-check=0, pre-check=0
Content-Encoding:gzip
Vary:Accept-Encoding
Expires:Thu, 19 Nov 1981 08:52:00 GMT
Content-Length:945
X-Powered-By:PHP/5.5.9-1ubuntu4.29
Content-Type:text/html
",edf12055c899cf5905b014150aaeb11d78fdd302af77aa105bf8a99817b55c5b42b070c953f2943ae0cc7bcae41e40c625eca3f06c3fec7140c1fa73833c2905,200
http://web/pictures/recent.php,GET,"Cookie:PHPSESSID=aq38o30dsel6tah45jb4oarml7
Accept:text/html,application/xhtml+xml,application/xml;q=0.9,image/avif,image/webp,image/apng,*/*;q=0.8,application/signed-exchange;v=b3;q=0.9
User-Agent:Mozilla/5.0 (X11; Linux x86_64) AppleWebKit/537.36 (KHTML, like Gecko) Chrome/85.0.4183.102 Safari/537.36
Referer:http://web/guestbook.php
Upgrade-Insecure-Requests:1
",cf83e1357eefb8bdf1542850d66d8007d620e4050b5715dc83f4a921d36ce9ce47d0d13c5d85f2b0ff8318d2877eec2f63b931bd47417a81a538327af927da3e,"Keep-Alive:timeout=5, max=81
Server:Apache/2.4.7 (Ubuntu)
Connection:Keep-Alive
Pragma:no-cache
Date:Mon, 11 May 2026 20:58:19 GMT
Cache-Control:no-store, no-cache, must-revalidate, post-check=0, pre-check=0
Content-Encoding:gzip
Vary:Accept-Encoding
Expires:Thu, 19 Nov 1981 08:52:00 GMT
Content-Length:1087
X-Powered-By:PHP/5.5.9-1ubuntu4.29
Content-Type:text/html
",058622e2ac66468640326e45148fc691daae93a4f60682f2f52bdfd9f5f355443ede837d6ab028a55f716429b47a03dff9eb72864c2b5e417dba5ee7b62c7474,200
http://web/calendar.php?date=1778619619,GET,"Cookie:PHPSESSID=aq38o30dsel6tah45jb4oarml7
Accept:text/html,application/xhtml+xml,application/xml;q=0.9,image/avif,image/webp,image/apng,*/*;q=0.8,application/signed-exchange;v=b3;q=0.9
User-Agent:Mozilla/5.0 (X11; Linux x86_64) AppleWebKit/537.36 (KHTML, like Gecko) Chrome/85.0.4183.102 Safari/537.36
Referer:http://web/calendar.php
Upgrade-Insecure-Requests:1
",cf83e1357eefb8bdf1542850d66d8007d620e4050b5715dc83f4a921d36ce9ce47d0d13c5d85f2b0ff8318d2877eec2f63b931bd47417a81a538327af927da3e,"Keep-Alive:timeout=5, max=26
Server:Apache/2.4.7 (Ubuntu)
Connection:Keep-Alive
Pragma:no-cache
Date:Mon, 11 May 2026 21:00:19 GMT
Cache-Control:no-store, no-cache, must-revalidate, post-check=0, pre-check=0
Content-Encoding:gzip
Vary:Accept-Encoding
Expires:Thu, 19 Nov 1981 08:52:00 GMT
Content-Length:946
X-Powered-By:PHP/5.5.9-1ubuntu4.29
Content-Type:text/html
",72a4ba3b668d628f770f5d7677bd638a307d12e904939cacf946c68cb92cc80852b8055e929b5a4b6781f6e1309d75f82bcd72d466cf137a86f5ef84f42dd37d,200
http://web/pictures/view.php?picid=9,GET,"Cookie:PHPSESSID=aq38o30dsel6tah45jb4oarml7
Accept:text/html,application/xhtml+xml,application/xml;q=0.9,image/avif,image/webp,image/apng,*/*;q=0.8,application/signed-exchange;v=b3;q=0.9
User-Agent:Mozilla/5.0 (X11; Linux x86_64) AppleWebKit/537.36 (KHTML, like Gecko) Chrome/85.0.4183.102 Safari/537.36
Referer:http://web/pictures/recent.php
Upgrade-Insecure-Requests:1
",cf83e1357eefb8bdf1542850d66d8007d620e4050b5715dc83f4a921d36ce9ce47d0d13c5d85f2b0ff8318d2877eec2f63b931bd47417a81a538327af927da3e,"Keep-Alive:timeout=5, max=3
Server:Apache/2.4.7 (Ubuntu)
Connection:Keep-Alive
Pragma:no-cache
Date:Mon, 11 May 2026 20:58:03 GMT
Cache-Control:no-store, no-cache, must-revalidate, post-check=0, pre-check=0
Expires:Thu, 19 Nov 1981 08:52:00 GMT
Content-Length:41
X-Powered-By:PHP/5.5.9-1ubuntu4.29
Location:/users/login.php
Content-Type:text/html
",cf83e1357eefb8bdf1542850d66d8007d620e4050b5715dc83f4a921d36ce9ce47d0d13c5d85f2b0ff8318d2877eec2f63b931bd47417a81a538327af927da3e,303
http://web/users/login.php,GET,"Cookie:PHPSESSID=aq38o30dsel6tah45jb4oarml7
Accept:text/html,application/xhtml+xml,application/xml;q=0.9,image/avif,image/webp,image/apng,*/*;q=0.8,application/signed-exchange;v=b3;q=0.9
User-Agent:Mozilla/5.0 (X11; Linux x86_64) AppleWebKit/537.36 (KHTML, like Gecko) Chrome/85.0.4183.102 Safari/537.36
Referer:http://web/
Upgrade-Insecure-Requests:1
",cf83e1357eefb8bdf1542850d66d8007d620e4050b5715dc83f4a921d36ce9ce47d0d13c5d85f2b0ff8318d2877eec2f63b931bd47417a81a538327af927da3e,"Keep-Alive:timeout=5, max=92
Server:Apache/2.4.7 (Ubuntu)
Connection:Keep-Alive
Pragma:no-cache
Date:Mon, 11 May 2026 20:56:58 GMT
Cache-Control:no-store, no-cache, must-revalidate, post-check=0, pre-check=0
Content-Encoding:gzip
Vary:Accept-Encoding
Expires:Thu, 19 Nov 1981 08:52:00 GMT
Content-Length:977
X-Powered-By:PHP/5.5.9-1ubuntu4.29
Content-Type:text/html
",5aaecc300ef1f438bf876a15543aede0167555c3394cedd1b630ddd8a220ce81939fcdec5abcdebd7e5a9425b8d2e8a3fcc8eef87d928fbe4d88e20d45b0eeec,200
http://web/,GET,"Cookie:PHPSESSID=aq38o30dsel6tah45jb4oarml7
Accept:text/html,application/xhtml+xml,application/xml;q=0.9,image/avif,image/webp,image/apng,*/*;q=0.8,application/signed-exchange;v=b3;q=0.9
User-Agent:Mozilla/5.0 (X11; Linux x86_64) AppleWebKit/537.36 (KHTML, like Gecko) Chrome/85.0.4183.102 Safari/537.36
Upgrade-Insecure-Requests:1
",cf83e1357eefb8bdf1542850d66d8007d620e4050b5715dc83f4a921d36ce9ce47d0d13c5d85f2b0ff8318d2877eec2f63b931bd47417a81a538327af927da3e,"Keep-Alive:timeout=5, max=61
Server:Apache/2.4.7 (Ubuntu)
Connection:Keep-Alive
Pragma:no-cache
Date:Mon, 11 May 2026 20:57:22 GMT
Cache-Control:no-store, no-cache, must-revalidate, post-check=0, pre-check=0
Content-Encoding:gzip
Vary:Accept-Encoding
Expires:Thu, 19 Nov 1981 08:52:00 GMT
Content-Length:1283
X-Powered-By:PHP/5.5.9-1ubuntu4.29
Content-Type:text/html
",cb1c3855741e0b233d0f041217ea3549adcde3393bbf58e0ce216c67a1af24f3787587c8c0ebed01571f97183e949ae744887af05bb456f0831be22ab1a67305,200
http://web/pictures/view.php?picid=11,GET,"Cookie:PHPSESSID=aq38o30dsel6tah45jb4oarml7
Accept:text/html,application/xhtml+xml,application/xml;q=0.9,image/avif,image/webp,image/apng,*/*;q=0.8,application/signed-exchange;v=b3;q=0.9
User-Agent:Mozilla/5.0 (X11; Linux x86_64) AppleWebKit/537.36 (KHTML, like Gecko) Chrome/85.0.4183.102 Safari/537.36
Referer:http://web/pictures/recent.php
Upgrade-Insecure-Requests:1
",cf83e1357eefb8bdf1542850d66d8007d620e4050b5715dc83f4a921d36ce9ce47d0d13c5d85f2b0ff8318d2877eec2f63b931bd47417a81a538327af927da3e,"Keep-Alive:timeout=5, max=11
Server:Apache/2.4.7 (Ubuntu)
Connection:Keep-Alive
Pragma:no-cache
Date:Mon, 11 May 2026 20:57:58 GMT
Cache-Control:no-store, no-cache, must-revalidate, post-check=0, pre-check=0
Expires:Thu, 19 Nov 1981 08:52:00 GMT
Content-Length:41
X-Powered-By:PHP/5.5.9-1ubuntu4.29
Location:/users/login.php
Content-Type:text/html
",cf83e1357eefb8bdf1542850d66d8007d620e4050b5715dc83f4a921d36ce9ce47d0d13c5d85f2b0ff8318d2877eec2f63b931bd47417a81a538327af927da3e,303
http://web/users/register.php,GET,"Cookie:PHPSESSID=aq38o30dsel6tah45jb4oarml7
Accept:text/html,application/xhtml+xml,application/xml;q=0.9,image/avif,image/webp,image/apng,*/*;q=0.8,application/signed-exchange;v=b3;q=0.9
User-Agent:Mozilla/5.0 (X11; Linux x86_64) AppleWebKit/537.36 (KHTML, like Gecko) Chrome/85.0.4183.102 Safari/537.36
Referer:http://web/
Upgrade-Insecure-Requests:1
",cf83e1357eefb8bdf1542850d66d8007d620e4050b5715dc83f4a921d36ce9ce47d0d13c5d85f2b0ff8318d2877eec2f63b931bd47417a81a538327af927da3e,"Keep-Alive:timeout=5, max=65
Server:Apache/2.4.7 (Ubuntu)
Connection:Keep-Alive
Pragma:no-cache
Date:Mon, 11 May 2026 20:59:50 GMT
Cache-Control:no-store, no-cache, must-revalidate, post-check=0, pre-check=0
Content-Encoding:gzip
Vary:Accept-Encoding
Expires:Thu, 19 Nov 1981 08:52:00 GMT
Content-Length:1101
X-Powered-By:PHP/5.5.9-1ubuntu4.29
Content-Type:text/html
",9aa3e8c006a09e9b89fdd29722a88900c6dfd50627a55cb0109a9600d33a4773c6cdaefff4d5a887b6c90acd2b9f21c4091d924c5ecd37ad388b5c0cd8dc435f,200
http://web/calendar.php?date=1778706107,GET,"Cookie:PHPSESSID=aq38o30dsel6tah45jb4oarml7
Accept:text/html,application/xhtml+xml,application/xml;q=0.9,image/avif,image/webp,image/apng,*/*;q=0.8,application/signed-exchange;v=b3;q=0.9
User-Agent:Mozilla/5.0 (X11; Linux x86_64) AppleWebKit/537.36 (KHTML, like Gecko) Chrome/85.0.4183.102 Safari/537.36
Referer:http://web/calendar.php?date=1778619707
Upgrade-Insecure-Requests:1
",cf83e1357eefb8bdf1542850d66d8007d620e4050b5715dc83f4a921d36ce9ce47d0d13c5d85f2b0ff8318d2877eec2f63b931bd47417a81a538327af927da3e,"Server:Apache/2.4.7 (Ubuntu)
Connection:close
Pragma:no-cache
Date:Mon, 11 May 2026 21:01:48 GMT
Cache-Control:no-store, no-cache, must-revalidate, post-check=0, pre-check=0
Content-Encoding:gzip
Vary:Accept-Encoding
Expires:Thu, 19 Nov 1981 08:52:00 GMT
Content-Length:946
X-Powered-By:PHP/5.5.9-1ubuntu4.29
Content-Type:text/html
",41ce1c5344a7da8e77ae6296316ea9a3e6b51ef26483606f379393919bf9b9c4a7441f3de70e4c7a83320c5ba906602b41728686be690d3851db848f0888d83c,200
http://web/,GET,"Cookie:PHPSESSID=aq38o30dsel6tah45jb4oarml7
Accept:text/html,application/xhtml+xml,application/xml;q=0.9,image/avif,image/webp,image/apng,*/*;q=0.8,application/signed-exchange;v=b3;q=0.9
User-Agent:Mozilla/5.0 (X11; Linux x86_64) AppleWebKit/537.36 (KHTML, like Gecko) Chrome/85.0.4183.102 Safari/537.36
Upgrade-Insecure-Requests:1
",cf83e1357eefb8bdf1542850d66d8007d620e4050b5715dc83f4a921d36ce9ce47d0d13c5d85f2b0ff8318d2877eec2f63b931bd47417a81a538327af927da3e,"Keep-Alive:timeout=5, max=19
Server:Apache/2.4.7 (Ubuntu)
Connection:Keep-Alive
Pragma:no-cache
Date:Mon, 11 May 2026 20:59:08 GMT
Cache-Control:no-store, no-cache, must-revalidate, post-check=0, pre-check=0
Content-Encoding:gzip
Vary:Accept-Encoding
Expires:Thu, 19 Nov 1981 08:52:00 GMT
Content-Length:1283
X-Powered-By:PHP/5.5.9-1ubuntu4.29
Content-Type:text/html
",f810aaa8e61d47eca9683da4328e83ebe14e4aa649e1127a87cc45e3db12a28572623273de518803f4ad084be3cb412c0c9ec84552c3e4c4b26aa218691140a4,200
http://web/,GET,"Cookie:PHPSESSID=aq38o30dsel6tah45jb4oarml7
Accept:text/html,application/xhtml+xml,application/xml;q=0.9,image/avif,image/webp,image/apng,*/*;q=0.8,application/signed-exchange;v=b3;q=0.9
User-Agent:Mozilla/5.0 (X11; Linux x86_64) AppleWebKit/537.36 (KHTML, like Gecko) Chrome/85.0.4183.102 Safari/537.36
Upgrade-Insecure-Requests:1
",cf83e1357eefb8bdf1542850d66d8007d620e4050b5715dc83f4a921d36ce9ce47d0d13c5d85f2b0ff8318d2877eec2f63b931bd47417a81a538327af927da3e,"Keep-Alive:timeout=5, max=32
Server:Apache/2.4.7 (Ubuntu)
Connection:Keep-Alive
Pragma:no-cache
Date:Mon, 11 May 2026 20:57:44 GMT
Cache-Control:no-store, no-cache, must-revalidate, post-check=0, pre-check=0
Content-Encoding:gzip
Vary:Accept-Encoding
Expires:Thu, 19 Nov 1981 08:52:00 GMT
Content-Length:1283
X-Powered-By:PHP/5.5.9-1ubuntu4.29
Content-Type:text/html
",67ca58311d9ac42c7d8b4da7f0d6fa6454d2a480336a4f0c4affe25536c0ab4b0d2c1b2aec61e2cfee24ba3bf8d93fe421ca8ff811a890242ca8e49cfdc77bc6,200
http://web/users/login.php,GET,"Cookie:PHPSESSID=aq38o30dsel6tah45jb4oarml7
Accept:text/html,application/xhtml+xml,application/xml;q=0.9,image/avif,image/webp,image/apng,*/*;q=0.8,application/signed-exchange;v=b3;q=0.9
User-Agent:Mozilla/5.0 (X11; Linux x86_64) AppleWebKit/537.36 (KHTML, like Gecko) Chrome/85.0.4183.102 Safari/537.36
Referer:http://web/users/sample.php?userid=1
Upgrade-Insecure-Requests:1
",cf83e1357eefb8bdf1542850d66d8007d620e4050b5715dc83f4a921d36ce9ce47d0d13c5d85f2b0ff8318d2877eec2f63b931bd47417a81a538327af927da3e,"Keep-Alive:timeout=5, max=26
Server:Apache/2.4.7 (Ubuntu)
Connection:Keep-Alive
Pragma:no-cache
Date:Mon, 11 May 2026 20:59:03 GMT
Cache-Control:no-store, no-cache, must-revalidate, post-check=0, pre-check=0
Content-Encoding:gzip
Vary:Accept-Encoding
Expires:Thu, 19 Nov 1981 08:52:00 GMT
Content-Length:976
X-Powered-By:PHP/5.5.9-1ubuntu4.29
Content-Type:text/html
",c596778ebd3c5d856371541d2bda94c35777fcad11dfabc8babf0c70c3002961eeceb46bb6a91193e59249a2cb3c185d0f3f21eed7838870da23682cd0506fc1,200
http://web/tos.php,GET,"Cookie:PHPSESSID=aq38o30dsel6tah45jb4oarml7
Accept:text/html,application/xhtml+xml,application/xml;q=0.9,image/avif,image/webp,image/apng,*/*;q=0.8,application/signed-exchange;v=b3;q=0.9
User-Agent:Mozilla/5.0 (X11; Linux x86_64) AppleWebKit/537.36 (KHTML, like Gecko) Chrome/85.0.4183.102 Safari/537.36
Referer:http://web/tos.php
Upgrade-Insecure-Requests:1
",cf83e1357eefb8bdf1542850d66d8007d620e4050b5715dc83f4a921d36ce9ce47d0d13c5d85f2b0ff8318d2877eec2f63b931bd47417a81a538327af927da3e,"Keep-Alive:timeout=5, max=67
Server:Apache/2.4.7 (Ubuntu)
Connection:Keep-Alive
Pragma:no-cache
Date:Mon, 11 May 2026 20:59:48 GMT
Cache-Control:no-store, no-cache, must-revalidate, post-check=0, pre-check=0
Content-Encoding:gzip
Vary:Accept-Encoding
Expires:Thu, 19 Nov 1981 08:52:00 GMT
Content-Length:10228
X-Powered-By:PHP/5.5.9-1ubuntu4.29
Content-Type:text/html
",391b78dcdd966baf782e97b9592ec1d343a098e7510b3249080b3c273dc5a2a120afa7a2455a2ba840520850102be178a89ca52ce6d25b14bacd5fffe8bf759d,200
http://web/passcheck.php,GET,"Cookie:PHPSESSID=aq38o30dsel6tah45jb4oarml7
Accept:text/html,application/xhtml+xml,application/xml;q=0.9,image/avif,image/webp,image/apng,*/*;q=0.8,application/signed-exchange;v=b3;q=0.9
User-Agent:Mozilla/5.0 (X11; Linux x86_64) AppleWebKit/537.36 (KHTML, like Gecko) Chrome/85.0.4183.102 Safari/537.36
Referer:http://web/users/register.php
Upgrade-Insecure-Requests:1
",cf83e1357eefb8bdf1542850d66d8007d620e4050b5715dc83f4a921d36ce9ce47d0d13c5d85f2b0ff8318d2877eec2f63b931bd47417a81a538327af927da3e,"Keep-Alive:timeout=5, max=50
Server:Apache/2.4.7 (Ubuntu)
Connection:Keep-Alive
Pragma:no-cache
Date:Mon, 11 May 2026 21:00:00 GMT
Cache-Control:no-store, no-cache, must-revalidate, post-check=0, pre-check=0
Content-Encoding:gzip
Vary:Accept-Encoding
Expires:Thu, 19 Nov 1981 08:52:00 GMT
Content-Length:928
X-Powered-By:PHP/5.5.9-1ubuntu4.29
Content-Type:text/html
",9e684a174717dda76a36ba69ca82b184f3a0656479e1528199f4daaeeaf428295ba90e74d584a85dc41bc2c3cd7711b5f1986028bed3a364a6ba0d436b510272,200
http://web/calendar.php?date=1778619644,GET,"Cookie:PHPSESSID=aq38o30dsel6tah45jb4oarml7
Accept:text/html,application/xhtml+xml,application/xml;q=0.9,image/avif,image/webp,image/apng,*/*;q=0.8,application/signed-exchange;v=b3;q=0.9
User-Agent:Mozilla/5.0 (X11; Linux x86_64) AppleWebKit/537.36 (KHTML, like Gecko) Chrome/85.0.4183.102 Safari/537.36
Referer:http://web/calendar.php
Upgrade-Insecure-Requests:1
",cf83e1357eefb8bdf1542850d66d8007d620e4050b5715dc83f4a921d36ce9ce47d0d13c5d85f2b0ff8318d2877eec2f63b931bd47417a81a538327af927da3e,"Keep-Alive:timeout=5, max=92
Server:Apache/2.4.7 (Ubuntu)
Connection:Keep-Alive
Pragma:no-cache
Date:Mon, 11 May 2026 21:00:44 GMT
Cache-Control:no-store, no-cache, must-revalidate, post-check=0, pre-check=0
Content-Encoding:gzip
Vary:Accept-Encoding
Expires:Thu, 19 Nov 1981 08:52:00 GMT
Content-Length:942
X-Powered-By:PHP/5.5.9-1ubuntu4.29
Content-Type:text/html
",70dfb55b820ed6350153fa869d83cb484130fc699970616c655c4de36407e569e477c0e5ebc9ac653bafa4fad01102376f6c777f6a24abc1131c154fc8082bc3,200
http://web/guestbook.php,GET,"Cookie:PHPSESSID=aq38o30dsel6tah45jb4oarml7
Accept:text/html,application/xhtml+xml,application/xml;q=0.9,image/avif,image/webp,image/apng,*/*;q=0.8,application/signed-exchange;v=b3;q=0.9
User-Agent:Mozilla/5.0 (X11; Linux x86_64) AppleWebKit/537.36 (KHTML, like Gecko) Chrome/85.0.4183.102 Safari/537.36
Referer:http://web/passcheck.php
Upgrade-Insecure-Requests:1
",cf83e1357eefb8bdf1542850d66d8007d620e4050b5715dc83f4a921d36ce9ce47d0d13c5d85f2b0ff8318d2877eec2f63b931bd47417a81a538327af927da3e,"Keep-Alive:timeout=5, max=49
Server:Apache/2.4.7 (Ubuntu)
Connection:Keep-Alive
Pragma:no-cache
Date:Mon, 11 May 2026 21:00:01 GMT
Cache-Control:no-store, no-cache, must-revalidate, post-check=0, pre-check=0
Content-Encoding:gzip
Vary:Accept-Encoding
Expires:Thu, 19 Nov 1981 08:52:00 GMT
Content-Length:1000
X-Powered-By:PHP/5.5.9-1ubuntu4.29
Content-Type:text/html
",258dac09ef8ec13ceef335b37a70735fb2f775e1a0b1b4fb20c706be6397e426aa6e757339be45067040943885c1b46698228e3486e65afb6b54a4cb54e697cf,200
http://web/passcheck.php,GET,"Cookie:PHPSESSID=aq38o30dsel6tah45jb4oarml7
Accept:text/html,application/xhtml+xml,application/xml;q=0.9,image/avif,image/webp,image/apng,*/*;q=0.8,application/signed-exchange;v=b3;q=0.9
User-Agent:Mozilla/5.0 (X11; Linux x86_64) AppleWebKit/537.36 (KHTML, like Gecko) Chrome/85.0.4183.102 Safari/537.36
Referer:http://web/users/register.php
Upgrade-Insecure-Requests:1
",cf83e1357eefb8bdf1542850d66d8007d620e4050b5715dc83f4a921d36ce9ce47d0d13c5d85f2b0ff8318d2877eec2f63b931bd47417a81a538327af927da3e,"Keep-Alive:timeout=5, max=54
Server:Apache/2.4.7 (Ubuntu)
Connection:Keep-Alive
Pragma:no-cache
Date:Mon, 11 May 2026 20:59:57 GMT
Cache-Control:no-store, no-cache, must-revalidate, post-check=0, pre-check=0
Content-Encoding:gzip
Vary:Accept-Encoding
Expires:Thu, 19 Nov 1981 08:52:00 GMT
Content-Length:928
X-Powered-By:PHP/5.5.9-1ubuntu4.29
Content-Type:text/html
",7c655e04817518de0421adcacad0a6b24a56320e02138c726eb1d179a6efb905c61b552b445bb4db895fc91f276c1cde6ce718eea51933d2f1042b5ce0a0ac3a,200
http://web/,GET,"Cookie:PHPSESSID=aq38o30dsel6tah45jb4oarml7
Accept:text/html,application/xhtml+xml,application/xml;q=0.9,image/avif,image/webp,image/apng,*/*;q=0.8,application/signed-exchange;v=b3;q=0.9
User-Agent:Mozilla/5.0 (X11; Linux x86_64) AppleWebKit/537.36 (KHTML, like Gecko) Chrome/85.0.4183.102 Safari/537.36
Upgrade-Insecure-Requests:1
",cf83e1357eefb8bdf1542850d66d8007d620e4050b5715dc83f4a921d36ce9ce47d0d13c5d85f2b0ff8318d2877eec2f63b931bd47417a81a538327af927da3e,"Keep-Alive:timeout=5, max=2
Server:Apache/2.4.7 (Ubuntu)
Connection:Keep-Alive
Pragma:no-cache
Date:Mon, 11 May 2026 20:59:21 GMT
Cache-Control:no-store, no-cache, must-revalidate, post-check=0, pre-check=0
Content-Encoding:gzip
Vary:Accept-Encoding
Expires:Thu, 19 Nov 1981 08:52:00 GMT
Content-Length:1283
X-Powered-By:PHP/5.5.9-1ubuntu4.29
Content-Type:text/html
",43cdcf17113f8e9d1d43e60aa77497c1136ecd5f7c9230082c905c1aca8462005c7059518eb0934003844679c1405aa6aff4b452481650e5b36fb012bb8d78ec,200
http://web/calendar.php,GET,"Cookie:PHPSESSID=aq38o30dsel6tah45jb4oarml7
Accept:text/html,application/xhtml+xml,application/xml;q=0.9,image/avif,image/webp,image/apng,*/*;q=0.8,application/signed-exchange;v=b3;q=0.9
User-Agent:Mozilla/5.0 (X11; Linux x86_64) AppleWebKit/537.36 (KHTML, like Gecko) Chrome/85.0.4183.102 Safari/537.36
Referer:http://web/
Upgrade-Insecure-Requests:1
",cf83e1357eefb8bdf1542850d66d8007d620e4050b5715dc83f4a921d36ce9ce47d0d13c5d85f2b0ff8318d2877eec2f63b931bd47417a81a538327af927da3e,"Keep-Alive:timeout=5, max=77
Server:Apache/2.4.7 (Ubuntu)
Connection:Keep-Alive
Pragma:no-cache
Date:Mon, 11 May 2026 21:00:54 GMT
Cache-Control:no-store, no-cache, must-revalidate, post-check=0, pre-check=0
Content-Encoding:gzip
Vary:Accept-Encoding
Expires:Thu, 19 Nov 1981 08:52:00 GMT
Content-Length:945
X-Powered-By:PHP/5.5.9-1ubuntu4.29
Content-Type:text/html
",7fc4b993c00ace833e9103d1e0409c1df1381e9bde26438afee597d592a4f1350f4baf4309e288217814e239d4fbf5d4180770f3fae260475a3208703292d105,200
http://web/css/blueprint/screen.css,GET,"Cookie:PHPSESSID=aq38o30dsel6tah45jb4oarml7
Accept:text/css,*/*;q=0.1
User-Agent:Mozilla/5.0 (X11; Linux x86_64) AppleWebKit/537.36 (KHTML, like Gecko) Chrome/85.0.4183.102 Safari/537.36
Referer:http://web/guestbook.php
",cf83e1357eefb8bdf1542850d66d8007d620e4050b5715dc83f4a921d36ce9ce47d0d13c5d85f2b0ff8318d2877eec2f63b931bd47417a81a538327af927da3e,"Server:Apache/2.4.7 (Ubuntu)
Last-Modified:Thu, 02 Feb 2017 22:24:09 GMT
Date:Mon, 11 May 2026 20:56:53 GMT
Accept-Ranges:bytes
ETag:""24c7-547939fb8b440-gzip""
Content-Encoding:gzip
Vary:Accept-Encoding
Content-Length:2682
Content-Type:text/css
",c0995dbb8c323ef465d8cc5d7b640b1a5435beb529b0c6e55594b1c0f3db66e859d23f70cfe8d93285234e722d677fca7c8887bee81a636881b2f91f221f976e,200
http://web/calendar.php,GET,"Cookie:PHPSESSID=aq38o30dsel6tah45jb4oarml7
Accept:text/html,application/xhtml+xml,application/xml;q=0.9,image/avif,image/webp,image/apng,*/*;q=0.8,application/signed-exchange;v=b3;q=0.9
User-Agent:Mozilla/5.0 (X11; Linux x86_64) AppleWebKit/537.36 (KHTML, like Gecko) Chrome/85.0.4183.102 Safari/537.36
Referer:http://web/
Upgrade-Insecure-Requests:1
",cf83e1357eefb8bdf1542850d66d8007d620e4050b5715dc83f4a921d36ce9ce47d0d13c5d85f2b0ff8318d2877eec2f63b931bd47417a81a538327af927da3e,"Keep-Alive:timeout=5, max=9
Server:Apache/2.4.7 (Ubuntu)
Connection:Keep-Alive
Pragma:no-cache
Date:Mon, 11 May 2026 21:00:31 GMT
Cache-Control:no-store, no-cache, must-revalidate, post-check=0, pre-check=0
Content-Encoding:gzip
Vary:Accept-Encoding
Expires:Thu, 19 Nov 1981 08:52:00 GMT
Content-Length:944
X-Powered-By:PHP/5.5.9-1ubuntu4.29
Content-Type:text/html
",44a7a428263b0e9b8d1997b7f767c23e2ce9e77b018b35e8149fb3ba731f765b98ec6d1368cf126430f0aaea764d358e360824ff22d3d9d83844caa6d431315f,200
http://web/guestbook.php,GET,"Cookie:PHPSESSID=aq38o30dsel6tah45jb4oarml7
Accept:text/html,application/xhtml+xml,application/xml;q=0.9,image/avif,image/webp,image/apng,*/*;q=0.8,application/signed-exchange;v=b3;q=0.9
User-Agent:Mozilla/5.0 (X11; Linux x86_64) AppleWebKit/537.36 (KHTML, like Gecko) Chrome/85.0.4183.102 Safari/537.36
Referer:http://web/pictures/recent.php
Upgrade-Insecure-Requests:1
",cf83e1357eefb8bdf1542850d66d8007d620e4050b5715dc83f4a921d36ce9ce47d0d13c5d85f2b0ff8318d2877eec2f63b931bd47417a81a538327af927da3e,"Keep-Alive:timeout=5, max=35
Server:Apache/2.4.7 (Ubuntu)
Connection:Keep-Alive
Pragma:no-cache
Date:Mon, 11 May 2026 20:57:42 GMT
Cache-Control:no-store, no-cache, must-revalidate, post-check=0, pre-check=0
Content-Encoding:gzip
Vary:Accept-Encoding
Expires:Thu, 19 Nov 1981 08:52:00 GMT
Content-Length:997
X-Powered-By:PHP/5.5.9-1ubuntu4.29
Content-Type:text/html
",fafaad29bb8eefe1b8a76cf8bb7cce8d37cd12de559536d24ab2b7db3191256627848a5e4da90004510ddaad14771e3bda62bd43b02783677f2214156712c8ef,200
http://web/passcheck.php,GET,"Cookie:PHPSESSID=aq38o30dsel6tah45jb4oarml7
Accept:text/html,application/xhtml+xml,application/xml;q=0.9,image/avif,image/webp,image/apng,*/*;q=0.8,application/signed-exchange;v=b3;q=0.9
User-Agent:Mozilla/5.0 (X11; Linux x86_64) AppleWebKit/537.36 (KHTML, like Gecko) Chrome/85.0.4183.102 Safari/537.36
Referer:http://web/users/register.php
Upgrade-Insecure-Requests:1
",cf83e1357eefb8bdf1542850d66d8007d620e4050b5715dc83f4a921d36ce9ce47d0d13c5d85f2b0ff8318d2877eec2f63b931bd47417a81a538327af927da3e,"Keep-Alive:timeout=5, max=59
Server:Apache/2.4.7 (Ubuntu)
Connection:Keep-Alive
Pragma:no-cache
Date:Mon, 11 May 2026 20:59:54 GMT
Cache-Control:no-store, no-cache, must-revalidate, post-check=0, pre-check=0
Content-Encoding:gzip
Vary:Accept-Encoding
Expires:Thu, 19 Nov 1981 08:52:00 GMT
Content-Length:928
X-Powered-By:PHP/5.5.9-1ubuntu4.29
Content-Type:text/html
",c57bcca375ef9bd5841eb5ceb2bc28441dfec7376b380918396b4148d7120c4760c895d425bcfb5011951ead1fe7168d66190f5446d45b39fa0c428adc5b31dc,200
http://web/calendar.php?date=1778706050,GET,"Cookie:PHPSESSID=aq38o30dsel6tah45jb4oarml7
Accept:text/html,application/xhtml+xml,application/xml;q=0.9,image/avif,image/webp,image/apng,*/*;q=0.8,application/signed-exchange;v=b3;q=0.9
User-Agent:Mozilla/5.0 (X11; Linux x86_64) AppleWebKit/537.36 (KHTML, like Gecko) Chrome/85.0.4183.102 Safari/537.36
Referer:http://web/calendar.php?date=1778619650
Upgrade-Insecure-Requests:1
",cf83e1357eefb8bdf1542850d66d8007d620e4050b5715dc83f4a921d36ce9ce47d0d13c5d85f2b0ff8318d2877eec2f63b931bd47417a81a538327af927da3e,"Keep-Alive:timeout=5, max=81
Server:Apache/2.4.7 (Ubuntu)
Connection:Keep-Alive
Pragma:no-cache
Date:Mon, 11 May 2026 21:00:52 GMT
Cache-Control:no-store, no-cache, must-revalidate, post-check=0, pre-check=0
Content-Encoding:gzip
Vary:Accept-Encoding
Expires:Thu, 19 Nov 1981 08:52:00 GMT
Content-Length:946
X-Powered-By:PHP/5.5.9-1ubuntu4.29
Content-Type:text/html
",4ab50ef349c1156eb55f026bb56ae77808d2ee0d4a4384a629ff44adcd42469bb58abf1c2962eb3997b81c20cae9917c4d8efb6b4a5f0e9d5762fad6d0f930b4,200
http://web/calendar.php,GET,"Cookie:PHPSESSID=aq38o30dsel6tah45jb4oarml7
Accept:text/html,application/xhtml+xml,application/xml;q=0.9,image/avif,image/webp,image/apng,*/*;q=0.8,application/signed-exchange;v=b3;q=0.9
User-Agent:Mozilla/5.0 (X11; Linux x86_64) AppleWebKit/537.36 (KHTML, like Gecko) Chrome/85.0.4183.102 Safari/537.36
Referer:http://web/
Upgrade-Insecure-Requests:1
",cf83e1357eefb8bdf1542850d66d8007d620e4050b5715dc83f4a921d36ce9ce47d0d13c5d85f2b0ff8318d2877eec2f63b931bd47417a81a538327af927da3e,"Keep-Alive:timeout=5, max=58
Server:Apache/2.4.7 (Ubuntu)
Connection:Keep-Alive
Pragma:no-cache
Date:Mon, 11 May 2026 20:57:25 GMT
Cache-Control:no-store, no-cache, must-revalidate, post-check=0, pre-check=0
Content-Encoding:gzip
Vary:Accept-Encoding
Expires:Thu, 19 Nov 1981 08:52:00 GMT
Content-Length:943
X-Powered-By:PHP/5.5.9-1ubuntu4.29
Content-Type:text/html
",7adeafe7fa675594621e9ef5ebae98edda3b111e35b769448220b558e5e3ae87868762dd8b7d6179c5c250897d389e0d1e4a6b50e4e65d3a91c43636c4985957,200
http://web/pictures/recent.php,GET,"Cookie:PHPSESSID=aq38o30dsel6tah45jb4oarml7
Accept:text/html,application/xhtml+xml,application/xml;q=0.9,image/avif,image/webp,image/apng,*/*;q=0.8,application/signed-exchange;v=b3;q=0.9
User-Agent:Mozilla/5.0 (X11; Linux x86_64) AppleWebKit/537.36 (KHTML, like Gecko) Chrome/85.0.4183.102 Safari/537.36
Referer:http://web/
Upgrade-Insecure-Requests:1
",cf83e1357eefb8bdf1542850d66d8007d620e4050b5715dc83f4a921d36ce9ce47d0d13c5d85f2b0ff8318d2877eec2f63b931bd47417a81a538327af927da3e,"Keep-Alive:timeout=5, max=4
Server:Apache/2.4.7 (Ubuntu)
Connection:Keep-Alive
Pragma:no-cache
Date:Mon, 11 May 2026 20:58:02 GMT
Cache-Control:no-store, no-cache, must-revalidate, post-check=0, pre-check=0
Content-Encoding:gzip
Vary:Accept-Encoding
Expires:Thu, 19 Nov 1981 08:52:00 GMT
Content-Length:1088
X-Powered-By:PHP/5.5.9-1ubuntu4.29
Content-Type:text/html
",5c94ecafcae2add3ff7cd5aa99ae5e75f1dae1a1b93aee9ffee2d20ea2c22add754e2306363f5915e569d17812ac550a7f7a9c0580cb115d6387acf56a40f9f8,200
http://web/,GET,"Accept:text/html,application/xhtml+xml,application/xml;q=0.9,image/avif,image/webp,image/apng,*/*;q=0.8,application/signed-exchange;v=b3;q=0.9
User-Agent:Mozilla/5.0 (X11; Linux x86_64) AppleWebKit/537.36 (KHTML, like Gecko) Chrome/85.0.4183.102 Safari/537.36
Upgrade-Insecure-Requests:1
",cf83e1357eefb8bdf1542850d66d8007d620e4050b5715dc83f4a921d36ce9ce47d0d13c5d85f2b0ff8318d2877eec2f63b931bd47417a81a538327af927da3e,"Keep-Alive:timeout=5, max=100
Server:Apache/2.4.7 (Ubuntu)
Connection:Keep-Alive
Pragma:no-cache
Date:Mon, 11 May 2026 20:56:53 GMT
Cache-Control:no-store, no-cache, must-revalidate, post-check=0, pre-check=0
Content-Encoding:gzip
Vary:Accept-Encoding
Expires:Thu, 19 Nov 1981 08:52:00 GMT
Content-Length:1284
X-Powered-By:PHP/5.5.9-1ubuntu4.29
Content-Type:text/html
",f424c21f60540255e1dada4a40369e56b6ae53d0925e7cf22115cd917fffa3c52e372c8c95b41ae03c2f06c7d9e89971f58af0340484e5b348c83d49fb1e9742,200
http://web/users/login.php,GET,"Cookie:PHPSESSID=aq38o30dsel6tah45jb4oarml7
Accept:text/html,application/xhtml+xml,application/xml;q=0.9,image/avif,image/webp,image/apng,*/*;q=0.8,application/signed-exchange;v=b3;q=0.9
User-Agent:Mozilla/5.0 (X11; Linux x86_64) AppleWebKit/537.36 (KHTML, like Gecko) Chrome/85.0.4183.102 Safari/537.36
Referer:http://web/pictures/recent.php
Upgrade-Insecure-Requests:1
",cf83e1357eefb8bdf1542850d66d8007d620e4050b5715dc83f4a921d36ce9ce47d0d13c5d85f2b0ff8318d2877eec2f63b931bd47417a81a538327af927da3e,"Keep-Alive:timeout=5, max=14
Server:Apache/2.4.7 (Ubuntu)
Connection:Keep-Alive
Pragma:no-cache
Date:Mon, 11 May 2026 20:57:56 GMT
Cache-Control:no-store, no-cache, must-revalidate, post-check=0, pre-check=0
Content-Encoding:gzip
Vary:Accept-Encoding
Expires:Thu, 19 Nov 1981 08:52:00 GMT
Content-Length:976
X-Powered-By:PHP/5.5.9-1ubuntu4.29
Content-Type:text/html
",c6587f9d87c7d5b7efeccf79bbd0a7ba770ddb254cc0e6c30e3602cb2958413cf4456420bf8fdef8d9d15c5cfca20e926a0035cadde04afe67ed8b83ec8046c2,200
http://web/users/login.php,GET,"Cookie:PHPSESSID=aq38o30dsel6tah45jb4oarml7
Accept:text/html,application/xhtml+xml,application/xml;q=0.9,image/avif,image/webp,image/apng,*/*;q=0.8,application/signed-exchange;v=b3;q=0.9
User-Agent:Mozilla/5.0 (X11; Linux x86_64) AppleWebKit/537.36 (KHTML, like Gecko) Chrome/85.0.4183.102 Safari/537.36
Referer:http://web/guestbook.php
Upgrade-Insecure-Requests:1
",cf83e1357eefb8bdf1542850d66d8007d620e4050b5715dc83f4a921d36ce9ce47d0d13c5d85f2b0ff8318d2877eec2f63b931bd47417a81a538327af927da3e,"Keep-Alive:timeout=5, max=33
Server:Apache/2.4.7 (Ubuntu)
Connection:Keep-Alive
Pragma:no-cache
Date:Mon, 11 May 2026 20:57:43 GMT
Cache-Control:no-store, no-cache, must-revalidate, post-check=0, pre-check=0
Content-Encoding:gzip
Vary:Accept-Encoding
Expires:Thu, 19 Nov 1981 08:52:00 GMT
Content-Length:976
X-Powered-By:PHP/5.5.9-1ubuntu4.29
Content-Type:text/html
",1ec1d853e8ff14dd8ef8e2f7666e1720de765c42ee49a869ac467bcd13f65850775c5cd43080f4964799a8835f24ab50e3d5cb423414242f87ace52b4621ef08,200
http://web/users/login.php,GET,"Cookie:PHPSESSID=aq38o30dsel6tah45jb4oarml7
Accept:text/html,application/xhtml+xml,application/xml;q=0.9,image/avif,image/webp,image/apng,*/*;q=0.8,application/signed-exchange;v=b3;q=0.9
User-Agent:Mozilla/5.0 (X11; Linux x86_64) AppleWebKit/537.36 (KHTML, like Gecko) Chrome/85.0.4183.102 Safari/537.36
Referer:http://web/guestbook.php
Upgrade-Insecure-Requests:1
",cf83e1357eefb8bdf1542850d66d8007d620e4050b5715dc83f4a921d36ce9ce47d0d13c5d85f2b0ff8318d2877eec2f63b931bd47417a81a538327af927da3e,"Keep-Alive:timeout=5, max=73
Server:Apache/2.4.7 (Ubuntu)
Connection:Keep-Alive
Pragma:no-cache
Date:Mon, 11 May 2026 20:57:11 GMT
Cache-Control:no-store, no-cache, must-revalidate, post-check=0, pre-check=0
Content-Encoding:gzip
Vary:Accept-Encoding
Expires:Thu, 19 Nov 1981 08:52:00 GMT
Content-Length:976
X-Powered-By:PHP/5.5.9-1ubuntu4.29
Content-Type:text/html
",88b57a6cb5cfd124a301716d82dc3f4877b7b60583f2952f4e504839c2497d639c565f0db926e4a72e4b34bb56182316d2dedd912ed210dcfb57681a5cac24a8,200
http://web/pictures/recent.php,GET,"Cookie:PHPSESSID=aq38o30dsel6tah45jb4oarml7
Accept:text/html,application/xhtml+xml,application/xml;q=0.9,image/avif,image/webp,image/apng,*/*;q=0.8,application/signed-exchange;v=b3;q=0.9
User-Agent:Mozilla/5.0 (X11; Linux x86_64) AppleWebKit/537.36 (KHTML, like Gecko) Chrome/85.0.4183.102 Safari/537.36
Referer:http://web/calendar.php?date=1778792489
Upgrade-Insecure-Requests:1
",cf83e1357eefb8bdf1542850d66d8007d620e4050b5715dc83f4a921d36ce9ce47d0d13c5d85f2b0ff8318d2877eec2f63b931bd47417a81a538327af927da3e,"Keep-Alive:timeout=5, max=23
Server:Apache/2.4.7 (Ubuntu)
Connection:Keep-Alive
Pragma:no-cache
Date:Mon, 11 May 2026 21:01:31 GMT
Cache-Control:no-store, no-cache, must-revalidate, post-check=0, pre-check=0
Content-Encoding:gzip
Vary:Accept-Encoding
Expires:Thu, 19 Nov 1981 08:52:00 GMT
Content-Length:1087
X-Powered-By:PHP/5.5.9-1ubuntu4.29
Content-Type:text/html
",1fae154c5e17a266ec84ca603c9911f34bef4534940c494733f7f1a85d1629d6c177be8330aa6b31ec57096a54806593ae5143019d7f319e707c56da8e2b4b99,200
http://web/calendar.php?date=1778706069,GET,"Cookie:PHPSESSID=aq38o30dsel6tah45jb4oarml7
Accept:text/html,application/xhtml+xml,application/xml;q=0.9,image/avif,image/webp,image/apng,*/*;q=0.8,application/signed-exchange;v=b3;q=0.9
User-Agent:Mozilla/5.0 (X11; Linux x86_64) AppleWebKit/537.36 (KHTML, like Gecko) Chrome/85.0.4183.102 Safari/537.36
Referer:http://web/calendar.php?date=1778619669
Upgrade-Insecure-Requests:1
",cf83e1357eefb8bdf1542850d66d8007d620e4050b5715dc83f4a921d36ce9ce47d0d13c5d85f2b0ff8318d2877eec2f63b931bd47417a81a538327af927da3e,"Keep-Alive:timeout=5, max=54
Server:Apache/2.4.7 (Ubuntu)
Connection:Keep-Alive
Pragma:no-cache
Date:Mon, 11 May 2026 21:01:11 GMT
Cache-Control:no-store, no-cache, must-revalidate, post-check=0, pre-check=0
Content-Encoding:gzip
Vary:Accept-Encoding
Expires:Thu, 19 Nov 1981 08:52:00 GMT
Content-Length:946
X-Powered-By:PHP/5.5.9-1ubuntu4.29
Content-Type:text/html
",50d87b0bbcd7501b3c84cb13ba4fcdef07d0a2a698cf7dad352635a17f38943234a287e77d3176af528f6eaadf5804c8836683c07ffcc939704f95feb30497cb,200
http://web/users/register.php,GET,"Cookie:PHPSESSID=aq38o30dsel6tah45jb4oarml7
Accept:text/html,application/xhtml+xml,application/xml;q=0.9,image/avif,image/webp,image/apng,*/*;q=0.8,application/signed-exchange;v=b3;q=0.9
User-Agent:Mozilla/5.0 (X11; Linux x86_64) AppleWebKit/537.36 (KHTML, like Gecko) Chrome/85.0.4183.102 Safari/537.36
Referer:http://web/users/login.php
Upgrade-Insecure-Requests:1
",cf83e1357eefb8bdf1542850d66d8007d620e4050b5715dc83f4a921d36ce9ce47d0d13c5d85f2b0ff8318d2877eec2f63b931bd47417a81a538327af927da3e,"Keep-Alive:timeout=5, max=71
Server:Apache/2.4.7 (Ubuntu)
Connection:Keep-Alive
Pragma:no-cache
Date:Mon, 11 May 2026 20:57:13 GMT
Cache-Control:no-store, no-cache, must-revalidate, post-check=0, pre-check=0
Content-Encoding:gzip
Vary:Accept-Encoding
Expires:Thu, 19 Nov 1981 08:52:00 GMT
Content-Length:1100
X-Powered-By:PHP/5.5.9-1ubuntu4.29
Content-Type:text/html
",5744da425c97f3e5b94c27033a8ce67fd1025860ea3d7b6585e5703bc51e5e318f176fd63138acd2a5cbece2f9a3a5a549495af7bc9983cb0d8f1ef1f157638c,200
http://web/users/sample.php?userid=1,GET,"Cookie:PHPSESSID=aq38o30dsel6tah45jb4oarml7
Accept:text/html,application/xhtml+xml,application/xml;q=0.9,image/avif,image/webp,image/apng,*/*;q=0.8,application/signed-exchange;v=b3;q=0.9
User-Agent:Mozilla/5.0 (X11; Linux x86_64) AppleWebKit/537.36 (KHTML, like Gecko) Chrome/85.0.4183.102 Safari/537.36
Referer:http://web/
Upgrade-Insecure-Requests:1
",cf83e1357eefb8bdf1542850d66d8007d620e4050b5715dc83f4a921d36ce9ce47d0d13c5d85f2b0ff8318d2877eec2f63b931bd47417a81a538327af927da3e,"Keep-Alive:timeout=5, max=5
Server:Apache/2.4.7 (Ubuntu)
Connection:Keep-Alive
Pragma:no-cache
Date:Mon, 11 May 2026 20:59:19 GMT
Cache-Control:no-store, no-cache, must-revalidate, post-check=0, pre-check=0
Content-Encoding:gzip
Vary:Accept-Encoding
Expires:Thu, 19 Nov 1981 08:52:00 GMT
Content-Length:982
X-Powered-By:PHP/5.5.9-1ubuntu4.29
Content-Type:text/html
",b9dd8646e7fb34a3e42fd032c229ef4a7dd23f90520499479efb4917fcfa7f0987ec9687c364575565a31ed4528b7f7b866d27b5295a0980935b49de6489107b,200
http://web/users/register.php,GET,"Cookie:PHPSESSID=aq38o30dsel6tah45jb4oarml7
Accept:text/html,application/xhtml+xml,application/xml;q=0.9,image/avif,image/webp,image/apng,*/*;q=0.8,application/signed-exchange;v=b3;q=0.9
User-Agent:Mozilla/5.0 (X11; Linux x86_64) AppleWebKit/537.36 (KHTML, like Gecko) Chrome/85.0.4183.102 Safari/537.36
Referer:http://web/
Upgrade-Insecure-Requests:1
",cf83e1357eefb8bdf1542850d66d8007d620e4050b5715dc83f4a921d36ce9ce47d0d13c5d85f2b0ff8318d2877eec2f63b931bd47417a81a538327af927da3e,"Keep-Alive:timeout=5, max=35
Server:Apache/2.4.7 (Ubuntu)
Connection:Keep-Alive
Pragma:no-cache
Date:Mon, 11 May 2026 21:00:13 GMT
Cache-Control:no-store, no-cache, must-revalidate, post-check=0, pre-check=0
Content-Encoding:gzip
Vary:Accept-Encoding
Expires:Thu, 19 Nov 1981 08:52:00 GMT
Content-Length:1099
X-Powered-By:PHP/5.5.9-1ubuntu4.29
Content-Type:text/html
",a7befd6a4108d195df4fc1fb2994eab1783261b145b0f473406740a8107e419f9a3065a71158653d024ef403e9082b343727a27f7fa8e733cdc14ef29dcefb0d,200
http://web/,GET,"Cookie:PHPSESSID=aq38o30dsel6tah45jb4oarml7
Accept:text/html,application/xhtml+xml,application/xml;q=0.9,image/avif,image/webp,image/apng,*/*;q=0.8,application/signed-exchange;v=b3;q=0.9
User-Agent:Mozilla/5.0 (X11; Linux x86_64) AppleWebKit/537.36 (KHTML, like Gecko) Chrome/85.0.4183.102 Safari/537.36
Upgrade-Insecure-Requests:1
",cf83e1357eefb8bdf1542850d66d8007d620e4050b5715dc83f4a921d36ce9ce47d0d13c5d85f2b0ff8318d2877eec2f63b931bd47417a81a538327af927da3e,"Keep-Alive:timeout=5, max=52
Server:Apache/2.4.7 (Ubuntu)
Connection:Keep-Alive
Pragma:no-cache
Date:Mon, 11 May 2026 21:01:12 GMT
Cache-Control:no-store, no-cache, must-revalidate, post-check=0, pre-check=0
Content-Encoding:gzip
Vary:Accept-Encoding
Expires:Thu, 19 Nov 1981 08:52:00 GMT
Content-Length:1284
X-Powered-By:PHP/5.5.9-1ubuntu4.29
Content-Type:text/html
",3fa472bd1b8a247d7e51d870cbdaa57d1592d56f9b21d8fbc7b40bab1b96e3eae4f5c7a077ba6278482f0f588dc6fdd778905e9658192143ce45d6d22d285c5f,200
http://web/users/register.php,GET,"Cookie:PHPSESSID=aq38o30dsel6tah45jb4oarml7
Accept:text/html,application/xhtml+xml,application/xml;q=0.9,image/avif,image/webp,image/apng,*/*;q=0.8,application/signed-exchange;v=b3;q=0.9
User-Agent:Mozilla/5.0 (X11; Linux x86_64) AppleWebKit/537.36 (KHTML, like Gecko) Chrome/85.0.4183.102 Safari/537.36
Referer:http://web/
Upgrade-Insecure-Requests:1
",cf83e1357eefb8bdf1542850d66d8007d620e4050b5715dc83f4a921d36ce9ce47d0d13c5d85f2b0ff8318d2877eec2f63b931bd47417a81a538327af927da3e,"Keep-Alive:timeout=5, max=42
Server:Apache/2.4.7 (Ubuntu)
Connection:Keep-Alive
Pragma:no-cache
Date:Mon, 11 May 2026 20:58:51 GMT
Cache-Control:no-store, no-cache, must-revalidate, post-check=0, pre-check=0
Content-Encoding:gzip
Vary:Accept-Encoding
Expires:Thu, 19 Nov 1981 08:52:00 GMT
Content-Length:1099
X-Powered-By:PHP/5.5.9-1ubuntu4.29
Content-Type:text/html
",f2798a170266c8e3638438954721eafe09f7f87000ba845e4379bb18cdea1034964941f34017cb49019edfd0ea7dc299878addd7b2ccde4303d06b47aba77190,200
http://web/,GET,"Cookie:PHPSESSID=aq38o30dsel6tah45jb4oarml7
Accept:text/html,application/xhtml+xml,application/xml;q=0.9,image/avif,image/webp,image/apng,*/*;q=0.8,application/signed-exchange;v=b3;q=0.9
User-Agent:Mozilla/5.0 (X11; Linux x86_64) AppleWebKit/537.36 (KHTML, like Gecko) Chrome/85.0.4183.102 Safari/537.36
Upgrade-Insecure-Requests:1
",cf83e1357eefb8bdf1542850d66d8007d620e4050b5715dc83f4a921d36ce9ce47d0d13c5d85f2b0ff8318d2877eec2f63b931bd47417a81a538327af927da3e,"Keep-Alive:timeout=5, max=44
Server:Apache/2.4.7 (Ubuntu)
Connection:Keep-Alive
Pragma:no-cache
Date:Mon, 11 May 2026 21:00:05 GMT
Cache-Control:no-store, no-cache, must-revalidate, post-check=0, pre-check=0
Content-Encoding:gzip
Vary:Accept-Encoding
Expires:Thu, 19 Nov 1981 08:52:00 GMT
Content-Length:1284
X-Powered-By:PHP/5.5.9-1ubuntu4.29
Content-Type:text/html
",74d13c371e0957d10a01be62857c5c3d52906b527d27bb17bd9a66bc228965b836d85e195fa04cfe1c4a84d927ae2cea619b0db5f0d4a44c36d276bf08ea83bc,200
http://web/,GET,"Cookie:PHPSESSID=aq38o30dsel6tah45jb4oarml7
Accept:text/html,application/xhtml+xml,application/xml;q=0.9,image/avif,image/webp,image/apng,*/*;q=0.8,application/signed-exchange;v=b3;q=0.9
User-Agent:Mozilla/5.0 (X11; Linux x86_64) AppleWebKit/537.36 (KHTML, like Gecko) Chrome/85.0.4183.102 Safari/537.36
Referer:http://web/guestbook.php
Upgrade-Insecure-Requests:1
",cf83e1357eefb8bdf1542850d66d8007d620e4050b5715dc83f4a921d36ce9ce47d0d13c5d85f2b0ff8318d2877eec2f63b931bd47417a81a538327af927da3e,"Keep-Alive:timeout=5, max=76
Server:Apache/2.4.7 (Ubuntu)
Connection:Keep-Alive
Pragma:no-cache
Date:Mon, 11 May 2026 20:57:09 GMT
Cache-Control:no-store, no-cache, must-revalidate, post-check=0, pre-check=0
Content-Encoding:gzip
Vary:Accept-Encoding
Expires:Thu, 19 Nov 1981 08:52:00 GMT
Content-Length:1283
X-Powered-By:PHP/5.5.9-1ubuntu4.29
Content-Type:text/html
",8c6b3d93d37c404b7d76e996eb0b1eb54dd29bbebb0b8400c6971352ad584c8268eae36a9d51042af2d7042220067cce540435164de286ca529ec775bdf2ea03,200
http://web/users/login.php,GET,"Cookie:PHPSESSID=aq38o30dsel6tah45jb4oarml7
Accept:text/html,application/xhtml+xml,application/xml;q=0.9,image/avif,image/webp,image/apng,*/*;q=0.8,application/signed-exchange;v=b3;q=0.9
User-Agent:Mozilla/5.0 (X11; Linux x86_64) AppleWebKit/537.36 (KHTML, like Gecko) Chrome/85.0.4183.102 Safari/537.36
Referer:http://web/calendar.php?date=1778619619
Upgrade-Insecure-Requests:1
",cf83e1357eefb8bdf1542850d66d8007d620e4050b5715dc83f4a921d36ce9ce47d0d13c5d85f2b0ff8318d2877eec2f63b931bd47417a81a538327af927da3e,"Keep-Alive:timeout=5, max=24
Server:Apache/2.4.7 (Ubuntu)
Connection:Keep-Alive
Pragma:no-cache
Date:Mon, 11 May 2026 21:00:20 GMT
Cache-Control:no-store, no-cache, must-revalidate, post-check=0, pre-check=0
Content-Encoding:gzip
Vary:Accept-Encoding
Expires:Thu, 19 Nov 1981 08:52:00 GMT
Content-Length:977
X-Powered-By:PHP/5.5.9-1ubuntu4.29
Content-Type:text/html
",2458d87d61a4f3614d0b252c0254471a2001db8598c3c2d427068da709a329654ea0a2a8ae4d89279f5d2fde55ccd1ec130df002ef6c51848132576c9cd1e63a,200
http://web/users/register.php,GET,"Cookie:PHPSESSID=aq38o30dsel6tah45jb4oarml7
Accept:text/html,application/xhtml+xml,application/xml;q=0.9,image/avif,image/webp,image/apng,*/*;q=0.8,application/signed-exchange;v=b3;q=0.9
User-Agent:Mozilla/5.0 (X11; Linux x86_64) AppleWebKit/537.36 (KHTML, like Gecko) Chrome/85.0.4183.102 Safari/537.36
Referer:http://web/
Upgrade-Insecure-Requests:1
",cf83e1357eefb8bdf1542850d66d8007d620e4050b5715dc83f4a921d36ce9ce47d0d13c5d85f2b0ff8318d2877eec2f63b931bd47417a81a538327af927da3e,"Keep-Alive:timeout=5, max=35
Server:Apache/2.4.7 (Ubuntu)
Connection:Keep-Alive
Pragma:no-cache
Date:Mon, 11 May 2026 20:58:57 GMT
Cache-Control:no-store, no-cache, must-revalidate, post-check=0, pre-check=0
Content-Encoding:gzip
Vary:Accept-Encoding
Expires:Thu, 19 Nov 1981 08:52:00 GMT
Content-Length:1101
X-Powered-By:PHP/5.5.9-1ubuntu4.29
Content-Type:text/html
",1f3dc38fb45f955671f2dcf922b940949110c66c496b5a2888ebaad8b33c5089ce1d6186692353eb882c133db9b413eac141c6b7874c2c6452fd92cf5fedf4ce,200
http://web/calendar.php,GET,"Cookie:PHPSESSID=aq38o30dsel6tah45jb4oarml7
Accept:text/html,application/xhtml+xml,application/xml;q=0.9,image/avif,image/webp,image/apng,*/*;q=0.8,application/signed-exchange;v=b3;q=0.9
User-Agent:Mozilla/5.0 (X11; Linux x86_64) AppleWebKit/537.36 (KHTML, like Gecko) Chrome/85.0.4183.102 Safari/537.36
Referer:http://web/
Upgrade-Insecure-Requests:1
",cf83e1357eefb8bdf1542850d66d8007d620e4050b5715dc83f4a921d36ce9ce47d0d13c5d85f2b0ff8318d2877eec2f63b931bd47417a81a538327af927da3e,"Keep-Alive:timeout=5, max=72
Server:Apache/2.4.7 (Ubuntu)
Connection:Keep-Alive
Pragma:no-cache
Date:Mon, 11 May 2026 21:00:58 GMT
Cache-Control:no-store, no-cache, must-revalidate, post-check=0, pre-check=0
Content-Encoding:gzip
Vary:Accept-Encoding
Expires:Thu, 19 Nov 1981 08:52:00 GMT
Content-Length:943
X-Powered-By:PHP/5.5.9-1ubuntu4.29
Content-Type:text/html
",a3c33d0a8b6cc88c6b4d3f2a945f5379e36d17354246aa06c632935d335940d0697ca6c8fe358d2eaad55a524375cd568df421d1bc4c3d652c3bbe1e91a9bec0,200
http://web/calendar.php,GET,"Cookie:PHPSESSID=aq38o30dsel6tah45jb4oarml7
Accept:text/html,application/xhtml+xml,application/xml;q=0.9,image/avif,image/webp,image/apng,*/*;q=0.8,application/signed-exchange;v=b3;q=0.9
User-Agent:Mozilla/5.0 (X11; Linux x86_64) AppleWebKit/537.36 (KHTML, like Gecko) Chrome/85.0.4183.102 Safari/537.36
Referer:http://web/
Upgrade-Insecure-Requests:1
",cf83e1357eefb8bdf1542850d66d8007d620e4050b5715dc83f4a921d36ce9ce47d0d13c5d85f2b0ff8318d2877eec2f63b931bd47417a81a538327af927da3e,"Keep-Alive:timeout=5, max=27
Server:Apache/2.4.7 (Ubuntu)
Connection:Keep-Alive
Pragma:no-cache
Date:Mon, 11 May 2026 21:00:19 GMT
Cache-Control:no-store, no-cache, must-revalidate, post-check=0, pre-check=0
Content-Encoding:gzip
Vary:Accept-Encoding
Expires:Thu, 19 Nov 1981 08:52:00 GMT
Content-Length:943
X-Powered-By:PHP/5.5.9-1ubuntu4.29
Content-Type:text/html
",1274d6a408568c252eb2e12e2536c23c2896b36966664f9c4a99eee3010a3602619f8446560b8de2d531625d7cb82f872a294118dbd6a400ea1dffb166c51af1,200
http://web/admin/index.php?page=login,GET,"Cookie:PHPSESSID=aq38o30dsel6tah45jb4oarml7
Accept:text/html,application/xhtml+xml,application/xml;q=0.9,image/avif,image/webp,image/apng,*/*;q=0.8,application/signed-exchange;v=b3;q=0.9
User-Agent:Mozilla/5.0 (X11; Linux x86_64) AppleWebKit/537.36 (KHTML, like Gecko) Chrome/85.0.4183.102 Safari/537.36
Referer:http://web/tos.php
Upgrade-Insecure-Requests:1
",cf83e1357eefb8bdf1542850d66d8007d620e4050b5715dc83f4a921d36ce9ce47d0d13c5d85f2b0ff8318d2877eec2f63b931bd47417a81a538327af927da3e,"Keep-Alive:timeout=5, max=70
Server:Apache/2.4.7 (Ubuntu)
Connection:Keep-Alive
Pragma:no-cache
Date:Mon, 11 May 2026 20:59:46 GMT
Cache-Control:no-store, no-cache, must-revalidate, post-check=0, pre-check=0
Content-Encoding:gzip
Vary:Accept-Encoding
Expires:Thu, 19 Nov 1981 08:52:00 GMT
Content-Length:216
X-Powered-By:PHP/5.5.9-1ubuntu4.29
Content-Type:text/html
",3f45c1ceca5f97780b5399bc0e48baa82cad3e36c4fc6dbfbcc5260a611cad25f38c7fb3a1c6708ed2e6907de8d78b16484fe22307d8df62615c943fa8017046,200
http://web/guestbook.php,GET,"Cookie:PHPSESSID=aq38o30dsel6tah45jb4oarml7
Accept:text/html,application/xhtml+xml,application/xml;q=0.9,image/avif,image/webp,image/apng,*/*;q=0.8,application/signed-exchange;v=b3;q=0.9
User-Agent:Mozilla/5.0 (X11; Linux x86_64) AppleWebKit/537.36 (KHTML, like Gecko) Chrome/85.0.4183.102 Safari/537.36
Referer:http://web/calendar.php?date=1778619628
Upgrade-Insecure-Requests:1
",cf83e1357eefb8bdf1542850d66d8007d620e4050b5715dc83f4a921d36ce9ce47d0d13c5d85f2b0ff8318d2877eec2f63b931bd47417a81a538327af927da3e,"Keep-Alive:timeout=5, max=11
Server:Apache/2.4.7 (Ubuntu)
Connection:Keep-Alive
Pragma:no-cache
Date:Mon, 11 May 2026 21:00:29 GMT
Cache-Control:no-store, no-cache, must-revalidate, post-check=0, pre-check=0
Content-Encoding:gzip
Vary:Accept-Encoding
Expires:Thu, 19 Nov 1981 08:52:00 GMT
Content-Length:1000
X-Powered-By:PHP/5.5.9-1ubuntu4.29
Content-Type:text/html
",a79add9df1a0cbea66e27549dcb7cc474e64360cf7a6a234b7dede38b88230dbc78b36b2d7b6fb252ba5b5435a0b3b757bb8733716c726233ba70964bb409b68,200
http://web/upload/house/My_House.128_128.jpg,GET,"Cookie:PHPSESSID=aq38o30dsel6tah45jb4oarml7
Accept:image/avif,image/webp,image/apng,image/*,*/*;q=0.8
User-Agent:Mozilla/5.0 (X11; Linux x86_64) AppleWebKit/537.36 (KHTML, like Gecko) Chrome/85.0.4183.102 Safari/537.36
Referer:http://web/pictures/recent.php
",cf83e1357eefb8bdf1542850d66d8007d620e4050b5715dc83f4a921d36ce9ce47d0d13c5d85f2b0ff8318d2877eec2f63b931bd47417a81a538327af927da3e,"Keep-Alive:timeout=5, max=100
Server:Apache/2.4.7 (Ubuntu)
Connection:Keep-Alive
Last-Modified:Thu, 02 Feb 2017 22:24:09 GMT
Date:Mon, 11 May 2026 20:57:04 GMT
Accept-Ranges:bytes
ETag:""359b-547939fb8b440""
Content-Length:13723
Content-Type:image/jpeg
",8c4f3e706b9e8b7f56594f846de689869eda70bf37f962ef75d26f1490ef415896dc9f7a3a8e5b263ccc541d9cd895f8851a47300c6d8ce6b7def2d21eb2bcde,200
http://web/users/home.php,GET,"Cookie:PHPSESSID=aq38o30dsel6tah45jb4oarml7
Accept:text/html,application/xhtml+xml,application/xml;q=0.9,image/avif,image/webp,image/apng,*/*;q=0.8,application/signed-exchange;v=b3;q=0.9
User-Agent:Mozilla/5.0 (X11; Linux x86_64) AppleWebKit/537.36 (KHTML, like Gecko) Chrome/85.0.4183.102 Safari/537.36
Referer:http://web/
Upgrade-Insecure-Requests:1
",cf83e1357eefb8bdf1542850d66d8007d620e4050b5715dc83f4a921d36ce9ce47d0d13c5d85f2b0ff8318d2877eec2f63b931bd47417a81a538327af927da3e,"Keep-Alive:timeout=5, max=48
Server:Apache/2.4.7 (Ubuntu)
Connection:Keep-Alive
Pragma:no-cache
Date:Mon, 11 May 2026 20:57:34 GMT
Cache-Control:no-store, no-cache, must-revalidate, post-check=0, pre-check=0
Expires:Thu, 19 Nov 1981 08:52:00 GMT
Content-Length:41
X-Powered-By:PHP/5.5.9-1ubuntu4.29
Location:/users/login.php
Content-Type:text/html
",cf83e1357eefb8bdf1542850d66d8007d620e4050b5715dc83f4a921d36ce9ce47d0d13c5d85f2b0ff8318d2877eec2f63b931bd47417a81a538327af927da3e,303
http://web/users/register.php,GET,"Cookie:PHPSESSID=aq38o30dsel6tah45jb4oarml7
Accept:text/html,application/xhtml+xml,application/xml;q=0.9,image/avif,image/webp,image/apng,*/*;q=0.8,application/signed-exchange;v=b3;q=0.9
User-Agent:Mozilla/5.0 (X11; Linux x86_64) AppleWebKit/537.36 (KHTML, like Gecko) Chrome/85.0.4183.102 Safari/537.36
Referer:http://web/
Upgrade-Insecure-Requests:1
",cf83e1357eefb8bdf1542850d66d8007d620e4050b5715dc83f4a921d36ce9ce47d0d13c5d85f2b0ff8318d2877eec2f63b931bd47417a81a538327af927da3e,"Keep-Alive:timeout=5, max=39
Server:Apache/2.4.7 (Ubuntu)
Connection:Keep-Alive
Pragma:no-cache
Date:Mon, 11 May 2026 20:58:54 GMT
Cache-Control:no-store, no-cache, must-revalidate, post-check=0, pre-check=0
Content-Encoding:gzip
Vary:Accept-Encoding
Expires:Thu, 19 Nov 1981 08:52:00 GMT
Content-Length:1101
X-Powered-By:PHP/5.5.9-1ubuntu4.29
Content-Type:text/html
",8591972ae796b562440b0218b5cf9ccbf80443a3df8c3d4a214442f1deaaa9220f6842ffae1491c51716800098d08a897f27e21efd7ebbb030ca3d8d42c74ee2,200
http://web/pictures/view.php?picid=10,GET,"Cookie:PHPSESSID=aq38o30dsel6tah45jb4oarml7
Accept:text/html,application/xhtml+xml,application/xml;q=0.9,image/avif,image/webp,image/apng,*/*;q=0.8,application/signed-exchange;v=b3;q=0.9
User-Agent:Mozilla/5.0 (X11; Linux x86_64) AppleWebKit/537.36 (KHTML, like Gecko) Chrome/85.0.4183.102 Safari/537.36
Referer:http://web/pictures/recent.php
Upgrade-Insecure-Requests:1
",cf83e1357eefb8bdf1542850d66d8007d620e4050b5715dc83f4a921d36ce9ce47d0d13c5d85f2b0ff8318d2877eec2f63b931bd47417a81a538327af927da3e,"Keep-Alive:timeout=5, max=7
Server:Apache/2.4.7 (Ubuntu)
Connection:Keep-Alive
Pragma:no-cache
Date:Mon, 11 May 2026 20:58:01 GMT
Cache-Control:no-store, no-cache, must-revalidate, post-check=0, pre-check=0
Expires:Thu, 19 Nov 1981 08:52:00 GMT
Content-Length:41
X-Powered-By:PHP/5.5.9-1ubuntu4.29
Location:/users/login.php
Content-Type:text/html
",cf83e1357eefb8bdf1542850d66d8007d620e4050b5715dc83f4a921d36ce9ce47d0d13c5d85f2b0ff8318d2877eec2f63b931bd47417a81a538327af927da3e,303
http://web/users/login.php,GET,"Cookie:PHPSESSID=aq38o30dsel6tah45jb4oarml7
Accept:text/html,application/xhtml+xml,application/xml;q=0.9,image/avif,image/webp,image/apng,*/*;q=0.8,application/signed-exchange;v=b3;q=0.9
User-Agent:Mozilla/5.0 (X11; Linux x86_64) AppleWebKit/537.36 (KHTML, like Gecko) Chrome/85.0.4183.102 Safari/537.36
Referer:http://web/passcheck.php
Upgrade-Insecure-Requests:1
",cf83e1357eefb8bdf1542850d66d8007d620e4050b5715dc83f4a921d36ce9ce47d0d13c5d85f2b0ff8318d2877eec2f63b931bd47417a81a538327af927da3e,"Keep-Alive:timeout=5, max=45
Server:Apache/2.4.7 (Ubuntu)
Connection:Keep-Alive
Pragma:no-cache
Date:Mon, 11 May 2026 21:00:04 GMT
Cache-Control:no-store, no-cache, must-revalidate, post-check=0, pre-check=0
Content-Encoding:gzip
Vary:Accept-Encoding
Expires:Thu, 19 Nov 1981 08:52:00 GMT
Content-Length:976
X-Powered-By:PHP/5.5.9-1ubuntu4.29
Content-Type:text/html
",45cd036e6b4095d6cf0009412d472692c9256c296ff9ea40c587f9e78b26375f195c9ca343a438d0cba548ea3fde5d9cdb5dd53ad8592f89b40d99a887983a5b,200
http://web/,GET,"Cookie:PHPSESSID=aq38o30dsel6tah45jb4oarml7
Accept:text/html,application/xhtml+xml,application/xml;q=0.9,image/avif,image/webp,image/apng,*/*;q=0.8,application/signed-exchange;v=b3;q=0.9
User-Agent:Mozilla/5.0 (X11; Linux x86_64) AppleWebKit/537.36 (KHTML, like Gecko) Chrome/85.0.4183.102 Safari/537.36
Upgrade-Insecure-Requests:1
",cf83e1357eefb8bdf1542850d66d8007d620e4050b5715dc83f4a921d36ce9ce47d0d13c5d85f2b0ff8318d2877eec2f63b931bd47417a81a538327af927da3e,"Keep-Alive:timeout=5, max=22
Server:Apache/2.4.7 (Ubuntu)
Connection:Keep-Alive
Pragma:no-cache
Date:Mon, 11 May 2026 21:01:32 GMT
Cache-Control:no-store, no-cache, must-revalidate, post-check=0, pre-check=0
Content-Encoding:gzip
Vary:Accept-Encoding
Expires:Thu, 19 Nov 1981 08:52:00 GMT
Content-Length:1283
X-Powered-By:PHP/5.5.9-1ubuntu4.29
Content-Type:text/html
",189a1a2029152dc461b252a49af5dad2787c6ff17c35650224e3d8e76f556eb2ea3d57805de80f2ce19887808c5c83b625ac07d26282976c8bc3113b9e91bfec,200
http://web/pictures/recent.php,GET,"Cookie:PHPSESSID=aq38o30dsel6tah45jb4oarml7
Accept:text/html,application/xhtml+xml,application/xml;q=0.9,image/avif,image/webp,image/apng,*/*;q=0.8,application/signed-exchange;v=b3;q=0.9
User-Agent:Mozilla/5.0 (X11; Linux x86_64) AppleWebKit/537.36 (KHTML, like Gecko) Chrome/85.0.4183.102 Safari/537.36
Referer:http://web/users/register.php
Upgrade-Insecure-Requests:1
",cf83e1357eefb8bdf1542850d66d8007d620e4050b5715dc83f4a921d36ce9ce47d0d13c5d85f2b0ff8318d2877eec2f63b931bd47417a81a538327af927da3e,"Keep-Alive:timeout=5, max=57
Server:Apache/2.4.7 (Ubuntu)
Connection:Keep-Alive
Pragma:no-cache
Date:Mon, 11 May 2026 20:58:38 GMT
Cache-Control:no-store, no-cache, must-revalidate, post-check=0, pre-check=0
Content-Encoding:gzip
Vary:Accept-Encoding
Expires:Thu, 19 Nov 1981 08:52:00 GMT
Content-Length:1086
X-Powered-By:PHP/5.5.9-1ubuntu4.29
Content-Type:text/html
",ca00b53977dfc1b400f9a2462b3df9c5ddb8f7454267535c4aaa2bbeafcb30f962cf129ffd78ed2b27638661f4e78813b6a78cb4dca1d2a9a270919bdac40482,200
http://web/,GET,"Cookie:PHPSESSID=aq38o30dsel6tah45jb4oarml7
Accept:text/html,application/xhtml+xml,application/xml;q=0.9,image/avif,image/webp,image/apng,*/*;q=0.8,application/signed-exchange;v=b3;q=0.9
User-Agent:Mozilla/5.0 (X11; Linux x86_64) AppleWebKit/537.36 (KHTML, like Gecko) Chrome/85.0.4183.102 Safari/537.36
Referer:http://web/calendar.php
Upgrade-Insecure-Requests:1
",cf83e1357eefb8bdf1542850d66d8007d620e4050b5715dc83f4a921d36ce9ce47d0d13c5d85f2b0ff8318d2877eec2f63b931bd47417a81a538327af927da3e,"Keep-Alive:timeout=5, max=57
Server:Apache/2.4.7 (Ubuntu)
Connection:Keep-Alive
Pragma:no-cache
Date:Mon, 11 May 2026 20:57:26 GMT
Cache-Control:no-store, no-cache, must-revalidate, post-check=0, pre-check=0
Content-Encoding:gzip
Vary:Accept-Encoding
Expires:Thu, 19 Nov 1981 08:52:00 GMT
Content-Length:1284
X-Powered-By:PHP/5.5.9-1ubuntu4.29
Content-Type:text/html
",3986b1efa78f7c0226da125173c97331a1ec8dd17beabc5d892362348f59990480306778c60fbe5a8d955f6822eaa48550b64e1906af2b7440998533f0cbca92,200
http://web/,GET,"Cookie:PHPSESSID=aq38o30dsel6tah45jb4oarml7
Accept:text/html,application/xhtml+xml,application/xml;q=0.9,image/avif,image/webp,image/apng,*/*;q=0.8,application/signed-exchange;v=b3;q=0.9
User-Agent:Mozilla/5.0 (X11; Linux x86_64) AppleWebKit/537.36 (KHTML, like Gecko) Chrome/85.0.4183.102 Safari/537.36
Upgrade-Insecure-Requests:1
",cf83e1357eefb8bdf1542850d66d8007d620e4050b5715dc83f4a921d36ce9ce47d0d13c5d85f2b0ff8318d2877eec2f63b931bd47417a81a538327af927da3e,"Keep-Alive:timeout=5, max=69
Server:Apache/2.4.7 (Ubuntu)
Connection:Keep-Alive
Pragma:no-cache
Date:Mon, 11 May 2026 20:59:47 GMT
Cache-Control:no-store, no-cache, must-revalidate, post-check=0, pre-check=0
Content-Encoding:gzip
Vary:Accept-Encoding
Expires:Thu, 19 Nov 1981 08:52:00 GMT
Content-Length:1283
X-Powered-By:PHP/5.5.9-1ubuntu4.29
Content-Type:text/html
",87f3928624600f403c5f83bf3b48e7f164550e9c92c7f15eef9f623ede6cbd5450aa062a9f69ef05d15c5c9eaa69d706b67ce9008b33421b0c1952cb8ce4d651,200
http://web/,GET,"Cookie:PHPSESSID=aq38o30dsel6tah45jb4oarml7
Accept:text/html,application/xhtml+xml,application/xml;q=0.9,image/avif,image/webp,image/apng,*/*;q=0.8,application/signed-exchange;v=b3;q=0.9
User-Agent:Mozilla/5.0 (X11; Linux x86_64) AppleWebKit/537.36 (KHTML, like Gecko) Chrome/85.0.4183.102 Safari/537.36
Upgrade-Insecure-Requests:1
",cf83e1357eefb8bdf1542850d66d8007d620e4050b5715dc83f4a921d36ce9ce47d0d13c5d85f2b0ff8318d2877eec2f63b931bd47417a81a538327af927da3e,"Keep-Alive:timeout=5, max=78
Server:Apache/2.4.7 (Ubuntu)
Connection:Keep-Alive
Pragma:no-cache
Date:Mon, 11 May 2026 21:00:53 GMT
Cache-Control:no-store, no-cache, must-revalidate, post-check=0, pre-check=0
Content-Encoding:gzip
Vary:Accept-Encoding
Expires:Thu, 19 Nov 1981 08:52:00 GMT
Content-Length:1284
X-Powered-By:PHP/5.5.9-1ubuntu4.29
Content-Type:text/html
",dbef3e2e290406727b4df14adec92cd98acab065ab6c5f6164330f23e237653be8f265e76c32a93def702aa823ac0378f112f18d5adad115db04d1d867099602,200
http://web/,GET,"Cookie:PHPSESSID=aq38o30dsel6tah45jb4oarml7
Accept:text/html,application/xhtml+xml,application/xml;q=0.9,image/avif,image/webp,image/apng,*/*;q=0.8,application/signed-exchange;v=b3;q=0.9
User-Agent:Mozilla/5.0 (X11; Linux x86_64) AppleWebKit/537.36 (KHTML, like Gecko) Chrome/85.0.4183.102 Safari/537.36
Referer:http://web/users/sample.php?userid=1
Upgrade-Insecure-Requests:1
",cf83e1357eefb8bdf1542850d66d8007d620e4050b5715dc83f4a921d36ce9ce47d0d13c5d85f2b0ff8318d2877eec2f63b931bd47417a81a538327af927da3e,"Keep-Alive:timeout=5, max=59
Server:Apache/2.4.7 (Ubuntu)
Connection:Keep-Alive
Pragma:no-cache
Date:Mon, 11 May 2026 20:57:24 GMT
Cache-Control:no-store, no-cache, must-revalidate, post-check=0, pre-check=0
Content-Encoding:gzip
Vary:Accept-Encoding
Expires:Thu, 19 Nov 1981 08:52:00 GMT
Content-Length:1284
X-Powered-By:PHP/5.5.9-1ubuntu4.29
Content-Type:text/html
",c80a116b59b8587ead90b80e08fc3f63e480ae694d2339a1656efe2d112a1965b1ff0a21606c6f7fd1a0bcb7828f8bbe1edbd195b351d4fb3557b06750c604d0,200
http://web/pictures/recent.php,GET,"Cookie:PHPSESSID=aq38o30dsel6tah45jb4oarml7
Accept:text/html,application/xhtml+xml,application/xml;q=0.9,image/avif,image/webp,image/apng,*/*;q=0.8,application/signed-exchange;v=b3;q=0.9
User-Agent:Mozilla/5.0 (X11; Linux x86_64) AppleWebKit/537.36 (KHTML, like Gecko) Chrome/85.0.4183.102 Safari/537.36
Referer:http://web/
Upgrade-Insecure-Requests:1
",cf83e1357eefb8bdf1542850d66d8007d620e4050b5715dc83f4a921d36ce9ce47d0d13c5d85f2b0ff8318d2877eec2f63b931bd47417a81a538327af927da3e,"Keep-Alive:timeout=5, max=28
Server:Apache/2.4.7 (Ubuntu)
Connection:Keep-Alive
Pragma:no-cache
Date:Mon, 11 May 2026 20:57:47 GMT
Cache-Control:no-store, no-cache, must-revalidate, post-check=0, pre-check=0
Content-Encoding:gzip
Vary:Accept-Encoding
Expires:Thu, 19 Nov 1981 08:52:00 GMT
Content-Length:1088
X-Powered-By:PHP/5.5.9-1ubuntu4.29
Content-Type:text/html
",4b05a4e1e0302ea948234d90e776e9f85396fa67bdeb317e4c06da151694557ee69b2a2954fe81a93ea30b5f7a6b6f139d6c03f8a718a208e8cc44f37e6a0d73,200
http://web/,GET,"Cookie:PHPSESSID=aq38o30dsel6tah45jb4oarml7
Accept:text/html,application/xhtml+xml,application/xml;q=0.9,image/avif,image/webp,image/apng,*/*;q=0.8,application/signed-exchange;v=b3;q=0.9
User-Agent:Mozilla/5.0 (X11; Linux x86_64) AppleWebKit/537.36 (KHTML, like Gecko) Chrome/85.0.4183.102 Safari/537.36
Upgrade-Insecure-Requests:1
",cf83e1357eefb8bdf1542850d66d8007d620e4050b5715dc83f4a921d36ce9ce47d0d13c5d85f2b0ff8318d2877eec2f63b931bd47417a81a538327af927da3e,"Keep-Alive:timeout=5, max=56
Server:Apache/2.4.7 (Ubuntu)
Connection:Keep-Alive
Pragma:no-cache
Date:Mon, 11 May 2026 20:58:39 GMT
Cache-Control:no-store, no-cache, must-revalidate, post-check=0, pre-check=0
Content-Encoding:gzip
Vary:Accept-Encoding
Expires:Thu, 19 Nov 1981 08:52:00 GMT
Content-Length:1283
X-Powered-By:PHP/5.5.9-1ubuntu4.29
Content-Type:text/html
",f7cd5e66ddad3d982f08de66b79dea93781891b19e9de543717a31d3eeb40e0fda13e783879ff8d67c518b57153e58e4ede3e1e7298e4035ba145bc2d6e7eed1,200
http://web/css/stylings.css,GET,"Cookie:PHPSESSID=aq38o30dsel6tah45jb4oarml7
Accept:text/css,*/*;q=0.1
User-Agent:Mozilla/5.0 (X11; Linux x86_64) AppleWebKit/537.36 (KHTML, like Gecko) Chrome/85.0.4183.102 Safari/537.36
Referer:http://web/calendar.php
",cf83e1357eefb8bdf1542850d66d8007d620e4050b5715dc83f4a921d36ce9ce47d0d13c5d85f2b0ff8318d2877eec2f63b931bd47417a81a538327af927da3e,"Server:Apache/2.4.7 (Ubuntu)
Last-Modified:Thu, 02 Feb 2017 22:24:09 GMT
Date:Mon, 11 May 2026 20:56:53 GMT
Accept-Ranges:bytes
ETag:""c29-547939fb8b440-gzip""
Content-Encoding:gzip
Vary:Accept-Encoding
Content-Length:838
Content-Type:text/css
",e6142d743628221ad60b6d12a0b444a077ed8ede2504b511ffffde908ffe459f09875b3901f9a63ec228906521c445248f9277e14f591205808d8dfc200df823,200
http://web/pictures/upload.php,GET,"Cookie:PHPSESSID=aq38o30dsel6tah45jb4oarml7
Accept:text/html,application/xhtml+xml,application/xml;q=0.9,image/avif,image/webp,image/apng,*/*;q=0.8,application/signed-exchange;v=b3;q=0.9
User-Agent:Mozilla/5.0 (X11; Linux x86_64) AppleWebKit/537.36 (KHTML, like Gecko) Chrome/85.0.4183.102 Safari/537.36
Referer:http://web/tos.php
Upgrade-Insecure-Requests:1
",cf83e1357eefb8bdf1542850d66d8007d620e4050b5715dc83f4a921d36ce9ce47d0d13c5d85f2b0ff8318d2877eec2f63b931bd47417a81a538327af927da3e,"Keep-Alive:timeout=5, max=85
Server:Apache/2.4.7 (Ubuntu)
Connection:Keep-Alive
Pragma:no-cache
Date:Mon, 11 May 2026 20:58:16 GMT
Cache-Control:no-store, no-cache, must-revalidate, post-check=0, pre-check=0
Expires:Thu, 19 Nov 1981 08:52:00 GMT
Content-Length:41
X-Powered-By:PHP/5.5.9-1ubuntu4.29
Location:/users/login.php
Content-Type:text/html
",cf83e1357eefb8bdf1542850d66d8007d620e4050b5715dc83f4a921d36ce9ce47d0d13c5d85f2b0ff8318d2877eec2f63b931bd47417a81a538327af927da3e,303
http://web/images/search_button_white.gif,GET,"Cookie:PHPSESSID=aq38o30dsel6tah45jb4oarml7
Accept:image/avif,image/webp,image/apng,image/*,*/*;q=0.8
User-Agent:Mozilla/5.0 (X11; Linux x86_64) AppleWebKit/537.36 (KHTML, like Gecko) Chrome/85.0.4183.102 Safari/537.36
Referer:http://web/
",cf83e1357eefb8bdf1542850d66d8007d620e4050b5715dc83f4a921d36ce9ce47d0d13c5d85f2b0ff8318d2877eec2f63b931bd47417a81a538327af927da3e,"Keep-Alive:timeout=5, max=99
Server:Apache/2.4.7 (Ubuntu)
Connection:Keep-Alive
Last-Modified:Thu, 02 Feb 2017 22:24:09 GMT
Date:Mon, 11 May 2026 20:56:53 GMT
Accept-Ranges:bytes
ETag:""1fc-547939fb8b440""
Content-Length:508
Content-Type:image/gif
",c3542cdf07970477cd82086f3e0968a355533cde628c45a2018ac340357b7d2ee35b6e4bf7915290f24a679250722d300985f0ea7b2482b30ac4f8447b2f35c8,200
http://web/tos.php,GET,"Cookie:PHPSESSID=aq38o30dsel6tah45jb4oarml7
Accept:text/html,application/xhtml+xml,application/xml;q=0.9,image/avif,image/webp,image/apng,*/*;q=0.8,application/signed-exchange;v=b3;q=0.9
User-Agent:Mozilla/5.0 (X11; Linux x86_64) AppleWebKit/537.36 (KHTML, like Gecko) Chrome/85.0.4183.102 Safari/537.36
Referer:http://web/pictures/recent.php
Upgrade-Insecure-Requests:1
",cf83e1357eefb8bdf1542850d66d8007d620e4050b5715dc83f4a921d36ce9ce47d0d13c5d85f2b0ff8318d2877eec2f63b931bd47417a81a538327af927da3e,"Keep-Alive:timeout=5, max=86
Server:Apache/2.4.7 (Ubuntu)
Connection:Keep-Alive
Pragma:no-cache
Date:Mon, 11 May 2026 20:58:15 GMT
Cache-Control:no-store, no-cache, must-revalidate, post-check=0, pre-check=0
Content-Encoding:gzip
Vary:Accept-Encoding
Expires:Thu, 19 Nov 1981 08:52:00 GMT
Content-Length:10225
X-Powered-By:PHP/5.5.9-1ubuntu4.29
Content-Type:text/html
",55607c6064ac88065a0e777fb224ac0f0676172c47e3d7fdb2c13bc73549d435165de526728e9ff2e0cc635d8b47b3f1c1e64b2ce221bfc11e59d22e73818047,200
http://web/users/login.php,GET,"Cookie:PHPSESSID=aq38o30dsel6tah45jb4oarml7
Accept:text/html,application/xhtml+xml,application/xml;q=0.9,image/avif,image/webp,image/apng,*/*;q=0.8,application/signed-exchange;v=b3;q=0.9
User-Agent:Mozilla/5.0 (X11; Linux x86_64) AppleWebKit/537.36 (KHTML, like Gecko) Chrome/85.0.4183.102 Safari/537.36
Referer:http://web/pictures/recent.php
Upgrade-Insecure-Requests:1
",cf83e1357eefb8bdf1542850d66d8007d620e4050b5715dc83f4a921d36ce9ce47d0d13c5d85f2b0ff8318d2877eec2f63b931bd47417a81a538327af927da3e,"Keep-Alive:timeout=5, max=78
Server:Apache/2.4.7 (Ubuntu)
Connection:Keep-Alive
Pragma:no-cache
Date:Mon, 11 May 2026 20:57:07 GMT
Cache-Control:no-store, no-cache, must-revalidate, post-check=0, pre-check=0
Content-Encoding:gzip
Vary:Accept-Encoding
Expires:Thu, 19 Nov 1981 08:52:00 GMT
Content-Length:977
X-Powered-By:PHP/5.5.9-1ubuntu4.29
Content-Type:text/html
",824f2f218343e1c4b505903558e1fcffcf64990d28f432f85dd43ad1e547c587018814fb3ede0dfaba6fbaa4c35123b5a8dabadc781e90377bc5f497f04c92d6,200
http://web/calendar.php?date=1778619650,GET,"Cookie:PHPSESSID=aq38o30dsel6tah45jb4oarml7
Accept:text/html,application/xhtml+xml,application/xml;q=0.9,image/avif,image/webp,image/apng,*/*;q=0.8,application/signed-exchange;v=b3;q=0.9
User-Agent:Mozilla/5.0 (X11; Linux x86_64) AppleWebKit/537.36 (KHTML, like Gecko) Chrome/85.0.4183.102 Safari/537.36
Referer:http://web/calendar.php
Upgrade-Insecure-Requests:1
",cf83e1357eefb8bdf1542850d66d8007d620e4050b5715dc83f4a921d36ce9ce47d0d13c5d85f2b0ff8318d2877eec2f63b931bd47417a81a538327af927da3e,"Keep-Alive:timeout=5, max=82
Server:Apache/2.4.7 (Ubuntu)
Connection:Keep-Alive
Pragma:no-cache
Date:Mon, 11 May 2026 21:00:51 GMT
Cache-Control:no-store, no-cache, must-revalidate, post-check=0, pre-check=0
Content-Encoding:gzip
Vary:Accept-Encoding
Expires:Thu, 19 Nov 1981 08:52:00 GMT
Content-Length:945
X-Powered-By:PHP/5.5.9-1ubuntu4.29
Content-Type:text/html
",41013664bcf260676022f2b22f302baada3f367c5fb93b2cfe98809ec58ded22b0916c4e4507bba7dde7437c3ec35b8d046e912983e97bca825f08ee877fdd3e,200
http://web/upload/toga/togas.128_128.jpg,GET,"Cookie:PHPSESSID=aq38o30dsel6tah45jb4oarml7
Accept:image/avif,image/webp,image/apng,image/*,*/*;q=0.8
User-Agent:Mozilla/5.0 (X11; Linux x86_64) AppleWebKit/537.36 (KHTML, like Gecko) Chrome/85.0.4183.102 Safari/537.36
Referer:http://web/pictures/recent.php
",cf83e1357eefb8bdf1542850d66d8007d620e4050b5715dc83f4a921d36ce9ce47d0d13c5d85f2b0ff8318d2877eec2f63b931bd47417a81a538327af927da3e,"Server:Apache/2.4.7 (Ubuntu)
Last-Modified:Thu, 02 Feb 2017 22:24:09 GMT
Date:Mon, 11 May 2026 20:57:04 GMT
Accept-Ranges:bytes
ETag:""3ead-547939fb8b440""
Content-Length:16045
Content-Type:image/jpeg
",705372a26505ff43e9523cc12732de0b4ac071ab4c1ae439d67b834552468f58efbfc0a701ef3e00c2c1986f08c806b867152e9aa8ef769f3c270341d30775d9,200
http://web/calendar.php?date=1778792493,GET,"Cookie:PHPSESSID=aq38o30dsel6tah45jb4oarml7
Accept:text/html,application/xhtml+xml,application/xml;q=0.9,image/avif,image/webp,image/apng,*/*;q=0.8,application/signed-exchange;v=b3;q=0.9
User-Agent:Mozilla/5.0 (X11; Linux x86_64) AppleWebKit/537.36 (KHTML, like Gecko) Chrome/85.0.4183.102 Safari/537.36
Referer:http://web/calendar.php?date=1778706093
Upgrade-Insecure-Requests:1
",cf83e1357eefb8bdf1542850d66d8007d620e4050b5715dc83f4a921d36ce9ce47d0d13c5d85f2b0ff8318d2877eec2f63b931bd47417a81a538327af927da3e,"Keep-Alive:timeout=5, max=18
Server:Apache/2.4.7 (Ubuntu)
Connection:Keep-Alive
Pragma:no-cache
Date:Mon, 11 May 2026 21:01:35 GMT
Cache-Control:no-store, no-cache, must-revalidate, post-check=0, pre-check=0
Content-Encoding:gzip
Vary:Accept-Encoding
Expires:Thu, 19 Nov 1981 08:52:00 GMT
Content-Length:945
X-Powered-By:PHP/5.5.9-1ubuntu4.29
Content-Type:text/html
",9a2d48271c23d9de01e12e2a1873cdcfc1d65144d4f3964af5cf0a905e966dfde264fb554fb15606393e2fe8caf64877162030c5fb5f84287491ece5b9594ffd,200
http://web/css/blueprint/print.css,GET,"Cookie:PHPSESSID=aq38o30dsel6tah45jb4oarml7
Accept:text/css,*/*;q=0.1
User-Agent:Mozilla/5.0 (X11; Linux x86_64) AppleWebKit/537.36 (KHTML, like Gecko) Chrome/85.0.4183.102 Safari/537.36
Referer:http://web/
",cf83e1357eefb8bdf1542850d66d8007d620e4050b5715dc83f4a921d36ce9ce47d0d13c5d85f2b0ff8318d2877eec2f63b931bd47417a81a538327af927da3e,"Keep-Alive:timeout=5, max=98
Server:Apache/2.4.7 (Ubuntu)
Connection:Keep-Alive
Last-Modified:Thu, 02 Feb 2017 22:24:09 GMT
Date:Mon, 11 May 2026 20:56:53 GMT
Accept-Ranges:bytes
ETag:""52d-547939fb8b440-gzip""
Content-Encoding:gzip
Vary:Accept-Encoding
Content-Length:674
Content-Type:text/css
",382bc7f4ad396de8dacb65598554ab8e1fe76b268c9b97e377be5fe694d07688463ac138e683332f401b64a7a2e8418a2a9f7f9d96e548ee8581d228368f7524,200
http://web/calendar.php,GET,"Cookie:PHPSESSID=aq38o30dsel6tah45jb4oarml7
Accept:text/html,application/xhtml+xml,application/xml;q=0.9,image/avif,image/webp,image/apng,*/*;q=0.8,application/signed-exchange;v=b3;q=0.9
User-Agent:Mozilla/5.0 (X11; Linux x86_64) AppleWebKit/537.36 (KHTML, like Gecko) Chrome/85.0.4183.102 Safari/537.36
Referer:http://web/
Upgrade-Insecure-Requests:1
",cf83e1357eefb8bdf1542850d66d8007d620e4050b5715dc83f4a921d36ce9ce47d0d13c5d85f2b0ff8318d2877eec2f63b931bd47417a81a538327af927da3e,"Keep-Alive:timeout=5, max=98
Server:Apache/2.4.7 (Ubuntu)
Connection:Keep-Alive
Pragma:no-cache
Date:Mon, 11 May 2026 20:59:25 GMT
Cache-Control:no-store, no-cache, must-revalidate, post-check=0, pre-check=0
Content-Encoding:gzip
Vary:Accept-Encoding
Expires:Thu, 19 Nov 1981 08:52:00 GMT
Content-Length:944
X-Powered-By:PHP/5.5.9-1ubuntu4.29
Content-Type:text/html
",f0d65f2ef773f5cfc90da4836cbdf41e031373434aaef792eb4308af45486983cd77da7b800ef92f4c776b32de688271f2920f60fb7045611921541a48824df3,200
http://web/calendar.php?date=1778706058,GET,"Cookie:PHPSESSID=aq38o30dsel6tah45jb4oarml7
Accept:text/html,application/xhtml+xml,application/xml;q=0.9,image/avif,image/webp,image/apng,*/*;q=0.8,application/signed-exchange;v=b3;q=0.9
User-Agent:Mozilla/5.0 (X11; Linux x86_64) AppleWebKit/537.36 (KHTML, like Gecko) Chrome/85.0.4183.102 Safari/537.36
Referer:http://web/calendar.php?date=1778619658
Upgrade-Insecure-Requests:1
",cf83e1357eefb8bdf1542850d66d8007d620e4050b5715dc83f4a921d36ce9ce47d0d13c5d85f2b0ff8318d2877eec2f63b931bd47417a81a538327af927da3e,"Keep-Alive:timeout=5, max=70
Server:Apache/2.4.7 (Ubuntu)
Connection:Keep-Alive
Pragma:no-cache
Date:Mon, 11 May 2026 21:00:59 GMT
Cache-Control:no-store, no-cache, must-revalidate, post-check=0, pre-check=0
Content-Encoding:gzip
Vary:Accept-Encoding
Expires:Thu, 19 Nov 1981 08:52:00 GMT
Content-Length:946
X-Powered-By:PHP/5.5.9-1ubuntu4.29
Content-Type:text/html
",e3066e6044c91e00b67e2237541b17df5a3b3074dbaf3ed449156915d6ef2afe47d776b348c7ffa4b7a2b94be6209508b93b298119a0651b12401150a0f2b8ee,200
http://web/,GET,"Cookie:PHPSESSID=aq38o30dsel6tah45jb4oarml7
Accept:text/html,application/xhtml+xml,application/xml;q=0.9,image/avif,image/webp,image/apng,*/*;q=0.8,application/signed-exchange;v=b3;q=0.9
User-Agent:Mozilla/5.0 (X11; Linux x86_64) AppleWebKit/537.36 (KHTML, like Gecko) Chrome/85.0.4183.102 Safari/537.36
Upgrade-Insecure-Requests:1
",cf83e1357eefb8bdf1542850d66d8007d620e4050b5715dc83f4a921d36ce9ce47d0d13c5d85f2b0ff8318d2877eec2f63b931bd47417a81a538327af927da3e,"Keep-Alive:timeout=5, max=94
Server:Apache/2.4.7 (Ubuntu)
Connection:Keep-Alive
Pragma:no-cache
Date:Mon, 11 May 2026 20:58:09 GMT
Cache-Control:no-store, no-cache, must-revalidate, post-check=0, pre-check=0
Content-Encoding:gzip
Vary:Accept-Encoding
Expires:Thu, 19 Nov 1981 08:52:00 GMT
Content-Length:1282
X-Powered-By:PHP/5.5.9-1ubuntu4.29
Content-Type:text/html
",9a64cc7de24c1f5259986ac5920e4568877b936569c2ca214f82e45656a24f3ef73f0ab0d1d5adabfa41c1ec61511aeb823dfc4ef1594bdb76314ed411d65b8f,200
http://web/users/register.php,GET,"Cookie:PHPSESSID=aq38o30dsel6tah45jb4oarml7
Accept:text/html,application/xhtml+xml,application/xml;q=0.9,image/avif,image/webp,image/apng,*/*;q=0.8,application/signed-exchange;v=b3;q=0.9
User-Agent:Mozilla/5.0 (X11; Linux x86_64) AppleWebKit/537.36 (KHTML, like Gecko) Chrome/85.0.4183.102 Safari/537.36
Referer:http://web/
Upgrade-Insecure-Requests:1
",cf83e1357eefb8bdf1542850d66d8007d620e4050b5715dc83f4a921d36ce9ce47d0d13c5d85f2b0ff8318d2877eec2f63b931bd47417a81a538327af927da3e,"Keep-Alive:timeout=5, max=49
Server:Apache/2.4.7 (Ubuntu)
Connection:Keep-Alive
Pragma:no-cache
Date:Mon, 11 May 2026 20:58:45 GMT
Cache-Control:no-store, no-cache, must-revalidate, post-check=0, pre-check=0
Content-Encoding:gzip
Vary:Accept-Encoding
Expires:Thu, 19 Nov 1981 08:52:00 GMT
Content-Length:1101
X-Powered-By:PHP/5.5.9-1ubuntu4.29
Content-Type:text/html
",1601e8e760bcb289eacea24c95a0db746da82e4936d849346da2ecbeef4d7e3acefbe5d094cad91cc402761ea411fa04cc80a0fe716db1c0aa03917b1ef2488f,200
http://web/users/login.php,GET,"Cookie:PHPSESSID=aq38o30dsel6tah45jb4oarml7
Accept:text/html,application/xhtml+xml,application/xml;q=0.9,image/avif,image/webp,image/apng,*/*;q=0.8,application/signed-exchange;v=b3;q=0.9
User-Agent:Mozilla/5.0 (X11; Linux x86_64) AppleWebKit/537.36 (KHTML, like Gecko) Chrome/85.0.4183.102 Safari/537.36
Referer:http://web/tos.php
Upgrade-Insecure-Requests:1
",cf83e1357eefb8bdf1542850d66d8007d620e4050b5715dc83f4a921d36ce9ce47d0d13c5d85f2b0ff8318d2877eec2f63b931bd47417a81a538327af927da3e,"Keep-Alive:timeout=5, max=84
Server:Apache/2.4.7 (Ubuntu)
Connection:Keep-Alive
Pragma:no-cache
Date:Mon, 11 May 2026 20:58:16 GMT
Cache-Control:no-store, no-cache, must-revalidate, post-check=0, pre-check=0
Content-Encoding:gzip
Vary:Accept-Encoding
Expires:Thu, 19 Nov 1981 08:52:00 GMT
Content-Length:975
X-Powered-By:PHP/5.5.9-1ubuntu4.29
Content-Type:text/html
",5a04f50b4a58d4adc0b1349cb0ba258613af2019f0b3ac146b4f5be1efc133b989a24d7470a56b18665edd713066bc347918458a5b03e941865d593144443852,200
http://web/users/register.php,GET,"Cookie:PHPSESSID=aq38o30dsel6tah45jb4oarml7
Accept:text/html,application/xhtml+xml,application/xml;q=0.9,image/avif,image/webp,image/apng,*/*;q=0.8,application/signed-exchange;v=b3;q=0.9
User-Agent:Mozilla/5.0 (X11; Linux x86_64) AppleWebKit/537.36 (KHTML, like Gecko) Chrome/85.0.4183.102 Safari/537.36
Referer:http://web/
Upgrade-Insecure-Requests:1
",cf83e1357eefb8bdf1542850d66d8007d620e4050b5715dc83f4a921d36ce9ce47d0d13c5d85f2b0ff8318d2877eec2f63b931bd47417a81a538327af927da3e,"Keep-Alive:timeout=5, max=39
Server:Apache/2.4.7 (Ubuntu)
Connection:Keep-Alive
Pragma:no-cache
Date:Mon, 11 May 2026 21:00:09 GMT
Cache-Control:no-store, no-cache, must-revalidate, post-check=0, pre-check=0
Content-Encoding:gzip
Vary:Accept-Encoding
Expires:Thu, 19 Nov 1981 08:52:00 GMT
Content-Length:1100
X-Powered-By:PHP/5.5.9-1ubuntu4.29
Content-Type:text/html
",f7a7674fa8544f744773d9f98a945a54ef112e23a266f06e2016cefb2cc417b4c7e18c5fc01ef192626d20806d3634a05ad687d34d59a4849cfad42972cc1acc,200
http://web/calendar.php,GET,"Cookie:PHPSESSID=aq38o30dsel6tah45jb4oarml7
Accept:text/html,application/xhtml+xml,application/xml;q=0.9,image/avif,image/webp,image/apng,*/*;q=0.8,application/signed-exchange;v=b3;q=0.9
User-Agent:Mozilla/5.0 (X11; Linux x86_64) AppleWebKit/537.36 (KHTML, like Gecko) Chrome/85.0.4183.102 Safari/537.36
Referer:http://web/
Upgrade-Insecure-Requests:1
",cf83e1357eefb8bdf1542850d66d8007d620e4050b5715dc83f4a921d36ce9ce47d0d13c5d85f2b0ff8318d2877eec2f63b931bd47417a81a538327af927da3e,"Keep-Alive:timeout=5, max=91
Server:Apache/2.4.7 (Ubuntu)
Connection:Keep-Alive
Pragma:no-cache
Date:Mon, 11 May 2026 20:59:29 GMT
Cache-Control:no-store, no-cache, must-revalidate, post-check=0, pre-check=0
Content-Encoding:gzip
Vary:Accept-Encoding
Expires:Thu, 19 Nov 1981 08:52:00 GMT
Content-Length:943
X-Powered-By:PHP/5.5.9-1ubuntu4.29
Content-Type:text/html
",f80d38ea4618368cb52c743c381eb7a07712210789e82efa8f54e603adbfaf2a762425cb585272f664c1a08f5350015961815f4b47dc3df12da12578c42b76a4,200
http://web/upload/flowers/flowers.128_128.jpg,GET,"Cookie:PHPSESSID=aq38o30dsel6tah45jb4oarml7
Accept:image/avif,image/webp,image/apng,image/*,*/*;q=0.8
User-Agent:Mozilla/5.0 (X11; Linux x86_64) AppleWebKit/537.36 (KHTML, like Gecko) Chrome/85.0.4183.102 Safari/537.36
Referer:http://web/pictures/recent.php
",cf83e1357eefb8bdf1542850d66d8007d620e4050b5715dc83f4a921d36ce9ce47d0d13c5d85f2b0ff8318d2877eec2f63b931bd47417a81a538327af927da3e,"Server:Apache/2.4.7 (Ubuntu)
Last-Modified:Thu, 02 Feb 2017 22:24:09 GMT
Date:Mon, 11 May 2026 20:57:04 GMT
Accept-Ranges:bytes
ETag:""3c3d-547939fb8b440""
Content-Length:15421
Content-Type:image/jpeg
",3582ed1354c33d3f042461e0f766e5a7dcffac105b0b153a6c31ce83abf5b5914714203850b1066d6a97bf901925ce573d549ebdc47272138324ba8f2dbb00d7,200
http://web/,GET,"Cookie:PHPSESSID=aq38o30dsel6tah45jb4oarml7
Accept:text/html,application/xhtml+xml,application/xml;q=0.9,image/avif,image/webp,image/apng,*/*;q=0.8,application/signed-exchange;v=b3;q=0.9
User-Agent:Mozilla/5.0 (X11; Linux x86_64) AppleWebKit/537.36 (KHTML, like Gecko) Chrome/85.0.4183.102 Safari/537.36
Referer:http://web/tos.php
Upgrade-Insecure-Requests:1
",cf83e1357eefb8bdf1542850d66d8007d620e4050b5715dc83f4a921d36ce9ce47d0d13c5d85f2b0ff8318d2877eec2f63b931bd47417a81a538327af927da3e,"Keep-Alive:timeout=5, max=52
Server:Apache/2.4.7 (Ubuntu)
Connection:Keep-Alive
Pragma:no-cache
Date:Mon, 11 May 2026 20:57:31 GMT
Cache-Control:no-store, no-cache, must-revalidate, post-check=0, pre-check=0
Content-Encoding:gzip
Vary:Accept-Encoding
Expires:Thu, 19 Nov 1981 08:52:00 GMT
Content-Length:1282
X-Powered-By:PHP/5.5.9-1ubuntu4.29
Content-Type:text/html
",ed578f7fa68ce3eb887012da3e94ac309739491151d55f2782c38f7a838f9bde3dd91b53e23f63c49869e0e3e752a52926ab111d57c12789aa80900fb0da6711,200
http://web/,GET,"Cookie:PHPSESSID=aq38o30dsel6tah45jb4oarml7
Accept:text/html,application/xhtml+xml,application/xml;q=0.9,image/avif,image/webp,image/apng,*/*;q=0.8,application/signed-exchange;v=b3;q=0.9
User-Agent:Mozilla/5.0 (X11; Linux x86_64) AppleWebKit/537.36 (KHTML, like Gecko) Chrome/85.0.4183.102 Safari/537.36
Upgrade-Insecure-Requests:1
",cf83e1357eefb8bdf1542850d66d8007d620e4050b5715dc83f4a921d36ce9ce47d0d13c5d85f2b0ff8318d2877eec2f63b931bd47417a81a538327af927da3e,"Keep-Alive:timeout=5, max=25
Server:Apache/2.4.7 (Ubuntu)
Connection:Keep-Alive
Pragma:no-cache
Date:Mon, 11 May 2026 20:59:04 GMT
Cache-Control:no-store, no-cache, must-revalidate, post-check=0, pre-check=0
Content-Encoding:gzip
Vary:Accept-Encoding
Expires:Thu, 19 Nov 1981 08:52:00 GMT
Content-Length:1284
X-Powered-By:PHP/5.5.9-1ubuntu4.29
Content-Type:text/html
",167c3973bbf5cd9cc777bd20ebeb227099431c2596f12bef1ce01125b4251f273ad0c5a9c33240e051ac76e928b520a85118f2b10a7830021486980f282a41de,200
http://web/calendar.php,GET,"Cookie:PHPSESSID=aq38o30dsel6tah45jb4oarml7
Accept:text/html,application/xhtml+xml,application/xml;q=0.9,image/avif,image/webp,image/apng,*/*;q=0.8,application/signed-exchange;v=b3;q=0.9
User-Agent:Mozilla/5.0 (X11; Linux x86_64) AppleWebKit/537.36 (KHTML, like Gecko) Chrome/85.0.4183.102 Safari/537.36
Referer:http://web/
Upgrade-Insecure-Requests:1
",cf83e1357eefb8bdf1542850d66d8007d620e4050b5715dc83f4a921d36ce9ce47d0d13c5d85f2b0ff8318d2877eec2f63b931bd47417a81a538327af927da3e,"Keep-Alive:timeout=5, max=83
Server:Apache/2.4.7 (Ubuntu)
Connection:Keep-Alive
Pragma:no-cache
Date:Mon, 11 May 2026 21:00:50 GMT
Cache-Control:no-store, no-cache, must-revalidate, post-check=0, pre-check=0
Content-Encoding:gzip
Vary:Accept-Encoding
Expires:Thu, 19 Nov 1981 08:52:00 GMT
Content-Length:944
X-Powered-By:PHP/5.5.9-1ubuntu4.29
Content-Type:text/html
",20de8b8d5a70aa8036d907f80e25803854edc8997fa916ad060998a1c927332b77747a9c79170a39fd3d1e5ca732d1529aaf7ec461a5c8658fdb10a2aaeb7f77,200
http://web/users/home.php,GET,"Cookie:PHPSESSID=aq38o30dsel6tah45jb4oarml7
Accept:text/html,application/xhtml+xml,application/xml;q=0.9,image/avif,image/webp,image/apng,*/*;q=0.8,application/signed-exchange;v=b3;q=0.9
User-Agent:Mozilla/5.0 (X11; Linux x86_64) AppleWebKit/537.36 (KHTML, like Gecko) Chrome/85.0.4183.102 Safari/537.36
Referer:http://web/users/register.php
Upgrade-Insecure-Requests:1
",cf83e1357eefb8bdf1542850d66d8007d620e4050b5715dc83f4a921d36ce9ce47d0d13c5d85f2b0ff8318d2877eec2f63b931bd47417a81a538327af927da3e,"Keep-Alive:timeout=5, max=66
Server:Apache/2.4.7 (Ubuntu)
Connection:Keep-Alive
Pragma:no-cache
Date:Mon, 11 May 2026 20:57:19 GMT
Cache-Control:no-store, no-cache, must-revalidate, post-check=0, pre-check=0
Expires:Thu, 19 Nov 1981 08:52:00 GMT
Content-Length:41
X-Powered-By:PHP/5.5.9-1ubuntu4.29
Location:/users/login.php
Content-Type:text/html
",cf83e1357eefb8bdf1542850d66d8007d620e4050b5715dc83f4a921d36ce9ce47d0d13c5d85f2b0ff8318d2877eec2f63b931bd47417a81a538327af927da3e,303
http://web/,GET,"Cookie:PHPSESSID=aq38o30dsel6tah45jb4oarml7
Accept:text/html,application/xhtml+xml,application/xml;q=0.9,image/avif,image/webp,image/apng,*/*;q=0.8,application/signed-exchange;v=b3;q=0.9
User-Agent:Mozilla/5.0 (X11; Linux x86_64) AppleWebKit/537.36 (KHTML, like Gecko) Chrome/85.0.4183.102 Safari/537.36
Upgrade-Insecure-Requests:1
",cf83e1357eefb8bdf1542850d66d8007d620e4050b5715dc83f4a921d36ce9ce47d0d13c5d85f2b0ff8318d2877eec2f63b931bd47417a81a538327af927da3e,"Keep-Alive:timeout=5, max=47
Server:Apache/2.4.7 (Ubuntu)
Connection:Keep-Alive
Pragma:no-cache
Date:Mon, 11 May 2026 21:01:16 GMT
Cache-Control:no-store, no-cache, must-revalidate, post-check=0, pre-check=0
Content-Encoding:gzip
Vary:Accept-Encoding
Expires:Thu, 19 Nov 1981 08:52:00 GMT
Content-Length:1283
X-Powered-By:PHP/5.5.9-1ubuntu4.29
Content-Type:text/html
",9ee609d1ac818d51d1ea57b8fc58d7bd11273e84ebcbdfe12586c9e262c87e07fc2f2b1cdb622a0e0c0ee64582cb8c9af5c3a9fc4d43c95962cc352af3d7a1f6,200
http://web/calendar.php?date=1778619661,GET,"Cookie:PHPSESSID=aq38o30dsel6tah45jb4oarml7
Accept:text/html,application/xhtml+xml,application/xml;q=0.9,image/avif,image/webp,image/apng,*/*;q=0.8,application/signed-exchange;v=b3;q=0.9
User-Agent:Mozilla/5.0 (X11; Linux x86_64) AppleWebKit/537.36 (KHTML, like Gecko) Chrome/85.0.4183.102 Safari/537.36
Referer:http://web/calendar.php
Upgrade-Insecure-Requests:1
",cf83e1357eefb8bdf1542850d66d8007d620e4050b5715dc83f4a921d36ce9ce47d0d13c5d85f2b0ff8318d2877eec2f63b931bd47417a81a538327af927da3e,"Keep-Alive:timeout=5, max=66
Server:Apache/2.4.7 (Ubuntu)
Connection:Keep-Alive
Pragma:no-cache
Date:Mon, 11 May 2026 21:01:02 GMT
Cache-Control:no-store, no-cache, must-revalidate, post-check=0, pre-check=0
Content-Encoding:gzip
Vary:Accept-Encoding
Expires:Thu, 19 Nov 1981 08:52:00 GMT
Content-Length:944
X-Powered-By:PHP/5.5.9-1ubuntu4.29
Content-Type:text/html
",b8246b5089501b286310bccc25f76ca5dae6e712f6ba137d7616d18555d99ea1efb66a751dbbf66930f9097a9c6fd34a57c1bdbb354d3d2dd672a90b69d04bad,200
http://web/guestbook.php,GET,"Cookie:PHPSESSID=aq38o30dsel6tah45jb4oarml7
Accept:text/html,application/xhtml+xml,application/xml;q=0.9,image/avif,image/webp,image/apng,*/*;q=0.8,application/signed-exchange;v=b3;q=0.9
User-Agent:Mozilla/5.0 (X11; Linux x86_64) AppleWebKit/537.36 (KHTML, like Gecko) Chrome/85.0.4183.102 Safari/537.36
Referer:http://web/
Upgrade-Insecure-Requests:1
",cf83e1357eefb8bdf1542850d66d8007d620e4050b5715dc83f4a921d36ce9ce47d0d13c5d85f2b0ff8318d2877eec2f63b931bd47417a81a538327af927da3e,"Keep-Alive:timeout=5, max=82
Server:Apache/2.4.7 (Ubuntu)
Connection:Keep-Alive
Pragma:no-cache
Date:Mon, 11 May 2026 20:58:18 GMT
Cache-Control:no-store, no-cache, must-revalidate, post-check=0, pre-check=0
Content-Encoding:gzip
Vary:Accept-Encoding
Expires:Thu, 19 Nov 1981 08:52:00 GMT
Content-Length:998
X-Powered-By:PHP/5.5.9-1ubuntu4.29
Content-Type:text/html
",a5e015409477e34c160959063c0a7bd08b102ef19602de54b00e22e2133d27fbbd378d0c987ec2bd4d98907503a74915b09568f46bd23963a3d9c861d54d061f,200
http://web/,GET,"Cookie:PHPSESSID=aq38o30dsel6tah45jb4oarml7
Accept:text/html,application/xhtml+xml,application/xml;q=0.9,image/avif,image/webp,image/apng,*/*;q=0.8,application/signed-exchange;v=b3;q=0.9
User-Agent:Mozilla/5.0 (X11; Linux x86_64) AppleWebKit/537.36 (KHTML, like Gecko) Chrome/85.0.4183.102 Safari/537.36
Upgrade-Insecure-Requests:1
",cf83e1357eefb8bdf1542850d66d8007d620e4050b5715dc83f4a921d36ce9ce47d0d13c5d85f2b0ff8318d2877eec2f63b931bd47417a81a538327af927da3e,"Keep-Alive:timeout=5, max=46
Server:Apache/2.4.7 (Ubuntu)
Connection:Keep-Alive
Pragma:no-cache
Date:Mon, 11 May 2026 20:58:48 GMT
Cache-Control:no-store, no-cache, must-revalidate, post-check=0, pre-check=0
Content-Encoding:gzip
Vary:Accept-Encoding
Expires:Thu, 19 Nov 1981 08:52:00 GMT
Content-Length:1284
X-Powered-By:PHP/5.5.9-1ubuntu4.29
Content-Type:text/html
",12a93364f8e3918cf773b6ed988e5eb2405b51aceadcc72afd033d35857372ef6e29253b379e3e18060e1233f14451c4412ecd9414aabb75797769ba9991ea43,200
http://web/users/login.php,GET,"Cookie:PHPSESSID=aq38o30dsel6tah45jb4oarml7
Accept:text/html,application/xhtml+xml,application/xml;q=0.9,image/avif,image/webp,image/apng,*/*;q=0.8,application/signed-exchange;v=b3;q=0.9
User-Agent:Mozilla/5.0 (X11; Linux x86_64) AppleWebKit/537.36 (KHTML, like Gecko) Chrome/85.0.4183.102 Safari/537.36
Referer:http://web/users/login.php
Upgrade-Insecure-Requests:1
",cf83e1357eefb8bdf1542850d66d8007d620e4050b5715dc83f4a921d36ce9ce47d0d13c5d85f2b0ff8318d2877eec2f63b931bd47417a81a538327af927da3e,"Keep-Alive:timeout=5, max=85
Server:Apache/2.4.7 (Ubuntu)
Connection:Keep-Alive
Pragma:no-cache
Date:Mon, 11 May 2026 20:57:03 GMT
Cache-Control:no-store, no-cache, must-revalidate, post-check=0, pre-check=0
Content-Encoding:gzip
Vary:Accept-Encoding
Expires:Thu, 19 Nov 1981 08:52:00 GMT
Content-Length:977
X-Powered-By:PHP/5.5.9-1ubuntu4.29
Content-Type:text/html
",51ee029ca55bb7681abe77ebdfed9d09dbf0ce11346905fd185a95d32de372a6f1c36b9a26001041ed66b289b3558363967dc56f471406607438cb63a3c44d67,200
http://web/css/blueprint/screen.css,GET,"Cookie:PHPSESSID=aq38o30dsel6tah45jb4oarml7
Accept:text/css,*/*;q=0.1
User-Agent:Mozilla/5.0 (X11; Linux x86_64) AppleWebKit/537.36 (KHTML, like Gecko) Chrome/85.0.4183.102 Safari/537.36
Referer:http://web/
",cf83e1357eefb8bdf1542850d66d8007d620e4050b5715dc83f4a921d36ce9ce47d0d13c5d85f2b0ff8318d2877eec2f63b931bd47417a81a538327af927da3e,"Keep-Alive:timeout=5, max=99
Server:Apache/2.4.7 (Ubuntu)
Connection:Keep-Alive
Last-Modified:Thu, 02 Feb 2017 22:24:09 GMT
Date:Mon, 11 May 2026 20:56:53 GMT
Accept-Ranges:bytes
ETag:""24c7-547939fb8b440-gzip""
Content-Encoding:gzip
Vary:Accept-Encoding
Content-Length:2682
Content-Type:text/css
",c0995dbb8c323ef465d8cc5d7b640b1a5435beb529b0c6e55594b1c0f3db66e859d23f70cfe8d93285234e722d677fca7c8887bee81a636881b2f91f221f976e,200
http://web/users/login.php,GET,"Cookie:PHPSESSID=aq38o30dsel6tah45jb4oarml7
Accept:text/html,application/xhtml+xml,application/xml;q=0.9,image/avif,image/webp,image/apng,*/*;q=0.8,application/signed-exchange;v=b3;q=0.9
User-Agent:Mozilla/5.0 (X11; Linux x86_64) AppleWebKit/537.36 (KHTML, like Gecko) Chrome/85.0.4183.102 Safari/537.36
Referer:http://web/
Upgrade-Insecure-Requests:1
",cf83e1357eefb8bdf1542850d66d8007d620e4050b5715dc83f4a921d36ce9ce47d0d13c5d85f2b0ff8318d2877eec2f63b931bd47417a81a538327af927da3e,"Keep-Alive:timeout=5, max=47
Server:Apache/2.4.7 (Ubuntu)
Connection:Keep-Alive
Pragma:no-cache
Date:Mon, 11 May 2026 20:57:34 GMT
Cache-Control:no-store, no-cache, must-revalidate, post-check=0, pre-check=0
Content-Encoding:gzip
Vary:Accept-Encoding
Expires:Thu, 19 Nov 1981 08:52:00 GMT
Content-Length:975
X-Powered-By:PHP/5.5.9-1ubuntu4.29
Content-Type:text/html
",214d97632ec3b2bf472cf1cebfaf4434e012d00f9c5193b0ab8b1d16a2453a5c7548a9cf43a6d4e1e4f23c5082ae8d3922a5d6911ff4a9e43a97817e6724393d,200
http://web/pictures/view.php?picid=13,GET,"Cookie:PHPSESSID=aq38o30dsel6tah45jb4oarml7
Accept:text/html,application/xhtml+xml,application/xml;q=0.9,image/avif,image/webp,image/apng,*/*;q=0.8,application/signed-exchange;v=b3;q=0.9
User-Agent:Mozilla/5.0 (X11; Linux x86_64) AppleWebKit/537.36 (KHTML, like Gecko) Chrome/85.0.4183.102 Safari/537.36
Referer:http://web/pictures/recent.php
Upgrade-Insecure-Requests:1
",cf83e1357eefb8bdf1542850d66d8007d620e4050b5715dc83f4a921d36ce9ce47d0d13c5d85f2b0ff8318d2877eec2f63b931bd47417a81a538327af927da3e,"Keep-Alive:timeout=5, max=19
Server:Apache/2.4.7 (Ubuntu)
Connection:Keep-Alive
Pragma:no-cache
Date:Mon, 11 May 2026 20:57:53 GMT
Cache-Control:no-store, no-cache, must-revalidate, post-check=0, pre-check=0
Expires:Thu, 19 Nov 1981 08:52:00 GMT
Content-Length:41
X-Powered-By:PHP/5.5.9-1ubuntu4.29
Location:/users/login.php
Content-Type:text/html
",cf83e1357eefb8bdf1542850d66d8007d620e4050b5715dc83f4a921d36ce9ce47d0d13c5d85f2b0ff8318d2877eec2f63b931bd47417a81a538327af927da3e,303
http://web/,GET,"Cookie:PHPSESSID=aq38o30dsel6tah45jb4oarml7
Accept:text/html,application/xhtml+xml,application/xml;q=0.9,image/avif,image/webp,image/apng,*/*;q=0.8,application/signed-exchange;v=b3;q=0.9
User-Agent:Mozilla/5.0 (X11; Linux x86_64) AppleWebKit/537.36 (KHTML, like Gecko) Chrome/85.0.4183.102 Safari/537.36
Upgrade-Insecure-Requests:1
",cf83e1357eefb8bdf1542850d66d8007d620e4050b5715dc83f4a921d36ce9ce47d0d13c5d85f2b0ff8318d2877eec2f63b931bd47417a81a538327af927da3e,"Keep-Alive:timeout=5, max=18
Server:Apache/2.4.7 (Ubuntu)
Connection:Keep-Alive
Pragma:no-cache
Date:Mon, 11 May 2026 21:00:24 GMT
Cache-Control:no-store, no-cache, must-revalidate, post-check=0, pre-check=0
Content-Encoding:gzip
Vary:Accept-Encoding
Expires:Thu, 19 Nov 1981 08:52:00 GMT
Content-Length:1284
X-Powered-By:PHP/5.5.9-1ubuntu4.29
Content-Type:text/html
",9a27dc0d31c749cef0a258bf8ca78bdc93aed7a376a42e7697489f14eaf4adb93e455f7019e58a2801d4bc6b975241ab08b44c2ad6824d6586af1d72c2a16026,200
http://web/,GET,"Cookie:PHPSESSID=aq38o30dsel6tah45jb4oarml7
Accept:text/html,application/xhtml+xml,application/xml;q=0.9,image/avif,image/webp,image/apng,*/*;q=0.8,application/signed-exchange;v=b3;q=0.9
User-Agent:Mozilla/5.0 (X11; Linux x86_64) AppleWebKit/537.36 (KHTML, like Gecko) Chrome/85.0.4183.102 Safari/537.36
Upgrade-Insecure-Requests:1
",cf83e1357eefb8bdf1542850d66d8007d620e4050b5715dc83f4a921d36ce9ce47d0d13c5d85f2b0ff8318d2877eec2f63b931bd47417a81a538327af927da3e,"Keep-Alive:timeout=5, max=22
Server:Apache/2.4.7 (Ubuntu)
Connection:Keep-Alive
Pragma:no-cache
Date:Mon, 11 May 2026 20:59:06 GMT
Cache-Control:no-store, no-cache, must-revalidate, post-check=0, pre-check=0
Content-Encoding:gzip
Vary:Accept-Encoding
Expires:Thu, 19 Nov 1981 08:52:00 GMT
Content-Length:1284
X-Powered-By:PHP/5.5.9-1ubuntu4.29
Content-Type:text/html
",80adfe8c1bd22a36aa01a54c5fd0e411da62898f229d2c1f302f9e87ad1adb7d88c8b38d9917a7a57b49774f3f8e905c4257fe573fd9ec55002cece732876261,200
http://web/users/home.php,GET,"Cookie:PHPSESSID=aq38o30dsel6tah45jb4oarml7
Accept:text/html,application/xhtml+xml,application/xml;q=0.9,image/avif,image/webp,image/apng,*/*;q=0.8,application/signed-exchange;v=b3;q=0.9
User-Agent:Mozilla/5.0 (X11; Linux x86_64) AppleWebKit/537.36 (KHTML, like Gecko) Chrome/85.0.4183.102 Safari/537.36
Referer:http://web/guestbook.php
Upgrade-Insecure-Requests:1
",cf83e1357eefb8bdf1542850d66d8007d620e4050b5715dc83f4a921d36ce9ce47d0d13c5d85f2b0ff8318d2877eec2f63b931bd47417a81a538327af927da3e,"Keep-Alive:timeout=5, max=74
Server:Apache/2.4.7 (Ubuntu)
Connection:Keep-Alive
Pragma:no-cache
Date:Mon, 11 May 2026 20:57:11 GMT
Cache-Control:no-store, no-cache, must-revalidate, post-check=0, pre-check=0
Expires:Thu, 19 Nov 1981 08:52:00 GMT
Content-Length:41
X-Powered-By:PHP/5.5.9-1ubuntu4.29
Location:/users/login.php
Content-Type:text/html
",cf83e1357eefb8bdf1542850d66d8007d620e4050b5715dc83f4a921d36ce9ce47d0d13c5d85f2b0ff8318d2877eec2f63b931bd47417a81a538327af927da3e,303
http://web/,GET,"Cookie:PHPSESSID=aq38o30dsel6tah45jb4oarml7
Accept:text/html,application/xhtml+xml,application/xml;q=0.9,image/avif,image/webp,image/apng,*/*;q=0.8,application/signed-exchange;v=b3;q=0.9
User-Agent:Mozilla/5.0 (X11; Linux x86_64) AppleWebKit/537.36 (KHTML, like Gecko) Chrome/85.0.4183.102 Safari/537.36
Upgrade-Insecure-Requests:1
",cf83e1357eefb8bdf1542850d66d8007d620e4050b5715dc83f4a921d36ce9ce47d0d13c5d85f2b0ff8318d2877eec2f63b931bd47417a81a538327af927da3e,"Keep-Alive:timeout=5, max=59
Server:Apache/2.4.7 (Ubuntu)
Connection:Keep-Alive
Pragma:no-cache
Date:Mon, 11 May 2026 20:58:36 GMT
Cache-Control:no-store, no-cache, must-revalidate, post-check=0, pre-check=0
Content-Encoding:gzip
Vary:Accept-Encoding
Expires:Thu, 19 Nov 1981 08:52:00 GMT
Content-Length:1284
X-Powered-By:PHP/5.5.9-1ubuntu4.29
Content-Type:text/html
",c7376601dcdce4a10c92e3cb765b9a4b4c0cfeff7d69a7e0098b8d7ed837b7e032e7392733c7a3f44844def7113d225cf851ce33607c240eba49f76f53383d64,200
http://web/,GET,"Cookie:PHPSESSID=aq38o30dsel6tah45jb4oarml7
Accept:text/html,application/xhtml+xml,application/xml;q=0.9,image/avif,image/webp,image/apng,*/*;q=0.8,application/signed-exchange;v=b3;q=0.9
User-Agent:Mozilla/5.0 (X11; Linux x86_64) AppleWebKit/537.36 (KHTML, like Gecko) Chrome/85.0.4183.102 Safari/537.36
Upgrade-Insecure-Requests:1
",cf83e1357eefb8bdf1542850d66d8007d620e4050b5715dc83f4a921d36ce9ce47d0d13c5d85f2b0ff8318d2877eec2f63b931bd47417a81a538327af927da3e,"Keep-Alive:timeout=5, max=25
Server:Apache/2.4.7 (Ubuntu)
Connection:Keep-Alive
Pragma:no-cache
Date:Mon, 11 May 2026 20:57:49 GMT
Cache-Control:no-store, no-cache, must-revalidate, post-check=0, pre-check=0
Content-Encoding:gzip
Vary:Accept-Encoding
Expires:Thu, 19 Nov 1981 08:52:00 GMT
Content-Length:1281
X-Powered-By:PHP/5.5.9-1ubuntu4.29
Content-Type:text/html
",d205f815d239b5dcdd6f05cb959da2d40761c3deab6d1dba11188b0b6c7829a4b97d0e4995e4ef744652f4e41705f62edd25546132846cdca835989ac567403a,200
http://web/pictures/recent.php,GET,"Cookie:PHPSESSID=aq38o30dsel6tah45jb4oarml7
Accept:text/html,application/xhtml+xml,application/xml;q=0.9,image/avif,image/webp,image/apng,*/*;q=0.8,application/signed-exchange;v=b3;q=0.9
User-Agent:Mozilla/5.0 (X11; Linux x86_64) AppleWebKit/537.36 (KHTML, like Gecko) Chrome/85.0.4183.102 Safari/537.36
Referer:http://web/calendar.php?date=1778706054
Upgrade-Insecure-Requests:1
",cf83e1357eefb8bdf1542850d66d8007d620e4050b5715dc83f4a921d36ce9ce47d0d13c5d85f2b0ff8318d2877eec2f63b931bd47417a81a538327af927da3e,"Keep-Alive:timeout=5, max=74
Server:Apache/2.4.7 (Ubuntu)
Connection:Keep-Alive
Pragma:no-cache
Date:Mon, 11 May 2026 21:00:56 GMT
Cache-Control:no-store, no-cache, must-revalidate, post-check=0, pre-check=0
Content-Encoding:gzip
Vary:Accept-Encoding
Expires:Thu, 19 Nov 1981 08:52:00 GMT
Content-Length:1086
X-Powered-By:PHP/5.5.9-1ubuntu4.29
Content-Type:text/html
",c0c715eb3fb685c51ac55729b3df93507b763d3d020d19eac387aa3b9671e2c1d4c314f3dea8add987d0330649fab510777852adbc764da8df3dd40c9c140053,200
http://web/css/blueprint/screen.css,GET,"Cookie:PHPSESSID=aq38o30dsel6tah45jb4oarml7
Accept:text/css,*/*;q=0.1
User-Agent:Mozilla/5.0 (X11; Linux x86_64) AppleWebKit/537.36 (KHTML, like Gecko) Chrome/85.0.4183.102 Safari/537.36
Referer:http://web/
",cf83e1357eefb8bdf1542850d66d8007d620e4050b5715dc83f4a921d36ce9ce47d0d13c5d85f2b0ff8318d2877eec2f63b931bd47417a81a538327af927da3e,"Server:Apache/2.4.7 (Ubuntu)
Last-Modified:Thu, 02 Feb 2017 22:24:09 GMT
Date:Mon, 11 May 2026 20:56:53 GMT
Accept-Ranges:bytes
ETag:""24c7-547939fb8b440-gzip""
Content-Encoding:gzip
Vary:Accept-Encoding
Content-Length:2682
Content-Type:text/css
",c0995dbb8c323ef465d8cc5d7b640b1a5435beb529b0c6e55594b1c0f3db66e859d23f70cfe8d93285234e722d677fca7c8887bee81a636881b2f91f221f976e,200
http://web/,GET,"Cookie:PHPSESSID=aq38o30dsel6tah45jb4oarml7
Accept:text/html,application/xhtml+xml,application/xml;q=0.9,image/avif,image/webp,image/apng,*/*;q=0.8,application/signed-exchange;v=b3;q=0.9
User-Agent:Mozilla/5.0 (X11; Linux x86_64) AppleWebKit/537.36 (KHTML, like Gecko) Chrome/85.0.4183.102 Safari/537.36
Upgrade-Insecure-Requests:1
",cf83e1357eefb8bdf1542850d66d8007d620e4050b5715dc83f4a921d36ce9ce47d0d13c5d85f2b0ff8318d2877eec2f63b931bd47417a81a538327af927da3e,"Keep-Alive:timeout=5, max=40
Server:Apache/2.4.7 (Ubuntu)
Connection:Keep-Alive
Pragma:no-cache
Date:Mon, 11 May 2026 21:00:08 GMT
Cache-Control:no-store, no-cache, must-revalidate, post-check=0, pre-check=0
Content-Encoding:gzip
Vary:Accept-Encoding
Expires:Thu, 19 Nov 1981 08:52:00 GMT
Content-Length:1284
X-Powered-By:PHP/5.5.9-1ubuntu4.29
Content-Type:text/html
",fcfddd8002fe9dbcf85ac27ff19cf0ed871faa8cee96c3dd3e1fb6351be265874bba56eb5b0fbd62e38faf03f1c59fd8c731d2afd038eadacb04869829b09b10,200
http://web/,GET,"Cookie:PHPSESSID=aq38o30dsel6tah45jb4oarml7
Accept:text/html,application/xhtml+xml,application/xml;q=0.9,image/avif,image/webp,image/apng,*/*;q=0.8,application/signed-exchange;v=b3;q=0.9
User-Agent:Mozilla/5.0 (X11; Linux x86_64) AppleWebKit/537.36 (KHTML, like Gecko) Chrome/85.0.4183.102 Safari/537.36
Upgrade-Insecure-Requests:1
",cf83e1357eefb8bdf1542850d66d8007d620e4050b5715dc83f4a921d36ce9ce47d0d13c5d85f2b0ff8318d2877eec2f63b931bd47417a81a538327af927da3e,"Keep-Alive:timeout=5, max=54
Server:Apache/2.4.7 (Ubuntu)
Connection:Keep-Alive
Pragma:no-cache
Date:Mon, 11 May 2026 20:57:29 GMT
Cache-Control:no-store, no-cache, must-revalidate, post-check=0, pre-check=0
Content-Encoding:gzip
Vary:Accept-Encoding
Expires:Thu, 19 Nov 1981 08:52:00 GMT
Content-Length:1284
X-Powered-By:PHP/5.5.9-1ubuntu4.29
Content-Type:text/html
",dbc3e5f5887358cd63b3523da88812b2ed2f6f94477f49bdcbec03d64409bcb618811345714ae8293e3a826249751e5e0bb1c39f2c6577d87fcfdbcfaa586e0b,200
http://web/users/register.php,GET,"Cookie:PHPSESSID=aq38o30dsel6tah45jb4oarml7
Accept:text/html,application/xhtml+xml,application/xml;q=0.9,image/avif,image/webp,image/apng,*/*;q=0.8,application/signed-exchange;v=b3;q=0.9
User-Agent:Mozilla/5.0 (X11; Linux x86_64) AppleWebKit/537.36 (KHTML, like Gecko) Chrome/85.0.4183.102 Safari/537.36
Referer:http://web/
Upgrade-Insecure-Requests:1
",cf83e1357eefb8bdf1542850d66d8007d620e4050b5715dc83f4a921d36ce9ce47d0d13c5d85f2b0ff8318d2877eec2f63b931bd47417a81a538327af927da3e,"Keep-Alive:timeout=5, max=58
Server:Apache/2.4.7 (Ubuntu)
Connection:Keep-Alive
Pragma:no-cache
Date:Mon, 11 May 2026 20:58:37 GMT
Cache-Control:no-store, no-cache, must-revalidate, post-check=0, pre-check=0
Content-Encoding:gzip
Vary:Accept-Encoding
Expires:Thu, 19 Nov 1981 08:52:00 GMT
Content-Length:1101
X-Powered-By:PHP/5.5.9-1ubuntu4.29
Content-Type:text/html
",a2273ebe344c9ed7ce6664b90566648bf9318ed1d28d124cac6c5e2286cc0c860b908c67508a73a02d280ae9edee08ec2d83eb7e02b14cde9183047aaacd53ea,200
http://web/admin/index.php?page=login,GET,"Cookie:PHPSESSID=aq38o30dsel6tah45jb4oarml7
Accept:text/html,application/xhtml+xml,application/xml;q=0.9,image/avif,image/webp,image/apng,*/*;q=0.8,application/signed-exchange;v=b3;q=0.9
User-Agent:Mozilla/5.0 (X11; Linux x86_64) AppleWebKit/537.36 (KHTML, like Gecko) Chrome/85.0.4183.102 Safari/537.36
Referer:http://web/calendar.php?date=1778706073
Upgrade-Insecure-Requests:1
",cf83e1357eefb8bdf1542850d66d8007d620e4050b5715dc83f4a921d36ce9ce47d0d13c5d85f2b0ff8318d2877eec2f63b931bd47417a81a538327af927da3e,"Keep-Alive:timeout=5, max=48
Server:Apache/2.4.7 (Ubuntu)
Connection:Keep-Alive
Pragma:no-cache
Date:Mon, 11 May 2026 21:01:15 GMT
Cache-Control:no-store, no-cache, must-revalidate, post-check=0, pre-check=0
Content-Encoding:gzip
Vary:Accept-Encoding
Expires:Thu, 19 Nov 1981 08:52:00 GMT
Content-Length:216
X-Powered-By:PHP/5.5.9-1ubuntu4.29
Content-Type:text/html
",02aaff0bc4268bf828b5269837c45f94eb99d18670e0ca0a536a78efefd52c6b021d1b7690509564dbf07e2da94bd3bb5c45014c5caadf88d31481a5730f1091,200
http://web/calendar.php?date=1778619634,GET,"Cookie:PHPSESSID=aq38o30dsel6tah45jb4oarml7
Accept:text/html,application/xhtml+xml,application/xml;q=0.9,image/avif,image/webp,image/apng,*/*;q=0.8,application/signed-exchange;v=b3;q=0.9
User-Agent:Mozilla/5.0 (X11; Linux x86_64) AppleWebKit/537.36 (KHTML, like Gecko) Chrome/85.0.4183.102 Safari/537.36
Referer:http://web/calendar.php
Upgrade-Insecure-Requests:1
",cf83e1357eefb8bdf1542850d66d8007d620e4050b5715dc83f4a921d36ce9ce47d0d13c5d85f2b0ff8318d2877eec2f63b931bd47417a81a538327af927da3e,"Keep-Alive:timeout=5, max=4
Server:Apache/2.4.7 (Ubuntu)
Connection:Keep-Alive
Pragma:no-cache
Date:Mon, 11 May 2026 21:00:35 GMT
Cache-Control:no-store, no-cache, must-revalidate, post-check=0, pre-check=0
Content-Encoding:gzip
Vary:Accept-Encoding
Expires:Thu, 19 Nov 1981 08:52:00 GMT
Content-Length:946
X-Powered-By:PHP/5.5.9-1ubuntu4.29
Content-Type:text/html
",cfb610ef50a35c4151f16640116c6d9233e0a0a776d389df47b96998663fe328eca69ce2365b87332dc2c38cf6725f3692b5e2d510db23415a38febe8a0ac0c4,200
http://web/upload/flowers/flowers.128_128.jpg,GET,"Cookie:PHPSESSID=aq38o30dsel6tah45jb4oarml7
Accept:image/avif,image/webp,image/apng,image/*,*/*;q=0.8
User-Agent:Mozilla/5.0 (X11; Linux x86_64) AppleWebKit/537.36 (KHTML, like Gecko) Chrome/85.0.4183.102 Safari/537.36
Referer:http://web/pictures/recent.php
",cf83e1357eefb8bdf1542850d66d8007d620e4050b5715dc83f4a921d36ce9ce47d0d13c5d85f2b0ff8318d2877eec2f63b931bd47417a81a538327af927da3e,"Keep-Alive:timeout=5, max=100
Server:Apache/2.4.7 (Ubuntu)
Connection:Keep-Alive
Last-Modified:Thu, 02 Feb 2017 22:24:09 GMT
Date:Mon, 11 May 2026 20:57:04 GMT
Accept-Ranges:bytes
ETag:""3c3d-547939fb8b440""
Content-Length:15421
Content-Type:image/jpeg
",3582ed1354c33d3f042461e0f766e5a7dcffac105b0b153a6c31ce83abf5b5914714203850b1066d6a97bf901925ce573d549ebdc47272138324ba8f2dbb00d7,200
http://web/css/blueprint/print.css,GET,"Cookie:PHPSESSID=aq38o30dsel6tah45jb4oarml7
Accept:text/css,*/*;q=0.1
User-Agent:Mozilla/5.0 (X11; Linux x86_64) AppleWebKit/537.36 (KHTML, like Gecko) Chrome/85.0.4183.102 Safari/537.36
Referer:http://web/users/login.php
",cf83e1357eefb8bdf1542850d66d8007d620e4050b5715dc83f4a921d36ce9ce47d0d13c5d85f2b0ff8318d2877eec2f63b931bd47417a81a538327af927da3e,"Server:Apache/2.4.7 (Ubuntu)
Last-Modified:Thu, 02 Feb 2017 22:24:09 GMT
Date:Mon, 11 May 2026 20:56:53 GMT
Accept-Ranges:bytes
ETag:""52d-547939fb8b440-gzip""
Content-Encoding:gzip
Vary:Accept-Encoding
Content-Length:674
Content-Type:text/css
",382bc7f4ad396de8dacb65598554ab8e1fe76b268c9b97e377be5fe694d07688463ac138e683332f401b64a7a2e8418a2a9f7f9d96e548ee8581d228368f7524,200
http://web/calendar.php?date=1778619658,GET,"Cookie:PHPSESSID=aq38o30dsel6tah45jb4oarml7
Accept:text/html,application/xhtml+xml,application/xml;q=0.9,image/avif,image/webp,image/apng,*/*;q=0.8,application/signed-exchange;v=b3;q=0.9
User-Agent:Mozilla/5.0 (X11; Linux x86_64) AppleWebKit/537.36 (KHTML, like Gecko) Chrome/85.0.4183.102 Safari/537.36
Referer:http://web/calendar.php
Upgrade-Insecure-Requests:1
",cf83e1357eefb8bdf1542850d66d8007d620e4050b5715dc83f4a921d36ce9ce47d0d13c5d85f2b0ff8318d2877eec2f63b931bd47417a81a538327af927da3e,"Keep-Alive:timeout=5, max=71
Server:Apache/2.4.7 (Ubuntu)
Connection:Keep-Alive
Pragma:no-cache
Date:Mon, 11 May 2026 21:00:58 GMT
Cache-Control:no-store, no-cache, must-revalidate, post-check=0, pre-check=0
Content-Encoding:gzip
Vary:Accept-Encoding
Expires:Thu, 19 Nov 1981 08:52:00 GMT
Content-Length:946
X-Powered-By:PHP/5.5.9-1ubuntu4.29
Content-Type:text/html
",0ed9ce113daf8d151792a7e897d9b938bdda3b98d76e76414249d295cd906fda5e1917c7357d2a4c902f6286d4330b396d28a902dabfdc3f85ba62aaf4b67820,200
http://web/,GET,"Cookie:PHPSESSID=aq38o30dsel6tah45jb4oarml7
Accept:text/html,application/xhtml+xml,application/xml;q=0.9,image/avif,image/webp,image/apng,*/*;q=0.8,application/signed-exchange;v=b3;q=0.9
User-Agent:Mozilla/5.0 (X11; Linux x86_64) AppleWebKit/537.36 (KHTML, like Gecko) Chrome/85.0.4183.102 Safari/537.36
Upgrade-Insecure-Requests:1
",cf83e1357eefb8bdf1542850d66d8007d620e4050b5715dc83f4a921d36ce9ce47d0d13c5d85f2b0ff8318d2877eec2f63b931bd47417a81a538327af927da3e,"Keep-Alive:timeout=5, max=72
Server:Apache/2.4.7 (Ubuntu)
Connection:Keep-Alive
Pragma:no-cache
Date:Mon, 11 May 2026 20:59:44 GMT
Cache-Control:no-store, no-cache, must-revalidate, post-check=0, pre-check=0
Content-Encoding:gzip
Vary:Accept-Encoding
Expires:Thu, 19 Nov 1981 08:52:00 GMT
Content-Length:1284
X-Powered-By:PHP/5.5.9-1ubuntu4.29
Content-Type:text/html
",d2794195ba8c43ebaa1558b4bae12ed92227f31518b7a6d7d1283b6dc799e4b045d5a7259c31c7647ca44487ec1aee1662d4be9a22b500444f85e8ffa87388fc,200
http://web/,GET,"Cookie:PHPSESSID=aq38o30dsel6tah45jb4oarml7
Accept:text/html,application/xhtml+xml,application/xml;q=0.9,image/avif,image/webp,image/apng,*/*;q=0.8,application/signed-exchange;v=b3;q=0.9
User-Agent:Mozilla/5.0 (X11; Linux x86_64) AppleWebKit/537.36 (KHTML, like Gecko) Chrome/85.0.4183.102 Safari/537.36
Referer:http://web/calendar.php?date=1778878901
Upgrade-Insecure-Requests:1
",cf83e1357eefb8bdf1542850d66d8007d620e4050b5715dc83f4a921d36ce9ce47d0d13c5d85f2b0ff8318d2877eec2f63b931bd47417a81a538327af927da3e,"Keep-Alive:timeout=5, max=4
Server:Apache/2.4.7 (Ubuntu)
Connection:Keep-Alive
Pragma:no-cache
Date:Mon, 11 May 2026 21:01:45 GMT
Cache-Control:no-store, no-cache, must-revalidate, post-check=0, pre-check=0
Content-Encoding:gzip
Vary:Accept-Encoding
Expires:Thu, 19 Nov 1981 08:52:00 GMT
Content-Length:1284
X-Powered-By:PHP/5.5.9-1ubuntu4.29
Content-Type:text/html
",df26cc22678d4abe5b6893fad88b7a9f20fe98d7d9106ae19313729b7bbf4aa0140c9e0ab54ba473d669853be507cc21ee129fb6a2f22bb8c776122f6291ae34,200
http://web/upload/house/hodjjgld.128_128.jpg,GET,"Cookie:PHPSESSID=aq38o30dsel6tah45jb4oarml7
Accept:image/avif,image/webp,image/apng,image/*,*/*;q=0.8
User-Agent:Mozilla/5.0 (X11; Linux x86_64) AppleWebKit/537.36 (KHTML, like Gecko) Chrome/85.0.4183.102 Safari/537.36
Referer:http://web/pictures/recent.php
",cf83e1357eefb8bdf1542850d66d8007d620e4050b5715dc83f4a921d36ce9ce47d0d13c5d85f2b0ff8318d2877eec2f63b931bd47417a81a538327af927da3e,"Keep-Alive:timeout=5, max=83
Server:Apache/2.4.7 (Ubuntu)
Connection:Keep-Alive
Last-Modified:Thu, 02 Feb 2017 22:24:09 GMT
Date:Mon, 11 May 2026 20:57:04 GMT
Accept-Ranges:bytes
ETag:""2f6e-547939fb8b440""
Content-Length:12142
Content-Type:image/jpeg
",d78d726ba03cd4ab6cfb2ff024e33ec7f851cdd7cf3389acb2ab700df6399122ee3bc74dc664abba8ea40f4d49e5c03e3def6eae872504e6aba993ed1b3b2fc0,200
http://web/calendar.php?date=1778792480,GET,"Cookie:PHPSESSID=aq38o30dsel6tah45jb4oarml7
Accept:text/html,application/xhtml+xml,application/xml;q=0.9,image/avif,image/webp,image/apng,*/*;q=0.8,application/signed-exchange;v=b3;q=0.9
User-Agent:Mozilla/5.0 (X11; Linux x86_64) AppleWebKit/537.36 (KHTML, like Gecko) Chrome/85.0.4183.102 Safari/537.36
Referer:http://web/calendar.php?date=1778706080
Upgrade-Insecure-Requests:1
",cf83e1357eefb8bdf1542850d66d8007d620e4050b5715dc83f4a921d36ce9ce47d0d13c5d85f2b0ff8318d2877eec2f63b931bd47417a81a538327af927da3e,"Keep-Alive:timeout=5, max=38
Server:Apache/2.4.7 (Ubuntu)
Connection:Keep-Alive
Pragma:no-cache
Date:Mon, 11 May 2026 21:01:22 GMT
Cache-Control:no-store, no-cache, must-revalidate, post-check=0, pre-check=0
Content-Encoding:gzip
Vary:Accept-Encoding
Expires:Thu, 19 Nov 1981 08:52:00 GMT
Content-Length:945
X-Powered-By:PHP/5.5.9-1ubuntu4.29
Content-Type:text/html
",9be4d773818c4883d1e2453d2e27ddd670d54f0d9302488fd43645827994769d2ba9be56df307417057c23a909a10068b299efbbbc18d68676462c79caf2668b,200
http://web/passcheck.php,GET,"Cookie:PHPSESSID=aq38o30dsel6tah45jb4oarml7
Accept:text/html,application/xhtml+xml,application/xml;q=0.9,image/avif,image/webp,image/apng,*/*;q=0.8,application/signed-exchange;v=b3;q=0.9
User-Agent:Mozilla/5.0 (X11; Linux x86_64) AppleWebKit/537.36 (KHTML, like Gecko) Chrome/85.0.4183.102 Safari/537.36
Referer:http://web/users/register.php
Upgrade-Insecure-Requests:1
",cf83e1357eefb8bdf1542850d66d8007d620e4050b5715dc83f4a921d36ce9ce47d0d13c5d85f2b0ff8318d2877eec2f63b931bd47417a81a538327af927da3e,"Keep-Alive:timeout=5, max=64
Server:Apache/2.4.7 (Ubuntu)
Connection:Keep-Alive
Pragma:no-cache
Date:Mon, 11 May 2026 20:59:51 GMT
Cache-Control:no-store, no-cache, must-revalidate, post-check=0, pre-check=0
Content-Encoding:gzip
Vary:Accept-Encoding
Expires:Thu, 19 Nov 1981 08:52:00 GMT
Content-Length:929
X-Powered-By:PHP/5.5.9-1ubuntu4.29
Content-Type:text/html
",5ce168bd5819494920824d02dfc6dc0d92116b8983b24fe28d0d60ca0287fe2d067c2c78d70c0cbad8ce4c087f9a8fb430ae9032d739b609af9199ac9d2cd4d9,200
http://web/pictures/upload.php,GET,"Cookie:PHPSESSID=aq38o30dsel6tah45jb4oarml7
Accept:text/html,application/xhtml+xml,application/xml;q=0.9,image/avif,image/webp,image/apng,*/*;q=0.8,application/signed-exchange;v=b3;q=0.9
User-Agent:Mozilla/5.0 (X11; Linux x86_64) AppleWebKit/537.36 (KHTML, like Gecko) Chrome/85.0.4183.102 Safari/537.36
Referer:http://web/calendar.php?date=1778792484
Upgrade-Insecure-Requests:1
",cf83e1357eefb8bdf1542850d66d8007d620e4050b5715dc83f4a921d36ce9ce47d0d13c5d85f2b0ff8318d2877eec2f63b931bd47417a81a538327af927da3e,"Keep-Alive:timeout=5, max=30
Server:Apache/2.4.7 (Ubuntu)
Connection:Keep-Alive
Pragma:no-cache
Date:Mon, 11 May 2026 21:01:27 GMT
Cache-Control:no-store, no-cache, must-revalidate, post-check=0, pre-check=0
Expires:Thu, 19 Nov 1981 08:52:00 GMT
Content-Length:41
X-Powered-By:PHP/5.5.9-1ubuntu4.29
Location:/users/login.php
Content-Type:text/html
",cf83e1357eefb8bdf1542850d66d8007d620e4050b5715dc83f4a921d36ce9ce47d0d13c5d85f2b0ff8318d2877eec2f63b931bd47417a81a538327af927da3e,303
http://web/,GET,"Cookie:PHPSESSID=aq38o30dsel6tah45jb4oarml7
Accept:text/html,application/xhtml+xml,application/xml;q=0.9,image/avif,image/webp,image/apng,*/*;q=0.8,application/signed-exchange;v=b3;q=0.9
User-Agent:Mozilla/5.0 (X11; Linux x86_64) AppleWebKit/537.36 (KHTML, like Gecko) Chrome/85.0.4183.102 Safari/537.36
Upgrade-Insecure-Requests:1
",cf83e1357eefb8bdf1542850d66d8007d620e4050b5715dc83f4a921d36ce9ce47d0d13c5d85f2b0ff8318d2877eec2f63b931bd47417a81a538327af927da3e,"Keep-Alive:timeout=5, max=73
Server:Apache/2.4.7 (Ubuntu)
Connection:Keep-Alive
Pragma:no-cache
Date:Mon, 11 May 2026 20:58:25 GMT
Cache-Control:no-store, no-cache, must-revalidate, post-check=0, pre-check=0
Content-Encoding:gzip
Vary:Accept-Encoding
Expires:Thu, 19 Nov 1981 08:52:00 GMT
Content-Length:1284
X-Powered-By:PHP/5.5.9-1ubuntu4.29
Content-Type:text/html
",1ea12d71cfc40161773e97ed447cabd6ca46599a3925bc83b8293be75c0dcc2a1d309253aad63fc0be707122877f489a95c5a84e5b2cbe81a92a94dd20f019ca,200
http://web/,GET,"Cookie:PHPSESSID=aq38o30dsel6tah45jb4oarml7
Accept:text/html,application/xhtml+xml,application/xml;q=0.9,image/avif,image/webp,image/apng,*/*;q=0.8,application/signed-exchange;v=b3;q=0.9
User-Agent:Mozilla/5.0 (X11; Linux x86_64) AppleWebKit/537.36 (KHTML, like Gecko) Chrome/85.0.4183.102 Safari/537.36
Upgrade-Insecure-Requests:1
",cf83e1357eefb8bdf1542850d66d8007d620e4050b5715dc83f4a921d36ce9ce47d0d13c5d85f2b0ff8318d2877eec2f63b931bd47417a81a538327af927da3e,"Keep-Alive:timeout=5, max=42
Server:Apache/2.4.7 (Ubuntu)
Connection:Keep-Alive
Pragma:no-cache
Date:Mon, 11 May 2026 21:01:19 GMT
Cache-Control:no-store, no-cache, must-revalidate, post-check=0, pre-check=0
Content-Encoding:gzip
Vary:Accept-Encoding
Expires:Thu, 19 Nov 1981 08:52:00 GMT
Content-Length:1284
X-Powered-By:PHP/5.5.9-1ubuntu4.29
Content-Type:text/html
",fd39b4ab2d07a050d11892fbe8c5527c61dbb419c8c0bc4a6986d3241d9876aab9d429b8ef6577ce95b6da9bade0bf9a8c81b784eb27f831ac44e12edd2ffcda,200
http://web/upload/toga/togasfs.128_128.jpg,GET,"Cookie:PHPSESSID=aq38o30dsel6tah45jb4oarml7
Accept:image/avif,image/webp,image/apng,image/*,*/*;q=0.8
User-Agent:Mozilla/5.0 (X11; Linux x86_64) AppleWebKit/537.36 (KHTML, like Gecko) Chrome/85.0.4183.102 Safari/537.36
Referer:http://web/pictures/recent.php
",cf83e1357eefb8bdf1542850d66d8007d620e4050b5715dc83f4a921d36ce9ce47d0d13c5d85f2b0ff8318d2877eec2f63b931bd47417a81a538327af927da3e,"Keep-Alive:timeout=5, max=99
Server:Apache/2.4.7 (Ubuntu)
Connection:Keep-Alive
Last-Modified:Thu, 02 Feb 2017 22:24:09 GMT
Date:Mon, 11 May 2026 20:57:04 GMT
Accept-Ranges:bytes
ETag:""321f-547939fb8b440""
Content-Length:12831
Content-Type:image/jpeg
",f9e00cc601dc7ed7b36ceb20d99655fbfae55b276341df50cc847ccbc4692a94cd49e6eb38bef9d2fc13a1e4900795b7234110c8ba66bf9a7b7f0d12f264bf16,200
http://web/css/blueprint/print.css,GET,"Cookie:PHPSESSID=aq38o30dsel6tah45jb4oarml7
Accept:text/css,*/*;q=0.1
User-Agent:Mozilla/5.0 (X11; Linux x86_64) AppleWebKit/537.36 (KHTML, like Gecko) Chrome/85.0.4183.102 Safari/537.36
Referer:http://web/tos.php
",cf83e1357eefb8bdf1542850d66d8007d620e4050b5715dc83f4a921d36ce9ce47d0d13c5d85f2b0ff8318d2877eec2f63b931bd47417a81a538327af927da3e,"Server:Apache/2.4.7 (Ubuntu)
Last-Modified:Thu, 02 Feb 2017 22:24:09 GMT
Date:Mon, 11 May 2026 20:56:53 GMT
Accept-Ranges:bytes
ETag:""52d-547939fb8b440-gzip""
Content-Encoding:gzip
Vary:Accept-Encoding
Content-Length:674
Content-Type:text/css
",382bc7f4ad396de8dacb65598554ab8e1fe76b268c9b97e377be5fe694d07688463ac138e683332f401b64a7a2e8418a2a9f7f9d96e548ee8581d228368f7524,200
http://web/,GET,"Cookie:PHPSESSID=aq38o30dsel6tah45jb4oarml7
Accept:text/html,application/xhtml+xml,application/xml;q=0.9,image/avif,image/webp,image/apng,*/*;q=0.8,application/signed-exchange;v=b3;q=0.9
User-Agent:Mozilla/5.0 (X11; Linux x86_64) AppleWebKit/537.36 (KHTML, like Gecko) Chrome/85.0.4183.102 Safari/537.36
Referer:http://web/calendar.php?date=1778619638
Upgrade-Insecure-Requests:1
",cf83e1357eefb8bdf1542850d66d8007d620e4050b5715dc83f4a921d36ce9ce47d0d13c5d85f2b0ff8318d2877eec2f63b931bd47417a81a538327af927da3e,"Keep-Alive:timeout=5, max=99
Server:Apache/2.4.7 (Ubuntu)
Connection:Keep-Alive
Pragma:no-cache
Date:Mon, 11 May 2026 21:00:39 GMT
Cache-Control:no-store, no-cache, must-revalidate, post-check=0, pre-check=0
Content-Encoding:gzip
Vary:Accept-Encoding
Expires:Thu, 19 Nov 1981 08:52:00 GMT
Content-Length:1285
X-Powered-By:PHP/5.5.9-1ubuntu4.29
Content-Type:text/html
",55df45faa9c0bf4c8f1b5a91f1ad6420481987cf8713b0352feeefc650ec111164bbc8280cb6668d24b9d45d5cbd73961c737e404eef9e7a85507d3fd16ff9d1,200
http://web/users/login.php,GET,"Cookie:PHPSESSID=aq38o30dsel6tah45jb4oarml7
Accept:text/html,application/xhtml+xml,application/xml;q=0.9,image/avif,image/webp,image/apng,*/*;q=0.8,application/signed-exchange;v=b3;q=0.9
User-Agent:Mozilla/5.0 (X11; Linux x86_64) AppleWebKit/537.36 (KHTML, like Gecko) Chrome/85.0.4183.102 Safari/537.36
Referer:http://web/
Upgrade-Insecure-Requests:1
",cf83e1357eefb8bdf1542850d66d8007d620e4050b5715dc83f4a921d36ce9ce47d0d13c5d85f2b0ff8318d2877eec2f63b931bd47417a81a538327af927da3e,"Keep-Alive:timeout=5, max=69
Server:Apache/2.4.7 (Ubuntu)
Connection:Keep-Alive
Pragma:no-cache
Date:Mon, 11 May 2026 20:57:16 GMT
Cache-Control:no-store, no-cache, must-revalidate, post-check=0, pre-check=0
Content-Encoding:gzip
Vary:Accept-Encoding
Expires:Thu, 19 Nov 1981 08:52:00 GMT
Content-Length:977
X-Powered-By:PHP/5.5.9-1ubuntu4.29
Content-Type:text/html
",b8302eee414ce17708ced73bd6e597c37e001fe45a77446167b7fe234b4c70aa77a6295c84721979bdb8f8ab216889c5ffc54f4d34614b1be3e994eecb140fc1,200
http://web/pictures/view.php?picid=15,GET,"Cookie:PHPSESSID=aq38o30dsel6tah45jb4oarml7
Accept:text/html,application/xhtml+xml,application/xml;q=0.9,image/avif,image/webp,image/apng,*/*;q=0.8,application/signed-exchange;v=b3;q=0.9
User-Agent:Mozilla/5.0 (X11; Linux x86_64) AppleWebKit/537.36 (KHTML, like Gecko) Chrome/85.0.4183.102 Safari/537.36
Referer:http://web/pictures/recent.php
Upgrade-Insecure-Requests:1
",cf83e1357eefb8bdf1542850d66d8007d620e4050b5715dc83f4a921d36ce9ce47d0d13c5d85f2b0ff8318d2877eec2f63b931bd47417a81a538327af927da3e,"Keep-Alive:timeout=5, max=27
Server:Apache/2.4.7 (Ubuntu)
Connection:Keep-Alive
Pragma:no-cache
Date:Mon, 11 May 2026 20:57:48 GMT
Cache-Control:no-store, no-cache, must-revalidate, post-check=0, pre-check=0
Expires:Thu, 19 Nov 1981 08:52:00 GMT
Content-Length:41
X-Powered-By:PHP/5.5.9-1ubuntu4.29
Location:/users/login.php
Content-Type:text/html
",cf83e1357eefb8bdf1542850d66d8007d620e4050b5715dc83f4a921d36ce9ce47d0d13c5d85f2b0ff8318d2877eec2f63b931bd47417a81a538327af927da3e,303
http://web/users/home.php,GET,"Cookie:PHPSESSID=aq38o30dsel6tah45jb4oarml7
Accept:text/html,application/xhtml+xml,application/xml;q=0.9,image/avif,image/webp,image/apng,*/*;q=0.8,application/signed-exchange;v=b3;q=0.9
User-Agent:Mozilla/5.0 (X11; Linux x86_64) AppleWebKit/537.36 (KHTML, like Gecko) Chrome/85.0.4183.102 Safari/537.36
Referer:http://web/calendar.php?date=1778792480
Upgrade-Insecure-Requests:1
",cf83e1357eefb8bdf1542850d66d8007d620e4050b5715dc83f4a921d36ce9ce47d0d13c5d85f2b0ff8318d2877eec2f63b931bd47417a81a538327af927da3e,"Keep-Alive:timeout=5, max=37
Server:Apache/2.4.7 (Ubuntu)
Connection:Keep-Alive
Pragma:no-cache
Date:Mon, 11 May 2026 21:01:23 GMT
Cache-Control:no-store, no-cache, must-revalidate, post-check=0, pre-check=0
Expires:Thu, 19 Nov 1981 08:52:00 GMT
Content-Length:41
X-Powered-By:PHP/5.5.9-1ubuntu4.29
Location:/users/login.php
Content-Type:text/html
",cf83e1357eefb8bdf1542850d66d8007d620e4050b5715dc83f4a921d36ce9ce47d0d13c5d85f2b0ff8318d2877eec2f63b931bd47417a81a538327af927da3e,303
http://web/calendar.php,GET,"Cookie:PHPSESSID=aq38o30dsel6tah45jb4oarml7
Accept:text/html,application/xhtml+xml,application/xml;q=0.9,image/avif,image/webp,image/apng,*/*;q=0.8,application/signed-exchange;v=b3;q=0.9
User-Agent:Mozilla/5.0 (X11; Linux x86_64) AppleWebKit/537.36 (KHTML, like Gecko) Chrome/85.0.4183.102 Safari/537.36
Referer:http://web/
Upgrade-Insecure-Requests:1
",cf83e1357eefb8bdf1542850d66d8007d620e4050b5715dc83f4a921d36ce9ce47d0d13c5d85f2b0ff8318d2877eec2f63b931bd47417a81a538327af927da3e,"Keep-Alive:timeout=5, max=85
Server:Apache/2.4.7 (Ubuntu)
Connection:Keep-Alive
Pragma:no-cache
Date:Mon, 11 May 2026 20:59:34 GMT
Cache-Control:no-store, no-cache, must-revalidate, post-check=0, pre-check=0
Content-Encoding:gzip
Vary:Accept-Encoding
Expires:Thu, 19 Nov 1981 08:52:00 GMT
Content-Length:945
X-Powered-By:PHP/5.5.9-1ubuntu4.29
Content-Type:text/html
",798f6b4157ad3b273f7739416975a19651b22e1c1fb8a30e2cc0ec3821fe2c35f663a6063320fb475cc86f9ac58052b88f41f2d8145088a784b07e3ede4cadc8,200
http://web/users/login.php,GET,"Cookie:PHPSESSID=aq38o30dsel6tah45jb4oarml7
Accept:text/html,application/xhtml+xml,application/xml;q=0.9,image/avif,image/webp,image/apng,*/*;q=0.8,application/signed-exchange;v=b3;q=0.9
User-Agent:Mozilla/5.0 (X11; Linux x86_64) AppleWebKit/537.36 (KHTML, like Gecko) Chrome/85.0.4183.102 Safari/537.36
Referer:http://web/calendar.php?date=1778706050
Upgrade-Insecure-Requests:1
",cf83e1357eefb8bdf1542850d66d8007d620e4050b5715dc83f4a921d36ce9ce47d0d13c5d85f2b0ff8318d2877eec2f63b931bd47417a81a538327af927da3e,"Keep-Alive:timeout=5, max=79
Server:Apache/2.4.7 (Ubuntu)
Connection:Keep-Alive
Pragma:no-cache
Date:Mon, 11 May 2026 21:00:52 GMT
Cache-Control:no-store, no-cache, must-revalidate, post-check=0, pre-check=0
Content-Encoding:gzip
Vary:Accept-Encoding
Expires:Thu, 19 Nov 1981 08:52:00 GMT
Content-Length:976
X-Powered-By:PHP/5.5.9-1ubuntu4.29
Content-Type:text/html
",cf60971fd1aeaf74a2954ece81e5dd85b4cc4db66be8d7e50322bc9aa5e83e544684ca489b07adebbfbf0c9beec978fd64853a10feb0538ebc709555239e10e8,200
http://web/guestbook.php,GET,"Cookie:PHPSESSID=aq38o30dsel6tah45jb4oarml7
Accept:text/html,application/xhtml+xml,application/xml;q=0.9,image/avif,image/webp,image/apng,*/*;q=0.8,application/signed-exchange;v=b3;q=0.9
User-Agent:Mozilla/5.0 (X11; Linux x86_64) AppleWebKit/537.36 (KHTML, like Gecko) Chrome/85.0.4183.102 Safari/537.36
Referer:http://web/tos.php
Upgrade-Insecure-Requests:1
",cf83e1357eefb8bdf1542850d66d8007d620e4050b5715dc83f4a921d36ce9ce47d0d13c5d85f2b0ff8318d2877eec2f63b931bd47417a81a538327af927da3e,"Keep-Alive:timeout=5, max=37
Server:Apache/2.4.7 (Ubuntu)
Connection:Keep-Alive
Pragma:no-cache
Date:Mon, 11 May 2026 20:58:55 GMT
Cache-Control:no-store, no-cache, must-revalidate, post-check=0, pre-check=0
Content-Encoding:gzip
Vary:Accept-Encoding
Expires:Thu, 19 Nov 1981 08:52:00 GMT
Content-Length:999
X-Powered-By:PHP/5.5.9-1ubuntu4.29
Content-Type:text/html
",05662f2276f6f61cab06c672a8df37348f59f7af22b0b9c554caa868d577e3230cc83f5b3bfd31aa03d1a11da71c920c216adbb743879d3a2361ee66033035a6,200
http://web/calendar.php,GET,"Cookie:PHPSESSID=aq38o30dsel6tah45jb4oarml7
Accept:text/html,application/xhtml+xml,application/xml;q=0.9,image/avif,image/webp,image/apng,*/*;q=0.8,application/signed-exchange;v=b3;q=0.9
User-Agent:Mozilla/5.0 (X11; Linux x86_64) AppleWebKit/537.36 (KHTML, like Gecko) Chrome/85.0.4183.102 Safari/537.36
Referer:http://web/
Upgrade-Insecure-Requests:1
",cf83e1357eefb8bdf1542850d66d8007d620e4050b5715dc83f4a921d36ce9ce47d0d13c5d85f2b0ff8318d2877eec2f63b931bd47417a81a538327af927da3e,"Keep-Alive:timeout=5, max=75
Server:Apache/2.4.7 (Ubuntu)
Connection:Keep-Alive
Pragma:no-cache
Date:Mon, 11 May 2026 20:59:42 GMT
Cache-Control:no-store, no-cache, must-revalidate, post-check=0, pre-check=0
Content-Encoding:gzip
Vary:Accept-Encoding
Expires:Thu, 19 Nov 1981 08:52:00 GMT
Content-Length:942
X-Powered-By:PHP/5.5.9-1ubuntu4.29
Content-Type:text/html
",82e4c1d0e35576a3694223277ab08fc076f10b4dbab0d7f0e531ea2dda1515d5c27a84abd5783371916442be9027065616ffaa76fbaf25f428c216d1f939801f,200
http://web/,GET,"Cookie:PHPSESSID=aq38o30dsel6tah45jb4oarml7
Accept:text/html,application/xhtml+xml,application/xml;q=0.9,image/avif,image/webp,image/apng,*/*;q=0.8,application/signed-exchange;v=b3;q=0.9
User-Agent:Mozilla/5.0 (X11; Linux x86_64) AppleWebKit/537.36 (KHTML, like Gecko) Chrome/85.0.4183.102 Safari/537.36
Upgrade-Insecure-Requests:1
",cf83e1357eefb8bdf1542850d66d8007d620e4050b5715dc83f4a921d36ce9ce47d0d13c5d85f2b0ff8318d2877eec2f63b931bd47417a81a538327af927da3e,"Keep-Alive:timeout=5, max=21
Server:Apache/2.4.7 (Ubuntu)
Connection:Keep-Alive
Pragma:no-cache
Date:Mon, 11 May 2026 20:57:51 GMT
Cache-Control:no-store, no-cache, must-revalidate, post-check=0, pre-check=0
Content-Encoding:gzip
Vary:Accept-Encoding
Expires:Thu, 19 Nov 1981 08:52:00 GMT
Content-Length:1282
X-Powered-By:PHP/5.5.9-1ubuntu4.29
Content-Type:text/html
",1401250b92a692ce132847935998d8c140b4bdd499232cf3037514f9a25eff73c3ebadec0ab9a4c2981114ca7a2b1ac21ea17106103b1157e7a717e1043760ac,200
http://web/,GET,"Cookie:PHPSESSID=aq38o30dsel6tah45jb4oarml7
Accept:text/html,application/xhtml+xml,application/xml;q=0.9,image/avif,image/webp,image/apng,*/*;q=0.8,application/signed-exchange;v=b3;q=0.9
User-Agent:Mozilla/5.0 (X11; Linux x86_64) AppleWebKit/537.36 (KHTML, like Gecko) Chrome/85.0.4183.102 Safari/537.36
Upgrade-Insecure-Requests:1
",cf83e1357eefb8bdf1542850d66d8007d620e4050b5715dc83f4a921d36ce9ce47d0d13c5d85f2b0ff8318d2877eec2f63b931bd47417a81a538327af927da3e,"Keep-Alive:timeout=5, max=63
Server:Apache/2.4.7 (Ubuntu)
Connection:Keep-Alive
Pragma:no-cache
Date:Mon, 11 May 2026 21:01:04 GMT
Cache-Control:no-store, no-cache, must-revalidate, post-check=0, pre-check=0
Content-Encoding:gzip
Vary:Accept-Encoding
Expires:Thu, 19 Nov 1981 08:52:00 GMT
Content-Length:1284
X-Powered-By:PHP/5.5.9-1ubuntu4.29
Content-Type:text/html
",da112ba0a3c9f7e5c6a8a05f23eacabaaf57cba71a1574783c731d3b1e1873ee0fb193e15eaa7f496bca00b35b184237bdecb762224d9da9461edce027075cbb,200
http://web/calendar.php,GET,"Cookie:PHPSESSID=aq38o30dsel6tah45jb4oarml7
Accept:text/html,application/xhtml+xml,application/xml;q=0.9,image/avif,image/webp,image/apng,*/*;q=0.8,application/signed-exchange;v=b3;q=0.9
User-Agent:Mozilla/5.0 (X11; Linux x86_64) AppleWebKit/537.36 (KHTML, like Gecko) Chrome/85.0.4183.102 Safari/537.36
Referer:http://web/
Upgrade-Insecure-Requests:1
",cf83e1357eefb8bdf1542850d66d8007d620e4050b5715dc83f4a921d36ce9ce47d0d13c5d85f2b0ff8318d2877eec2f63b931bd47417a81a538327af927da3e,"Keep-Alive:timeout=5, max=21
Server:Apache/2.4.7 (Ubuntu)
Connection:Keep-Alive
Pragma:no-cache
Date:Mon, 11 May 2026 21:01:33 GMT
Cache-Control:no-store, no-cache, must-revalidate, post-check=0, pre-check=0
Content-Encoding:gzip
Vary:Accept-Encoding
Expires:Thu, 19 Nov 1981 08:52:00 GMT
Content-Length:943
X-Powered-By:PHP/5.5.9-1ubuntu4.29
Content-Type:text/html
",8149707b7ebe6058fb3ec389d17b346671b43c0d57bf895411fce0b2f22a9da82ab32f9241541415aaed964dadc22163063263c080bfa47a24cbba1ff01ecc1d,200
http://web/guestbook.php,GET,"Cookie:PHPSESSID=aq38o30dsel6tah45jb4oarml7
Accept:text/html,application/xhtml+xml,application/xml;q=0.9,image/avif,image/webp,image/apng,*/*;q=0.8,application/signed-exchange;v=b3;q=0.9
User-Agent:Mozilla/5.0 (X11; Linux x86_64) AppleWebKit/537.36 (KHTML, like Gecko) Chrome/85.0.4183.102 Safari/537.36
Referer:http://web/guestbook.php
Upgrade-Insecure-Requests:1
",cf83e1357eefb8bdf1542850d66d8007d620e4050b5715dc83f4a921d36ce9ce47d0d13c5d85f2b0ff8318d2877eec2f63b931bd47417a81a538327af927da3e,"Keep-Alive:timeout=5, max=78
Server:Apache/2.4.7 (Ubuntu)
Connection:Keep-Alive
Pragma:no-cache
Date:Mon, 11 May 2026 20:58:21 GMT
Cache-Control:no-store, no-cache, must-revalidate, post-check=0, pre-check=0
Content-Encoding:gzip
Vary:Accept-Encoding
Expires:Thu, 19 Nov 1981 08:52:00 GMT
Content-Length:998
X-Powered-By:PHP/5.5.9-1ubuntu4.29
Content-Type:text/html
",30beb9f0c43304eb6d667d6bc6666bcea2f154fbfbf874b003b081658b51df4093095df8b8a4c2d2c833ccf72800ebb02e1d3154f2cd2f4d27e0c1810a92e629,200
http://web/users/home.php,GET,"Cookie:PHPSESSID=aq38o30dsel6tah45jb4oarml7
Accept:text/html,application/xhtml+xml,application/xml;q=0.9,image/avif,image/webp,image/apng,*/*;q=0.8,application/signed-exchange;v=b3;q=0.9
User-Agent:Mozilla/5.0 (X11; Linux x86_64) AppleWebKit/537.36 (KHTML, like Gecko) Chrome/85.0.4183.102 Safari/537.36
Referer:http://web/calendar.php?date=1778619619
Upgrade-Insecure-Requests:1
",cf83e1357eefb8bdf1542850d66d8007d620e4050b5715dc83f4a921d36ce9ce47d0d13c5d85f2b0ff8318d2877eec2f63b931bd47417a81a538327af927da3e,"Keep-Alive:timeout=5, max=25
Server:Apache/2.4.7 (Ubuntu)
Connection:Keep-Alive
Pragma:no-cache
Date:Mon, 11 May 2026 21:00:20 GMT
Cache-Control:no-store, no-cache, must-revalidate, post-check=0, pre-check=0
Expires:Thu, 19 Nov 1981 08:52:00 GMT
Content-Length:41
X-Powered-By:PHP/5.5.9-1ubuntu4.29
Location:/users/login.php
Content-Type:text/html
",cf83e1357eefb8bdf1542850d66d8007d620e4050b5715dc83f4a921d36ce9ce47d0d13c5d85f2b0ff8318d2877eec2f63b931bd47417a81a538327af927da3e,303
http://web/users/login.php,GET,"Cookie:PHPSESSID=aq38o30dsel6tah45jb4oarml7
Accept:text/html,application/xhtml+xml,application/xml;q=0.9,image/avif,image/webp,image/apng,*/*;q=0.8,application/signed-exchange;v=b3;q=0.9
User-Agent:Mozilla/5.0 (X11; Linux x86_64) AppleWebKit/537.36 (KHTML, like Gecko) Chrome/85.0.4183.102 Safari/537.36
Referer:http://web/guestbook.php
Upgrade-Insecure-Requests:1
",cf83e1357eefb8bdf1542850d66d8007d620e4050b5715dc83f4a921d36ce9ce47d0d13c5d85f2b0ff8318d2877eec2f63b931bd47417a81a538327af927da3e,"Keep-Alive:timeout=5, max=77
Server:Apache/2.4.7 (Ubuntu)
Connection:Keep-Alive
Pragma:no-cache
Date:Mon, 11 May 2026 20:58:22 GMT
Cache-Control:no-store, no-cache, must-revalidate, post-check=0, pre-check=0
Content-Encoding:gzip
Vary:Accept-Encoding
Expires:Thu, 19 Nov 1981 08:52:00 GMT
Content-Length:976
X-Powered-By:PHP/5.5.9-1ubuntu4.29
Content-Type:text/html
",a1d2623dac05c8c4397427aa35a472780a8136a79efa2303a0f779e5ce31dfc963cab3c63371b032991becf212a8d4192f7a826f08f5afaf62213a1a1ecaeec1,200
http://web/guestbook.php,GET,"Cookie:PHPSESSID=aq38o30dsel6tah45jb4oarml7
Accept:text/html,application/xhtml+xml,application/xml;q=0.9,image/avif,image/webp,image/apng,*/*;q=0.8,application/signed-exchange;v=b3;q=0.9
User-Agent:Mozilla/5.0 (X11; Linux x86_64) AppleWebKit/537.36 (KHTML, like Gecko) Chrome/85.0.4183.102 Safari/537.36
Referer:http://web/
Upgrade-Insecure-Requests:1
",cf83e1357eefb8bdf1542850d66d8007d620e4050b5715dc83f4a921d36ce9ce47d0d13c5d85f2b0ff8318d2877eec2f63b931bd47417a81a538327af927da3e,"Keep-Alive:timeout=5, max=69
Server:Apache/2.4.7 (Ubuntu)
Connection:Keep-Alive
Pragma:no-cache
Date:Mon, 11 May 2026 20:58:29 GMT
Cache-Control:no-store, no-cache, must-revalidate, post-check=0, pre-check=0
Content-Encoding:gzip
Vary:Accept-Encoding
Expires:Thu, 19 Nov 1981 08:52:00 GMT
Content-Length:999
X-Powered-By:PHP/5.5.9-1ubuntu4.29
Content-Type:text/html
",6c3a52371920fcb2a1e35288551a2040c3dbaf4083be08f30c8f1bf9e242eae4d1b987b1a9dcd504fcea3751c509674d1b0a9f420625a3b977b644fad86f5a8f,200
http://web/upload/waterfall/Waterfall.128_128.jpg,GET,"Cookie:PHPSESSID=aq38o30dsel6tah45jb4oarml7
Accept:image/avif,image/webp,image/apng,image/*,*/*;q=0.8
User-Agent:Mozilla/5.0 (X11; Linux x86_64) AppleWebKit/537.36 (KHTML, like Gecko) Chrome/85.0.4183.102 Safari/537.36
Referer:http://web/pictures/recent.php
",cf83e1357eefb8bdf1542850d66d8007d620e4050b5715dc83f4a921d36ce9ce47d0d13c5d85f2b0ff8318d2877eec2f63b931bd47417a81a538327af927da3e,"Server:Apache/2.4.7 (Ubuntu)
Last-Modified:Thu, 02 Feb 2017 22:24:09 GMT
Date:Mon, 11 May 2026 20:57:04 GMT
Accept-Ranges:bytes
ETag:""3950-547939fb8b440""
Content-Length:14672
Content-Type:image/jpeg
",b4cf82dbfa6dd1d66ab0e526149bcfb14444941e01c00d5afee0b0a79ee6168b00bc6969f9ad0fdf9b2b75a6ddf60da5fffbc01ffad4f107b0001c213260c858,200
http://web/guestbook.php,GET,"Cookie:PHPSESSID=aq38o30dsel6tah45jb4oarml7
Accept:text/html,application/xhtml+xml,application/xml;q=0.9,image/avif,image/webp,image/apng,*/*;q=0.8,application/signed-exchange;v=b3;q=0.9
User-Agent:Mozilla/5.0 (X11; Linux x86_64) AppleWebKit/537.36 (KHTML, like Gecko) Chrome/85.0.4183.102 Safari/537.36
Referer:http://web/
Upgrade-Insecure-Requests:1
",cf83e1357eefb8bdf1542850d66d8007d620e4050b5715dc83f4a921d36ce9ce47d0d13c5d85f2b0ff8318d2877eec2f63b931bd47417a81a538327af927da3e,"Keep-Alive:timeout=5, max=72
Server:Apache/2.4.7 (Ubuntu)
Connection:Keep-Alive
Pragma:no-cache
Date:Mon, 11 May 2026 20:58:26 GMT
Cache-Control:no-store, no-cache, must-revalidate, post-check=0, pre-check=0
Content-Encoding:gzip
Vary:Accept-Encoding
Expires:Thu, 19 Nov 1981 08:52:00 GMT
Content-Length:998
X-Powered-By:PHP/5.5.9-1ubuntu4.29
Content-Type:text/html
",e83ffab4158ddedf0f6a4d3b06c61df9605dd2d557d17928535115b9cd14330ecf96f0b10a1f1bc8a9dd88f9092054f8c5625663f25ad820a11f088003442d4a,200
http://web/,GET,"Cookie:PHPSESSID=aq38o30dsel6tah45jb4oarml7
Accept:text/html,application/xhtml+xml,application/xml;q=0.9,image/avif,image/webp,image/apng,*/*;q=0.8,application/signed-exchange;v=b3;q=0.9
User-Agent:Mozilla/5.0 (X11; Linux x86_64) AppleWebKit/537.36 (KHTML, like Gecko) Chrome/85.0.4183.102 Safari/537.36
Upgrade-Insecure-Requests:1
",cf83e1357eefb8bdf1542850d66d8007d620e4050b5715dc83f4a921d36ce9ce47d0d13c5d85f2b0ff8318d2877eec2f63b931bd47417a81a538327af927da3e,"Keep-Alive:timeout=5, max=14
Server:Apache/2.4.7 (Ubuntu)
Connection:Keep-Alive
Pragma:no-cache
Date:Mon, 11 May 2026 21:00:27 GMT
Cache-Control:no-store, no-cache, must-revalidate, post-check=0, pre-check=0
Content-Encoding:gzip
Vary:Accept-Encoding
Expires:Thu, 19 Nov 1981 08:52:00 GMT
Content-Length:1284
X-Powered-By:PHP/5.5.9-1ubuntu4.29
Content-Type:text/html
",d01b3365da8552e579c88d09575d0f0ac35fa4c371ee4bac1a58b4857e5701f120412f0a4c44a4e3bb8f4bc313fe65726b8038bbafea60e5550c1f4090607771,200
http://web/admin/index.php?page=login,GET,"Cookie:PHPSESSID=aq38o30dsel6tah45jb4oarml7
Accept:text/html,application/xhtml+xml,application/xml;q=0.9,image/avif,image/webp,image/apng,*/*;q=0.8,application/signed-exchange;v=b3;q=0.9
User-Agent:Mozilla/5.0 (X11; Linux x86_64) AppleWebKit/537.36 (KHTML, like Gecko) Chrome/85.0.4183.102 Safari/537.36
Referer:http://web/calendar.php
Upgrade-Insecure-Requests:1
",cf83e1357eefb8bdf1542850d66d8007d620e4050b5715dc83f4a921d36ce9ce47d0d13c5d85f2b0ff8318d2877eec2f63b931bd47417a81a538327af927da3e,"Keep-Alive:timeout=5, max=77
Server:Apache/2.4.7 (Ubuntu)
Connection:Keep-Alive
Pragma:no-cache
Date:Mon, 11 May 2026 20:59:40 GMT
Cache-Control:no-store, no-cache, must-revalidate, post-check=0, pre-check=0
Content-Encoding:gzip
Vary:Accept-Encoding
Expires:Thu, 19 Nov 1981 08:52:00 GMT
Content-Length:217
X-Powered-By:PHP/5.5.9-1ubuntu4.29
Content-Type:text/html
",10e57b8c81b7c8571a048af9e819cd2d641b5402ff0bca836928a18d925d682be3579154fe19cdf7bbf774383bb96835d25c0843e601fdbdd2cad1b62efb4b70,200
http://web/,GET,"Cookie:PHPSESSID=aq38o30dsel6tah45jb4oarml7
Accept:text/html,application/xhtml+xml,application/xml;q=0.9,image/avif,image/webp,image/apng,*/*;q=0.8,application/signed-exchange;v=b3;q=0.9
User-Agent:Mozilla/5.0 (X11; Linux x86_64) AppleWebKit/537.36 (KHTML, like Gecko) Chrome/85.0.4183.102 Safari/537.36
Upgrade-Insecure-Requests:1
",cf83e1357eefb8bdf1542850d66d8007d620e4050b5715dc83f4a921d36ce9ce47d0d13c5d85f2b0ff8318d2877eec2f63b931bd47417a81a538327af927da3e,"Keep-Alive:timeout=5, max=13
Server:Apache/2.4.7 (Ubuntu)
Connection:Keep-Alive
Pragma:no-cache
Date:Mon, 11 May 2026 20:57:56 GMT
Cache-Control:no-store, no-cache, must-revalidate, post-check=0, pre-check=0
Content-Encoding:gzip
Vary:Accept-Encoding
Expires:Thu, 19 Nov 1981 08:52:00 GMT
Content-Length:1284
X-Powered-By:PHP/5.5.9-1ubuntu4.29
Content-Type:text/html
",277f355b3723ca37859a944944295a17566857ab76f9ed46c6ab11794338b6fb162847bd583e99635acc51ee3bb8906ddcac0c4a7e411a0b9ad60f48c9bedcd9,200
http://web/users/home.php,GET,"Cookie:PHPSESSID=aq38o30dsel6tah45jb4oarml7
Accept:text/html,application/xhtml+xml,application/xml;q=0.9,image/avif,image/webp,image/apng,*/*;q=0.8,application/signed-exchange;v=b3;q=0.9
User-Agent:Mozilla/5.0 (X11; Linux x86_64) AppleWebKit/537.36 (KHTML, like Gecko) Chrome/85.0.4183.102 Safari/537.36
Referer:http://web/pictures/recent.php
Upgrade-Insecure-Requests:1
",cf83e1357eefb8bdf1542850d66d8007d620e4050b5715dc83f4a921d36ce9ce47d0d13c5d85f2b0ff8318d2877eec2f63b931bd47417a81a538327af927da3e,"Keep-Alive:timeout=5, max=79
Server:Apache/2.4.7 (Ubuntu)
Connection:Keep-Alive
Pragma:no-cache
Date:Mon, 11 May 2026 20:57:07 GMT
Cache-Control:no-store, no-cache, must-revalidate, post-check=0, pre-check=0
Expires:Thu, 19 Nov 1981 08:52:00 GMT
Content-Length:41
X-Powered-By:PHP/5.5.9-1ubuntu4.29
Location:/users/login.php
Content-Type:text/html
",cf83e1357eefb8bdf1542850d66d8007d620e4050b5715dc83f4a921d36ce9ce47d0d13c5d85f2b0ff8318d2877eec2f63b931bd47417a81a538327af927da3e,303
http://web/calendar.php?date=1778619689,GET,"Cookie:PHPSESSID=aq38o30dsel6tah45jb4oarml7
Accept:text/html,application/xhtml+xml,application/xml;q=0.9,image/avif,image/webp,image/apng,*/*;q=0.8,application/signed-exchange;v=b3;q=0.9
User-Agent:Mozilla/5.0 (X11; Linux x86_64) AppleWebKit/537.36 (KHTML, like Gecko) Chrome/85.0.4183.102 Safari/537.36
Referer:http://web/calendar.php
Upgrade-Insecure-Requests:1
",cf83e1357eefb8bdf1542850d66d8007d620e4050b5715dc83f4a921d36ce9ce47d0d13c5d85f2b0ff8318d2877eec2f63b931bd47417a81a538327af927da3e,"Keep-Alive:timeout=5, max=26
Server:Apache/2.4.7 (Ubuntu)
Connection:Keep-Alive
Pragma:no-cache
Date:Mon, 11 May 2026 21:01:29 GMT
Cache-Control:no-store, no-cache, must-revalidate, post-check=0, pre-check=0
Content-Encoding:gzip
Vary:Accept-Encoding
Expires:Thu, 19 Nov 1981 08:52:00 GMT
Content-Length:946
X-Powered-By:PHP/5.5.9-1ubuntu4.29
Content-Type:text/html
",38c2a561ce6bebbe6b21c5a4cf979f5f539e05955b136ac022ab66abd03e51941a4ef53bec8038ae5231393dc1ed721c7ee8aa9010e43d5f5aa2ee8ecb6e58ca,200
http://web/users/home.php,GET,"Cookie:PHPSESSID=aq38o30dsel6tah45jb4oarml7
Accept:text/html,application/xhtml+xml,application/xml;q=0.9,image/avif,image/webp,image/apng,*/*;q=0.8,application/signed-exchange;v=b3;q=0.9
User-Agent:Mozilla/5.0 (X11; Linux x86_64) AppleWebKit/537.36 (KHTML, like Gecko) Chrome/85.0.4183.102 Safari/537.36
Referer:http://web/users/sample.php?userid=1
Upgrade-Insecure-Requests:1
",cf83e1357eefb8bdf1542850d66d8007d620e4050b5715dc83f4a921d36ce9ce47d0d13c5d85f2b0ff8318d2877eec2f63b931bd47417a81a538327af927da3e,"Keep-Alive:timeout=5, max=31
Server:Apache/2.4.7 (Ubuntu)
Connection:Keep-Alive
Pragma:no-cache
Date:Mon, 11 May 2026 20:59:00 GMT
Cache-Control:no-store, no-cache, must-revalidate, post-check=0, pre-check=0
Expires:Thu, 19 Nov 1981 08:52:00 GMT
Content-Length:41
X-Powered-By:PHP/5.5.9-1ubuntu4.29
Location:/users/login.php
Content-Type:text/html
",cf83e1357eefb8bdf1542850d66d8007d620e4050b5715dc83f4a921d36ce9ce47d0d13c5d85f2b0ff8318d2877eec2f63b931bd47417a81a538327af927da3e,303
http://web/,GET,"Cookie:PHPSESSID=aq38o30dsel6tah45jb4oarml7
Accept:text/html,application/xhtml+xml,application/xml;q=0.9,image/avif,image/webp,image/apng,*/*;q=0.8,application/signed-exchange;v=b3;q=0.9
User-Agent:Mozilla/5.0 (X11; Linux x86_64) AppleWebKit/537.36 (KHTML, like Gecko) Chrome/85.0.4183.102 Safari/537.36
Upgrade-Insecure-Requests:1
",cf83e1357eefb8bdf1542850d66d8007d620e4050b5715dc83f4a921d36ce9ce47d0d13c5d85f2b0ff8318d2877eec2f63b931bd47417a81a538327af927da3e,"Keep-Alive:timeout=5, max=1
Server:Apache/2.4.7 (Ubuntu)
Connection:Keep-Alive
Pragma:no-cache
Date:Mon, 11 May 2026 20:58:04 GMT
Cache-Control:no-store, no-cache, must-revalidate, post-check=0, pre-check=0
Content-Encoding:gzip
Vary:Accept-Encoding
Expires:Thu, 19 Nov 1981 08:52:00 GMT
Content-Length:1282
X-Powered-By:PHP/5.5.9-1ubuntu4.29
Content-Type:text/html
",33b80e9c37ad3bcefd94e496f6ddb565a810c5e3700bdd009a89e7f282d93de4bfe8e6e8e115a4b84a0f4d9eac2ebe089805d8ce6b141800de13fe366cdb7300,200
http://web/,GET,"Cookie:PHPSESSID=aq38o30dsel6tah45jb4oarml7
Accept:text/html,application/xhtml+xml,application/xml;q=0.9,image/avif,image/webp,image/apng,*/*;q=0.8,application/signed-exchange;v=b3;q=0.9
User-Agent:Mozilla/5.0 (X11; Linux x86_64) AppleWebKit/537.36 (KHTML, like Gecko) Chrome/85.0.4183.102 Safari/537.36
Referer:http://web/
Upgrade-Insecure-Requests:1
",cf83e1357eefb8bdf1542850d66d8007d620e4050b5715dc83f4a921d36ce9ce47d0d13c5d85f2b0ff8318d2877eec2f63b931bd47417a81a538327af927da3e,"Keep-Alive:timeout=5, max=50
Server:Apache/2.4.7 (Ubuntu)
Connection:Keep-Alive
Pragma:no-cache
Date:Mon, 11 May 2026 20:57:32 GMT
Cache-Control:no-store, no-cache, must-revalidate, post-check=0, pre-check=0
Content-Encoding:gzip
Vary:Accept-Encoding
Expires:Thu, 19 Nov 1981 08:52:00 GMT
Content-Length:1284
X-Powered-By:PHP/5.5.9-1ubuntu4.29
Content-Type:text/html
",d4d930d986716c6c165d8c979c104d90f60893e35845a5d44b7ab3f82957f357ec38eb79900a877c22d725e565ccc749b7df187cf4bfe6db018078324e137eac,200
http://web/,GET,"Cookie:PHPSESSID=aq38o30dsel6tah45jb4oarml7
Accept:text/html,application/xhtml+xml,application/xml;q=0.9,image/avif,image/webp,image/apng,*/*;q=0.8,application/signed-exchange;v=b3;q=0.9
User-Agent:Mozilla/5.0 (X11; Linux x86_64) AppleWebKit/537.36 (KHTML, like Gecko) Chrome/85.0.4183.102 Safari/537.36
Upgrade-Insecure-Requests:1
",cf83e1357eefb8bdf1542850d66d8007d620e4050b5715dc83f4a921d36ce9ce47d0d13c5d85f2b0ff8318d2877eec2f63b931bd47417a81a538327af927da3e,"Keep-Alive:timeout=5, max=95
Server:Apache/2.4.7 (Ubuntu)
Connection:Keep-Alive
Pragma:no-cache
Date:Mon, 11 May 2026 20:59:26 GMT
Cache-Control:no-store, no-cache, must-revalidate, post-check=0, pre-check=0
Content-Encoding:gzip
Vary:Accept-Encoding
Expires:Thu, 19 Nov 1981 08:52:00 GMT
Content-Length:1284
X-Powered-By:PHP/5.5.9-1ubuntu4.29
Content-Type:text/html
",516350193a53ecb0487beeb4cd4d016d7861c1e758395bbd749e63e6f3e0c2a1dfd46f849161567166aed9f74a35efec98cfe01dd90c70103ac6d5398519ee0f,200
http://web/,GET,"Cookie:PHPSESSID=aq38o30dsel6tah45jb4oarml7
Accept:text/html,application/xhtml+xml,application/xml;q=0.9,image/avif,image/webp,image/apng,*/*;q=0.8,application/signed-exchange;v=b3;q=0.9
User-Agent:Mozilla/5.0 (X11; Linux x86_64) AppleWebKit/537.36 (KHTML, like Gecko) Chrome/85.0.4183.102 Safari/537.36
Upgrade-Insecure-Requests:1
",cf83e1357eefb8bdf1542850d66d8007d620e4050b5715dc83f4a921d36ce9ce47d0d13c5d85f2b0ff8318d2877eec2f63b931bd47417a81a538327af927da3e,"Keep-Alive:timeout=5, max=90
Server:Apache/2.4.7 (Ubuntu)
Connection:Keep-Alive
Pragma:no-cache
Date:Mon, 11 May 2026 21:00:46 GMT
Cache-Control:no-store, no-cache, must-revalidate, post-check=0, pre-check=0
Content-Encoding:gzip
Vary:Accept-Encoding
Expires:Thu, 19 Nov 1981 08:52:00 GMT
Content-Length:1284
X-Powered-By:PHP/5.5.9-1ubuntu4.29
Content-Type:text/html
",cf9b7097aa87520e5e11692853e32f278c97a45bbd90ee71cae26aa992b37653efe703a466bbd221fdcccbf9c328cb11374f14a8263067954a5ee22c12b32649,200
http://web/tos.php,GET,"Cookie:PHPSESSID=aq38o30dsel6tah45jb4oarml7
Accept:text/html,application/xhtml+xml,application/xml;q=0.9,image/avif,image/webp,image/apng,*/*;q=0.8,application/signed-exchange;v=b3;q=0.9
User-Agent:Mozilla/5.0 (X11; Linux x86_64) AppleWebKit/537.36 (KHTML, like Gecko) Chrome/85.0.4183.102 Safari/537.36
Referer:http://web/users/sample.php?userid=1
Upgrade-Insecure-Requests:1
",cf83e1357eefb8bdf1542850d66d8007d620e4050b5715dc83f4a921d36ce9ce47d0d13c5d85f2b0ff8318d2877eec2f63b931bd47417a81a538327af927da3e,"Keep-Alive:timeout=5, max=4
Server:Apache/2.4.7 (Ubuntu)
Connection:Keep-Alive
Pragma:no-cache
Date:Mon, 11 May 2026 20:59:20 GMT
Cache-Control:no-store, no-cache, must-revalidate, post-check=0, pre-check=0
Content-Encoding:gzip
Vary:Accept-Encoding
Expires:Thu, 19 Nov 1981 08:52:00 GMT
Content-Length:10229
X-Powered-By:PHP/5.5.9-1ubuntu4.29
Content-Type:text/html
",3902e14c244d44b96d74f55d047d615f589d85ac96545407cf98f833025a4bb80fcaca6d4ed42d1c26942be7a42ffb002ab13178204b8f70fed3afc62d1db957,200
http://web/calendar.php?date=1778619701,GET,"Cookie:PHPSESSID=aq38o30dsel6tah45jb4oarml7
Accept:text/html,application/xhtml+xml,application/xml;q=0.9,image/avif,image/webp,image/apng,*/*;q=0.8,application/signed-exchange;v=b3;q=0.9
User-Agent:Mozilla/5.0 (X11; Linux x86_64) AppleWebKit/537.36 (KHTML, like Gecko) Chrome/85.0.4183.102 Safari/537.36
Referer:http://web/calendar.php
Upgrade-Insecure-Requests:1
",cf83e1357eefb8bdf1542850d66d8007d620e4050b5715dc83f4a921d36ce9ce47d0d13c5d85f2b0ff8318d2877eec2f63b931bd47417a81a538327af927da3e,"Keep-Alive:timeout=5, max=8
Server:Apache/2.4.7 (Ubuntu)
Connection:Keep-Alive
Pragma:no-cache
Date:Mon, 11 May 2026 21:01:42 GMT
Cache-Control:no-store, no-cache, must-revalidate, post-check=0, pre-check=0
Content-Encoding:gzip
Vary:Accept-Encoding
Expires:Thu, 19 Nov 1981 08:52:00 GMT
Content-Length:945
X-Powered-By:PHP/5.5.9-1ubuntu4.29
Content-Type:text/html
",8eb9ad95546ee0c39f9759a7d131cdc4f1c77591d0b09e3abad2d8f420ba0252723fbb7f2bd3e2eb6f53b445800e5ed66e699641d0c01be435337fd8c9a65331,200
http://web/calendar.php?date=1778619677,GET,"Cookie:PHPSESSID=aq38o30dsel6tah45jb4oarml7
Accept:text/html,application/xhtml+xml,application/xml;q=0.9,image/avif,image/webp,image/apng,*/*;q=0.8,application/signed-exchange;v=b3;q=0.9
User-Agent:Mozilla/5.0 (X11; Linux x86_64) AppleWebKit/537.36 (KHTML, like Gecko) Chrome/85.0.4183.102 Safari/537.36
Referer:http://web/calendar.php
Upgrade-Insecure-Requests:1
",cf83e1357eefb8bdf1542850d66d8007d620e4050b5715dc83f4a921d36ce9ce47d0d13c5d85f2b0ff8318d2877eec2f63b931bd47417a81a538327af927da3e,"Keep-Alive:timeout=5, max=45
Server:Apache/2.4.7 (Ubuntu)
Connection:Keep-Alive
Pragma:no-cache
Date:Mon, 11 May 2026 21:01:17 GMT
Cache-Control:no-store, no-cache, must-revalidate, post-check=0, pre-check=0
Content-Encoding:gzip
Vary:Accept-Encoding
Expires:Thu, 19 Nov 1981 08:52:00 GMT
Content-Length:945
X-Powered-By:PHP/5.5.9-1ubuntu4.29
Content-Type:text/html
",fd967d124b7d6611b4942ef02bbbcb46058b5a72ca730c3065877825e6d0f75d660e217428c46129986dc23399f48940426dadcda1031e68cc53ab6b43841bcc,200
http://web/calendar.php?date=1778619654,GET,"Cookie:PHPSESSID=aq38o30dsel6tah45jb4oarml7
Accept:text/html,application/xhtml+xml,application/xml;q=0.9,image/avif,image/webp,image/apng,*/*;q=0.8,application/signed-exchange;v=b3;q=0.9
User-Agent:Mozilla/5.0 (X11; Linux x86_64) AppleWebKit/537.36 (KHTML, like Gecko) Chrome/85.0.4183.102 Safari/537.36
Referer:http://web/calendar.php
Upgrade-Insecure-Requests:1
",cf83e1357eefb8bdf1542850d66d8007d620e4050b5715dc83f4a921d36ce9ce47d0d13c5d85f2b0ff8318d2877eec2f63b931bd47417a81a538327af927da3e,"Keep-Alive:timeout=5, max=76
Server:Apache/2.4.7 (Ubuntu)
Connection:Keep-Alive
Pragma:no-cache
Date:Mon, 11 May 2026 21:00:55 GMT
Cache-Control:no-store, no-cache, must-revalidate, post-check=0, pre-check=0
Content-Encoding:gzip
Vary:Accept-Encoding
Expires:Thu, 19 Nov 1981 08:52:00 GMT
Content-Length:945
X-Powered-By:PHP/5.5.9-1ubuntu4.29
Content-Type:text/html
",de628601f4576b1b890e23784977d26007c271f8342b666a494c6b66ee30c2a79821b4c8fab676bd11c706db63139d7a8459987d45838a9ef00da8c843bc07bc,200
http://web/users/login.php,GET,"Cookie:PHPSESSID=aq38o30dsel6tah45jb4oarml7
Accept:text/html,application/xhtml+xml,application/xml;q=0.9,image/avif,image/webp,image/apng,*/*;q=0.8,application/signed-exchange;v=b3;q=0.9
User-Agent:Mozilla/5.0 (X11; Linux x86_64) AppleWebKit/537.36 (KHTML, like Gecko) Chrome/85.0.4183.102 Safari/537.36
Referer:http://web/tos.php
Upgrade-Insecure-Requests:1
",cf83e1357eefb8bdf1542850d66d8007d620e4050b5715dc83f4a921d36ce9ce47d0d13c5d85f2b0ff8318d2877eec2f63b931bd47417a81a538327af927da3e,"Keep-Alive:timeout=5, max=3
Server:Apache/2.4.7 (Ubuntu)
Connection:Keep-Alive
Pragma:no-cache
Date:Mon, 11 May 2026 20:59:20 GMT
Cache-Control:no-store, no-cache, must-revalidate, post-check=0, pre-check=0
Content-Encoding:gzip
Vary:Accept-Encoding
Expires:Thu, 19 Nov 1981 08:52:00 GMT
Content-Length:976
X-Powered-By:PHP/5.5.9-1ubuntu4.29
Content-Type:text/html
",ad11c0d9334e78bb3b7e7e6a9a3fc6b6ec200e8e816edb5292b672ab757ade870b59e39c2ca3f62f433bf0d23f594ea40c680c189690fc6de65644a81d6cb9b5,200
http://web/,GET,"Cookie:PHPSESSID=aq38o30dsel6tah45jb4oarml7
Accept:text/html,application/xhtml+xml,application/xml;q=0.9,image/avif,image/webp,image/apng,*/*;q=0.8,application/signed-exchange;v=b3;q=0.9
User-Agent:Mozilla/5.0 (X11; Linux x86_64) AppleWebKit/537.36 (KHTML, like Gecko) Chrome/85.0.4183.102 Safari/537.36
Referer:http://web/users/register.php
Upgrade-Insecure-Requests:1
",cf83e1357eefb8bdf1542850d66d8007d620e4050b5715dc83f4a921d36ce9ce47d0d13c5d85f2b0ff8318d2877eec2f63b931bd47417a81a538327af927da3e,"Keep-Alive:timeout=5, max=70
Server:Apache/2.4.7 (Ubuntu)
Connection:Keep-Alive
Pragma:no-cache
Date:Mon, 11 May 2026 20:57:15 GMT
Cache-Control:no-store, no-cache, must-revalidate, post-check=0, pre-check=0
Content-Encoding:gzip
Vary:Accept-Encoding
Expires:Thu, 19 Nov 1981 08:52:00 GMT
Content-Length:1284
X-Powered-By:PHP/5.5.9-1ubuntu4.29
Content-Type:text/html
",5880f2fac83afb8afae4144a37b7e0d836a8981dd5fb265d439b7f29b869630b8dd0e6a71dfa1fc0e0c9a9e8148e883be7b976079c01a6d63d4d58c68e115d5a,200
http://web/users/home.php,GET,"Cookie:PHPSESSID=aq38o30dsel6tah45jb4oarml7
Accept:text/html,application/xhtml+xml,application/xml;q=0.9,image/avif,image/webp,image/apng,*/*;q=0.8,application/signed-exchange;v=b3;q=0.9
User-Agent:Mozilla/5.0 (X11; Linux x86_64) AppleWebKit/537.36 (KHTML, like Gecko) Chrome/85.0.4183.102 Safari/537.36
Referer:http://web/passcheck.php
Upgrade-Insecure-Requests:1
",cf83e1357eefb8bdf1542850d66d8007d620e4050b5715dc83f4a921d36ce9ce47d0d13c5d85f2b0ff8318d2877eec2f63b931bd47417a81a538327af927da3e,"Keep-Alive:timeout=5, max=63
Server:Apache/2.4.7 (Ubuntu)
Connection:Keep-Alive
Pragma:no-cache
Date:Mon, 11 May 2026 20:59:51 GMT
Cache-Control:no-store, no-cache, must-revalidate, post-check=0, pre-check=0
Expires:Thu, 19 Nov 1981 08:52:00 GMT
Content-Length:41
X-Powered-By:PHP/5.5.9-1ubuntu4.29
Location:/users/login.php
Content-Type:text/html
",cf83e1357eefb8bdf1542850d66d8007d620e4050b5715dc83f4a921d36ce9ce47d0d13c5d85f2b0ff8318d2877eec2f63b931bd47417a81a538327af927da3e,303
http://web/,GET,"Cookie:PHPSESSID=aq38o30dsel6tah45jb4oarml7
Accept:text/html,application/xhtml+xml,application/xml;q=0.9,image/avif,image/webp,image/apng,*/*;q=0.8,application/signed-exchange;v=b3;q=0.9
User-Agent:Mozilla/5.0 (X11; Linux x86_64) AppleWebKit/537.36 (KHTML, like Gecko) Chrome/85.0.4183.102 Safari/537.36
Upgrade-Insecure-Requests:1
",cf83e1357eefb8bdf1542850d66d8007d620e4050b5715dc83f4a921d36ce9ce47d0d13c5d85f2b0ff8318d2877eec2f63b931bd47417a81a538327af927da3e,"Keep-Alive:timeout=5, max=83
Server:Apache/2.4.7 (Ubuntu)
Connection:Keep-Alive
Pragma:no-cache
Date:Mon, 11 May 2026 20:58:17 GMT
Cache-Control:no-store, no-cache, must-revalidate, post-check=0, pre-check=0
Content-Encoding:gzip
Vary:Accept-Encoding
Expires:Thu, 19 Nov 1981 08:52:00 GMT
Content-Length:1284
X-Powered-By:PHP/5.5.9-1ubuntu4.29
Content-Type:text/html
",69acd1089b3dffb9c3ee2e218dc2fe835addfefe14a91e13724778703a74e33c817a23f32e80e1af4863db300cf1130c208d7e272cda7078b550496232738f04,200
http://web/,GET,"Cookie:PHPSESSID=aq38o30dsel6tah45jb4oarml7
Accept:text/html,application/xhtml+xml,application/xml;q=0.9,image/avif,image/webp,image/apng,*/*;q=0.8,application/signed-exchange;v=b3;q=0.9
User-Agent:Mozilla/5.0 (X11; Linux x86_64) AppleWebKit/537.36 (KHTML, like Gecko) Chrome/85.0.4183.102 Safari/537.36
Upgrade-Insecure-Requests:1
",cf83e1357eefb8bdf1542850d66d8007d620e4050b5715dc83f4a921d36ce9ce47d0d13c5d85f2b0ff8318d2877eec2f63b931bd47417a81a538327af927da3e,"Keep-Alive:timeout=5, max=56
Server:Apache/2.4.7 (Ubuntu)
Connection:Keep-Alive
Pragma:no-cache
Date:Mon, 11 May 2026 20:59:55 GMT
Cache-Control:no-store, no-cache, must-revalidate, post-check=0, pre-check=0
Content-Encoding:gzip
Vary:Accept-Encoding
Expires:Thu, 19 Nov 1981 08:52:00 GMT
Content-Length:1284
X-Powered-By:PHP/5.5.9-1ubuntu4.29
Content-Type:text/html
",156697bbeae951fa31efdbe4a1aa510f5395ac0461fed92293e5b27d0f035ce8990fdbdcc06f99f0521a221b1269d2aad8d48bf0618fb37f19e7734c22e14ed6,200
http://web/calendar.php?date=1778619680,GET,"Cookie:PHPSESSID=aq38o30dsel6tah45jb4oarml7
Accept:text/html,application/xhtml+xml,application/xml;q=0.9,image/avif,image/webp,image/apng,*/*;q=0.8,application/signed-exchange;v=b3;q=0.9
User-Agent:Mozilla/5.0 (X11; Linux x86_64) AppleWebKit/537.36 (KHTML, like Gecko) Chrome/85.0.4183.102 Safari/537.36
Referer:http://web/calendar.php
Upgrade-Insecure-Requests:1
",cf83e1357eefb8bdf1542850d66d8007d620e4050b5715dc83f4a921d36ce9ce47d0d13c5d85f2b0ff8318d2877eec2f63b931bd47417a81a538327af927da3e,"Keep-Alive:timeout=5, max=40
Server:Apache/2.4.7 (Ubuntu)
Connection:Keep-Alive
Pragma:no-cache
Date:Mon, 11 May 2026 21:01:21 GMT
Cache-Control:no-store, no-cache, must-revalidate, post-check=0, pre-check=0
Content-Encoding:gzip
Vary:Accept-Encoding
Expires:Thu, 19 Nov 1981 08:52:00 GMT
Content-Length:945
X-Powered-By:PHP/5.5.9-1ubuntu4.29
Content-Type:text/html
",e54ed4bc77259a8804f4b19fa69591bb8f88536da58771568deb85c2305d536d139e9f9a3eed9d822e4d46b7cf87a8f6f5bbf32d90be93d62dc2d1b15e05166b,200
http://web/css/blueprint/print.css,GET,"Cookie:PHPSESSID=aq38o30dsel6tah45jb4oarml7
Accept:text/css,*/*;q=0.1
User-Agent:Mozilla/5.0 (X11; Linux x86_64) AppleWebKit/537.36 (KHTML, like Gecko) Chrome/85.0.4183.102 Safari/537.36
Referer:http://web/
",cf83e1357eefb8bdf1542850d66d8007d620e4050b5715dc83f4a921d36ce9ce47d0d13c5d85f2b0ff8318d2877eec2f63b931bd47417a81a538327af927da3e,"Server:Apache/2.4.7 (Ubuntu)
Last-Modified:Thu, 02 Feb 2017 22:24:09 GMT
Date:Mon, 11 May 2026 20:56:53 GMT
Accept-Ranges:bytes
ETag:""52d-547939fb8b440-gzip""
Content-Encoding:gzip
Vary:Accept-Encoding
Content-Length:674
Content-Type:text/css
",382bc7f4ad396de8dacb65598554ab8e1fe76b268c9b97e377be5fe694d07688463ac138e683332f401b64a7a2e8418a2a9f7f9d96e548ee8581d228368f7524,200
http://web/users/sample.php?userid=1,GET,"Cookie:PHPSESSID=aq38o30dsel6tah45jb4oarml7
Accept:text/html,application/xhtml+xml,application/xml;q=0.9,image/avif,image/webp,image/apng,*/*;q=0.8,application/signed-exchange;v=b3;q=0.9
User-Agent:Mozilla/5.0 (X11; Linux x86_64) AppleWebKit/537.36 (KHTML, like Gecko) Chrome/85.0.4183.102 Safari/537.36
Referer:http://web/
Upgrade-Insecure-Requests:1
",cf83e1357eefb8bdf1542850d66d8007d620e4050b5715dc83f4a921d36ce9ce47d0d13c5d85f2b0ff8318d2877eec2f63b931bd47417a81a538327af927da3e,"Keep-Alive:timeout=5, max=21
Server:Apache/2.4.7 (Ubuntu)
Connection:Keep-Alive
Pragma:no-cache
Date:Mon, 11 May 2026 20:59:07 GMT
Cache-Control:no-store, no-cache, must-revalidate, post-check=0, pre-check=0
Content-Encoding:gzip
Vary:Accept-Encoding
Expires:Thu, 19 Nov 1981 08:52:00 GMT
Content-Length:983
X-Powered-By:PHP/5.5.9-1ubuntu4.29
Content-Type:text/html
",6ebf094fead78c4e19569b57ca44cb28e67577cc56b1d9d2d24a3c9ffa7794836cf6212f2a7b1e820cd6c18b51bb4f3f525a5130061ca5a979c640b54314e9f2,200
http://web/upload/doggie/Dog.jpg.128_128.jpg,GET,"Cookie:PHPSESSID=aq38o30dsel6tah45jb4oarml7
Accept:image/avif,image/webp,image/apng,image/*,*/*;q=0.8
User-Agent:Mozilla/5.0 (X11; Linux x86_64) AppleWebKit/537.36 (KHTML, like Gecko) Chrome/85.0.4183.102 Safari/537.36
Referer:http://web/pictures/recent.php
",cf83e1357eefb8bdf1542850d66d8007d620e4050b5715dc83f4a921d36ce9ce47d0d13c5d85f2b0ff8318d2877eec2f63b931bd47417a81a538327af927da3e,"Keep-Alive:timeout=5, max=82
Server:Apache/2.4.7 (Ubuntu)
Connection:Keep-Alive
Last-Modified:Thu, 02 Feb 2017 22:24:09 GMT
Date:Mon, 11 May 2026 20:57:04 GMT
Accept-Ranges:bytes
ETag:""30b7-547939fb8b440""
Content-Length:12471
Content-Type:image/jpeg
",69d56f0425632e752413df2dedbeab35c78b04f88b4b5e0c3ff3c082644643ba0b4ecff40c05ff2c89177b1d27351cfad091a14195a74b8f1a0a38960c402f09,200
http://web/tos.php,GET,"Cookie:PHPSESSID=aq38o30dsel6tah45jb4oarml7
Accept:text/html,application/xhtml+xml,application/xml;q=0.9,image/avif,image/webp,image/apng,*/*;q=0.8,application/signed-exchange;v=b3;q=0.9
User-Agent:Mozilla/5.0 (X11; Linux x86_64) AppleWebKit/537.36 (KHTML, like Gecko) Chrome/85.0.4183.102 Safari/537.36
Referer:http://web/users/login.php
Upgrade-Insecure-Requests:1
",cf83e1357eefb8bdf1542850d66d8007d620e4050b5715dc83f4a921d36ce9ce47d0d13c5d85f2b0ff8318d2877eec2f63b931bd47417a81a538327af927da3e,"Keep-Alive:timeout=5, max=46
Server:Apache/2.4.7 (Ubuntu)
Connection:Keep-Alive
Pragma:no-cache
Date:Mon, 11 May 2026 20:57:35 GMT
Cache-Control:no-store, no-cache, must-revalidate, post-check=0, pre-check=0
Content-Encoding:gzip
Vary:Accept-Encoding
Expires:Thu, 19 Nov 1981 08:52:00 GMT
Content-Length:10227
X-Powered-By:PHP/5.5.9-1ubuntu4.29
Content-Type:text/html
",d5452cafee7b0ad4b4eb5e016e7290678ebc727ea1826e77eefe36d5f1f71a3b77e652655df1bbd8ed47a3b7cdebb8fc768fcc86610bc22bbd5ea83202da599e,200
http://web/upload/waterfall/Waterfall.128_128.jpg,GET,"Cookie:PHPSESSID=aq38o30dsel6tah45jb4oarml7
Accept:image/avif,image/webp,image/apng,image/*,*/*;q=0.8
User-Agent:Mozilla/5.0 (X11; Linux x86_64) AppleWebKit/537.36 (KHTML, like Gecko) Chrome/85.0.4183.102 Safari/537.36
Referer:http://web/pictures/recent.php
",cf83e1357eefb8bdf1542850d66d8007d620e4050b5715dc83f4a921d36ce9ce47d0d13c5d85f2b0ff8318d2877eec2f63b931bd47417a81a538327af927da3e,"Keep-Alive:timeout=5, max=100
Server:Apache/2.4.7 (Ubuntu)
Connection:Keep-Alive
Last-Modified:Thu, 02 Feb 2017 22:24:09 GMT
Date:Mon, 11 May 2026 20:57:04 GMT
Accept-Ranges:bytes
ETag:""3950-547939fb8b440""
Content-Length:14672
Content-Type:image/jpeg
",b4cf82dbfa6dd1d66ab0e526149bcfb14444941e01c00d5afee0b0a79ee6168b00bc6969f9ad0fdf9b2b75a6ddf60da5fffbc01ffad4f107b0001c213260c858,200
http://web/users/login.php,GET,"Cookie:PHPSESSID=aq38o30dsel6tah45jb4oarml7
Accept:text/html,application/xhtml+xml,application/xml;q=0.9,image/avif,image/webp,image/apng,*/*;q=0.8,application/signed-exchange;v=b3;q=0.9
User-Agent:Mozilla/5.0 (X11; Linux x86_64) AppleWebKit/537.36 (KHTML, like Gecko) Chrome/85.0.4183.102 Safari/537.36
Referer:http://web/pictures/recent.php
Upgrade-Insecure-Requests:1
",cf83e1357eefb8bdf1542850d66d8007d620e4050b5715dc83f4a921d36ce9ce47d0d13c5d85f2b0ff8318d2877eec2f63b931bd47417a81a538327af927da3e,"Keep-Alive:timeout=5, max=26
Server:Apache/2.4.7 (Ubuntu)
Connection:Keep-Alive
Pragma:no-cache
Date:Mon, 11 May 2026 20:57:48 GMT
Cache-Control:no-store, no-cache, must-revalidate, post-check=0, pre-check=0
Content-Encoding:gzip
Vary:Accept-Encoding
Expires:Thu, 19 Nov 1981 08:52:00 GMT
Content-Length:976
X-Powered-By:PHP/5.5.9-1ubuntu4.29
Content-Type:text/html
",9996b7f51858dbe277aaf1dd31db4381890101ee66a76e013accf3862e2a01da618a4fd79db568a148611bdcf6290c881474dbe2bf334360803f995c9a353764,200
http://web/pictures/recent.php,GET,"Cookie:PHPSESSID=aq38o30dsel6tah45jb4oarml7
Accept:text/html,application/xhtml+xml,application/xml;q=0.9,image/avif,image/webp,image/apng,*/*;q=0.8,application/signed-exchange;v=b3;q=0.9
User-Agent:Mozilla/5.0 (X11; Linux x86_64) AppleWebKit/537.36 (KHTML, like Gecko) Chrome/85.0.4183.102 Safari/537.36
Referer:http://web/pictures/recent.php
Upgrade-Insecure-Requests:1
",cf83e1357eefb8bdf1542850d66d8007d620e4050b5715dc83f4a921d36ce9ce47d0d13c5d85f2b0ff8318d2877eec2f63b931bd47417a81a538327af927da3e,"Keep-Alive:timeout=5, max=36
Server:Apache/2.4.7 (Ubuntu)
Connection:Keep-Alive
Pragma:no-cache
Date:Mon, 11 May 2026 20:57:42 GMT
Cache-Control:no-store, no-cache, must-revalidate, post-check=0, pre-check=0
Content-Encoding:gzip
Vary:Accept-Encoding
Expires:Thu, 19 Nov 1981 08:52:00 GMT
Content-Length:1088
X-Powered-By:PHP/5.5.9-1ubuntu4.29
Content-Type:text/html
",19166374ce4a863100c5fe76def5c4bd0e4f3faa9753297d7f35c4b76dfd9b6364b3b3c8540d7aaba1c304c84c59e29bf50886aad49a4993e742c3d759c66b44,200
http://web/users/login.php,GET,"Cookie:PHPSESSID=aq38o30dsel6tah45jb4oarml7
Accept:text/html,application/xhtml+xml,application/xml;q=0.9,image/avif,image/webp,image/apng,*/*;q=0.8,application/signed-exchange;v=b3;q=0.9
User-Agent:Mozilla/5.0 (X11; Linux x86_64) AppleWebKit/537.36 (KHTML, like Gecko) Chrome/85.0.4183.102 Safari/537.36
Referer:http://web/calendar.php
Upgrade-Insecure-Requests:1
",cf83e1357eefb8bdf1542850d66d8007d620e4050b5715dc83f4a921d36ce9ce47d0d13c5d85f2b0ff8318d2877eec2f63b931bd47417a81a538327af927da3e,"Keep-Alive:timeout=5, max=87
Server:Apache/2.4.7 (Ubuntu)
Connection:Keep-Alive
Pragma:no-cache
Date:Mon, 11 May 2026 20:59:32 GMT
Cache-Control:no-store, no-cache, must-revalidate, post-check=0, pre-check=0
Content-Encoding:gzip
Vary:Accept-Encoding
Expires:Thu, 19 Nov 1981 08:52:00 GMT
Content-Length:976
X-Powered-By:PHP/5.5.9-1ubuntu4.29
Content-Type:text/html
",41f334e32a1cfe5f09d2ed04d589a8404ae09e65713a850ab8d7a96e5e5fa32f5937f409bb719cebfd12d056f0da98a1a85f1673398cb50c3da8ca894decf795,200
http://web/calendar.php?date=1778619574,GET,"Cookie:PHPSESSID=aq38o30dsel6tah45jb4oarml7
Accept:text/html,application/xhtml+xml,application/xml;q=0.9,image/avif,image/webp,image/apng,*/*;q=0.8,application/signed-exchange;v=b3;q=0.9
User-Agent:Mozilla/5.0 (X11; Linux x86_64) AppleWebKit/537.36 (KHTML, like Gecko) Chrome/85.0.4183.102 Safari/537.36
Referer:http://web/calendar.php
Upgrade-Insecure-Requests:1
",cf83e1357eefb8bdf1542850d66d8007d620e4050b5715dc83f4a921d36ce9ce47d0d13c5d85f2b0ff8318d2877eec2f63b931bd47417a81a538327af927da3e,"Keep-Alive:timeout=5, max=84
Server:Apache/2.4.7 (Ubuntu)
Connection:Keep-Alive
Pragma:no-cache
Date:Mon, 11 May 2026 20:59:35 GMT
Cache-Control:no-store, no-cache, must-revalidate, post-check=0, pre-check=0
Content-Encoding:gzip
Vary:Accept-Encoding
Expires:Thu, 19 Nov 1981 08:52:00 GMT
Content-Length:945
X-Powered-By:PHP/5.5.9-1ubuntu4.29
Content-Type:text/html
",36ffaf327ac86cf96a57847374f599f622e3ffcfe504c1df1e7b0977ab48be0ee9990c1268026fd8c7bc522b6c2aefa49020140184993a93e0e9b47041efa769,200
http://web/calendar.php?date=1778619665,GET,"Cookie:PHPSESSID=aq38o30dsel6tah45jb4oarml7
Accept:text/html,application/xhtml+xml,application/xml;q=0.9,image/avif,image/webp,image/apng,*/*;q=0.8,application/signed-exchange;v=b3;q=0.9
User-Agent:Mozilla/5.0 (X11; Linux x86_64) AppleWebKit/537.36 (KHTML, like Gecko) Chrome/85.0.4183.102 Safari/537.36
Referer:http://web/calendar.php
Upgrade-Insecure-Requests:1
",cf83e1357eefb8bdf1542850d66d8007d620e4050b5715dc83f4a921d36ce9ce47d0d13c5d85f2b0ff8318d2877eec2f63b931bd47417a81a538327af927da3e,"Keep-Alive:timeout=5, max=61
Server:Apache/2.4.7 (Ubuntu)
Connection:Keep-Alive
Pragma:no-cache
Date:Mon, 11 May 2026 21:01:06 GMT
Cache-Control:no-store, no-cache, must-revalidate, post-check=0, pre-check=0
Content-Encoding:gzip
Vary:Accept-Encoding
Expires:Thu, 19 Nov 1981 08:52:00 GMT
Content-Length:946
X-Powered-By:PHP/5.5.9-1ubuntu4.29
Content-Type:text/html
",21e3151b7e5f0b6d78fb6ebc7d28a0ab84e12bffabb80779d12417586ea4b7f268686e129eaced3e0b778a84f62a2ee5655977a3fdd5a789c749c900a5c560d6,200
http://web/css/blueprint/screen.css,GET,"Cookie:PHPSESSID=aq38o30dsel6tah45jb4oarml7
Accept:text/css,*/*;q=0.1
User-Agent:Mozilla/5.0 (X11; Linux x86_64) AppleWebKit/537.36 (KHTML, like Gecko) Chrome/85.0.4183.102 Safari/537.36
Referer:http://web/users/login.php
",cf83e1357eefb8bdf1542850d66d8007d620e4050b5715dc83f4a921d36ce9ce47d0d13c5d85f2b0ff8318d2877eec2f63b931bd47417a81a538327af927da3e,"Server:Apache/2.4.7 (Ubuntu)
Last-Modified:Thu, 02 Feb 2017 22:24:09 GMT
Date:Mon, 11 May 2026 20:56:53 GMT
Accept-Ranges:bytes
ETag:""24c7-547939fb8b440-gzip""
Content-Encoding:gzip
Vary:Accept-Encoding
Content-Length:2682
Content-Type:text/css
",c0995dbb8c323ef465d8cc5d7b640b1a5435beb529b0c6e55594b1c0f3db66e859d23f70cfe8d93285234e722d677fca7c8887bee81a636881b2f91f221f976e,200
http://web/guestbook.php,GET,"Cookie:PHPSESSID=aq38o30dsel6tah45jb4oarml7
Accept:text/html,application/xhtml+xml,application/xml;q=0.9,image/avif,image/webp,image/apng,*/*;q=0.8,application/signed-exchange;v=b3;q=0.9
User-Agent:Mozilla/5.0 (X11; Linux x86_64) AppleWebKit/537.36 (KHTML, like Gecko) Chrome/85.0.4183.102 Safari/537.36
Referer:http://web/calendar.php
Upgrade-Insecure-Requests:1
",cf83e1357eefb8bdf1542850d66d8007d620e4050b5715dc83f4a921d36ce9ce47d0d13c5d85f2b0ff8318d2877eec2f63b931bd47417a81a538327af927da3e,"Keep-Alive:timeout=5, max=90
Server:Apache/2.4.7 (Ubuntu)
Connection:Keep-Alive
Pragma:no-cache
Date:Mon, 11 May 2026 20:59:30 GMT
Cache-Control:no-store, no-cache, must-revalidate, post-check=0, pre-check=0
Content-Encoding:gzip
Vary:Accept-Encoding
Expires:Thu, 19 Nov 1981 08:52:00 GMT
Content-Length:998
X-Powered-By:PHP/5.5.9-1ubuntu4.29
Content-Type:text/html
",41090334d7250311532a009587b2181b061ef779e4c43fbeb5b589e02c347c5313de1cf41fe3d20ee8d52b33398379aad73789447ebb94f9e15a349b160a09cf,200
http://web/,GET,"Cookie:PHPSESSID=aq38o30dsel6tah45jb4oarml7
Accept:text/html,application/xhtml+xml,application/xml;q=0.9,image/avif,image/webp,image/apng,*/*;q=0.8,application/signed-exchange;v=b3;q=0.9
User-Agent:Mozilla/5.0 (X11; Linux x86_64) AppleWebKit/537.36 (KHTML, like Gecko) Chrome/85.0.4183.102 Safari/537.36
Referer:http://web/users/register.php
Upgrade-Insecure-Requests:1
",cf83e1357eefb8bdf1542850d66d8007d620e4050b5715dc83f4a921d36ce9ce47d0d13c5d85f2b0ff8318d2877eec2f63b931bd47417a81a538327af927da3e,"Keep-Alive:timeout=5, max=44
Server:Apache/2.4.7 (Ubuntu)
Connection:Keep-Alive
Pragma:no-cache
Date:Mon, 11 May 2026 20:58:49 GMT
Cache-Control:no-store, no-cache, must-revalidate, post-check=0, pre-check=0
Content-Encoding:gzip
Vary:Accept-Encoding
Expires:Thu, 19 Nov 1981 08:52:00 GMT
Content-Length:1284
X-Powered-By:PHP/5.5.9-1ubuntu4.29
Content-Type:text/html
",d857b04ec389ad60905d233a7beb36847d356d02b571c560333f9c97cb93b5b573c25e01fcfda3eb1dbe1cc5a4aa5b3148f6f19e95f2bc09da5f13caf08fe64c,200
http://web/users/register.php,GET,"Cookie:PHPSESSID=aq38o30dsel6tah45jb4oarml7
Accept:text/html,application/xhtml+xml,application/xml;q=0.9,image/avif,image/webp,image/apng,*/*;q=0.8,application/signed-exchange;v=b3;q=0.9
User-Agent:Mozilla/5.0 (X11; Linux x86_64) AppleWebKit/537.36 (KHTML, like Gecko) Chrome/85.0.4183.102 Safari/537.36
Referer:http://web/
Upgrade-Insecure-Requests:1
",cf83e1357eefb8bdf1542850d66d8007d620e4050b5715dc83f4a921d36ce9ce47d0d13c5d85f2b0ff8318d2877eec2f63b931bd47417a81a538327af927da3e,"Keep-Alive:timeout=5, max=51
Server:Apache/2.4.7 (Ubuntu)
Connection:Keep-Alive
Pragma:no-cache
Date:Mon, 11 May 2026 20:59:59 GMT
Cache-Control:no-store, no-cache, must-revalidate, post-check=0, pre-check=0
Content-Encoding:gzip
Vary:Accept-Encoding
Expires:Thu, 19 Nov 1981 08:52:00 GMT
Content-Length:1100
X-Powered-By:PHP/5.5.9-1ubuntu4.29
Content-Type:text/html
",3e256923e6cbba05d31595c7a083203f9d1ff6036a1a1eaa214f2127f39879618f3cad41b0b3b4d9f3e23c907c608a1c0f55c8efc5254ffffd50d5543eee3fba,200
http://web/calendar.php?date=1778619625,GET,"Cookie:PHPSESSID=aq38o30dsel6tah45jb4oarml7
Accept:text/html,application/xhtml+xml,application/xml;q=0.9,image/avif,image/webp,image/apng,*/*;q=0.8,application/signed-exchange;v=b3;q=0.9
User-Agent:Mozilla/5.0 (X11; Linux x86_64) AppleWebKit/537.36 (KHTML, like Gecko) Chrome/85.0.4183.102 Safari/537.36
Referer:http://web/calendar.php
Upgrade-Insecure-Requests:1
",cf83e1357eefb8bdf1542850d66d8007d620e4050b5715dc83f4a921d36ce9ce47d0d13c5d85f2b0ff8318d2877eec2f63b931bd47417a81a538327af927da3e,"Keep-Alive:timeout=5, max=16
Server:Apache/2.4.7 (Ubuntu)
Connection:Keep-Alive
Pragma:no-cache
Date:Mon, 11 May 2026 21:00:26 GMT
Cache-Control:no-store, no-cache, must-revalidate, post-check=0, pre-check=0
Content-Encoding:gzip
Vary:Accept-Encoding
Expires:Thu, 19 Nov 1981 08:52:00 GMT
Content-Length:945
X-Powered-By:PHP/5.5.9-1ubuntu4.29
Content-Type:text/html
",8c599f00cdc8824a95038e7663937ab0c37b79363dbcac9d2dfbbf587832204ea8e65850770ed341762a24cfef6f1a20528cd4eae2cbac638404d6df824be7bb,200
http://web/pictures/upload.php,GET,"Cookie:PHPSESSID=aq38o30dsel6tah45jb4oarml7
Accept:text/html,application/xhtml+xml,application/xml;q=0.9,image/avif,image/webp,image/apng,*/*;q=0.8,application/signed-exchange;v=b3;q=0.9
User-Agent:Mozilla/5.0 (X11; Linux x86_64) AppleWebKit/537.36 (KHTML, like Gecko) Chrome/85.0.4183.102 Safari/537.36
Referer:http://web/users/register.php
Upgrade-Insecure-Requests:1
",cf83e1357eefb8bdf1542850d66d8007d620e4050b5715dc83f4a921d36ce9ce47d0d13c5d85f2b0ff8318d2877eec2f63b931bd47417a81a538327af927da3e,"Keep-Alive:timeout=5, max=61
Server:Apache/2.4.7 (Ubuntu)
Connection:Keep-Alive
Pragma:no-cache
Date:Mon, 11 May 2026 20:58:35 GMT
Cache-Control:no-store, no-cache, must-revalidate, post-check=0, pre-check=0
Expires:Thu, 19 Nov 1981 08:52:00 GMT
Content-Length:41
X-Powered-By:PHP/5.5.9-1ubuntu4.29
Location:/users/login.php
Content-Type:text/html
",cf83e1357eefb8bdf1542850d66d8007d620e4050b5715dc83f4a921d36ce9ce47d0d13c5d85f2b0ff8318d2877eec2f63b931bd47417a81a538327af927da3e,303
http://web/calendar.php?date=1778706054,GET,"Cookie:PHPSESSID=aq38o30dsel6tah45jb4oarml7
Accept:text/html,application/xhtml+xml,application/xml;q=0.9,image/avif,image/webp,image/apng,*/*;q=0.8,application/signed-exchange;v=b3;q=0.9
User-Agent:Mozilla/5.0 (X11; Linux x86_64) AppleWebKit/537.36 (KHTML, like Gecko) Chrome/85.0.4183.102 Safari/537.36
Referer:http://web/calendar.php?date=1778619654
Upgrade-Insecure-Requests:1
",cf83e1357eefb8bdf1542850d66d8007d620e4050b5715dc83f4a921d36ce9ce47d0d13c5d85f2b0ff8318d2877eec2f63b931bd47417a81a538327af927da3e,"Keep-Alive:timeout=5, max=75
Server:Apache/2.4.7 (Ubuntu)
Connection:Keep-Alive
Pragma:no-cache
Date:Mon, 11 May 2026 21:00:55 GMT
Cache-Control:no-store, no-cache, must-revalidate, post-check=0, pre-check=0
Content-Encoding:gzip
Vary:Accept-Encoding
Expires:Thu, 19 Nov 1981 08:52:00 GMT
Content-Length:946
X-Powered-By:PHP/5.5.9-1ubuntu4.29
Content-Type:text/html
",315ee2daa0fbf26b8145915ef3c239b379d871d8de063739cc2a7b76c4c9c08ca2cf1e0592f5ad8832344f1907653e4239f7a35d25439da203978a4740742a7f,200
http://web/calendar.php,GET,"Cookie:PHPSESSID=aq38o30dsel6tah45jb4oarml7
Accept:text/html,application/xhtml+xml,application/xml;q=0.9,image/avif,image/webp,image/apng,*/*;q=0.8,application/signed-exchange;v=b3;q=0.9
User-Agent:Mozilla/5.0 (X11; Linux x86_64) AppleWebKit/537.36 (KHTML, like Gecko) Chrome/85.0.4183.102 Safari/537.36
Referer:http://web/
Upgrade-Insecure-Requests:1
",cf83e1357eefb8bdf1542850d66d8007d620e4050b5715dc83f4a921d36ce9ce47d0d13c5d85f2b0ff8318d2877eec2f63b931bd47417a81a538327af927da3e,"Keep-Alive:timeout=5, max=93
Server:Apache/2.4.7 (Ubuntu)
Connection:Keep-Alive
Pragma:no-cache
Date:Mon, 11 May 2026 21:00:44 GMT
Cache-Control:no-store, no-cache, must-revalidate, post-check=0, pre-check=0
Content-Encoding:gzip
Vary:Accept-Encoding
Expires:Thu, 19 Nov 1981 08:52:00 GMT
Content-Length:943
X-Powered-By:PHP/5.5.9-1ubuntu4.29
Content-Type:text/html
",ff65c905e3d13c84af2c7efeed11ed5593e7706b702f05f0c35c477b2a7211db9f113436416dba006308dfa987cda44d886efe9da6fb8a5a9ecfe5b87db4fd77,200
http://web/users/login.php,GET,"Cookie:PHPSESSID=aq38o30dsel6tah45jb4oarml7
Accept:text/html,application/xhtml+xml,application/xml;q=0.9,image/avif,image/webp,image/apng,*/*;q=0.8,application/signed-exchange;v=b3;q=0.9
User-Agent:Mozilla/5.0 (X11; Linux x86_64) AppleWebKit/537.36 (KHTML, like Gecko) Chrome/85.0.4183.102 Safari/537.36
Referer:http://web/pictures/recent.php
Upgrade-Insecure-Requests:1
",cf83e1357eefb8bdf1542850d66d8007d620e4050b5715dc83f4a921d36ce9ce47d0d13c5d85f2b0ff8318d2877eec2f63b931bd47417a81a538327af927da3e,"Keep-Alive:timeout=5, max=18
Server:Apache/2.4.7 (Ubuntu)
Connection:Keep-Alive
Pragma:no-cache
Date:Mon, 11 May 2026 20:57:53 GMT
Cache-Control:no-store, no-cache, must-revalidate, post-check=0, pre-check=0
Content-Encoding:gzip
Vary:Accept-Encoding
Expires:Thu, 19 Nov 1981 08:52:00 GMT
Content-Length:976
X-Powered-By:PHP/5.5.9-1ubuntu4.29
Content-Type:text/html
",9d45cf13bac51b88e9aeb39590045a62f85a87d817cb79847da0727659b628e27685e687c6e30ce35fb7a28e98a30ba4146dde34f25c078898e49c6370f926d0,200
http://web/admin/index.php?page=login,GET,"Cookie:PHPSESSID=aq38o30dsel6tah45jb4oarml7
Accept:text/html,application/xhtml+xml,application/xml;q=0.9,image/avif,image/webp,image/apng,*/*;q=0.8,application/signed-exchange;v=b3;q=0.9
User-Agent:Mozilla/5.0 (X11; Linux x86_64) AppleWebKit/537.36 (KHTML, like Gecko) Chrome/85.0.4183.102 Safari/537.36
Referer:http://web/
Upgrade-Insecure-Requests:1
",cf83e1357eefb8bdf1542850d66d8007d620e4050b5715dc83f4a921d36ce9ce47d0d13c5d85f2b0ff8318d2877eec2f63b931bd47417a81a538327af927da3e,"Keep-Alive:timeout=5, max=55
Server:Apache/2.4.7 (Ubuntu)
Connection:Keep-Alive
Pragma:no-cache
Date:Mon, 11 May 2026 20:57:28 GMT
Cache-Control:no-store, no-cache, must-revalidate, post-check=0, pre-check=0
Content-Encoding:gzip
Vary:Accept-Encoding
Expires:Thu, 19 Nov 1981 08:52:00 GMT
Content-Length:216
X-Powered-By:PHP/5.5.9-1ubuntu4.29
Content-Type:text/html
",1fdae787304fea763be495b73b4492004b83f59e4a769397309daea927fbbf99e5128fce2e8b564b643b6acebd3699db56ce36f8da9bf14d119e5c20777c49a6,200
http://web/users/login.php,GET,"Cookie:PHPSESSID=aq38o30dsel6tah45jb4oarml7
Accept:text/html,application/xhtml+xml,application/xml;q=0.9,image/avif,image/webp,image/apng,*/*;q=0.8,application/signed-exchange;v=b3;q=0.9
User-Agent:Mozilla/5.0 (X11; Linux x86_64) AppleWebKit/537.36 (KHTML, like Gecko) Chrome/85.0.4183.102 Safari/537.36
Referer:http://web/users/register.php
Upgrade-Insecure-Requests:1
",cf83e1357eefb8bdf1542850d66d8007d620e4050b5715dc83f4a921d36ce9ce47d0d13c5d85f2b0ff8318d2877eec2f63b931bd47417a81a538327af927da3e,"Keep-Alive:timeout=5, max=65
Server:Apache/2.4.7 (Ubuntu)
Connection:Keep-Alive
Pragma:no-cache
Date:Mon, 11 May 2026 20:57:19 GMT
Cache-Control:no-store, no-cache, must-revalidate, post-check=0, pre-check=0
Content-Encoding:gzip
Vary:Accept-Encoding
Expires:Thu, 19 Nov 1981 08:52:00 GMT
Content-Length:976
X-Powered-By:PHP/5.5.9-1ubuntu4.29
Content-Type:text/html
",a94d4f9110d272aedebfcfb60c0a5098717979e246c764c43d8c842c4e7c017927afff25f3e333bccc23bbd3dcb7c77e1ecbccb2dde666264dbab74d8b90c987,200
http://web/calendar.php,GET,"Cookie:PHPSESSID=aq38o30dsel6tah45jb4oarml7
Accept:text/html,application/xhtml+xml,application/xml;q=0.9,image/avif,image/webp,image/apng,*/*;q=0.8,application/signed-exchange;v=b3;q=0.9
User-Agent:Mozilla/5.0 (X11; Linux x86_64) AppleWebKit/537.36 (KHTML, like Gecko) Chrome/85.0.4183.102 Safari/537.36
Referer:http://web/
Upgrade-Insecure-Requests:1
",cf83e1357eefb8bdf1542850d66d8007d620e4050b5715dc83f4a921d36ce9ce47d0d13c5d85f2b0ff8318d2877eec2f63b931bd47417a81a538327af927da3e,"Keep-Alive:timeout=5, max=13
Server:Apache/2.4.7 (Ubuntu)
Connection:Keep-Alive
Pragma:no-cache
Date:Mon, 11 May 2026 21:00:28 GMT
Cache-Control:no-store, no-cache, must-revalidate, post-check=0, pre-check=0
Content-Encoding:gzip
Vary:Accept-Encoding
Expires:Thu, 19 Nov 1981 08:52:00 GMT
Content-Length:943
X-Powered-By:PHP/5.5.9-1ubuntu4.29
Content-Type:text/html
",352219071ac1da652e0b40a2b3617738b25e1fb80a5539074fe90918d6c1cffa972f59eefa2ff4209b6e1196bfda8678ace0e5f6b313c9cd8cdc75535127ffd9,200
http://web/pictures/view.php?picid=12,GET,"Cookie:PHPSESSID=aq38o30dsel6tah45jb4oarml7
Accept:text/html,application/xhtml+xml,application/xml;q=0.9,image/avif,image/webp,image/apng,*/*;q=0.8,application/signed-exchange;v=b3;q=0.9
User-Agent:Mozilla/5.0 (X11; Linux x86_64) AppleWebKit/537.36 (KHTML, like Gecko) Chrome/85.0.4183.102 Safari/537.36
Referer:http://web/pictures/recent.php
Upgrade-Insecure-Requests:1
",cf83e1357eefb8bdf1542850d66d8007d620e4050b5715dc83f4a921d36ce9ce47d0d13c5d85f2b0ff8318d2877eec2f63b931bd47417a81a538327af927da3e,"Keep-Alive:timeout=5, max=15
Server:Apache/2.4.7 (Ubuntu)
Connection:Keep-Alive
Pragma:no-cache
Date:Mon, 11 May 2026 20:57:56 GMT
Cache-Control:no-store, no-cache, must-revalidate, post-check=0, pre-check=0
Expires:Thu, 19 Nov 1981 08:52:00 GMT
Content-Length:41
X-Powered-By:PHP/5.5.9-1ubuntu4.29
Location:/users/login.php
Content-Type:text/html
",cf83e1357eefb8bdf1542850d66d8007d620e4050b5715dc83f4a921d36ce9ce47d0d13c5d85f2b0ff8318d2877eec2f63b931bd47417a81a538327af927da3e,303
http://web/calendar.php,GET,"Cookie:PHPSESSID=aq38o30dsel6tah45jb4oarml7
Accept:text/html,application/xhtml+xml,application/xml;q=0.9,image/avif,image/webp,image/apng,*/*;q=0.8,application/signed-exchange;v=b3;q=0.9
User-Agent:Mozilla/5.0 (X11; Linux x86_64) AppleWebKit/537.36 (KHTML, like Gecko) Chrome/85.0.4183.102 Safari/537.36
Referer:http://web/
Upgrade-Insecure-Requests:1
",cf83e1357eefb8bdf1542850d66d8007d620e4050b5715dc83f4a921d36ce9ce47d0d13c5d85f2b0ff8318d2877eec2f63b931bd47417a81a538327af927da3e,"Keep-Alive:timeout=5, max=56
Server:Apache/2.4.7 (Ubuntu)
Connection:Keep-Alive
Pragma:no-cache
Date:Mon, 11 May 2026 21:01:09 GMT
Cache-Control:no-store, no-cache, must-revalidate, post-check=0, pre-check=0
Content-Encoding:gzip
Vary:Accept-Encoding
Expires:Thu, 19 Nov 1981 08:52:00 GMT
Content-Length:944
X-Powered-By:PHP/5.5.9-1ubuntu4.29
Content-Type:text/html
",988df484080b9a649e001ec742229ddc7ad601e413b435fdd42db954e860184767ba70d7422422d74156cb0203a7b9c20cab9e287b18a403ac35ac8e0dd21c0a,200
